instance_id,n,density_target,seed,target_ratio,threshold,marked_count,rho_tau,eps_model,oracle_cost_norm,diffusion_cost_norm,prep_cost_norm,k_star_resource_eff,p_target_eff,expected_repetitions,score,normalized_cost,normalized_resource_per_target_hit,depth_model,eta_res
n8_d25_s17,8,0.25,17,0.9,36,8,0.03125,0.0,1.0,1.0,1.0,3,0.8969365358352662,1.114906083147518,0.12813379083360946,7.0,7.804342582032626,120.0,0.2438857056885196
n8_d25_s17,8,0.25,17,0.9,36,8,0.03125,0.0,2.0,1.0,1.0,3,0.8969365358352662,1.114906083147518,0.08969365358352663,10.0,11.149060831475179,120.0,0.3484081509835994
n8_d25_s17,8,0.25,17,0.9,36,8,0.03125,0.0,4.0,1.0,1.0,3,0.8969365358352662,1.114906083147518,0.05605853348970414,16.0,17.838497330360287,120.0,0.5574530415737591
n8_d25_s17,8,0.25,17,0.9,36,8,0.03125,0.0,8.0,1.0,1.0,3,0.8969365358352662,1.114906083147518,0.032033447708402364,28.0,31.217370328130503,120.0,0.9755428227540784
n8_d25_s17,8,0.25,17,0.9,36,8,0.03125,0.0005,1.0,1.0,1.0,3,0.8447030183255713,1.183848025051774,0.12067185976079589,7.0,8.286936175362419,120.0,0.2551112427836894
n8_d25_s17,8,0.25,17,0.9,36,8,0.03125,0.0005,2.0,1.0,1.0,3,0.8447030183255713,1.183848025051774,0.08447030183255713,10.0,11.83848025051774,120.0,0.3644446325481277
n8_d25_s17,8,0.25,17,0.9,36,8,0.03125,0.0005,4.0,1.0,1.0,3,0.8447030183255713,1.183848025051774,0.052793938645348204,16.0,18.941568400828384,120.0,0.5831114120770042
n8_d25_s17,8,0.25,17,0.9,36,8,0.03125,0.0005,8.0,1.0,1.0,0,0.030784748112595715,32.483618067703,0.030784748112595715,1.0,32.483618067703,30.0,1.0
n8_d25_s17,8,0.25,17,0.9,36,8,0.03125,0.001,1.0,1.0,1.0,3,0.7955113440705887,1.2570530985555202,0.11364447772436981,7.0,8.799371689888641,120.0,0.2668534673276757
n8_d25_s17,8,0.25,17,0.9,36,8,0.03125,0.001,2.0,1.0,1.0,3,0.7955113440705887,1.2570530985555202,0.07955113440705887,10.0,12.570530985555202,120.0,0.3812192390395367
n8_d25_s17,8,0.25,17,0.9,36,8,0.03125,0.001,4.0,1.0,1.0,2,0.5505746484390368,1.8162841366473241,0.05005224076718517,11.0,19.979125503120567,90.0,0.6058954096471391
n8_d25_s17,8,0.25,17,0.9,36,8,0.03125,0.001,8.0,1.0,1.0,0,0.030326422923390887,32.974545086512535,0.030326422923390887,1.0,32.974545086512535,30.0,1.0
n8_d25_s17,8,0.25,17,0.9,36,8,0.03125,0.002,1.0,1.0,1.0,3,0.7055552686965395,1.4173234108894475,0.10079360981379136,7.0,9.921263876226133,120.0,0.2919842014675113
n8_d25_s17,8,0.25,17,0.9,36,8,0.03125,0.002,2.0,1.0,1.0,2,0.5031873410281786,1.9873313942212225,0.07188390586116837,7.0,13.911319759548558,90.0,0.4094121114028935
n8_d25_s17,8,0.25,17,0.9,36,8,0.03125,0.002,4.0,1.0,1.0,2,0.5031873410281786,1.9873313942212225,0.04574430372983442,11.0,21.860645336433446,90.0,0.6433618893474041
n8_d25_s17,8,0.25,17,0.9,36,8,0.03125,0.002,8.0,1.0,1.0,0,0.02943014167450778,33.9787694894515,0.02943014167450778,1.0,33.9787694894515,30.0,1.0
n8_d25_s17,8,0.25,17,0.95,38,6,0.0234375,0.0,1.0,1.0,1.0,3,0.774417118715064,1.2912937689952282,0.11063101695929486,7.0,9.039056382966596,120.0,0.21185288397577956
n8_d25_s17,8,0.25,17,0.95,38,6,0.0234375,0.0,2.0,1.0,1.0,3,0.774417118715064,1.2912937689952282,0.0774417118715064,10.0,12.912937689952281,120.0,0.30264697710825655
n8_d25_s17,8,0.25,17,0.95,38,6,0.0234375,0.0,4.0,1.0,1.0,3,0.774417118715064,1.2912937689952282,0.0484010699196915,16.0,20.66070030392365,120.0,0.48423516337321054
n8_d25_s17,8,0.25,17,0.95,38,6,0.0234375,0.0,8.0,1.0,1.0,3,0.774417118715064,1.2912937689952282,0.027657754239823716,28.0,36.15622553186638,120.0,0.8474115359031182
n8_d25_s17,8,0.25,17,0.95,38,6,0.0234375,0.0005,1.0,1.0,1.0,3,0.72931857660635,1.3711429162454343,0.10418836808662144,7.0,9.59800041371804,120.0,0.2216040188406744
n8_d25_s17,8,0.25,17,0.95,38,6,0.0234375,0.0005,2.0,1.0,1.0,3,0.72931857660635,1.3711429162454343,0.07293185766063501,10.0,13.711429162454344,120.0,0.31657716977239203
n8_d25_s17,8,0.25,17,0.95,38,6,0.0234375,0.0005,4.0,1.0,1.0,3,0.72931857660635,1.3711429162454343,0.045582411037896876,16.0,21.93828665992695,120.0,0.5065234716358272
n8_d25_s17,8,0.25,17,0.95,38,6,0.0234375,0.0005,8.0,1.0,1.0,3,0.72931857660635,1.3711429162454343,0.02604709202165536,28.0,38.39200165487216,120.0,0.8864160753626976
n8_d25_s17,8,0.25,17,0.95,38,6,0.0234375,0.001,1.0,1.0,1.0,3,0.6868463691320074,1.4559296590061854,0.09812090987600106,7.0,10.191507613043298,120.0,0.23180397757508167
n8_d25_s17,8,0.25,17,0.95,38,6,0.0234375,0.001,2.0,1.0,1.0,3,0.6868463691320074,1.4559296590061854,0.06868463691320073,10.0,14.559296590061853,120.0,0.3311485393929738
n8_d25_s17,8,0.25,17,0.95,38,6,0.0234375,0.001,4.0,1.0,1.0,3,0.6868463691320074,1.4559296590061854,0.04292789807075046,16.0,23.294874544098967,120.0,0.5298376630287581
n8_d25_s17,8,0.25,17,0.95,38,6,0.0234375,0.001,8.0,1.0,1.0,3,0.6868463691320074,1.4559296590061854,0.024530227469000264,28.0,40.76603045217319,120.0,0.9272159103003267
n8_d25_s17,8,0.25,17,0.95,38,6,0.0234375,0.002,1.0,1.0,1.0,3,0.609178081668154,1.6415561066505078,0.08702544023830772,7.0,11.490892746553556,120.0,0.2536339511232336
n8_d25_s17,8,0.25,17,0.95,38,6,0.0234375,0.002,2.0,1.0,1.0,3,0.609178081668154,1.6415561066505078,0.0609178081668154,10.0,16.415561066505077,120.0,0.36233421589033366
n8_d25_s17,8,0.25,17,0.95,38,6,0.0234375,0.002,4.0,1.0,1.0,3,0.609178081668154,1.6415561066505078,0.038073630104259626,16.0,26.264897706408124,120.0,0.579734745424534
n8_d25_s17,8,0.25,17,0.95,38,6,0.0234375,0.002,8.0,1.0,1.0,0,0.022072606255880825,45.30502598593535,0.022072606255880825,1.0,45.30502598593535,30.0,1.0
n8_d25_s17,8,0.25,17,1.0,40,2,0.0078125,0.0,1.0,1.0,1.0,6,0.8335479177263119,1.199691078021913,0.06411907059433168,13.0,15.59598401428487,210.0,0.12184362511160057
n8_d25_s17,8,0.25,17,1.0,40,2,0.0078125,0.0,2.0,1.0,1.0,6,0.8335479177263119,1.199691078021913,0.04387094303822694,19.0,22.79413048241635,210.0,0.17807914439387776
n8_d25_s17,8,0.25,17,1.0,40,2,0.0078125,0.0,4.0,1.0,1.0,6,0.8335479177263119,1.199691078021913,0.026888642507300383,31.0,37.19042341867931,210.0,0.29055018295843216
n8_d25_s17,8,0.25,17,1.0,40,2,0.0078125,0.0,8.0,1.0,1.0,6,0.8335479177263119,1.199691078021913,0.015155416685932944,55.0,65.98300929120522,210.0,0.5154922600875409
n8_d25_s17,8,0.25,17,1.0,40,2,0.0078125,0.0005,1.0,1.0,1.0,6,0.7504636310797176,1.332509609508013,0.05772797162151674,13.0,17.32262492360417,210.0,0.13331816123053175
n8_d25_s17,8,0.25,17,1.0,40,2,0.0078125,0.0005,2.0,1.0,1.0,6,0.7504636310797176,1.332509609508013,0.03949808584630093,19.0,25.317682580652246,210.0,0.1948496202600079
n8_d25_s17,8,0.25,17,1.0,40,2,0.0078125,0.0005,4.0,1.0,1.0,6,0.7504636310797176,1.332509609508013,0.024208504228377985,31.0,41.307797894748404,210.0,0.3179125383189603
n8_d25_s17,8,0.25,17,1.0,40,2,0.0078125,0.0005,8.0,1.0,1.0,6,0.7504636310797176,1.332509609508013,0.0136447932923585,55.0,73.28802852294072,210.0,0.5640383744368651
n8_d25_s17,8,0.25,17,1.0,40,2,0.0078125,0.001,1.0,1.0,1.0,6,0.6756608103702021,1.4800325616814876,0.05197390849001555,13.0,19.240423301859337,210.0,0.14587330356931277
n8_d25_s17,8,0.25,17,1.0,40,2,0.0078125,0.001,2.0,1.0,1.0,5,0.5711038645514939,1.7509949801956461,0.03569399153446837,16.0,28.01591968313034,180.0,0.21240565722459046
n8_d25_s17,8,0.25,17,1.0,40,2,0.0078125,0.001,4.0,1.0,1.0,5,0.5711038645514939,1.7509949801956461,0.021965533251980533,26.0,45.5258694850868,180.0,0.3451591929899595
n8_d25_s17,8,0.25,17,1.0,40,2,0.0078125,0.001,8.0,1.0,1.0,5,0.5711038645514939,1.7509949801956461,0.012415301403293345,46.0,80.54576908899972,180.0,0.6106662645206975
n8_d25_s17,8,0.25,17,1.0,40,2,0.0078125,0.002,1.0,1.0,1.0,5,0.47702604568172075,2.0963215930293577,0.043366004152883705,11.0,23.059537523322934,180.0,0.16966136406500554
n8_d25_s17,8,0.25,17,1.0,40,2,0.0078125,0.002,2.0,1.0,1.0,5,0.47702604568172075,2.0963215930293577,0.029814127855107547,16.0,33.54114548846972,180.0,0.24678016591273533
n8_d25_s17,8,0.25,17,1.0,40,2,0.0078125,0.002,4.0,1.0,1.0,5,0.47702604568172075,2.0963215930293577,0.018347155603143105,26.0,54.5043614187633,180.0,0.40101776960819496
n8_d25_s17,8,0.25,17,1.0,40,2,0.0078125,0.002,8.0,1.0,1.0,5,0.47702604568172075,2.0963215930293577,0.010370131427863494,46.0,96.43079327935045,180.0,0.7094929769991141
n8_d25_s42,8,0.25,42,0.9,28,40,0.15625,0.0,1.0,1.0,1.0,1,0.88134765625,1.1346260387811635,0.2937825520833333,3.0,3.40387811634349,60.0,0.5318559556786705
n8_d25_s42,8,0.25,42,0.9,28,40,0.15625,0.0,2.0,1.0,1.0,1,0.88134765625,1.1346260387811635,0.2203369140625,4.0,4.538504155124654,60.0,0.7091412742382274
n8_d25_s42,8,0.25,42,0.9,28,40,0.15625,0.0,4.0,1.0,1.0,0,0.15625000000000003,6.399999999999999,0.15625000000000003,1.0,6.399999999999999,30.0,1.0
n8_d25_s42,8,0.25,42,0.9,28,40,0.15625,0.0,8.0,1.0,1.0,0,0.15625000000000003,6.399999999999999,0.15625000000000003,1.0,6.399999999999999,30.0,1.0
n8_d25_s42,8,0.25,42,0.9,28,40,0.15625,0.0005,1.0,1.0,1.0,1,0.8552998965112584,1.1691805460037688,0.2850999655037528,3.0,3.5075416380113063,60.0,0.5398939291030972
n8_d25_s42,8,0.25,42,0.9,28,40,0.15625,0.0005,2.0,1.0,1.0,1,0.8552998965112584,1.1691805460037688,0.2138249741278146,4.0,4.676722184015075,60.0,0.7198585721374628
n8_d25_s42,8,0.25,42,0.9,28,40,0.15625,0.0005,4.0,1.0,1.0,0,0.15392374056297856,6.496723613540601,0.15392374056297856,1.0,6.496723613540601,30.0,1.0
n8_d25_s42,8,0.25,42,0.9,28,40,0.15625,0.0005,8.0,1.0,1.0,0,0.15392374056297856,6.496723613540601,0.15392374056297856,1.0,6.496723613540601,30.0,1.0
n8_d25_s42,8,0.25,42,0.9,28,40,0.15625,0.001,1.0,1.0,1.0,1,0.830021964413852,1.2047873946398318,0.2766739881379507,3.0,3.6143621839194955,60.0,0.5480533809392666
n8_d25_s42,8,0.25,42,0.9,28,40,0.15625,0.001,2.0,1.0,1.0,1,0.830021964413852,1.2047873946398318,0.207505491103463,4.0,4.819149578559327,60.0,0.7307378412523554
n8_d25_s42,8,0.25,42,0.9,28,40,0.15625,0.001,4.0,1.0,1.0,0,0.15163211461695442,6.594909017302507,0.15163211461695442,1.0,6.594909017302507,30.0,1.0
n8_d25_s42,8,0.25,42,0.9,28,40,0.15625,0.001,8.0,1.0,1.0,0,0.15163211461695442,6.594909017302507,0.15163211461695442,1.0,6.594909017302507,30.0,1.0
n8_d25_s42,8,0.25,42,0.9,28,40,0.15625,0.002,1.0,1.0,1.0,1,0.7816852481808931,1.2792872864457405,0.260561749393631,3.0,3.8378618593372216,60.0,0.5647440912374213
n8_d25_s42,8,0.25,42,0.9,28,40,0.15625,0.002,2.0,1.0,1.0,1,0.7816852481808931,1.2792872864457405,0.19542131204522328,4.0,5.117149145782962,60.0,0.7529921216498952
n8_d25_s42,8,0.25,42,0.9,28,40,0.15625,0.002,4.0,1.0,1.0,0,0.14715070837253888,6.7957538978903,0.14715070837253888,1.0,6.7957538978903,30.0,1.0
n8_d25_s42,8,0.25,42,0.9,28,40,0.15625,0.002,8.0,1.0,1.0,0,0.14715070837253888,6.7957538978903,0.14715070837253888,1.0,6.7957538978903,30.0,1.0
n8_d25_s42,8,0.25,42,0.95,30,16,0.0625,0.0,1.0,1.0,1.0,2,0.908447265625,1.1007793603869926,0.181689453125,5.0,5.503896801934964,90.0,0.34399355012093524
n8_d25_s42,8,0.25,42,0.95,30,16,0.0625,0.0,2.0,1.0,1.0,2,0.908447265625,1.1007793603869926,0.12977818080357142,7.0,7.70545552270895,90.0,0.48159097016930935
n8_d25_s42,8,0.25,42,0.95,30,16,0.0625,0.0,4.0,1.0,1.0,2,0.908447265625,1.1007793603869926,0.08258611505681818,11.0,12.10857296425692,90.0,0.7567858102660575
n8_d25_s42,8,0.25,42,0.95,30,16,0.0625,0.0,8.0,1.0,1.0,0,0.0625,16.0,0.0625,1.0,16.0,30.0,1.0
n8_d25_s42,8,0.25,42,0.95,30,16,0.0625,0.0005,1.0,1.0,1.0,2,0.8684732983156652,1.1514458785772923,0.17369465966313305,5.0,5.757229392886462,90.0,0.3544697133728841
n8_d25_s42,8,0.25,42,0.95,30,16,0.0625,0.0005,2.0,1.0,1.0,2,0.8684732983156652,1.1514458785772923,0.12406761404509503,7.0,8.060121150041047,90.0,0.49625759872203773
n8_d25_s42,8,0.25,42,0.95,30,16,0.0625,0.0005,4.0,1.0,1.0,2,0.8684732983156652,1.1514458785772923,0.07895211802869684,11.0,12.665904664350215,90.0,0.779833369420345
n8_d25_s42,8,0.25,42,0.95,30,16,0.0625,0.0005,8.0,1.0,1.0,0,0.061569496225191415,16.241809033851503,0.061569496225191415,1.0,16.241809033851503,30.0,1.0
n8_d25_s42,8,0.25,42,0.95,30,16,0.0625,0.001,1.0,1.0,1.0,2,0.8302582862290625,1.2044444681689175,0.1660516572458125,5.0,6.022222340844587,90.0,0.36526492329429194
n8_d25_s42,8,0.25,42,0.95,30,16,0.0625,0.001,2.0,1.0,1.0,2,0.8302582862290625,1.2044444681689175,0.11860832660415178,7.0,8.431111277182422,90.0,0.5113708926120087
n8_d25_s42,8,0.25,42,0.95,30,16,0.0625,0.001,4.0,1.0,1.0,2,0.8302582862290625,1.2044444681689175,0.07547802602082386,11.0,13.248889149858092,90.0,0.8035828312474422
n8_d25_s42,8,0.25,42,0.95,30,16,0.0625,0.001,8.0,1.0,1.0,0,0.06065284584678176,16.48727254325627,0.06065284584678176,1.0,16.48727254325627,30.0,1.0
n8_d25_s42,8,0.25,42,0.95,30,16,0.0625,0.002,1.0,1.0,1.0,2,0.7587989396145858,1.317872163221428,0.15175978792291717,5.0,6.589360816107141,90.0,0.38785164472496664
n8_d25_s42,8,0.25,42,0.95,30,16,0.0625,0.002,2.0,1.0,1.0,2,0.7587989396145858,1.317872163221428,0.1083998485163694,7.0,9.225105142549998,90.0,0.5429923026149532
n8_d25_s42,8,0.25,42,0.95,30,16,0.0625,0.002,4.0,1.0,1.0,1,0.41920848766709395,2.3854478843332245,0.06986808127784899,6.0,14.312687305999349,60.0,0.8424488303169796
n8_d25_s42,8,0.25,42,0.95,30,16,0.0625,0.002,8.0,1.0,1.0,0,0.058860283349015545,16.989384744725754,0.058860283349015545,1.0,16.989384744725754,30.0,1.0
n8_d25_s42,8,0.25,42,1.0,31,8,0.03125,0.0,1.0,1.0,1.0,3,0.8969365358352662,1.114906083147518,0.12813379083360946,7.0,7.804342582032626,120.0,0.2438857056885196
n8_d25_s42,8,0.25,42,1.0,31,8,0.03125,0.0,2.0,1.0,1.0,3,0.8969365358352662,1.114906083147518,0.08969365358352663,10.0,11.149060831475179,120.0,0.3484081509835994
n8_d25_s42,8,0.25,42,1.0,31,8,0.03125,0.0,4.0,1.0,1.0,3,0.8969365358352662,1.114906083147518,0.05605853348970414,16.0,17.838497330360287,120.0,0.5574530415737591
n8_d25_s42,8,0.25,42,1.0,31,8,0.03125,0.0,8.0,1.0,1.0,3,0.8969365358352662,1.114906083147518,0.032033447708402364,28.0,31.217370328130503,120.0,0.9755428227540784
n8_d25_s42,8,0.25,42,1.0,31,8,0.03125,0.0005,1.0,1.0,1.0,3,0.8447030183255713,1.183848025051774,0.12067185976079589,7.0,8.286936175362419,120.0,0.2551112427836894
n8_d25_s42,8,0.25,42,1.0,31,8,0.03125,0.0005,2.0,1.0,1.0,3,0.8447030183255713,1.183848025051774,0.08447030183255713,10.0,11.83848025051774,120.0,0.3644446325481277
n8_d25_s42,8,0.25,42,1.0,31,8,0.03125,0.0005,4.0,1.0,1.0,3,0.8447030183255713,1.183848025051774,0.052793938645348204,16.0,18.941568400828384,120.0,0.5831114120770042
n8_d25_s42,8,0.25,42,1.0,31,8,0.03125,0.0005,8.0,1.0,1.0,0,0.030784748112595715,32.483618067703,0.030784748112595715,1.0,32.483618067703,30.0,1.0
n8_d25_s42,8,0.25,42,1.0,31,8,0.03125,0.001,1.0,1.0,1.0,3,0.7955113440705887,1.2570530985555202,0.11364447772436981,7.0,8.799371689888641,120.0,0.2668534673276757
n8_d25_s42,8,0.25,42,1.0,31,8,0.03125,0.001,2.0,1.0,1.0,3,0.7955113440705887,1.2570530985555202,0.07955113440705887,10.0,12.570530985555202,120.0,0.3812192390395367
n8_d25_s42,8,0.25,42,1.0,31,8,0.03125,0.001,4.0,1.0,1.0,2,0.5505746484390368,1.8162841366473241,0.05005224076718517,11.0,19.979125503120567,90.0,0.6058954096471391
n8_d25_s42,8,0.25,42,1.0,31,8,0.03125,0.001,8.0,1.0,1.0,0,0.030326422923390887,32.974545086512535,0.030326422923390887,1.0,32.974545086512535,30.0,1.0
n8_d25_s42,8,0.25,42,1.0,31,8,0.03125,0.002,1.0,1.0,1.0,3,0.7055552686965395,1.4173234108894475,0.10079360981379136,7.0,9.921263876226133,120.0,0.2919842014675113
n8_d25_s42,8,0.25,42,1.0,31,8,0.03125,0.002,2.0,1.0,1.0,2,0.5031873410281786,1.9873313942212225,0.07188390586116837,7.0,13.911319759548558,90.0,0.4094121114028935
n8_d25_s42,8,0.25,42,1.0,31,8,0.03125,0.002,4.0,1.0,1.0,2,0.5031873410281786,1.9873313942212225,0.04574430372983442,11.0,21.860645336433446,90.0,0.6433618893474041
n8_d25_s42,8,0.25,42,1.0,31,8,0.03125,0.002,8.0,1.0,1.0,0,0.02943014167450778,33.9787694894515,0.02943014167450778,1.0,33.9787694894515,30.0,1.0
n8_d50_s17,8,0.5,17,0.9,52,30,0.1171875,0.0,1.0,1.0,1.0,1,0.7508468627929688,1.3318294975359448,0.25028228759765625,3.0,3.995488492607834,60.0,0.46822130772748055
n8_d50_s17,8,0.5,17,0.9,52,30,0.1171875,0.0,2.0,1.0,1.0,1,0.7508468627929688,1.3318294975359448,0.1877117156982422,4.0,5.327317990143779,60.0,0.6242950769699741
n8_d50_s17,8,0.5,17,0.9,52,30,0.1171875,0.0,4.0,1.0,1.0,1,0.7508468627929688,1.3318294975359448,0.12514114379882812,6.0,7.990976985215668,60.0,0.9364426154549611
n8_d50_s17,8,0.5,17,0.9,52,30,0.1171875,0.0,8.0,1.0,1.0,0,0.1171875,8.533333333333333,0.1171875,1.0,8.533333333333333,30.0,1.0
n8_d50_s17,8,0.5,17,0.9,52,30,0.1171875,0.0005,1.0,1.0,1.0,1,0.728655984376346,1.3723897441889485,0.2428853281254487,3.0,4.117169232566845,60.0,0.4752975666056225
n8_d50_s17,8,0.5,17,0.9,52,30,0.1171875,0.0005,2.0,1.0,1.0,1,0.728655984376346,1.3723897441889485,0.1821639960940865,4.0,5.489558976755794,60.0,0.6337300888074967
n8_d50_s17,8,0.5,17,0.9,52,30,0.1171875,0.0005,4.0,1.0,1.0,1,0.728655984376346,1.3723897441889485,0.12144266406272435,6.0,8.23433846513369,60.0,0.950595133211245
n8_d50_s17,8,0.5,17,0.9,52,30,0.1171875,0.0005,8.0,1.0,1.0,0,0.11544280542223391,8.662298151387468,0.11544280542223391,1.0,8.662298151387468,30.0,1.0
n8_d50_s17,8,0.5,17,0.9,52,30,0.1171875,0.001,1.0,1.0,1.0,1,0.7071209455314166,1.4141852342508092,0.23570698184380554,3.0,4.242555702752427,60.0,0.4824807694414272
n8_d50_s17,8,0.5,17,0.9,52,30,0.1171875,0.001,2.0,1.0,1.0,1,0.7071209455314166,1.4141852342508092,0.17678023638285414,4.0,5.656740937003237,60.0,0.6433076925885697
n8_d50_s17,8,0.5,17,0.9,52,30,0.1171875,0.001,4.0,1.0,1.0,1,0.7071209455314166,1.4141852342508092,0.11785349092190277,6.0,8.485111405504854,60.0,0.9649615388828544
n8_d50_s17,8,0.5,17,0.9,52,30,0.1171875,0.001,8.0,1.0,1.0,0,0.1137240859627158,8.79321202307001,0.1137240859627158,1.0,8.79321202307001,30.0,1.0
n8_d50_s17,8,0.5,17,0.9,52,30,0.1171875,0.002,1.0,1.0,1.0,1,0.6659414274560475,1.5016335653123196,0.2219804758186825,3.0,4.504900695936959,60.0,0.4971744964163001
n8_d50_s17,8,0.5,17,0.9,52,30,0.1171875,0.002,2.0,1.0,1.0,1,0.6659414274560475,1.5016335653123196,0.16648535686401186,4.0,6.0065342612492785,60.0,0.6628993285550668
n8_d50_s17,8,0.5,17,0.9,52,30,0.1171875,0.002,4.0,1.0,1.0,1,0.6659414274560475,1.5016335653123196,0.11099023790934125,6.0,9.009801391873918,60.0,0.9943489928326003
n8_d50_s17,8,0.5,17,0.9,52,30,0.1171875,0.002,8.0,1.0,1.0,0,0.11036303127940415,9.061005197187068,0.11036303127940415,1.0,9.061005197187068,30.0,1.0
n8_d50_s17,8,0.5,17,0.95,55,8,0.03125,0.0,1.0,1.0,1.0,3,0.8969365358352662,1.114906083147518,0.12813379083360946,7.0,7.804342582032626,120.0,0.2438857056885196
n8_d50_s17,8,0.5,17,0.95,55,8,0.03125,0.0,2.0,1.0,1.0,3,0.8969365358352662,1.114906083147518,0.08969365358352663,10.0,11.149060831475179,120.0,0.3484081509835994
n8_d50_s17,8,0.5,17,0.95,55,8,0.03125,0.0,4.0,1.0,1.0,3,0.8969365358352662,1.114906083147518,0.05605853348970414,16.0,17.838497330360287,120.0,0.5574530415737591
n8_d50_s17,8,0.5,17,0.95,55,8,0.03125,0.0,8.0,1.0,1.0,3,0.8969365358352662,1.114906083147518,0.032033447708402364,28.0,31.217370328130503,120.0,0.9755428227540784
n8_d50_s17,8,0.5,17,0.95,55,8,0.03125,0.0005,1.0,1.0,1.0,3,0.8447030183255713,1.183848025051774,0.12067185976079589,7.0,8.286936175362419,120.0,0.2551112427836894
n8_d50_s17,8,0.5,17,0.95,55,8,0.03125,0.0005,2.0,1.0,1.0,3,0.8447030183255713,1.183848025051774,0.08447030183255713,10.0,11.83848025051774,120.0,0.3644446325481277
n8_d50_s17,8,0.5,17,0.95,55,8,0.03125,0.0005,4.0,1.0,1.0,3,0.8447030183255713,1.183848025051774,0.052793938645348204,16.0,18.941568400828384,120.0,0.5831114120770042
n8_d50_s17,8,0.5,17,0.95,55,8,0.03125,0.0005,8.0,1.0,1.0,0,0.030784748112595715,32.483618067703,0.030784748112595715,1.0,32.483618067703,30.0,1.0
n8_d50_s17,8,0.5,17,0.95,55,8,0.03125,0.001,1.0,1.0,1.0,3,0.7955113440705887,1.2570530985555202,0.11364447772436981,7.0,8.799371689888641,120.0,0.2668534673276757
n8_d50_s17,8,0.5,17,0.95,55,8,0.03125,0.001,2.0,1.0,1.0,3,0.7955113440705887,1.2570530985555202,0.07955113440705887,10.0,12.570530985555202,120.0,0.3812192390395367
n8_d50_s17,8,0.5,17,0.95,55,8,0.03125,0.001,4.0,1.0,1.0,2,0.5505746484390368,1.8162841366473241,0.05005224076718517,11.0,19.979125503120567,90.0,0.6058954096471391
n8_d50_s17,8,0.5,17,0.95,55,8,0.03125,0.001,8.0,1.0,1.0,0,0.030326422923390887,32.974545086512535,0.030326422923390887,1.0,32.974545086512535,30.0,1.0
n8_d50_s17,8,0.5,17,0.95,55,8,0.03125,0.002,1.0,1.0,1.0,3,0.7055552686965395,1.4173234108894475,0.10079360981379136,7.0,9.921263876226133,120.0,0.2919842014675113
n8_d50_s17,8,0.5,17,0.95,55,8,0.03125,0.002,2.0,1.0,1.0,2,0.5031873410281786,1.9873313942212225,0.07188390586116837,7.0,13.911319759548558,90.0,0.4094121114028935
n8_d50_s17,8,0.5,17,0.95,55,8,0.03125,0.002,4.0,1.0,1.0,2,0.5031873410281786,1.9873313942212225,0.04574430372983442,11.0,21.860645336433446,90.0,0.6433618893474041
n8_d50_s17,8,0.5,17,0.95,55,8,0.03125,0.002,8.0,1.0,1.0,0,0.02943014167450778,33.9787694894515,0.02943014167450778,1.0,33.9787694894515,30.0,1.0
n8_d50_s17,8,0.5,17,1.0,57,4,0.015625,0.0,1.0,1.0,1.0,4,0.8163770193968958,1.2249242399531983,0.09070855771076619,9.0,11.024318159578785,150.0,0.17225497124341851
n8_d50_s17,8,0.5,17,1.0,57,4,0.015625,0.0,2.0,1.0,1.0,4,0.8163770193968958,1.2249242399531983,0.06279823226129967,13.0,15.924015119391578,150.0,0.2488127362404934
n8_d50_s17,8,0.5,17,1.0,57,4,0.015625,0.0,4.0,1.0,1.0,4,0.8163770193968958,1.2249242399531983,0.03887509616175694,21.0,25.723409039017163,150.0,0.4019282662346432
n8_d50_s17,8,0.5,17,1.0,57,4,0.015625,0.0,8.0,1.0,1.0,4,0.8163770193968958,1.2249242399531983,0.02206424376748367,37.0,45.322196878268336,150.0,0.7081593262229428
n8_d50_s17,8,0.5,17,1.0,57,4,0.015625,0.0005,1.0,1.0,1.0,4,0.7573884621337887,1.3203264242799557,0.08415427357042098,9.0,11.882937818519602,150.0,0.18290662379038175
n8_d50_s17,8,0.5,17,1.0,57,4,0.015625,0.0005,2.0,1.0,1.0,4,0.7573884621337887,1.3203264242799557,0.058260650933368366,13.0,17.164243515639427,150.0,0.264198456586107
n8_d50_s17,8,0.5,17,1.0,57,4,0.015625,0.0005,4.0,1.0,1.0,4,0.7573884621337887,1.3203264242799557,0.03606611724446613,21.0,27.726854909879073,150.0,0.42678212217755745
n8_d50_s17,8,0.5,17,1.0,57,4,0.015625,0.0005,8.0,1.0,1.0,4,0.7573884621337887,1.3203264242799557,0.020469958436048343,37.0,48.852077698358364,150.0,0.7519494533604583
n8_d50_s17,8,0.5,17,1.0,57,4,0.015625,0.001,1.0,1.0,1.0,4,0.7026622123650224,1.4231589267255418,0.07807357915166915,9.0,12.808430340529878,150.0,0.19421693774585025
n8_d50_s17,8,0.5,17,1.0,57,4,0.015625,0.001,2.0,1.0,1.0,4,0.7026622123650224,1.4231589267255418,0.054050939412694024,13.0,18.501066047432044,150.0,0.2805355767440059
n8_d50_s17,8,0.5,17,1.0,57,4,0.015625,0.001,4.0,1.0,1.0,4,0.7026622123650224,1.4231589267255418,0.03346010535071535,21.0,29.88633746123638,150.0,0.45317285474031727
n8_d50_s17,8,0.5,17,1.0,57,4,0.015625,0.001,8.0,1.0,1.0,4,0.7026622123650224,1.4231589267255418,0.018990870604460065,37.0,52.65688028884505,150.0,0.7984474107329399
n8_d50_s17,8,0.5,17,1.0,57,4,0.015625,0.002,1.0,1.0,1.0,4,0.6047869709150526,1.6534747739141662,0.06719855232389474,9.0,14.881272965227495,150.0,0.21897898583183378
n8_d50_s17,8,0.5,17,1.0,57,4,0.015625,0.002,2.0,1.0,1.0,4,0.6047869709150526,1.6534747739141662,0.04652207468577328,13.0,21.49517206088416,150.0,0.31630297953487096
n8_d50_s17,8,0.5,17,1.0,57,4,0.015625,0.002,4.0,1.0,1.0,3,0.4651961025168507,2.149631079430158,0.029074756407303167,16.0,34.394097270882526,120.0,0.5061115777244369
n8_d50_s17,8,0.5,17,1.0,57,4,0.015625,0.002,8.0,1.0,1.0,3,0.4651961025168507,2.149631079430158,0.016614146518458953,28.0,60.18967022404441,120.0,0.8856952610177645
n8_d50_s42,8,0.5,42,0.9,54,12,0.046875,0.0,1.0,1.0,1.0,2,0.7870681285858153,1.2705380432527174,0.15741362571716305,5.0,6.352690216263587,90.0,0.29778235388735563
n8_d50_s42,8,0.5,42,0.9,54,12,0.046875,0.0,2.0,1.0,1.0,2,0.7870681285858153,1.2705380432527174,0.1124383040836879,7.0,8.893766302769022,90.0,0.41689529544229786
n8_d50_s42,8,0.5,42,0.9,54,12,0.046875,0.0,4.0,1.0,1.0,2,0.7870681285858153,1.2705380432527174,0.07155164805325594,11.0,13.975918475779892,90.0,0.6551211785521823
n8_d50_s42,8,0.5,42,0.9,54,12,0.046875,0.0,8.0,1.0,1.0,0,0.04687499999999999,21.333333333333336,0.04687499999999999,1.0,21.333333333333336,30.0,1.0
n8_d50_s42,8,0.5,42,0.9,54,12,0.046875,0.0005,1.0,1.0,1.0,2,0.75243514895913,1.3290181903162488,0.150487029791826,5.0,6.645090951581244,90.0,0.3068511766945762
n8_d50_s42,8,0.5,42,0.9,54,12,0.046875,0.0005,2.0,1.0,1.0,2,0.75243514895913,1.3290181903162488,0.10749073556559,7.0,9.30312733221374,90.0,0.4295916473724067
n8_d50_s42,8,0.5,42,0.9,54,12,0.046875,0.0005,4.0,1.0,1.0,2,0.75243514895913,1.3290181903162488,0.06840319535992091,11.0,14.619200093478737,90.0,0.6750725887280676
n8_d50_s42,8,0.5,42,0.9,54,12,0.046875,0.0005,8.0,1.0,1.0,0,0.04617712216889355,21.655745378468676,0.04617712216889355,1.0,21.655745378468676,30.0,1.0
n8_d50_s42,8,0.5,42,0.9,54,12,0.046875,0.001,1.0,1.0,1.0,2,0.7193261076476416,1.3901900533962617,0.14386522152952833,5.0,6.950950266981309,90.0,0.31619618627389784
n8_d50_s42,8,0.5,42,0.9,54,12,0.046875,0.001,2.0,1.0,1.0,2,0.7193261076476416,1.3901900533962617,0.10276087252109166,7.0,9.731330373773833,90.0,0.44267466078345696
n8_d50_s42,8,0.5,42,0.9,54,12,0.046875,0.001,4.0,1.0,1.0,2,0.7193261076476416,1.3901900533962617,0.06539328251342197,11.0,15.29209058735888,90.0,0.6956316098025752
n8_d50_s42,8,0.5,42,0.9,54,12,0.046875,0.001,8.0,1.0,1.0,0,0.04548963438508631,21.98303005767503,0.04548963438508631,1.0,21.98303005767503,30.0,1.0
n8_d50_s42,8,0.5,42,0.9,54,12,0.046875,0.002,1.0,1.0,1.0,2,0.6574145621589482,1.5211102058889627,0.13148291243178964,5.0,7.605551029444814,90.0,0.3357486664638889
n8_d50_s42,8,0.5,42,0.9,54,12,0.046875,0.002,2.0,1.0,1.0,2,0.6574145621589482,1.5211102058889627,0.09391636602270689,7.0,10.647771441222739,90.0,0.4700481330494444
n8_d50_s42,8,0.5,42,0.9,54,12,0.046875,0.002,4.0,1.0,1.0,2,0.6574145621589482,1.5211102058889627,0.05976496019626802,11.0,16.73221226477859,90.0,0.7386470662205555
n8_d50_s42,8,0.5,42,0.9,54,12,0.046875,0.002,8.0,1.0,1.0,0,0.04414521251176165,22.652512992967676,0.04414521251176165,1.0,22.652512992967676,30.0,1.0
n8_d50_s42,8,0.5,42,0.95,57,4,0.015625,0.0,1.0,1.0,1.0,4,0.8163770193968958,1.2249242399531983,0.09070855771076619,9.0,11.024318159578785,150.0,0.17225497124341851
n8_d50_s42,8,0.5,42,0.95,57,4,0.015625,0.0,2.0,1.0,1.0,4,0.8163770193968958,1.2249242399531983,0.06279823226129967,13.0,15.924015119391578,150.0,0.2488127362404934
n8_d50_s42,8,0.5,42,0.95,57,4,0.015625,0.0,4.0,1.0,1.0,4,0.8163770193968958,1.2249242399531983,0.03887509616175694,21.0,25.723409039017163,150.0,0.4019282662346432
n8_d50_s42,8,0.5,42,0.95,57,4,0.015625,0.0,8.0,1.0,1.0,4,0.8163770193968958,1.2249242399531983,0.02206424376748367,37.0,45.322196878268336,150.0,0.7081593262229428
n8_d50_s42,8,0.5,42,0.95,57,4,0.015625,0.0005,1.0,1.0,1.0,4,0.7573884621337887,1.3203264242799557,0.08415427357042098,9.0,11.882937818519602,150.0,0.18290662379038175
n8_d50_s42,8,0.5,42,0.95,57,4,0.015625,0.0005,2.0,1.0,1.0,4,0.7573884621337887,1.3203264242799557,0.058260650933368366,13.0,17.164243515639427,150.0,0.264198456586107
n8_d50_s42,8,0.5,42,0.95,57,4,0.015625,0.0005,4.0,1.0,1.0,4,0.7573884621337887,1.3203264242799557,0.03606611724446613,21.0,27.726854909879073,150.0,0.42678212217755745
n8_d50_s42,8,0.5,42,0.95,57,4,0.015625,0.0005,8.0,1.0,1.0,4,0.7573884621337887,1.3203264242799557,0.020469958436048343,37.0,48.852077698358364,150.0,0.7519494533604583
n8_d50_s42,8,0.5,42,0.95,57,4,0.015625,0.001,1.0,1.0,1.0,4,0.7026622123650224,1.4231589267255418,0.07807357915166915,9.0,12.808430340529878,150.0,0.19421693774585025
n8_d50_s42,8,0.5,42,0.95,57,4,0.015625,0.001,2.0,1.0,1.0,4,0.7026622123650224,1.4231589267255418,0.054050939412694024,13.0,18.501066047432044,150.0,0.2805355767440059
n8_d50_s42,8,0.5,42,0.95,57,4,0.015625,0.001,4.0,1.0,1.0,4,0.7026622123650224,1.4231589267255418,0.03346010535071535,21.0,29.88633746123638,150.0,0.45317285474031727
n8_d50_s42,8,0.5,42,0.95,57,4,0.015625,0.001,8.0,1.0,1.0,4,0.7026622123650224,1.4231589267255418,0.018990870604460065,37.0,52.65688028884505,150.0,0.7984474107329399
n8_d50_s42,8,0.5,42,0.95,57,4,0.015625,0.002,1.0,1.0,1.0,4,0.6047869709150526,1.6534747739141662,0.06719855232389474,9.0,14.881272965227495,150.0,0.21897898583183378
n8_d50_s42,8,0.5,42,0.95,57,4,0.015625,0.002,2.0,1.0,1.0,4,0.6047869709150526,1.6534747739141662,0.04652207468577328,13.0,21.49517206088416,150.0,0.31630297953487096
n8_d50_s42,8,0.5,42,0.95,57,4,0.015625,0.002,4.0,1.0,1.0,3,0.4651961025168507,2.149631079430158,0.029074756407303167,16.0,34.394097270882526,120.0,0.5061115777244369
n8_d50_s42,8,0.5,42,0.95,57,4,0.015625,0.002,8.0,1.0,1.0,3,0.4651961025168507,2.149631079430158,0.016614146518458953,28.0,60.18967022404441,120.0,0.8856952610177645
n8_d50_s42,8,0.5,42,1.0,60,4,0.015625,0.0,1.0,1.0,1.0,4,0.8163770193968958,1.2249242399531983,0.09070855771076619,9.0,11.024318159578785,150.0,0.17225497124341851
n8_d50_s42,8,0.5,42,1.0,60,4,0.015625,0.0,2.0,1.0,1.0,4,0.8163770193968958,1.2249242399531983,0.06279823226129967,13.0,15.924015119391578,150.0,0.2488127362404934
n8_d50_s42,8,0.5,42,1.0,60,4,0.015625,0.0,4.0,1.0,1.0,4,0.8163770193968958,1.2249242399531983,0.03887509616175694,21.0,25.723409039017163,150.0,0.4019282662346432
n8_d50_s42,8,0.5,42,1.0,60,4,0.015625,0.0,8.0,1.0,1.0,4,0.8163770193968958,1.2249242399531983,0.02206424376748367,37.0,45.322196878268336,150.0,0.7081593262229428
n8_d50_s42,8,0.5,42,1.0,60,4,0.015625,0.0005,1.0,1.0,1.0,4,0.7573884621337887,1.3203264242799557,0.08415427357042098,9.0,11.882937818519602,150.0,0.18290662379038175
n8_d50_s42,8,0.5,42,1.0,60,4,0.015625,0.0005,2.0,1.0,1.0,4,0.7573884621337887,1.3203264242799557,0.058260650933368366,13.0,17.164243515639427,150.0,0.264198456586107
n8_d50_s42,8,0.5,42,1.0,60,4,0.015625,0.0005,4.0,1.0,1.0,4,0.7573884621337887,1.3203264242799557,0.03606611724446613,21.0,27.726854909879073,150.0,0.42678212217755745
n8_d50_s42,8,0.5,42,1.0,60,4,0.015625,0.0005,8.0,1.0,1.0,4,0.7573884621337887,1.3203264242799557,0.020469958436048343,37.0,48.852077698358364,150.0,0.7519494533604583
n8_d50_s42,8,0.5,42,1.0,60,4,0.015625,0.001,1.0,1.0,1.0,4,0.7026622123650224,1.4231589267255418,0.07807357915166915,9.0,12.808430340529878,150.0,0.19421693774585025
n8_d50_s42,8,0.5,42,1.0,60,4,0.015625,0.001,2.0,1.0,1.0,4,0.7026622123650224,1.4231589267255418,0.054050939412694024,13.0,18.501066047432044,150.0,0.2805355767440059
n8_d50_s42,8,0.5,42,1.0,60,4,0.015625,0.001,4.0,1.0,1.0,4,0.7026622123650224,1.4231589267255418,0.03346010535071535,21.0,29.88633746123638,150.0,0.45317285474031727
n8_d50_s42,8,0.5,42,1.0,60,4,0.015625,0.001,8.0,1.0,1.0,4,0.7026622123650224,1.4231589267255418,0.018990870604460065,37.0,52.65688028884505,150.0,0.7984474107329399
n8_d50_s42,8,0.5,42,1.0,60,4,0.015625,0.002,1.0,1.0,1.0,4,0.6047869709150526,1.6534747739141662,0.06719855232389474,9.0,14.881272965227495,150.0,0.21897898583183378
n8_d50_s42,8,0.5,42,1.0,60,4,0.015625,0.002,2.0,1.0,1.0,4,0.6047869709150526,1.6534747739141662,0.04652207468577328,13.0,21.49517206088416,150.0,0.31630297953487096
n8_d50_s42,8,0.5,42,1.0,60,4,0.015625,0.002,4.0,1.0,1.0,3,0.4651961025168507,2.149631079430158,0.029074756407303167,16.0,34.394097270882526,120.0,0.5061115777244369
n8_d50_s42,8,0.5,42,1.0,60,4,0.015625,0.002,8.0,1.0,1.0,3,0.4651961025168507,2.149631079430158,0.016614146518458953,28.0,60.18967022404441,120.0,0.8856952610177645
n8_d75_s17,8,0.75,17,0.9,81,6,0.0234375,0.0,1.0,1.0,1.0,3,0.774417118715064,1.2912937689952282,0.11063101695929486,7.0,9.039056382966596,120.0,0.21185288397577956
n8_d75_s17,8,0.75,17,0.9,81,6,0.0234375,0.0,2.0,1.0,1.0,3,0.774417118715064,1.2912937689952282,0.0774417118715064,10.0,12.912937689952281,120.0,0.30264697710825655
n8_d75_s17,8,0.75,17,0.9,81,6,0.0234375,0.0,4.0,1.0,1.0,3,0.774417118715064,1.2912937689952282,0.0484010699196915,16.0,20.66070030392365,120.0,0.48423516337321054
n8_d75_s17,8,0.75,17,0.9,81,6,0.0234375,0.0,8.0,1.0,1.0,3,0.774417118715064,1.2912937689952282,0.027657754239823716,28.0,36.15622553186638,120.0,0.8474115359031182
n8_d75_s17,8,0.75,17,0.9,81,6,0.0234375,0.0005,1.0,1.0,1.0,3,0.72931857660635,1.3711429162454343,0.10418836808662144,7.0,9.59800041371804,120.0,0.2216040188406744
n8_d75_s17,8,0.75,17,0.9,81,6,0.0234375,0.0005,2.0,1.0,1.0,3,0.72931857660635,1.3711429162454343,0.07293185766063501,10.0,13.711429162454344,120.0,0.31657716977239203
n8_d75_s17,8,0.75,17,0.9,81,6,0.0234375,0.0005,4.0,1.0,1.0,3,0.72931857660635,1.3711429162454343,0.045582411037896876,16.0,21.93828665992695,120.0,0.5065234716358272
n8_d75_s17,8,0.75,17,0.9,81,6,0.0234375,0.0005,8.0,1.0,1.0,3,0.72931857660635,1.3711429162454343,0.02604709202165536,28.0,38.39200165487216,120.0,0.8864160753626976
n8_d75_s17,8,0.75,17,0.9,81,6,0.0234375,0.001,1.0,1.0,1.0,3,0.6868463691320074,1.4559296590061854,0.09812090987600106,7.0,10.191507613043298,120.0,0.23180397757508167
n8_d75_s17,8,0.75,17,0.9,81,6,0.0234375,0.001,2.0,1.0,1.0,3,0.6868463691320074,1.4559296590061854,0.06868463691320073,10.0,14.559296590061853,120.0,0.3311485393929738
n8_d75_s17,8,0.75,17,0.9,81,6,0.0234375,0.001,4.0,1.0,1.0,3,0.6868463691320074,1.4559296590061854,0.04292789807075046,16.0,23.294874544098967,120.0,0.5298376630287581
n8_d75_s17,8,0.75,17,0.9,81,6,0.0234375,0.001,8.0,1.0,1.0,3,0.6868463691320074,1.4559296590061854,0.024530227469000264,28.0,40.76603045217319,120.0,0.9272159103003267
n8_d75_s17,8,0.75,17,0.9,81,6,0.0234375,0.002,1.0,1.0,1.0,3,0.609178081668154,1.6415561066505078,0.08702544023830772,7.0,11.490892746553556,120.0,0.2536339511232336
n8_d75_s17,8,0.75,17,0.9,81,6,0.0234375,0.002,2.0,1.0,1.0,3,0.609178081668154,1.6415561066505078,0.0609178081668154,10.0,16.415561066505077,120.0,0.36233421589033366
n8_d75_s17,8,0.75,17,0.9,81,6,0.0234375,0.002,4.0,1.0,1.0,3,0.609178081668154,1.6415561066505078,0.038073630104259626,16.0,26.264897706408124,120.0,0.579734745424534
n8_d75_s17,8,0.75,17,0.9,81,6,0.0234375,0.002,8.0,1.0,1.0,0,0.022072606255880825,45.30502598593535,0.022072606255880825,1.0,45.30502598593535,30.0,1.0
n8_d75_s17,8,0.75,17,0.95,86,4,0.015625,0.0,1.0,1.0,1.0,4,0.8163770193968958,1.2249242399531983,0.09070855771076619,9.0,11.024318159578785,150.0,0.17225497124341851
n8_d75_s17,8,0.75,17,0.95,86,4,0.015625,0.0,2.0,1.0,1.0,4,0.8163770193968958,1.2249242399531983,0.06279823226129967,13.0,15.924015119391578,150.0,0.2488127362404934
n8_d75_s17,8,0.75,17,0.95,86,4,0.015625,0.0,4.0,1.0,1.0,4,0.8163770193968958,1.2249242399531983,0.03887509616175694,21.0,25.723409039017163,150.0,0.4019282662346432
n8_d75_s17,8,0.75,17,0.95,86,4,0.015625,0.0,8.0,1.0,1.0,4,0.8163770193968958,1.2249242399531983,0.02206424376748367,37.0,45.322196878268336,150.0,0.7081593262229428
n8_d75_s17,8,0.75,17,0.95,86,4,0.015625,0.0005,1.0,1.0,1.0,4,0.7573884621337887,1.3203264242799557,0.08415427357042098,9.0,11.882937818519602,150.0,0.18290662379038175
n8_d75_s17,8,0.75,17,0.95,86,4,0.015625,0.0005,2.0,1.0,1.0,4,0.7573884621337887,1.3203264242799557,0.058260650933368366,13.0,17.164243515639427,150.0,0.264198456586107
n8_d75_s17,8,0.75,17,0.95,86,4,0.015625,0.0005,4.0,1.0,1.0,4,0.7573884621337887,1.3203264242799557,0.03606611724446613,21.0,27.726854909879073,150.0,0.42678212217755745
n8_d75_s17,8,0.75,17,0.95,86,4,0.015625,0.0005,8.0,1.0,1.0,4,0.7573884621337887,1.3203264242799557,0.020469958436048343,37.0,48.852077698358364,150.0,0.7519494533604583
n8_d75_s17,8,0.75,17,0.95,86,4,0.015625,0.001,1.0,1.0,1.0,4,0.7026622123650224,1.4231589267255418,0.07807357915166915,9.0,12.808430340529878,150.0,0.19421693774585025
n8_d75_s17,8,0.75,17,0.95,86,4,0.015625,0.001,2.0,1.0,1.0,4,0.7026622123650224,1.4231589267255418,0.054050939412694024,13.0,18.501066047432044,150.0,0.2805355767440059
n8_d75_s17,8,0.75,17,0.95,86,4,0.015625,0.001,4.0,1.0,1.0,4,0.7026622123650224,1.4231589267255418,0.03346010535071535,21.0,29.88633746123638,150.0,0.45317285474031727
n8_d75_s17,8,0.75,17,0.95,86,4,0.015625,0.001,8.0,1.0,1.0,4,0.7026622123650224,1.4231589267255418,0.018990870604460065,37.0,52.65688028884505,150.0,0.7984474107329399
n8_d75_s17,8,0.75,17,0.95,86,4,0.015625,0.002,1.0,1.0,1.0,4,0.6047869709150526,1.6534747739141662,0.06719855232389474,9.0,14.881272965227495,150.0,0.21897898583183378
n8_d75_s17,8,0.75,17,0.95,86,4,0.015625,0.002,2.0,1.0,1.0,4,0.6047869709150526,1.6534747739141662,0.04652207468577328,13.0,21.49517206088416,150.0,0.31630297953487096
n8_d75_s17,8,0.75,17,0.95,86,4,0.015625,0.002,4.0,1.0,1.0,3,0.4651961025168507,2.149631079430158,0.029074756407303167,16.0,34.394097270882526,120.0,0.5061115777244369
n8_d75_s17,8,0.75,17,0.95,86,4,0.015625,0.002,8.0,1.0,1.0,3,0.4651961025168507,2.149631079430158,0.016614146518458953,28.0,60.18967022404441,120.0,0.8856952610177645
n8_d75_s17,8,0.75,17,1.0,90,2,0.0078125,0.0,1.0,1.0,1.0,6,0.8335479177263119,1.199691078021913,0.06411907059433168,13.0,15.59598401428487,210.0,0.12184362511160057
n8_d75_s17,8,0.75,17,1.0,90,2,0.0078125,0.0,2.0,1.0,1.0,6,0.8335479177263119,1.199691078021913,0.04387094303822694,19.0,22.79413048241635,210.0,0.17807914439387776
n8_d75_s17,8,0.75,17,1.0,90,2,0.0078125,0.0,4.0,1.0,1.0,6,0.8335479177263119,1.199691078021913,0.026888642507300383,31.0,37.19042341867931,210.0,0.29055018295843216
n8_d75_s17,8,0.75,17,1.0,90,2,0.0078125,0.0,8.0,1.0,1.0,6,0.8335479177263119,1.199691078021913,0.015155416685932944,55.0,65.98300929120522,210.0,0.5154922600875409
n8_d75_s17,8,0.75,17,1.0,90,2,0.0078125,0.0005,1.0,1.0,1.0,6,0.7504636310797176,1.332509609508013,0.05772797162151674,13.0,17.32262492360417,210.0,0.13331816123053175
n8_d75_s17,8,0.75,17,1.0,90,2,0.0078125,0.0005,2.0,1.0,1.0,6,0.7504636310797176,1.332509609508013,0.03949808584630093,19.0,25.317682580652246,210.0,0.1948496202600079
n8_d75_s17,8,0.75,17,1.0,90,2,0.0078125,0.0005,4.0,1.0,1.0,6,0.7504636310797176,1.332509609508013,0.024208504228377985,31.0,41.307797894748404,210.0,0.3179125383189603
n8_d75_s17,8,0.75,17,1.0,90,2,0.0078125,0.0005,8.0,1.0,1.0,6,0.7504636310797176,1.332509609508013,0.0136447932923585,55.0,73.28802852294072,210.0,0.5640383744368651
n8_d75_s17,8,0.75,17,1.0,90,2,0.0078125,0.001,1.0,1.0,1.0,6,0.6756608103702021,1.4800325616814876,0.05197390849001555,13.0,19.240423301859337,210.0,0.14587330356931277
n8_d75_s17,8,0.75,17,1.0,90,2,0.0078125,0.001,2.0,1.0,1.0,5,0.5711038645514939,1.7509949801956461,0.03569399153446837,16.0,28.01591968313034,180.0,0.21240565722459046
n8_d75_s17,8,0.75,17,1.0,90,2,0.0078125,0.001,4.0,1.0,1.0,5,0.5711038645514939,1.7509949801956461,0.021965533251980533,26.0,45.5258694850868,180.0,0.3451591929899595
n8_d75_s17,8,0.75,17,1.0,90,2,0.0078125,0.001,8.0,1.0,1.0,5,0.5711038645514939,1.7509949801956461,0.012415301403293345,46.0,80.54576908899972,180.0,0.6106662645206975
n8_d75_s17,8,0.75,17,1.0,90,2,0.0078125,0.002,1.0,1.0,1.0,5,0.47702604568172075,2.0963215930293577,0.043366004152883705,11.0,23.059537523322934,180.0,0.16966136406500554
n8_d75_s17,8,0.75,17,1.0,90,2,0.0078125,0.002,2.0,1.0,1.0,5,0.47702604568172075,2.0963215930293577,0.029814127855107547,16.0,33.54114548846972,180.0,0.24678016591273533
n8_d75_s17,8,0.75,17,1.0,90,2,0.0078125,0.002,4.0,1.0,1.0,5,0.47702604568172075,2.0963215930293577,0.018347155603143105,26.0,54.5043614187633,180.0,0.40101776960819496
n8_d75_s17,8,0.75,17,1.0,90,2,0.0078125,0.002,8.0,1.0,1.0,5,0.47702604568172075,2.0963215930293577,0.010370131427863494,46.0,96.43079327935045,180.0,0.7094929769991141
n8_d75_s42,8,0.75,42,0.9,83,14,0.0546875,0.0,1.0,1.0,1.0,2,0.8550346419215202,1.1695432570459356,0.17100692838430404,5.0,5.847716285229677,90.0,0.319796984348498
n8_d75_s42,8,0.75,42,0.9,83,14,0.0546875,0.0,2.0,1.0,1.0,2,0.8550346419215202,1.1695432570459356,0.1221478059887886,7.0,8.18680279932155,90.0,0.44771577808789725
n8_d75_s42,8,0.75,42,0.9,83,14,0.0546875,0.0,4.0,1.0,1.0,2,0.8550346419215202,1.1695432570459356,0.07773042199286548,11.0,12.86497582750529,90.0,0.7035533655666956
n8_d75_s42,8,0.75,42,0.9,83,14,0.0546875,0.0,8.0,1.0,1.0,0,0.0546875,18.285714285714285,0.0546875,1.0,18.285714285714285,30.0,1.0
n8_d75_s42,8,0.75,42,0.9,83,14,0.0546875,0.0005,1.0,1.0,1.0,2,0.8174109645570397,1.2233748302384304,0.16348219291140792,5.0,6.116874151192151,90.0,0.3295362524665716
n8_d75_s42,8,0.75,42,0.9,83,14,0.0546875,0.0005,2.0,1.0,1.0,2,0.8174109645570397,1.2233748302384304,0.11677299493671996,7.0,8.563623811669013,90.0,0.4613507534532002
n8_d75_s42,8,0.75,42,0.9,83,14,0.0546875,0.0005,4.0,1.0,1.0,2,0.8174109645570397,1.2233748302384304,0.0743100876870036,11.0,13.457123132622733,90.0,0.7249797554264574
n8_d75_s42,8,0.75,42,0.9,83,14,0.0546875,0.0005,8.0,1.0,1.0,0,0.05387330919704249,18.562067467258863,0.05387330919704249,1.0,18.562067467258863,30.0,1.0
n8_d75_s42,8,0.75,42,0.9,83,14,0.0546875,0.001,1.0,1.0,1.0,2,0.7814428237392952,1.2796841555404952,0.15628856474785904,5.0,6.398420777702476,90.0,0.3395721254562295
n8_d75_s42,8,0.75,42,0.9,83,14,0.0546875,0.001,2.0,1.0,1.0,2,0.7814428237392952,1.2796841555404952,0.1116346891056136,7.0,8.957789088783466,90.0,0.47540097563872125
n8_d75_s42,8,0.75,42,0.9,83,14,0.0546875,0.001,4.0,1.0,1.0,2,0.7814428237392952,1.2796841555404952,0.0710402567035723,11.0,14.076525710945447,90.0,0.7470586760037049
n8_d75_s42,8,0.75,42,0.9,83,14,0.0546875,0.001,8.0,1.0,1.0,0,0.05307124011593404,18.84259719229288,0.05307124011593404,1.0,18.84259719229288,30.0,1.0
n8_d75_s42,8,0.75,42,0.9,83,14,0.0546875,0.002,1.0,1.0,1.0,2,0.7141849661217494,1.4001974942574285,0.1428369932243499,5.0,7.000987471287142,90.0,0.3605700929975104
n8_d75_s42,8,0.75,42,0.9,83,14,0.0546875,0.002,2.0,1.0,1.0,2,0.7141849661217494,1.4001974942574285,0.10202642373167849,7.0,9.801382459802,90.0,0.5047981301965145
n8_d75_s42,8,0.75,42,0.9,83,14,0.0546875,0.002,4.0,1.0,1.0,2,0.7141849661217494,1.4001974942574285,0.06492590601106812,11.0,15.402172436831714,90.0,0.793254204594523
n8_d75_s42,8,0.75,42,0.9,83,14,0.0546875,0.002,8.0,1.0,1.0,0,0.0515027479303886,19.416439708258004,0.0515027479303886,1.0,19.416439708258004,30.0,1.0
n8_d75_s42,8,0.75,42,0.95,88,10,0.0390625,0.0,1.0,1.0,1.0,2,0.7032984867691994,1.4218713943119414,0.14065969735383987,5.0,7.109356971559707,90.0,0.2777092567015511
n8_d75_s42,8,0.75,42,0.95,88,10,0.0390625,0.0,2.0,1.0,1.0,2,0.7032984867691994,1.4218713943119414,0.1004712123955999,7.0,9.95309976018359,90.0,0.3887929593821716
n8_d75_s42,8,0.75,42,0.95,88,10,0.0390625,0.0,4.0,1.0,1.0,2,0.7032984867691994,1.4218713943119414,0.06393622606992722,11.0,15.640585337431355,90.0,0.6109603647434124
n8_d75_s42,8,0.75,42,0.95,88,10,0.0390625,0.0,8.0,1.0,1.0,0,0.03906250000000001,25.599999999999994,0.03906250000000001,1.0,25.599999999999994,30.0,1.0
n8_d75_s42,8,0.75,42,0.95,88,10,0.0390625,0.0005,1.0,1.0,1.0,2,0.6723515823283843,1.4873170916575436,0.13447031646567686,5.0,7.436585458287718,90.0,0.28616676268897445
n8_d75_s42,8,0.75,42,0.95,88,10,0.0390625,0.0005,2.0,1.0,1.0,2,0.6723515823283843,1.4873170916575436,0.09605022604691205,7.0,10.411219641602804,90.0,0.40063346776456416
n8_d75_s42,8,0.75,42,0.95,88,10,0.0390625,0.0005,4.0,1.0,1.0,2,0.6723515823283843,1.4873170916575436,0.06112287112076221,11.0,16.360488008232977,90.0,0.6295668779157436
n8_d75_s42,8,0.75,42,0.95,88,10,0.0390625,0.0005,8.0,1.0,1.0,0,0.03848093514074464,25.986894454162403,0.03848093514074464,1.0,25.986894454162403,30.0,1.0
n8_d75_s42,8,0.75,42,0.95,88,10,0.0390625,0.001,1.0,1.0,1.0,2,0.6427664196124355,1.5557751143921974,0.1285532839224871,5.0,7.778875571960986,90.0,0.2948818380796538
n8_d75_s42,8,0.75,42,0.95,88,10,0.0390625,0.001,2.0,1.0,1.0,2,0.6427664196124355,1.5557751143921974,0.09182377423034793,7.0,10.890425800745382,90.0,0.4128345733115153
n8_d75_s42,8,0.75,42,0.95,88,10,0.0390625,0.001,4.0,1.0,1.0,2,0.6427664196124355,1.5557751143921974,0.05843331087385777,11.0,17.11352625831417,90.0,0.6487400437752383
n8_d75_s42,8,0.75,42,0.95,88,10,0.0390625,0.001,8.0,1.0,1.0,0,0.037908028654238604,26.37963606921003,0.037908028654238604,1.0,26.37963606921003,30.0,1.0
n8_d75_s42,8,0.75,42,0.95,88,10,0.0390625,0.002,1.0,1.0,1.0,2,0.5874442757289369,1.7022891213964741,0.11748885514578737,5.0,8.51144560698237,90.0,0.31311631258544753
n8_d75_s42,8,0.75,42,0.95,88,10,0.0390625,0.002,2.0,1.0,1.0,2,0.5874442757289369,1.7022891213964741,0.08392061081841955,7.0,11.916023849775318,90.0,0.43836283761962647
n8_d75_s42,8,0.75,42,0.95,88,10,0.0390625,0.002,4.0,1.0,1.0,2,0.5874442757289369,1.7022891213964741,0.053404025066266986,11.0,18.725180335361216,90.0,0.6888558876879846
n8_d75_s42,8,0.75,42,0.95,88,10,0.0390625,0.002,8.0,1.0,1.0,0,0.03678767709313472,27.1830155915612,0.03678767709313472,1.0,27.1830155915612,30.0,1.0
n8_d75_s42,8,0.75,42,1.0,92,2,0.0078125,0.0,1.0,1.0,1.0,6,0.8335479177263119,1.199691078021913,0.06411907059433168,13.0,15.59598401428487,210.0,0.12184362511160057
n8_d75_s42,8,0.75,42,1.0,92,2,0.0078125,0.0,2.0,1.0,1.0,6,0.8335479177263119,1.199691078021913,0.04387094303822694,19.0,22.79413048241635,210.0,0.17807914439387776
n8_d75_s42,8,0.75,42,1.0,92,2,0.0078125,0.0,4.0,1.0,1.0,6,0.8335479177263119,1.199691078021913,0.026888642507300383,31.0,37.19042341867931,210.0,0.29055018295843216
n8_d75_s42,8,0.75,42,1.0,92,2,0.0078125,0.0,8.0,1.0,1.0,6,0.8335479177263119,1.199691078021913,0.015155416685932944,55.0,65.98300929120522,210.0,0.5154922600875409
n8_d75_s42,8,0.75,42,1.0,92,2,0.0078125,0.0005,1.0,1.0,1.0,6,0.7504636310797176,1.332509609508013,0.05772797162151674,13.0,17.32262492360417,210.0,0.13331816123053175
n8_d75_s42,8,0.75,42,1.0,92,2,0.0078125,0.0005,2.0,1.0,1.0,6,0.7504636310797176,1.332509609508013,0.03949808584630093,19.0,25.317682580652246,210.0,0.1948496202600079
n8_d75_s42,8,0.75,42,1.0,92,2,0.0078125,0.0005,4.0,1.0,1.0,6,0.7504636310797176,1.332509609508013,0.024208504228377985,31.0,41.307797894748404,210.0,0.3179125383189603
n8_d75_s42,8,0.75,42,1.0,92,2,0.0078125,0.0005,8.0,1.0,1.0,6,0.7504636310797176,1.332509609508013,0.0136447932923585,55.0,73.28802852294072,210.0,0.5640383744368651
n8_d75_s42,8,0.75,42,1.0,92,2,0.0078125,0.001,1.0,1.0,1.0,6,0.6756608103702021,1.4800325616814876,0.05197390849001555,13.0,19.240423301859337,210.0,0.14587330356931277
n8_d75_s42,8,0.75,42,1.0,92,2,0.0078125,0.001,2.0,1.0,1.0,5,0.5711038645514939,1.7509949801956461,0.03569399153446837,16.0,28.01591968313034,180.0,0.21240565722459046
n8_d75_s42,8,0.75,42,1.0,92,2,0.0078125,0.001,4.0,1.0,1.0,5,0.5711038645514939,1.7509949801956461,0.021965533251980533,26.0,45.5258694850868,180.0,0.3451591929899595
n8_d75_s42,8,0.75,42,1.0,92,2,0.0078125,0.001,8.0,1.0,1.0,5,0.5711038645514939,1.7509949801956461,0.012415301403293345,46.0,80.54576908899972,180.0,0.6106662645206975
n8_d75_s42,8,0.75,42,1.0,92,2,0.0078125,0.002,1.0,1.0,1.0,5,0.47702604568172075,2.0963215930293577,0.043366004152883705,11.0,23.059537523322934,180.0,0.16966136406500554
n8_d75_s42,8,0.75,42,1.0,92,2,0.0078125,0.002,2.0,1.0,1.0,5,0.47702604568172075,2.0963215930293577,0.029814127855107547,16.0,33.54114548846972,180.0,0.24678016591273533
n8_d75_s42,8,0.75,42,1.0,92,2,0.0078125,0.002,4.0,1.0,1.0,5,0.47702604568172075,2.0963215930293577,0.018347155603143105,26.0,54.5043614187633,180.0,0.40101776960819496
n8_d75_s42,8,0.75,42,1.0,92,2,0.0078125,0.002,8.0,1.0,1.0,5,0.47702604568172075,2.0963215930293577,0.010370131427863494,46.0,96.43079327935045,180.0,0.7094929769991141
n10_d25_s17,10,0.25,17,0.9,54,8,0.0078125,0.0,1.0,1.0,1.0,6,0.8335479177263119,1.199691078021913,0.06411907059433168,13.0,15.59598401428487,210.0,0.12184362511160057
n10_d25_s17,10,0.25,17,0.9,54,8,0.0078125,0.0,2.0,1.0,1.0,6,0.8335479177263119,1.199691078021913,0.04387094303822694,19.0,22.79413048241635,210.0,0.17807914439387776
n10_d25_s17,10,0.25,17,0.9,54,8,0.0078125,0.0,4.0,1.0,1.0,6,0.8335479177263119,1.199691078021913,0.026888642507300383,31.0,37.19042341867931,210.0,0.29055018295843216
n10_d25_s17,10,0.25,17,0.9,54,8,0.0078125,0.0,8.0,1.0,1.0,6,0.8335479177263119,1.199691078021913,0.015155416685932944,55.0,65.98300929120522,210.0,0.5154922600875409
n10_d25_s17,10,0.25,17,0.9,54,8,0.0078125,0.0005,1.0,1.0,1.0,6,0.7504636310797176,1.332509609508013,0.05772797162151674,13.0,17.32262492360417,210.0,0.13331816123053175
n10_d25_s17,10,0.25,17,0.9,54,8,0.0078125,0.0005,2.0,1.0,1.0,6,0.7504636310797176,1.332509609508013,0.03949808584630093,19.0,25.317682580652246,210.0,0.1948496202600079
n10_d25_s17,10,0.25,17,0.9,54,8,0.0078125,0.0005,4.0,1.0,1.0,6,0.7504636310797176,1.332509609508013,0.024208504228377985,31.0,41.307797894748404,210.0,0.3179125383189603
n10_d25_s17,10,0.25,17,0.9,54,8,0.0078125,0.0005,8.0,1.0,1.0,6,0.7504636310797176,1.332509609508013,0.0136447932923585,55.0,73.28802852294072,210.0,0.5640383744368651
n10_d25_s17,10,0.25,17,0.9,54,8,0.0078125,0.001,1.0,1.0,1.0,6,0.6756608103702021,1.4800325616814876,0.05197390849001555,13.0,19.240423301859337,210.0,0.14587330356931277
n10_d25_s17,10,0.25,17,0.9,54,8,0.0078125,0.001,2.0,1.0,1.0,5,0.5711038645514939,1.7509949801956461,0.03569399153446837,16.0,28.01591968313034,180.0,0.21240565722459046
n10_d25_s17,10,0.25,17,0.9,54,8,0.0078125,0.001,4.0,1.0,1.0,5,0.5711038645514939,1.7509949801956461,0.021965533251980533,26.0,45.5258694850868,180.0,0.3451591929899595
n10_d25_s17,10,0.25,17,0.9,54,8,0.0078125,0.001,8.0,1.0,1.0,5,0.5711038645514939,1.7509949801956461,0.012415301403293345,46.0,80.54576908899972,180.0,0.6106662645206975
n10_d25_s17,10,0.25,17,0.9,54,8,0.0078125,0.002,1.0,1.0,1.0,5,0.47702604568172075,2.0963215930293577,0.043366004152883705,11.0,23.059537523322934,180.0,0.16966136406500554
n10_d25_s17,10,0.25,17,0.9,54,8,0.0078125,0.002,2.0,1.0,1.0,5,0.47702604568172075,2.0963215930293577,0.029814127855107547,16.0,33.54114548846972,180.0,0.24678016591273533
n10_d25_s17,10,0.25,17,0.9,54,8,0.0078125,0.002,4.0,1.0,1.0,5,0.47702604568172075,2.0963215930293577,0.018347155603143105,26.0,54.5043614187633,180.0,0.40101776960819496
n10_d25_s17,10,0.25,17,0.9,54,8,0.0078125,0.002,8.0,1.0,1.0,5,0.47702604568172075,2.0963215930293577,0.010370131427863494,46.0,96.43079327935045,180.0,0.7094929769991141
n10_d25_s17,10,0.25,17,0.95,57,8,0.0078125,0.0,1.0,1.0,1.0,6,0.8335479177263119,1.199691078021913,0.06411907059433168,13.0,15.59598401428487,210.0,0.12184362511160057
n10_d25_s17,10,0.25,17,0.95,57,8,0.0078125,0.0,2.0,1.0,1.0,6,0.8335479177263119,1.199691078021913,0.04387094303822694,19.0,22.79413048241635,210.0,0.17807914439387776
n10_d25_s17,10,0.25,17,0.95,57,8,0.0078125,0.0,4.0,1.0,1.0,6,0.8335479177263119,1.199691078021913,0.026888642507300383,31.0,37.19042341867931,210.0,0.29055018295843216
n10_d25_s17,10,0.25,17,0.95,57,8,0.0078125,0.0,8.0,1.0,1.0,6,0.8335479177263119,1.199691078021913,0.015155416685932944,55.0,65.98300929120522,210.0,0.5154922600875409
n10_d25_s17,10,0.25,17,0.95,57,8,0.0078125,0.0005,1.0,1.0,1.0,6,0.7504636310797176,1.332509609508013,0.05772797162151674,13.0,17.32262492360417,210.0,0.13331816123053175
n10_d25_s17,10,0.25,17,0.95,57,8,0.0078125,0.0005,2.0,1.0,1.0,6,0.7504636310797176,1.332509609508013,0.03949808584630093,19.0,25.317682580652246,210.0,0.1948496202600079
n10_d25_s17,10,0.25,17,0.95,57,8,0.0078125,0.0005,4.0,1.0,1.0,6,0.7504636310797176,1.332509609508013,0.024208504228377985,31.0,41.307797894748404,210.0,0.3179125383189603
n10_d25_s17,10,0.25,17,0.95,57,8,0.0078125,0.0005,8.0,1.0,1.0,6,0.7504636310797176,1.332509609508013,0.0136447932923585,55.0,73.28802852294072,210.0,0.5640383744368651
n10_d25_s17,10,0.25,17,0.95,57,8,0.0078125,0.001,1.0,1.0,1.0,6,0.6756608103702021,1.4800325616814876,0.05197390849001555,13.0,19.240423301859337,210.0,0.14587330356931277
n10_d25_s17,10,0.25,17,0.95,57,8,0.0078125,0.001,2.0,1.0,1.0,5,0.5711038645514939,1.7509949801956461,0.03569399153446837,16.0,28.01591968313034,180.0,0.21240565722459046
n10_d25_s17,10,0.25,17,0.95,57,8,0.0078125,0.001,4.0,1.0,1.0,5,0.5711038645514939,1.7509949801956461,0.021965533251980533,26.0,45.5258694850868,180.0,0.3451591929899595
n10_d25_s17,10,0.25,17,0.95,57,8,0.0078125,0.001,8.0,1.0,1.0,5,0.5711038645514939,1.7509949801956461,0.012415301403293345,46.0,80.54576908899972,180.0,0.6106662645206975
n10_d25_s17,10,0.25,17,0.95,57,8,0.0078125,0.002,1.0,1.0,1.0,5,0.47702604568172075,2.0963215930293577,0.043366004152883705,11.0,23.059537523322934,180.0,0.16966136406500554
n10_d25_s17,10,0.25,17,0.95,57,8,0.0078125,0.002,2.0,1.0,1.0,5,0.47702604568172075,2.0963215930293577,0.029814127855107547,16.0,33.54114548846972,180.0,0.24678016591273533
n10_d25_s17,10,0.25,17,0.95,57,8,0.0078125,0.002,4.0,1.0,1.0,5,0.47702604568172075,2.0963215930293577,0.018347155603143105,26.0,54.5043614187633,180.0,0.40101776960819496
n10_d25_s17,10,0.25,17,0.95,57,8,0.0078125,0.002,8.0,1.0,1.0,5,0.47702604568172075,2.0963215930293577,0.010370131427863494,46.0,96.43079327935045,180.0,0.7094929769991141
n10_d25_s17,10,0.25,17,1.0,59,4,0.00390625,0.0,1.0,1.0,1.0,9,0.8606760445971724,1.161877347786572,0.045298739189324866,19.0,22.075669607944867,300.0,0.08623308440603462
n10_d25_s17,10,0.25,17,1.0,59,4,0.00390625,0.0,2.0,1.0,1.0,9,0.8606760445971724,1.161877347786572,0.03073843016418473,28.0,32.53256573802401,300.0,0.12708033491415627
n10_d25_s17,10,0.25,17,1.0,59,4,0.00390625,0.0,4.0,1.0,1.0,9,0.8606760445971724,1.161877347786572,0.018710348795590703,46.0,53.44635799818231,300.0,0.20877483593039958
n10_d25_s17,10,0.25,17,1.0,59,4,0.00390625,0.0,8.0,1.0,1.0,9,0.8606760445971724,1.161877347786572,0.010496049324355761,82.0,95.2739425184989,300.0,0.37216383796288627
n10_d25_s17,10,0.25,17,1.0,59,4,0.00390625,0.0005,1.0,1.0,1.0,8,0.6672761893375432,1.4986298267180453,0.039251540549267244,17.0,25.476707054206774,270.0,0.0980367511752682
n10_d25_s17,10,0.25,17,1.0,59,4,0.00390625,0.0005,2.0,1.0,1.0,8,0.6672761893375432,1.4986298267180453,0.026691047573501728,25.0,37.46574566795113,270.0,0.14417169290480616
n10_d25_s17,10,0.25,17,1.0,59,4,0.00390625,0.0005,4.0,1.0,1.0,8,0.6672761893375432,1.4986298267180453,0.01627502900823276,41.0,61.443822895439865,270.0,0.23644157636388213
n10_d25_s17,10,0.25,17,1.0,59,4,0.00390625,0.0005,8.0,1.0,1.0,8,0.6672761893375432,1.4986298267180453,0.009140769716952647,73.0,109.39997735041732,270.0,0.420981343282034
n10_d25_s17,10,0.25,17,1.0,59,4,0.00390625,0.001,1.0,1.0,1.0,8,0.5830098241147691,1.7152369628048392,0.034294695536162885,17.0,29.159028367682264,270.0,0.11053612828918552
n10_d25_s17,10,0.25,17,1.0,59,4,0.00390625,0.001,2.0,1.0,1.0,8,0.5830098241147691,1.7152369628048392,0.023320392964590764,25.0,42.880924070120976,270.0,0.1625531298370375
n10_d25_s17,10,0.25,17,1.0,59,4,0.00390625,0.001,4.0,1.0,1.0,8,0.5830098241147691,1.7152369628048392,0.014219751807677296,41.0,70.3247154749984,270.0,0.2665871329327415
n10_d25_s17,10,0.25,17,1.0,59,4,0.00390625,0.001,8.0,1.0,1.0,7,0.5115834252974633,1.9547154003641616,0.007993491020272863,64.0,125.10178562330634,240.0,0.474236207410471
n10_d25_s17,10,0.25,17,1.0,59,4,0.00390625,0.002,1.0,1.0,1.0,7,0.40242577559884446,2.4849302918331047,0.026828385039922964,15.0,37.273954377496565,240.0,0.13712221976235786
n10_d25_s17,10,0.25,17,1.0,59,4,0.00390625,0.002,2.0,1.0,1.0,7,0.40242577559884446,2.4849302918331047,0.018292080709038386,22.0,54.6684664203283,240.0,0.20111258898479153
n10_d25_s17,10,0.25,17,1.0,59,4,0.00390625,0.002,4.0,1.0,1.0,6,0.34666951695370707,2.884591667555057,0.01118288764366797,31.0,89.42234169420676,210.0,0.3289640231158435
n10_d25_s17,10,0.25,17,1.0,59,4,0.00390625,0.002,8.0,1.0,1.0,6,0.34666951695370707,2.884591667555057,0.006303082126431037,55.0,158.65254171552814,210.0,0.5836458474635933
n10_d25_s42,10,0.25,42,0.9,45,32,0.03125,0.0,1.0,1.0,1.0,3,0.8969365358352662,1.114906083147518,0.12813379083360946,7.0,7.804342582032626,120.0,0.2438857056885196
n10_d25_s42,10,0.25,42,0.9,45,32,0.03125,0.0,2.0,1.0,1.0,3,0.8969365358352662,1.114906083147518,0.08969365358352663,10.0,11.149060831475179,120.0,0.3484081509835994
n10_d25_s42,10,0.25,42,0.9,45,32,0.03125,0.0,4.0,1.0,1.0,3,0.8969365358352662,1.114906083147518,0.05605853348970414,16.0,17.838497330360287,120.0,0.5574530415737591
n10_d25_s42,10,0.25,42,0.9,45,32,0.03125,0.0,8.0,1.0,1.0,3,0.8969365358352662,1.114906083147518,0.032033447708402364,28.0,31.217370328130503,120.0,0.9755428227540784
n10_d25_s42,10,0.25,42,0.9,45,32,0.03125,0.0005,1.0,1.0,1.0,3,0.8447030183255713,1.183848025051774,0.12067185976079589,7.0,8.286936175362419,120.0,0.2551112427836894
n10_d25_s42,10,0.25,42,0.9,45,32,0.03125,0.0005,2.0,1.0,1.0,3,0.8447030183255713,1.183848025051774,0.08447030183255713,10.0,11.83848025051774,120.0,0.3644446325481277
n10_d25_s42,10,0.25,42,0.9,45,32,0.03125,0.0005,4.0,1.0,1.0,3,0.8447030183255713,1.183848025051774,0.052793938645348204,16.0,18.941568400828384,120.0,0.5831114120770042
n10_d25_s42,10,0.25,42,0.9,45,32,0.03125,0.0005,8.0,1.0,1.0,0,0.030784748112595715,32.483618067703,0.030784748112595715,1.0,32.483618067703,30.0,1.0
n10_d25_s42,10,0.25,42,0.9,45,32,0.03125,0.001,1.0,1.0,1.0,3,0.7955113440705887,1.2570530985555202,0.11364447772436981,7.0,8.799371689888641,120.0,0.2668534673276757
n10_d25_s42,10,0.25,42,0.9,45,32,0.03125,0.001,2.0,1.0,1.0,3,0.7955113440705887,1.2570530985555202,0.07955113440705887,10.0,12.570530985555202,120.0,0.3812192390395367
n10_d25_s42,10,0.25,42,0.9,45,32,0.03125,0.001,4.0,1.0,1.0,2,0.5505746484390368,1.8162841366473241,0.05005224076718517,11.0,19.979125503120567,90.0,0.6058954096471391
n10_d25_s42,10,0.25,42,0.9,45,32,0.03125,0.001,8.0,1.0,1.0,0,0.030326422923390887,32.974545086512535,0.030326422923390887,1.0,32.974545086512535,30.0,1.0
n10_d25_s42,10,0.25,42,0.9,45,32,0.03125,0.002,1.0,1.0,1.0,3,0.7055552686965395,1.4173234108894475,0.10079360981379136,7.0,9.921263876226133,120.0,0.2919842014675113
n10_d25_s42,10,0.25,42,0.9,45,32,0.03125,0.002,2.0,1.0,1.0,2,0.5031873410281786,1.9873313942212225,0.07188390586116837,7.0,13.911319759548558,90.0,0.4094121114028935
n10_d25_s42,10,0.25,42,0.9,45,32,0.03125,0.002,4.0,1.0,1.0,2,0.5031873410281786,1.9873313942212225,0.04574430372983442,11.0,21.860645336433446,90.0,0.6433618893474041
n10_d25_s42,10,0.25,42,0.9,45,32,0.03125,0.002,8.0,1.0,1.0,0,0.02943014167450778,33.9787694894515,0.02943014167450778,1.0,33.9787694894515,30.0,1.0
n10_d25_s42,10,0.25,42,0.95,48,12,0.01171875,0.0,1.0,1.0,1.0,5,0.8640169934267792,1.1573846435981523,0.07854699940243447,11.0,12.731231079579675,180.0,0.1491941142138243
n10_d25_s42,10,0.25,42,0.95,48,12,0.01171875,0.0,2.0,1.0,1.0,5,0.8640169934267792,1.1573846435981523,0.0540010620891737,16.0,18.518154297570437,180.0,0.21700962067465354
n10_d25_s42,10,0.25,42,0.95,48,12,0.01171875,0.0,4.0,1.0,1.0,5,0.8640169934267792,1.1573846435981523,0.03323142282410689,26.0,30.092000733551963,180.0,0.35264063359631204
n10_d25_s42,10,0.25,42,0.95,48,12,0.01171875,0.0,8.0,1.0,1.0,5,0.8640169934267792,1.1573846435981523,0.01878297811797346,46.0,53.23969360551501,180.0,0.623902659439629
n10_d25_s42,10,0.25,42,0.95,48,12,0.01171875,0.0005,1.0,1.0,1.0,5,0.7896520748970193,1.2663805133804185,0.07178655226336539,11.0,13.930185647184604,180.0,0.16081397111635273
n10_d25_s42,10,0.25,42,0.95,48,12,0.01171875,0.0005,2.0,1.0,1.0,5,0.7896520748970193,1.2663805133804185,0.049353254681063705,16.0,20.262088214086695,180.0,0.23391123071469488
n10_d25_s42,10,0.25,42,0.95,48,12,0.01171875,0.0005,4.0,1.0,1.0,5,0.7896520748970193,1.2663805133804185,0.03037123364988536,26.0,32.925893347890884,180.0,0.38010574991137924
n10_d25_s42,10,0.25,42,0.95,48,12,0.01171875,0.0005,8.0,1.0,1.0,4,0.6366146224977235,1.5708090336922413,0.017205800608046582,37.0,58.11993424661293,150.0,0.6709528260384764
n10_d25_s42,10,0.25,42,0.95,48,12,0.01171875,0.001,1.0,1.0,1.0,4,0.5906150693237736,1.69315016148327,0.0656238965915304,9.0,15.23835145334943,150.0,0.17329675906107855
n10_d25_s42,10,0.25,42,0.95,48,12,0.01171875,0.001,2.0,1.0,1.0,4,0.5906150693237736,1.69315016148327,0.045431928409521045,13.0,22.01095209928251,150.0,0.25031754086600233
n10_d25_s42,10,0.25,42,0.95,48,12,0.01171875,0.001,4.0,1.0,1.0,4,0.5906150693237736,1.69315016148327,0.028124527110655887,21.0,35.55615339114867,150.0,0.40435910447584994
n10_d25_s42,10,0.25,42,0.95,48,12,0.01171875,0.001,8.0,1.0,1.0,4,0.5906150693237736,1.69315016148327,0.015962569441183072,37.0,62.64655597488099,150.0,0.7124422316955451
n10_d25_s42,10,0.25,42,0.95,48,12,0.01171875,0.002,1.0,1.0,1.0,4,0.5083471011638104,1.9671598356921853,0.05648301124042338,9.0,17.70443852122967,150.0,0.19539155023027574
n10_d25_s42,10,0.25,42,0.95,48,12,0.01171875,0.002,2.0,1.0,1.0,4,0.5083471011638104,1.9671598356921853,0.03910362316644696,13.0,25.573077863998407,150.0,0.28223223922150936
n10_d25_s42,10,0.25,42,0.95,48,12,0.01171875,0.002,4.0,1.0,1.0,4,0.5083471011638104,1.9671598356921853,0.024207004817324306,21.0,41.31035654953589,150.0,0.45591361720397666
n10_d25_s42,10,0.25,42,0.95,48,12,0.01171875,0.002,8.0,1.0,1.0,4,0.5083471011638104,1.9671598356921853,0.013739110842265147,37.0,72.78491392061085,150.0,0.8032763731689112
n10_d25_s42,10,0.25,42,1.0,50,8,0.0078125,0.0,1.0,1.0,1.0,6,0.8335479177263119,1.199691078021913,0.06411907059433168,13.0,15.59598401428487,210.0,0.12184362511160057
n10_d25_s42,10,0.25,42,1.0,50,8,0.0078125,0.0,2.0,1.0,1.0,6,0.8335479177263119,1.199691078021913,0.04387094303822694,19.0,22.79413048241635,210.0,0.17807914439387776
n10_d25_s42,10,0.25,42,1.0,50,8,0.0078125,0.0,4.0,1.0,1.0,6,0.8335479177263119,1.199691078021913,0.026888642507300383,31.0,37.19042341867931,210.0,0.29055018295843216
n10_d25_s42,10,0.25,42,1.0,50,8,0.0078125,0.0,8.0,1.0,1.0,6,0.8335479177263119,1.199691078021913,0.015155416685932944,55.0,65.98300929120522,210.0,0.5154922600875409
n10_d25_s42,10,0.25,42,1.0,50,8,0.0078125,0.0005,1.0,1.0,1.0,6,0.7504636310797176,1.332509609508013,0.05772797162151674,13.0,17.32262492360417,210.0,0.13331816123053175
n10_d25_s42,10,0.25,42,1.0,50,8,0.0078125,0.0005,2.0,1.0,1.0,6,0.7504636310797176,1.332509609508013,0.03949808584630093,19.0,25.317682580652246,210.0,0.1948496202600079
n10_d25_s42,10,0.25,42,1.0,50,8,0.0078125,0.0005,4.0,1.0,1.0,6,0.7504636310797176,1.332509609508013,0.024208504228377985,31.0,41.307797894748404,210.0,0.3179125383189603
n10_d25_s42,10,0.25,42,1.0,50,8,0.0078125,0.0005,8.0,1.0,1.0,6,0.7504636310797176,1.332509609508013,0.0136447932923585,55.0,73.28802852294072,210.0,0.5640383744368651
n10_d25_s42,10,0.25,42,1.0,50,8,0.0078125,0.001,1.0,1.0,1.0,6,0.6756608103702021,1.4800325616814876,0.05197390849001555,13.0,19.240423301859337,210.0,0.14587330356931277
n10_d25_s42,10,0.25,42,1.0,50,8,0.0078125,0.001,2.0,1.0,1.0,5,0.5711038645514939,1.7509949801956461,0.03569399153446837,16.0,28.01591968313034,180.0,0.21240565722459046
n10_d25_s42,10,0.25,42,1.0,50,8,0.0078125,0.001,4.0,1.0,1.0,5,0.5711038645514939,1.7509949801956461,0.021965533251980533,26.0,45.5258694850868,180.0,0.3451591929899595
n10_d25_s42,10,0.25,42,1.0,50,8,0.0078125,0.001,8.0,1.0,1.0,5,0.5711038645514939,1.7509949801956461,0.012415301403293345,46.0,80.54576908899972,180.0,0.6106662645206975
n10_d25_s42,10,0.25,42,1.0,50,8,0.0078125,0.002,1.0,1.0,1.0,5,0.47702604568172075,2.0963215930293577,0.043366004152883705,11.0,23.059537523322934,180.0,0.16966136406500554
n10_d25_s42,10,0.25,42,1.0,50,8,0.0078125,0.002,2.0,1.0,1.0,5,0.47702604568172075,2.0963215930293577,0.029814127855107547,16.0,33.54114548846972,180.0,0.24678016591273533
n10_d25_s42,10,0.25,42,1.0,50,8,0.0078125,0.002,4.0,1.0,1.0,5,0.47702604568172075,2.0963215930293577,0.018347155603143105,26.0,54.5043614187633,180.0,0.40101776960819496
n10_d25_s42,10,0.25,42,1.0,50,8,0.0078125,0.002,8.0,1.0,1.0,5,0.47702604568172075,2.0963215930293577,0.010370131427863494,46.0,96.43079327935045,180.0,0.7094929769991141
n10_d50_s17,10,0.5,17,0.9,63,28,0.02734375,0.0,1.0,1.0,1.0,3,0.842614590269875,1.1867822033317952,0.12037351289569642,7.0,8.307475423322566,120.0,0.22715753110647643
n10_d50_s17,10,0.5,17,0.9,63,28,0.02734375,0.0,2.0,1.0,1.0,3,0.842614590269875,1.1867822033317952,0.08426145902698749,10.0,11.867822033317951,120.0,0.32451075872353774
n10_d50_s17,10,0.5,17,0.9,63,28,0.02734375,0.0,4.0,1.0,1.0,3,0.842614590269875,1.1867822033317952,0.052663411891867185,16.0,18.988515253308723,120.0,0.5192172139576604
n10_d50_s17,10,0.5,17,0.9,63,28,0.02734375,0.0,8.0,1.0,1.0,3,0.842614590269875,1.1867822033317952,0.030093378223924105,28.0,33.229901693290266,120.0,0.9086301244259057
n10_d50_s17,10,0.5,17,0.9,63,28,0.02734375,0.0005,1.0,1.0,1.0,3,0.7935445365967916,1.2601687162873263,0.11336350522811309,7.0,8.821181014011284,120.0,0.23761310612545536
n10_d50_s17,10,0.5,17,0.9,63,28,0.02734375,0.0005,2.0,1.0,1.0,3,0.7935445365967916,1.2601687162873263,0.07935445365967916,10.0,12.601687162873262,120.0,0.3394472944649362
n10_d50_s17,10,0.5,17,0.9,63,28,0.02734375,0.0005,4.0,1.0,1.0,3,0.7935445365967916,1.2601687162873263,0.049596533537299474,16.0,20.16269946059722,120.0,0.543115671143898
n10_d50_s17,10,0.5,17,0.9,63,28,0.02734375,0.0005,8.0,1.0,1.0,3,0.7935445365967916,1.2601687162873263,0.028340876307028272,28.0,35.284724056045135,120.0,0.9504524245018214
n10_d50_s17,10,0.5,17,0.9,63,28,0.02734375,0.001,1.0,1.0,1.0,3,0.7473321003864062,1.3380931977670336,0.10676172862662946,7.0,9.366652384369235,120.0,0.2485499288866729
n10_d50_s17,10,0.5,17,0.9,63,28,0.02734375,0.001,2.0,1.0,1.0,3,0.7473321003864062,1.3380931977670336,0.07473321003864061,10.0,13.380931977670336,120.0,0.35507132698096133
n10_d50_s17,10,0.5,17,0.9,63,28,0.02734375,0.001,4.0,1.0,1.0,3,0.7473321003864062,1.3380931977670336,0.046708256274150387,16.0,21.409491164272538,120.0,0.5681141231695381
n10_d50_s17,10,0.5,17,0.9,63,28,0.02734375,0.001,8.0,1.0,1.0,3,0.7473321003864062,1.3380931977670336,0.026690432156657364,28.0,37.46660953747694,120.0,0.9941997155466916
n10_d50_s17,10,0.5,17,0.9,63,28,0.02734375,0.002,1.0,1.0,1.0,3,0.6628241128474621,1.508695867602109,0.09468915897820887,7.0,10.560871073214763,120.0,0.2719569404045563
n10_d50_s17,10,0.5,17,0.9,63,28,0.02734375,0.002,2.0,1.0,1.0,3,0.6628241128474621,1.508695867602109,0.06628241128474621,10.0,15.086958676021089,120.0,0.38850991486365183
n10_d50_s17,10,0.5,17,0.9,63,28,0.02734375,0.002,4.0,1.0,1.0,3,0.6628241128474621,1.508695867602109,0.04142650705296638,16.0,24.139133881633743,120.0,0.621615863781843
n10_d50_s17,10,0.5,17,0.9,63,28,0.02734375,0.002,8.0,1.0,1.0,0,0.025751373965194304,38.832879416516,0.025751373965194304,1.0,38.832879416516,30.0,1.0
n10_d50_s17,10,0.5,17,0.95,67,12,0.01171875,0.0,1.0,1.0,1.0,5,0.8640169934267792,1.1573846435981523,0.07854699940243447,11.0,12.731231079579675,180.0,0.1491941142138243
n10_d50_s17,10,0.5,17,0.95,67,12,0.01171875,0.0,2.0,1.0,1.0,5,0.8640169934267792,1.1573846435981523,0.0540010620891737,16.0,18.518154297570437,180.0,0.21700962067465354
n10_d50_s17,10,0.5,17,0.95,67,12,0.01171875,0.0,4.0,1.0,1.0,5,0.8640169934267792,1.1573846435981523,0.03323142282410689,26.0,30.092000733551963,180.0,0.35264063359631204
n10_d50_s17,10,0.5,17,0.95,67,12,0.01171875,0.0,8.0,1.0,1.0,5,0.8640169934267792,1.1573846435981523,0.01878297811797346,46.0,53.23969360551501,180.0,0.623902659439629
n10_d50_s17,10,0.5,17,0.95,67,12,0.01171875,0.0005,1.0,1.0,1.0,5,0.7896520748970193,1.2663805133804185,0.07178655226336539,11.0,13.930185647184604,180.0,0.16081397111635273
n10_d50_s17,10,0.5,17,0.95,67,12,0.01171875,0.0005,2.0,1.0,1.0,5,0.7896520748970193,1.2663805133804185,0.049353254681063705,16.0,20.262088214086695,180.0,0.23391123071469488
n10_d50_s17,10,0.5,17,0.95,67,12,0.01171875,0.0005,4.0,1.0,1.0,5,0.7896520748970193,1.2663805133804185,0.03037123364988536,26.0,32.925893347890884,180.0,0.38010574991137924
n10_d50_s17,10,0.5,17,0.95,67,12,0.01171875,0.0005,8.0,1.0,1.0,4,0.6366146224977235,1.5708090336922413,0.017205800608046582,37.0,58.11993424661293,150.0,0.6709528260384764
n10_d50_s17,10,0.5,17,0.95,67,12,0.01171875,0.001,1.0,1.0,1.0,4,0.5906150693237736,1.69315016148327,0.0656238965915304,9.0,15.23835145334943,150.0,0.17329675906107855
n10_d50_s17,10,0.5,17,0.95,67,12,0.01171875,0.001,2.0,1.0,1.0,4,0.5906150693237736,1.69315016148327,0.045431928409521045,13.0,22.01095209928251,150.0,0.25031754086600233
n10_d50_s17,10,0.5,17,0.95,67,12,0.01171875,0.001,4.0,1.0,1.0,4,0.5906150693237736,1.69315016148327,0.028124527110655887,21.0,35.55615339114867,150.0,0.40435910447584994
n10_d50_s17,10,0.5,17,0.95,67,12,0.01171875,0.001,8.0,1.0,1.0,4,0.5906150693237736,1.69315016148327,0.015962569441183072,37.0,62.64655597488099,150.0,0.7124422316955451
n10_d50_s17,10,0.5,17,0.95,67,12,0.01171875,0.002,1.0,1.0,1.0,4,0.5083471011638104,1.9671598356921853,0.05648301124042338,9.0,17.70443852122967,150.0,0.19539155023027574
n10_d50_s17,10,0.5,17,0.95,67,12,0.01171875,0.002,2.0,1.0,1.0,4,0.5083471011638104,1.9671598356921853,0.03910362316644696,13.0,25.573077863998407,150.0,0.28223223922150936
n10_d50_s17,10,0.5,17,0.95,67,12,0.01171875,0.002,4.0,1.0,1.0,4,0.5083471011638104,1.9671598356921853,0.024207004817324306,21.0,41.31035654953589,150.0,0.45591361720397666
n10_d50_s17,10,0.5,17,0.95,67,12,0.01171875,0.002,8.0,1.0,1.0,4,0.5083471011638104,1.9671598356921853,0.013739110842265147,37.0,72.78491392061085,150.0,0.8032763731689112
n10_d50_s17,10,0.5,17,1.0,70,4,0.00390625,0.0,1.0,1.0,1.0,9,0.8606760445971724,1.161877347786572,0.045298739189324866,19.0,22.075669607944867,300.0,0.08623308440603462
n10_d50_s17,10,0.5,17,1.0,70,4,0.00390625,0.0,2.0,1.0,1.0,9,0.8606760445971724,1.161877347786572,0.03073843016418473,28.0,32.53256573802401,300.0,0.12708033491415627
n10_d50_s17,10,0.5,17,1.0,70,4,0.00390625,0.0,4.0,1.0,1.0,9,0.8606760445971724,1.161877347786572,0.018710348795590703,46.0,53.44635799818231,300.0,0.20877483593039958
n10_d50_s17,10,0.5,17,1.0,70,4,0.00390625,0.0,8.0,1.0,1.0,9,0.8606760445971724,1.161877347786572,0.010496049324355761,82.0,95.2739425184989,300.0,0.37216383796288627
n10_d50_s17,10,0.5,17,1.0,70,4,0.00390625,0.0005,1.0,1.0,1.0,8,0.6672761893375432,1.4986298267180453,0.039251540549267244,17.0,25.476707054206774,270.0,0.0980367511752682
n10_d50_s17,10,0.5,17,1.0,70,4,0.00390625,0.0005,2.0,1.0,1.0,8,0.6672761893375432,1.4986298267180453,0.026691047573501728,25.0,37.46574566795113,270.0,0.14417169290480616
n10_d50_s17,10,0.5,17,1.0,70,4,0.00390625,0.0005,4.0,1.0,1.0,8,0.6672761893375432,1.4986298267180453,0.01627502900823276,41.0,61.443822895439865,270.0,0.23644157636388213
n10_d50_s17,10,0.5,17,1.0,70,4,0.00390625,0.0005,8.0,1.0,1.0,8,0.6672761893375432,1.4986298267180453,0.009140769716952647,73.0,109.39997735041732,270.0,0.420981343282034
n10_d50_s17,10,0.5,17,1.0,70,4,0.00390625,0.001,1.0,1.0,1.0,8,0.5830098241147691,1.7152369628048392,0.034294695536162885,17.0,29.159028367682264,270.0,0.11053612828918552
n10_d50_s17,10,0.5,17,1.0,70,4,0.00390625,0.001,2.0,1.0,1.0,8,0.5830098241147691,1.7152369628048392,0.023320392964590764,25.0,42.880924070120976,270.0,0.1625531298370375
n10_d50_s17,10,0.5,17,1.0,70,4,0.00390625,0.001,4.0,1.0,1.0,8,0.5830098241147691,1.7152369628048392,0.014219751807677296,41.0,70.3247154749984,270.0,0.2665871329327415
n10_d50_s17,10,0.5,17,1.0,70,4,0.00390625,0.001,8.0,1.0,1.0,7,0.5115834252974633,1.9547154003641616,0.007993491020272863,64.0,125.10178562330634,240.0,0.474236207410471
n10_d50_s17,10,0.5,17,1.0,70,4,0.00390625,0.002,1.0,1.0,1.0,7,0.40242577559884446,2.4849302918331047,0.026828385039922964,15.0,37.273954377496565,240.0,0.13712221976235786
n10_d50_s17,10,0.5,17,1.0,70,4,0.00390625,0.002,2.0,1.0,1.0,7,0.40242577559884446,2.4849302918331047,0.018292080709038386,22.0,54.6684664203283,240.0,0.20111258898479153
n10_d50_s17,10,0.5,17,1.0,70,4,0.00390625,0.002,4.0,1.0,1.0,6,0.34666951695370707,2.884591667555057,0.01118288764366797,31.0,89.42234169420676,210.0,0.3289640231158435
n10_d50_s17,10,0.5,17,1.0,70,4,0.00390625,0.002,8.0,1.0,1.0,6,0.34666951695370707,2.884591667555057,0.006303082126431037,55.0,158.65254171552814,210.0,0.5836458474635933
n10_d50_s42,10,0.5,42,0.9,83,4,0.00390625,0.0,1.0,1.0,1.0,9,0.8606760445971724,1.161877347786572,0.045298739189324866,19.0,22.075669607944867,300.0,0.08623308440603462
n10_d50_s42,10,0.5,42,0.9,83,4,0.00390625,0.0,2.0,1.0,1.0,9,0.8606760445971724,1.161877347786572,0.03073843016418473,28.0,32.53256573802401,300.0,0.12708033491415627
n10_d50_s42,10,0.5,42,0.9,83,4,0.00390625,0.0,4.0,1.0,1.0,9,0.8606760445971724,1.161877347786572,0.018710348795590703,46.0,53.44635799818231,300.0,0.20877483593039958
n10_d50_s42,10,0.5,42,0.9,83,4,0.00390625,0.0,8.0,1.0,1.0,9,0.8606760445971724,1.161877347786572,0.010496049324355761,82.0,95.2739425184989,300.0,0.37216383796288627
n10_d50_s42,10,0.5,42,0.9,83,4,0.00390625,0.0005,1.0,1.0,1.0,8,0.6672761893375432,1.4986298267180453,0.039251540549267244,17.0,25.476707054206774,270.0,0.0980367511752682
n10_d50_s42,10,0.5,42,0.9,83,4,0.00390625,0.0005,2.0,1.0,1.0,8,0.6672761893375432,1.4986298267180453,0.026691047573501728,25.0,37.46574566795113,270.0,0.14417169290480616
n10_d50_s42,10,0.5,42,0.9,83,4,0.00390625,0.0005,4.0,1.0,1.0,8,0.6672761893375432,1.4986298267180453,0.01627502900823276,41.0,61.443822895439865,270.0,0.23644157636388213
n10_d50_s42,10,0.5,42,0.9,83,4,0.00390625,0.0005,8.0,1.0,1.0,8,0.6672761893375432,1.4986298267180453,0.009140769716952647,73.0,109.39997735041732,270.0,0.420981343282034
n10_d50_s42,10,0.5,42,0.9,83,4,0.00390625,0.001,1.0,1.0,1.0,8,0.5830098241147691,1.7152369628048392,0.034294695536162885,17.0,29.159028367682264,270.0,0.11053612828918552
n10_d50_s42,10,0.5,42,0.9,83,4,0.00390625,0.001,2.0,1.0,1.0,8,0.5830098241147691,1.7152369628048392,0.023320392964590764,25.0,42.880924070120976,270.0,0.1625531298370375
n10_d50_s42,10,0.5,42,0.9,83,4,0.00390625,0.001,4.0,1.0,1.0,8,0.5830098241147691,1.7152369628048392,0.014219751807677296,41.0,70.3247154749984,270.0,0.2665871329327415
n10_d50_s42,10,0.5,42,0.9,83,4,0.00390625,0.001,8.0,1.0,1.0,7,0.5115834252974633,1.9547154003641616,0.007993491020272863,64.0,125.10178562330634,240.0,0.474236207410471
n10_d50_s42,10,0.5,42,0.9,83,4,0.00390625,0.002,1.0,1.0,1.0,7,0.40242577559884446,2.4849302918331047,0.026828385039922964,15.0,37.273954377496565,240.0,0.13712221976235786
n10_d50_s42,10,0.5,42,0.9,83,4,0.00390625,0.002,2.0,1.0,1.0,7,0.40242577559884446,2.4849302918331047,0.018292080709038386,22.0,54.6684664203283,240.0,0.20111258898479153
n10_d50_s42,10,0.5,42,0.9,83,4,0.00390625,0.002,4.0,1.0,1.0,6,0.34666951695370707,2.884591667555057,0.01118288764366797,31.0,89.42234169420676,210.0,0.3289640231158435
n10_d50_s42,10,0.5,42,0.9,83,4,0.00390625,0.002,8.0,1.0,1.0,6,0.34666951695370707,2.884591667555057,0.006303082126431037,55.0,158.65254171552814,210.0,0.5836458474635933
n10_d50_s42,10,0.5,42,0.95,88,4,0.00390625,0.0,1.0,1.0,1.0,9,0.8606760445971724,1.161877347786572,0.045298739189324866,19.0,22.075669607944867,300.0,0.08623308440603462
n10_d50_s42,10,0.5,42,0.95,88,4,0.00390625,0.0,2.0,1.0,1.0,9,0.8606760445971724,1.161877347786572,0.03073843016418473,28.0,32.53256573802401,300.0,0.12708033491415627
n10_d50_s42,10,0.5,42,0.95,88,4,0.00390625,0.0,4.0,1.0,1.0,9,0.8606760445971724,1.161877347786572,0.018710348795590703,46.0,53.44635799818231,300.0,0.20877483593039958
n10_d50_s42,10,0.5,42,0.95,88,4,0.00390625,0.0,8.0,1.0,1.0,9,0.8606760445971724,1.161877347786572,0.010496049324355761,82.0,95.2739425184989,300.0,0.37216383796288627
n10_d50_s42,10,0.5,42,0.95,88,4,0.00390625,0.0005,1.0,1.0,1.0,8,0.6672761893375432,1.4986298267180453,0.039251540549267244,17.0,25.476707054206774,270.0,0.0980367511752682
n10_d50_s42,10,0.5,42,0.95,88,4,0.00390625,0.0005,2.0,1.0,1.0,8,0.6672761893375432,1.4986298267180453,0.026691047573501728,25.0,37.46574566795113,270.0,0.14417169290480616
n10_d50_s42,10,0.5,42,0.95,88,4,0.00390625,0.0005,4.0,1.0,1.0,8,0.6672761893375432,1.4986298267180453,0.01627502900823276,41.0,61.443822895439865,270.0,0.23644157636388213
n10_d50_s42,10,0.5,42,0.95,88,4,0.00390625,0.0005,8.0,1.0,1.0,8,0.6672761893375432,1.4986298267180453,0.009140769716952647,73.0,109.39997735041732,270.0,0.420981343282034
n10_d50_s42,10,0.5,42,0.95,88,4,0.00390625,0.001,1.0,1.0,1.0,8,0.5830098241147691,1.7152369628048392,0.034294695536162885,17.0,29.159028367682264,270.0,0.11053612828918552
n10_d50_s42,10,0.5,42,0.95,88,4,0.00390625,0.001,2.0,1.0,1.0,8,0.5830098241147691,1.7152369628048392,0.023320392964590764,25.0,42.880924070120976,270.0,0.1625531298370375
n10_d50_s42,10,0.5,42,0.95,88,4,0.00390625,0.001,4.0,1.0,1.0,8,0.5830098241147691,1.7152369628048392,0.014219751807677296,41.0,70.3247154749984,270.0,0.2665871329327415
n10_d50_s42,10,0.5,42,0.95,88,4,0.00390625,0.001,8.0,1.0,1.0,7,0.5115834252974633,1.9547154003641616,0.007993491020272863,64.0,125.10178562330634,240.0,0.474236207410471
n10_d50_s42,10,0.5,42,0.95,88,4,0.00390625,0.002,1.0,1.0,1.0,7,0.40242577559884446,2.4849302918331047,0.026828385039922964,15.0,37.273954377496565,240.0,0.13712221976235786
n10_d50_s42,10,0.5,42,0.95,88,4,0.00390625,0.002,2.0,1.0,1.0,7,0.40242577559884446,2.4849302918331047,0.018292080709038386,22.0,54.6684664203283,240.0,0.20111258898479153
n10_d50_s42,10,0.5,42,0.95,88,4,0.00390625,0.002,4.0,1.0,1.0,6,0.34666951695370707,2.884591667555057,0.01118288764366797,31.0,89.42234169420676,210.0,0.3289640231158435
n10_d50_s42,10,0.5,42,0.95,88,4,0.00390625,0.002,8.0,1.0,1.0,6,0.34666951695370707,2.884591667555057,0.006303082126431037,55.0,158.65254171552814,210.0,0.5836458474635933
n10_d50_s42,10,0.5,42,1.0,92,2,0.001953125,0.0,1.0,1.0,1.0,13,0.8643653530373577,1.156918190306941,0.03201353159397621,27.0,31.236791138287405,420.0,0.0610093576919676
n10_d50_s42,10,0.5,42,1.0,92,2,0.001953125,0.0,2.0,1.0,1.0,13,0.8643653530373577,1.156918190306941,0.021609133825933942,40.0,46.27672761227764,420.0,0.09038423361772978
n10_d50_s42,10,0.5,42,1.0,92,2,0.001953125,0.0,4.0,1.0,1.0,13,0.8643653530373577,1.156918190306941,0.013096444742990269,66.0,76.3566005602581,420.0,0.14913398546925413
n10_d50_s42,10,0.5,42,1.0,92,2,0.001953125,0.0,8.0,1.0,1.0,12,0.7984502366243993,1.252426205329578,0.007325231528664214,109.0,136.514456380924,390.0,0.26662979761899225
n10_d50_s42,10,0.5,42,1.0,92,2,0.001953125,0.0005,1.0,1.0,1.0,12,0.6569925274275846,1.5220873271046793,0.026279701097103383,25.0,38.05218317761698,390.0,0.07321417964108068
n10_d50_s42,10,0.5,42,1.0,92,2,0.001953125,0.0005,2.0,1.0,1.0,11,0.6040897739637688,1.6553830955264217,0.017767346293052023,34.0,56.28302524789834,360.0,0.10829117220446347
n10_d50_s42,10,0.5,42,1.0,92,2,0.001953125,0.0005,4.0,1.0,1.0,11,0.6040897739637688,1.6553830955264217,0.010787317392210158,56.0,92.7014533494796,360.0,0.17836193068970452
n10_d50_s42,10,0.5,42,1.0,92,2,0.001953125,0.0005,8.0,1.0,1.0,11,0.6040897739637688,1.6553830955264217,0.006040897739637689,100.0,165.53830955264218,360.0,0.3185034476601867
n10_d50_s42,10,0.5,42,1.0,92,2,0.001953125,0.001,1.0,1.0,1.0,10,0.46085964950583996,2.169858005733974,0.02194569759551619,21.0,45.56701812041345,330.0,0.08636779142984215
n10_d50_s42,10,0.5,42,1.0,92,2,0.001953125,0.001,2.0,1.0,1.0,10,0.46085964950583996,2.169858005733974,0.014866440306639998,31.0,67.26559817775319,330.0,0.1274953111583384
n10_d50_s42,10,0.5,42,1.0,92,2,0.001953125,0.001,4.0,1.0,1.0,10,0.46085964950583996,2.169858005733974,0.009036463715800783,51.0,110.66275829243266,330.0,0.2097503506153309
n10_d50_s42,10,0.5,42,1.0,92,2,0.001953125,0.001,8.0,1.0,1.0,10,0.46085964950583996,2.169858005733974,0.005064391752811428,91.0,197.4570785217916,330.0,0.37426042952931593
n10_d50_s42,10,0.5,42,1.0,92,2,0.001953125,0.002,1.0,1.0,1.0,9,0.3042921660801288,3.28631529651891,0.016015377162112043,19.0,62.439990633859296,300.0,0.11485111065683862
n10_d50_s42,10,0.5,42,1.0,92,2,0.001953125,0.002,2.0,1.0,1.0,9,0.3042921660801288,3.28631529651891,0.0108675773600046,28.0,92.01682830252949,300.0,0.16925426833639373
n10_d50_s42,10,0.5,42,1.0,92,2,0.001953125,0.002,4.0,1.0,1.0,8,0.27166175044670043,3.6810482092369434,0.006625896352358547,41.0,150.92297657871467,270.0,0.2776052864156245
n10_d50_s42,10,0.5,42,1.0,92,2,0.001953125,0.002,8.0,1.0,1.0,8,0.27166175044670043,3.6810482092369434,0.0037213938417356225,73.0,268.71651927429684,270.0,0.49427282703269726
n10_d75_s17,10,0.75,17,0.9,104,44,0.04296875,0.0,1.0,1.0,1.0,2,0.747238791314885,1.3382602879065493,0.14944775826297702,5.0,6.691301439532747,90.0,0.2875168587299227
n10_d75_s17,10,0.75,17,0.9,104,44,0.04296875,0.0,2.0,1.0,1.0,2,0.747238791314885,1.3382602879065493,0.1067483987592693,7.0,9.367822015345846,90.0,0.4025236022218918
n10_d75_s17,10,0.75,17,0.9,104,44,0.04296875,0.0,4.0,1.0,1.0,2,0.747238791314885,1.3382602879065493,0.06793079921044409,11.0,14.720863166972043,90.0,0.63253708920583
n10_d75_s17,10,0.75,17,0.9,104,44,0.04296875,0.0,8.0,1.0,1.0,0,0.04296875,23.272727272727273,0.04296875,1.0,23.272727272727273,30.0,1.0
n10_d75_s17,10,0.75,17,0.9,104,44,0.04296875,0.0005,1.0,1.0,1.0,2,0.7143584028250394,1.399857544959711,0.14287168056500787,5.0,6.999287724798556,90.0,0.2962730506663217
n10_d75_s17,10,0.75,17,0.9,104,44,0.04296875,0.0005,2.0,1.0,1.0,2,0.7143584028250394,1.399857544959711,0.10205120040357706,7.0,9.799002814717978,90.0,0.41478227093285036
n10_d75_s17,10,0.75,17,0.9,104,44,0.04296875,0.0005,4.0,1.0,1.0,2,0.7143584028250394,1.399857544959711,0.06494167298409449,11.0,15.398432994556822,90.0,0.6518007114659077
n10_d75_s17,10,0.75,17,0.9,104,44,0.04296875,0.0005,8.0,1.0,1.0,0,0.0423290286548191,23.624449503784003,0.0423290286548191,1.0,23.624449503784003,30.0,1.0
n10_d75_s17,10,0.75,17,0.9,104,44,0.04296875,0.001,1.0,1.0,1.0,2,0.6829248342270527,1.4642899919312773,0.13658496684541055,5.0,7.321449959656387,90.0,0.30529590834735115
n10_d75_s17,10,0.75,17,0.9,104,44,0.04296875,0.001,2.0,1.0,1.0,2,0.6829248342270527,1.4642899919312773,0.09756069060386467,7.0,10.25002994351894,90.0,0.4274142716862916
n10_d75_s17,10,0.75,17,0.9,104,44,0.04296875,0.001,4.0,1.0,1.0,2,0.6829248342270527,1.4642899919312773,0.06208407583882298,11.0,16.107189911244053,90.0,0.6716509983641726
n10_d75_s17,10,0.75,17,0.9,104,44,0.04296875,0.001,8.0,1.0,1.0,0,0.04169883151966246,23.981487335645486,0.04169883151966246,1.0,23.981487335645486,30.0,1.0
n10_d75_s17,10,0.75,17,0.9,104,44,0.04296875,0.002,1.0,1.0,1.0,2,0.6241463031962874,1.6021884530581136,0.12482926063925748,5.0,8.010942265290568,90.0,0.32417435299398006
n10_d75_s17,10,0.75,17,0.9,104,44,0.04296875,0.002,2.0,1.0,1.0,2,0.6241463031962874,1.6021884530581136,0.08916375759946962,7.0,11.215319171406795,90.0,0.45384409419157207
n10_d75_s17,10,0.75,17,0.9,104,44,0.04296875,0.002,4.0,1.0,1.0,2,0.6241463031962874,1.6021884530581136,0.056740573017844305,11.0,17.62407298363925,90.0,0.713183576586756
n10_d75_s17,10,0.75,17,0.9,104,44,0.04296875,0.002,8.0,1.0,1.0,0,0.04046644480244819,24.71183235596473,0.04046644480244819,1.0,24.71183235596473,30.0,1.0
n10_d75_s17,10,0.75,17,0.95,110,10,0.009765625,0.0,1.0,1.0,1.0,5,0.785130573365116,1.2736734932050104,0.071375506669556,11.0,14.010408425255113,180.0,0.136820394777882
n10_d75_s17,10,0.75,17,0.95,110,10,0.009765625,0.0,2.0,1.0,1.0,5,0.785130573365116,1.2736734932050104,0.04907066083531975,16.0,20.378775891280167,180.0,0.19901148331328292
n10_d75_s17,10,0.75,17,0.95,110,10,0.009765625,0.0,4.0,1.0,1.0,5,0.785130573365116,1.2736734932050104,0.030197329744812155,26.0,33.11551082333027,180.0,0.32339366038408474
n10_d75_s17,10,0.75,17,0.95,110,10,0.009765625,0.0,8.0,1.0,1.0,5,0.785130573365116,1.2736734932050104,0.017068055942719915,46.0,58.58898068743048,180.0,0.5721580145256884
n10_d75_s17,10,0.75,17,0.95,110,10,0.009765625,0.0005,1.0,1.0,1.0,5,0.7175553155082595,1.3936207821019053,0.06523230140984176,11.0,15.329828603120959,180.0,0.1474765350488574
n10_d75_s17,10,0.75,17,0.95,110,10,0.009765625,0.0005,2.0,1.0,1.0,5,0.7175553155082595,1.3936207821019053,0.044847207219266216,16.0,22.297932513630485,180.0,0.21451132370742895
n10_d75_s17,10,0.75,17,0.95,110,10,0.009765625,0.0005,4.0,1.0,1.0,5,0.7175553155082595,1.3936207821019053,0.027598281365702287,26.0,36.23414033464954,180.0,0.348580901024572
n10_d75_s17,10,0.75,17,0.95,110,10,0.009765625,0.0005,8.0,1.0,1.0,5,0.7175553155082595,1.3936207821019053,0.01559902859800564,46.0,64.10655597668764,180.0,0.6167200556588582
n10_d75_s17,10,0.75,17,0.95,110,10,0.009765625,0.001,1.0,1.0,1.0,5,0.6557961800001337,1.524864021013047,0.0596178345454667,11.0,16.77350423114352,180.0,0.15896261975654524
n10_d75_s17,10,0.75,17,0.95,110,10,0.009765625,0.001,2.0,1.0,1.0,5,0.6557961800001337,1.524864021013047,0.04098726125000836,16.0,24.397824336208753,180.0,0.23121835600952034
n10_d75_s17,10,0.75,17,0.95,110,10,0.009765625,0.001,4.0,1.0,1.0,5,0.6557961800001337,1.524864021013047,0.025222930000005143,26.0,39.646464546339224,180.0,0.37572982851547054
n10_d75_s17,10,0.75,17,0.95,110,10,0.009765625,0.001,8.0,1.0,1.0,5,0.6557961800001337,1.524864021013047,0.014256438695655082,46.0,70.14374496660017,180.0,0.6647527735273709
n10_d75_s17,10,0.75,17,0.95,110,10,0.009765625,0.002,1.0,1.0,1.0,5,0.5477670139114162,1.825593682356561,0.04979700126467421,11.0,20.08153050592217,180.0,0.18468821494694979
n10_d75_s17,10,0.75,17,0.95,110,10,0.009765625,0.002,2.0,1.0,1.0,4,0.4479479637913343,2.2324021556794613,0.034457535676256486,13.0,29.021228023833,150.0,0.2669058913467502
n10_d75_s17,10,0.75,17,0.95,110,10,0.009765625,0.002,4.0,1.0,1.0,4,0.4479479637913343,2.2324021556794613,0.021330855418634966,21.0,46.88044526926869,150.0,0.43115567063705795
n10_d75_s17,10,0.75,17,0.95,110,10,0.009765625,0.002,8.0,1.0,1.0,4,0.4479479637913343,2.2324021556794613,0.012106701724090115,37.0,82.59887976014008,150.0,0.7596552292176736
n10_d75_s17,10,0.75,17,1.0,115,4,0.00390625,0.0,1.0,1.0,1.0,9,0.8606760445971724,1.161877347786572,0.045298739189324866,19.0,22.075669607944867,300.0,0.08623308440603462
n10_d75_s17,10,0.75,17,1.0,115,4,0.00390625,0.0,2.0,1.0,1.0,9,0.8606760445971724,1.161877347786572,0.03073843016418473,28.0,32.53256573802401,300.0,0.12708033491415627
n10_d75_s17,10,0.75,17,1.0,115,4,0.00390625,0.0,4.0,1.0,1.0,9,0.8606760445971724,1.161877347786572,0.018710348795590703,46.0,53.44635799818231,300.0,0.20877483593039958
n10_d75_s17,10,0.75,17,1.0,115,4,0.00390625,0.0,8.0,1.0,1.0,9,0.8606760445971724,1.161877347786572,0.010496049324355761,82.0,95.2739425184989,300.0,0.37216383796288627
n10_d75_s17,10,0.75,17,1.0,115,4,0.00390625,0.0005,1.0,1.0,1.0,8,0.6672761893375432,1.4986298267180453,0.039251540549267244,17.0,25.476707054206774,270.0,0.0980367511752682
n10_d75_s17,10,0.75,17,1.0,115,4,0.00390625,0.0005,2.0,1.0,1.0,8,0.6672761893375432,1.4986298267180453,0.026691047573501728,25.0,37.46574566795113,270.0,0.14417169290480616
n10_d75_s17,10,0.75,17,1.0,115,4,0.00390625,0.0005,4.0,1.0,1.0,8,0.6672761893375432,1.4986298267180453,0.01627502900823276,41.0,61.443822895439865,270.0,0.23644157636388213
n10_d75_s17,10,0.75,17,1.0,115,4,0.00390625,0.0005,8.0,1.0,1.0,8,0.6672761893375432,1.4986298267180453,0.009140769716952647,73.0,109.39997735041732,270.0,0.420981343282034
n10_d75_s17,10,0.75,17,1.0,115,4,0.00390625,0.001,1.0,1.0,1.0,8,0.5830098241147691,1.7152369628048392,0.034294695536162885,17.0,29.159028367682264,270.0,0.11053612828918552
n10_d75_s17,10,0.75,17,1.0,115,4,0.00390625,0.001,2.0,1.0,1.0,8,0.5830098241147691,1.7152369628048392,0.023320392964590764,25.0,42.880924070120976,270.0,0.1625531298370375
n10_d75_s17,10,0.75,17,1.0,115,4,0.00390625,0.001,4.0,1.0,1.0,8,0.5830098241147691,1.7152369628048392,0.014219751807677296,41.0,70.3247154749984,270.0,0.2665871329327415
n10_d75_s17,10,0.75,17,1.0,115,4,0.00390625,0.001,8.0,1.0,1.0,7,0.5115834252974633,1.9547154003641616,0.007993491020272863,64.0,125.10178562330634,240.0,0.474236207410471
n10_d75_s17,10,0.75,17,1.0,115,4,0.00390625,0.002,1.0,1.0,1.0,7,0.40242577559884446,2.4849302918331047,0.026828385039922964,15.0,37.273954377496565,240.0,0.13712221976235786
n10_d75_s17,10,0.75,17,1.0,115,4,0.00390625,0.002,2.0,1.0,1.0,7,0.40242577559884446,2.4849302918331047,0.018292080709038386,22.0,54.6684664203283,240.0,0.20111258898479153
n10_d75_s17,10,0.75,17,1.0,115,4,0.00390625,0.002,4.0,1.0,1.0,6,0.34666951695370707,2.884591667555057,0.01118288764366797,31.0,89.42234169420676,210.0,0.3289640231158435
n10_d75_s17,10,0.75,17,1.0,115,4,0.00390625,0.002,8.0,1.0,1.0,6,0.34666951695370707,2.884591667555057,0.006303082126431037,55.0,158.65254171552814,210.0,0.5836458474635933
n10_d75_s42,10,0.75,42,0.9,121,18,0.017578125,0.0,1.0,1.0,1.0,4,0.8665050304364178,1.154061390152977,0.09627833671515754,9.0,10.386552511376793,150.0,0.18257611836404516
n10_d75_s42,10,0.75,42,0.9,121,18,0.017578125,0.0,2.0,1.0,1.0,4,0.8665050304364178,1.154061390152977,0.06665423311049368,13.0,15.002798071988702,150.0,0.2637210598591763
n10_d75_s42,10,0.75,42,0.9,121,18,0.017578125,0.0,4.0,1.0,1.0,4,0.8665050304364178,1.154061390152977,0.041262144306496086,21.0,24.235289193212516,150.0,0.4260109428494387
n10_d75_s42,10,0.75,42,0.9,121,18,0.017578125,0.0,8.0,1.0,1.0,4,0.8665050304364178,1.154061390152977,0.02341905487665994,37.0,42.70027143566015,150.0,0.7505907088299634
n10_d75_s42,10,0.75,42,0.9,121,18,0.017578125,0.0005,1.0,1.0,1.0,4,0.8038943978583111,1.2439444815937792,0.08932159976203456,9.0,11.195500334344013,150.0,0.19386599500533452
n10_d75_s42,10,0.75,42,0.9,121,18,0.017578125,0.0005,2.0,1.0,1.0,4,0.8038943978583111,1.2439444815937792,0.061838030604485464,13.0,16.171278260719127,150.0,0.28002865945214983
n10_d75_s42,10,0.75,42,0.9,121,18,0.017578125,0.0005,4.0,1.0,1.0,4,0.8038943978583111,1.2439444815937792,0.038280685612300525,21.0,26.122834113469363,150.0,0.45235398834578056
n10_d75_s42,10,0.75,42,0.9,121,18,0.017578125,0.0005,8.0,1.0,1.0,4,0.8038943978583111,1.2439444815937792,0.021726875617792192,37.0,46.02594581896983,150.0,0.797004646133042
n10_d75_s42,10,0.75,42,0.9,121,18,0.017578125,0.001,1.0,1.0,1.0,4,0.7458077913090623,1.3408280412903337,0.08286753236767358,9.0,12.067452371613005,150.0,0.20585399862904433
n10_d75_s42,10,0.75,42,0.9,121,18,0.017578125,0.001,2.0,1.0,1.0,4,0.7458077913090623,1.3408280412903337,0.0573698301006971,13.0,17.43076453677434,150.0,0.29734466468639736
n10_d75_s42,10,0.75,42,0.9,121,18,0.017578125,0.001,4.0,1.0,1.0,3,0.5706257315974004,1.7524621562378835,0.035664108224837524,16.0,28.039394499806136,120.0,0.4783131765657679
n10_d75_s42,10,0.75,42,0.9,121,18,0.017578125,0.001,8.0,1.0,1.0,3,0.5706257315974004,1.7524621562378835,0.02037949041419287,28.0,49.068940374660734,120.0,0.8370480589900937
n10_d75_s42,10,0.75,42,0.9,121,18,0.017578125,0.002,1.0,1.0,1.0,3,0.5060996230704139,1.9758955636702173,0.07229994615291627,7.0,13.831268945691521,120.0,0.22896911509308066
n10_d75_s42,10,0.75,42,0.9,121,18,0.017578125,0.002,2.0,1.0,1.0,3,0.5060996230704139,1.9758955636702173,0.05060996230704139,10.0,19.758955636702172,120.0,0.32709873584725807
n10_d75_s42,10,0.75,42,0.9,121,18,0.017578125,0.002,4.0,1.0,1.0,3,0.5060996230704139,1.9758955636702173,0.03163122644190087,16.0,31.614329018723478,120.0,0.523357977355613
n10_d75_s42,10,0.75,42,0.9,121,18,0.017578125,0.002,8.0,1.0,1.0,3,0.5060996230704139,1.9758955636702173,0.018074986538229067,28.0,55.325075782766085,120.0,0.9158764603723226
n10_d75_s42,10,0.75,42,0.95,128,2,0.001953125,0.0,1.0,1.0,1.0,13,0.8643653530373577,1.156918190306941,0.03201353159397621,27.0,31.236791138287405,420.0,0.0610093576919676
n10_d75_s42,10,0.75,42,0.95,128,2,0.001953125,0.0,2.0,1.0,1.0,13,0.8643653530373577,1.156918190306941,0.021609133825933942,40.0,46.27672761227764,420.0,0.09038423361772978
n10_d75_s42,10,0.75,42,0.95,128,2,0.001953125,0.0,4.0,1.0,1.0,13,0.8643653530373577,1.156918190306941,0.013096444742990269,66.0,76.3566005602581,420.0,0.14913398546925413
n10_d75_s42,10,0.75,42,0.95,128,2,0.001953125,0.0,8.0,1.0,1.0,12,0.7984502366243993,1.252426205329578,0.007325231528664214,109.0,136.514456380924,390.0,0.26662979761899225
n10_d75_s42,10,0.75,42,0.95,128,2,0.001953125,0.0005,1.0,1.0,1.0,12,0.6569925274275846,1.5220873271046793,0.026279701097103383,25.0,38.05218317761698,390.0,0.07321417964108068
n10_d75_s42,10,0.75,42,0.95,128,2,0.001953125,0.0005,2.0,1.0,1.0,11,0.6040897739637688,1.6553830955264217,0.017767346293052023,34.0,56.28302524789834,360.0,0.10829117220446347
n10_d75_s42,10,0.75,42,0.95,128,2,0.001953125,0.0005,4.0,1.0,1.0,11,0.6040897739637688,1.6553830955264217,0.010787317392210158,56.0,92.7014533494796,360.0,0.17836193068970452
n10_d75_s42,10,0.75,42,0.95,128,2,0.001953125,0.0005,8.0,1.0,1.0,11,0.6040897739637688,1.6553830955264217,0.006040897739637689,100.0,165.53830955264218,360.0,0.3185034476601867
n10_d75_s42,10,0.75,42,0.95,128,2,0.001953125,0.001,1.0,1.0,1.0,10,0.46085964950583996,2.169858005733974,0.02194569759551619,21.0,45.56701812041345,330.0,0.08636779142984215
n10_d75_s42,10,0.75,42,0.95,128,2,0.001953125,0.001,2.0,1.0,1.0,10,0.46085964950583996,2.169858005733974,0.014866440306639998,31.0,67.26559817775319,330.0,0.1274953111583384
n10_d75_s42,10,0.75,42,0.95,128,2,0.001953125,0.001,4.0,1.0,1.0,10,0.46085964950583996,2.169858005733974,0.009036463715800783,51.0,110.66275829243266,330.0,0.2097503506153309
n10_d75_s42,10,0.75,42,0.95,128,2,0.001953125,0.001,8.0,1.0,1.0,10,0.46085964950583996,2.169858005733974,0.005064391752811428,91.0,197.4570785217916,330.0,0.37426042952931593
n10_d75_s42,10,0.75,42,0.95,128,2,0.001953125,0.002,1.0,1.0,1.0,9,0.3042921660801288,3.28631529651891,0.016015377162112043,19.0,62.439990633859296,300.0,0.11485111065683862
n10_d75_s42,10,0.75,42,0.95,128,2,0.001953125,0.002,2.0,1.0,1.0,9,0.3042921660801288,3.28631529651891,0.0108675773600046,28.0,92.01682830252949,300.0,0.16925426833639373
n10_d75_s42,10,0.75,42,0.95,128,2,0.001953125,0.002,4.0,1.0,1.0,8,0.27166175044670043,3.6810482092369434,0.006625896352358547,41.0,150.92297657871467,270.0,0.2776052864156245
n10_d75_s42,10,0.75,42,0.95,128,2,0.001953125,0.002,8.0,1.0,1.0,8,0.27166175044670043,3.6810482092369434,0.0037213938417356225,73.0,268.71651927429684,270.0,0.49427282703269726
n10_d75_s42,10,0.75,42,1.0,134,2,0.001953125,0.0,1.0,1.0,1.0,13,0.8643653530373577,1.156918190306941,0.03201353159397621,27.0,31.236791138287405,420.0,0.0610093576919676
n10_d75_s42,10,0.75,42,1.0,134,2,0.001953125,0.0,2.0,1.0,1.0,13,0.8643653530373577,1.156918190306941,0.021609133825933942,40.0,46.27672761227764,420.0,0.09038423361772978
n10_d75_s42,10,0.75,42,1.0,134,2,0.001953125,0.0,4.0,1.0,1.0,13,0.8643653530373577,1.156918190306941,0.013096444742990269,66.0,76.3566005602581,420.0,0.14913398546925413
n10_d75_s42,10,0.75,42,1.0,134,2,0.001953125,0.0,8.0,1.0,1.0,12,0.7984502366243993,1.252426205329578,0.007325231528664214,109.0,136.514456380924,390.0,0.26662979761899225
n10_d75_s42,10,0.75,42,1.0,134,2,0.001953125,0.0005,1.0,1.0,1.0,12,0.6569925274275846,1.5220873271046793,0.026279701097103383,25.0,38.05218317761698,390.0,0.07321417964108068
n10_d75_s42,10,0.75,42,1.0,134,2,0.001953125,0.0005,2.0,1.0,1.0,11,0.6040897739637688,1.6553830955264217,0.017767346293052023,34.0,56.28302524789834,360.0,0.10829117220446347
n10_d75_s42,10,0.75,42,1.0,134,2,0.001953125,0.0005,4.0,1.0,1.0,11,0.6040897739637688,1.6553830955264217,0.010787317392210158,56.0,92.7014533494796,360.0,0.17836193068970452
n10_d75_s42,10,0.75,42,1.0,134,2,0.001953125,0.0005,8.0,1.0,1.0,11,0.6040897739637688,1.6553830955264217,0.006040897739637689,100.0,165.53830955264218,360.0,0.3185034476601867
n10_d75_s42,10,0.75,42,1.0,134,2,0.001953125,0.001,1.0,1.0,1.0,10,0.46085964950583996,2.169858005733974,0.02194569759551619,21.0,45.56701812041345,330.0,0.08636779142984215
n10_d75_s42,10,0.75,42,1.0,134,2,0.001953125,0.001,2.0,1.0,1.0,10,0.46085964950583996,2.169858005733974,0.014866440306639998,31.0,67.26559817775319,330.0,0.1274953111583384
n10_d75_s42,10,0.75,42,1.0,134,2,0.001953125,0.001,4.0,1.0,1.0,10,0.46085964950583996,2.169858005733974,0.009036463715800783,51.0,110.66275829243266,330.0,0.2097503506153309
n10_d75_s42,10,0.75,42,1.0,134,2,0.001953125,0.001,8.0,1.0,1.0,10,0.46085964950583996,2.169858005733974,0.005064391752811428,91.0,197.4570785217916,330.0,0.37426042952931593
n10_d75_s42,10,0.75,42,1.0,134,2,0.001953125,0.002,1.0,1.0,1.0,9,0.3042921660801288,3.28631529651891,0.016015377162112043,19.0,62.439990633859296,300.0,0.11485111065683862
n10_d75_s42,10,0.75,42,1.0,134,2,0.001953125,0.002,2.0,1.0,1.0,9,0.3042921660801288,3.28631529651891,0.0108675773600046,28.0,92.01682830252949,300.0,0.16925426833639373
n10_d75_s42,10,0.75,42,1.0,134,2,0.001953125,0.002,4.0,1.0,1.0,8,0.27166175044670043,3.6810482092369434,0.006625896352358547,41.0,150.92297657871467,270.0,0.2776052864156245
n10_d75_s42,10,0.75,42,1.0,134,2,0.001953125,0.002,8.0,1.0,1.0,8,0.27166175044670043,3.6810482092369434,0.0037213938417356225,73.0,268.71651927429684,270.0,0.49427282703269726
n12_d25_s17,12,0.25,17,0.9,73,32,0.0078125,0.0,1.0,1.0,1.0,6,0.8335479177263119,1.199691078021913,0.06411907059433168,13.0,15.59598401428487,210.0,0.12184362511160057
n12_d25_s17,12,0.25,17,0.9,73,32,0.0078125,0.0,2.0,1.0,1.0,6,0.8335479177263119,1.199691078021913,0.04387094303822694,19.0,22.79413048241635,210.0,0.17807914439387776
n12_d25_s17,12,0.25,17,0.9,73,32,0.0078125,0.0,4.0,1.0,1.0,6,0.8335479177263119,1.199691078021913,0.026888642507300383,31.0,37.19042341867931,210.0,0.29055018295843216
n12_d25_s17,12,0.25,17,0.9,73,32,0.0078125,0.0,8.0,1.0,1.0,6,0.8335479177263119,1.199691078021913,0.015155416685932944,55.0,65.98300929120522,210.0,0.5154922600875409
n12_d25_s17,12,0.25,17,0.9,73,32,0.0078125,0.0005,1.0,1.0,1.0,6,0.7504636310797176,1.332509609508013,0.05772797162151674,13.0,17.32262492360417,210.0,0.13331816123053175
n12_d25_s17,12,0.25,17,0.9,73,32,0.0078125,0.0005,2.0,1.0,1.0,6,0.7504636310797176,1.332509609508013,0.03949808584630093,19.0,25.317682580652246,210.0,0.1948496202600079
n12_d25_s17,12,0.25,17,0.9,73,32,0.0078125,0.0005,4.0,1.0,1.0,6,0.7504636310797176,1.332509609508013,0.024208504228377985,31.0,41.307797894748404,210.0,0.3179125383189603
n12_d25_s17,12,0.25,17,0.9,73,32,0.0078125,0.0005,8.0,1.0,1.0,6,0.7504636310797176,1.332509609508013,0.0136447932923585,55.0,73.28802852294072,210.0,0.5640383744368651
n12_d25_s17,12,0.25,17,0.9,73,32,0.0078125,0.001,1.0,1.0,1.0,6,0.6756608103702021,1.4800325616814876,0.05197390849001555,13.0,19.240423301859337,210.0,0.14587330356931277
n12_d25_s17,12,0.25,17,0.9,73,32,0.0078125,0.001,2.0,1.0,1.0,5,0.5711038645514939,1.7509949801956461,0.03569399153446837,16.0,28.01591968313034,180.0,0.21240565722459046
n12_d25_s17,12,0.25,17,0.9,73,32,0.0078125,0.001,4.0,1.0,1.0,5,0.5711038645514939,1.7509949801956461,0.021965533251980533,26.0,45.5258694850868,180.0,0.3451591929899595
n12_d25_s17,12,0.25,17,0.9,73,32,0.0078125,0.001,8.0,1.0,1.0,5,0.5711038645514939,1.7509949801956461,0.012415301403293345,46.0,80.54576908899972,180.0,0.6106662645206975
n12_d25_s17,12,0.25,17,0.9,73,32,0.0078125,0.002,1.0,1.0,1.0,5,0.47702604568172075,2.0963215930293577,0.043366004152883705,11.0,23.059537523322934,180.0,0.16966136406500554
n12_d25_s17,12,0.25,17,0.9,73,32,0.0078125,0.002,2.0,1.0,1.0,5,0.47702604568172075,2.0963215930293577,0.029814127855107547,16.0,33.54114548846972,180.0,0.24678016591273533
n12_d25_s17,12,0.25,17,0.9,73,32,0.0078125,0.002,4.0,1.0,1.0,5,0.47702604568172075,2.0963215930293577,0.018347155603143105,26.0,54.5043614187633,180.0,0.40101776960819496
n12_d25_s17,12,0.25,17,0.9,73,32,0.0078125,0.002,8.0,1.0,1.0,5,0.47702604568172075,2.0963215930293577,0.010370131427863494,46.0,96.43079327935045,180.0,0.7094929769991141
n12_d25_s17,12,0.25,17,0.95,77,16,0.00390625,0.0,1.0,1.0,1.0,9,0.8606760445971724,1.161877347786572,0.045298739189324866,19.0,22.075669607944867,300.0,0.08623308440603462
n12_d25_s17,12,0.25,17,0.95,77,16,0.00390625,0.0,2.0,1.0,1.0,9,0.8606760445971724,1.161877347786572,0.03073843016418473,28.0,32.53256573802401,300.0,0.12708033491415627
n12_d25_s17,12,0.25,17,0.95,77,16,0.00390625,0.0,4.0,1.0,1.0,9,0.8606760445971724,1.161877347786572,0.018710348795590703,46.0,53.44635799818231,300.0,0.20877483593039958
n12_d25_s17,12,0.25,17,0.95,77,16,0.00390625,0.0,8.0,1.0,1.0,9,0.8606760445971724,1.161877347786572,0.010496049324355761,82.0,95.2739425184989,300.0,0.37216383796288627
n12_d25_s17,12,0.25,17,0.95,77,16,0.00390625,0.0005,1.0,1.0,1.0,8,0.6672761893375432,1.4986298267180453,0.039251540549267244,17.0,25.476707054206774,270.0,0.0980367511752682
n12_d25_s17,12,0.25,17,0.95,77,16,0.00390625,0.0005,2.0,1.0,1.0,8,0.6672761893375432,1.4986298267180453,0.026691047573501728,25.0,37.46574566795113,270.0,0.14417169290480616
n12_d25_s17,12,0.25,17,0.95,77,16,0.00390625,0.0005,4.0,1.0,1.0,8,0.6672761893375432,1.4986298267180453,0.01627502900823276,41.0,61.443822895439865,270.0,0.23644157636388213
n12_d25_s17,12,0.25,17,0.95,77,16,0.00390625,0.0005,8.0,1.0,1.0,8,0.6672761893375432,1.4986298267180453,0.009140769716952647,73.0,109.39997735041732,270.0,0.420981343282034
n12_d25_s17,12,0.25,17,0.95,77,16,0.00390625,0.001,1.0,1.0,1.0,8,0.5830098241147691,1.7152369628048392,0.034294695536162885,17.0,29.159028367682264,270.0,0.11053612828918552
n12_d25_s17,12,0.25,17,0.95,77,16,0.00390625,0.001,2.0,1.0,1.0,8,0.5830098241147691,1.7152369628048392,0.023320392964590764,25.0,42.880924070120976,270.0,0.1625531298370375
n12_d25_s17,12,0.25,17,0.95,77,16,0.00390625,0.001,4.0,1.0,1.0,8,0.5830098241147691,1.7152369628048392,0.014219751807677296,41.0,70.3247154749984,270.0,0.2665871329327415
n12_d25_s17,12,0.25,17,0.95,77,16,0.00390625,0.001,8.0,1.0,1.0,7,0.5115834252974633,1.9547154003641616,0.007993491020272863,64.0,125.10178562330634,240.0,0.474236207410471
n12_d25_s17,12,0.25,17,0.95,77,16,0.00390625,0.002,1.0,1.0,1.0,7,0.40242577559884446,2.4849302918331047,0.026828385039922964,15.0,37.273954377496565,240.0,0.13712221976235786
n12_d25_s17,12,0.25,17,0.95,77,16,0.00390625,0.002,2.0,1.0,1.0,7,0.40242577559884446,2.4849302918331047,0.018292080709038386,22.0,54.6684664203283,240.0,0.20111258898479153
n12_d25_s17,12,0.25,17,0.95,77,16,0.00390625,0.002,4.0,1.0,1.0,6,0.34666951695370707,2.884591667555057,0.01118288764366797,31.0,89.42234169420676,210.0,0.3289640231158435
n12_d25_s17,12,0.25,17,0.95,77,16,0.00390625,0.002,8.0,1.0,1.0,6,0.34666951695370707,2.884591667555057,0.006303082126431037,55.0,158.65254171552814,210.0,0.5836458474635933
n12_d25_s17,12,0.25,17,1.0,81,4,0.0009765625,0.0,1.0,1.0,1.0,18,0.8379113151277889,1.1934437236326032,0.022646251760210512,37.0,44.15741777440632,570.0,0.04312247829531867
n12_d25_s17,12,0.25,17,1.0,81,4,0.0009765625,0.0,2.0,1.0,1.0,18,0.8379113151277889,1.1934437236326032,0.015234751184141616,55.0,65.63940479979317,570.0,0.06410098124979802
n12_d25_s17,12,0.25,17,1.0,81,4,0.0009765625,0.0,4.0,1.0,1.0,18,0.8379113151277889,1.1934437236326032,0.009207816649755922,91.0,108.60337885056688,570.0,0.10605798715875672
n12_d25_s17,12,0.25,17,1.0,81,4,0.0009765625,0.0,8.0,1.0,1.0,18,0.8379113151277889,1.1934437236326032,0.005140560215507907,163.0,194.5313269521143,570.0,0.18997199897667413
n12_d25_s17,12,0.25,17,1.0,81,4,0.0009765625,0.0005,1.0,1.0,1.0,16,0.5705029946901324,1.7528391775456815,0.01728796953606462,33.0,57.84369285900749,510.0,0.055646984830215525
n12_d25_s17,12,0.25,17,1.0,81,4,0.0009765625,0.0005,2.0,1.0,1.0,16,0.5705029946901324,1.7528391775456815,0.011642918258982294,49.0,85.88911969973839,510.0,0.08262734111153214
n12_d25_s17,12,0.25,17,1.0,81,4,0.0009765625,0.0005,4.0,1.0,1.0,16,0.5705029946901324,1.7528391775456815,0.007043246848026327,81.0,141.97997338120018,510.0,0.13658805367416535
n12_d25_s17,12,0.25,17,1.0,81,4,0.0009765625,0.0005,8.0,1.0,1.0,16,0.5705029946901324,1.7528391775456815,0.003934503411656086,145.0,254.1616807441238,510.0,0.24450947879943183
n12_d25_s17,12,0.25,17,1.0,81,4,0.0009765625,0.001,1.0,1.0,1.0,14,0.3952158499145122,2.530262893596769,0.013628132755672834,29.0,73.3776239143063,450.0,0.06954002674808667
n12_d25_s17,12,0.25,17,1.0,81,4,0.0009765625,0.001,2.0,1.0,1.0,14,0.3952158499145122,2.530262893596769,0.009191066277081678,43.0,108.80130442466107,450.0,0.10311107414371472
n12_d25_s17,12,0.25,17,1.0,81,4,0.0009765625,0.001,4.0,1.0,1.0,14,0.3952158499145122,2.530262893596769,0.005566420421331157,71.0,179.6486654453706,450.0,0.1702531689349708
n12_d25_s17,12,0.25,17,1.0,81,4,0.0009765625,0.001,8.0,1.0,1.0,14,0.3952158499145122,2.530262893596769,0.0031119358260985213,127.0,321.34338748678965,450.0,0.304537358517483
n12_d25_s17,12,0.25,17,1.0,81,4,0.0009765625,0.002,1.0,1.0,1.0,11,0.21108743016568038,4.737373510185377,0.009177714355029582,23.0,108.95959073426368,360.0,0.10020925600330514
n12_d25_s17,12,0.25,17,1.0,81,4,0.0009765625,0.002,2.0,1.0,1.0,10,0.1924684248927352,5.1956574204694155,0.006208658867507587,31.0,161.06538003455188,330.0,0.14813052978985303
n12_d25_s17,12,0.25,17,1.0,81,4,0.0009765625,0.002,4.0,1.0,1.0,10,0.1924684248927352,5.1956574204694155,0.0037738906841712785,51.0,264.9785284439402,330.0,0.2436986135252421
n12_d25_s17,12,0.25,17,1.0,81,4,0.0009765625,0.002,8.0,1.0,1.0,10,0.1924684248927352,5.1956574204694155,0.002115037636183903,91.0,472.8048252627168,330.0,0.4348347809960202
n12_d25_s42,12,0.25,42,0.9,56,30,0.00732421875,0.0,1.0,1.0,1.0,6,0.8053925556185695,1.2416305477668157,0.06195327350912073,13.0,16.141197120968602,210.0,0.11822165860084426
n12_d25_s42,12,0.25,42,0.9,56,30,0.00732421875,0.0,2.0,1.0,1.0,6,0.8053925556185695,1.2416305477668157,0.042389081874661554,19.0,23.590980407569496,210.0,0.17278550103200316
n12_d25_s42,12,0.25,42,0.9,56,30,0.00732421875,0.0,4.0,1.0,1.0,6,0.8053925556185695,1.2416305477668157,0.025980405019953853,31.0,38.490546980771285,210.0,0.28191318589432096
n12_d25_s42,12,0.25,42,0.9,56,30,0.00732421875,0.0,8.0,1.0,1.0,6,0.8053925556185695,1.2416305477668157,0.014643501011246719,55.0,68.28968012717486,210.0,0.5001685556189566
n12_d25_s42,12,0.25,42,0.9,56,30,0.00732421875,0.0005,1.0,1.0,1.0,6,0.7251146681318209,1.3790922235463685,0.05577805139475545,13.0,17.928198906102793,210.0,0.12935509861802072
n12_d25_s42,12,0.25,42,0.9,56,30,0.00732421875,0.0005,2.0,1.0,1.0,6,0.7251146681318209,1.3790922235463685,0.03816392990167478,19.0,26.202752247381003,210.0,0.18905745182633799
n12_d25_s42,12,0.25,42,0.9,56,30,0.00732421875,0.0005,4.0,1.0,1.0,6,0.7251146681318209,1.3790922235463685,0.02339079574618777,31.0,42.75185892993743,210.0,0.3084621582429725
n12_d25_s42,12,0.25,42,0.9,56,30,0.00732421875,0.0005,8.0,1.0,1.0,6,0.7251146681318209,1.3790922235463685,0.013183903056942198,55.0,75.85007229505027,210.0,0.5472715710762415
n12_d25_s42,12,0.25,42,0.9,56,30,0.00732421875,0.001,1.0,1.0,1.0,6,0.6528385174060801,1.5317723653519937,0.05021834749277539,13.0,19.913040749575917,210.0,0.14153702237398963
n12_d25_s42,12,0.25,42,0.9,56,30,0.00732421875,0.001,2.0,1.0,1.0,6,0.6528385174060801,1.5317723653519937,0.03435992196874106,19.0,29.103674941687878,210.0,0.20686180193121562
n12_d25_s42,12,0.25,42,0.9,56,30,0.00732421875,0.001,4.0,1.0,1.0,6,0.6528385174060801,1.5317723653519937,0.021059307013099358,31.0,47.4849433259118,210.0,0.3375113610456676
n12_d25_s42,12,0.25,42,0.9,56,30,0.00732421875,0.001,8.0,1.0,1.0,5,0.5467496951776287,1.828990503003607,0.011885862938644102,46.0,84.13356313816593,180.0,0.5980007854171474
n12_d25_s42,12,0.25,42,0.9,56,30,0.00732421875,0.002,1.0,1.0,1.0,5,0.4566837334800664,2.189699187180812,0.041516703043642404,11.0,24.086691058988933,180.0,0.16614251492253373
n12_d25_s42,12,0.25,42,0.9,56,30,0.00732421875,0.002,2.0,1.0,1.0,5,0.4566837334800664,2.189699187180812,0.02854273334250415,16.0,35.03518699489299,180.0,0.2416618398873218
n12_d25_s42,12,0.25,42,0.9,56,30,0.00732421875,0.002,4.0,1.0,1.0,5,0.4566837334800664,2.189699187180812,0.017564758980002555,26.0,56.932178866701115,180.0,0.3927004898168979
n12_d25_s42,12,0.25,42,0.9,56,30,0.00732421875,0.002,8.0,1.0,1.0,5,0.4566837334800664,2.189699187180812,0.00992790724956666,46.0,100.72616261031735,180.0,0.6947777896760502
n12_d25_s42,12,0.25,42,0.95,59,10,0.00244140625,0.0,1.0,1.0,1.0,11,0.823260987425016,1.2146816322825957,0.035793955975000694,23.0,27.937677542499703,360.0,0.06820722056274343
n12_d25_s42,12,0.25,42,0.95,59,10,0.00244140625,0.0,2.0,1.0,1.0,11,0.823260987425016,1.2146816322825957,0.02421355845367694,34.0,41.29917549760826,360.0,0.10082806517970769
n12_d25_s42,12,0.25,42,0.95,59,10,0.00244140625,0.0,4.0,1.0,1.0,11,0.823260987425016,1.2146816322825957,0.014701089061160999,56.0,68.02217140782537,360.0,0.1660697544136362
n12_d25_s42,12,0.25,42,0.95,59,10,0.00244140625,0.0,8.0,1.0,1.0,11,0.823260987425016,1.2146816322825957,0.00823260987425016,100.0,121.46816322825958,360.0,0.2965531328814932
n12_d25_s42,12,0.25,42,0.95,59,10,0.00244140625,0.0005,1.0,1.0,1.0,10,0.629164468631664,1.5894095262163268,0.029960212791984,21.0,33.37760005054286,330.0,0.08027507891866592
n12_d25_s42,12,0.25,42,0.95,59,10,0.00244140625,0.0005,2.0,1.0,1.0,10,0.629164468631664,1.5894095262163268,0.020295628020376256,31.0,49.27169531270613,330.0,0.11850130697517351
n12_d25_s42,12,0.25,42,0.95,59,10,0.00244140625,0.0005,4.0,1.0,1.0,10,0.629164468631664,1.5894095262163268,0.012336558208463999,51.0,81.05988583703267,330.0,0.19495376308818868
n12_d25_s42,12,0.25,42,0.95,59,10,0.00244140625,0.0005,8.0,1.0,1.0,10,0.629164468631664,1.5894095262163268,0.006913895259688615,91.0,144.63626688568573,330.0,0.347858675314219
n12_d25_s42,12,0.25,42,0.95,59,10,0.00244140625,0.001,1.0,1.0,1.0,10,0.5334645917886068,1.8745386580338674,0.02540307579945747,21.0,39.36531181871122,330.0,0.0932663355254214
n12_d25_s42,12,0.25,42,0.95,59,10,0.00244140625,0.001,2.0,1.0,1.0,9,0.48254839397454774,2.072331008634018,0.017233871213376706,28.0,58.02526824175251,300.0,0.1374764706986397
n12_d25_s42,12,0.25,42,0.95,59,10,0.00244140625,0.001,4.0,1.0,1.0,9,0.48254839397454774,2.072331008634018,0.01049018247770756,46.0,95.32722639716482,300.0,0.2258542018620509
n12_d25_s42,12,0.25,42,0.95,59,10,0.00244140625,0.001,8.0,1.0,1.0,9,0.48254839397454774,2.072331008634018,0.005884736511884729,82.0,169.93114270798947,300.0,0.4026096641888734
n12_d25_s42,12,0.25,42,0.95,59,10,0.00244140625,0.002,1.0,1.0,1.0,8,0.323316663929705,3.092942961385431,0.019018627289982645,17.0,52.58003034355233,270.0,0.12089357361411429
n12_d25_s42,12,0.25,42,0.95,59,10,0.00244140625,0.002,2.0,1.0,1.0,8,0.323316663929705,3.092942961385431,0.012932666557188199,25.0,77.32357403463578,270.0,0.17778466707957985
n12_d25_s42,12,0.25,42,0.95,59,10,0.00244140625,0.002,4.0,1.0,1.0,8,0.323316663929705,3.092942961385431,0.007885772290968414,41.0,126.81066141680269,270.0,0.29156685401051097
n12_d25_s42,12,0.25,42,0.95,59,10,0.00244140625,0.002,8.0,1.0,1.0,8,0.323316663929705,3.092942961385431,0.004428995396297329,73.0,225.78483618113648,270.0,0.5191312278723732
n12_d25_s42,12,0.25,42,1.0,62,2,0.00048828125,0.0,1.0,1.0,1.0,26,0.8486721595721104,1.1783113051619216,0.016012682256077555,53.0,62.450499173581846,810.0,0.030493407799600518
n12_d25_s42,12,0.25,42,1.0,62,2,0.00048828125,0.0,2.0,1.0,1.0,26,0.8486721595721104,1.1783113051619216,0.010742685564203928,79.0,93.08659310779181,810.0,0.04545243804091398
n12_d25_s42,12,0.25,42,1.0,62,2,0.00048828125,0.0,4.0,1.0,1.0,26,0.8486721595721104,1.1783113051619216,0.006478413431848171,131.0,154.35878097621173,810.0,0.0753704985235409
n12_d25_s42,12,0.25,42,1.0,62,2,0.00048828125,0.0,8.0,1.0,1.0,26,0.8486721595721104,1.1783113051619216,0.0036113708917962146,235.0,276.9031567130516,810.0,0.13520661948879475
n12_d25_s42,12,0.25,42,1.0,62,2,0.00048828125,0.0005,1.0,1.0,1.0,21,0.4758436173431143,2.1015307625297717,0.011066130635886379,43.0,90.36582278878019,660.0,0.04346701707093844
n12_d25_s42,12,0.25,42,1.0,62,2,0.00048828125,0.0005,2.0,1.0,1.0,21,0.4758436173431143,2.1015307625297717,0.007435056520986161,64.0,134.4979688019054,660.0,0.06469509517535023
n12_d25_s42,12,0.25,42,1.0,62,2,0.00048828125,0.0005,4.0,1.0,1.0,21,0.4758436173431143,2.1015307625297717,0.004489090729652022,106.0,222.76226082815583,660.0,0.10715125138417382
n12_d25_s42,12,0.25,42,1.0,62,2,0.00048828125,0.0005,8.0,1.0,1.0,21,0.4758436173431143,2.1015307625297717,0.002504440091279549,190.0,399.29084488065666,660.0,0.192063563801821
n12_d25_s42,12,0.25,42,1.0,62,2,0.00048828125,0.001,1.0,1.0,1.0,18,0.30099425514897193,3.3223225456747247,0.008134979868891133,37.0,122.9259341899648,570.0,0.058248497945277936
n12_d25_s42,12,0.25,42,1.0,62,2,0.00048828125,0.001,2.0,1.0,1.0,18,0.30099425514897193,3.3223225456747247,0.005472622820890399,55.0,182.72774001210985,570.0,0.08658560505379152
n12_d25_s42,12,0.25,42,1.0,62,2,0.00048828125,0.001,4.0,1.0,1.0,18,0.30099425514897193,3.3223225456747247,0.00330762917746123,91.0,302.33135165639993,570.0,0.1432598192708187
n12_d25_s42,12,0.25,42,1.0,62,2,0.00048828125,0.001,8.0,1.0,1.0,17,0.2844184230113768,3.515946644426756,0.0018468728766972522,154.0,541.4557832417204,540.0,0.2565690168266293
n12_d25_s42,12,0.25,42,1.0,62,2,0.00048828125,0.002,1.0,1.0,1.0,12,0.1262486328887283,7.920877851258552,0.005049945315549132,25.0,198.02194628146378,390.0,0.091059592714457
n12_d25_s42,12,0.25,42,1.0,62,2,0.00048828125,0.002,2.0,1.0,1.0,12,0.1262486328887283,7.920877851258552,0.0034121252132088735,37.0,293.0724804965664,390.0,0.13476819721739636
n12_d25_s42,12,0.25,42,1.0,62,2,0.00048828125,0.002,4.0,1.0,1.0,12,0.1262486328887283,7.920877851258552,0.0020696497194873493,61.0,483.1735489267716,390.0,0.22218540622327507
n12_d25_s42,12,0.25,42,1.0,62,2,0.00048828125,0.002,8.0,1.0,1.0,12,0.1262486328887283,7.920877851258552,0.0011582443384287,109.0,863.3756857871821,390.0,0.3970198242350325
n12_d50_s17,12,0.5,17,0.9,108,102,0.02490234375,0.0,1.0,1.0,1.0,3,0.8016944509007435,1.2473580163570426,0.11452777870010622,7.0,8.731506114499298,120.0,0.21743496671848836
n12_d50_s17,12,0.5,17,0.9,108,102,0.02490234375,0.0,2.0,1.0,1.0,3,0.8016944509007435,1.2473580163570426,0.08016944509007436,10.0,12.473580163570427,120.0,0.31062138102641196
n12_d50_s17,12,0.5,17,0.9,108,102,0.02490234375,0.0,4.0,1.0,1.0,3,0.8016944509007435,1.2473580163570426,0.05010590318129647,16.0,19.95772826171268,120.0,0.49699420964225904
n12_d50_s17,12,0.5,17,0.9,108,102,0.02490234375,0.0,8.0,1.0,1.0,3,0.8016944509007435,1.2473580163570426,0.028631944675026555,28.0,34.926024457997194,120.0,0.8697398668739534
n12_d50_s17,12,0.5,17,0.9,108,102,0.02490234375,0.0005,1.0,1.0,1.0,3,0.7550074006296191,1.3244903283942324,0.1078582000899456,7.0,9.271432298759626,120.0,0.22744303290586346
n12_d50_s17,12,0.5,17,0.9,108,102,0.02490234375,0.0005,2.0,1.0,1.0,3,0.7550074006296191,1.3244903283942324,0.07550074006296191,10.0,13.244903283942323,120.0,0.3249186184369478
n12_d50_s17,12,0.5,17,0.9,108,102,0.02490234375,0.0005,4.0,1.0,1.0,3,0.7550074006296191,1.3244903283942324,0.047187962539351196,16.0,21.19184525430772,120.0,0.5198697894991166
n12_d50_s17,12,0.5,17,0.9,108,102,0.02490234375,0.0005,8.0,1.0,1.0,3,0.7550074006296191,1.3244903283942324,0.0269645500224864,28.0,37.0857291950385,120.0,0.9097721316234538
n12_d50_s17,12,0.5,17,0.9,108,102,0.02490234375,0.001,1.0,1.0,1.0,3,0.7110391925066092,1.406392236234861,0.10157702750094418,7.0,9.844745653644027,120.0,0.23791174896166828
n12_d50_s17,12,0.5,17,0.9,108,102,0.02490234375,0.001,2.0,1.0,1.0,3,0.7110391925066092,1.406392236234861,0.07110391925066092,10.0,14.063922362348611,120.0,0.33987392708809755
n12_d50_s17,12,0.5,17,0.9,108,102,0.02490234375,0.001,4.0,1.0,1.0,3,0.7110391925066092,1.406392236234861,0.044439949531663074,16.0,22.502275779757777,120.0,0.543798283340956
n12_d50_s17,12,0.5,17,0.9,108,102,0.02490234375,0.001,8.0,1.0,1.0,3,0.7110391925066092,1.406392236234861,0.025394256875236044,28.0,39.37898261457611,120.0,0.9516469958466731
n12_d50_s17,12,0.5,17,0.9,108,102,0.02490234375,0.002,1.0,1.0,1.0,3,0.630635191140977,1.585702818440483,0.09009074159156814,7.0,11.099919729083382,120.0,0.26031691750518715
n12_d50_s17,12,0.5,17,0.9,108,102,0.02490234375,0.002,2.0,1.0,1.0,3,0.630635191140977,1.585702818440483,0.0630635191140977,10.0,15.85702818440483,120.0,0.37188131072169595
n12_d50_s17,12,0.5,17,0.9,108,102,0.02490234375,0.002,4.0,1.0,1.0,3,0.630635191140977,1.585702818440483,0.03941469944631106,16.0,25.37124509504773,120.0,0.5950100971547135
n12_d50_s17,12,0.5,17,0.9,108,102,0.02490234375,0.002,8.0,1.0,1.0,0,0.02345214414687338,42.64002445735092,0.02345214414687338,1.0,42.64002445735092,30.0,1.0
n12_d50_s17,12,0.5,17,0.95,114,22,0.00537109375,0.0,1.0,1.0,1.0,7,0.7944952109045791,1.2586608280010168,0.052966347393638605,15.0,18.879912420015252,240.0,0.1014057795996913
n12_d50_s17,12,0.5,17,0.95,114,22,0.00537109375,0.0,2.0,1.0,1.0,7,0.7944952109045791,1.2586608280010168,0.036113418677480864,22.0,27.69053821602237,240.0,0.1487284767462139
n12_d50_s17,12,0.5,17,0.95,114,22,0.00537109375,0.0,4.0,1.0,1.0,7,0.7944952109045791,1.2586608280010168,0.022069311414016086,36.0,45.31178980803661,240.0,0.24337387103925912
n12_d50_s17,12,0.5,17,0.95,114,22,0.00537109375,0.0,8.0,1.0,1.0,7,0.7944952109045791,1.2586608280010168,0.012413987670384048,64.0,80.55429299206507,240.0,0.4326646596253495
n12_d50_s17,12,0.5,17,0.95,114,22,0.00537109375,0.0005,1.0,1.0,1.0,7,0.7046540394251795,1.4191361207774364,0.04697693596167863,15.0,21.28704181166155,240.0,0.11263247535276925
n12_d50_s17,12,0.5,17,0.95,114,22,0.00537109375,0.0005,2.0,1.0,1.0,7,0.7046540394251795,1.4191361207774364,0.03202972906478088,22.0,31.220994657103603,240.0,0.16519429718406156
n12_d50_s17,12,0.5,17,0.95,114,22,0.00537109375,0.0005,4.0,1.0,1.0,7,0.7046540394251795,1.4191361207774364,0.019573723317366096,36.0,51.08890034798772,240.0,0.27031794084664623
n12_d50_s17,12,0.5,17,0.95,114,22,0.00537109375,0.0005,8.0,1.0,1.0,7,0.7046540394251795,1.4191361207774364,0.011010219366018429,64.0,90.82471172975593,240.0,0.48056522817181546
n12_d50_s17,12,0.5,17,0.95,114,22,0.00537109375,0.001,1.0,1.0,1.0,7,0.6249720683814893,1.6000715081391281,0.04166480455876596,15.0,24.001072622086923,240.0,0.12510208544494822
n12_d50_s17,12,0.5,17,0.95,114,22,0.00537109375,0.001,2.0,1.0,1.0,7,0.6249720683814893,1.6000715081391281,0.028407821290067695,22.0,35.20157317906082,240.0,0.18348305865259074
n12_d50_s17,12,0.5,17,0.95,114,22,0.00537109375,0.001,4.0,1.0,1.0,6,0.5390734876210214,1.8550346529062074,0.017389467342613592,31.0,57.506074240092424,210.0,0.2997420126368519
n12_d50_s17,12,0.5,17,0.95,114,22,0.00537109375,0.001,8.0,1.0,1.0,6,0.5390734876210214,1.8550346529062074,0.009801336138564026,55.0,102.0269059098414,210.0,0.5318003450008663
n12_d50_s17,12,0.5,17,0.95,114,22,0.00537109375,0.002,1.0,1.0,1.0,6,0.4369644764858046,2.2885155517498603,0.033612652037369586,13.0,29.750702172748184,210.0,0.15048814341344874
n12_d50_s17,12,0.5,17,0.95,114,22,0.00537109375,0.002,2.0,1.0,1.0,6,0.4369644764858046,2.2885155517498603,0.022998130341358138,19.0,43.481795483247346,210.0,0.21994420960427122
n12_d50_s17,12,0.5,17,0.95,114,22,0.00537109375,0.002,4.0,1.0,1.0,6,0.4369644764858046,2.2885155517498603,0.014095628273735632,31.0,70.94398210424566,210.0,0.35885634198591615
n12_d50_s17,12,0.5,17,0.95,114,22,0.00537109375,0.002,8.0,1.0,1.0,6,0.4369644764858046,2.2885155517498603,0.007944808663378265,55.0,125.86835534624231,210.0,0.6366806067492061
n12_d50_s17,12,0.5,17,1.0,119,2,0.00048828125,0.0,1.0,1.0,1.0,26,0.8486721595721104,1.1783113051619216,0.016012682256077555,53.0,62.450499173581846,810.0,0.030493407799600518
n12_d50_s17,12,0.5,17,1.0,119,2,0.00048828125,0.0,2.0,1.0,1.0,26,0.8486721595721104,1.1783113051619216,0.010742685564203928,79.0,93.08659310779181,810.0,0.04545243804091398
n12_d50_s17,12,0.5,17,1.0,119,2,0.00048828125,0.0,4.0,1.0,1.0,26,0.8486721595721104,1.1783113051619216,0.006478413431848171,131.0,154.35878097621173,810.0,0.0753704985235409
n12_d50_s17,12,0.5,17,1.0,119,2,0.00048828125,0.0,8.0,1.0,1.0,26,0.8486721595721104,1.1783113051619216,0.0036113708917962146,235.0,276.9031567130516,810.0,0.13520661948879475
n12_d50_s17,12,0.5,17,1.0,119,2,0.00048828125,0.0005,1.0,1.0,1.0,21,0.4758436173431143,2.1015307625297717,0.011066130635886379,43.0,90.36582278878019,660.0,0.04346701707093844
n12_d50_s17,12,0.5,17,1.0,119,2,0.00048828125,0.0005,2.0,1.0,1.0,21,0.4758436173431143,2.1015307625297717,0.007435056520986161,64.0,134.4979688019054,660.0,0.06469509517535023
n12_d50_s17,12,0.5,17,1.0,119,2,0.00048828125,0.0005,4.0,1.0,1.0,21,0.4758436173431143,2.1015307625297717,0.004489090729652022,106.0,222.76226082815583,660.0,0.10715125138417382
n12_d50_s17,12,0.5,17,1.0,119,2,0.00048828125,0.0005,8.0,1.0,1.0,21,0.4758436173431143,2.1015307625297717,0.002504440091279549,190.0,399.29084488065666,660.0,0.192063563801821
n12_d50_s17,12,0.5,17,1.0,119,2,0.00048828125,0.001,1.0,1.0,1.0,18,0.30099425514897193,3.3223225456747247,0.008134979868891133,37.0,122.9259341899648,570.0,0.058248497945277936
n12_d50_s17,12,0.5,17,1.0,119,2,0.00048828125,0.001,2.0,1.0,1.0,18,0.30099425514897193,3.3223225456747247,0.005472622820890399,55.0,182.72774001210985,570.0,0.08658560505379152
n12_d50_s17,12,0.5,17,1.0,119,2,0.00048828125,0.001,4.0,1.0,1.0,18,0.30099425514897193,3.3223225456747247,0.00330762917746123,91.0,302.33135165639993,570.0,0.1432598192708187
n12_d50_s17,12,0.5,17,1.0,119,2,0.00048828125,0.001,8.0,1.0,1.0,17,0.2844184230113768,3.515946644426756,0.0018468728766972522,154.0,541.4557832417204,540.0,0.2565690168266293
n12_d50_s17,12,0.5,17,1.0,119,2,0.00048828125,0.002,1.0,1.0,1.0,12,0.1262486328887283,7.920877851258552,0.005049945315549132,25.0,198.02194628146378,390.0,0.091059592714457
n12_d50_s17,12,0.5,17,1.0,119,2,0.00048828125,0.002,2.0,1.0,1.0,12,0.1262486328887283,7.920877851258552,0.0034121252132088735,37.0,293.0724804965664,390.0,0.13476819721739636
n12_d50_s17,12,0.5,17,1.0,119,2,0.00048828125,0.002,4.0,1.0,1.0,12,0.1262486328887283,7.920877851258552,0.0020696497194873493,61.0,483.1735489267716,390.0,0.22218540622327507
n12_d50_s17,12,0.5,17,1.0,119,2,0.00048828125,0.002,8.0,1.0,1.0,12,0.1262486328887283,7.920877851258552,0.0011582443384287,109.0,863.3756857871821,390.0,0.3970198242350325
n12_d50_s42,12,0.5,42,0.9,116,24,0.005859375,0.0,1.0,1.0,1.0,7,0.8326325428624705,1.201009987625687,0.055508836190831363,15.0,18.015149814385307,240.0,0.1055575184436639
n12_d50_s42,12,0.5,42,0.9,116,24,0.005859375,0.0,2.0,1.0,1.0,7,0.8326325428624705,1.201009987625687,0.03784693376647593,22.0,26.422219727765114,240.0,0.1548176937173737
n12_d50_s42,12,0.5,42,0.9,116,24,0.005859375,0.0,4.0,1.0,1.0,7,0.8326325428624705,1.201009987625687,0.023128681746179734,36.0,43.23635955452473,240.0,0.25333804426479334
n12_d50_s42,12,0.5,42,0.9,116,24,0.005859375,0.0,8.0,1.0,1.0,7,0.8326325428624705,1.201009987625687,0.013009883482226101,64.0,76.86463920804397,240.0,0.45037874535963257
n12_d50_s42,12,0.5,42,0.9,116,24,0.005859375,0.0005,1.0,1.0,1.0,7,0.7384788185404997,1.354134979763347,0.04923192123603331,15.0,20.312024696450205,240.0,0.11724385573819551
n12_d50_s42,12,0.5,42,0.9,116,24,0.005859375,0.0005,2.0,1.0,1.0,7,0.7384788185404997,1.354134979763347,0.03356721902456817,22.0,29.790969554793637,240.0,0.17195765508268676
n12_d50_s42,12,0.5,42,0.9,116,24,0.005859375,0.0005,4.0,1.0,1.0,7,0.7384788185404997,1.354134979763347,0.02051330051501388,36.0,48.7488592714805,240.0,0.2813852537716693
n12_d50_s42,12,0.5,42,0.9,116,24,0.005859375,0.0005,8.0,1.0,1.0,7,0.7384788185404997,1.354134979763347,0.011538731539695308,64.0,86.66463870485421,240.0,0.5002404511496342
n12_d50_s42,12,0.5,42,0.9,116,24,0.005859375,0.001,1.0,1.0,1.0,6,0.5710583961539062,1.7511343966484465,0.04392756893491586,13.0,22.764747156429802,210.0,0.12944500312686563
n12_d50_s42,12,0.5,42,0.9,116,24,0.005859375,0.001,2.0,1.0,1.0,6,0.5710583961539062,1.7511343966484465,0.030055705060731904,19.0,33.27155353632048,210.0,0.18918885072388053
n12_d50_s42,12,0.5,42,0.9,116,24,0.005859375,0.001,4.0,1.0,1.0,6,0.5710583961539062,1.7511343966484465,0.018421238585609876,31.0,54.28516629610184,210.0,0.3086765459179104
n12_d50_s42,12,0.5,42,0.9,116,24,0.005859375,0.001,8.0,1.0,1.0,6,0.5710583961539062,1.7511343966484465,0.010382879930071021,55.0,96.31239181566455,210.0,0.54765193630597
n12_d50_s42,12,0.5,42,0.9,116,24,0.005859375,0.002,1.0,1.0,1.0,6,0.46289093945135845,2.1603360851807776,0.03560699534241219,13.0,28.084369107350106,210.0,0.15497380531284052
n12_d50_s42,12,0.5,42,0.9,116,24,0.005859375,0.002,2.0,1.0,1.0,6,0.46289093945135845,2.1603360851807776,0.024362681023755706,19.0,41.04638561843477,210.0,0.22650017699569
n12_d50_s42,12,0.5,42,0.9,116,24,0.005859375,0.002,4.0,1.0,1.0,5,0.3888234859944007,2.571861104126824,0.014954749461323105,26.0,66.86838870729741,180.0,0.3689899037253409
n12_d50_s42,12,0.5,42,0.9,116,24,0.005859375,0.002,8.0,1.0,1.0,5,0.3888234859944007,2.571861104126824,0.008452684478139145,46.0,118.30561078983389,180.0,0.6528282912063724
n12_d50_s42,12,0.5,42,0.95,122,8,0.001953125,0.0,1.0,1.0,1.0,13,0.8643653530373577,1.156918190306941,0.03201353159397621,27.0,31.236791138287405,420.0,0.0610093576919676
n12_d50_s42,12,0.5,42,0.95,122,8,0.001953125,0.0,2.0,1.0,1.0,13,0.8643653530373577,1.156918190306941,0.021609133825933942,40.0,46.27672761227764,420.0,0.09038423361772978
n12_d50_s42,12,0.5,42,0.95,122,8,0.001953125,0.0,4.0,1.0,1.0,13,0.8643653530373577,1.156918190306941,0.013096444742990269,66.0,76.3566005602581,420.0,0.14913398546925413
n12_d50_s42,12,0.5,42,0.95,122,8,0.001953125,0.0,8.0,1.0,1.0,12,0.7984502366243993,1.252426205329578,0.007325231528664214,109.0,136.514456380924,390.0,0.26662979761899225
n12_d50_s42,12,0.5,42,0.95,122,8,0.001953125,0.0005,1.0,1.0,1.0,12,0.6569925274275846,1.5220873271046793,0.026279701097103383,25.0,38.05218317761698,390.0,0.07321417964108068
n12_d50_s42,12,0.5,42,0.95,122,8,0.001953125,0.0005,2.0,1.0,1.0,11,0.6040897739637688,1.6553830955264217,0.017767346293052023,34.0,56.28302524789834,360.0,0.10829117220446347
n12_d50_s42,12,0.5,42,0.95,122,8,0.001953125,0.0005,4.0,1.0,1.0,11,0.6040897739637688,1.6553830955264217,0.010787317392210158,56.0,92.7014533494796,360.0,0.17836193068970452
n12_d50_s42,12,0.5,42,0.95,122,8,0.001953125,0.0005,8.0,1.0,1.0,11,0.6040897739637688,1.6553830955264217,0.006040897739637689,100.0,165.53830955264218,360.0,0.3185034476601867
n12_d50_s42,12,0.5,42,0.95,122,8,0.001953125,0.001,1.0,1.0,1.0,10,0.46085964950583996,2.169858005733974,0.02194569759551619,21.0,45.56701812041345,330.0,0.08636779142984215
n12_d50_s42,12,0.5,42,0.95,122,8,0.001953125,0.001,2.0,1.0,1.0,10,0.46085964950583996,2.169858005733974,0.014866440306639998,31.0,67.26559817775319,330.0,0.1274953111583384
n12_d50_s42,12,0.5,42,0.95,122,8,0.001953125,0.001,4.0,1.0,1.0,10,0.46085964950583996,2.169858005733974,0.009036463715800783,51.0,110.66275829243266,330.0,0.2097503506153309
n12_d50_s42,12,0.5,42,0.95,122,8,0.001953125,0.001,8.0,1.0,1.0,10,0.46085964950583996,2.169858005733974,0.005064391752811428,91.0,197.4570785217916,330.0,0.37426042952931593
n12_d50_s42,12,0.5,42,0.95,122,8,0.001953125,0.002,1.0,1.0,1.0,9,0.3042921660801288,3.28631529651891,0.016015377162112043,19.0,62.439990633859296,300.0,0.11485111065683862
n12_d50_s42,12,0.5,42,0.95,122,8,0.001953125,0.002,2.0,1.0,1.0,9,0.3042921660801288,3.28631529651891,0.0108675773600046,28.0,92.01682830252949,300.0,0.16925426833639373
n12_d50_s42,12,0.5,42,0.95,122,8,0.001953125,0.002,4.0,1.0,1.0,8,0.27166175044670043,3.6810482092369434,0.006625896352358547,41.0,150.92297657871467,270.0,0.2776052864156245
n12_d50_s42,12,0.5,42,0.95,122,8,0.001953125,0.002,8.0,1.0,1.0,8,0.27166175044670043,3.6810482092369434,0.0037213938417356225,73.0,268.71651927429684,270.0,0.49427282703269726
n12_d50_s42,12,0.5,42,1.0,128,2,0.00048828125,0.0,1.0,1.0,1.0,26,0.8486721595721104,1.1783113051619216,0.016012682256077555,53.0,62.450499173581846,810.0,0.030493407799600518
n12_d50_s42,12,0.5,42,1.0,128,2,0.00048828125,0.0,2.0,1.0,1.0,26,0.8486721595721104,1.1783113051619216,0.010742685564203928,79.0,93.08659310779181,810.0,0.04545243804091398
n12_d50_s42,12,0.5,42,1.0,128,2,0.00048828125,0.0,4.0,1.0,1.0,26,0.8486721595721104,1.1783113051619216,0.006478413431848171,131.0,154.35878097621173,810.0,0.0753704985235409
n12_d50_s42,12,0.5,42,1.0,128,2,0.00048828125,0.0,8.0,1.0,1.0,26,0.8486721595721104,1.1783113051619216,0.0036113708917962146,235.0,276.9031567130516,810.0,0.13520661948879475
n12_d50_s42,12,0.5,42,1.0,128,2,0.00048828125,0.0005,1.0,1.0,1.0,21,0.4758436173431143,2.1015307625297717,0.011066130635886379,43.0,90.36582278878019,660.0,0.04346701707093844
n12_d50_s42,12,0.5,42,1.0,128,2,0.00048828125,0.0005,2.0,1.0,1.0,21,0.4758436173431143,2.1015307625297717,0.007435056520986161,64.0,134.4979688019054,660.0,0.06469509517535023
n12_d50_s42,12,0.5,42,1.0,128,2,0.00048828125,0.0005,4.0,1.0,1.0,21,0.4758436173431143,2.1015307625297717,0.004489090729652022,106.0,222.76226082815583,660.0,0.10715125138417382
n12_d50_s42,12,0.5,42,1.0,128,2,0.00048828125,0.0005,8.0,1.0,1.0,21,0.4758436173431143,2.1015307625297717,0.002504440091279549,190.0,399.29084488065666,660.0,0.192063563801821
n12_d50_s42,12,0.5,42,1.0,128,2,0.00048828125,0.001,1.0,1.0,1.0,18,0.30099425514897193,3.3223225456747247,0.008134979868891133,37.0,122.9259341899648,570.0,0.058248497945277936
n12_d50_s42,12,0.5,42,1.0,128,2,0.00048828125,0.001,2.0,1.0,1.0,18,0.30099425514897193,3.3223225456747247,0.005472622820890399,55.0,182.72774001210985,570.0,0.08658560505379152
n12_d50_s42,12,0.5,42,1.0,128,2,0.00048828125,0.001,4.0,1.0,1.0,18,0.30099425514897193,3.3223225456747247,0.00330762917746123,91.0,302.33135165639993,570.0,0.1432598192708187
n12_d50_s42,12,0.5,42,1.0,128,2,0.00048828125,0.001,8.0,1.0,1.0,17,0.2844184230113768,3.515946644426756,0.0018468728766972522,154.0,541.4557832417204,540.0,0.2565690168266293
n12_d50_s42,12,0.5,42,1.0,128,2,0.00048828125,0.002,1.0,1.0,1.0,12,0.1262486328887283,7.920877851258552,0.005049945315549132,25.0,198.02194628146378,390.0,0.091059592714457
n12_d50_s42,12,0.5,42,1.0,128,2,0.00048828125,0.002,2.0,1.0,1.0,12,0.1262486328887283,7.920877851258552,0.0034121252132088735,37.0,293.0724804965664,390.0,0.13476819721739636
n12_d50_s42,12,0.5,42,1.0,128,2,0.00048828125,0.002,4.0,1.0,1.0,12,0.1262486328887283,7.920877851258552,0.0020696497194873493,61.0,483.1735489267716,390.0,0.22218540622327507
n12_d50_s42,12,0.5,42,1.0,128,2,0.00048828125,0.002,8.0,1.0,1.0,12,0.1262486328887283,7.920877851258552,0.0011582443384287,109.0,863.3756857871821,390.0,0.3970198242350325
n12_d75_s17,12,0.75,17,0.9,148,192,0.046875,0.0,1.0,1.0,1.0,2,0.7870681285858153,1.2705380432527174,0.15741362571716305,5.0,6.352690216263587,90.0,0.29778235388735563
n12_d75_s17,12,0.75,17,0.9,148,192,0.046875,0.0,2.0,1.0,1.0,2,0.7870681285858153,1.2705380432527174,0.1124383040836879,7.0,8.893766302769022,90.0,0.41689529544229786
n12_d75_s17,12,0.75,17,0.9,148,192,0.046875,0.0,4.0,1.0,1.0,2,0.7870681285858153,1.2705380432527174,0.07155164805325594,11.0,13.975918475779892,90.0,0.6551211785521823
n12_d75_s17,12,0.75,17,0.9,148,192,0.046875,0.0,8.0,1.0,1.0,0,0.04687499999999999,21.333333333333336,0.04687499999999999,1.0,21.333333333333336,30.0,1.0
n12_d75_s17,12,0.75,17,0.9,148,192,0.046875,0.0005,1.0,1.0,1.0,2,0.75243514895913,1.3290181903162488,0.150487029791826,5.0,6.645090951581244,90.0,0.3068511766945762
n12_d75_s17,12,0.75,17,0.9,148,192,0.046875,0.0005,2.0,1.0,1.0,2,0.75243514895913,1.3290181903162488,0.10749073556559,7.0,9.30312733221374,90.0,0.4295916473724067
n12_d75_s17,12,0.75,17,0.9,148,192,0.046875,0.0005,4.0,1.0,1.0,2,0.75243514895913,1.3290181903162488,0.06840319535992091,11.0,14.619200093478737,90.0,0.6750725887280676
n12_d75_s17,12,0.75,17,0.9,148,192,0.046875,0.0005,8.0,1.0,1.0,0,0.04617712216889355,21.655745378468676,0.04617712216889355,1.0,21.655745378468676,30.0,1.0
n12_d75_s17,12,0.75,17,0.9,148,192,0.046875,0.001,1.0,1.0,1.0,2,0.7193261076476416,1.3901900533962617,0.14386522152952833,5.0,6.950950266981309,90.0,0.31619618627389784
n12_d75_s17,12,0.75,17,0.9,148,192,0.046875,0.001,2.0,1.0,1.0,2,0.7193261076476416,1.3901900533962617,0.10276087252109166,7.0,9.731330373773833,90.0,0.44267466078345696
n12_d75_s17,12,0.75,17,0.9,148,192,0.046875,0.001,4.0,1.0,1.0,2,0.7193261076476416,1.3901900533962617,0.06539328251342197,11.0,15.29209058735888,90.0,0.6956316098025752
n12_d75_s17,12,0.75,17,0.9,148,192,0.046875,0.001,8.0,1.0,1.0,0,0.04548963438508631,21.98303005767503,0.04548963438508631,1.0,21.98303005767503,30.0,1.0
n12_d75_s17,12,0.75,17,0.9,148,192,0.046875,0.002,1.0,1.0,1.0,2,0.6574145621589482,1.5211102058889627,0.13148291243178964,5.0,7.605551029444814,90.0,0.3357486664638889
n12_d75_s17,12,0.75,17,0.9,148,192,0.046875,0.002,2.0,1.0,1.0,2,0.6574145621589482,1.5211102058889627,0.09391636602270689,7.0,10.647771441222739,90.0,0.4700481330494444
n12_d75_s17,12,0.75,17,0.9,148,192,0.046875,0.002,4.0,1.0,1.0,2,0.6574145621589482,1.5211102058889627,0.05976496019626802,11.0,16.73221226477859,90.0,0.7386470662205555
n12_d75_s17,12,0.75,17,0.9,148,192,0.046875,0.002,8.0,1.0,1.0,0,0.04414521251176165,22.652512992967676,0.04414521251176165,1.0,22.652512992967676,30.0,1.0
n12_d75_s17,12,0.75,17,0.95,156,46,0.01123046875,0.0,1.0,1.0,1.0,5,0.8462741409422342,1.181650190665886,0.07693401281293039,11.0,12.998152097324747,180.0,0.14597534093675252
n12_d75_s17,12,0.75,17,0.95,156,46,0.01123046875,0.0,2.0,1.0,1.0,5,0.8462741409422342,1.181650190665886,0.05289213380888964,16.0,18.906403050654177,180.0,0.21232776863527641
n12_d75_s17,12,0.75,17,0.95,156,46,0.01123046875,0.0,4.0,1.0,1.0,5,0.8462741409422342,1.181650190665886,0.03254900542085516,26.0,30.722904957313037,180.0,0.34503262403232415
n12_d75_s17,12,0.75,17,0.95,156,46,0.01123046875,0.0,8.0,1.0,1.0,5,0.8462741409422342,1.181650190665886,0.01839726393352683,46.0,54.35590877063076,180.0,0.6104423348264197
n12_d75_s17,12,0.75,17,0.95,156,46,0.01123046875,0.0005,1.0,1.0,1.0,5,0.7734363286957265,1.292931250961971,0.07031239351779332,11.0,14.222243760581682,180.0,0.15734450641570608
n12_d75_s17,12,0.75,17,0.95,156,46,0.01123046875,0.0005,2.0,1.0,1.0,5,0.7734363286957265,1.292931250961971,0.04833977054348291,16.0,20.686900015391537,180.0,0.2288647366046634
n12_d75_s17,12,0.75,17,0.95,156,46,0.01123046875,0.0005,4.0,1.0,1.0,5,0.7734363286957265,1.292931250961971,0.02974755110368179,26.0,33.61621252501125,180.0,0.371905196982578
n12_d75_s17,12,0.75,17,0.95,156,46,0.01123046875,0.0005,8.0,1.0,1.0,5,0.7734363286957265,1.292931250961971,0.016813833232515795,46.0,59.47483754425067,180.0,0.6579861177384072
n12_d75_s17,12,0.75,17,0.95,156,46,0.01123046875,0.001,1.0,1.0,1.0,5,0.7068675806167125,1.4146921254013964,0.06426068914697386,11.0,15.56161337941536,180.0,0.16959914969425482
n12_d75_s17,12,0.75,17,0.95,156,46,0.01123046875,0.001,2.0,1.0,1.0,5,0.7068675806167125,1.4146921254013964,0.04417922378854453,16.0,22.635074006422343,180.0,0.24668967228255248
n12_d75_s17,12,0.75,17,0.95,156,46,0.01123046875,0.001,4.0,1.0,1.0,4,0.5740023478138425,1.7421531528723204,0.027333445133992502,21.0,36.58521621031873,150.0,0.3987261095214046
n12_d75_s17,12,0.75,17,0.95,156,46,0.01123046875,0.001,8.0,1.0,1.0,4,0.5740023478138425,1.7421531528723204,0.01551357696794169,37.0,64.45966665627586,150.0,0.7025174310615224
n12_d75_s17,12,0.75,17,0.95,156,46,0.01123046875,0.002,1.0,1.0,1.0,4,0.4940483992500846,2.024093189084103,0.05489426658334273,9.0,18.21683870175693,150.0,0.1926696141976616
n12_d75_s17,12,0.75,17,0.95,156,46,0.01123046875,0.002,2.0,1.0,1.0,4,0.4940483992500846,2.024093189084103,0.038003723019237275,13.0,26.313211458093342,150.0,0.2783005538410667
n12_d75_s17,12,0.75,17,0.95,156,46,0.01123046875,0.002,4.0,1.0,1.0,4,0.4940483992500846,2.024093189084103,0.02352611425000403,21.0,42.50595697076617,150.0,0.449562433127877
n12_d75_s17,12,0.75,17,0.95,156,46,0.01123046875,0.002,8.0,1.0,1.0,4,0.4940483992500846,2.024093189084103,0.013352659439191476,37.0,74.89144799611182,150.0,0.7920861917014976
n12_d75_s17,12,0.75,17,1.0,164,2,0.00048828125,0.0,1.0,1.0,1.0,26,0.8486721595721104,1.1783113051619216,0.016012682256077555,53.0,62.450499173581846,810.0,0.030493407799600518
n12_d75_s17,12,0.75,17,1.0,164,2,0.00048828125,0.0,2.0,1.0,1.0,26,0.8486721595721104,1.1783113051619216,0.010742685564203928,79.0,93.08659310779181,810.0,0.04545243804091398
n12_d75_s17,12,0.75,17,1.0,164,2,0.00048828125,0.0,4.0,1.0,1.0,26,0.8486721595721104,1.1783113051619216,0.006478413431848171,131.0,154.35878097621173,810.0,0.0753704985235409
n12_d75_s17,12,0.75,17,1.0,164,2,0.00048828125,0.0,8.0,1.0,1.0,26,0.8486721595721104,1.1783113051619216,0.0036113708917962146,235.0,276.9031567130516,810.0,0.13520661948879475
n12_d75_s17,12,0.75,17,1.0,164,2,0.00048828125,0.0005,1.0,1.0,1.0,21,0.4758436173431143,2.1015307625297717,0.011066130635886379,43.0,90.36582278878019,660.0,0.04346701707093844
n12_d75_s17,12,0.75,17,1.0,164,2,0.00048828125,0.0005,2.0,1.0,1.0,21,0.4758436173431143,2.1015307625297717,0.007435056520986161,64.0,134.4979688019054,660.0,0.06469509517535023
n12_d75_s17,12,0.75,17,1.0,164,2,0.00048828125,0.0005,4.0,1.0,1.0,21,0.4758436173431143,2.1015307625297717,0.004489090729652022,106.0,222.76226082815583,660.0,0.10715125138417382
n12_d75_s17,12,0.75,17,1.0,164,2,0.00048828125,0.0005,8.0,1.0,1.0,21,0.4758436173431143,2.1015307625297717,0.002504440091279549,190.0,399.29084488065666,660.0,0.192063563801821
n12_d75_s17,12,0.75,17,1.0,164,2,0.00048828125,0.001,1.0,1.0,1.0,18,0.30099425514897193,3.3223225456747247,0.008134979868891133,37.0,122.9259341899648,570.0,0.058248497945277936
n12_d75_s17,12,0.75,17,1.0,164,2,0.00048828125,0.001,2.0,1.0,1.0,18,0.30099425514897193,3.3223225456747247,0.005472622820890399,55.0,182.72774001210985,570.0,0.08658560505379152
n12_d75_s17,12,0.75,17,1.0,164,2,0.00048828125,0.001,4.0,1.0,1.0,18,0.30099425514897193,3.3223225456747247,0.00330762917746123,91.0,302.33135165639993,570.0,0.1432598192708187
n12_d75_s17,12,0.75,17,1.0,164,2,0.00048828125,0.001,8.0,1.0,1.0,17,0.2844184230113768,3.515946644426756,0.0018468728766972522,154.0,541.4557832417204,540.0,0.2565690168266293
n12_d75_s17,12,0.75,17,1.0,164,2,0.00048828125,0.002,1.0,1.0,1.0,12,0.1262486328887283,7.920877851258552,0.005049945315549132,25.0,198.02194628146378,390.0,0.091059592714457
n12_d75_s17,12,0.75,17,1.0,164,2,0.00048828125,0.002,2.0,1.0,1.0,12,0.1262486328887283,7.920877851258552,0.0034121252132088735,37.0,293.0724804965664,390.0,0.13476819721739636
n12_d75_s17,12,0.75,17,1.0,164,2,0.00048828125,0.002,4.0,1.0,1.0,12,0.1262486328887283,7.920877851258552,0.0020696497194873493,61.0,483.1735489267716,390.0,0.22218540622327507
n12_d75_s17,12,0.75,17,1.0,164,2,0.00048828125,0.002,8.0,1.0,1.0,12,0.1262486328887283,7.920877851258552,0.0011582443384287,109.0,863.3756857871821,390.0,0.3970198242350325
n12_d75_s42,12,0.75,42,0.9,158,88,0.021484375,0.0,1.0,1.0,1.0,3,0.7347305712749815,1.361043134852406,0.10496151018214021,7.0,9.527301943966842,120.0,0.20468812770241263
n12_d75_s42,12,0.75,42,0.9,158,88,0.021484375,0.0,2.0,1.0,1.0,3,0.7347305712749815,1.361043134852406,0.07347305712749816,10.0,13.61043134852406,120.0,0.2924116110034466
n12_d75_s42,12,0.75,42,0.9,158,88,0.021484375,0.0,4.0,1.0,1.0,3,0.7347305712749815,1.361043134852406,0.045920660704686346,16.0,21.776690157638495,120.0,0.4678585776055145
n12_d75_s42,12,0.75,42,0.9,158,88,0.021484375,0.0,8.0,1.0,1.0,3,0.7347305712749815,1.361043134852406,0.026240377545535053,28.0,38.10920777586737,120.0,0.8187525108096505
n12_d75_s42,12,0.75,42,0.9,158,88,0.021484375,0.0005,1.0,1.0,1.0,3,0.6919431937668716,1.445205342010949,0.09884902768098167,7.0,10.116437394076643,120.0,0.21410948416927686
n12_d75_s42,12,0.75,42,0.9,158,88,0.021484375,0.0005,2.0,1.0,1.0,3,0.6919431937668716,1.445205342010949,0.06919431937668716,10.0,14.45205342010949,120.0,0.3058706916703955
n12_d75_s42,12,0.75,42,0.9,158,88,0.021484375,0.0005,4.0,1.0,1.0,3,0.6919431937668716,1.445205342010949,0.04324644961042948,16.0,23.123285472175183,120.0,0.4893931066726328
n12_d75_s42,12,0.75,42,0.9,158,88,0.021484375,0.0005,8.0,1.0,1.0,3,0.6919431937668716,1.445205342010949,0.024712256920245416,28.0,40.46574957630657,120.0,0.8564379366771074
n12_d75_s42,12,0.75,42,0.9,158,88,0.021484375,0.001,1.0,1.0,1.0,3,0.6516475591446532,1.5345718494098115,0.09309250844923618,7.0,10.74200294586868,120.0,0.22396448551174794
n12_d75_s42,12,0.75,42,0.9,158,88,0.021484375,0.001,2.0,1.0,1.0,3,0.6516475591446532,1.5345718494098115,0.06516475591446533,10.0,15.345718494098115,120.0,0.3199492650167828
n12_d75_s42,12,0.75,42,0.9,158,88,0.021484375,0.001,4.0,1.0,1.0,3,0.6516475591446532,1.5345718494098115,0.040727972446540826,16.0,24.553149590556984,120.0,0.5119188240268524
n12_d75_s42,12,0.75,42,0.9,158,88,0.021484375,0.001,8.0,1.0,1.0,3,0.6516475591446532,1.5345718494098115,0.023273127112309045,28.0,42.96801178347472,120.0,0.8958579420469918
n12_d75_s42,12,0.75,42,0.9,158,88,0.021484375,0.002,1.0,1.0,1.0,3,0.5779595377422456,1.730224928731902,0.08256564824889223,7.0,12.111574501123314,120.0,0.2450561805102228
n12_d75_s42,12,0.75,42,0.9,158,88,0.021484375,0.002,2.0,1.0,1.0,3,0.5779595377422456,1.730224928731902,0.057795953774224564,10.0,17.30224928731902,120.0,0.35008025787174685
n12_d75_s42,12,0.75,42,0.9,158,88,0.021484375,0.002,4.0,1.0,1.0,3,0.5779595377422456,1.730224928731902,0.03612247110889035,16.0,27.683598859710433,120.0,0.560128412594795
n12_d75_s42,12,0.75,42,0.9,158,88,0.021484375,0.002,8.0,1.0,1.0,3,0.5779595377422456,1.730224928731902,0.020641412062223058,28.0,48.44629800449326,120.0,0.9802247220408912
n12_d75_s42,12,0.75,42,0.95,167,24,0.005859375,0.0,1.0,1.0,1.0,7,0.8326325428624705,1.201009987625687,0.055508836190831363,15.0,18.015149814385307,240.0,0.1055575184436639
n12_d75_s42,12,0.75,42,0.95,167,24,0.005859375,0.0,2.0,1.0,1.0,7,0.8326325428624705,1.201009987625687,0.03784693376647593,22.0,26.422219727765114,240.0,0.1548176937173737
n12_d75_s42,12,0.75,42,0.95,167,24,0.005859375,0.0,4.0,1.0,1.0,7,0.8326325428624705,1.201009987625687,0.023128681746179734,36.0,43.23635955452473,240.0,0.25333804426479334
n12_d75_s42,12,0.75,42,0.95,167,24,0.005859375,0.0,8.0,1.0,1.0,7,0.8326325428624705,1.201009987625687,0.013009883482226101,64.0,76.86463920804397,240.0,0.45037874535963257
n12_d75_s42,12,0.75,42,0.95,167,24,0.005859375,0.0005,1.0,1.0,1.0,7,0.7384788185404997,1.354134979763347,0.04923192123603331,15.0,20.312024696450205,240.0,0.11724385573819551
n12_d75_s42,12,0.75,42,0.95,167,24,0.005859375,0.0005,2.0,1.0,1.0,7,0.7384788185404997,1.354134979763347,0.03356721902456817,22.0,29.790969554793637,240.0,0.17195765508268676
n12_d75_s42,12,0.75,42,0.95,167,24,0.005859375,0.0005,4.0,1.0,1.0,7,0.7384788185404997,1.354134979763347,0.02051330051501388,36.0,48.7488592714805,240.0,0.2813852537716693
n12_d75_s42,12,0.75,42,0.95,167,24,0.005859375,0.0005,8.0,1.0,1.0,7,0.7384788185404997,1.354134979763347,0.011538731539695308,64.0,86.66463870485421,240.0,0.5002404511496342
n12_d75_s42,12,0.75,42,0.95,167,24,0.005859375,0.001,1.0,1.0,1.0,6,0.5710583961539062,1.7511343966484465,0.04392756893491586,13.0,22.764747156429802,210.0,0.12944500312686563
n12_d75_s42,12,0.75,42,0.95,167,24,0.005859375,0.001,2.0,1.0,1.0,6,0.5710583961539062,1.7511343966484465,0.030055705060731904,19.0,33.27155353632048,210.0,0.18918885072388053
n12_d75_s42,12,0.75,42,0.95,167,24,0.005859375,0.001,4.0,1.0,1.0,6,0.5710583961539062,1.7511343966484465,0.018421238585609876,31.0,54.28516629610184,210.0,0.3086765459179104
n12_d75_s42,12,0.75,42,0.95,167,24,0.005859375,0.001,8.0,1.0,1.0,6,0.5710583961539062,1.7511343966484465,0.010382879930071021,55.0,96.31239181566455,210.0,0.54765193630597
n12_d75_s42,12,0.75,42,0.95,167,24,0.005859375,0.002,1.0,1.0,1.0,6,0.46289093945135845,2.1603360851807776,0.03560699534241219,13.0,28.084369107350106,210.0,0.15497380531284052
n12_d75_s42,12,0.75,42,0.95,167,24,0.005859375,0.002,2.0,1.0,1.0,6,0.46289093945135845,2.1603360851807776,0.024362681023755706,19.0,41.04638561843477,210.0,0.22650017699569
n12_d75_s42,12,0.75,42,0.95,167,24,0.005859375,0.002,4.0,1.0,1.0,5,0.3888234859944007,2.571861104126824,0.014954749461323105,26.0,66.86838870729741,180.0,0.3689899037253409
n12_d75_s42,12,0.75,42,0.95,167,24,0.005859375,0.002,8.0,1.0,1.0,5,0.3888234859944007,2.571861104126824,0.008452684478139145,46.0,118.30561078983389,180.0,0.6528282912063724
n12_d75_s42,12,0.75,42,1.0,175,2,0.00048828125,0.0,1.0,1.0,1.0,26,0.8486721595721104,1.1783113051619216,0.016012682256077555,53.0,62.450499173581846,810.0,0.030493407799600518
n12_d75_s42,12,0.75,42,1.0,175,2,0.00048828125,0.0,2.0,1.0,1.0,26,0.8486721595721104,1.1783113051619216,0.010742685564203928,79.0,93.08659310779181,810.0,0.04545243804091398
n12_d75_s42,12,0.75,42,1.0,175,2,0.00048828125,0.0,4.0,1.0,1.0,26,0.8486721595721104,1.1783113051619216,0.006478413431848171,131.0,154.35878097621173,810.0,0.0753704985235409
n12_d75_s42,12,0.75,42,1.0,175,2,0.00048828125,0.0,8.0,1.0,1.0,26,0.8486721595721104,1.1783113051619216,0.0036113708917962146,235.0,276.9031567130516,810.0,0.13520661948879475
n12_d75_s42,12,0.75,42,1.0,175,2,0.00048828125,0.0005,1.0,1.0,1.0,21,0.4758436173431143,2.1015307625297717,0.011066130635886379,43.0,90.36582278878019,660.0,0.04346701707093844
n12_d75_s42,12,0.75,42,1.0,175,2,0.00048828125,0.0005,2.0,1.0,1.0,21,0.4758436173431143,2.1015307625297717,0.007435056520986161,64.0,134.4979688019054,660.0,0.06469509517535023
n12_d75_s42,12,0.75,42,1.0,175,2,0.00048828125,0.0005,4.0,1.0,1.0,21,0.4758436173431143,2.1015307625297717,0.004489090729652022,106.0,222.76226082815583,660.0,0.10715125138417382
n12_d75_s42,12,0.75,42,1.0,175,2,0.00048828125,0.0005,8.0,1.0,1.0,21,0.4758436173431143,2.1015307625297717,0.002504440091279549,190.0,399.29084488065666,660.0,0.192063563801821
n12_d75_s42,12,0.75,42,1.0,175,2,0.00048828125,0.001,1.0,1.0,1.0,18,0.30099425514897193,3.3223225456747247,0.008134979868891133,37.0,122.9259341899648,570.0,0.058248497945277936
n12_d75_s42,12,0.75,42,1.0,175,2,0.00048828125,0.001,2.0,1.0,1.0,18,0.30099425514897193,3.3223225456747247,0.005472622820890399,55.0,182.72774001210985,570.0,0.08658560505379152
n12_d75_s42,12,0.75,42,1.0,175,2,0.00048828125,0.001,4.0,1.0,1.0,18,0.30099425514897193,3.3223225456747247,0.00330762917746123,91.0,302.33135165639993,570.0,0.1432598192708187
n12_d75_s42,12,0.75,42,1.0,175,2,0.00048828125,0.001,8.0,1.0,1.0,17,0.2844184230113768,3.515946644426756,0.0018468728766972522,154.0,541.4557832417204,540.0,0.2565690168266293
n12_d75_s42,12,0.75,42,1.0,175,2,0.00048828125,0.002,1.0,1.0,1.0,12,0.1262486328887283,7.920877851258552,0.005049945315549132,25.0,198.02194628146378,390.0,0.091059592714457
n12_d75_s42,12,0.75,42,1.0,175,2,0.00048828125,0.002,2.0,1.0,1.0,12,0.1262486328887283,7.920877851258552,0.0034121252132088735,37.0,293.0724804965664,390.0,0.13476819721739636
n12_d75_s42,12,0.75,42,1.0,175,2,0.00048828125,0.002,4.0,1.0,1.0,12,0.1262486328887283,7.920877851258552,0.0020696497194873493,61.0,483.1735489267716,390.0,0.22218540622327507
n12_d75_s42,12,0.75,42,1.0,175,2,0.00048828125,0.002,8.0,1.0,1.0,12,0.1262486328887283,7.920877851258552,0.0011582443384287,109.0,863.3756857871821,390.0,0.3970198242350325
