instance_id,n,density_target,seed,method,run_index,run_seed,eval_budget,objective_evaluations,best_cut,best_ratio,optimum_hit,evidence_label,target_q090_hit,target_q095_hit,target_q100_hit,oper_l025_hit,oper_l040_hit,oper_l055_hit
n8_d25_s17,8,0.25,17,simulated_annealing,0,1507171,4096,4096,40,1.0,1,fixed-objective-evaluation-budget classical heuristic; exact optimum used only for retrospective scoring,1,1,1,1,1,1
n8_d25_s17,8,0.25,17,simulated_annealing,1,1507172,4096,4096,40,1.0,1,fixed-objective-evaluation-budget classical heuristic; exact optimum used only for retrospective scoring,1,1,1,1,1,1
n8_d25_s17,8,0.25,17,simulated_annealing,2,1507173,4096,4096,40,1.0,1,fixed-objective-evaluation-budget classical heuristic; exact optimum used only for retrospective scoring,1,1,1,1,1,1
n8_d25_s17,8,0.25,17,simulated_annealing,3,1507174,4096,4096,40,1.0,1,fixed-objective-evaluation-budget classical heuristic; exact optimum used only for retrospective scoring,1,1,1,1,1,1
n8_d25_s17,8,0.25,17,simulated_annealing,4,1507175,4096,4096,40,1.0,1,fixed-objective-evaluation-budget classical heuristic; exact optimum used only for retrospective scoring,1,1,1,1,1,1
n8_d25_s17,8,0.25,17,simulated_annealing,5,1507176,4096,4096,40,1.0,1,fixed-objective-evaluation-budget classical heuristic; exact optimum used only for retrospective scoring,1,1,1,1,1,1
n8_d25_s17,8,0.25,17,simulated_annealing,6,1507177,4096,4096,40,1.0,1,fixed-objective-evaluation-budget classical heuristic; exact optimum used only for retrospective scoring,1,1,1,1,1,1
n8_d25_s17,8,0.25,17,simulated_annealing,7,1507178,4096,4096,40,1.0,1,fixed-objective-evaluation-budget classical heuristic; exact optimum used only for retrospective scoring,1,1,1,1,1,1
n8_d25_s17,8,0.25,17,simulated_annealing,8,1507179,4096,4096,40,1.0,1,fixed-objective-evaluation-budget classical heuristic; exact optimum used only for retrospective scoring,1,1,1,1,1,1
n8_d25_s17,8,0.25,17,simulated_annealing,9,1507180,4096,4096,40,1.0,1,fixed-objective-evaluation-budget classical heuristic; exact optimum used only for retrospective scoring,1,1,1,1,1,1
n8_d25_s17,8,0.25,17,simulated_annealing,10,1507181,4096,4096,40,1.0,1,fixed-objective-evaluation-budget classical heuristic; exact optimum used only for retrospective scoring,1,1,1,1,1,1
n8_d25_s17,8,0.25,17,simulated_annealing,11,1507182,4096,4096,40,1.0,1,fixed-objective-evaluation-budget classical heuristic; exact optimum used only for retrospective scoring,1,1,1,1,1,1
n8_d25_s17,8,0.25,17,simulated_annealing,12,1507183,4096,4096,40,1.0,1,fixed-objective-evaluation-budget classical heuristic; exact optimum used only for retrospective scoring,1,1,1,1,1,1
n8_d25_s17,8,0.25,17,simulated_annealing,13,1507184,4096,4096,40,1.0,1,fixed-objective-evaluation-budget classical heuristic; exact optimum used only for retrospective scoring,1,1,1,1,1,1
n8_d25_s17,8,0.25,17,simulated_annealing,14,1507185,4096,4096,40,1.0,1,fixed-objective-evaluation-budget classical heuristic; exact optimum used only for retrospective scoring,1,1,1,1,1,1
n8_d25_s17,8,0.25,17,simulated_annealing,15,1507186,4096,4096,40,1.0,1,fixed-objective-evaluation-budget classical heuristic; exact optimum used only for retrospective scoring,1,1,1,1,1,1
n8_d25_s17,8,0.25,17,simulated_annealing,16,1507187,4096,4096,40,1.0,1,fixed-objective-evaluation-budget classical heuristic; exact optimum used only for retrospective scoring,1,1,1,1,1,1
n8_d25_s17,8,0.25,17,simulated_annealing,17,1507188,4096,4096,40,1.0,1,fixed-objective-evaluation-budget classical heuristic; exact optimum used only for retrospective scoring,1,1,1,1,1,1
n8_d25_s17,8,0.25,17,simulated_annealing,18,1507189,4096,4096,40,1.0,1,fixed-objective-evaluation-budget classical heuristic; exact optimum used only for retrospective scoring,1,1,1,1,1,1
n8_d25_s17,8,0.25,17,simulated_annealing,19,1507190,4096,4096,40,1.0,1,fixed-objective-evaluation-budget classical heuristic; exact optimum used only for retrospective scoring,1,1,1,1,1,1
n8_d25_s17,8,0.25,17,simulated_annealing,20,1507191,4096,4096,40,1.0,1,fixed-objective-evaluation-budget classical heuristic; exact optimum used only for retrospective scoring,1,1,1,1,1,1
n8_d25_s17,8,0.25,17,simulated_annealing,21,1507192,4096,4096,40,1.0,1,fixed-objective-evaluation-budget classical heuristic; exact optimum used only for retrospective scoring,1,1,1,1,1,1
n8_d25_s17,8,0.25,17,simulated_annealing,22,1507193,4096,4096,40,1.0,1,fixed-objective-evaluation-budget classical heuristic; exact optimum used only for retrospective scoring,1,1,1,1,1,1
n8_d25_s17,8,0.25,17,simulated_annealing,23,1507194,4096,4096,40,1.0,1,fixed-objective-evaluation-budget classical heuristic; exact optimum used only for retrospective scoring,1,1,1,1,1,1
n8_d25_s17,8,0.25,17,simulated_annealing,24,1507195,4096,4096,40,1.0,1,fixed-objective-evaluation-budget classical heuristic; exact optimum used only for retrospective scoring,1,1,1,1,1,1
n8_d25_s17,8,0.25,17,simulated_annealing,25,1507196,4096,4096,40,1.0,1,fixed-objective-evaluation-budget classical heuristic; exact optimum used only for retrospective scoring,1,1,1,1,1,1
n8_d25_s17,8,0.25,17,simulated_annealing,26,1507197,4096,4096,40,1.0,1,fixed-objective-evaluation-budget classical heuristic; exact optimum used only for retrospective scoring,1,1,1,1,1,1
n8_d25_s17,8,0.25,17,simulated_annealing,27,1507198,4096,4096,40,1.0,1,fixed-objective-evaluation-budget classical heuristic; exact optimum used only for retrospective scoring,1,1,1,1,1,1
n8_d25_s17,8,0.25,17,simulated_annealing,28,1507199,4096,4096,40,1.0,1,fixed-objective-evaluation-budget classical heuristic; exact optimum used only for retrospective scoring,1,1,1,1,1,1
n8_d25_s17,8,0.25,17,simulated_annealing,29,1507200,4096,4096,40,1.0,1,fixed-objective-evaluation-budget classical heuristic; exact optimum used only for retrospective scoring,1,1,1,1,1,1
n8_d25_s17,8,0.25,17,simulated_annealing,30,1507201,4096,4096,40,1.0,1,fixed-objective-evaluation-budget classical heuristic; exact optimum used only for retrospective scoring,1,1,1,1,1,1
n8_d25_s17,8,0.25,17,simulated_annealing,31,1507202,4096,4096,40,1.0,1,fixed-objective-evaluation-budget classical heuristic; exact optimum used only for retrospective scoring,1,1,1,1,1,1
n8_d25_s17,8,0.25,17,simulated_annealing,32,1507203,4096,4096,40,1.0,1,fixed-objective-evaluation-budget classical heuristic; exact optimum used only for retrospective scoring,1,1,1,1,1,1
n8_d25_s17,8,0.25,17,simulated_annealing,33,1507204,4096,4096,40,1.0,1,fixed-objective-evaluation-budget classical heuristic; exact optimum used only for retrospective scoring,1,1,1,1,1,1
n8_d25_s17,8,0.25,17,simulated_annealing,34,1507205,4096,4096,40,1.0,1,fixed-objective-evaluation-budget classical heuristic; exact optimum used only for retrospective scoring,1,1,1,1,1,1
n8_d25_s17,8,0.25,17,simulated_annealing,35,1507206,4096,4096,40,1.0,1,fixed-objective-evaluation-budget classical heuristic; exact optimum used only for retrospective scoring,1,1,1,1,1,1
n8_d25_s17,8,0.25,17,simulated_annealing,36,1507207,4096,4096,40,1.0,1,fixed-objective-evaluation-budget classical heuristic; exact optimum used only for retrospective scoring,1,1,1,1,1,1
n8_d25_s17,8,0.25,17,simulated_annealing,37,1507208,4096,4096,40,1.0,1,fixed-objective-evaluation-budget classical heuristic; exact optimum used only for retrospective scoring,1,1,1,1,1,1
n8_d25_s17,8,0.25,17,simulated_annealing,38,1507209,4096,4096,40,1.0,1,fixed-objective-evaluation-budget classical heuristic; exact optimum used only for retrospective scoring,1,1,1,1,1,1
n8_d25_s17,8,0.25,17,simulated_annealing,39,1507210,4096,4096,40,1.0,1,fixed-objective-evaluation-budget classical heuristic; exact optimum used only for retrospective scoring,1,1,1,1,1,1
n8_d25_s17,8,0.25,17,simulated_annealing,40,1507211,4096,4096,40,1.0,1,fixed-objective-evaluation-budget classical heuristic; exact optimum used only for retrospective scoring,1,1,1,1,1,1
n8_d25_s17,8,0.25,17,simulated_annealing,41,1507212,4096,4096,40,1.0,1,fixed-objective-evaluation-budget classical heuristic; exact optimum used only for retrospective scoring,1,1,1,1,1,1
n8_d25_s17,8,0.25,17,simulated_annealing,42,1507213,4096,4096,40,1.0,1,fixed-objective-evaluation-budget classical heuristic; exact optimum used only for retrospective scoring,1,1,1,1,1,1
n8_d25_s17,8,0.25,17,simulated_annealing,43,1507214,4096,4096,40,1.0,1,fixed-objective-evaluation-budget classical heuristic; exact optimum used only for retrospective scoring,1,1,1,1,1,1
n8_d25_s17,8,0.25,17,simulated_annealing,44,1507215,4096,4096,40,1.0,1,fixed-objective-evaluation-budget classical heuristic; exact optimum used only for retrospective scoring,1,1,1,1,1,1
n8_d25_s17,8,0.25,17,simulated_annealing,45,1507216,4096,4096,40,1.0,1,fixed-objective-evaluation-budget classical heuristic; exact optimum used only for retrospective scoring,1,1,1,1,1,1
n8_d25_s17,8,0.25,17,simulated_annealing,46,1507217,4096,4096,40,1.0,1,fixed-objective-evaluation-budget classical heuristic; exact optimum used only for retrospective scoring,1,1,1,1,1,1
n8_d25_s17,8,0.25,17,simulated_annealing,47,1507218,4096,4096,40,1.0,1,fixed-objective-evaluation-budget classical heuristic; exact optimum used only for retrospective scoring,1,1,1,1,1,1
n8_d25_s17,8,0.25,17,simulated_annealing,48,1507219,4096,4096,40,1.0,1,fixed-objective-evaluation-budget classical heuristic; exact optimum used only for retrospective scoring,1,1,1,1,1,1
n8_d25_s17,8,0.25,17,simulated_annealing,49,1507220,4096,4096,40,1.0,1,fixed-objective-evaluation-budget classical heuristic; exact optimum used only for retrospective scoring,1,1,1,1,1,1
n8_d25_s17,8,0.25,17,simulated_annealing,50,1507221,4096,4096,40,1.0,1,fixed-objective-evaluation-budget classical heuristic; exact optimum used only for retrospective scoring,1,1,1,1,1,1
n8_d25_s17,8,0.25,17,simulated_annealing,51,1507222,4096,4096,40,1.0,1,fixed-objective-evaluation-budget classical heuristic; exact optimum used only for retrospective scoring,1,1,1,1,1,1
n8_d25_s17,8,0.25,17,simulated_annealing,52,1507223,4096,4096,40,1.0,1,fixed-objective-evaluation-budget classical heuristic; exact optimum used only for retrospective scoring,1,1,1,1,1,1
n8_d25_s17,8,0.25,17,simulated_annealing,53,1507224,4096,4096,40,1.0,1,fixed-objective-evaluation-budget classical heuristic; exact optimum used only for retrospective scoring,1,1,1,1,1,1
n8_d25_s17,8,0.25,17,simulated_annealing,54,1507225,4096,4096,40,1.0,1,fixed-objective-evaluation-budget classical heuristic; exact optimum used only for retrospective scoring,1,1,1,1,1,1
n8_d25_s17,8,0.25,17,simulated_annealing,55,1507226,4096,4096,40,1.0,1,fixed-objective-evaluation-budget classical heuristic; exact optimum used only for retrospective scoring,1,1,1,1,1,1
n8_d25_s17,8,0.25,17,simulated_annealing,56,1507227,4096,4096,40,1.0,1,fixed-objective-evaluation-budget classical heuristic; exact optimum used only for retrospective scoring,1,1,1,1,1,1
n8_d25_s17,8,0.25,17,simulated_annealing,57,1507228,4096,4096,40,1.0,1,fixed-objective-evaluation-budget classical heuristic; exact optimum used only for retrospective scoring,1,1,1,1,1,1
n8_d25_s17,8,0.25,17,simulated_annealing,58,1507229,4096,4096,40,1.0,1,fixed-objective-evaluation-budget classical heuristic; exact optimum used only for retrospective scoring,1,1,1,1,1,1
n8_d25_s17,8,0.25,17,simulated_annealing,59,1507230,4096,4096,40,1.0,1,fixed-objective-evaluation-budget classical heuristic; exact optimum used only for retrospective scoring,1,1,1,1,1,1
n8_d25_s17,8,0.25,17,simulated_annealing,60,1507231,4096,4096,40,1.0,1,fixed-objective-evaluation-budget classical heuristic; exact optimum used only for retrospective scoring,1,1,1,1,1,1
n8_d25_s17,8,0.25,17,simulated_annealing,61,1507232,4096,4096,40,1.0,1,fixed-objective-evaluation-budget classical heuristic; exact optimum used only for retrospective scoring,1,1,1,1,1,1
n8_d25_s17,8,0.25,17,simulated_annealing,62,1507233,4096,4096,40,1.0,1,fixed-objective-evaluation-budget classical heuristic; exact optimum used only for retrospective scoring,1,1,1,1,1,1
n8_d25_s17,8,0.25,17,simulated_annealing,63,1507234,4096,4096,40,1.0,1,fixed-objective-evaluation-budget classical heuristic; exact optimum used only for retrospective scoring,1,1,1,1,1,1
n8_d25_s17,8,0.25,17,tabu_search,0,11507171,4096,4089,40,1.0,1,fixed-objective-evaluation-budget classical heuristic; exact optimum used only for retrospective scoring,1,1,1,1,1,1
n8_d25_s17,8,0.25,17,tabu_search,1,11507172,4096,4089,40,1.0,1,fixed-objective-evaluation-budget classical heuristic; exact optimum used only for retrospective scoring,1,1,1,1,1,1
n8_d25_s17,8,0.25,17,tabu_search,2,11507173,4096,4089,40,1.0,1,fixed-objective-evaluation-budget classical heuristic; exact optimum used only for retrospective scoring,1,1,1,1,1,1
n8_d25_s17,8,0.25,17,tabu_search,3,11507174,4096,4089,40,1.0,1,fixed-objective-evaluation-budget classical heuristic; exact optimum used only for retrospective scoring,1,1,1,1,1,1
n8_d25_s17,8,0.25,17,tabu_search,4,11507175,4096,4089,40,1.0,1,fixed-objective-evaluation-budget classical heuristic; exact optimum used only for retrospective scoring,1,1,1,1,1,1
n8_d25_s17,8,0.25,17,tabu_search,5,11507176,4096,4089,40,1.0,1,fixed-objective-evaluation-budget classical heuristic; exact optimum used only for retrospective scoring,1,1,1,1,1,1
n8_d25_s17,8,0.25,17,tabu_search,6,11507177,4096,4089,40,1.0,1,fixed-objective-evaluation-budget classical heuristic; exact optimum used only for retrospective scoring,1,1,1,1,1,1
n8_d25_s17,8,0.25,17,tabu_search,7,11507178,4096,4089,40,1.0,1,fixed-objective-evaluation-budget classical heuristic; exact optimum used only for retrospective scoring,1,1,1,1,1,1
n8_d25_s17,8,0.25,17,tabu_search,8,11507179,4096,4089,40,1.0,1,fixed-objective-evaluation-budget classical heuristic; exact optimum used only for retrospective scoring,1,1,1,1,1,1
n8_d25_s17,8,0.25,17,tabu_search,9,11507180,4096,4089,40,1.0,1,fixed-objective-evaluation-budget classical heuristic; exact optimum used only for retrospective scoring,1,1,1,1,1,1
n8_d25_s17,8,0.25,17,tabu_search,10,11507181,4096,4089,40,1.0,1,fixed-objective-evaluation-budget classical heuristic; exact optimum used only for retrospective scoring,1,1,1,1,1,1
n8_d25_s17,8,0.25,17,tabu_search,11,11507182,4096,4089,40,1.0,1,fixed-objective-evaluation-budget classical heuristic; exact optimum used only for retrospective scoring,1,1,1,1,1,1
n8_d25_s17,8,0.25,17,tabu_search,12,11507183,4096,4089,40,1.0,1,fixed-objective-evaluation-budget classical heuristic; exact optimum used only for retrospective scoring,1,1,1,1,1,1
n8_d25_s17,8,0.25,17,tabu_search,13,11507184,4096,4089,40,1.0,1,fixed-objective-evaluation-budget classical heuristic; exact optimum used only for retrospective scoring,1,1,1,1,1,1
n8_d25_s17,8,0.25,17,tabu_search,14,11507185,4096,4089,40,1.0,1,fixed-objective-evaluation-budget classical heuristic; exact optimum used only for retrospective scoring,1,1,1,1,1,1
n8_d25_s17,8,0.25,17,tabu_search,15,11507186,4096,4089,40,1.0,1,fixed-objective-evaluation-budget classical heuristic; exact optimum used only for retrospective scoring,1,1,1,1,1,1
n8_d25_s17,8,0.25,17,tabu_search,16,11507187,4096,4089,40,1.0,1,fixed-objective-evaluation-budget classical heuristic; exact optimum used only for retrospective scoring,1,1,1,1,1,1
n8_d25_s17,8,0.25,17,tabu_search,17,11507188,4096,4089,40,1.0,1,fixed-objective-evaluation-budget classical heuristic; exact optimum used only for retrospective scoring,1,1,1,1,1,1
n8_d25_s17,8,0.25,17,tabu_search,18,11507189,4096,4089,40,1.0,1,fixed-objective-evaluation-budget classical heuristic; exact optimum used only for retrospective scoring,1,1,1,1,1,1
n8_d25_s17,8,0.25,17,tabu_search,19,11507190,4096,4089,40,1.0,1,fixed-objective-evaluation-budget classical heuristic; exact optimum used only for retrospective scoring,1,1,1,1,1,1
n8_d25_s17,8,0.25,17,tabu_search,20,11507191,4096,4089,40,1.0,1,fixed-objective-evaluation-budget classical heuristic; exact optimum used only for retrospective scoring,1,1,1,1,1,1
n8_d25_s17,8,0.25,17,tabu_search,21,11507192,4096,4089,40,1.0,1,fixed-objective-evaluation-budget classical heuristic; exact optimum used only for retrospective scoring,1,1,1,1,1,1
n8_d25_s17,8,0.25,17,tabu_search,22,11507193,4096,4089,40,1.0,1,fixed-objective-evaluation-budget classical heuristic; exact optimum used only for retrospective scoring,1,1,1,1,1,1
n8_d25_s17,8,0.25,17,tabu_search,23,11507194,4096,4089,40,1.0,1,fixed-objective-evaluation-budget classical heuristic; exact optimum used only for retrospective scoring,1,1,1,1,1,1
n8_d25_s17,8,0.25,17,tabu_search,24,11507195,4096,4089,40,1.0,1,fixed-objective-evaluation-budget classical heuristic; exact optimum used only for retrospective scoring,1,1,1,1,1,1
n8_d25_s17,8,0.25,17,tabu_search,25,11507196,4096,4089,40,1.0,1,fixed-objective-evaluation-budget classical heuristic; exact optimum used only for retrospective scoring,1,1,1,1,1,1
n8_d25_s17,8,0.25,17,tabu_search,26,11507197,4096,4089,40,1.0,1,fixed-objective-evaluation-budget classical heuristic; exact optimum used only for retrospective scoring,1,1,1,1,1,1
n8_d25_s17,8,0.25,17,tabu_search,27,11507198,4096,4089,40,1.0,1,fixed-objective-evaluation-budget classical heuristic; exact optimum used only for retrospective scoring,1,1,1,1,1,1
n8_d25_s17,8,0.25,17,tabu_search,28,11507199,4096,4089,40,1.0,1,fixed-objective-evaluation-budget classical heuristic; exact optimum used only for retrospective scoring,1,1,1,1,1,1
n8_d25_s17,8,0.25,17,tabu_search,29,11507200,4096,4089,40,1.0,1,fixed-objective-evaluation-budget classical heuristic; exact optimum used only for retrospective scoring,1,1,1,1,1,1
n8_d25_s17,8,0.25,17,tabu_search,30,11507201,4096,4089,40,1.0,1,fixed-objective-evaluation-budget classical heuristic; exact optimum used only for retrospective scoring,1,1,1,1,1,1
n8_d25_s17,8,0.25,17,tabu_search,31,11507202,4096,4089,40,1.0,1,fixed-objective-evaluation-budget classical heuristic; exact optimum used only for retrospective scoring,1,1,1,1,1,1
n8_d25_s17,8,0.25,17,tabu_search,32,11507203,4096,4089,40,1.0,1,fixed-objective-evaluation-budget classical heuristic; exact optimum used only for retrospective scoring,1,1,1,1,1,1
n8_d25_s17,8,0.25,17,tabu_search,33,11507204,4096,4089,40,1.0,1,fixed-objective-evaluation-budget classical heuristic; exact optimum used only for retrospective scoring,1,1,1,1,1,1
n8_d25_s17,8,0.25,17,tabu_search,34,11507205,4096,4089,40,1.0,1,fixed-objective-evaluation-budget classical heuristic; exact optimum used only for retrospective scoring,1,1,1,1,1,1
n8_d25_s17,8,0.25,17,tabu_search,35,11507206,4096,4089,40,1.0,1,fixed-objective-evaluation-budget classical heuristic; exact optimum used only for retrospective scoring,1,1,1,1,1,1
n8_d25_s17,8,0.25,17,tabu_search,36,11507207,4096,4089,40,1.0,1,fixed-objective-evaluation-budget classical heuristic; exact optimum used only for retrospective scoring,1,1,1,1,1,1
n8_d25_s17,8,0.25,17,tabu_search,37,11507208,4096,4089,40,1.0,1,fixed-objective-evaluation-budget classical heuristic; exact optimum used only for retrospective scoring,1,1,1,1,1,1
n8_d25_s17,8,0.25,17,tabu_search,38,11507209,4096,4089,40,1.0,1,fixed-objective-evaluation-budget classical heuristic; exact optimum used only for retrospective scoring,1,1,1,1,1,1
n8_d25_s17,8,0.25,17,tabu_search,39,11507210,4096,4089,40,1.0,1,fixed-objective-evaluation-budget classical heuristic; exact optimum used only for retrospective scoring,1,1,1,1,1,1
n8_d25_s17,8,0.25,17,tabu_search,40,11507211,4096,4089,40,1.0,1,fixed-objective-evaluation-budget classical heuristic; exact optimum used only for retrospective scoring,1,1,1,1,1,1
n8_d25_s17,8,0.25,17,tabu_search,41,11507212,4096,4089,40,1.0,1,fixed-objective-evaluation-budget classical heuristic; exact optimum used only for retrospective scoring,1,1,1,1,1,1
n8_d25_s17,8,0.25,17,tabu_search,42,11507213,4096,4089,40,1.0,1,fixed-objective-evaluation-budget classical heuristic; exact optimum used only for retrospective scoring,1,1,1,1,1,1
n8_d25_s17,8,0.25,17,tabu_search,43,11507214,4096,4089,40,1.0,1,fixed-objective-evaluation-budget classical heuristic; exact optimum used only for retrospective scoring,1,1,1,1,1,1
n8_d25_s17,8,0.25,17,tabu_search,44,11507215,4096,4089,40,1.0,1,fixed-objective-evaluation-budget classical heuristic; exact optimum used only for retrospective scoring,1,1,1,1,1,1
n8_d25_s17,8,0.25,17,tabu_search,45,11507216,4096,4089,40,1.0,1,fixed-objective-evaluation-budget classical heuristic; exact optimum used only for retrospective scoring,1,1,1,1,1,1
n8_d25_s17,8,0.25,17,tabu_search,46,11507217,4096,4089,40,1.0,1,fixed-objective-evaluation-budget classical heuristic; exact optimum used only for retrospective scoring,1,1,1,1,1,1
n8_d25_s17,8,0.25,17,tabu_search,47,11507218,4096,4089,40,1.0,1,fixed-objective-evaluation-budget classical heuristic; exact optimum used only for retrospective scoring,1,1,1,1,1,1
n8_d25_s17,8,0.25,17,tabu_search,48,11507219,4096,4089,40,1.0,1,fixed-objective-evaluation-budget classical heuristic; exact optimum used only for retrospective scoring,1,1,1,1,1,1
n8_d25_s17,8,0.25,17,tabu_search,49,11507220,4096,4089,40,1.0,1,fixed-objective-evaluation-budget classical heuristic; exact optimum used only for retrospective scoring,1,1,1,1,1,1
n8_d25_s17,8,0.25,17,tabu_search,50,11507221,4096,4089,40,1.0,1,fixed-objective-evaluation-budget classical heuristic; exact optimum used only for retrospective scoring,1,1,1,1,1,1
n8_d25_s17,8,0.25,17,tabu_search,51,11507222,4096,4089,40,1.0,1,fixed-objective-evaluation-budget classical heuristic; exact optimum used only for retrospective scoring,1,1,1,1,1,1
n8_d25_s17,8,0.25,17,tabu_search,52,11507223,4096,4089,40,1.0,1,fixed-objective-evaluation-budget classical heuristic; exact optimum used only for retrospective scoring,1,1,1,1,1,1
n8_d25_s17,8,0.25,17,tabu_search,53,11507224,4096,4089,40,1.0,1,fixed-objective-evaluation-budget classical heuristic; exact optimum used only for retrospective scoring,1,1,1,1,1,1
n8_d25_s17,8,0.25,17,tabu_search,54,11507225,4096,4089,40,1.0,1,fixed-objective-evaluation-budget classical heuristic; exact optimum used only for retrospective scoring,1,1,1,1,1,1
n8_d25_s17,8,0.25,17,tabu_search,55,11507226,4096,4089,40,1.0,1,fixed-objective-evaluation-budget classical heuristic; exact optimum used only for retrospective scoring,1,1,1,1,1,1
n8_d25_s17,8,0.25,17,tabu_search,56,11507227,4096,4089,40,1.0,1,fixed-objective-evaluation-budget classical heuristic; exact optimum used only for retrospective scoring,1,1,1,1,1,1
n8_d25_s17,8,0.25,17,tabu_search,57,11507228,4096,4089,40,1.0,1,fixed-objective-evaluation-budget classical heuristic; exact optimum used only for retrospective scoring,1,1,1,1,1,1
n8_d25_s17,8,0.25,17,tabu_search,58,11507229,4096,4089,40,1.0,1,fixed-objective-evaluation-budget classical heuristic; exact optimum used only for retrospective scoring,1,1,1,1,1,1
n8_d25_s17,8,0.25,17,tabu_search,59,11507230,4096,4089,40,1.0,1,fixed-objective-evaluation-budget classical heuristic; exact optimum used only for retrospective scoring,1,1,1,1,1,1
n8_d25_s17,8,0.25,17,tabu_search,60,11507231,4096,4089,40,1.0,1,fixed-objective-evaluation-budget classical heuristic; exact optimum used only for retrospective scoring,1,1,1,1,1,1
n8_d25_s17,8,0.25,17,tabu_search,61,11507232,4096,4089,40,1.0,1,fixed-objective-evaluation-budget classical heuristic; exact optimum used only for retrospective scoring,1,1,1,1,1,1
n8_d25_s17,8,0.25,17,tabu_search,62,11507233,4096,4089,40,1.0,1,fixed-objective-evaluation-budget classical heuristic; exact optimum used only for retrospective scoring,1,1,1,1,1,1
n8_d25_s17,8,0.25,17,tabu_search,63,11507234,4096,4089,40,1.0,1,fixed-objective-evaluation-budget classical heuristic; exact optimum used only for retrospective scoring,1,1,1,1,1,1
n8_d25_s42,8,0.25,42,simulated_annealing,0,1507421,4096,4096,31,1.0,1,fixed-objective-evaluation-budget classical heuristic; exact optimum used only for retrospective scoring,1,1,1,1,1,1
n8_d25_s42,8,0.25,42,simulated_annealing,1,1507422,4096,4096,31,1.0,1,fixed-objective-evaluation-budget classical heuristic; exact optimum used only for retrospective scoring,1,1,1,1,1,1
n8_d25_s42,8,0.25,42,simulated_annealing,2,1507423,4096,4096,31,1.0,1,fixed-objective-evaluation-budget classical heuristic; exact optimum used only for retrospective scoring,1,1,1,1,1,1
n8_d25_s42,8,0.25,42,simulated_annealing,3,1507424,4096,4096,31,1.0,1,fixed-objective-evaluation-budget classical heuristic; exact optimum used only for retrospective scoring,1,1,1,1,1,1
n8_d25_s42,8,0.25,42,simulated_annealing,4,1507425,4096,4096,31,1.0,1,fixed-objective-evaluation-budget classical heuristic; exact optimum used only for retrospective scoring,1,1,1,1,1,1
n8_d25_s42,8,0.25,42,simulated_annealing,5,1507426,4096,4096,31,1.0,1,fixed-objective-evaluation-budget classical heuristic; exact optimum used only for retrospective scoring,1,1,1,1,1,1
n8_d25_s42,8,0.25,42,simulated_annealing,6,1507427,4096,4096,31,1.0,1,fixed-objective-evaluation-budget classical heuristic; exact optimum used only for retrospective scoring,1,1,1,1,1,1
n8_d25_s42,8,0.25,42,simulated_annealing,7,1507428,4096,4096,31,1.0,1,fixed-objective-evaluation-budget classical heuristic; exact optimum used only for retrospective scoring,1,1,1,1,1,1
n8_d25_s42,8,0.25,42,simulated_annealing,8,1507429,4096,4096,31,1.0,1,fixed-objective-evaluation-budget classical heuristic; exact optimum used only for retrospective scoring,1,1,1,1,1,1
n8_d25_s42,8,0.25,42,simulated_annealing,9,1507430,4096,4096,31,1.0,1,fixed-objective-evaluation-budget classical heuristic; exact optimum used only for retrospective scoring,1,1,1,1,1,1
n8_d25_s42,8,0.25,42,simulated_annealing,10,1507431,4096,4096,31,1.0,1,fixed-objective-evaluation-budget classical heuristic; exact optimum used only for retrospective scoring,1,1,1,1,1,1
n8_d25_s42,8,0.25,42,simulated_annealing,11,1507432,4096,4096,31,1.0,1,fixed-objective-evaluation-budget classical heuristic; exact optimum used only for retrospective scoring,1,1,1,1,1,1
n8_d25_s42,8,0.25,42,simulated_annealing,12,1507433,4096,4096,31,1.0,1,fixed-objective-evaluation-budget classical heuristic; exact optimum used only for retrospective scoring,1,1,1,1,1,1
n8_d25_s42,8,0.25,42,simulated_annealing,13,1507434,4096,4096,31,1.0,1,fixed-objective-evaluation-budget classical heuristic; exact optimum used only for retrospective scoring,1,1,1,1,1,1
n8_d25_s42,8,0.25,42,simulated_annealing,14,1507435,4096,4096,31,1.0,1,fixed-objective-evaluation-budget classical heuristic; exact optimum used only for retrospective scoring,1,1,1,1,1,1
n8_d25_s42,8,0.25,42,simulated_annealing,15,1507436,4096,4096,31,1.0,1,fixed-objective-evaluation-budget classical heuristic; exact optimum used only for retrospective scoring,1,1,1,1,1,1
n8_d25_s42,8,0.25,42,simulated_annealing,16,1507437,4096,4096,31,1.0,1,fixed-objective-evaluation-budget classical heuristic; exact optimum used only for retrospective scoring,1,1,1,1,1,1
n8_d25_s42,8,0.25,42,simulated_annealing,17,1507438,4096,4096,31,1.0,1,fixed-objective-evaluation-budget classical heuristic; exact optimum used only for retrospective scoring,1,1,1,1,1,1
n8_d25_s42,8,0.25,42,simulated_annealing,18,1507439,4096,4096,31,1.0,1,fixed-objective-evaluation-budget classical heuristic; exact optimum used only for retrospective scoring,1,1,1,1,1,1
n8_d25_s42,8,0.25,42,simulated_annealing,19,1507440,4096,4096,31,1.0,1,fixed-objective-evaluation-budget classical heuristic; exact optimum used only for retrospective scoring,1,1,1,1,1,1
n8_d25_s42,8,0.25,42,simulated_annealing,20,1507441,4096,4096,31,1.0,1,fixed-objective-evaluation-budget classical heuristic; exact optimum used only for retrospective scoring,1,1,1,1,1,1
n8_d25_s42,8,0.25,42,simulated_annealing,21,1507442,4096,4096,31,1.0,1,fixed-objective-evaluation-budget classical heuristic; exact optimum used only for retrospective scoring,1,1,1,1,1,1
n8_d25_s42,8,0.25,42,simulated_annealing,22,1507443,4096,4096,31,1.0,1,fixed-objective-evaluation-budget classical heuristic; exact optimum used only for retrospective scoring,1,1,1,1,1,1
n8_d25_s42,8,0.25,42,simulated_annealing,23,1507444,4096,4096,31,1.0,1,fixed-objective-evaluation-budget classical heuristic; exact optimum used only for retrospective scoring,1,1,1,1,1,1
n8_d25_s42,8,0.25,42,simulated_annealing,24,1507445,4096,4096,31,1.0,1,fixed-objective-evaluation-budget classical heuristic; exact optimum used only for retrospective scoring,1,1,1,1,1,1
n8_d25_s42,8,0.25,42,simulated_annealing,25,1507446,4096,4096,31,1.0,1,fixed-objective-evaluation-budget classical heuristic; exact optimum used only for retrospective scoring,1,1,1,1,1,1
n8_d25_s42,8,0.25,42,simulated_annealing,26,1507447,4096,4096,31,1.0,1,fixed-objective-evaluation-budget classical heuristic; exact optimum used only for retrospective scoring,1,1,1,1,1,1
n8_d25_s42,8,0.25,42,simulated_annealing,27,1507448,4096,4096,31,1.0,1,fixed-objective-evaluation-budget classical heuristic; exact optimum used only for retrospective scoring,1,1,1,1,1,1
n8_d25_s42,8,0.25,42,simulated_annealing,28,1507449,4096,4096,31,1.0,1,fixed-objective-evaluation-budget classical heuristic; exact optimum used only for retrospective scoring,1,1,1,1,1,1
n8_d25_s42,8,0.25,42,simulated_annealing,29,1507450,4096,4096,31,1.0,1,fixed-objective-evaluation-budget classical heuristic; exact optimum used only for retrospective scoring,1,1,1,1,1,1
n8_d25_s42,8,0.25,42,simulated_annealing,30,1507451,4096,4096,31,1.0,1,fixed-objective-evaluation-budget classical heuristic; exact optimum used only for retrospective scoring,1,1,1,1,1,1
n8_d25_s42,8,0.25,42,simulated_annealing,31,1507452,4096,4096,31,1.0,1,fixed-objective-evaluation-budget classical heuristic; exact optimum used only for retrospective scoring,1,1,1,1,1,1
n8_d25_s42,8,0.25,42,simulated_annealing,32,1507453,4096,4096,31,1.0,1,fixed-objective-evaluation-budget classical heuristic; exact optimum used only for retrospective scoring,1,1,1,1,1,1
n8_d25_s42,8,0.25,42,simulated_annealing,33,1507454,4096,4096,31,1.0,1,fixed-objective-evaluation-budget classical heuristic; exact optimum used only for retrospective scoring,1,1,1,1,1,1
n8_d25_s42,8,0.25,42,simulated_annealing,34,1507455,4096,4096,31,1.0,1,fixed-objective-evaluation-budget classical heuristic; exact optimum used only for retrospective scoring,1,1,1,1,1,1
n8_d25_s42,8,0.25,42,simulated_annealing,35,1507456,4096,4096,31,1.0,1,fixed-objective-evaluation-budget classical heuristic; exact optimum used only for retrospective scoring,1,1,1,1,1,1
n8_d25_s42,8,0.25,42,simulated_annealing,36,1507457,4096,4096,31,1.0,1,fixed-objective-evaluation-budget classical heuristic; exact optimum used only for retrospective scoring,1,1,1,1,1,1
n8_d25_s42,8,0.25,42,simulated_annealing,37,1507458,4096,4096,31,1.0,1,fixed-objective-evaluation-budget classical heuristic; exact optimum used only for retrospective scoring,1,1,1,1,1,1
n8_d25_s42,8,0.25,42,simulated_annealing,38,1507459,4096,4096,31,1.0,1,fixed-objective-evaluation-budget classical heuristic; exact optimum used only for retrospective scoring,1,1,1,1,1,1
n8_d25_s42,8,0.25,42,simulated_annealing,39,1507460,4096,4096,31,1.0,1,fixed-objective-evaluation-budget classical heuristic; exact optimum used only for retrospective scoring,1,1,1,1,1,1
n8_d25_s42,8,0.25,42,simulated_annealing,40,1507461,4096,4096,31,1.0,1,fixed-objective-evaluation-budget classical heuristic; exact optimum used only for retrospective scoring,1,1,1,1,1,1
n8_d25_s42,8,0.25,42,simulated_annealing,41,1507462,4096,4096,31,1.0,1,fixed-objective-evaluation-budget classical heuristic; exact optimum used only for retrospective scoring,1,1,1,1,1,1
n8_d25_s42,8,0.25,42,simulated_annealing,42,1507463,4096,4096,31,1.0,1,fixed-objective-evaluation-budget classical heuristic; exact optimum used only for retrospective scoring,1,1,1,1,1,1
n8_d25_s42,8,0.25,42,simulated_annealing,43,1507464,4096,4096,31,1.0,1,fixed-objective-evaluation-budget classical heuristic; exact optimum used only for retrospective scoring,1,1,1,1,1,1
n8_d25_s42,8,0.25,42,simulated_annealing,44,1507465,4096,4096,31,1.0,1,fixed-objective-evaluation-budget classical heuristic; exact optimum used only for retrospective scoring,1,1,1,1,1,1
n8_d25_s42,8,0.25,42,simulated_annealing,45,1507466,4096,4096,31,1.0,1,fixed-objective-evaluation-budget classical heuristic; exact optimum used only for retrospective scoring,1,1,1,1,1,1
n8_d25_s42,8,0.25,42,simulated_annealing,46,1507467,4096,4096,31,1.0,1,fixed-objective-evaluation-budget classical heuristic; exact optimum used only for retrospective scoring,1,1,1,1,1,1
n8_d25_s42,8,0.25,42,simulated_annealing,47,1507468,4096,4096,31,1.0,1,fixed-objective-evaluation-budget classical heuristic; exact optimum used only for retrospective scoring,1,1,1,1,1,1
n8_d25_s42,8,0.25,42,simulated_annealing,48,1507469,4096,4096,31,1.0,1,fixed-objective-evaluation-budget classical heuristic; exact optimum used only for retrospective scoring,1,1,1,1,1,1
n8_d25_s42,8,0.25,42,simulated_annealing,49,1507470,4096,4096,31,1.0,1,fixed-objective-evaluation-budget classical heuristic; exact optimum used only for retrospective scoring,1,1,1,1,1,1
n8_d25_s42,8,0.25,42,simulated_annealing,50,1507471,4096,4096,31,1.0,1,fixed-objective-evaluation-budget classical heuristic; exact optimum used only for retrospective scoring,1,1,1,1,1,1
n8_d25_s42,8,0.25,42,simulated_annealing,51,1507472,4096,4096,31,1.0,1,fixed-objective-evaluation-budget classical heuristic; exact optimum used only for retrospective scoring,1,1,1,1,1,1
n8_d25_s42,8,0.25,42,simulated_annealing,52,1507473,4096,4096,31,1.0,1,fixed-objective-evaluation-budget classical heuristic; exact optimum used only for retrospective scoring,1,1,1,1,1,1
n8_d25_s42,8,0.25,42,simulated_annealing,53,1507474,4096,4096,31,1.0,1,fixed-objective-evaluation-budget classical heuristic; exact optimum used only for retrospective scoring,1,1,1,1,1,1
n8_d25_s42,8,0.25,42,simulated_annealing,54,1507475,4096,4096,31,1.0,1,fixed-objective-evaluation-budget classical heuristic; exact optimum used only for retrospective scoring,1,1,1,1,1,1
n8_d25_s42,8,0.25,42,simulated_annealing,55,1507476,4096,4096,31,1.0,1,fixed-objective-evaluation-budget classical heuristic; exact optimum used only for retrospective scoring,1,1,1,1,1,1
n8_d25_s42,8,0.25,42,simulated_annealing,56,1507477,4096,4096,31,1.0,1,fixed-objective-evaluation-budget classical heuristic; exact optimum used only for retrospective scoring,1,1,1,1,1,1
n8_d25_s42,8,0.25,42,simulated_annealing,57,1507478,4096,4096,31,1.0,1,fixed-objective-evaluation-budget classical heuristic; exact optimum used only for retrospective scoring,1,1,1,1,1,1
n8_d25_s42,8,0.25,42,simulated_annealing,58,1507479,4096,4096,31,1.0,1,fixed-objective-evaluation-budget classical heuristic; exact optimum used only for retrospective scoring,1,1,1,1,1,1
n8_d25_s42,8,0.25,42,simulated_annealing,59,1507480,4096,4096,31,1.0,1,fixed-objective-evaluation-budget classical heuristic; exact optimum used only for retrospective scoring,1,1,1,1,1,1
n8_d25_s42,8,0.25,42,simulated_annealing,60,1507481,4096,4096,31,1.0,1,fixed-objective-evaluation-budget classical heuristic; exact optimum used only for retrospective scoring,1,1,1,1,1,1
n8_d25_s42,8,0.25,42,simulated_annealing,61,1507482,4096,4096,31,1.0,1,fixed-objective-evaluation-budget classical heuristic; exact optimum used only for retrospective scoring,1,1,1,1,1,1
n8_d25_s42,8,0.25,42,simulated_annealing,62,1507483,4096,4096,31,1.0,1,fixed-objective-evaluation-budget classical heuristic; exact optimum used only for retrospective scoring,1,1,1,1,1,1
n8_d25_s42,8,0.25,42,simulated_annealing,63,1507484,4096,4096,31,1.0,1,fixed-objective-evaluation-budget classical heuristic; exact optimum used only for retrospective scoring,1,1,1,1,1,1
n8_d25_s42,8,0.25,42,tabu_search,0,11507421,4096,4089,31,1.0,1,fixed-objective-evaluation-budget classical heuristic; exact optimum used only for retrospective scoring,1,1,1,1,1,1
n8_d25_s42,8,0.25,42,tabu_search,1,11507422,4096,4089,31,1.0,1,fixed-objective-evaluation-budget classical heuristic; exact optimum used only for retrospective scoring,1,1,1,1,1,1
n8_d25_s42,8,0.25,42,tabu_search,2,11507423,4096,4089,31,1.0,1,fixed-objective-evaluation-budget classical heuristic; exact optimum used only for retrospective scoring,1,1,1,1,1,1
n8_d25_s42,8,0.25,42,tabu_search,3,11507424,4096,4089,31,1.0,1,fixed-objective-evaluation-budget classical heuristic; exact optimum used only for retrospective scoring,1,1,1,1,1,1
n8_d25_s42,8,0.25,42,tabu_search,4,11507425,4096,4089,31,1.0,1,fixed-objective-evaluation-budget classical heuristic; exact optimum used only for retrospective scoring,1,1,1,1,1,1
n8_d25_s42,8,0.25,42,tabu_search,5,11507426,4096,4089,31,1.0,1,fixed-objective-evaluation-budget classical heuristic; exact optimum used only for retrospective scoring,1,1,1,1,1,1
n8_d25_s42,8,0.25,42,tabu_search,6,11507427,4096,4089,31,1.0,1,fixed-objective-evaluation-budget classical heuristic; exact optimum used only for retrospective scoring,1,1,1,1,1,1
n8_d25_s42,8,0.25,42,tabu_search,7,11507428,4096,4089,31,1.0,1,fixed-objective-evaluation-budget classical heuristic; exact optimum used only for retrospective scoring,1,1,1,1,1,1
n8_d25_s42,8,0.25,42,tabu_search,8,11507429,4096,4089,31,1.0,1,fixed-objective-evaluation-budget classical heuristic; exact optimum used only for retrospective scoring,1,1,1,1,1,1
n8_d25_s42,8,0.25,42,tabu_search,9,11507430,4096,4089,31,1.0,1,fixed-objective-evaluation-budget classical heuristic; exact optimum used only for retrospective scoring,1,1,1,1,1,1
n8_d25_s42,8,0.25,42,tabu_search,10,11507431,4096,4089,31,1.0,1,fixed-objective-evaluation-budget classical heuristic; exact optimum used only for retrospective scoring,1,1,1,1,1,1
n8_d25_s42,8,0.25,42,tabu_search,11,11507432,4096,4089,31,1.0,1,fixed-objective-evaluation-budget classical heuristic; exact optimum used only for retrospective scoring,1,1,1,1,1,1
n8_d25_s42,8,0.25,42,tabu_search,12,11507433,4096,4089,31,1.0,1,fixed-objective-evaluation-budget classical heuristic; exact optimum used only for retrospective scoring,1,1,1,1,1,1
n8_d25_s42,8,0.25,42,tabu_search,13,11507434,4096,4089,31,1.0,1,fixed-objective-evaluation-budget classical heuristic; exact optimum used only for retrospective scoring,1,1,1,1,1,1
n8_d25_s42,8,0.25,42,tabu_search,14,11507435,4096,4089,31,1.0,1,fixed-objective-evaluation-budget classical heuristic; exact optimum used only for retrospective scoring,1,1,1,1,1,1
n8_d25_s42,8,0.25,42,tabu_search,15,11507436,4096,4089,31,1.0,1,fixed-objective-evaluation-budget classical heuristic; exact optimum used only for retrospective scoring,1,1,1,1,1,1
n8_d25_s42,8,0.25,42,tabu_search,16,11507437,4096,4089,31,1.0,1,fixed-objective-evaluation-budget classical heuristic; exact optimum used only for retrospective scoring,1,1,1,1,1,1
n8_d25_s42,8,0.25,42,tabu_search,17,11507438,4096,4089,31,1.0,1,fixed-objective-evaluation-budget classical heuristic; exact optimum used only for retrospective scoring,1,1,1,1,1,1
n8_d25_s42,8,0.25,42,tabu_search,18,11507439,4096,4089,31,1.0,1,fixed-objective-evaluation-budget classical heuristic; exact optimum used only for retrospective scoring,1,1,1,1,1,1
n8_d25_s42,8,0.25,42,tabu_search,19,11507440,4096,4089,31,1.0,1,fixed-objective-evaluation-budget classical heuristic; exact optimum used only for retrospective scoring,1,1,1,1,1,1
n8_d25_s42,8,0.25,42,tabu_search,20,11507441,4096,4089,31,1.0,1,fixed-objective-evaluation-budget classical heuristic; exact optimum used only for retrospective scoring,1,1,1,1,1,1
n8_d25_s42,8,0.25,42,tabu_search,21,11507442,4096,4089,31,1.0,1,fixed-objective-evaluation-budget classical heuristic; exact optimum used only for retrospective scoring,1,1,1,1,1,1
n8_d25_s42,8,0.25,42,tabu_search,22,11507443,4096,4089,31,1.0,1,fixed-objective-evaluation-budget classical heuristic; exact optimum used only for retrospective scoring,1,1,1,1,1,1
n8_d25_s42,8,0.25,42,tabu_search,23,11507444,4096,4089,31,1.0,1,fixed-objective-evaluation-budget classical heuristic; exact optimum used only for retrospective scoring,1,1,1,1,1,1
n8_d25_s42,8,0.25,42,tabu_search,24,11507445,4096,4089,31,1.0,1,fixed-objective-evaluation-budget classical heuristic; exact optimum used only for retrospective scoring,1,1,1,1,1,1
n8_d25_s42,8,0.25,42,tabu_search,25,11507446,4096,4089,31,1.0,1,fixed-objective-evaluation-budget classical heuristic; exact optimum used only for retrospective scoring,1,1,1,1,1,1
n8_d25_s42,8,0.25,42,tabu_search,26,11507447,4096,4089,31,1.0,1,fixed-objective-evaluation-budget classical heuristic; exact optimum used only for retrospective scoring,1,1,1,1,1,1
n8_d25_s42,8,0.25,42,tabu_search,27,11507448,4096,4089,31,1.0,1,fixed-objective-evaluation-budget classical heuristic; exact optimum used only for retrospective scoring,1,1,1,1,1,1
n8_d25_s42,8,0.25,42,tabu_search,28,11507449,4096,4089,31,1.0,1,fixed-objective-evaluation-budget classical heuristic; exact optimum used only for retrospective scoring,1,1,1,1,1,1
n8_d25_s42,8,0.25,42,tabu_search,29,11507450,4096,4089,31,1.0,1,fixed-objective-evaluation-budget classical heuristic; exact optimum used only for retrospective scoring,1,1,1,1,1,1
n8_d25_s42,8,0.25,42,tabu_search,30,11507451,4096,4089,31,1.0,1,fixed-objective-evaluation-budget classical heuristic; exact optimum used only for retrospective scoring,1,1,1,1,1,1
n8_d25_s42,8,0.25,42,tabu_search,31,11507452,4096,4089,31,1.0,1,fixed-objective-evaluation-budget classical heuristic; exact optimum used only for retrospective scoring,1,1,1,1,1,1
n8_d25_s42,8,0.25,42,tabu_search,32,11507453,4096,4089,31,1.0,1,fixed-objective-evaluation-budget classical heuristic; exact optimum used only for retrospective scoring,1,1,1,1,1,1
n8_d25_s42,8,0.25,42,tabu_search,33,11507454,4096,4089,31,1.0,1,fixed-objective-evaluation-budget classical heuristic; exact optimum used only for retrospective scoring,1,1,1,1,1,1
n8_d25_s42,8,0.25,42,tabu_search,34,11507455,4096,4089,31,1.0,1,fixed-objective-evaluation-budget classical heuristic; exact optimum used only for retrospective scoring,1,1,1,1,1,1
n8_d25_s42,8,0.25,42,tabu_search,35,11507456,4096,4089,31,1.0,1,fixed-objective-evaluation-budget classical heuristic; exact optimum used only for retrospective scoring,1,1,1,1,1,1
n8_d25_s42,8,0.25,42,tabu_search,36,11507457,4096,4089,31,1.0,1,fixed-objective-evaluation-budget classical heuristic; exact optimum used only for retrospective scoring,1,1,1,1,1,1
n8_d25_s42,8,0.25,42,tabu_search,37,11507458,4096,4089,31,1.0,1,fixed-objective-evaluation-budget classical heuristic; exact optimum used only for retrospective scoring,1,1,1,1,1,1
n8_d25_s42,8,0.25,42,tabu_search,38,11507459,4096,4089,31,1.0,1,fixed-objective-evaluation-budget classical heuristic; exact optimum used only for retrospective scoring,1,1,1,1,1,1
n8_d25_s42,8,0.25,42,tabu_search,39,11507460,4096,4089,31,1.0,1,fixed-objective-evaluation-budget classical heuristic; exact optimum used only for retrospective scoring,1,1,1,1,1,1
n8_d25_s42,8,0.25,42,tabu_search,40,11507461,4096,4089,31,1.0,1,fixed-objective-evaluation-budget classical heuristic; exact optimum used only for retrospective scoring,1,1,1,1,1,1
n8_d25_s42,8,0.25,42,tabu_search,41,11507462,4096,4089,31,1.0,1,fixed-objective-evaluation-budget classical heuristic; exact optimum used only for retrospective scoring,1,1,1,1,1,1
n8_d25_s42,8,0.25,42,tabu_search,42,11507463,4096,4089,31,1.0,1,fixed-objective-evaluation-budget classical heuristic; exact optimum used only for retrospective scoring,1,1,1,1,1,1
n8_d25_s42,8,0.25,42,tabu_search,43,11507464,4096,4089,31,1.0,1,fixed-objective-evaluation-budget classical heuristic; exact optimum used only for retrospective scoring,1,1,1,1,1,1
n8_d25_s42,8,0.25,42,tabu_search,44,11507465,4096,4089,31,1.0,1,fixed-objective-evaluation-budget classical heuristic; exact optimum used only for retrospective scoring,1,1,1,1,1,1
n8_d25_s42,8,0.25,42,tabu_search,45,11507466,4096,4089,31,1.0,1,fixed-objective-evaluation-budget classical heuristic; exact optimum used only for retrospective scoring,1,1,1,1,1,1
n8_d25_s42,8,0.25,42,tabu_search,46,11507467,4096,4089,31,1.0,1,fixed-objective-evaluation-budget classical heuristic; exact optimum used only for retrospective scoring,1,1,1,1,1,1
n8_d25_s42,8,0.25,42,tabu_search,47,11507468,4096,4089,31,1.0,1,fixed-objective-evaluation-budget classical heuristic; exact optimum used only for retrospective scoring,1,1,1,1,1,1
n8_d25_s42,8,0.25,42,tabu_search,48,11507469,4096,4089,31,1.0,1,fixed-objective-evaluation-budget classical heuristic; exact optimum used only for retrospective scoring,1,1,1,1,1,1
n8_d25_s42,8,0.25,42,tabu_search,49,11507470,4096,4089,31,1.0,1,fixed-objective-evaluation-budget classical heuristic; exact optimum used only for retrospective scoring,1,1,1,1,1,1
n8_d25_s42,8,0.25,42,tabu_search,50,11507471,4096,4089,31,1.0,1,fixed-objective-evaluation-budget classical heuristic; exact optimum used only for retrospective scoring,1,1,1,1,1,1
n8_d25_s42,8,0.25,42,tabu_search,51,11507472,4096,4089,31,1.0,1,fixed-objective-evaluation-budget classical heuristic; exact optimum used only for retrospective scoring,1,1,1,1,1,1
n8_d25_s42,8,0.25,42,tabu_search,52,11507473,4096,4089,31,1.0,1,fixed-objective-evaluation-budget classical heuristic; exact optimum used only for retrospective scoring,1,1,1,1,1,1
n8_d25_s42,8,0.25,42,tabu_search,53,11507474,4096,4089,31,1.0,1,fixed-objective-evaluation-budget classical heuristic; exact optimum used only for retrospective scoring,1,1,1,1,1,1
n8_d25_s42,8,0.25,42,tabu_search,54,11507475,4096,4089,31,1.0,1,fixed-objective-evaluation-budget classical heuristic; exact optimum used only for retrospective scoring,1,1,1,1,1,1
n8_d25_s42,8,0.25,42,tabu_search,55,11507476,4096,4089,31,1.0,1,fixed-objective-evaluation-budget classical heuristic; exact optimum used only for retrospective scoring,1,1,1,1,1,1
n8_d25_s42,8,0.25,42,tabu_search,56,11507477,4096,4089,31,1.0,1,fixed-objective-evaluation-budget classical heuristic; exact optimum used only for retrospective scoring,1,1,1,1,1,1
n8_d25_s42,8,0.25,42,tabu_search,57,11507478,4096,4089,31,1.0,1,fixed-objective-evaluation-budget classical heuristic; exact optimum used only for retrospective scoring,1,1,1,1,1,1
n8_d25_s42,8,0.25,42,tabu_search,58,11507479,4096,4089,31,1.0,1,fixed-objective-evaluation-budget classical heuristic; exact optimum used only for retrospective scoring,1,1,1,1,1,1
n8_d25_s42,8,0.25,42,tabu_search,59,11507480,4096,4089,31,1.0,1,fixed-objective-evaluation-budget classical heuristic; exact optimum used only for retrospective scoring,1,1,1,1,1,1
n8_d25_s42,8,0.25,42,tabu_search,60,11507481,4096,4089,31,1.0,1,fixed-objective-evaluation-budget classical heuristic; exact optimum used only for retrospective scoring,1,1,1,1,1,1
n8_d25_s42,8,0.25,42,tabu_search,61,11507482,4096,4089,31,1.0,1,fixed-objective-evaluation-budget classical heuristic; exact optimum used only for retrospective scoring,1,1,1,1,1,1
n8_d25_s42,8,0.25,42,tabu_search,62,11507483,4096,4089,31,1.0,1,fixed-objective-evaluation-budget classical heuristic; exact optimum used only for retrospective scoring,1,1,1,1,1,1
n8_d25_s42,8,0.25,42,tabu_search,63,11507484,4096,4089,31,1.0,1,fixed-objective-evaluation-budget classical heuristic; exact optimum used only for retrospective scoring,1,1,1,1,1,1
n8_d50_s17,8,0.5,17,simulated_annealing,0,1514171,4096,4096,57,1.0,1,fixed-objective-evaluation-budget classical heuristic; exact optimum used only for retrospective scoring,1,1,1,1,1,0
n8_d50_s17,8,0.5,17,simulated_annealing,1,1514172,4096,4096,57,1.0,1,fixed-objective-evaluation-budget classical heuristic; exact optimum used only for retrospective scoring,1,1,1,1,1,0
n8_d50_s17,8,0.5,17,simulated_annealing,2,1514173,4096,4096,57,1.0,1,fixed-objective-evaluation-budget classical heuristic; exact optimum used only for retrospective scoring,1,1,1,1,1,0
n8_d50_s17,8,0.5,17,simulated_annealing,3,1514174,4096,4096,57,1.0,1,fixed-objective-evaluation-budget classical heuristic; exact optimum used only for retrospective scoring,1,1,1,1,1,0
n8_d50_s17,8,0.5,17,simulated_annealing,4,1514175,4096,4096,57,1.0,1,fixed-objective-evaluation-budget classical heuristic; exact optimum used only for retrospective scoring,1,1,1,1,1,0
n8_d50_s17,8,0.5,17,simulated_annealing,5,1514176,4096,4096,57,1.0,1,fixed-objective-evaluation-budget classical heuristic; exact optimum used only for retrospective scoring,1,1,1,1,1,0
n8_d50_s17,8,0.5,17,simulated_annealing,6,1514177,4096,4096,57,1.0,1,fixed-objective-evaluation-budget classical heuristic; exact optimum used only for retrospective scoring,1,1,1,1,1,0
n8_d50_s17,8,0.5,17,simulated_annealing,7,1514178,4096,4096,57,1.0,1,fixed-objective-evaluation-budget classical heuristic; exact optimum used only for retrospective scoring,1,1,1,1,1,0
n8_d50_s17,8,0.5,17,simulated_annealing,8,1514179,4096,4096,57,1.0,1,fixed-objective-evaluation-budget classical heuristic; exact optimum used only for retrospective scoring,1,1,1,1,1,0
n8_d50_s17,8,0.5,17,simulated_annealing,9,1514180,4096,4096,57,1.0,1,fixed-objective-evaluation-budget classical heuristic; exact optimum used only for retrospective scoring,1,1,1,1,1,0
n8_d50_s17,8,0.5,17,simulated_annealing,10,1514181,4096,4096,57,1.0,1,fixed-objective-evaluation-budget classical heuristic; exact optimum used only for retrospective scoring,1,1,1,1,1,0
n8_d50_s17,8,0.5,17,simulated_annealing,11,1514182,4096,4096,57,1.0,1,fixed-objective-evaluation-budget classical heuristic; exact optimum used only for retrospective scoring,1,1,1,1,1,0
n8_d50_s17,8,0.5,17,simulated_annealing,12,1514183,4096,4096,57,1.0,1,fixed-objective-evaluation-budget classical heuristic; exact optimum used only for retrospective scoring,1,1,1,1,1,0
n8_d50_s17,8,0.5,17,simulated_annealing,13,1514184,4096,4096,57,1.0,1,fixed-objective-evaluation-budget classical heuristic; exact optimum used only for retrospective scoring,1,1,1,1,1,0
n8_d50_s17,8,0.5,17,simulated_annealing,14,1514185,4096,4096,57,1.0,1,fixed-objective-evaluation-budget classical heuristic; exact optimum used only for retrospective scoring,1,1,1,1,1,0
n8_d50_s17,8,0.5,17,simulated_annealing,15,1514186,4096,4096,57,1.0,1,fixed-objective-evaluation-budget classical heuristic; exact optimum used only for retrospective scoring,1,1,1,1,1,0
n8_d50_s17,8,0.5,17,simulated_annealing,16,1514187,4096,4096,57,1.0,1,fixed-objective-evaluation-budget classical heuristic; exact optimum used only for retrospective scoring,1,1,1,1,1,0
n8_d50_s17,8,0.5,17,simulated_annealing,17,1514188,4096,4096,57,1.0,1,fixed-objective-evaluation-budget classical heuristic; exact optimum used only for retrospective scoring,1,1,1,1,1,0
n8_d50_s17,8,0.5,17,simulated_annealing,18,1514189,4096,4096,57,1.0,1,fixed-objective-evaluation-budget classical heuristic; exact optimum used only for retrospective scoring,1,1,1,1,1,0
n8_d50_s17,8,0.5,17,simulated_annealing,19,1514190,4096,4096,57,1.0,1,fixed-objective-evaluation-budget classical heuristic; exact optimum used only for retrospective scoring,1,1,1,1,1,0
n8_d50_s17,8,0.5,17,simulated_annealing,20,1514191,4096,4096,57,1.0,1,fixed-objective-evaluation-budget classical heuristic; exact optimum used only for retrospective scoring,1,1,1,1,1,0
n8_d50_s17,8,0.5,17,simulated_annealing,21,1514192,4096,4096,57,1.0,1,fixed-objective-evaluation-budget classical heuristic; exact optimum used only for retrospective scoring,1,1,1,1,1,0
n8_d50_s17,8,0.5,17,simulated_annealing,22,1514193,4096,4096,57,1.0,1,fixed-objective-evaluation-budget classical heuristic; exact optimum used only for retrospective scoring,1,1,1,1,1,0
n8_d50_s17,8,0.5,17,simulated_annealing,23,1514194,4096,4096,57,1.0,1,fixed-objective-evaluation-budget classical heuristic; exact optimum used only for retrospective scoring,1,1,1,1,1,0
n8_d50_s17,8,0.5,17,simulated_annealing,24,1514195,4096,4096,57,1.0,1,fixed-objective-evaluation-budget classical heuristic; exact optimum used only for retrospective scoring,1,1,1,1,1,0
n8_d50_s17,8,0.5,17,simulated_annealing,25,1514196,4096,4096,57,1.0,1,fixed-objective-evaluation-budget classical heuristic; exact optimum used only for retrospective scoring,1,1,1,1,1,0
n8_d50_s17,8,0.5,17,simulated_annealing,26,1514197,4096,4096,57,1.0,1,fixed-objective-evaluation-budget classical heuristic; exact optimum used only for retrospective scoring,1,1,1,1,1,0
n8_d50_s17,8,0.5,17,simulated_annealing,27,1514198,4096,4096,57,1.0,1,fixed-objective-evaluation-budget classical heuristic; exact optimum used only for retrospective scoring,1,1,1,1,1,0
n8_d50_s17,8,0.5,17,simulated_annealing,28,1514199,4096,4096,57,1.0,1,fixed-objective-evaluation-budget classical heuristic; exact optimum used only for retrospective scoring,1,1,1,1,1,0
n8_d50_s17,8,0.5,17,simulated_annealing,29,1514200,4096,4096,57,1.0,1,fixed-objective-evaluation-budget classical heuristic; exact optimum used only for retrospective scoring,1,1,1,1,1,0
n8_d50_s17,8,0.5,17,simulated_annealing,30,1514201,4096,4096,57,1.0,1,fixed-objective-evaluation-budget classical heuristic; exact optimum used only for retrospective scoring,1,1,1,1,1,0
n8_d50_s17,8,0.5,17,simulated_annealing,31,1514202,4096,4096,57,1.0,1,fixed-objective-evaluation-budget classical heuristic; exact optimum used only for retrospective scoring,1,1,1,1,1,0
n8_d50_s17,8,0.5,17,simulated_annealing,32,1514203,4096,4096,57,1.0,1,fixed-objective-evaluation-budget classical heuristic; exact optimum used only for retrospective scoring,1,1,1,1,1,0
n8_d50_s17,8,0.5,17,simulated_annealing,33,1514204,4096,4096,57,1.0,1,fixed-objective-evaluation-budget classical heuristic; exact optimum used only for retrospective scoring,1,1,1,1,1,0
n8_d50_s17,8,0.5,17,simulated_annealing,34,1514205,4096,4096,57,1.0,1,fixed-objective-evaluation-budget classical heuristic; exact optimum used only for retrospective scoring,1,1,1,1,1,0
n8_d50_s17,8,0.5,17,simulated_annealing,35,1514206,4096,4096,57,1.0,1,fixed-objective-evaluation-budget classical heuristic; exact optimum used only for retrospective scoring,1,1,1,1,1,0
n8_d50_s17,8,0.5,17,simulated_annealing,36,1514207,4096,4096,57,1.0,1,fixed-objective-evaluation-budget classical heuristic; exact optimum used only for retrospective scoring,1,1,1,1,1,0
n8_d50_s17,8,0.5,17,simulated_annealing,37,1514208,4096,4096,57,1.0,1,fixed-objective-evaluation-budget classical heuristic; exact optimum used only for retrospective scoring,1,1,1,1,1,0
n8_d50_s17,8,0.5,17,simulated_annealing,38,1514209,4096,4096,57,1.0,1,fixed-objective-evaluation-budget classical heuristic; exact optimum used only for retrospective scoring,1,1,1,1,1,0
n8_d50_s17,8,0.5,17,simulated_annealing,39,1514210,4096,4096,57,1.0,1,fixed-objective-evaluation-budget classical heuristic; exact optimum used only for retrospective scoring,1,1,1,1,1,0
n8_d50_s17,8,0.5,17,simulated_annealing,40,1514211,4096,4096,57,1.0,1,fixed-objective-evaluation-budget classical heuristic; exact optimum used only for retrospective scoring,1,1,1,1,1,0
n8_d50_s17,8,0.5,17,simulated_annealing,41,1514212,4096,4096,57,1.0,1,fixed-objective-evaluation-budget classical heuristic; exact optimum used only for retrospective scoring,1,1,1,1,1,0
n8_d50_s17,8,0.5,17,simulated_annealing,42,1514213,4096,4096,57,1.0,1,fixed-objective-evaluation-budget classical heuristic; exact optimum used only for retrospective scoring,1,1,1,1,1,0
n8_d50_s17,8,0.5,17,simulated_annealing,43,1514214,4096,4096,57,1.0,1,fixed-objective-evaluation-budget classical heuristic; exact optimum used only for retrospective scoring,1,1,1,1,1,0
n8_d50_s17,8,0.5,17,simulated_annealing,44,1514215,4096,4096,57,1.0,1,fixed-objective-evaluation-budget classical heuristic; exact optimum used only for retrospective scoring,1,1,1,1,1,0
n8_d50_s17,8,0.5,17,simulated_annealing,45,1514216,4096,4096,57,1.0,1,fixed-objective-evaluation-budget classical heuristic; exact optimum used only for retrospective scoring,1,1,1,1,1,0
n8_d50_s17,8,0.5,17,simulated_annealing,46,1514217,4096,4096,57,1.0,1,fixed-objective-evaluation-budget classical heuristic; exact optimum used only for retrospective scoring,1,1,1,1,1,0
n8_d50_s17,8,0.5,17,simulated_annealing,47,1514218,4096,4096,57,1.0,1,fixed-objective-evaluation-budget classical heuristic; exact optimum used only for retrospective scoring,1,1,1,1,1,0
n8_d50_s17,8,0.5,17,simulated_annealing,48,1514219,4096,4096,57,1.0,1,fixed-objective-evaluation-budget classical heuristic; exact optimum used only for retrospective scoring,1,1,1,1,1,0
n8_d50_s17,8,0.5,17,simulated_annealing,49,1514220,4096,4096,57,1.0,1,fixed-objective-evaluation-budget classical heuristic; exact optimum used only for retrospective scoring,1,1,1,1,1,0
n8_d50_s17,8,0.5,17,simulated_annealing,50,1514221,4096,4096,57,1.0,1,fixed-objective-evaluation-budget classical heuristic; exact optimum used only for retrospective scoring,1,1,1,1,1,0
n8_d50_s17,8,0.5,17,simulated_annealing,51,1514222,4096,4096,57,1.0,1,fixed-objective-evaluation-budget classical heuristic; exact optimum used only for retrospective scoring,1,1,1,1,1,0
n8_d50_s17,8,0.5,17,simulated_annealing,52,1514223,4096,4096,57,1.0,1,fixed-objective-evaluation-budget classical heuristic; exact optimum used only for retrospective scoring,1,1,1,1,1,0
n8_d50_s17,8,0.5,17,simulated_annealing,53,1514224,4096,4096,57,1.0,1,fixed-objective-evaluation-budget classical heuristic; exact optimum used only for retrospective scoring,1,1,1,1,1,0
n8_d50_s17,8,0.5,17,simulated_annealing,54,1514225,4096,4096,57,1.0,1,fixed-objective-evaluation-budget classical heuristic; exact optimum used only for retrospective scoring,1,1,1,1,1,0
n8_d50_s17,8,0.5,17,simulated_annealing,55,1514226,4096,4096,57,1.0,1,fixed-objective-evaluation-budget classical heuristic; exact optimum used only for retrospective scoring,1,1,1,1,1,0
n8_d50_s17,8,0.5,17,simulated_annealing,56,1514227,4096,4096,57,1.0,1,fixed-objective-evaluation-budget classical heuristic; exact optimum used only for retrospective scoring,1,1,1,1,1,0
n8_d50_s17,8,0.5,17,simulated_annealing,57,1514228,4096,4096,57,1.0,1,fixed-objective-evaluation-budget classical heuristic; exact optimum used only for retrospective scoring,1,1,1,1,1,0
n8_d50_s17,8,0.5,17,simulated_annealing,58,1514229,4096,4096,57,1.0,1,fixed-objective-evaluation-budget classical heuristic; exact optimum used only for retrospective scoring,1,1,1,1,1,0
n8_d50_s17,8,0.5,17,simulated_annealing,59,1514230,4096,4096,57,1.0,1,fixed-objective-evaluation-budget classical heuristic; exact optimum used only for retrospective scoring,1,1,1,1,1,0
n8_d50_s17,8,0.5,17,simulated_annealing,60,1514231,4096,4096,57,1.0,1,fixed-objective-evaluation-budget classical heuristic; exact optimum used only for retrospective scoring,1,1,1,1,1,0
n8_d50_s17,8,0.5,17,simulated_annealing,61,1514232,4096,4096,57,1.0,1,fixed-objective-evaluation-budget classical heuristic; exact optimum used only for retrospective scoring,1,1,1,1,1,0
n8_d50_s17,8,0.5,17,simulated_annealing,62,1514233,4096,4096,57,1.0,1,fixed-objective-evaluation-budget classical heuristic; exact optimum used only for retrospective scoring,1,1,1,1,1,0
n8_d50_s17,8,0.5,17,simulated_annealing,63,1514234,4096,4096,57,1.0,1,fixed-objective-evaluation-budget classical heuristic; exact optimum used only for retrospective scoring,1,1,1,1,1,0
n8_d50_s17,8,0.5,17,tabu_search,0,11514171,4096,4089,57,1.0,1,fixed-objective-evaluation-budget classical heuristic; exact optimum used only for retrospective scoring,1,1,1,1,1,0
n8_d50_s17,8,0.5,17,tabu_search,1,11514172,4096,4089,57,1.0,1,fixed-objective-evaluation-budget classical heuristic; exact optimum used only for retrospective scoring,1,1,1,1,1,0
n8_d50_s17,8,0.5,17,tabu_search,2,11514173,4096,4089,57,1.0,1,fixed-objective-evaluation-budget classical heuristic; exact optimum used only for retrospective scoring,1,1,1,1,1,0
n8_d50_s17,8,0.5,17,tabu_search,3,11514174,4096,4089,57,1.0,1,fixed-objective-evaluation-budget classical heuristic; exact optimum used only for retrospective scoring,1,1,1,1,1,0
n8_d50_s17,8,0.5,17,tabu_search,4,11514175,4096,4089,57,1.0,1,fixed-objective-evaluation-budget classical heuristic; exact optimum used only for retrospective scoring,1,1,1,1,1,0
n8_d50_s17,8,0.5,17,tabu_search,5,11514176,4096,4089,57,1.0,1,fixed-objective-evaluation-budget classical heuristic; exact optimum used only for retrospective scoring,1,1,1,1,1,0
n8_d50_s17,8,0.5,17,tabu_search,6,11514177,4096,4089,57,1.0,1,fixed-objective-evaluation-budget classical heuristic; exact optimum used only for retrospective scoring,1,1,1,1,1,0
n8_d50_s17,8,0.5,17,tabu_search,7,11514178,4096,4089,57,1.0,1,fixed-objective-evaluation-budget classical heuristic; exact optimum used only for retrospective scoring,1,1,1,1,1,0
n8_d50_s17,8,0.5,17,tabu_search,8,11514179,4096,4089,57,1.0,1,fixed-objective-evaluation-budget classical heuristic; exact optimum used only for retrospective scoring,1,1,1,1,1,0
n8_d50_s17,8,0.5,17,tabu_search,9,11514180,4096,4089,57,1.0,1,fixed-objective-evaluation-budget classical heuristic; exact optimum used only for retrospective scoring,1,1,1,1,1,0
n8_d50_s17,8,0.5,17,tabu_search,10,11514181,4096,4089,57,1.0,1,fixed-objective-evaluation-budget classical heuristic; exact optimum used only for retrospective scoring,1,1,1,1,1,0
n8_d50_s17,8,0.5,17,tabu_search,11,11514182,4096,4089,57,1.0,1,fixed-objective-evaluation-budget classical heuristic; exact optimum used only for retrospective scoring,1,1,1,1,1,0
n8_d50_s17,8,0.5,17,tabu_search,12,11514183,4096,4089,57,1.0,1,fixed-objective-evaluation-budget classical heuristic; exact optimum used only for retrospective scoring,1,1,1,1,1,0
n8_d50_s17,8,0.5,17,tabu_search,13,11514184,4096,4089,57,1.0,1,fixed-objective-evaluation-budget classical heuristic; exact optimum used only for retrospective scoring,1,1,1,1,1,0
n8_d50_s17,8,0.5,17,tabu_search,14,11514185,4096,4089,57,1.0,1,fixed-objective-evaluation-budget classical heuristic; exact optimum used only for retrospective scoring,1,1,1,1,1,0
n8_d50_s17,8,0.5,17,tabu_search,15,11514186,4096,4089,57,1.0,1,fixed-objective-evaluation-budget classical heuristic; exact optimum used only for retrospective scoring,1,1,1,1,1,0
n8_d50_s17,8,0.5,17,tabu_search,16,11514187,4096,4089,57,1.0,1,fixed-objective-evaluation-budget classical heuristic; exact optimum used only for retrospective scoring,1,1,1,1,1,0
n8_d50_s17,8,0.5,17,tabu_search,17,11514188,4096,4089,57,1.0,1,fixed-objective-evaluation-budget classical heuristic; exact optimum used only for retrospective scoring,1,1,1,1,1,0
n8_d50_s17,8,0.5,17,tabu_search,18,11514189,4096,4089,57,1.0,1,fixed-objective-evaluation-budget classical heuristic; exact optimum used only for retrospective scoring,1,1,1,1,1,0
n8_d50_s17,8,0.5,17,tabu_search,19,11514190,4096,4089,57,1.0,1,fixed-objective-evaluation-budget classical heuristic; exact optimum used only for retrospective scoring,1,1,1,1,1,0
n8_d50_s17,8,0.5,17,tabu_search,20,11514191,4096,4089,57,1.0,1,fixed-objective-evaluation-budget classical heuristic; exact optimum used only for retrospective scoring,1,1,1,1,1,0
n8_d50_s17,8,0.5,17,tabu_search,21,11514192,4096,4089,57,1.0,1,fixed-objective-evaluation-budget classical heuristic; exact optimum used only for retrospective scoring,1,1,1,1,1,0
n8_d50_s17,8,0.5,17,tabu_search,22,11514193,4096,4089,57,1.0,1,fixed-objective-evaluation-budget classical heuristic; exact optimum used only for retrospective scoring,1,1,1,1,1,0
n8_d50_s17,8,0.5,17,tabu_search,23,11514194,4096,4089,57,1.0,1,fixed-objective-evaluation-budget classical heuristic; exact optimum used only for retrospective scoring,1,1,1,1,1,0
n8_d50_s17,8,0.5,17,tabu_search,24,11514195,4096,4089,57,1.0,1,fixed-objective-evaluation-budget classical heuristic; exact optimum used only for retrospective scoring,1,1,1,1,1,0
n8_d50_s17,8,0.5,17,tabu_search,25,11514196,4096,4089,57,1.0,1,fixed-objective-evaluation-budget classical heuristic; exact optimum used only for retrospective scoring,1,1,1,1,1,0
n8_d50_s17,8,0.5,17,tabu_search,26,11514197,4096,4089,57,1.0,1,fixed-objective-evaluation-budget classical heuristic; exact optimum used only for retrospective scoring,1,1,1,1,1,0
n8_d50_s17,8,0.5,17,tabu_search,27,11514198,4096,4089,57,1.0,1,fixed-objective-evaluation-budget classical heuristic; exact optimum used only for retrospective scoring,1,1,1,1,1,0
n8_d50_s17,8,0.5,17,tabu_search,28,11514199,4096,4089,57,1.0,1,fixed-objective-evaluation-budget classical heuristic; exact optimum used only for retrospective scoring,1,1,1,1,1,0
n8_d50_s17,8,0.5,17,tabu_search,29,11514200,4096,4089,57,1.0,1,fixed-objective-evaluation-budget classical heuristic; exact optimum used only for retrospective scoring,1,1,1,1,1,0
n8_d50_s17,8,0.5,17,tabu_search,30,11514201,4096,4089,57,1.0,1,fixed-objective-evaluation-budget classical heuristic; exact optimum used only for retrospective scoring,1,1,1,1,1,0
n8_d50_s17,8,0.5,17,tabu_search,31,11514202,4096,4089,57,1.0,1,fixed-objective-evaluation-budget classical heuristic; exact optimum used only for retrospective scoring,1,1,1,1,1,0
n8_d50_s17,8,0.5,17,tabu_search,32,11514203,4096,4089,57,1.0,1,fixed-objective-evaluation-budget classical heuristic; exact optimum used only for retrospective scoring,1,1,1,1,1,0
n8_d50_s17,8,0.5,17,tabu_search,33,11514204,4096,4089,57,1.0,1,fixed-objective-evaluation-budget classical heuristic; exact optimum used only for retrospective scoring,1,1,1,1,1,0
n8_d50_s17,8,0.5,17,tabu_search,34,11514205,4096,4089,57,1.0,1,fixed-objective-evaluation-budget classical heuristic; exact optimum used only for retrospective scoring,1,1,1,1,1,0
n8_d50_s17,8,0.5,17,tabu_search,35,11514206,4096,4089,57,1.0,1,fixed-objective-evaluation-budget classical heuristic; exact optimum used only for retrospective scoring,1,1,1,1,1,0
n8_d50_s17,8,0.5,17,tabu_search,36,11514207,4096,4089,57,1.0,1,fixed-objective-evaluation-budget classical heuristic; exact optimum used only for retrospective scoring,1,1,1,1,1,0
n8_d50_s17,8,0.5,17,tabu_search,37,11514208,4096,4089,57,1.0,1,fixed-objective-evaluation-budget classical heuristic; exact optimum used only for retrospective scoring,1,1,1,1,1,0
n8_d50_s17,8,0.5,17,tabu_search,38,11514209,4096,4089,57,1.0,1,fixed-objective-evaluation-budget classical heuristic; exact optimum used only for retrospective scoring,1,1,1,1,1,0
n8_d50_s17,8,0.5,17,tabu_search,39,11514210,4096,4089,57,1.0,1,fixed-objective-evaluation-budget classical heuristic; exact optimum used only for retrospective scoring,1,1,1,1,1,0
n8_d50_s17,8,0.5,17,tabu_search,40,11514211,4096,4089,57,1.0,1,fixed-objective-evaluation-budget classical heuristic; exact optimum used only for retrospective scoring,1,1,1,1,1,0
n8_d50_s17,8,0.5,17,tabu_search,41,11514212,4096,4089,57,1.0,1,fixed-objective-evaluation-budget classical heuristic; exact optimum used only for retrospective scoring,1,1,1,1,1,0
n8_d50_s17,8,0.5,17,tabu_search,42,11514213,4096,4089,57,1.0,1,fixed-objective-evaluation-budget classical heuristic; exact optimum used only for retrospective scoring,1,1,1,1,1,0
n8_d50_s17,8,0.5,17,tabu_search,43,11514214,4096,4089,57,1.0,1,fixed-objective-evaluation-budget classical heuristic; exact optimum used only for retrospective scoring,1,1,1,1,1,0
n8_d50_s17,8,0.5,17,tabu_search,44,11514215,4096,4089,57,1.0,1,fixed-objective-evaluation-budget classical heuristic; exact optimum used only for retrospective scoring,1,1,1,1,1,0
n8_d50_s17,8,0.5,17,tabu_search,45,11514216,4096,4089,57,1.0,1,fixed-objective-evaluation-budget classical heuristic; exact optimum used only for retrospective scoring,1,1,1,1,1,0
n8_d50_s17,8,0.5,17,tabu_search,46,11514217,4096,4089,57,1.0,1,fixed-objective-evaluation-budget classical heuristic; exact optimum used only for retrospective scoring,1,1,1,1,1,0
n8_d50_s17,8,0.5,17,tabu_search,47,11514218,4096,4089,57,1.0,1,fixed-objective-evaluation-budget classical heuristic; exact optimum used only for retrospective scoring,1,1,1,1,1,0
n8_d50_s17,8,0.5,17,tabu_search,48,11514219,4096,4089,57,1.0,1,fixed-objective-evaluation-budget classical heuristic; exact optimum used only for retrospective scoring,1,1,1,1,1,0
n8_d50_s17,8,0.5,17,tabu_search,49,11514220,4096,4089,57,1.0,1,fixed-objective-evaluation-budget classical heuristic; exact optimum used only for retrospective scoring,1,1,1,1,1,0
n8_d50_s17,8,0.5,17,tabu_search,50,11514221,4096,4089,57,1.0,1,fixed-objective-evaluation-budget classical heuristic; exact optimum used only for retrospective scoring,1,1,1,1,1,0
n8_d50_s17,8,0.5,17,tabu_search,51,11514222,4096,4089,57,1.0,1,fixed-objective-evaluation-budget classical heuristic; exact optimum used only for retrospective scoring,1,1,1,1,1,0
n8_d50_s17,8,0.5,17,tabu_search,52,11514223,4096,4089,57,1.0,1,fixed-objective-evaluation-budget classical heuristic; exact optimum used only for retrospective scoring,1,1,1,1,1,0
n8_d50_s17,8,0.5,17,tabu_search,53,11514224,4096,4089,57,1.0,1,fixed-objective-evaluation-budget classical heuristic; exact optimum used only for retrospective scoring,1,1,1,1,1,0
n8_d50_s17,8,0.5,17,tabu_search,54,11514225,4096,4089,57,1.0,1,fixed-objective-evaluation-budget classical heuristic; exact optimum used only for retrospective scoring,1,1,1,1,1,0
n8_d50_s17,8,0.5,17,tabu_search,55,11514226,4096,4089,57,1.0,1,fixed-objective-evaluation-budget classical heuristic; exact optimum used only for retrospective scoring,1,1,1,1,1,0
n8_d50_s17,8,0.5,17,tabu_search,56,11514227,4096,4089,57,1.0,1,fixed-objective-evaluation-budget classical heuristic; exact optimum used only for retrospective scoring,1,1,1,1,1,0
n8_d50_s17,8,0.5,17,tabu_search,57,11514228,4096,4089,57,1.0,1,fixed-objective-evaluation-budget classical heuristic; exact optimum used only for retrospective scoring,1,1,1,1,1,0
n8_d50_s17,8,0.5,17,tabu_search,58,11514229,4096,4089,57,1.0,1,fixed-objective-evaluation-budget classical heuristic; exact optimum used only for retrospective scoring,1,1,1,1,1,0
n8_d50_s17,8,0.5,17,tabu_search,59,11514230,4096,4089,57,1.0,1,fixed-objective-evaluation-budget classical heuristic; exact optimum used only for retrospective scoring,1,1,1,1,1,0
n8_d50_s17,8,0.5,17,tabu_search,60,11514231,4096,4089,57,1.0,1,fixed-objective-evaluation-budget classical heuristic; exact optimum used only for retrospective scoring,1,1,1,1,1,0
n8_d50_s17,8,0.5,17,tabu_search,61,11514232,4096,4089,57,1.0,1,fixed-objective-evaluation-budget classical heuristic; exact optimum used only for retrospective scoring,1,1,1,1,1,0
n8_d50_s17,8,0.5,17,tabu_search,62,11514233,4096,4089,57,1.0,1,fixed-objective-evaluation-budget classical heuristic; exact optimum used only for retrospective scoring,1,1,1,1,1,0
n8_d50_s17,8,0.5,17,tabu_search,63,11514234,4096,4089,57,1.0,1,fixed-objective-evaluation-budget classical heuristic; exact optimum used only for retrospective scoring,1,1,1,1,1,0
n8_d50_s42,8,0.5,42,simulated_annealing,0,1514421,4096,4096,60,1.0,1,fixed-objective-evaluation-budget classical heuristic; exact optimum used only for retrospective scoring,1,1,1,1,1,1
n8_d50_s42,8,0.5,42,simulated_annealing,1,1514422,4096,4096,60,1.0,1,fixed-objective-evaluation-budget classical heuristic; exact optimum used only for retrospective scoring,1,1,1,1,1,1
n8_d50_s42,8,0.5,42,simulated_annealing,2,1514423,4096,4096,60,1.0,1,fixed-objective-evaluation-budget classical heuristic; exact optimum used only for retrospective scoring,1,1,1,1,1,1
n8_d50_s42,8,0.5,42,simulated_annealing,3,1514424,4096,4096,60,1.0,1,fixed-objective-evaluation-budget classical heuristic; exact optimum used only for retrospective scoring,1,1,1,1,1,1
n8_d50_s42,8,0.5,42,simulated_annealing,4,1514425,4096,4096,60,1.0,1,fixed-objective-evaluation-budget classical heuristic; exact optimum used only for retrospective scoring,1,1,1,1,1,1
n8_d50_s42,8,0.5,42,simulated_annealing,5,1514426,4096,4096,60,1.0,1,fixed-objective-evaluation-budget classical heuristic; exact optimum used only for retrospective scoring,1,1,1,1,1,1
n8_d50_s42,8,0.5,42,simulated_annealing,6,1514427,4096,4096,60,1.0,1,fixed-objective-evaluation-budget classical heuristic; exact optimum used only for retrospective scoring,1,1,1,1,1,1
n8_d50_s42,8,0.5,42,simulated_annealing,7,1514428,4096,4096,60,1.0,1,fixed-objective-evaluation-budget classical heuristic; exact optimum used only for retrospective scoring,1,1,1,1,1,1
n8_d50_s42,8,0.5,42,simulated_annealing,8,1514429,4096,4096,60,1.0,1,fixed-objective-evaluation-budget classical heuristic; exact optimum used only for retrospective scoring,1,1,1,1,1,1
n8_d50_s42,8,0.5,42,simulated_annealing,9,1514430,4096,4096,60,1.0,1,fixed-objective-evaluation-budget classical heuristic; exact optimum used only for retrospective scoring,1,1,1,1,1,1
n8_d50_s42,8,0.5,42,simulated_annealing,10,1514431,4096,4096,60,1.0,1,fixed-objective-evaluation-budget classical heuristic; exact optimum used only for retrospective scoring,1,1,1,1,1,1
n8_d50_s42,8,0.5,42,simulated_annealing,11,1514432,4096,4096,60,1.0,1,fixed-objective-evaluation-budget classical heuristic; exact optimum used only for retrospective scoring,1,1,1,1,1,1
n8_d50_s42,8,0.5,42,simulated_annealing,12,1514433,4096,4096,60,1.0,1,fixed-objective-evaluation-budget classical heuristic; exact optimum used only for retrospective scoring,1,1,1,1,1,1
n8_d50_s42,8,0.5,42,simulated_annealing,13,1514434,4096,4096,60,1.0,1,fixed-objective-evaluation-budget classical heuristic; exact optimum used only for retrospective scoring,1,1,1,1,1,1
n8_d50_s42,8,0.5,42,simulated_annealing,14,1514435,4096,4096,60,1.0,1,fixed-objective-evaluation-budget classical heuristic; exact optimum used only for retrospective scoring,1,1,1,1,1,1
n8_d50_s42,8,0.5,42,simulated_annealing,15,1514436,4096,4096,60,1.0,1,fixed-objective-evaluation-budget classical heuristic; exact optimum used only for retrospective scoring,1,1,1,1,1,1
n8_d50_s42,8,0.5,42,simulated_annealing,16,1514437,4096,4096,60,1.0,1,fixed-objective-evaluation-budget classical heuristic; exact optimum used only for retrospective scoring,1,1,1,1,1,1
n8_d50_s42,8,0.5,42,simulated_annealing,17,1514438,4096,4096,60,1.0,1,fixed-objective-evaluation-budget classical heuristic; exact optimum used only for retrospective scoring,1,1,1,1,1,1
n8_d50_s42,8,0.5,42,simulated_annealing,18,1514439,4096,4096,60,1.0,1,fixed-objective-evaluation-budget classical heuristic; exact optimum used only for retrospective scoring,1,1,1,1,1,1
n8_d50_s42,8,0.5,42,simulated_annealing,19,1514440,4096,4096,60,1.0,1,fixed-objective-evaluation-budget classical heuristic; exact optimum used only for retrospective scoring,1,1,1,1,1,1
n8_d50_s42,8,0.5,42,simulated_annealing,20,1514441,4096,4096,60,1.0,1,fixed-objective-evaluation-budget classical heuristic; exact optimum used only for retrospective scoring,1,1,1,1,1,1
n8_d50_s42,8,0.5,42,simulated_annealing,21,1514442,4096,4096,60,1.0,1,fixed-objective-evaluation-budget classical heuristic; exact optimum used only for retrospective scoring,1,1,1,1,1,1
n8_d50_s42,8,0.5,42,simulated_annealing,22,1514443,4096,4096,60,1.0,1,fixed-objective-evaluation-budget classical heuristic; exact optimum used only for retrospective scoring,1,1,1,1,1,1
n8_d50_s42,8,0.5,42,simulated_annealing,23,1514444,4096,4096,60,1.0,1,fixed-objective-evaluation-budget classical heuristic; exact optimum used only for retrospective scoring,1,1,1,1,1,1
n8_d50_s42,8,0.5,42,simulated_annealing,24,1514445,4096,4096,60,1.0,1,fixed-objective-evaluation-budget classical heuristic; exact optimum used only for retrospective scoring,1,1,1,1,1,1
n8_d50_s42,8,0.5,42,simulated_annealing,25,1514446,4096,4096,60,1.0,1,fixed-objective-evaluation-budget classical heuristic; exact optimum used only for retrospective scoring,1,1,1,1,1,1
n8_d50_s42,8,0.5,42,simulated_annealing,26,1514447,4096,4096,60,1.0,1,fixed-objective-evaluation-budget classical heuristic; exact optimum used only for retrospective scoring,1,1,1,1,1,1
n8_d50_s42,8,0.5,42,simulated_annealing,27,1514448,4096,4096,60,1.0,1,fixed-objective-evaluation-budget classical heuristic; exact optimum used only for retrospective scoring,1,1,1,1,1,1
n8_d50_s42,8,0.5,42,simulated_annealing,28,1514449,4096,4096,60,1.0,1,fixed-objective-evaluation-budget classical heuristic; exact optimum used only for retrospective scoring,1,1,1,1,1,1
n8_d50_s42,8,0.5,42,simulated_annealing,29,1514450,4096,4096,60,1.0,1,fixed-objective-evaluation-budget classical heuristic; exact optimum used only for retrospective scoring,1,1,1,1,1,1
n8_d50_s42,8,0.5,42,simulated_annealing,30,1514451,4096,4096,60,1.0,1,fixed-objective-evaluation-budget classical heuristic; exact optimum used only for retrospective scoring,1,1,1,1,1,1
n8_d50_s42,8,0.5,42,simulated_annealing,31,1514452,4096,4096,60,1.0,1,fixed-objective-evaluation-budget classical heuristic; exact optimum used only for retrospective scoring,1,1,1,1,1,1
n8_d50_s42,8,0.5,42,simulated_annealing,32,1514453,4096,4096,60,1.0,1,fixed-objective-evaluation-budget classical heuristic; exact optimum used only for retrospective scoring,1,1,1,1,1,1
n8_d50_s42,8,0.5,42,simulated_annealing,33,1514454,4096,4096,60,1.0,1,fixed-objective-evaluation-budget classical heuristic; exact optimum used only for retrospective scoring,1,1,1,1,1,1
n8_d50_s42,8,0.5,42,simulated_annealing,34,1514455,4096,4096,60,1.0,1,fixed-objective-evaluation-budget classical heuristic; exact optimum used only for retrospective scoring,1,1,1,1,1,1
n8_d50_s42,8,0.5,42,simulated_annealing,35,1514456,4096,4096,60,1.0,1,fixed-objective-evaluation-budget classical heuristic; exact optimum used only for retrospective scoring,1,1,1,1,1,1
n8_d50_s42,8,0.5,42,simulated_annealing,36,1514457,4096,4096,60,1.0,1,fixed-objective-evaluation-budget classical heuristic; exact optimum used only for retrospective scoring,1,1,1,1,1,1
n8_d50_s42,8,0.5,42,simulated_annealing,37,1514458,4096,4096,60,1.0,1,fixed-objective-evaluation-budget classical heuristic; exact optimum used only for retrospective scoring,1,1,1,1,1,1
n8_d50_s42,8,0.5,42,simulated_annealing,38,1514459,4096,4096,60,1.0,1,fixed-objective-evaluation-budget classical heuristic; exact optimum used only for retrospective scoring,1,1,1,1,1,1
n8_d50_s42,8,0.5,42,simulated_annealing,39,1514460,4096,4096,60,1.0,1,fixed-objective-evaluation-budget classical heuristic; exact optimum used only for retrospective scoring,1,1,1,1,1,1
n8_d50_s42,8,0.5,42,simulated_annealing,40,1514461,4096,4096,60,1.0,1,fixed-objective-evaluation-budget classical heuristic; exact optimum used only for retrospective scoring,1,1,1,1,1,1
n8_d50_s42,8,0.5,42,simulated_annealing,41,1514462,4096,4096,60,1.0,1,fixed-objective-evaluation-budget classical heuristic; exact optimum used only for retrospective scoring,1,1,1,1,1,1
n8_d50_s42,8,0.5,42,simulated_annealing,42,1514463,4096,4096,60,1.0,1,fixed-objective-evaluation-budget classical heuristic; exact optimum used only for retrospective scoring,1,1,1,1,1,1
n8_d50_s42,8,0.5,42,simulated_annealing,43,1514464,4096,4096,60,1.0,1,fixed-objective-evaluation-budget classical heuristic; exact optimum used only for retrospective scoring,1,1,1,1,1,1
n8_d50_s42,8,0.5,42,simulated_annealing,44,1514465,4096,4096,60,1.0,1,fixed-objective-evaluation-budget classical heuristic; exact optimum used only for retrospective scoring,1,1,1,1,1,1
n8_d50_s42,8,0.5,42,simulated_annealing,45,1514466,4096,4096,60,1.0,1,fixed-objective-evaluation-budget classical heuristic; exact optimum used only for retrospective scoring,1,1,1,1,1,1
n8_d50_s42,8,0.5,42,simulated_annealing,46,1514467,4096,4096,60,1.0,1,fixed-objective-evaluation-budget classical heuristic; exact optimum used only for retrospective scoring,1,1,1,1,1,1
n8_d50_s42,8,0.5,42,simulated_annealing,47,1514468,4096,4096,60,1.0,1,fixed-objective-evaluation-budget classical heuristic; exact optimum used only for retrospective scoring,1,1,1,1,1,1
n8_d50_s42,8,0.5,42,simulated_annealing,48,1514469,4096,4096,60,1.0,1,fixed-objective-evaluation-budget classical heuristic; exact optimum used only for retrospective scoring,1,1,1,1,1,1
n8_d50_s42,8,0.5,42,simulated_annealing,49,1514470,4096,4096,60,1.0,1,fixed-objective-evaluation-budget classical heuristic; exact optimum used only for retrospective scoring,1,1,1,1,1,1
n8_d50_s42,8,0.5,42,simulated_annealing,50,1514471,4096,4096,60,1.0,1,fixed-objective-evaluation-budget classical heuristic; exact optimum used only for retrospective scoring,1,1,1,1,1,1
n8_d50_s42,8,0.5,42,simulated_annealing,51,1514472,4096,4096,60,1.0,1,fixed-objective-evaluation-budget classical heuristic; exact optimum used only for retrospective scoring,1,1,1,1,1,1
n8_d50_s42,8,0.5,42,simulated_annealing,52,1514473,4096,4096,60,1.0,1,fixed-objective-evaluation-budget classical heuristic; exact optimum used only for retrospective scoring,1,1,1,1,1,1
n8_d50_s42,8,0.5,42,simulated_annealing,53,1514474,4096,4096,60,1.0,1,fixed-objective-evaluation-budget classical heuristic; exact optimum used only for retrospective scoring,1,1,1,1,1,1
n8_d50_s42,8,0.5,42,simulated_annealing,54,1514475,4096,4096,60,1.0,1,fixed-objective-evaluation-budget classical heuristic; exact optimum used only for retrospective scoring,1,1,1,1,1,1
n8_d50_s42,8,0.5,42,simulated_annealing,55,1514476,4096,4096,60,1.0,1,fixed-objective-evaluation-budget classical heuristic; exact optimum used only for retrospective scoring,1,1,1,1,1,1
n8_d50_s42,8,0.5,42,simulated_annealing,56,1514477,4096,4096,60,1.0,1,fixed-objective-evaluation-budget classical heuristic; exact optimum used only for retrospective scoring,1,1,1,1,1,1
n8_d50_s42,8,0.5,42,simulated_annealing,57,1514478,4096,4096,60,1.0,1,fixed-objective-evaluation-budget classical heuristic; exact optimum used only for retrospective scoring,1,1,1,1,1,1
n8_d50_s42,8,0.5,42,simulated_annealing,58,1514479,4096,4096,60,1.0,1,fixed-objective-evaluation-budget classical heuristic; exact optimum used only for retrospective scoring,1,1,1,1,1,1
n8_d50_s42,8,0.5,42,simulated_annealing,59,1514480,4096,4096,60,1.0,1,fixed-objective-evaluation-budget classical heuristic; exact optimum used only for retrospective scoring,1,1,1,1,1,1
n8_d50_s42,8,0.5,42,simulated_annealing,60,1514481,4096,4096,60,1.0,1,fixed-objective-evaluation-budget classical heuristic; exact optimum used only for retrospective scoring,1,1,1,1,1,1
n8_d50_s42,8,0.5,42,simulated_annealing,61,1514482,4096,4096,60,1.0,1,fixed-objective-evaluation-budget classical heuristic; exact optimum used only for retrospective scoring,1,1,1,1,1,1
n8_d50_s42,8,0.5,42,simulated_annealing,62,1514483,4096,4096,60,1.0,1,fixed-objective-evaluation-budget classical heuristic; exact optimum used only for retrospective scoring,1,1,1,1,1,1
n8_d50_s42,8,0.5,42,simulated_annealing,63,1514484,4096,4096,60,1.0,1,fixed-objective-evaluation-budget classical heuristic; exact optimum used only for retrospective scoring,1,1,1,1,1,1
n8_d50_s42,8,0.5,42,tabu_search,0,11514421,4096,4089,60,1.0,1,fixed-objective-evaluation-budget classical heuristic; exact optimum used only for retrospective scoring,1,1,1,1,1,1
n8_d50_s42,8,0.5,42,tabu_search,1,11514422,4096,4089,60,1.0,1,fixed-objective-evaluation-budget classical heuristic; exact optimum used only for retrospective scoring,1,1,1,1,1,1
n8_d50_s42,8,0.5,42,tabu_search,2,11514423,4096,4089,60,1.0,1,fixed-objective-evaluation-budget classical heuristic; exact optimum used only for retrospective scoring,1,1,1,1,1,1
n8_d50_s42,8,0.5,42,tabu_search,3,11514424,4096,4089,60,1.0,1,fixed-objective-evaluation-budget classical heuristic; exact optimum used only for retrospective scoring,1,1,1,1,1,1
n8_d50_s42,8,0.5,42,tabu_search,4,11514425,4096,4089,60,1.0,1,fixed-objective-evaluation-budget classical heuristic; exact optimum used only for retrospective scoring,1,1,1,1,1,1
n8_d50_s42,8,0.5,42,tabu_search,5,11514426,4096,4089,60,1.0,1,fixed-objective-evaluation-budget classical heuristic; exact optimum used only for retrospective scoring,1,1,1,1,1,1
n8_d50_s42,8,0.5,42,tabu_search,6,11514427,4096,4089,60,1.0,1,fixed-objective-evaluation-budget classical heuristic; exact optimum used only for retrospective scoring,1,1,1,1,1,1
n8_d50_s42,8,0.5,42,tabu_search,7,11514428,4096,4089,60,1.0,1,fixed-objective-evaluation-budget classical heuristic; exact optimum used only for retrospective scoring,1,1,1,1,1,1
n8_d50_s42,8,0.5,42,tabu_search,8,11514429,4096,4089,60,1.0,1,fixed-objective-evaluation-budget classical heuristic; exact optimum used only for retrospective scoring,1,1,1,1,1,1
n8_d50_s42,8,0.5,42,tabu_search,9,11514430,4096,4089,60,1.0,1,fixed-objective-evaluation-budget classical heuristic; exact optimum used only for retrospective scoring,1,1,1,1,1,1
n8_d50_s42,8,0.5,42,tabu_search,10,11514431,4096,4089,60,1.0,1,fixed-objective-evaluation-budget classical heuristic; exact optimum used only for retrospective scoring,1,1,1,1,1,1
n8_d50_s42,8,0.5,42,tabu_search,11,11514432,4096,4089,60,1.0,1,fixed-objective-evaluation-budget classical heuristic; exact optimum used only for retrospective scoring,1,1,1,1,1,1
n8_d50_s42,8,0.5,42,tabu_search,12,11514433,4096,4089,60,1.0,1,fixed-objective-evaluation-budget classical heuristic; exact optimum used only for retrospective scoring,1,1,1,1,1,1
n8_d50_s42,8,0.5,42,tabu_search,13,11514434,4096,4089,60,1.0,1,fixed-objective-evaluation-budget classical heuristic; exact optimum used only for retrospective scoring,1,1,1,1,1,1
n8_d50_s42,8,0.5,42,tabu_search,14,11514435,4096,4089,60,1.0,1,fixed-objective-evaluation-budget classical heuristic; exact optimum used only for retrospective scoring,1,1,1,1,1,1
n8_d50_s42,8,0.5,42,tabu_search,15,11514436,4096,4089,60,1.0,1,fixed-objective-evaluation-budget classical heuristic; exact optimum used only for retrospective scoring,1,1,1,1,1,1
n8_d50_s42,8,0.5,42,tabu_search,16,11514437,4096,4089,60,1.0,1,fixed-objective-evaluation-budget classical heuristic; exact optimum used only for retrospective scoring,1,1,1,1,1,1
n8_d50_s42,8,0.5,42,tabu_search,17,11514438,4096,4089,60,1.0,1,fixed-objective-evaluation-budget classical heuristic; exact optimum used only for retrospective scoring,1,1,1,1,1,1
n8_d50_s42,8,0.5,42,tabu_search,18,11514439,4096,4089,60,1.0,1,fixed-objective-evaluation-budget classical heuristic; exact optimum used only for retrospective scoring,1,1,1,1,1,1
n8_d50_s42,8,0.5,42,tabu_search,19,11514440,4096,4089,60,1.0,1,fixed-objective-evaluation-budget classical heuristic; exact optimum used only for retrospective scoring,1,1,1,1,1,1
n8_d50_s42,8,0.5,42,tabu_search,20,11514441,4096,4089,60,1.0,1,fixed-objective-evaluation-budget classical heuristic; exact optimum used only for retrospective scoring,1,1,1,1,1,1
n8_d50_s42,8,0.5,42,tabu_search,21,11514442,4096,4089,60,1.0,1,fixed-objective-evaluation-budget classical heuristic; exact optimum used only for retrospective scoring,1,1,1,1,1,1
n8_d50_s42,8,0.5,42,tabu_search,22,11514443,4096,4089,60,1.0,1,fixed-objective-evaluation-budget classical heuristic; exact optimum used only for retrospective scoring,1,1,1,1,1,1
n8_d50_s42,8,0.5,42,tabu_search,23,11514444,4096,4089,60,1.0,1,fixed-objective-evaluation-budget classical heuristic; exact optimum used only for retrospective scoring,1,1,1,1,1,1
n8_d50_s42,8,0.5,42,tabu_search,24,11514445,4096,4089,60,1.0,1,fixed-objective-evaluation-budget classical heuristic; exact optimum used only for retrospective scoring,1,1,1,1,1,1
n8_d50_s42,8,0.5,42,tabu_search,25,11514446,4096,4089,60,1.0,1,fixed-objective-evaluation-budget classical heuristic; exact optimum used only for retrospective scoring,1,1,1,1,1,1
n8_d50_s42,8,0.5,42,tabu_search,26,11514447,4096,4089,60,1.0,1,fixed-objective-evaluation-budget classical heuristic; exact optimum used only for retrospective scoring,1,1,1,1,1,1
n8_d50_s42,8,0.5,42,tabu_search,27,11514448,4096,4089,60,1.0,1,fixed-objective-evaluation-budget classical heuristic; exact optimum used only for retrospective scoring,1,1,1,1,1,1
n8_d50_s42,8,0.5,42,tabu_search,28,11514449,4096,4089,60,1.0,1,fixed-objective-evaluation-budget classical heuristic; exact optimum used only for retrospective scoring,1,1,1,1,1,1
n8_d50_s42,8,0.5,42,tabu_search,29,11514450,4096,4089,60,1.0,1,fixed-objective-evaluation-budget classical heuristic; exact optimum used only for retrospective scoring,1,1,1,1,1,1
n8_d50_s42,8,0.5,42,tabu_search,30,11514451,4096,4089,60,1.0,1,fixed-objective-evaluation-budget classical heuristic; exact optimum used only for retrospective scoring,1,1,1,1,1,1
n8_d50_s42,8,0.5,42,tabu_search,31,11514452,4096,4089,60,1.0,1,fixed-objective-evaluation-budget classical heuristic; exact optimum used only for retrospective scoring,1,1,1,1,1,1
n8_d50_s42,8,0.5,42,tabu_search,32,11514453,4096,4089,60,1.0,1,fixed-objective-evaluation-budget classical heuristic; exact optimum used only for retrospective scoring,1,1,1,1,1,1
n8_d50_s42,8,0.5,42,tabu_search,33,11514454,4096,4089,60,1.0,1,fixed-objective-evaluation-budget classical heuristic; exact optimum used only for retrospective scoring,1,1,1,1,1,1
n8_d50_s42,8,0.5,42,tabu_search,34,11514455,4096,4089,60,1.0,1,fixed-objective-evaluation-budget classical heuristic; exact optimum used only for retrospective scoring,1,1,1,1,1,1
n8_d50_s42,8,0.5,42,tabu_search,35,11514456,4096,4089,60,1.0,1,fixed-objective-evaluation-budget classical heuristic; exact optimum used only for retrospective scoring,1,1,1,1,1,1
n8_d50_s42,8,0.5,42,tabu_search,36,11514457,4096,4089,60,1.0,1,fixed-objective-evaluation-budget classical heuristic; exact optimum used only for retrospective scoring,1,1,1,1,1,1
n8_d50_s42,8,0.5,42,tabu_search,37,11514458,4096,4089,60,1.0,1,fixed-objective-evaluation-budget classical heuristic; exact optimum used only for retrospective scoring,1,1,1,1,1,1
n8_d50_s42,8,0.5,42,tabu_search,38,11514459,4096,4089,60,1.0,1,fixed-objective-evaluation-budget classical heuristic; exact optimum used only for retrospective scoring,1,1,1,1,1,1
n8_d50_s42,8,0.5,42,tabu_search,39,11514460,4096,4089,60,1.0,1,fixed-objective-evaluation-budget classical heuristic; exact optimum used only for retrospective scoring,1,1,1,1,1,1
n8_d50_s42,8,0.5,42,tabu_search,40,11514461,4096,4089,60,1.0,1,fixed-objective-evaluation-budget classical heuristic; exact optimum used only for retrospective scoring,1,1,1,1,1,1
n8_d50_s42,8,0.5,42,tabu_search,41,11514462,4096,4089,60,1.0,1,fixed-objective-evaluation-budget classical heuristic; exact optimum used only for retrospective scoring,1,1,1,1,1,1
n8_d50_s42,8,0.5,42,tabu_search,42,11514463,4096,4089,60,1.0,1,fixed-objective-evaluation-budget classical heuristic; exact optimum used only for retrospective scoring,1,1,1,1,1,1
n8_d50_s42,8,0.5,42,tabu_search,43,11514464,4096,4089,60,1.0,1,fixed-objective-evaluation-budget classical heuristic; exact optimum used only for retrospective scoring,1,1,1,1,1,1
n8_d50_s42,8,0.5,42,tabu_search,44,11514465,4096,4089,60,1.0,1,fixed-objective-evaluation-budget classical heuristic; exact optimum used only for retrospective scoring,1,1,1,1,1,1
n8_d50_s42,8,0.5,42,tabu_search,45,11514466,4096,4089,60,1.0,1,fixed-objective-evaluation-budget classical heuristic; exact optimum used only for retrospective scoring,1,1,1,1,1,1
n8_d50_s42,8,0.5,42,tabu_search,46,11514467,4096,4089,60,1.0,1,fixed-objective-evaluation-budget classical heuristic; exact optimum used only for retrospective scoring,1,1,1,1,1,1
n8_d50_s42,8,0.5,42,tabu_search,47,11514468,4096,4089,60,1.0,1,fixed-objective-evaluation-budget classical heuristic; exact optimum used only for retrospective scoring,1,1,1,1,1,1
n8_d50_s42,8,0.5,42,tabu_search,48,11514469,4096,4089,60,1.0,1,fixed-objective-evaluation-budget classical heuristic; exact optimum used only for retrospective scoring,1,1,1,1,1,1
n8_d50_s42,8,0.5,42,tabu_search,49,11514470,4096,4089,60,1.0,1,fixed-objective-evaluation-budget classical heuristic; exact optimum used only for retrospective scoring,1,1,1,1,1,1
n8_d50_s42,8,0.5,42,tabu_search,50,11514471,4096,4089,60,1.0,1,fixed-objective-evaluation-budget classical heuristic; exact optimum used only for retrospective scoring,1,1,1,1,1,1
n8_d50_s42,8,0.5,42,tabu_search,51,11514472,4096,4089,60,1.0,1,fixed-objective-evaluation-budget classical heuristic; exact optimum used only for retrospective scoring,1,1,1,1,1,1
n8_d50_s42,8,0.5,42,tabu_search,52,11514473,4096,4089,60,1.0,1,fixed-objective-evaluation-budget classical heuristic; exact optimum used only for retrospective scoring,1,1,1,1,1,1
n8_d50_s42,8,0.5,42,tabu_search,53,11514474,4096,4089,60,1.0,1,fixed-objective-evaluation-budget classical heuristic; exact optimum used only for retrospective scoring,1,1,1,1,1,1
n8_d50_s42,8,0.5,42,tabu_search,54,11514475,4096,4089,60,1.0,1,fixed-objective-evaluation-budget classical heuristic; exact optimum used only for retrospective scoring,1,1,1,1,1,1
n8_d50_s42,8,0.5,42,tabu_search,55,11514476,4096,4089,60,1.0,1,fixed-objective-evaluation-budget classical heuristic; exact optimum used only for retrospective scoring,1,1,1,1,1,1
n8_d50_s42,8,0.5,42,tabu_search,56,11514477,4096,4089,60,1.0,1,fixed-objective-evaluation-budget classical heuristic; exact optimum used only for retrospective scoring,1,1,1,1,1,1
n8_d50_s42,8,0.5,42,tabu_search,57,11514478,4096,4089,60,1.0,1,fixed-objective-evaluation-budget classical heuristic; exact optimum used only for retrospective scoring,1,1,1,1,1,1
n8_d50_s42,8,0.5,42,tabu_search,58,11514479,4096,4089,60,1.0,1,fixed-objective-evaluation-budget classical heuristic; exact optimum used only for retrospective scoring,1,1,1,1,1,1
n8_d50_s42,8,0.5,42,tabu_search,59,11514480,4096,4089,60,1.0,1,fixed-objective-evaluation-budget classical heuristic; exact optimum used only for retrospective scoring,1,1,1,1,1,1
n8_d50_s42,8,0.5,42,tabu_search,60,11514481,4096,4089,60,1.0,1,fixed-objective-evaluation-budget classical heuristic; exact optimum used only for retrospective scoring,1,1,1,1,1,1
n8_d50_s42,8,0.5,42,tabu_search,61,11514482,4096,4089,60,1.0,1,fixed-objective-evaluation-budget classical heuristic; exact optimum used only for retrospective scoring,1,1,1,1,1,1
n8_d50_s42,8,0.5,42,tabu_search,62,11514483,4096,4089,60,1.0,1,fixed-objective-evaluation-budget classical heuristic; exact optimum used only for retrospective scoring,1,1,1,1,1,1
n8_d50_s42,8,0.5,42,tabu_search,63,11514484,4096,4089,60,1.0,1,fixed-objective-evaluation-budget classical heuristic; exact optimum used only for retrospective scoring,1,1,1,1,1,1
n8_d75_s17,8,0.75,17,simulated_annealing,0,1521171,4096,4096,90,1.0,1,fixed-objective-evaluation-budget classical heuristic; exact optimum used only for retrospective scoring,1,1,1,1,1,1
n8_d75_s17,8,0.75,17,simulated_annealing,1,1521172,4096,4096,90,1.0,1,fixed-objective-evaluation-budget classical heuristic; exact optimum used only for retrospective scoring,1,1,1,1,1,1
n8_d75_s17,8,0.75,17,simulated_annealing,2,1521173,4096,4096,90,1.0,1,fixed-objective-evaluation-budget classical heuristic; exact optimum used only for retrospective scoring,1,1,1,1,1,1
n8_d75_s17,8,0.75,17,simulated_annealing,3,1521174,4096,4096,90,1.0,1,fixed-objective-evaluation-budget classical heuristic; exact optimum used only for retrospective scoring,1,1,1,1,1,1
n8_d75_s17,8,0.75,17,simulated_annealing,4,1521175,4096,4096,90,1.0,1,fixed-objective-evaluation-budget classical heuristic; exact optimum used only for retrospective scoring,1,1,1,1,1,1
n8_d75_s17,8,0.75,17,simulated_annealing,5,1521176,4096,4096,90,1.0,1,fixed-objective-evaluation-budget classical heuristic; exact optimum used only for retrospective scoring,1,1,1,1,1,1
n8_d75_s17,8,0.75,17,simulated_annealing,6,1521177,4096,4096,90,1.0,1,fixed-objective-evaluation-budget classical heuristic; exact optimum used only for retrospective scoring,1,1,1,1,1,1
n8_d75_s17,8,0.75,17,simulated_annealing,7,1521178,4096,4096,90,1.0,1,fixed-objective-evaluation-budget classical heuristic; exact optimum used only for retrospective scoring,1,1,1,1,1,1
n8_d75_s17,8,0.75,17,simulated_annealing,8,1521179,4096,4096,90,1.0,1,fixed-objective-evaluation-budget classical heuristic; exact optimum used only for retrospective scoring,1,1,1,1,1,1
n8_d75_s17,8,0.75,17,simulated_annealing,9,1521180,4096,4096,90,1.0,1,fixed-objective-evaluation-budget classical heuristic; exact optimum used only for retrospective scoring,1,1,1,1,1,1
n8_d75_s17,8,0.75,17,simulated_annealing,10,1521181,4096,4096,90,1.0,1,fixed-objective-evaluation-budget classical heuristic; exact optimum used only for retrospective scoring,1,1,1,1,1,1
n8_d75_s17,8,0.75,17,simulated_annealing,11,1521182,4096,4096,90,1.0,1,fixed-objective-evaluation-budget classical heuristic; exact optimum used only for retrospective scoring,1,1,1,1,1,1
n8_d75_s17,8,0.75,17,simulated_annealing,12,1521183,4096,4096,90,1.0,1,fixed-objective-evaluation-budget classical heuristic; exact optimum used only for retrospective scoring,1,1,1,1,1,1
n8_d75_s17,8,0.75,17,simulated_annealing,13,1521184,4096,4096,90,1.0,1,fixed-objective-evaluation-budget classical heuristic; exact optimum used only for retrospective scoring,1,1,1,1,1,1
n8_d75_s17,8,0.75,17,simulated_annealing,14,1521185,4096,4096,90,1.0,1,fixed-objective-evaluation-budget classical heuristic; exact optimum used only for retrospective scoring,1,1,1,1,1,1
n8_d75_s17,8,0.75,17,simulated_annealing,15,1521186,4096,4096,90,1.0,1,fixed-objective-evaluation-budget classical heuristic; exact optimum used only for retrospective scoring,1,1,1,1,1,1
n8_d75_s17,8,0.75,17,simulated_annealing,16,1521187,4096,4096,90,1.0,1,fixed-objective-evaluation-budget classical heuristic; exact optimum used only for retrospective scoring,1,1,1,1,1,1
n8_d75_s17,8,0.75,17,simulated_annealing,17,1521188,4096,4096,90,1.0,1,fixed-objective-evaluation-budget classical heuristic; exact optimum used only for retrospective scoring,1,1,1,1,1,1
n8_d75_s17,8,0.75,17,simulated_annealing,18,1521189,4096,4096,90,1.0,1,fixed-objective-evaluation-budget classical heuristic; exact optimum used only for retrospective scoring,1,1,1,1,1,1
n8_d75_s17,8,0.75,17,simulated_annealing,19,1521190,4096,4096,90,1.0,1,fixed-objective-evaluation-budget classical heuristic; exact optimum used only for retrospective scoring,1,1,1,1,1,1
n8_d75_s17,8,0.75,17,simulated_annealing,20,1521191,4096,4096,90,1.0,1,fixed-objective-evaluation-budget classical heuristic; exact optimum used only for retrospective scoring,1,1,1,1,1,1
n8_d75_s17,8,0.75,17,simulated_annealing,21,1521192,4096,4096,90,1.0,1,fixed-objective-evaluation-budget classical heuristic; exact optimum used only for retrospective scoring,1,1,1,1,1,1
n8_d75_s17,8,0.75,17,simulated_annealing,22,1521193,4096,4096,90,1.0,1,fixed-objective-evaluation-budget classical heuristic; exact optimum used only for retrospective scoring,1,1,1,1,1,1
n8_d75_s17,8,0.75,17,simulated_annealing,23,1521194,4096,4096,90,1.0,1,fixed-objective-evaluation-budget classical heuristic; exact optimum used only for retrospective scoring,1,1,1,1,1,1
n8_d75_s17,8,0.75,17,simulated_annealing,24,1521195,4096,4096,90,1.0,1,fixed-objective-evaluation-budget classical heuristic; exact optimum used only for retrospective scoring,1,1,1,1,1,1
n8_d75_s17,8,0.75,17,simulated_annealing,25,1521196,4096,4096,90,1.0,1,fixed-objective-evaluation-budget classical heuristic; exact optimum used only for retrospective scoring,1,1,1,1,1,1
n8_d75_s17,8,0.75,17,simulated_annealing,26,1521197,4096,4096,90,1.0,1,fixed-objective-evaluation-budget classical heuristic; exact optimum used only for retrospective scoring,1,1,1,1,1,1
n8_d75_s17,8,0.75,17,simulated_annealing,27,1521198,4096,4096,90,1.0,1,fixed-objective-evaluation-budget classical heuristic; exact optimum used only for retrospective scoring,1,1,1,1,1,1
n8_d75_s17,8,0.75,17,simulated_annealing,28,1521199,4096,4096,90,1.0,1,fixed-objective-evaluation-budget classical heuristic; exact optimum used only for retrospective scoring,1,1,1,1,1,1
n8_d75_s17,8,0.75,17,simulated_annealing,29,1521200,4096,4096,90,1.0,1,fixed-objective-evaluation-budget classical heuristic; exact optimum used only for retrospective scoring,1,1,1,1,1,1
n8_d75_s17,8,0.75,17,simulated_annealing,30,1521201,4096,4096,90,1.0,1,fixed-objective-evaluation-budget classical heuristic; exact optimum used only for retrospective scoring,1,1,1,1,1,1
n8_d75_s17,8,0.75,17,simulated_annealing,31,1521202,4096,4096,90,1.0,1,fixed-objective-evaluation-budget classical heuristic; exact optimum used only for retrospective scoring,1,1,1,1,1,1
n8_d75_s17,8,0.75,17,simulated_annealing,32,1521203,4096,4096,90,1.0,1,fixed-objective-evaluation-budget classical heuristic; exact optimum used only for retrospective scoring,1,1,1,1,1,1
n8_d75_s17,8,0.75,17,simulated_annealing,33,1521204,4096,4096,90,1.0,1,fixed-objective-evaluation-budget classical heuristic; exact optimum used only for retrospective scoring,1,1,1,1,1,1
n8_d75_s17,8,0.75,17,simulated_annealing,34,1521205,4096,4096,90,1.0,1,fixed-objective-evaluation-budget classical heuristic; exact optimum used only for retrospective scoring,1,1,1,1,1,1
n8_d75_s17,8,0.75,17,simulated_annealing,35,1521206,4096,4096,90,1.0,1,fixed-objective-evaluation-budget classical heuristic; exact optimum used only for retrospective scoring,1,1,1,1,1,1
n8_d75_s17,8,0.75,17,simulated_annealing,36,1521207,4096,4096,90,1.0,1,fixed-objective-evaluation-budget classical heuristic; exact optimum used only for retrospective scoring,1,1,1,1,1,1
n8_d75_s17,8,0.75,17,simulated_annealing,37,1521208,4096,4096,90,1.0,1,fixed-objective-evaluation-budget classical heuristic; exact optimum used only for retrospective scoring,1,1,1,1,1,1
n8_d75_s17,8,0.75,17,simulated_annealing,38,1521209,4096,4096,90,1.0,1,fixed-objective-evaluation-budget classical heuristic; exact optimum used only for retrospective scoring,1,1,1,1,1,1
n8_d75_s17,8,0.75,17,simulated_annealing,39,1521210,4096,4096,90,1.0,1,fixed-objective-evaluation-budget classical heuristic; exact optimum used only for retrospective scoring,1,1,1,1,1,1
n8_d75_s17,8,0.75,17,simulated_annealing,40,1521211,4096,4096,90,1.0,1,fixed-objective-evaluation-budget classical heuristic; exact optimum used only for retrospective scoring,1,1,1,1,1,1
n8_d75_s17,8,0.75,17,simulated_annealing,41,1521212,4096,4096,90,1.0,1,fixed-objective-evaluation-budget classical heuristic; exact optimum used only for retrospective scoring,1,1,1,1,1,1
n8_d75_s17,8,0.75,17,simulated_annealing,42,1521213,4096,4096,90,1.0,1,fixed-objective-evaluation-budget classical heuristic; exact optimum used only for retrospective scoring,1,1,1,1,1,1
n8_d75_s17,8,0.75,17,simulated_annealing,43,1521214,4096,4096,90,1.0,1,fixed-objective-evaluation-budget classical heuristic; exact optimum used only for retrospective scoring,1,1,1,1,1,1
n8_d75_s17,8,0.75,17,simulated_annealing,44,1521215,4096,4096,90,1.0,1,fixed-objective-evaluation-budget classical heuristic; exact optimum used only for retrospective scoring,1,1,1,1,1,1
n8_d75_s17,8,0.75,17,simulated_annealing,45,1521216,4096,4096,90,1.0,1,fixed-objective-evaluation-budget classical heuristic; exact optimum used only for retrospective scoring,1,1,1,1,1,1
n8_d75_s17,8,0.75,17,simulated_annealing,46,1521217,4096,4096,90,1.0,1,fixed-objective-evaluation-budget classical heuristic; exact optimum used only for retrospective scoring,1,1,1,1,1,1
n8_d75_s17,8,0.75,17,simulated_annealing,47,1521218,4096,4096,90,1.0,1,fixed-objective-evaluation-budget classical heuristic; exact optimum used only for retrospective scoring,1,1,1,1,1,1
n8_d75_s17,8,0.75,17,simulated_annealing,48,1521219,4096,4096,90,1.0,1,fixed-objective-evaluation-budget classical heuristic; exact optimum used only for retrospective scoring,1,1,1,1,1,1
n8_d75_s17,8,0.75,17,simulated_annealing,49,1521220,4096,4096,90,1.0,1,fixed-objective-evaluation-budget classical heuristic; exact optimum used only for retrospective scoring,1,1,1,1,1,1
n8_d75_s17,8,0.75,17,simulated_annealing,50,1521221,4096,4096,90,1.0,1,fixed-objective-evaluation-budget classical heuristic; exact optimum used only for retrospective scoring,1,1,1,1,1,1
n8_d75_s17,8,0.75,17,simulated_annealing,51,1521222,4096,4096,90,1.0,1,fixed-objective-evaluation-budget classical heuristic; exact optimum used only for retrospective scoring,1,1,1,1,1,1
n8_d75_s17,8,0.75,17,simulated_annealing,52,1521223,4096,4096,90,1.0,1,fixed-objective-evaluation-budget classical heuristic; exact optimum used only for retrospective scoring,1,1,1,1,1,1
n8_d75_s17,8,0.75,17,simulated_annealing,53,1521224,4096,4096,90,1.0,1,fixed-objective-evaluation-budget classical heuristic; exact optimum used only for retrospective scoring,1,1,1,1,1,1
n8_d75_s17,8,0.75,17,simulated_annealing,54,1521225,4096,4096,90,1.0,1,fixed-objective-evaluation-budget classical heuristic; exact optimum used only for retrospective scoring,1,1,1,1,1,1
n8_d75_s17,8,0.75,17,simulated_annealing,55,1521226,4096,4096,90,1.0,1,fixed-objective-evaluation-budget classical heuristic; exact optimum used only for retrospective scoring,1,1,1,1,1,1
n8_d75_s17,8,0.75,17,simulated_annealing,56,1521227,4096,4096,90,1.0,1,fixed-objective-evaluation-budget classical heuristic; exact optimum used only for retrospective scoring,1,1,1,1,1,1
n8_d75_s17,8,0.75,17,simulated_annealing,57,1521228,4096,4096,90,1.0,1,fixed-objective-evaluation-budget classical heuristic; exact optimum used only for retrospective scoring,1,1,1,1,1,1
n8_d75_s17,8,0.75,17,simulated_annealing,58,1521229,4096,4096,90,1.0,1,fixed-objective-evaluation-budget classical heuristic; exact optimum used only for retrospective scoring,1,1,1,1,1,1
n8_d75_s17,8,0.75,17,simulated_annealing,59,1521230,4096,4096,90,1.0,1,fixed-objective-evaluation-budget classical heuristic; exact optimum used only for retrospective scoring,1,1,1,1,1,1
n8_d75_s17,8,0.75,17,simulated_annealing,60,1521231,4096,4096,90,1.0,1,fixed-objective-evaluation-budget classical heuristic; exact optimum used only for retrospective scoring,1,1,1,1,1,1
n8_d75_s17,8,0.75,17,simulated_annealing,61,1521232,4096,4096,90,1.0,1,fixed-objective-evaluation-budget classical heuristic; exact optimum used only for retrospective scoring,1,1,1,1,1,1
n8_d75_s17,8,0.75,17,simulated_annealing,62,1521233,4096,4096,90,1.0,1,fixed-objective-evaluation-budget classical heuristic; exact optimum used only for retrospective scoring,1,1,1,1,1,1
n8_d75_s17,8,0.75,17,simulated_annealing,63,1521234,4096,4096,90,1.0,1,fixed-objective-evaluation-budget classical heuristic; exact optimum used only for retrospective scoring,1,1,1,1,1,1
n8_d75_s17,8,0.75,17,tabu_search,0,11521171,4096,4089,90,1.0,1,fixed-objective-evaluation-budget classical heuristic; exact optimum used only for retrospective scoring,1,1,1,1,1,1
n8_d75_s17,8,0.75,17,tabu_search,1,11521172,4096,4089,90,1.0,1,fixed-objective-evaluation-budget classical heuristic; exact optimum used only for retrospective scoring,1,1,1,1,1,1
n8_d75_s17,8,0.75,17,tabu_search,2,11521173,4096,4089,90,1.0,1,fixed-objective-evaluation-budget classical heuristic; exact optimum used only for retrospective scoring,1,1,1,1,1,1
n8_d75_s17,8,0.75,17,tabu_search,3,11521174,4096,4089,90,1.0,1,fixed-objective-evaluation-budget classical heuristic; exact optimum used only for retrospective scoring,1,1,1,1,1,1
n8_d75_s17,8,0.75,17,tabu_search,4,11521175,4096,4089,90,1.0,1,fixed-objective-evaluation-budget classical heuristic; exact optimum used only for retrospective scoring,1,1,1,1,1,1
n8_d75_s17,8,0.75,17,tabu_search,5,11521176,4096,4089,90,1.0,1,fixed-objective-evaluation-budget classical heuristic; exact optimum used only for retrospective scoring,1,1,1,1,1,1
n8_d75_s17,8,0.75,17,tabu_search,6,11521177,4096,4089,90,1.0,1,fixed-objective-evaluation-budget classical heuristic; exact optimum used only for retrospective scoring,1,1,1,1,1,1
n8_d75_s17,8,0.75,17,tabu_search,7,11521178,4096,4089,90,1.0,1,fixed-objective-evaluation-budget classical heuristic; exact optimum used only for retrospective scoring,1,1,1,1,1,1
n8_d75_s17,8,0.75,17,tabu_search,8,11521179,4096,4089,90,1.0,1,fixed-objective-evaluation-budget classical heuristic; exact optimum used only for retrospective scoring,1,1,1,1,1,1
n8_d75_s17,8,0.75,17,tabu_search,9,11521180,4096,4089,90,1.0,1,fixed-objective-evaluation-budget classical heuristic; exact optimum used only for retrospective scoring,1,1,1,1,1,1
n8_d75_s17,8,0.75,17,tabu_search,10,11521181,4096,4089,90,1.0,1,fixed-objective-evaluation-budget classical heuristic; exact optimum used only for retrospective scoring,1,1,1,1,1,1
n8_d75_s17,8,0.75,17,tabu_search,11,11521182,4096,4089,90,1.0,1,fixed-objective-evaluation-budget classical heuristic; exact optimum used only for retrospective scoring,1,1,1,1,1,1
n8_d75_s17,8,0.75,17,tabu_search,12,11521183,4096,4089,90,1.0,1,fixed-objective-evaluation-budget classical heuristic; exact optimum used only for retrospective scoring,1,1,1,1,1,1
n8_d75_s17,8,0.75,17,tabu_search,13,11521184,4096,4089,90,1.0,1,fixed-objective-evaluation-budget classical heuristic; exact optimum used only for retrospective scoring,1,1,1,1,1,1
n8_d75_s17,8,0.75,17,tabu_search,14,11521185,4096,4089,90,1.0,1,fixed-objective-evaluation-budget classical heuristic; exact optimum used only for retrospective scoring,1,1,1,1,1,1
n8_d75_s17,8,0.75,17,tabu_search,15,11521186,4096,4089,90,1.0,1,fixed-objective-evaluation-budget classical heuristic; exact optimum used only for retrospective scoring,1,1,1,1,1,1
n8_d75_s17,8,0.75,17,tabu_search,16,11521187,4096,4089,90,1.0,1,fixed-objective-evaluation-budget classical heuristic; exact optimum used only for retrospective scoring,1,1,1,1,1,1
n8_d75_s17,8,0.75,17,tabu_search,17,11521188,4096,4089,90,1.0,1,fixed-objective-evaluation-budget classical heuristic; exact optimum used only for retrospective scoring,1,1,1,1,1,1
n8_d75_s17,8,0.75,17,tabu_search,18,11521189,4096,4089,90,1.0,1,fixed-objective-evaluation-budget classical heuristic; exact optimum used only for retrospective scoring,1,1,1,1,1,1
n8_d75_s17,8,0.75,17,tabu_search,19,11521190,4096,4089,90,1.0,1,fixed-objective-evaluation-budget classical heuristic; exact optimum used only for retrospective scoring,1,1,1,1,1,1
n8_d75_s17,8,0.75,17,tabu_search,20,11521191,4096,4089,90,1.0,1,fixed-objective-evaluation-budget classical heuristic; exact optimum used only for retrospective scoring,1,1,1,1,1,1
n8_d75_s17,8,0.75,17,tabu_search,21,11521192,4096,4089,90,1.0,1,fixed-objective-evaluation-budget classical heuristic; exact optimum used only for retrospective scoring,1,1,1,1,1,1
n8_d75_s17,8,0.75,17,tabu_search,22,11521193,4096,4089,90,1.0,1,fixed-objective-evaluation-budget classical heuristic; exact optimum used only for retrospective scoring,1,1,1,1,1,1
n8_d75_s17,8,0.75,17,tabu_search,23,11521194,4096,4089,90,1.0,1,fixed-objective-evaluation-budget classical heuristic; exact optimum used only for retrospective scoring,1,1,1,1,1,1
n8_d75_s17,8,0.75,17,tabu_search,24,11521195,4096,4089,90,1.0,1,fixed-objective-evaluation-budget classical heuristic; exact optimum used only for retrospective scoring,1,1,1,1,1,1
n8_d75_s17,8,0.75,17,tabu_search,25,11521196,4096,4089,90,1.0,1,fixed-objective-evaluation-budget classical heuristic; exact optimum used only for retrospective scoring,1,1,1,1,1,1
n8_d75_s17,8,0.75,17,tabu_search,26,11521197,4096,4089,90,1.0,1,fixed-objective-evaluation-budget classical heuristic; exact optimum used only for retrospective scoring,1,1,1,1,1,1
n8_d75_s17,8,0.75,17,tabu_search,27,11521198,4096,4089,90,1.0,1,fixed-objective-evaluation-budget classical heuristic; exact optimum used only for retrospective scoring,1,1,1,1,1,1
n8_d75_s17,8,0.75,17,tabu_search,28,11521199,4096,4089,90,1.0,1,fixed-objective-evaluation-budget classical heuristic; exact optimum used only for retrospective scoring,1,1,1,1,1,1
n8_d75_s17,8,0.75,17,tabu_search,29,11521200,4096,4089,90,1.0,1,fixed-objective-evaluation-budget classical heuristic; exact optimum used only for retrospective scoring,1,1,1,1,1,1
n8_d75_s17,8,0.75,17,tabu_search,30,11521201,4096,4089,90,1.0,1,fixed-objective-evaluation-budget classical heuristic; exact optimum used only for retrospective scoring,1,1,1,1,1,1
n8_d75_s17,8,0.75,17,tabu_search,31,11521202,4096,4089,90,1.0,1,fixed-objective-evaluation-budget classical heuristic; exact optimum used only for retrospective scoring,1,1,1,1,1,1
n8_d75_s17,8,0.75,17,tabu_search,32,11521203,4096,4089,90,1.0,1,fixed-objective-evaluation-budget classical heuristic; exact optimum used only for retrospective scoring,1,1,1,1,1,1
n8_d75_s17,8,0.75,17,tabu_search,33,11521204,4096,4089,90,1.0,1,fixed-objective-evaluation-budget classical heuristic; exact optimum used only for retrospective scoring,1,1,1,1,1,1
n8_d75_s17,8,0.75,17,tabu_search,34,11521205,4096,4089,90,1.0,1,fixed-objective-evaluation-budget classical heuristic; exact optimum used only for retrospective scoring,1,1,1,1,1,1
n8_d75_s17,8,0.75,17,tabu_search,35,11521206,4096,4089,90,1.0,1,fixed-objective-evaluation-budget classical heuristic; exact optimum used only for retrospective scoring,1,1,1,1,1,1
n8_d75_s17,8,0.75,17,tabu_search,36,11521207,4096,4089,90,1.0,1,fixed-objective-evaluation-budget classical heuristic; exact optimum used only for retrospective scoring,1,1,1,1,1,1
n8_d75_s17,8,0.75,17,tabu_search,37,11521208,4096,4089,90,1.0,1,fixed-objective-evaluation-budget classical heuristic; exact optimum used only for retrospective scoring,1,1,1,1,1,1
n8_d75_s17,8,0.75,17,tabu_search,38,11521209,4096,4089,90,1.0,1,fixed-objective-evaluation-budget classical heuristic; exact optimum used only for retrospective scoring,1,1,1,1,1,1
n8_d75_s17,8,0.75,17,tabu_search,39,11521210,4096,4089,90,1.0,1,fixed-objective-evaluation-budget classical heuristic; exact optimum used only for retrospective scoring,1,1,1,1,1,1
n8_d75_s17,8,0.75,17,tabu_search,40,11521211,4096,4089,90,1.0,1,fixed-objective-evaluation-budget classical heuristic; exact optimum used only for retrospective scoring,1,1,1,1,1,1
n8_d75_s17,8,0.75,17,tabu_search,41,11521212,4096,4089,90,1.0,1,fixed-objective-evaluation-budget classical heuristic; exact optimum used only for retrospective scoring,1,1,1,1,1,1
n8_d75_s17,8,0.75,17,tabu_search,42,11521213,4096,4089,90,1.0,1,fixed-objective-evaluation-budget classical heuristic; exact optimum used only for retrospective scoring,1,1,1,1,1,1
n8_d75_s17,8,0.75,17,tabu_search,43,11521214,4096,4089,90,1.0,1,fixed-objective-evaluation-budget classical heuristic; exact optimum used only for retrospective scoring,1,1,1,1,1,1
n8_d75_s17,8,0.75,17,tabu_search,44,11521215,4096,4089,90,1.0,1,fixed-objective-evaluation-budget classical heuristic; exact optimum used only for retrospective scoring,1,1,1,1,1,1
n8_d75_s17,8,0.75,17,tabu_search,45,11521216,4096,4089,90,1.0,1,fixed-objective-evaluation-budget classical heuristic; exact optimum used only for retrospective scoring,1,1,1,1,1,1
n8_d75_s17,8,0.75,17,tabu_search,46,11521217,4096,4089,90,1.0,1,fixed-objective-evaluation-budget classical heuristic; exact optimum used only for retrospective scoring,1,1,1,1,1,1
n8_d75_s17,8,0.75,17,tabu_search,47,11521218,4096,4089,90,1.0,1,fixed-objective-evaluation-budget classical heuristic; exact optimum used only for retrospective scoring,1,1,1,1,1,1
n8_d75_s17,8,0.75,17,tabu_search,48,11521219,4096,4089,90,1.0,1,fixed-objective-evaluation-budget classical heuristic; exact optimum used only for retrospective scoring,1,1,1,1,1,1
n8_d75_s17,8,0.75,17,tabu_search,49,11521220,4096,4089,90,1.0,1,fixed-objective-evaluation-budget classical heuristic; exact optimum used only for retrospective scoring,1,1,1,1,1,1
n8_d75_s17,8,0.75,17,tabu_search,50,11521221,4096,4089,90,1.0,1,fixed-objective-evaluation-budget classical heuristic; exact optimum used only for retrospective scoring,1,1,1,1,1,1
n8_d75_s17,8,0.75,17,tabu_search,51,11521222,4096,4089,90,1.0,1,fixed-objective-evaluation-budget classical heuristic; exact optimum used only for retrospective scoring,1,1,1,1,1,1
n8_d75_s17,8,0.75,17,tabu_search,52,11521223,4096,4089,90,1.0,1,fixed-objective-evaluation-budget classical heuristic; exact optimum used only for retrospective scoring,1,1,1,1,1,1
n8_d75_s17,8,0.75,17,tabu_search,53,11521224,4096,4089,90,1.0,1,fixed-objective-evaluation-budget classical heuristic; exact optimum used only for retrospective scoring,1,1,1,1,1,1
n8_d75_s17,8,0.75,17,tabu_search,54,11521225,4096,4089,90,1.0,1,fixed-objective-evaluation-budget classical heuristic; exact optimum used only for retrospective scoring,1,1,1,1,1,1
n8_d75_s17,8,0.75,17,tabu_search,55,11521226,4096,4089,90,1.0,1,fixed-objective-evaluation-budget classical heuristic; exact optimum used only for retrospective scoring,1,1,1,1,1,1
n8_d75_s17,8,0.75,17,tabu_search,56,11521227,4096,4089,90,1.0,1,fixed-objective-evaluation-budget classical heuristic; exact optimum used only for retrospective scoring,1,1,1,1,1,1
n8_d75_s17,8,0.75,17,tabu_search,57,11521228,4096,4089,90,1.0,1,fixed-objective-evaluation-budget classical heuristic; exact optimum used only for retrospective scoring,1,1,1,1,1,1
n8_d75_s17,8,0.75,17,tabu_search,58,11521229,4096,4089,90,1.0,1,fixed-objective-evaluation-budget classical heuristic; exact optimum used only for retrospective scoring,1,1,1,1,1,1
n8_d75_s17,8,0.75,17,tabu_search,59,11521230,4096,4089,90,1.0,1,fixed-objective-evaluation-budget classical heuristic; exact optimum used only for retrospective scoring,1,1,1,1,1,1
n8_d75_s17,8,0.75,17,tabu_search,60,11521231,4096,4089,90,1.0,1,fixed-objective-evaluation-budget classical heuristic; exact optimum used only for retrospective scoring,1,1,1,1,1,1
n8_d75_s17,8,0.75,17,tabu_search,61,11521232,4096,4089,90,1.0,1,fixed-objective-evaluation-budget classical heuristic; exact optimum used only for retrospective scoring,1,1,1,1,1,1
n8_d75_s17,8,0.75,17,tabu_search,62,11521233,4096,4089,90,1.0,1,fixed-objective-evaluation-budget classical heuristic; exact optimum used only for retrospective scoring,1,1,1,1,1,1
n8_d75_s17,8,0.75,17,tabu_search,63,11521234,4096,4089,90,1.0,1,fixed-objective-evaluation-budget classical heuristic; exact optimum used only for retrospective scoring,1,1,1,1,1,1
n8_d75_s42,8,0.75,42,simulated_annealing,0,1521421,4096,4096,92,1.0,1,fixed-objective-evaluation-budget classical heuristic; exact optimum used only for retrospective scoring,1,1,1,1,1,1
n8_d75_s42,8,0.75,42,simulated_annealing,1,1521422,4096,4096,92,1.0,1,fixed-objective-evaluation-budget classical heuristic; exact optimum used only for retrospective scoring,1,1,1,1,1,1
n8_d75_s42,8,0.75,42,simulated_annealing,2,1521423,4096,4096,92,1.0,1,fixed-objective-evaluation-budget classical heuristic; exact optimum used only for retrospective scoring,1,1,1,1,1,1
n8_d75_s42,8,0.75,42,simulated_annealing,3,1521424,4096,4096,92,1.0,1,fixed-objective-evaluation-budget classical heuristic; exact optimum used only for retrospective scoring,1,1,1,1,1,1
n8_d75_s42,8,0.75,42,simulated_annealing,4,1521425,4096,4096,92,1.0,1,fixed-objective-evaluation-budget classical heuristic; exact optimum used only for retrospective scoring,1,1,1,1,1,1
n8_d75_s42,8,0.75,42,simulated_annealing,5,1521426,4096,4096,92,1.0,1,fixed-objective-evaluation-budget classical heuristic; exact optimum used only for retrospective scoring,1,1,1,1,1,1
n8_d75_s42,8,0.75,42,simulated_annealing,6,1521427,4096,4096,92,1.0,1,fixed-objective-evaluation-budget classical heuristic; exact optimum used only for retrospective scoring,1,1,1,1,1,1
n8_d75_s42,8,0.75,42,simulated_annealing,7,1521428,4096,4096,92,1.0,1,fixed-objective-evaluation-budget classical heuristic; exact optimum used only for retrospective scoring,1,1,1,1,1,1
n8_d75_s42,8,0.75,42,simulated_annealing,8,1521429,4096,4096,92,1.0,1,fixed-objective-evaluation-budget classical heuristic; exact optimum used only for retrospective scoring,1,1,1,1,1,1
n8_d75_s42,8,0.75,42,simulated_annealing,9,1521430,4096,4096,92,1.0,1,fixed-objective-evaluation-budget classical heuristic; exact optimum used only for retrospective scoring,1,1,1,1,1,1
n8_d75_s42,8,0.75,42,simulated_annealing,10,1521431,4096,4096,92,1.0,1,fixed-objective-evaluation-budget classical heuristic; exact optimum used only for retrospective scoring,1,1,1,1,1,1
n8_d75_s42,8,0.75,42,simulated_annealing,11,1521432,4096,4096,92,1.0,1,fixed-objective-evaluation-budget classical heuristic; exact optimum used only for retrospective scoring,1,1,1,1,1,1
n8_d75_s42,8,0.75,42,simulated_annealing,12,1521433,4096,4096,92,1.0,1,fixed-objective-evaluation-budget classical heuristic; exact optimum used only for retrospective scoring,1,1,1,1,1,1
n8_d75_s42,8,0.75,42,simulated_annealing,13,1521434,4096,4096,92,1.0,1,fixed-objective-evaluation-budget classical heuristic; exact optimum used only for retrospective scoring,1,1,1,1,1,1
n8_d75_s42,8,0.75,42,simulated_annealing,14,1521435,4096,4096,92,1.0,1,fixed-objective-evaluation-budget classical heuristic; exact optimum used only for retrospective scoring,1,1,1,1,1,1
n8_d75_s42,8,0.75,42,simulated_annealing,15,1521436,4096,4096,92,1.0,1,fixed-objective-evaluation-budget classical heuristic; exact optimum used only for retrospective scoring,1,1,1,1,1,1
n8_d75_s42,8,0.75,42,simulated_annealing,16,1521437,4096,4096,92,1.0,1,fixed-objective-evaluation-budget classical heuristic; exact optimum used only for retrospective scoring,1,1,1,1,1,1
n8_d75_s42,8,0.75,42,simulated_annealing,17,1521438,4096,4096,92,1.0,1,fixed-objective-evaluation-budget classical heuristic; exact optimum used only for retrospective scoring,1,1,1,1,1,1
n8_d75_s42,8,0.75,42,simulated_annealing,18,1521439,4096,4096,92,1.0,1,fixed-objective-evaluation-budget classical heuristic; exact optimum used only for retrospective scoring,1,1,1,1,1,1
n8_d75_s42,8,0.75,42,simulated_annealing,19,1521440,4096,4096,92,1.0,1,fixed-objective-evaluation-budget classical heuristic; exact optimum used only for retrospective scoring,1,1,1,1,1,1
n8_d75_s42,8,0.75,42,simulated_annealing,20,1521441,4096,4096,92,1.0,1,fixed-objective-evaluation-budget classical heuristic; exact optimum used only for retrospective scoring,1,1,1,1,1,1
n8_d75_s42,8,0.75,42,simulated_annealing,21,1521442,4096,4096,92,1.0,1,fixed-objective-evaluation-budget classical heuristic; exact optimum used only for retrospective scoring,1,1,1,1,1,1
n8_d75_s42,8,0.75,42,simulated_annealing,22,1521443,4096,4096,92,1.0,1,fixed-objective-evaluation-budget classical heuristic; exact optimum used only for retrospective scoring,1,1,1,1,1,1
n8_d75_s42,8,0.75,42,simulated_annealing,23,1521444,4096,4096,92,1.0,1,fixed-objective-evaluation-budget classical heuristic; exact optimum used only for retrospective scoring,1,1,1,1,1,1
n8_d75_s42,8,0.75,42,simulated_annealing,24,1521445,4096,4096,92,1.0,1,fixed-objective-evaluation-budget classical heuristic; exact optimum used only for retrospective scoring,1,1,1,1,1,1
n8_d75_s42,8,0.75,42,simulated_annealing,25,1521446,4096,4096,92,1.0,1,fixed-objective-evaluation-budget classical heuristic; exact optimum used only for retrospective scoring,1,1,1,1,1,1
n8_d75_s42,8,0.75,42,simulated_annealing,26,1521447,4096,4096,92,1.0,1,fixed-objective-evaluation-budget classical heuristic; exact optimum used only for retrospective scoring,1,1,1,1,1,1
n8_d75_s42,8,0.75,42,simulated_annealing,27,1521448,4096,4096,92,1.0,1,fixed-objective-evaluation-budget classical heuristic; exact optimum used only for retrospective scoring,1,1,1,1,1,1
n8_d75_s42,8,0.75,42,simulated_annealing,28,1521449,4096,4096,92,1.0,1,fixed-objective-evaluation-budget classical heuristic; exact optimum used only for retrospective scoring,1,1,1,1,1,1
n8_d75_s42,8,0.75,42,simulated_annealing,29,1521450,4096,4096,92,1.0,1,fixed-objective-evaluation-budget classical heuristic; exact optimum used only for retrospective scoring,1,1,1,1,1,1
n8_d75_s42,8,0.75,42,simulated_annealing,30,1521451,4096,4096,92,1.0,1,fixed-objective-evaluation-budget classical heuristic; exact optimum used only for retrospective scoring,1,1,1,1,1,1
n8_d75_s42,8,0.75,42,simulated_annealing,31,1521452,4096,4096,92,1.0,1,fixed-objective-evaluation-budget classical heuristic; exact optimum used only for retrospective scoring,1,1,1,1,1,1
n8_d75_s42,8,0.75,42,simulated_annealing,32,1521453,4096,4096,92,1.0,1,fixed-objective-evaluation-budget classical heuristic; exact optimum used only for retrospective scoring,1,1,1,1,1,1
n8_d75_s42,8,0.75,42,simulated_annealing,33,1521454,4096,4096,92,1.0,1,fixed-objective-evaluation-budget classical heuristic; exact optimum used only for retrospective scoring,1,1,1,1,1,1
n8_d75_s42,8,0.75,42,simulated_annealing,34,1521455,4096,4096,92,1.0,1,fixed-objective-evaluation-budget classical heuristic; exact optimum used only for retrospective scoring,1,1,1,1,1,1
n8_d75_s42,8,0.75,42,simulated_annealing,35,1521456,4096,4096,92,1.0,1,fixed-objective-evaluation-budget classical heuristic; exact optimum used only for retrospective scoring,1,1,1,1,1,1
n8_d75_s42,8,0.75,42,simulated_annealing,36,1521457,4096,4096,92,1.0,1,fixed-objective-evaluation-budget classical heuristic; exact optimum used only for retrospective scoring,1,1,1,1,1,1
n8_d75_s42,8,0.75,42,simulated_annealing,37,1521458,4096,4096,92,1.0,1,fixed-objective-evaluation-budget classical heuristic; exact optimum used only for retrospective scoring,1,1,1,1,1,1
n8_d75_s42,8,0.75,42,simulated_annealing,38,1521459,4096,4096,92,1.0,1,fixed-objective-evaluation-budget classical heuristic; exact optimum used only for retrospective scoring,1,1,1,1,1,1
n8_d75_s42,8,0.75,42,simulated_annealing,39,1521460,4096,4096,92,1.0,1,fixed-objective-evaluation-budget classical heuristic; exact optimum used only for retrospective scoring,1,1,1,1,1,1
n8_d75_s42,8,0.75,42,simulated_annealing,40,1521461,4096,4096,92,1.0,1,fixed-objective-evaluation-budget classical heuristic; exact optimum used only for retrospective scoring,1,1,1,1,1,1
n8_d75_s42,8,0.75,42,simulated_annealing,41,1521462,4096,4096,92,1.0,1,fixed-objective-evaluation-budget classical heuristic; exact optimum used only for retrospective scoring,1,1,1,1,1,1
n8_d75_s42,8,0.75,42,simulated_annealing,42,1521463,4096,4096,92,1.0,1,fixed-objective-evaluation-budget classical heuristic; exact optimum used only for retrospective scoring,1,1,1,1,1,1
n8_d75_s42,8,0.75,42,simulated_annealing,43,1521464,4096,4096,92,1.0,1,fixed-objective-evaluation-budget classical heuristic; exact optimum used only for retrospective scoring,1,1,1,1,1,1
n8_d75_s42,8,0.75,42,simulated_annealing,44,1521465,4096,4096,92,1.0,1,fixed-objective-evaluation-budget classical heuristic; exact optimum used only for retrospective scoring,1,1,1,1,1,1
n8_d75_s42,8,0.75,42,simulated_annealing,45,1521466,4096,4096,92,1.0,1,fixed-objective-evaluation-budget classical heuristic; exact optimum used only for retrospective scoring,1,1,1,1,1,1
n8_d75_s42,8,0.75,42,simulated_annealing,46,1521467,4096,4096,92,1.0,1,fixed-objective-evaluation-budget classical heuristic; exact optimum used only for retrospective scoring,1,1,1,1,1,1
n8_d75_s42,8,0.75,42,simulated_annealing,47,1521468,4096,4096,92,1.0,1,fixed-objective-evaluation-budget classical heuristic; exact optimum used only for retrospective scoring,1,1,1,1,1,1
n8_d75_s42,8,0.75,42,simulated_annealing,48,1521469,4096,4096,92,1.0,1,fixed-objective-evaluation-budget classical heuristic; exact optimum used only for retrospective scoring,1,1,1,1,1,1
n8_d75_s42,8,0.75,42,simulated_annealing,49,1521470,4096,4096,92,1.0,1,fixed-objective-evaluation-budget classical heuristic; exact optimum used only for retrospective scoring,1,1,1,1,1,1
n8_d75_s42,8,0.75,42,simulated_annealing,50,1521471,4096,4096,92,1.0,1,fixed-objective-evaluation-budget classical heuristic; exact optimum used only for retrospective scoring,1,1,1,1,1,1
n8_d75_s42,8,0.75,42,simulated_annealing,51,1521472,4096,4096,92,1.0,1,fixed-objective-evaluation-budget classical heuristic; exact optimum used only for retrospective scoring,1,1,1,1,1,1
n8_d75_s42,8,0.75,42,simulated_annealing,52,1521473,4096,4096,92,1.0,1,fixed-objective-evaluation-budget classical heuristic; exact optimum used only for retrospective scoring,1,1,1,1,1,1
n8_d75_s42,8,0.75,42,simulated_annealing,53,1521474,4096,4096,92,1.0,1,fixed-objective-evaluation-budget classical heuristic; exact optimum used only for retrospective scoring,1,1,1,1,1,1
n8_d75_s42,8,0.75,42,simulated_annealing,54,1521475,4096,4096,92,1.0,1,fixed-objective-evaluation-budget classical heuristic; exact optimum used only for retrospective scoring,1,1,1,1,1,1
n8_d75_s42,8,0.75,42,simulated_annealing,55,1521476,4096,4096,92,1.0,1,fixed-objective-evaluation-budget classical heuristic; exact optimum used only for retrospective scoring,1,1,1,1,1,1
n8_d75_s42,8,0.75,42,simulated_annealing,56,1521477,4096,4096,92,1.0,1,fixed-objective-evaluation-budget classical heuristic; exact optimum used only for retrospective scoring,1,1,1,1,1,1
n8_d75_s42,8,0.75,42,simulated_annealing,57,1521478,4096,4096,92,1.0,1,fixed-objective-evaluation-budget classical heuristic; exact optimum used only for retrospective scoring,1,1,1,1,1,1
n8_d75_s42,8,0.75,42,simulated_annealing,58,1521479,4096,4096,92,1.0,1,fixed-objective-evaluation-budget classical heuristic; exact optimum used only for retrospective scoring,1,1,1,1,1,1
n8_d75_s42,8,0.75,42,simulated_annealing,59,1521480,4096,4096,92,1.0,1,fixed-objective-evaluation-budget classical heuristic; exact optimum used only for retrospective scoring,1,1,1,1,1,1
n8_d75_s42,8,0.75,42,simulated_annealing,60,1521481,4096,4096,92,1.0,1,fixed-objective-evaluation-budget classical heuristic; exact optimum used only for retrospective scoring,1,1,1,1,1,1
n8_d75_s42,8,0.75,42,simulated_annealing,61,1521482,4096,4096,92,1.0,1,fixed-objective-evaluation-budget classical heuristic; exact optimum used only for retrospective scoring,1,1,1,1,1,1
n8_d75_s42,8,0.75,42,simulated_annealing,62,1521483,4096,4096,92,1.0,1,fixed-objective-evaluation-budget classical heuristic; exact optimum used only for retrospective scoring,1,1,1,1,1,1
n8_d75_s42,8,0.75,42,simulated_annealing,63,1521484,4096,4096,92,1.0,1,fixed-objective-evaluation-budget classical heuristic; exact optimum used only for retrospective scoring,1,1,1,1,1,1
n8_d75_s42,8,0.75,42,tabu_search,0,11521421,4096,4089,92,1.0,1,fixed-objective-evaluation-budget classical heuristic; exact optimum used only for retrospective scoring,1,1,1,1,1,1
n8_d75_s42,8,0.75,42,tabu_search,1,11521422,4096,4089,92,1.0,1,fixed-objective-evaluation-budget classical heuristic; exact optimum used only for retrospective scoring,1,1,1,1,1,1
n8_d75_s42,8,0.75,42,tabu_search,2,11521423,4096,4089,92,1.0,1,fixed-objective-evaluation-budget classical heuristic; exact optimum used only for retrospective scoring,1,1,1,1,1,1
n8_d75_s42,8,0.75,42,tabu_search,3,11521424,4096,4089,92,1.0,1,fixed-objective-evaluation-budget classical heuristic; exact optimum used only for retrospective scoring,1,1,1,1,1,1
n8_d75_s42,8,0.75,42,tabu_search,4,11521425,4096,4089,92,1.0,1,fixed-objective-evaluation-budget classical heuristic; exact optimum used only for retrospective scoring,1,1,1,1,1,1
n8_d75_s42,8,0.75,42,tabu_search,5,11521426,4096,4089,92,1.0,1,fixed-objective-evaluation-budget classical heuristic; exact optimum used only for retrospective scoring,1,1,1,1,1,1
n8_d75_s42,8,0.75,42,tabu_search,6,11521427,4096,4089,92,1.0,1,fixed-objective-evaluation-budget classical heuristic; exact optimum used only for retrospective scoring,1,1,1,1,1,1
n8_d75_s42,8,0.75,42,tabu_search,7,11521428,4096,4089,92,1.0,1,fixed-objective-evaluation-budget classical heuristic; exact optimum used only for retrospective scoring,1,1,1,1,1,1
n8_d75_s42,8,0.75,42,tabu_search,8,11521429,4096,4089,92,1.0,1,fixed-objective-evaluation-budget classical heuristic; exact optimum used only for retrospective scoring,1,1,1,1,1,1
n8_d75_s42,8,0.75,42,tabu_search,9,11521430,4096,4089,92,1.0,1,fixed-objective-evaluation-budget classical heuristic; exact optimum used only for retrospective scoring,1,1,1,1,1,1
n8_d75_s42,8,0.75,42,tabu_search,10,11521431,4096,4089,92,1.0,1,fixed-objective-evaluation-budget classical heuristic; exact optimum used only for retrospective scoring,1,1,1,1,1,1
n8_d75_s42,8,0.75,42,tabu_search,11,11521432,4096,4089,92,1.0,1,fixed-objective-evaluation-budget classical heuristic; exact optimum used only for retrospective scoring,1,1,1,1,1,1
n8_d75_s42,8,0.75,42,tabu_search,12,11521433,4096,4089,92,1.0,1,fixed-objective-evaluation-budget classical heuristic; exact optimum used only for retrospective scoring,1,1,1,1,1,1
n8_d75_s42,8,0.75,42,tabu_search,13,11521434,4096,4089,92,1.0,1,fixed-objective-evaluation-budget classical heuristic; exact optimum used only for retrospective scoring,1,1,1,1,1,1
n8_d75_s42,8,0.75,42,tabu_search,14,11521435,4096,4089,92,1.0,1,fixed-objective-evaluation-budget classical heuristic; exact optimum used only for retrospective scoring,1,1,1,1,1,1
n8_d75_s42,8,0.75,42,tabu_search,15,11521436,4096,4089,92,1.0,1,fixed-objective-evaluation-budget classical heuristic; exact optimum used only for retrospective scoring,1,1,1,1,1,1
n8_d75_s42,8,0.75,42,tabu_search,16,11521437,4096,4089,92,1.0,1,fixed-objective-evaluation-budget classical heuristic; exact optimum used only for retrospective scoring,1,1,1,1,1,1
n8_d75_s42,8,0.75,42,tabu_search,17,11521438,4096,4089,92,1.0,1,fixed-objective-evaluation-budget classical heuristic; exact optimum used only for retrospective scoring,1,1,1,1,1,1
n8_d75_s42,8,0.75,42,tabu_search,18,11521439,4096,4089,92,1.0,1,fixed-objective-evaluation-budget classical heuristic; exact optimum used only for retrospective scoring,1,1,1,1,1,1
n8_d75_s42,8,0.75,42,tabu_search,19,11521440,4096,4089,92,1.0,1,fixed-objective-evaluation-budget classical heuristic; exact optimum used only for retrospective scoring,1,1,1,1,1,1
n8_d75_s42,8,0.75,42,tabu_search,20,11521441,4096,4089,92,1.0,1,fixed-objective-evaluation-budget classical heuristic; exact optimum used only for retrospective scoring,1,1,1,1,1,1
n8_d75_s42,8,0.75,42,tabu_search,21,11521442,4096,4089,92,1.0,1,fixed-objective-evaluation-budget classical heuristic; exact optimum used only for retrospective scoring,1,1,1,1,1,1
n8_d75_s42,8,0.75,42,tabu_search,22,11521443,4096,4089,92,1.0,1,fixed-objective-evaluation-budget classical heuristic; exact optimum used only for retrospective scoring,1,1,1,1,1,1
n8_d75_s42,8,0.75,42,tabu_search,23,11521444,4096,4089,92,1.0,1,fixed-objective-evaluation-budget classical heuristic; exact optimum used only for retrospective scoring,1,1,1,1,1,1
n8_d75_s42,8,0.75,42,tabu_search,24,11521445,4096,4089,92,1.0,1,fixed-objective-evaluation-budget classical heuristic; exact optimum used only for retrospective scoring,1,1,1,1,1,1
n8_d75_s42,8,0.75,42,tabu_search,25,11521446,4096,4089,92,1.0,1,fixed-objective-evaluation-budget classical heuristic; exact optimum used only for retrospective scoring,1,1,1,1,1,1
n8_d75_s42,8,0.75,42,tabu_search,26,11521447,4096,4089,92,1.0,1,fixed-objective-evaluation-budget classical heuristic; exact optimum used only for retrospective scoring,1,1,1,1,1,1
n8_d75_s42,8,0.75,42,tabu_search,27,11521448,4096,4089,92,1.0,1,fixed-objective-evaluation-budget classical heuristic; exact optimum used only for retrospective scoring,1,1,1,1,1,1
n8_d75_s42,8,0.75,42,tabu_search,28,11521449,4096,4089,92,1.0,1,fixed-objective-evaluation-budget classical heuristic; exact optimum used only for retrospective scoring,1,1,1,1,1,1
n8_d75_s42,8,0.75,42,tabu_search,29,11521450,4096,4089,92,1.0,1,fixed-objective-evaluation-budget classical heuristic; exact optimum used only for retrospective scoring,1,1,1,1,1,1
n8_d75_s42,8,0.75,42,tabu_search,30,11521451,4096,4089,92,1.0,1,fixed-objective-evaluation-budget classical heuristic; exact optimum used only for retrospective scoring,1,1,1,1,1,1
n8_d75_s42,8,0.75,42,tabu_search,31,11521452,4096,4089,92,1.0,1,fixed-objective-evaluation-budget classical heuristic; exact optimum used only for retrospective scoring,1,1,1,1,1,1
n8_d75_s42,8,0.75,42,tabu_search,32,11521453,4096,4089,92,1.0,1,fixed-objective-evaluation-budget classical heuristic; exact optimum used only for retrospective scoring,1,1,1,1,1,1
n8_d75_s42,8,0.75,42,tabu_search,33,11521454,4096,4089,92,1.0,1,fixed-objective-evaluation-budget classical heuristic; exact optimum used only for retrospective scoring,1,1,1,1,1,1
n8_d75_s42,8,0.75,42,tabu_search,34,11521455,4096,4089,92,1.0,1,fixed-objective-evaluation-budget classical heuristic; exact optimum used only for retrospective scoring,1,1,1,1,1,1
n8_d75_s42,8,0.75,42,tabu_search,35,11521456,4096,4089,92,1.0,1,fixed-objective-evaluation-budget classical heuristic; exact optimum used only for retrospective scoring,1,1,1,1,1,1
n8_d75_s42,8,0.75,42,tabu_search,36,11521457,4096,4089,92,1.0,1,fixed-objective-evaluation-budget classical heuristic; exact optimum used only for retrospective scoring,1,1,1,1,1,1
n8_d75_s42,8,0.75,42,tabu_search,37,11521458,4096,4089,92,1.0,1,fixed-objective-evaluation-budget classical heuristic; exact optimum used only for retrospective scoring,1,1,1,1,1,1
n8_d75_s42,8,0.75,42,tabu_search,38,11521459,4096,4089,92,1.0,1,fixed-objective-evaluation-budget classical heuristic; exact optimum used only for retrospective scoring,1,1,1,1,1,1
n8_d75_s42,8,0.75,42,tabu_search,39,11521460,4096,4089,92,1.0,1,fixed-objective-evaluation-budget classical heuristic; exact optimum used only for retrospective scoring,1,1,1,1,1,1
n8_d75_s42,8,0.75,42,tabu_search,40,11521461,4096,4089,92,1.0,1,fixed-objective-evaluation-budget classical heuristic; exact optimum used only for retrospective scoring,1,1,1,1,1,1
n8_d75_s42,8,0.75,42,tabu_search,41,11521462,4096,4089,92,1.0,1,fixed-objective-evaluation-budget classical heuristic; exact optimum used only for retrospective scoring,1,1,1,1,1,1
n8_d75_s42,8,0.75,42,tabu_search,42,11521463,4096,4089,92,1.0,1,fixed-objective-evaluation-budget classical heuristic; exact optimum used only for retrospective scoring,1,1,1,1,1,1
n8_d75_s42,8,0.75,42,tabu_search,43,11521464,4096,4089,92,1.0,1,fixed-objective-evaluation-budget classical heuristic; exact optimum used only for retrospective scoring,1,1,1,1,1,1
n8_d75_s42,8,0.75,42,tabu_search,44,11521465,4096,4089,92,1.0,1,fixed-objective-evaluation-budget classical heuristic; exact optimum used only for retrospective scoring,1,1,1,1,1,1
n8_d75_s42,8,0.75,42,tabu_search,45,11521466,4096,4089,92,1.0,1,fixed-objective-evaluation-budget classical heuristic; exact optimum used only for retrospective scoring,1,1,1,1,1,1
n8_d75_s42,8,0.75,42,tabu_search,46,11521467,4096,4089,92,1.0,1,fixed-objective-evaluation-budget classical heuristic; exact optimum used only for retrospective scoring,1,1,1,1,1,1
n8_d75_s42,8,0.75,42,tabu_search,47,11521468,4096,4089,92,1.0,1,fixed-objective-evaluation-budget classical heuristic; exact optimum used only for retrospective scoring,1,1,1,1,1,1
n8_d75_s42,8,0.75,42,tabu_search,48,11521469,4096,4089,92,1.0,1,fixed-objective-evaluation-budget classical heuristic; exact optimum used only for retrospective scoring,1,1,1,1,1,1
n8_d75_s42,8,0.75,42,tabu_search,49,11521470,4096,4089,92,1.0,1,fixed-objective-evaluation-budget classical heuristic; exact optimum used only for retrospective scoring,1,1,1,1,1,1
n8_d75_s42,8,0.75,42,tabu_search,50,11521471,4096,4089,92,1.0,1,fixed-objective-evaluation-budget classical heuristic; exact optimum used only for retrospective scoring,1,1,1,1,1,1
n8_d75_s42,8,0.75,42,tabu_search,51,11521472,4096,4089,92,1.0,1,fixed-objective-evaluation-budget classical heuristic; exact optimum used only for retrospective scoring,1,1,1,1,1,1
n8_d75_s42,8,0.75,42,tabu_search,52,11521473,4096,4089,92,1.0,1,fixed-objective-evaluation-budget classical heuristic; exact optimum used only for retrospective scoring,1,1,1,1,1,1
n8_d75_s42,8,0.75,42,tabu_search,53,11521474,4096,4089,92,1.0,1,fixed-objective-evaluation-budget classical heuristic; exact optimum used only for retrospective scoring,1,1,1,1,1,1
n8_d75_s42,8,0.75,42,tabu_search,54,11521475,4096,4089,92,1.0,1,fixed-objective-evaluation-budget classical heuristic; exact optimum used only for retrospective scoring,1,1,1,1,1,1
n8_d75_s42,8,0.75,42,tabu_search,55,11521476,4096,4089,92,1.0,1,fixed-objective-evaluation-budget classical heuristic; exact optimum used only for retrospective scoring,1,1,1,1,1,1
n8_d75_s42,8,0.75,42,tabu_search,56,11521477,4096,4089,92,1.0,1,fixed-objective-evaluation-budget classical heuristic; exact optimum used only for retrospective scoring,1,1,1,1,1,1
n8_d75_s42,8,0.75,42,tabu_search,57,11521478,4096,4089,92,1.0,1,fixed-objective-evaluation-budget classical heuristic; exact optimum used only for retrospective scoring,1,1,1,1,1,1
n8_d75_s42,8,0.75,42,tabu_search,58,11521479,4096,4089,92,1.0,1,fixed-objective-evaluation-budget classical heuristic; exact optimum used only for retrospective scoring,1,1,1,1,1,1
n8_d75_s42,8,0.75,42,tabu_search,59,11521480,4096,4089,92,1.0,1,fixed-objective-evaluation-budget classical heuristic; exact optimum used only for retrospective scoring,1,1,1,1,1,1
n8_d75_s42,8,0.75,42,tabu_search,60,11521481,4096,4089,92,1.0,1,fixed-objective-evaluation-budget classical heuristic; exact optimum used only for retrospective scoring,1,1,1,1,1,1
n8_d75_s42,8,0.75,42,tabu_search,61,11521482,4096,4089,92,1.0,1,fixed-objective-evaluation-budget classical heuristic; exact optimum used only for retrospective scoring,1,1,1,1,1,1
n8_d75_s42,8,0.75,42,tabu_search,62,11521483,4096,4089,92,1.0,1,fixed-objective-evaluation-budget classical heuristic; exact optimum used only for retrospective scoring,1,1,1,1,1,1
n8_d75_s42,8,0.75,42,tabu_search,63,11521484,4096,4089,92,1.0,1,fixed-objective-evaluation-budget classical heuristic; exact optimum used only for retrospective scoring,1,1,1,1,1,1
n10_d25_s17,10,0.25,17,simulated_annealing,0,1711171,4096,4096,59,1.0,1,fixed-objective-evaluation-budget classical heuristic; exact optimum used only for retrospective scoring,1,1,1,1,1,1
n10_d25_s17,10,0.25,17,simulated_annealing,1,1711172,4096,4096,59,1.0,1,fixed-objective-evaluation-budget classical heuristic; exact optimum used only for retrospective scoring,1,1,1,1,1,1
n10_d25_s17,10,0.25,17,simulated_annealing,2,1711173,4096,4096,59,1.0,1,fixed-objective-evaluation-budget classical heuristic; exact optimum used only for retrospective scoring,1,1,1,1,1,1
n10_d25_s17,10,0.25,17,simulated_annealing,3,1711174,4096,4096,59,1.0,1,fixed-objective-evaluation-budget classical heuristic; exact optimum used only for retrospective scoring,1,1,1,1,1,1
n10_d25_s17,10,0.25,17,simulated_annealing,4,1711175,4096,4096,59,1.0,1,fixed-objective-evaluation-budget classical heuristic; exact optimum used only for retrospective scoring,1,1,1,1,1,1
n10_d25_s17,10,0.25,17,simulated_annealing,5,1711176,4096,4096,59,1.0,1,fixed-objective-evaluation-budget classical heuristic; exact optimum used only for retrospective scoring,1,1,1,1,1,1
n10_d25_s17,10,0.25,17,simulated_annealing,6,1711177,4096,4096,59,1.0,1,fixed-objective-evaluation-budget classical heuristic; exact optimum used only for retrospective scoring,1,1,1,1,1,1
n10_d25_s17,10,0.25,17,simulated_annealing,7,1711178,4096,4096,59,1.0,1,fixed-objective-evaluation-budget classical heuristic; exact optimum used only for retrospective scoring,1,1,1,1,1,1
n10_d25_s17,10,0.25,17,simulated_annealing,8,1711179,4096,4096,59,1.0,1,fixed-objective-evaluation-budget classical heuristic; exact optimum used only for retrospective scoring,1,1,1,1,1,1
n10_d25_s17,10,0.25,17,simulated_annealing,9,1711180,4096,4096,59,1.0,1,fixed-objective-evaluation-budget classical heuristic; exact optimum used only for retrospective scoring,1,1,1,1,1,1
n10_d25_s17,10,0.25,17,simulated_annealing,10,1711181,4096,4096,59,1.0,1,fixed-objective-evaluation-budget classical heuristic; exact optimum used only for retrospective scoring,1,1,1,1,1,1
n10_d25_s17,10,0.25,17,simulated_annealing,11,1711182,4096,4096,59,1.0,1,fixed-objective-evaluation-budget classical heuristic; exact optimum used only for retrospective scoring,1,1,1,1,1,1
n10_d25_s17,10,0.25,17,simulated_annealing,12,1711183,4096,4096,59,1.0,1,fixed-objective-evaluation-budget classical heuristic; exact optimum used only for retrospective scoring,1,1,1,1,1,1
n10_d25_s17,10,0.25,17,simulated_annealing,13,1711184,4096,4096,59,1.0,1,fixed-objective-evaluation-budget classical heuristic; exact optimum used only for retrospective scoring,1,1,1,1,1,1
n10_d25_s17,10,0.25,17,simulated_annealing,14,1711185,4096,4096,59,1.0,1,fixed-objective-evaluation-budget classical heuristic; exact optimum used only for retrospective scoring,1,1,1,1,1,1
n10_d25_s17,10,0.25,17,simulated_annealing,15,1711186,4096,4096,59,1.0,1,fixed-objective-evaluation-budget classical heuristic; exact optimum used only for retrospective scoring,1,1,1,1,1,1
n10_d25_s17,10,0.25,17,simulated_annealing,16,1711187,4096,4096,59,1.0,1,fixed-objective-evaluation-budget classical heuristic; exact optimum used only for retrospective scoring,1,1,1,1,1,1
n10_d25_s17,10,0.25,17,simulated_annealing,17,1711188,4096,4096,59,1.0,1,fixed-objective-evaluation-budget classical heuristic; exact optimum used only for retrospective scoring,1,1,1,1,1,1
n10_d25_s17,10,0.25,17,simulated_annealing,18,1711189,4096,4096,59,1.0,1,fixed-objective-evaluation-budget classical heuristic; exact optimum used only for retrospective scoring,1,1,1,1,1,1
n10_d25_s17,10,0.25,17,simulated_annealing,19,1711190,4096,4096,59,1.0,1,fixed-objective-evaluation-budget classical heuristic; exact optimum used only for retrospective scoring,1,1,1,1,1,1
n10_d25_s17,10,0.25,17,simulated_annealing,20,1711191,4096,4096,59,1.0,1,fixed-objective-evaluation-budget classical heuristic; exact optimum used only for retrospective scoring,1,1,1,1,1,1
n10_d25_s17,10,0.25,17,simulated_annealing,21,1711192,4096,4096,59,1.0,1,fixed-objective-evaluation-budget classical heuristic; exact optimum used only for retrospective scoring,1,1,1,1,1,1
n10_d25_s17,10,0.25,17,simulated_annealing,22,1711193,4096,4096,59,1.0,1,fixed-objective-evaluation-budget classical heuristic; exact optimum used only for retrospective scoring,1,1,1,1,1,1
n10_d25_s17,10,0.25,17,simulated_annealing,23,1711194,4096,4096,59,1.0,1,fixed-objective-evaluation-budget classical heuristic; exact optimum used only for retrospective scoring,1,1,1,1,1,1
n10_d25_s17,10,0.25,17,simulated_annealing,24,1711195,4096,4096,59,1.0,1,fixed-objective-evaluation-budget classical heuristic; exact optimum used only for retrospective scoring,1,1,1,1,1,1
n10_d25_s17,10,0.25,17,simulated_annealing,25,1711196,4096,4096,59,1.0,1,fixed-objective-evaluation-budget classical heuristic; exact optimum used only for retrospective scoring,1,1,1,1,1,1
n10_d25_s17,10,0.25,17,simulated_annealing,26,1711197,4096,4096,59,1.0,1,fixed-objective-evaluation-budget classical heuristic; exact optimum used only for retrospective scoring,1,1,1,1,1,1
n10_d25_s17,10,0.25,17,simulated_annealing,27,1711198,4096,4096,59,1.0,1,fixed-objective-evaluation-budget classical heuristic; exact optimum used only for retrospective scoring,1,1,1,1,1,1
n10_d25_s17,10,0.25,17,simulated_annealing,28,1711199,4096,4096,59,1.0,1,fixed-objective-evaluation-budget classical heuristic; exact optimum used only for retrospective scoring,1,1,1,1,1,1
n10_d25_s17,10,0.25,17,simulated_annealing,29,1711200,4096,4096,59,1.0,1,fixed-objective-evaluation-budget classical heuristic; exact optimum used only for retrospective scoring,1,1,1,1,1,1
n10_d25_s17,10,0.25,17,simulated_annealing,30,1711201,4096,4096,59,1.0,1,fixed-objective-evaluation-budget classical heuristic; exact optimum used only for retrospective scoring,1,1,1,1,1,1
n10_d25_s17,10,0.25,17,simulated_annealing,31,1711202,4096,4096,59,1.0,1,fixed-objective-evaluation-budget classical heuristic; exact optimum used only for retrospective scoring,1,1,1,1,1,1
n10_d25_s17,10,0.25,17,simulated_annealing,32,1711203,4096,4096,59,1.0,1,fixed-objective-evaluation-budget classical heuristic; exact optimum used only for retrospective scoring,1,1,1,1,1,1
n10_d25_s17,10,0.25,17,simulated_annealing,33,1711204,4096,4096,59,1.0,1,fixed-objective-evaluation-budget classical heuristic; exact optimum used only for retrospective scoring,1,1,1,1,1,1
n10_d25_s17,10,0.25,17,simulated_annealing,34,1711205,4096,4096,59,1.0,1,fixed-objective-evaluation-budget classical heuristic; exact optimum used only for retrospective scoring,1,1,1,1,1,1
n10_d25_s17,10,0.25,17,simulated_annealing,35,1711206,4096,4096,59,1.0,1,fixed-objective-evaluation-budget classical heuristic; exact optimum used only for retrospective scoring,1,1,1,1,1,1
n10_d25_s17,10,0.25,17,simulated_annealing,36,1711207,4096,4096,59,1.0,1,fixed-objective-evaluation-budget classical heuristic; exact optimum used only for retrospective scoring,1,1,1,1,1,1
n10_d25_s17,10,0.25,17,simulated_annealing,37,1711208,4096,4096,59,1.0,1,fixed-objective-evaluation-budget classical heuristic; exact optimum used only for retrospective scoring,1,1,1,1,1,1
n10_d25_s17,10,0.25,17,simulated_annealing,38,1711209,4096,4096,59,1.0,1,fixed-objective-evaluation-budget classical heuristic; exact optimum used only for retrospective scoring,1,1,1,1,1,1
n10_d25_s17,10,0.25,17,simulated_annealing,39,1711210,4096,4096,59,1.0,1,fixed-objective-evaluation-budget classical heuristic; exact optimum used only for retrospective scoring,1,1,1,1,1,1
n10_d25_s17,10,0.25,17,simulated_annealing,40,1711211,4096,4096,59,1.0,1,fixed-objective-evaluation-budget classical heuristic; exact optimum used only for retrospective scoring,1,1,1,1,1,1
n10_d25_s17,10,0.25,17,simulated_annealing,41,1711212,4096,4096,59,1.0,1,fixed-objective-evaluation-budget classical heuristic; exact optimum used only for retrospective scoring,1,1,1,1,1,1
n10_d25_s17,10,0.25,17,simulated_annealing,42,1711213,4096,4096,59,1.0,1,fixed-objective-evaluation-budget classical heuristic; exact optimum used only for retrospective scoring,1,1,1,1,1,1
n10_d25_s17,10,0.25,17,simulated_annealing,43,1711214,4096,4096,59,1.0,1,fixed-objective-evaluation-budget classical heuristic; exact optimum used only for retrospective scoring,1,1,1,1,1,1
n10_d25_s17,10,0.25,17,simulated_annealing,44,1711215,4096,4096,59,1.0,1,fixed-objective-evaluation-budget classical heuristic; exact optimum used only for retrospective scoring,1,1,1,1,1,1
n10_d25_s17,10,0.25,17,simulated_annealing,45,1711216,4096,4096,59,1.0,1,fixed-objective-evaluation-budget classical heuristic; exact optimum used only for retrospective scoring,1,1,1,1,1,1
n10_d25_s17,10,0.25,17,simulated_annealing,46,1711217,4096,4096,59,1.0,1,fixed-objective-evaluation-budget classical heuristic; exact optimum used only for retrospective scoring,1,1,1,1,1,1
n10_d25_s17,10,0.25,17,simulated_annealing,47,1711218,4096,4096,59,1.0,1,fixed-objective-evaluation-budget classical heuristic; exact optimum used only for retrospective scoring,1,1,1,1,1,1
n10_d25_s17,10,0.25,17,simulated_annealing,48,1711219,4096,4096,59,1.0,1,fixed-objective-evaluation-budget classical heuristic; exact optimum used only for retrospective scoring,1,1,1,1,1,1
n10_d25_s17,10,0.25,17,simulated_annealing,49,1711220,4096,4096,59,1.0,1,fixed-objective-evaluation-budget classical heuristic; exact optimum used only for retrospective scoring,1,1,1,1,1,1
n10_d25_s17,10,0.25,17,simulated_annealing,50,1711221,4096,4096,59,1.0,1,fixed-objective-evaluation-budget classical heuristic; exact optimum used only for retrospective scoring,1,1,1,1,1,1
n10_d25_s17,10,0.25,17,simulated_annealing,51,1711222,4096,4096,59,1.0,1,fixed-objective-evaluation-budget classical heuristic; exact optimum used only for retrospective scoring,1,1,1,1,1,1
n10_d25_s17,10,0.25,17,simulated_annealing,52,1711223,4096,4096,59,1.0,1,fixed-objective-evaluation-budget classical heuristic; exact optimum used only for retrospective scoring,1,1,1,1,1,1
n10_d25_s17,10,0.25,17,simulated_annealing,53,1711224,4096,4096,59,1.0,1,fixed-objective-evaluation-budget classical heuristic; exact optimum used only for retrospective scoring,1,1,1,1,1,1
n10_d25_s17,10,0.25,17,simulated_annealing,54,1711225,4096,4096,59,1.0,1,fixed-objective-evaluation-budget classical heuristic; exact optimum used only for retrospective scoring,1,1,1,1,1,1
n10_d25_s17,10,0.25,17,simulated_annealing,55,1711226,4096,4096,59,1.0,1,fixed-objective-evaluation-budget classical heuristic; exact optimum used only for retrospective scoring,1,1,1,1,1,1
n10_d25_s17,10,0.25,17,simulated_annealing,56,1711227,4096,4096,59,1.0,1,fixed-objective-evaluation-budget classical heuristic; exact optimum used only for retrospective scoring,1,1,1,1,1,1
n10_d25_s17,10,0.25,17,simulated_annealing,57,1711228,4096,4096,59,1.0,1,fixed-objective-evaluation-budget classical heuristic; exact optimum used only for retrospective scoring,1,1,1,1,1,1
n10_d25_s17,10,0.25,17,simulated_annealing,58,1711229,4096,4096,59,1.0,1,fixed-objective-evaluation-budget classical heuristic; exact optimum used only for retrospective scoring,1,1,1,1,1,1
n10_d25_s17,10,0.25,17,simulated_annealing,59,1711230,4096,4096,59,1.0,1,fixed-objective-evaluation-budget classical heuristic; exact optimum used only for retrospective scoring,1,1,1,1,1,1
n10_d25_s17,10,0.25,17,simulated_annealing,60,1711231,4096,4096,59,1.0,1,fixed-objective-evaluation-budget classical heuristic; exact optimum used only for retrospective scoring,1,1,1,1,1,1
n10_d25_s17,10,0.25,17,simulated_annealing,61,1711232,4096,4096,59,1.0,1,fixed-objective-evaluation-budget classical heuristic; exact optimum used only for retrospective scoring,1,1,1,1,1,1
n10_d25_s17,10,0.25,17,simulated_annealing,62,1711233,4096,4096,59,1.0,1,fixed-objective-evaluation-budget classical heuristic; exact optimum used only for retrospective scoring,1,1,1,1,1,1
n10_d25_s17,10,0.25,17,simulated_annealing,63,1711234,4096,4096,59,1.0,1,fixed-objective-evaluation-budget classical heuristic; exact optimum used only for retrospective scoring,1,1,1,1,1,1
n10_d25_s17,10,0.25,17,tabu_search,0,11711171,4096,4091,59,1.0,1,fixed-objective-evaluation-budget classical heuristic; exact optimum used only for retrospective scoring,1,1,1,1,1,1
n10_d25_s17,10,0.25,17,tabu_search,1,11711172,4096,4091,59,1.0,1,fixed-objective-evaluation-budget classical heuristic; exact optimum used only for retrospective scoring,1,1,1,1,1,1
n10_d25_s17,10,0.25,17,tabu_search,2,11711173,4096,4091,59,1.0,1,fixed-objective-evaluation-budget classical heuristic; exact optimum used only for retrospective scoring,1,1,1,1,1,1
n10_d25_s17,10,0.25,17,tabu_search,3,11711174,4096,4091,59,1.0,1,fixed-objective-evaluation-budget classical heuristic; exact optimum used only for retrospective scoring,1,1,1,1,1,1
n10_d25_s17,10,0.25,17,tabu_search,4,11711175,4096,4091,59,1.0,1,fixed-objective-evaluation-budget classical heuristic; exact optimum used only for retrospective scoring,1,1,1,1,1,1
n10_d25_s17,10,0.25,17,tabu_search,5,11711176,4096,4091,59,1.0,1,fixed-objective-evaluation-budget classical heuristic; exact optimum used only for retrospective scoring,1,1,1,1,1,1
n10_d25_s17,10,0.25,17,tabu_search,6,11711177,4096,4091,59,1.0,1,fixed-objective-evaluation-budget classical heuristic; exact optimum used only for retrospective scoring,1,1,1,1,1,1
n10_d25_s17,10,0.25,17,tabu_search,7,11711178,4096,4091,59,1.0,1,fixed-objective-evaluation-budget classical heuristic; exact optimum used only for retrospective scoring,1,1,1,1,1,1
n10_d25_s17,10,0.25,17,tabu_search,8,11711179,4096,4091,59,1.0,1,fixed-objective-evaluation-budget classical heuristic; exact optimum used only for retrospective scoring,1,1,1,1,1,1
n10_d25_s17,10,0.25,17,tabu_search,9,11711180,4096,4091,59,1.0,1,fixed-objective-evaluation-budget classical heuristic; exact optimum used only for retrospective scoring,1,1,1,1,1,1
n10_d25_s17,10,0.25,17,tabu_search,10,11711181,4096,4091,59,1.0,1,fixed-objective-evaluation-budget classical heuristic; exact optimum used only for retrospective scoring,1,1,1,1,1,1
n10_d25_s17,10,0.25,17,tabu_search,11,11711182,4096,4091,59,1.0,1,fixed-objective-evaluation-budget classical heuristic; exact optimum used only for retrospective scoring,1,1,1,1,1,1
n10_d25_s17,10,0.25,17,tabu_search,12,11711183,4096,4091,59,1.0,1,fixed-objective-evaluation-budget classical heuristic; exact optimum used only for retrospective scoring,1,1,1,1,1,1
n10_d25_s17,10,0.25,17,tabu_search,13,11711184,4096,4091,59,1.0,1,fixed-objective-evaluation-budget classical heuristic; exact optimum used only for retrospective scoring,1,1,1,1,1,1
n10_d25_s17,10,0.25,17,tabu_search,14,11711185,4096,4091,59,1.0,1,fixed-objective-evaluation-budget classical heuristic; exact optimum used only for retrospective scoring,1,1,1,1,1,1
n10_d25_s17,10,0.25,17,tabu_search,15,11711186,4096,4091,59,1.0,1,fixed-objective-evaluation-budget classical heuristic; exact optimum used only for retrospective scoring,1,1,1,1,1,1
n10_d25_s17,10,0.25,17,tabu_search,16,11711187,4096,4091,59,1.0,1,fixed-objective-evaluation-budget classical heuristic; exact optimum used only for retrospective scoring,1,1,1,1,1,1
n10_d25_s17,10,0.25,17,tabu_search,17,11711188,4096,4091,59,1.0,1,fixed-objective-evaluation-budget classical heuristic; exact optimum used only for retrospective scoring,1,1,1,1,1,1
n10_d25_s17,10,0.25,17,tabu_search,18,11711189,4096,4091,59,1.0,1,fixed-objective-evaluation-budget classical heuristic; exact optimum used only for retrospective scoring,1,1,1,1,1,1
n10_d25_s17,10,0.25,17,tabu_search,19,11711190,4096,4091,59,1.0,1,fixed-objective-evaluation-budget classical heuristic; exact optimum used only for retrospective scoring,1,1,1,1,1,1
n10_d25_s17,10,0.25,17,tabu_search,20,11711191,4096,4091,59,1.0,1,fixed-objective-evaluation-budget classical heuristic; exact optimum used only for retrospective scoring,1,1,1,1,1,1
n10_d25_s17,10,0.25,17,tabu_search,21,11711192,4096,4091,59,1.0,1,fixed-objective-evaluation-budget classical heuristic; exact optimum used only for retrospective scoring,1,1,1,1,1,1
n10_d25_s17,10,0.25,17,tabu_search,22,11711193,4096,4091,59,1.0,1,fixed-objective-evaluation-budget classical heuristic; exact optimum used only for retrospective scoring,1,1,1,1,1,1
n10_d25_s17,10,0.25,17,tabu_search,23,11711194,4096,4091,59,1.0,1,fixed-objective-evaluation-budget classical heuristic; exact optimum used only for retrospective scoring,1,1,1,1,1,1
n10_d25_s17,10,0.25,17,tabu_search,24,11711195,4096,4091,59,1.0,1,fixed-objective-evaluation-budget classical heuristic; exact optimum used only for retrospective scoring,1,1,1,1,1,1
n10_d25_s17,10,0.25,17,tabu_search,25,11711196,4096,4091,59,1.0,1,fixed-objective-evaluation-budget classical heuristic; exact optimum used only for retrospective scoring,1,1,1,1,1,1
n10_d25_s17,10,0.25,17,tabu_search,26,11711197,4096,4091,59,1.0,1,fixed-objective-evaluation-budget classical heuristic; exact optimum used only for retrospective scoring,1,1,1,1,1,1
n10_d25_s17,10,0.25,17,tabu_search,27,11711198,4096,4091,59,1.0,1,fixed-objective-evaluation-budget classical heuristic; exact optimum used only for retrospective scoring,1,1,1,1,1,1
n10_d25_s17,10,0.25,17,tabu_search,28,11711199,4096,4091,59,1.0,1,fixed-objective-evaluation-budget classical heuristic; exact optimum used only for retrospective scoring,1,1,1,1,1,1
n10_d25_s17,10,0.25,17,tabu_search,29,11711200,4096,4091,59,1.0,1,fixed-objective-evaluation-budget classical heuristic; exact optimum used only for retrospective scoring,1,1,1,1,1,1
n10_d25_s17,10,0.25,17,tabu_search,30,11711201,4096,4091,59,1.0,1,fixed-objective-evaluation-budget classical heuristic; exact optimum used only for retrospective scoring,1,1,1,1,1,1
n10_d25_s17,10,0.25,17,tabu_search,31,11711202,4096,4091,59,1.0,1,fixed-objective-evaluation-budget classical heuristic; exact optimum used only for retrospective scoring,1,1,1,1,1,1
n10_d25_s17,10,0.25,17,tabu_search,32,11711203,4096,4091,59,1.0,1,fixed-objective-evaluation-budget classical heuristic; exact optimum used only for retrospective scoring,1,1,1,1,1,1
n10_d25_s17,10,0.25,17,tabu_search,33,11711204,4096,4091,59,1.0,1,fixed-objective-evaluation-budget classical heuristic; exact optimum used only for retrospective scoring,1,1,1,1,1,1
n10_d25_s17,10,0.25,17,tabu_search,34,11711205,4096,4091,59,1.0,1,fixed-objective-evaluation-budget classical heuristic; exact optimum used only for retrospective scoring,1,1,1,1,1,1
n10_d25_s17,10,0.25,17,tabu_search,35,11711206,4096,4091,59,1.0,1,fixed-objective-evaluation-budget classical heuristic; exact optimum used only for retrospective scoring,1,1,1,1,1,1
n10_d25_s17,10,0.25,17,tabu_search,36,11711207,4096,4091,59,1.0,1,fixed-objective-evaluation-budget classical heuristic; exact optimum used only for retrospective scoring,1,1,1,1,1,1
n10_d25_s17,10,0.25,17,tabu_search,37,11711208,4096,4091,59,1.0,1,fixed-objective-evaluation-budget classical heuristic; exact optimum used only for retrospective scoring,1,1,1,1,1,1
n10_d25_s17,10,0.25,17,tabu_search,38,11711209,4096,4091,59,1.0,1,fixed-objective-evaluation-budget classical heuristic; exact optimum used only for retrospective scoring,1,1,1,1,1,1
n10_d25_s17,10,0.25,17,tabu_search,39,11711210,4096,4091,59,1.0,1,fixed-objective-evaluation-budget classical heuristic; exact optimum used only for retrospective scoring,1,1,1,1,1,1
n10_d25_s17,10,0.25,17,tabu_search,40,11711211,4096,4091,59,1.0,1,fixed-objective-evaluation-budget classical heuristic; exact optimum used only for retrospective scoring,1,1,1,1,1,1
n10_d25_s17,10,0.25,17,tabu_search,41,11711212,4096,4091,59,1.0,1,fixed-objective-evaluation-budget classical heuristic; exact optimum used only for retrospective scoring,1,1,1,1,1,1
n10_d25_s17,10,0.25,17,tabu_search,42,11711213,4096,4091,59,1.0,1,fixed-objective-evaluation-budget classical heuristic; exact optimum used only for retrospective scoring,1,1,1,1,1,1
n10_d25_s17,10,0.25,17,tabu_search,43,11711214,4096,4091,59,1.0,1,fixed-objective-evaluation-budget classical heuristic; exact optimum used only for retrospective scoring,1,1,1,1,1,1
n10_d25_s17,10,0.25,17,tabu_search,44,11711215,4096,4091,59,1.0,1,fixed-objective-evaluation-budget classical heuristic; exact optimum used only for retrospective scoring,1,1,1,1,1,1
n10_d25_s17,10,0.25,17,tabu_search,45,11711216,4096,4091,59,1.0,1,fixed-objective-evaluation-budget classical heuristic; exact optimum used only for retrospective scoring,1,1,1,1,1,1
n10_d25_s17,10,0.25,17,tabu_search,46,11711217,4096,4091,59,1.0,1,fixed-objective-evaluation-budget classical heuristic; exact optimum used only for retrospective scoring,1,1,1,1,1,1
n10_d25_s17,10,0.25,17,tabu_search,47,11711218,4096,4091,59,1.0,1,fixed-objective-evaluation-budget classical heuristic; exact optimum used only for retrospective scoring,1,1,1,1,1,1
n10_d25_s17,10,0.25,17,tabu_search,48,11711219,4096,4091,59,1.0,1,fixed-objective-evaluation-budget classical heuristic; exact optimum used only for retrospective scoring,1,1,1,1,1,1
n10_d25_s17,10,0.25,17,tabu_search,49,11711220,4096,4091,59,1.0,1,fixed-objective-evaluation-budget classical heuristic; exact optimum used only for retrospective scoring,1,1,1,1,1,1
n10_d25_s17,10,0.25,17,tabu_search,50,11711221,4096,4091,59,1.0,1,fixed-objective-evaluation-budget classical heuristic; exact optimum used only for retrospective scoring,1,1,1,1,1,1
n10_d25_s17,10,0.25,17,tabu_search,51,11711222,4096,4091,59,1.0,1,fixed-objective-evaluation-budget classical heuristic; exact optimum used only for retrospective scoring,1,1,1,1,1,1
n10_d25_s17,10,0.25,17,tabu_search,52,11711223,4096,4091,59,1.0,1,fixed-objective-evaluation-budget classical heuristic; exact optimum used only for retrospective scoring,1,1,1,1,1,1
n10_d25_s17,10,0.25,17,tabu_search,53,11711224,4096,4091,59,1.0,1,fixed-objective-evaluation-budget classical heuristic; exact optimum used only for retrospective scoring,1,1,1,1,1,1
n10_d25_s17,10,0.25,17,tabu_search,54,11711225,4096,4091,59,1.0,1,fixed-objective-evaluation-budget classical heuristic; exact optimum used only for retrospective scoring,1,1,1,1,1,1
n10_d25_s17,10,0.25,17,tabu_search,55,11711226,4096,4091,59,1.0,1,fixed-objective-evaluation-budget classical heuristic; exact optimum used only for retrospective scoring,1,1,1,1,1,1
n10_d25_s17,10,0.25,17,tabu_search,56,11711227,4096,4091,59,1.0,1,fixed-objective-evaluation-budget classical heuristic; exact optimum used only for retrospective scoring,1,1,1,1,1,1
n10_d25_s17,10,0.25,17,tabu_search,57,11711228,4096,4091,59,1.0,1,fixed-objective-evaluation-budget classical heuristic; exact optimum used only for retrospective scoring,1,1,1,1,1,1
n10_d25_s17,10,0.25,17,tabu_search,58,11711229,4096,4091,59,1.0,1,fixed-objective-evaluation-budget classical heuristic; exact optimum used only for retrospective scoring,1,1,1,1,1,1
n10_d25_s17,10,0.25,17,tabu_search,59,11711230,4096,4091,59,1.0,1,fixed-objective-evaluation-budget classical heuristic; exact optimum used only for retrospective scoring,1,1,1,1,1,1
n10_d25_s17,10,0.25,17,tabu_search,60,11711231,4096,4091,59,1.0,1,fixed-objective-evaluation-budget classical heuristic; exact optimum used only for retrospective scoring,1,1,1,1,1,1
n10_d25_s17,10,0.25,17,tabu_search,61,11711232,4096,4091,59,1.0,1,fixed-objective-evaluation-budget classical heuristic; exact optimum used only for retrospective scoring,1,1,1,1,1,1
n10_d25_s17,10,0.25,17,tabu_search,62,11711233,4096,4091,59,1.0,1,fixed-objective-evaluation-budget classical heuristic; exact optimum used only for retrospective scoring,1,1,1,1,1,1
n10_d25_s17,10,0.25,17,tabu_search,63,11711234,4096,4091,59,1.0,1,fixed-objective-evaluation-budget classical heuristic; exact optimum used only for retrospective scoring,1,1,1,1,1,1
n10_d25_s42,10,0.25,42,simulated_annealing,0,1711421,4096,4096,50,1.0,1,fixed-objective-evaluation-budget classical heuristic; exact optimum used only for retrospective scoring,1,1,1,1,1,1
n10_d25_s42,10,0.25,42,simulated_annealing,1,1711422,4096,4096,50,1.0,1,fixed-objective-evaluation-budget classical heuristic; exact optimum used only for retrospective scoring,1,1,1,1,1,1
n10_d25_s42,10,0.25,42,simulated_annealing,2,1711423,4096,4096,50,1.0,1,fixed-objective-evaluation-budget classical heuristic; exact optimum used only for retrospective scoring,1,1,1,1,1,1
n10_d25_s42,10,0.25,42,simulated_annealing,3,1711424,4096,4096,50,1.0,1,fixed-objective-evaluation-budget classical heuristic; exact optimum used only for retrospective scoring,1,1,1,1,1,1
n10_d25_s42,10,0.25,42,simulated_annealing,4,1711425,4096,4096,50,1.0,1,fixed-objective-evaluation-budget classical heuristic; exact optimum used only for retrospective scoring,1,1,1,1,1,1
n10_d25_s42,10,0.25,42,simulated_annealing,5,1711426,4096,4096,50,1.0,1,fixed-objective-evaluation-budget classical heuristic; exact optimum used only for retrospective scoring,1,1,1,1,1,1
n10_d25_s42,10,0.25,42,simulated_annealing,6,1711427,4096,4096,50,1.0,1,fixed-objective-evaluation-budget classical heuristic; exact optimum used only for retrospective scoring,1,1,1,1,1,1
n10_d25_s42,10,0.25,42,simulated_annealing,7,1711428,4096,4096,50,1.0,1,fixed-objective-evaluation-budget classical heuristic; exact optimum used only for retrospective scoring,1,1,1,1,1,1
n10_d25_s42,10,0.25,42,simulated_annealing,8,1711429,4096,4096,50,1.0,1,fixed-objective-evaluation-budget classical heuristic; exact optimum used only for retrospective scoring,1,1,1,1,1,1
n10_d25_s42,10,0.25,42,simulated_annealing,9,1711430,4096,4096,50,1.0,1,fixed-objective-evaluation-budget classical heuristic; exact optimum used only for retrospective scoring,1,1,1,1,1,1
n10_d25_s42,10,0.25,42,simulated_annealing,10,1711431,4096,4096,50,1.0,1,fixed-objective-evaluation-budget classical heuristic; exact optimum used only for retrospective scoring,1,1,1,1,1,1
n10_d25_s42,10,0.25,42,simulated_annealing,11,1711432,4096,4096,50,1.0,1,fixed-objective-evaluation-budget classical heuristic; exact optimum used only for retrospective scoring,1,1,1,1,1,1
n10_d25_s42,10,0.25,42,simulated_annealing,12,1711433,4096,4096,50,1.0,1,fixed-objective-evaluation-budget classical heuristic; exact optimum used only for retrospective scoring,1,1,1,1,1,1
n10_d25_s42,10,0.25,42,simulated_annealing,13,1711434,4096,4096,50,1.0,1,fixed-objective-evaluation-budget classical heuristic; exact optimum used only for retrospective scoring,1,1,1,1,1,1
n10_d25_s42,10,0.25,42,simulated_annealing,14,1711435,4096,4096,50,1.0,1,fixed-objective-evaluation-budget classical heuristic; exact optimum used only for retrospective scoring,1,1,1,1,1,1
n10_d25_s42,10,0.25,42,simulated_annealing,15,1711436,4096,4096,50,1.0,1,fixed-objective-evaluation-budget classical heuristic; exact optimum used only for retrospective scoring,1,1,1,1,1,1
n10_d25_s42,10,0.25,42,simulated_annealing,16,1711437,4096,4096,50,1.0,1,fixed-objective-evaluation-budget classical heuristic; exact optimum used only for retrospective scoring,1,1,1,1,1,1
n10_d25_s42,10,0.25,42,simulated_annealing,17,1711438,4096,4096,50,1.0,1,fixed-objective-evaluation-budget classical heuristic; exact optimum used only for retrospective scoring,1,1,1,1,1,1
n10_d25_s42,10,0.25,42,simulated_annealing,18,1711439,4096,4096,50,1.0,1,fixed-objective-evaluation-budget classical heuristic; exact optimum used only for retrospective scoring,1,1,1,1,1,1
n10_d25_s42,10,0.25,42,simulated_annealing,19,1711440,4096,4096,50,1.0,1,fixed-objective-evaluation-budget classical heuristic; exact optimum used only for retrospective scoring,1,1,1,1,1,1
n10_d25_s42,10,0.25,42,simulated_annealing,20,1711441,4096,4096,50,1.0,1,fixed-objective-evaluation-budget classical heuristic; exact optimum used only for retrospective scoring,1,1,1,1,1,1
n10_d25_s42,10,0.25,42,simulated_annealing,21,1711442,4096,4096,50,1.0,1,fixed-objective-evaluation-budget classical heuristic; exact optimum used only for retrospective scoring,1,1,1,1,1,1
n10_d25_s42,10,0.25,42,simulated_annealing,22,1711443,4096,4096,50,1.0,1,fixed-objective-evaluation-budget classical heuristic; exact optimum used only for retrospective scoring,1,1,1,1,1,1
n10_d25_s42,10,0.25,42,simulated_annealing,23,1711444,4096,4096,50,1.0,1,fixed-objective-evaluation-budget classical heuristic; exact optimum used only for retrospective scoring,1,1,1,1,1,1
n10_d25_s42,10,0.25,42,simulated_annealing,24,1711445,4096,4096,50,1.0,1,fixed-objective-evaluation-budget classical heuristic; exact optimum used only for retrospective scoring,1,1,1,1,1,1
n10_d25_s42,10,0.25,42,simulated_annealing,25,1711446,4096,4096,50,1.0,1,fixed-objective-evaluation-budget classical heuristic; exact optimum used only for retrospective scoring,1,1,1,1,1,1
n10_d25_s42,10,0.25,42,simulated_annealing,26,1711447,4096,4096,50,1.0,1,fixed-objective-evaluation-budget classical heuristic; exact optimum used only for retrospective scoring,1,1,1,1,1,1
n10_d25_s42,10,0.25,42,simulated_annealing,27,1711448,4096,4096,50,1.0,1,fixed-objective-evaluation-budget classical heuristic; exact optimum used only for retrospective scoring,1,1,1,1,1,1
n10_d25_s42,10,0.25,42,simulated_annealing,28,1711449,4096,4096,50,1.0,1,fixed-objective-evaluation-budget classical heuristic; exact optimum used only for retrospective scoring,1,1,1,1,1,1
n10_d25_s42,10,0.25,42,simulated_annealing,29,1711450,4096,4096,50,1.0,1,fixed-objective-evaluation-budget classical heuristic; exact optimum used only for retrospective scoring,1,1,1,1,1,1
n10_d25_s42,10,0.25,42,simulated_annealing,30,1711451,4096,4096,50,1.0,1,fixed-objective-evaluation-budget classical heuristic; exact optimum used only for retrospective scoring,1,1,1,1,1,1
n10_d25_s42,10,0.25,42,simulated_annealing,31,1711452,4096,4096,50,1.0,1,fixed-objective-evaluation-budget classical heuristic; exact optimum used only for retrospective scoring,1,1,1,1,1,1
n10_d25_s42,10,0.25,42,simulated_annealing,32,1711453,4096,4096,50,1.0,1,fixed-objective-evaluation-budget classical heuristic; exact optimum used only for retrospective scoring,1,1,1,1,1,1
n10_d25_s42,10,0.25,42,simulated_annealing,33,1711454,4096,4096,50,1.0,1,fixed-objective-evaluation-budget classical heuristic; exact optimum used only for retrospective scoring,1,1,1,1,1,1
n10_d25_s42,10,0.25,42,simulated_annealing,34,1711455,4096,4096,50,1.0,1,fixed-objective-evaluation-budget classical heuristic; exact optimum used only for retrospective scoring,1,1,1,1,1,1
n10_d25_s42,10,0.25,42,simulated_annealing,35,1711456,4096,4096,50,1.0,1,fixed-objective-evaluation-budget classical heuristic; exact optimum used only for retrospective scoring,1,1,1,1,1,1
n10_d25_s42,10,0.25,42,simulated_annealing,36,1711457,4096,4096,50,1.0,1,fixed-objective-evaluation-budget classical heuristic; exact optimum used only for retrospective scoring,1,1,1,1,1,1
n10_d25_s42,10,0.25,42,simulated_annealing,37,1711458,4096,4096,50,1.0,1,fixed-objective-evaluation-budget classical heuristic; exact optimum used only for retrospective scoring,1,1,1,1,1,1
n10_d25_s42,10,0.25,42,simulated_annealing,38,1711459,4096,4096,50,1.0,1,fixed-objective-evaluation-budget classical heuristic; exact optimum used only for retrospective scoring,1,1,1,1,1,1
n10_d25_s42,10,0.25,42,simulated_annealing,39,1711460,4096,4096,50,1.0,1,fixed-objective-evaluation-budget classical heuristic; exact optimum used only for retrospective scoring,1,1,1,1,1,1
n10_d25_s42,10,0.25,42,simulated_annealing,40,1711461,4096,4096,50,1.0,1,fixed-objective-evaluation-budget classical heuristic; exact optimum used only for retrospective scoring,1,1,1,1,1,1
n10_d25_s42,10,0.25,42,simulated_annealing,41,1711462,4096,4096,50,1.0,1,fixed-objective-evaluation-budget classical heuristic; exact optimum used only for retrospective scoring,1,1,1,1,1,1
n10_d25_s42,10,0.25,42,simulated_annealing,42,1711463,4096,4096,50,1.0,1,fixed-objective-evaluation-budget classical heuristic; exact optimum used only for retrospective scoring,1,1,1,1,1,1
n10_d25_s42,10,0.25,42,simulated_annealing,43,1711464,4096,4096,50,1.0,1,fixed-objective-evaluation-budget classical heuristic; exact optimum used only for retrospective scoring,1,1,1,1,1,1
n10_d25_s42,10,0.25,42,simulated_annealing,44,1711465,4096,4096,50,1.0,1,fixed-objective-evaluation-budget classical heuristic; exact optimum used only for retrospective scoring,1,1,1,1,1,1
n10_d25_s42,10,0.25,42,simulated_annealing,45,1711466,4096,4096,50,1.0,1,fixed-objective-evaluation-budget classical heuristic; exact optimum used only for retrospective scoring,1,1,1,1,1,1
n10_d25_s42,10,0.25,42,simulated_annealing,46,1711467,4096,4096,50,1.0,1,fixed-objective-evaluation-budget classical heuristic; exact optimum used only for retrospective scoring,1,1,1,1,1,1
n10_d25_s42,10,0.25,42,simulated_annealing,47,1711468,4096,4096,50,1.0,1,fixed-objective-evaluation-budget classical heuristic; exact optimum used only for retrospective scoring,1,1,1,1,1,1
n10_d25_s42,10,0.25,42,simulated_annealing,48,1711469,4096,4096,50,1.0,1,fixed-objective-evaluation-budget classical heuristic; exact optimum used only for retrospective scoring,1,1,1,1,1,1
n10_d25_s42,10,0.25,42,simulated_annealing,49,1711470,4096,4096,50,1.0,1,fixed-objective-evaluation-budget classical heuristic; exact optimum used only for retrospective scoring,1,1,1,1,1,1
n10_d25_s42,10,0.25,42,simulated_annealing,50,1711471,4096,4096,50,1.0,1,fixed-objective-evaluation-budget classical heuristic; exact optimum used only for retrospective scoring,1,1,1,1,1,1
n10_d25_s42,10,0.25,42,simulated_annealing,51,1711472,4096,4096,50,1.0,1,fixed-objective-evaluation-budget classical heuristic; exact optimum used only for retrospective scoring,1,1,1,1,1,1
n10_d25_s42,10,0.25,42,simulated_annealing,52,1711473,4096,4096,50,1.0,1,fixed-objective-evaluation-budget classical heuristic; exact optimum used only for retrospective scoring,1,1,1,1,1,1
n10_d25_s42,10,0.25,42,simulated_annealing,53,1711474,4096,4096,50,1.0,1,fixed-objective-evaluation-budget classical heuristic; exact optimum used only for retrospective scoring,1,1,1,1,1,1
n10_d25_s42,10,0.25,42,simulated_annealing,54,1711475,4096,4096,50,1.0,1,fixed-objective-evaluation-budget classical heuristic; exact optimum used only for retrospective scoring,1,1,1,1,1,1
n10_d25_s42,10,0.25,42,simulated_annealing,55,1711476,4096,4096,50,1.0,1,fixed-objective-evaluation-budget classical heuristic; exact optimum used only for retrospective scoring,1,1,1,1,1,1
n10_d25_s42,10,0.25,42,simulated_annealing,56,1711477,4096,4096,50,1.0,1,fixed-objective-evaluation-budget classical heuristic; exact optimum used only for retrospective scoring,1,1,1,1,1,1
n10_d25_s42,10,0.25,42,simulated_annealing,57,1711478,4096,4096,50,1.0,1,fixed-objective-evaluation-budget classical heuristic; exact optimum used only for retrospective scoring,1,1,1,1,1,1
n10_d25_s42,10,0.25,42,simulated_annealing,58,1711479,4096,4096,50,1.0,1,fixed-objective-evaluation-budget classical heuristic; exact optimum used only for retrospective scoring,1,1,1,1,1,1
n10_d25_s42,10,0.25,42,simulated_annealing,59,1711480,4096,4096,50,1.0,1,fixed-objective-evaluation-budget classical heuristic; exact optimum used only for retrospective scoring,1,1,1,1,1,1
n10_d25_s42,10,0.25,42,simulated_annealing,60,1711481,4096,4096,50,1.0,1,fixed-objective-evaluation-budget classical heuristic; exact optimum used only for retrospective scoring,1,1,1,1,1,1
n10_d25_s42,10,0.25,42,simulated_annealing,61,1711482,4096,4096,50,1.0,1,fixed-objective-evaluation-budget classical heuristic; exact optimum used only for retrospective scoring,1,1,1,1,1,1
n10_d25_s42,10,0.25,42,simulated_annealing,62,1711483,4096,4096,50,1.0,1,fixed-objective-evaluation-budget classical heuristic; exact optimum used only for retrospective scoring,1,1,1,1,1,1
n10_d25_s42,10,0.25,42,simulated_annealing,63,1711484,4096,4096,50,1.0,1,fixed-objective-evaluation-budget classical heuristic; exact optimum used only for retrospective scoring,1,1,1,1,1,1
n10_d25_s42,10,0.25,42,tabu_search,0,11711421,4096,4091,50,1.0,1,fixed-objective-evaluation-budget classical heuristic; exact optimum used only for retrospective scoring,1,1,1,1,1,1
n10_d25_s42,10,0.25,42,tabu_search,1,11711422,4096,4091,50,1.0,1,fixed-objective-evaluation-budget classical heuristic; exact optimum used only for retrospective scoring,1,1,1,1,1,1
n10_d25_s42,10,0.25,42,tabu_search,2,11711423,4096,4091,50,1.0,1,fixed-objective-evaluation-budget classical heuristic; exact optimum used only for retrospective scoring,1,1,1,1,1,1
n10_d25_s42,10,0.25,42,tabu_search,3,11711424,4096,4091,50,1.0,1,fixed-objective-evaluation-budget classical heuristic; exact optimum used only for retrospective scoring,1,1,1,1,1,1
n10_d25_s42,10,0.25,42,tabu_search,4,11711425,4096,4091,50,1.0,1,fixed-objective-evaluation-budget classical heuristic; exact optimum used only for retrospective scoring,1,1,1,1,1,1
n10_d25_s42,10,0.25,42,tabu_search,5,11711426,4096,4091,50,1.0,1,fixed-objective-evaluation-budget classical heuristic; exact optimum used only for retrospective scoring,1,1,1,1,1,1
n10_d25_s42,10,0.25,42,tabu_search,6,11711427,4096,4091,50,1.0,1,fixed-objective-evaluation-budget classical heuristic; exact optimum used only for retrospective scoring,1,1,1,1,1,1
n10_d25_s42,10,0.25,42,tabu_search,7,11711428,4096,4091,50,1.0,1,fixed-objective-evaluation-budget classical heuristic; exact optimum used only for retrospective scoring,1,1,1,1,1,1
n10_d25_s42,10,0.25,42,tabu_search,8,11711429,4096,4091,50,1.0,1,fixed-objective-evaluation-budget classical heuristic; exact optimum used only for retrospective scoring,1,1,1,1,1,1
n10_d25_s42,10,0.25,42,tabu_search,9,11711430,4096,4091,50,1.0,1,fixed-objective-evaluation-budget classical heuristic; exact optimum used only for retrospective scoring,1,1,1,1,1,1
n10_d25_s42,10,0.25,42,tabu_search,10,11711431,4096,4091,50,1.0,1,fixed-objective-evaluation-budget classical heuristic; exact optimum used only for retrospective scoring,1,1,1,1,1,1
n10_d25_s42,10,0.25,42,tabu_search,11,11711432,4096,4091,50,1.0,1,fixed-objective-evaluation-budget classical heuristic; exact optimum used only for retrospective scoring,1,1,1,1,1,1
n10_d25_s42,10,0.25,42,tabu_search,12,11711433,4096,4091,50,1.0,1,fixed-objective-evaluation-budget classical heuristic; exact optimum used only for retrospective scoring,1,1,1,1,1,1
n10_d25_s42,10,0.25,42,tabu_search,13,11711434,4096,4091,50,1.0,1,fixed-objective-evaluation-budget classical heuristic; exact optimum used only for retrospective scoring,1,1,1,1,1,1
n10_d25_s42,10,0.25,42,tabu_search,14,11711435,4096,4091,50,1.0,1,fixed-objective-evaluation-budget classical heuristic; exact optimum used only for retrospective scoring,1,1,1,1,1,1
n10_d25_s42,10,0.25,42,tabu_search,15,11711436,4096,4091,50,1.0,1,fixed-objective-evaluation-budget classical heuristic; exact optimum used only for retrospective scoring,1,1,1,1,1,1
n10_d25_s42,10,0.25,42,tabu_search,16,11711437,4096,4091,50,1.0,1,fixed-objective-evaluation-budget classical heuristic; exact optimum used only for retrospective scoring,1,1,1,1,1,1
n10_d25_s42,10,0.25,42,tabu_search,17,11711438,4096,4091,50,1.0,1,fixed-objective-evaluation-budget classical heuristic; exact optimum used only for retrospective scoring,1,1,1,1,1,1
n10_d25_s42,10,0.25,42,tabu_search,18,11711439,4096,4091,50,1.0,1,fixed-objective-evaluation-budget classical heuristic; exact optimum used only for retrospective scoring,1,1,1,1,1,1
n10_d25_s42,10,0.25,42,tabu_search,19,11711440,4096,4091,50,1.0,1,fixed-objective-evaluation-budget classical heuristic; exact optimum used only for retrospective scoring,1,1,1,1,1,1
n10_d25_s42,10,0.25,42,tabu_search,20,11711441,4096,4091,50,1.0,1,fixed-objective-evaluation-budget classical heuristic; exact optimum used only for retrospective scoring,1,1,1,1,1,1
n10_d25_s42,10,0.25,42,tabu_search,21,11711442,4096,4091,50,1.0,1,fixed-objective-evaluation-budget classical heuristic; exact optimum used only for retrospective scoring,1,1,1,1,1,1
n10_d25_s42,10,0.25,42,tabu_search,22,11711443,4096,4091,50,1.0,1,fixed-objective-evaluation-budget classical heuristic; exact optimum used only for retrospective scoring,1,1,1,1,1,1
n10_d25_s42,10,0.25,42,tabu_search,23,11711444,4096,4091,50,1.0,1,fixed-objective-evaluation-budget classical heuristic; exact optimum used only for retrospective scoring,1,1,1,1,1,1
n10_d25_s42,10,0.25,42,tabu_search,24,11711445,4096,4091,50,1.0,1,fixed-objective-evaluation-budget classical heuristic; exact optimum used only for retrospective scoring,1,1,1,1,1,1
n10_d25_s42,10,0.25,42,tabu_search,25,11711446,4096,4091,50,1.0,1,fixed-objective-evaluation-budget classical heuristic; exact optimum used only for retrospective scoring,1,1,1,1,1,1
n10_d25_s42,10,0.25,42,tabu_search,26,11711447,4096,4091,50,1.0,1,fixed-objective-evaluation-budget classical heuristic; exact optimum used only for retrospective scoring,1,1,1,1,1,1
n10_d25_s42,10,0.25,42,tabu_search,27,11711448,4096,4091,50,1.0,1,fixed-objective-evaluation-budget classical heuristic; exact optimum used only for retrospective scoring,1,1,1,1,1,1
n10_d25_s42,10,0.25,42,tabu_search,28,11711449,4096,4091,50,1.0,1,fixed-objective-evaluation-budget classical heuristic; exact optimum used only for retrospective scoring,1,1,1,1,1,1
n10_d25_s42,10,0.25,42,tabu_search,29,11711450,4096,4091,50,1.0,1,fixed-objective-evaluation-budget classical heuristic; exact optimum used only for retrospective scoring,1,1,1,1,1,1
n10_d25_s42,10,0.25,42,tabu_search,30,11711451,4096,4091,50,1.0,1,fixed-objective-evaluation-budget classical heuristic; exact optimum used only for retrospective scoring,1,1,1,1,1,1
n10_d25_s42,10,0.25,42,tabu_search,31,11711452,4096,4091,50,1.0,1,fixed-objective-evaluation-budget classical heuristic; exact optimum used only for retrospective scoring,1,1,1,1,1,1
n10_d25_s42,10,0.25,42,tabu_search,32,11711453,4096,4091,50,1.0,1,fixed-objective-evaluation-budget classical heuristic; exact optimum used only for retrospective scoring,1,1,1,1,1,1
n10_d25_s42,10,0.25,42,tabu_search,33,11711454,4096,4091,50,1.0,1,fixed-objective-evaluation-budget classical heuristic; exact optimum used only for retrospective scoring,1,1,1,1,1,1
n10_d25_s42,10,0.25,42,tabu_search,34,11711455,4096,4091,50,1.0,1,fixed-objective-evaluation-budget classical heuristic; exact optimum used only for retrospective scoring,1,1,1,1,1,1
n10_d25_s42,10,0.25,42,tabu_search,35,11711456,4096,4091,50,1.0,1,fixed-objective-evaluation-budget classical heuristic; exact optimum used only for retrospective scoring,1,1,1,1,1,1
n10_d25_s42,10,0.25,42,tabu_search,36,11711457,4096,4091,50,1.0,1,fixed-objective-evaluation-budget classical heuristic; exact optimum used only for retrospective scoring,1,1,1,1,1,1
n10_d25_s42,10,0.25,42,tabu_search,37,11711458,4096,4091,50,1.0,1,fixed-objective-evaluation-budget classical heuristic; exact optimum used only for retrospective scoring,1,1,1,1,1,1
n10_d25_s42,10,0.25,42,tabu_search,38,11711459,4096,4091,50,1.0,1,fixed-objective-evaluation-budget classical heuristic; exact optimum used only for retrospective scoring,1,1,1,1,1,1
n10_d25_s42,10,0.25,42,tabu_search,39,11711460,4096,4091,50,1.0,1,fixed-objective-evaluation-budget classical heuristic; exact optimum used only for retrospective scoring,1,1,1,1,1,1
n10_d25_s42,10,0.25,42,tabu_search,40,11711461,4096,4091,50,1.0,1,fixed-objective-evaluation-budget classical heuristic; exact optimum used only for retrospective scoring,1,1,1,1,1,1
n10_d25_s42,10,0.25,42,tabu_search,41,11711462,4096,4091,50,1.0,1,fixed-objective-evaluation-budget classical heuristic; exact optimum used only for retrospective scoring,1,1,1,1,1,1
n10_d25_s42,10,0.25,42,tabu_search,42,11711463,4096,4091,50,1.0,1,fixed-objective-evaluation-budget classical heuristic; exact optimum used only for retrospective scoring,1,1,1,1,1,1
n10_d25_s42,10,0.25,42,tabu_search,43,11711464,4096,4091,50,1.0,1,fixed-objective-evaluation-budget classical heuristic; exact optimum used only for retrospective scoring,1,1,1,1,1,1
n10_d25_s42,10,0.25,42,tabu_search,44,11711465,4096,4091,50,1.0,1,fixed-objective-evaluation-budget classical heuristic; exact optimum used only for retrospective scoring,1,1,1,1,1,1
n10_d25_s42,10,0.25,42,tabu_search,45,11711466,4096,4091,50,1.0,1,fixed-objective-evaluation-budget classical heuristic; exact optimum used only for retrospective scoring,1,1,1,1,1,1
n10_d25_s42,10,0.25,42,tabu_search,46,11711467,4096,4091,50,1.0,1,fixed-objective-evaluation-budget classical heuristic; exact optimum used only for retrospective scoring,1,1,1,1,1,1
n10_d25_s42,10,0.25,42,tabu_search,47,11711468,4096,4091,50,1.0,1,fixed-objective-evaluation-budget classical heuristic; exact optimum used only for retrospective scoring,1,1,1,1,1,1
n10_d25_s42,10,0.25,42,tabu_search,48,11711469,4096,4091,50,1.0,1,fixed-objective-evaluation-budget classical heuristic; exact optimum used only for retrospective scoring,1,1,1,1,1,1
n10_d25_s42,10,0.25,42,tabu_search,49,11711470,4096,4091,50,1.0,1,fixed-objective-evaluation-budget classical heuristic; exact optimum used only for retrospective scoring,1,1,1,1,1,1
n10_d25_s42,10,0.25,42,tabu_search,50,11711471,4096,4091,50,1.0,1,fixed-objective-evaluation-budget classical heuristic; exact optimum used only for retrospective scoring,1,1,1,1,1,1
n10_d25_s42,10,0.25,42,tabu_search,51,11711472,4096,4091,50,1.0,1,fixed-objective-evaluation-budget classical heuristic; exact optimum used only for retrospective scoring,1,1,1,1,1,1
n10_d25_s42,10,0.25,42,tabu_search,52,11711473,4096,4091,50,1.0,1,fixed-objective-evaluation-budget classical heuristic; exact optimum used only for retrospective scoring,1,1,1,1,1,1
n10_d25_s42,10,0.25,42,tabu_search,53,11711474,4096,4091,50,1.0,1,fixed-objective-evaluation-budget classical heuristic; exact optimum used only for retrospective scoring,1,1,1,1,1,1
n10_d25_s42,10,0.25,42,tabu_search,54,11711475,4096,4091,50,1.0,1,fixed-objective-evaluation-budget classical heuristic; exact optimum used only for retrospective scoring,1,1,1,1,1,1
n10_d25_s42,10,0.25,42,tabu_search,55,11711476,4096,4091,50,1.0,1,fixed-objective-evaluation-budget classical heuristic; exact optimum used only for retrospective scoring,1,1,1,1,1,1
n10_d25_s42,10,0.25,42,tabu_search,56,11711477,4096,4091,50,1.0,1,fixed-objective-evaluation-budget classical heuristic; exact optimum used only for retrospective scoring,1,1,1,1,1,1
n10_d25_s42,10,0.25,42,tabu_search,57,11711478,4096,4091,50,1.0,1,fixed-objective-evaluation-budget classical heuristic; exact optimum used only for retrospective scoring,1,1,1,1,1,1
n10_d25_s42,10,0.25,42,tabu_search,58,11711479,4096,4091,50,1.0,1,fixed-objective-evaluation-budget classical heuristic; exact optimum used only for retrospective scoring,1,1,1,1,1,1
n10_d25_s42,10,0.25,42,tabu_search,59,11711480,4096,4091,50,1.0,1,fixed-objective-evaluation-budget classical heuristic; exact optimum used only for retrospective scoring,1,1,1,1,1,1
n10_d25_s42,10,0.25,42,tabu_search,60,11711481,4096,4091,50,1.0,1,fixed-objective-evaluation-budget classical heuristic; exact optimum used only for retrospective scoring,1,1,1,1,1,1
n10_d25_s42,10,0.25,42,tabu_search,61,11711482,4096,4091,50,1.0,1,fixed-objective-evaluation-budget classical heuristic; exact optimum used only for retrospective scoring,1,1,1,1,1,1
n10_d25_s42,10,0.25,42,tabu_search,62,11711483,4096,4091,50,1.0,1,fixed-objective-evaluation-budget classical heuristic; exact optimum used only for retrospective scoring,1,1,1,1,1,1
n10_d25_s42,10,0.25,42,tabu_search,63,11711484,4096,4091,50,1.0,1,fixed-objective-evaluation-budget classical heuristic; exact optimum used only for retrospective scoring,1,1,1,1,1,1
n10_d50_s17,10,0.5,17,simulated_annealing,0,1722171,4096,4096,70,1.0,1,fixed-objective-evaluation-budget classical heuristic; exact optimum used only for retrospective scoring,1,1,1,1,1,1
n10_d50_s17,10,0.5,17,simulated_annealing,1,1722172,4096,4096,70,1.0,1,fixed-objective-evaluation-budget classical heuristic; exact optimum used only for retrospective scoring,1,1,1,1,1,1
n10_d50_s17,10,0.5,17,simulated_annealing,2,1722173,4096,4096,70,1.0,1,fixed-objective-evaluation-budget classical heuristic; exact optimum used only for retrospective scoring,1,1,1,1,1,1
n10_d50_s17,10,0.5,17,simulated_annealing,3,1722174,4096,4096,70,1.0,1,fixed-objective-evaluation-budget classical heuristic; exact optimum used only for retrospective scoring,1,1,1,1,1,1
n10_d50_s17,10,0.5,17,simulated_annealing,4,1722175,4096,4096,70,1.0,1,fixed-objective-evaluation-budget classical heuristic; exact optimum used only for retrospective scoring,1,1,1,1,1,1
n10_d50_s17,10,0.5,17,simulated_annealing,5,1722176,4096,4096,70,1.0,1,fixed-objective-evaluation-budget classical heuristic; exact optimum used only for retrospective scoring,1,1,1,1,1,1
n10_d50_s17,10,0.5,17,simulated_annealing,6,1722177,4096,4096,70,1.0,1,fixed-objective-evaluation-budget classical heuristic; exact optimum used only for retrospective scoring,1,1,1,1,1,1
n10_d50_s17,10,0.5,17,simulated_annealing,7,1722178,4096,4096,70,1.0,1,fixed-objective-evaluation-budget classical heuristic; exact optimum used only for retrospective scoring,1,1,1,1,1,1
n10_d50_s17,10,0.5,17,simulated_annealing,8,1722179,4096,4096,70,1.0,1,fixed-objective-evaluation-budget classical heuristic; exact optimum used only for retrospective scoring,1,1,1,1,1,1
n10_d50_s17,10,0.5,17,simulated_annealing,9,1722180,4096,4096,70,1.0,1,fixed-objective-evaluation-budget classical heuristic; exact optimum used only for retrospective scoring,1,1,1,1,1,1
n10_d50_s17,10,0.5,17,simulated_annealing,10,1722181,4096,4096,70,1.0,1,fixed-objective-evaluation-budget classical heuristic; exact optimum used only for retrospective scoring,1,1,1,1,1,1
n10_d50_s17,10,0.5,17,simulated_annealing,11,1722182,4096,4096,70,1.0,1,fixed-objective-evaluation-budget classical heuristic; exact optimum used only for retrospective scoring,1,1,1,1,1,1
n10_d50_s17,10,0.5,17,simulated_annealing,12,1722183,4096,4096,70,1.0,1,fixed-objective-evaluation-budget classical heuristic; exact optimum used only for retrospective scoring,1,1,1,1,1,1
n10_d50_s17,10,0.5,17,simulated_annealing,13,1722184,4096,4096,70,1.0,1,fixed-objective-evaluation-budget classical heuristic; exact optimum used only for retrospective scoring,1,1,1,1,1,1
n10_d50_s17,10,0.5,17,simulated_annealing,14,1722185,4096,4096,70,1.0,1,fixed-objective-evaluation-budget classical heuristic; exact optimum used only for retrospective scoring,1,1,1,1,1,1
n10_d50_s17,10,0.5,17,simulated_annealing,15,1722186,4096,4096,70,1.0,1,fixed-objective-evaluation-budget classical heuristic; exact optimum used only for retrospective scoring,1,1,1,1,1,1
n10_d50_s17,10,0.5,17,simulated_annealing,16,1722187,4096,4096,70,1.0,1,fixed-objective-evaluation-budget classical heuristic; exact optimum used only for retrospective scoring,1,1,1,1,1,1
n10_d50_s17,10,0.5,17,simulated_annealing,17,1722188,4096,4096,70,1.0,1,fixed-objective-evaluation-budget classical heuristic; exact optimum used only for retrospective scoring,1,1,1,1,1,1
n10_d50_s17,10,0.5,17,simulated_annealing,18,1722189,4096,4096,70,1.0,1,fixed-objective-evaluation-budget classical heuristic; exact optimum used only for retrospective scoring,1,1,1,1,1,1
n10_d50_s17,10,0.5,17,simulated_annealing,19,1722190,4096,4096,70,1.0,1,fixed-objective-evaluation-budget classical heuristic; exact optimum used only for retrospective scoring,1,1,1,1,1,1
n10_d50_s17,10,0.5,17,simulated_annealing,20,1722191,4096,4096,70,1.0,1,fixed-objective-evaluation-budget classical heuristic; exact optimum used only for retrospective scoring,1,1,1,1,1,1
n10_d50_s17,10,0.5,17,simulated_annealing,21,1722192,4096,4096,70,1.0,1,fixed-objective-evaluation-budget classical heuristic; exact optimum used only for retrospective scoring,1,1,1,1,1,1
n10_d50_s17,10,0.5,17,simulated_annealing,22,1722193,4096,4096,70,1.0,1,fixed-objective-evaluation-budget classical heuristic; exact optimum used only for retrospective scoring,1,1,1,1,1,1
n10_d50_s17,10,0.5,17,simulated_annealing,23,1722194,4096,4096,70,1.0,1,fixed-objective-evaluation-budget classical heuristic; exact optimum used only for retrospective scoring,1,1,1,1,1,1
n10_d50_s17,10,0.5,17,simulated_annealing,24,1722195,4096,4096,70,1.0,1,fixed-objective-evaluation-budget classical heuristic; exact optimum used only for retrospective scoring,1,1,1,1,1,1
n10_d50_s17,10,0.5,17,simulated_annealing,25,1722196,4096,4096,70,1.0,1,fixed-objective-evaluation-budget classical heuristic; exact optimum used only for retrospective scoring,1,1,1,1,1,1
n10_d50_s17,10,0.5,17,simulated_annealing,26,1722197,4096,4096,70,1.0,1,fixed-objective-evaluation-budget classical heuristic; exact optimum used only for retrospective scoring,1,1,1,1,1,1
n10_d50_s17,10,0.5,17,simulated_annealing,27,1722198,4096,4096,70,1.0,1,fixed-objective-evaluation-budget classical heuristic; exact optimum used only for retrospective scoring,1,1,1,1,1,1
n10_d50_s17,10,0.5,17,simulated_annealing,28,1722199,4096,4096,70,1.0,1,fixed-objective-evaluation-budget classical heuristic; exact optimum used only for retrospective scoring,1,1,1,1,1,1
n10_d50_s17,10,0.5,17,simulated_annealing,29,1722200,4096,4096,70,1.0,1,fixed-objective-evaluation-budget classical heuristic; exact optimum used only for retrospective scoring,1,1,1,1,1,1
n10_d50_s17,10,0.5,17,simulated_annealing,30,1722201,4096,4096,70,1.0,1,fixed-objective-evaluation-budget classical heuristic; exact optimum used only for retrospective scoring,1,1,1,1,1,1
n10_d50_s17,10,0.5,17,simulated_annealing,31,1722202,4096,4096,70,1.0,1,fixed-objective-evaluation-budget classical heuristic; exact optimum used only for retrospective scoring,1,1,1,1,1,1
n10_d50_s17,10,0.5,17,simulated_annealing,32,1722203,4096,4096,70,1.0,1,fixed-objective-evaluation-budget classical heuristic; exact optimum used only for retrospective scoring,1,1,1,1,1,1
n10_d50_s17,10,0.5,17,simulated_annealing,33,1722204,4096,4096,70,1.0,1,fixed-objective-evaluation-budget classical heuristic; exact optimum used only for retrospective scoring,1,1,1,1,1,1
n10_d50_s17,10,0.5,17,simulated_annealing,34,1722205,4096,4096,70,1.0,1,fixed-objective-evaluation-budget classical heuristic; exact optimum used only for retrospective scoring,1,1,1,1,1,1
n10_d50_s17,10,0.5,17,simulated_annealing,35,1722206,4096,4096,70,1.0,1,fixed-objective-evaluation-budget classical heuristic; exact optimum used only for retrospective scoring,1,1,1,1,1,1
n10_d50_s17,10,0.5,17,simulated_annealing,36,1722207,4096,4096,70,1.0,1,fixed-objective-evaluation-budget classical heuristic; exact optimum used only for retrospective scoring,1,1,1,1,1,1
n10_d50_s17,10,0.5,17,simulated_annealing,37,1722208,4096,4096,70,1.0,1,fixed-objective-evaluation-budget classical heuristic; exact optimum used only for retrospective scoring,1,1,1,1,1,1
n10_d50_s17,10,0.5,17,simulated_annealing,38,1722209,4096,4096,70,1.0,1,fixed-objective-evaluation-budget classical heuristic; exact optimum used only for retrospective scoring,1,1,1,1,1,1
n10_d50_s17,10,0.5,17,simulated_annealing,39,1722210,4096,4096,70,1.0,1,fixed-objective-evaluation-budget classical heuristic; exact optimum used only for retrospective scoring,1,1,1,1,1,1
n10_d50_s17,10,0.5,17,simulated_annealing,40,1722211,4096,4096,70,1.0,1,fixed-objective-evaluation-budget classical heuristic; exact optimum used only for retrospective scoring,1,1,1,1,1,1
n10_d50_s17,10,0.5,17,simulated_annealing,41,1722212,4096,4096,70,1.0,1,fixed-objective-evaluation-budget classical heuristic; exact optimum used only for retrospective scoring,1,1,1,1,1,1
n10_d50_s17,10,0.5,17,simulated_annealing,42,1722213,4096,4096,70,1.0,1,fixed-objective-evaluation-budget classical heuristic; exact optimum used only for retrospective scoring,1,1,1,1,1,1
n10_d50_s17,10,0.5,17,simulated_annealing,43,1722214,4096,4096,70,1.0,1,fixed-objective-evaluation-budget classical heuristic; exact optimum used only for retrospective scoring,1,1,1,1,1,1
n10_d50_s17,10,0.5,17,simulated_annealing,44,1722215,4096,4096,70,1.0,1,fixed-objective-evaluation-budget classical heuristic; exact optimum used only for retrospective scoring,1,1,1,1,1,1
n10_d50_s17,10,0.5,17,simulated_annealing,45,1722216,4096,4096,70,1.0,1,fixed-objective-evaluation-budget classical heuristic; exact optimum used only for retrospective scoring,1,1,1,1,1,1
n10_d50_s17,10,0.5,17,simulated_annealing,46,1722217,4096,4096,70,1.0,1,fixed-objective-evaluation-budget classical heuristic; exact optimum used only for retrospective scoring,1,1,1,1,1,1
n10_d50_s17,10,0.5,17,simulated_annealing,47,1722218,4096,4096,70,1.0,1,fixed-objective-evaluation-budget classical heuristic; exact optimum used only for retrospective scoring,1,1,1,1,1,1
n10_d50_s17,10,0.5,17,simulated_annealing,48,1722219,4096,4096,70,1.0,1,fixed-objective-evaluation-budget classical heuristic; exact optimum used only for retrospective scoring,1,1,1,1,1,1
n10_d50_s17,10,0.5,17,simulated_annealing,49,1722220,4096,4096,70,1.0,1,fixed-objective-evaluation-budget classical heuristic; exact optimum used only for retrospective scoring,1,1,1,1,1,1
n10_d50_s17,10,0.5,17,simulated_annealing,50,1722221,4096,4096,70,1.0,1,fixed-objective-evaluation-budget classical heuristic; exact optimum used only for retrospective scoring,1,1,1,1,1,1
n10_d50_s17,10,0.5,17,simulated_annealing,51,1722222,4096,4096,70,1.0,1,fixed-objective-evaluation-budget classical heuristic; exact optimum used only for retrospective scoring,1,1,1,1,1,1
n10_d50_s17,10,0.5,17,simulated_annealing,52,1722223,4096,4096,70,1.0,1,fixed-objective-evaluation-budget classical heuristic; exact optimum used only for retrospective scoring,1,1,1,1,1,1
n10_d50_s17,10,0.5,17,simulated_annealing,53,1722224,4096,4096,70,1.0,1,fixed-objective-evaluation-budget classical heuristic; exact optimum used only for retrospective scoring,1,1,1,1,1,1
n10_d50_s17,10,0.5,17,simulated_annealing,54,1722225,4096,4096,70,1.0,1,fixed-objective-evaluation-budget classical heuristic; exact optimum used only for retrospective scoring,1,1,1,1,1,1
n10_d50_s17,10,0.5,17,simulated_annealing,55,1722226,4096,4096,70,1.0,1,fixed-objective-evaluation-budget classical heuristic; exact optimum used only for retrospective scoring,1,1,1,1,1,1
n10_d50_s17,10,0.5,17,simulated_annealing,56,1722227,4096,4096,70,1.0,1,fixed-objective-evaluation-budget classical heuristic; exact optimum used only for retrospective scoring,1,1,1,1,1,1
n10_d50_s17,10,0.5,17,simulated_annealing,57,1722228,4096,4096,70,1.0,1,fixed-objective-evaluation-budget classical heuristic; exact optimum used only for retrospective scoring,1,1,1,1,1,1
n10_d50_s17,10,0.5,17,simulated_annealing,58,1722229,4096,4096,70,1.0,1,fixed-objective-evaluation-budget classical heuristic; exact optimum used only for retrospective scoring,1,1,1,1,1,1
n10_d50_s17,10,0.5,17,simulated_annealing,59,1722230,4096,4096,70,1.0,1,fixed-objective-evaluation-budget classical heuristic; exact optimum used only for retrospective scoring,1,1,1,1,1,1
n10_d50_s17,10,0.5,17,simulated_annealing,60,1722231,4096,4096,70,1.0,1,fixed-objective-evaluation-budget classical heuristic; exact optimum used only for retrospective scoring,1,1,1,1,1,1
n10_d50_s17,10,0.5,17,simulated_annealing,61,1722232,4096,4096,70,1.0,1,fixed-objective-evaluation-budget classical heuristic; exact optimum used only for retrospective scoring,1,1,1,1,1,1
n10_d50_s17,10,0.5,17,simulated_annealing,62,1722233,4096,4096,70,1.0,1,fixed-objective-evaluation-budget classical heuristic; exact optimum used only for retrospective scoring,1,1,1,1,1,1
n10_d50_s17,10,0.5,17,simulated_annealing,63,1722234,4096,4096,70,1.0,1,fixed-objective-evaluation-budget classical heuristic; exact optimum used only for retrospective scoring,1,1,1,1,1,1
n10_d50_s17,10,0.5,17,tabu_search,0,11722171,4096,4091,70,1.0,1,fixed-objective-evaluation-budget classical heuristic; exact optimum used only for retrospective scoring,1,1,1,1,1,1
n10_d50_s17,10,0.5,17,tabu_search,1,11722172,4096,4091,70,1.0,1,fixed-objective-evaluation-budget classical heuristic; exact optimum used only for retrospective scoring,1,1,1,1,1,1
n10_d50_s17,10,0.5,17,tabu_search,2,11722173,4096,4091,70,1.0,1,fixed-objective-evaluation-budget classical heuristic; exact optimum used only for retrospective scoring,1,1,1,1,1,1
n10_d50_s17,10,0.5,17,tabu_search,3,11722174,4096,4091,70,1.0,1,fixed-objective-evaluation-budget classical heuristic; exact optimum used only for retrospective scoring,1,1,1,1,1,1
n10_d50_s17,10,0.5,17,tabu_search,4,11722175,4096,4091,70,1.0,1,fixed-objective-evaluation-budget classical heuristic; exact optimum used only for retrospective scoring,1,1,1,1,1,1
n10_d50_s17,10,0.5,17,tabu_search,5,11722176,4096,4091,70,1.0,1,fixed-objective-evaluation-budget classical heuristic; exact optimum used only for retrospective scoring,1,1,1,1,1,1
n10_d50_s17,10,0.5,17,tabu_search,6,11722177,4096,4091,70,1.0,1,fixed-objective-evaluation-budget classical heuristic; exact optimum used only for retrospective scoring,1,1,1,1,1,1
n10_d50_s17,10,0.5,17,tabu_search,7,11722178,4096,4091,70,1.0,1,fixed-objective-evaluation-budget classical heuristic; exact optimum used only for retrospective scoring,1,1,1,1,1,1
n10_d50_s17,10,0.5,17,tabu_search,8,11722179,4096,4091,70,1.0,1,fixed-objective-evaluation-budget classical heuristic; exact optimum used only for retrospective scoring,1,1,1,1,1,1
n10_d50_s17,10,0.5,17,tabu_search,9,11722180,4096,4091,70,1.0,1,fixed-objective-evaluation-budget classical heuristic; exact optimum used only for retrospective scoring,1,1,1,1,1,1
n10_d50_s17,10,0.5,17,tabu_search,10,11722181,4096,4091,70,1.0,1,fixed-objective-evaluation-budget classical heuristic; exact optimum used only for retrospective scoring,1,1,1,1,1,1
n10_d50_s17,10,0.5,17,tabu_search,11,11722182,4096,4091,70,1.0,1,fixed-objective-evaluation-budget classical heuristic; exact optimum used only for retrospective scoring,1,1,1,1,1,1
n10_d50_s17,10,0.5,17,tabu_search,12,11722183,4096,4091,70,1.0,1,fixed-objective-evaluation-budget classical heuristic; exact optimum used only for retrospective scoring,1,1,1,1,1,1
n10_d50_s17,10,0.5,17,tabu_search,13,11722184,4096,4091,70,1.0,1,fixed-objective-evaluation-budget classical heuristic; exact optimum used only for retrospective scoring,1,1,1,1,1,1
n10_d50_s17,10,0.5,17,tabu_search,14,11722185,4096,4091,70,1.0,1,fixed-objective-evaluation-budget classical heuristic; exact optimum used only for retrospective scoring,1,1,1,1,1,1
n10_d50_s17,10,0.5,17,tabu_search,15,11722186,4096,4091,70,1.0,1,fixed-objective-evaluation-budget classical heuristic; exact optimum used only for retrospective scoring,1,1,1,1,1,1
n10_d50_s17,10,0.5,17,tabu_search,16,11722187,4096,4091,70,1.0,1,fixed-objective-evaluation-budget classical heuristic; exact optimum used only for retrospective scoring,1,1,1,1,1,1
n10_d50_s17,10,0.5,17,tabu_search,17,11722188,4096,4091,70,1.0,1,fixed-objective-evaluation-budget classical heuristic; exact optimum used only for retrospective scoring,1,1,1,1,1,1
n10_d50_s17,10,0.5,17,tabu_search,18,11722189,4096,4091,70,1.0,1,fixed-objective-evaluation-budget classical heuristic; exact optimum used only for retrospective scoring,1,1,1,1,1,1
n10_d50_s17,10,0.5,17,tabu_search,19,11722190,4096,4091,70,1.0,1,fixed-objective-evaluation-budget classical heuristic; exact optimum used only for retrospective scoring,1,1,1,1,1,1
n10_d50_s17,10,0.5,17,tabu_search,20,11722191,4096,4091,70,1.0,1,fixed-objective-evaluation-budget classical heuristic; exact optimum used only for retrospective scoring,1,1,1,1,1,1
n10_d50_s17,10,0.5,17,tabu_search,21,11722192,4096,4091,70,1.0,1,fixed-objective-evaluation-budget classical heuristic; exact optimum used only for retrospective scoring,1,1,1,1,1,1
n10_d50_s17,10,0.5,17,tabu_search,22,11722193,4096,4091,70,1.0,1,fixed-objective-evaluation-budget classical heuristic; exact optimum used only for retrospective scoring,1,1,1,1,1,1
n10_d50_s17,10,0.5,17,tabu_search,23,11722194,4096,4091,70,1.0,1,fixed-objective-evaluation-budget classical heuristic; exact optimum used only for retrospective scoring,1,1,1,1,1,1
n10_d50_s17,10,0.5,17,tabu_search,24,11722195,4096,4091,70,1.0,1,fixed-objective-evaluation-budget classical heuristic; exact optimum used only for retrospective scoring,1,1,1,1,1,1
n10_d50_s17,10,0.5,17,tabu_search,25,11722196,4096,4091,70,1.0,1,fixed-objective-evaluation-budget classical heuristic; exact optimum used only for retrospective scoring,1,1,1,1,1,1
n10_d50_s17,10,0.5,17,tabu_search,26,11722197,4096,4091,70,1.0,1,fixed-objective-evaluation-budget classical heuristic; exact optimum used only for retrospective scoring,1,1,1,1,1,1
n10_d50_s17,10,0.5,17,tabu_search,27,11722198,4096,4091,70,1.0,1,fixed-objective-evaluation-budget classical heuristic; exact optimum used only for retrospective scoring,1,1,1,1,1,1
n10_d50_s17,10,0.5,17,tabu_search,28,11722199,4096,4091,70,1.0,1,fixed-objective-evaluation-budget classical heuristic; exact optimum used only for retrospective scoring,1,1,1,1,1,1
n10_d50_s17,10,0.5,17,tabu_search,29,11722200,4096,4091,70,1.0,1,fixed-objective-evaluation-budget classical heuristic; exact optimum used only for retrospective scoring,1,1,1,1,1,1
n10_d50_s17,10,0.5,17,tabu_search,30,11722201,4096,4091,70,1.0,1,fixed-objective-evaluation-budget classical heuristic; exact optimum used only for retrospective scoring,1,1,1,1,1,1
n10_d50_s17,10,0.5,17,tabu_search,31,11722202,4096,4091,70,1.0,1,fixed-objective-evaluation-budget classical heuristic; exact optimum used only for retrospective scoring,1,1,1,1,1,1
n10_d50_s17,10,0.5,17,tabu_search,32,11722203,4096,4091,70,1.0,1,fixed-objective-evaluation-budget classical heuristic; exact optimum used only for retrospective scoring,1,1,1,1,1,1
n10_d50_s17,10,0.5,17,tabu_search,33,11722204,4096,4091,70,1.0,1,fixed-objective-evaluation-budget classical heuristic; exact optimum used only for retrospective scoring,1,1,1,1,1,1
n10_d50_s17,10,0.5,17,tabu_search,34,11722205,4096,4091,70,1.0,1,fixed-objective-evaluation-budget classical heuristic; exact optimum used only for retrospective scoring,1,1,1,1,1,1
n10_d50_s17,10,0.5,17,tabu_search,35,11722206,4096,4091,70,1.0,1,fixed-objective-evaluation-budget classical heuristic; exact optimum used only for retrospective scoring,1,1,1,1,1,1
n10_d50_s17,10,0.5,17,tabu_search,36,11722207,4096,4091,70,1.0,1,fixed-objective-evaluation-budget classical heuristic; exact optimum used only for retrospective scoring,1,1,1,1,1,1
n10_d50_s17,10,0.5,17,tabu_search,37,11722208,4096,4091,70,1.0,1,fixed-objective-evaluation-budget classical heuristic; exact optimum used only for retrospective scoring,1,1,1,1,1,1
n10_d50_s17,10,0.5,17,tabu_search,38,11722209,4096,4091,70,1.0,1,fixed-objective-evaluation-budget classical heuristic; exact optimum used only for retrospective scoring,1,1,1,1,1,1
n10_d50_s17,10,0.5,17,tabu_search,39,11722210,4096,4091,70,1.0,1,fixed-objective-evaluation-budget classical heuristic; exact optimum used only for retrospective scoring,1,1,1,1,1,1
n10_d50_s17,10,0.5,17,tabu_search,40,11722211,4096,4091,70,1.0,1,fixed-objective-evaluation-budget classical heuristic; exact optimum used only for retrospective scoring,1,1,1,1,1,1
n10_d50_s17,10,0.5,17,tabu_search,41,11722212,4096,4091,70,1.0,1,fixed-objective-evaluation-budget classical heuristic; exact optimum used only for retrospective scoring,1,1,1,1,1,1
n10_d50_s17,10,0.5,17,tabu_search,42,11722213,4096,4091,70,1.0,1,fixed-objective-evaluation-budget classical heuristic; exact optimum used only for retrospective scoring,1,1,1,1,1,1
n10_d50_s17,10,0.5,17,tabu_search,43,11722214,4096,4091,70,1.0,1,fixed-objective-evaluation-budget classical heuristic; exact optimum used only for retrospective scoring,1,1,1,1,1,1
n10_d50_s17,10,0.5,17,tabu_search,44,11722215,4096,4091,70,1.0,1,fixed-objective-evaluation-budget classical heuristic; exact optimum used only for retrospective scoring,1,1,1,1,1,1
n10_d50_s17,10,0.5,17,tabu_search,45,11722216,4096,4091,70,1.0,1,fixed-objective-evaluation-budget classical heuristic; exact optimum used only for retrospective scoring,1,1,1,1,1,1
n10_d50_s17,10,0.5,17,tabu_search,46,11722217,4096,4091,70,1.0,1,fixed-objective-evaluation-budget classical heuristic; exact optimum used only for retrospective scoring,1,1,1,1,1,1
n10_d50_s17,10,0.5,17,tabu_search,47,11722218,4096,4091,70,1.0,1,fixed-objective-evaluation-budget classical heuristic; exact optimum used only for retrospective scoring,1,1,1,1,1,1
n10_d50_s17,10,0.5,17,tabu_search,48,11722219,4096,4091,70,1.0,1,fixed-objective-evaluation-budget classical heuristic; exact optimum used only for retrospective scoring,1,1,1,1,1,1
n10_d50_s17,10,0.5,17,tabu_search,49,11722220,4096,4091,70,1.0,1,fixed-objective-evaluation-budget classical heuristic; exact optimum used only for retrospective scoring,1,1,1,1,1,1
n10_d50_s17,10,0.5,17,tabu_search,50,11722221,4096,4091,70,1.0,1,fixed-objective-evaluation-budget classical heuristic; exact optimum used only for retrospective scoring,1,1,1,1,1,1
n10_d50_s17,10,0.5,17,tabu_search,51,11722222,4096,4091,70,1.0,1,fixed-objective-evaluation-budget classical heuristic; exact optimum used only for retrospective scoring,1,1,1,1,1,1
n10_d50_s17,10,0.5,17,tabu_search,52,11722223,4096,4091,70,1.0,1,fixed-objective-evaluation-budget classical heuristic; exact optimum used only for retrospective scoring,1,1,1,1,1,1
n10_d50_s17,10,0.5,17,tabu_search,53,11722224,4096,4091,70,1.0,1,fixed-objective-evaluation-budget classical heuristic; exact optimum used only for retrospective scoring,1,1,1,1,1,1
n10_d50_s17,10,0.5,17,tabu_search,54,11722225,4096,4091,70,1.0,1,fixed-objective-evaluation-budget classical heuristic; exact optimum used only for retrospective scoring,1,1,1,1,1,1
n10_d50_s17,10,0.5,17,tabu_search,55,11722226,4096,4091,70,1.0,1,fixed-objective-evaluation-budget classical heuristic; exact optimum used only for retrospective scoring,1,1,1,1,1,1
n10_d50_s17,10,0.5,17,tabu_search,56,11722227,4096,4091,70,1.0,1,fixed-objective-evaluation-budget classical heuristic; exact optimum used only for retrospective scoring,1,1,1,1,1,1
n10_d50_s17,10,0.5,17,tabu_search,57,11722228,4096,4091,70,1.0,1,fixed-objective-evaluation-budget classical heuristic; exact optimum used only for retrospective scoring,1,1,1,1,1,1
n10_d50_s17,10,0.5,17,tabu_search,58,11722229,4096,4091,70,1.0,1,fixed-objective-evaluation-budget classical heuristic; exact optimum used only for retrospective scoring,1,1,1,1,1,1
n10_d50_s17,10,0.5,17,tabu_search,59,11722230,4096,4091,70,1.0,1,fixed-objective-evaluation-budget classical heuristic; exact optimum used only for retrospective scoring,1,1,1,1,1,1
n10_d50_s17,10,0.5,17,tabu_search,60,11722231,4096,4091,70,1.0,1,fixed-objective-evaluation-budget classical heuristic; exact optimum used only for retrospective scoring,1,1,1,1,1,1
n10_d50_s17,10,0.5,17,tabu_search,61,11722232,4096,4091,70,1.0,1,fixed-objective-evaluation-budget classical heuristic; exact optimum used only for retrospective scoring,1,1,1,1,1,1
n10_d50_s17,10,0.5,17,tabu_search,62,11722233,4096,4091,70,1.0,1,fixed-objective-evaluation-budget classical heuristic; exact optimum used only for retrospective scoring,1,1,1,1,1,1
n10_d50_s17,10,0.5,17,tabu_search,63,11722234,4096,4091,70,1.0,1,fixed-objective-evaluation-budget classical heuristic; exact optimum used only for retrospective scoring,1,1,1,1,1,1
n10_d50_s42,10,0.5,42,simulated_annealing,0,1722421,4096,4096,92,1.0,1,fixed-objective-evaluation-budget classical heuristic; exact optimum used only for retrospective scoring,1,1,1,1,1,1
n10_d50_s42,10,0.5,42,simulated_annealing,1,1722422,4096,4096,92,1.0,1,fixed-objective-evaluation-budget classical heuristic; exact optimum used only for retrospective scoring,1,1,1,1,1,1
n10_d50_s42,10,0.5,42,simulated_annealing,2,1722423,4096,4096,92,1.0,1,fixed-objective-evaluation-budget classical heuristic; exact optimum used only for retrospective scoring,1,1,1,1,1,1
n10_d50_s42,10,0.5,42,simulated_annealing,3,1722424,4096,4096,92,1.0,1,fixed-objective-evaluation-budget classical heuristic; exact optimum used only for retrospective scoring,1,1,1,1,1,1
n10_d50_s42,10,0.5,42,simulated_annealing,4,1722425,4096,4096,92,1.0,1,fixed-objective-evaluation-budget classical heuristic; exact optimum used only for retrospective scoring,1,1,1,1,1,1
n10_d50_s42,10,0.5,42,simulated_annealing,5,1722426,4096,4096,92,1.0,1,fixed-objective-evaluation-budget classical heuristic; exact optimum used only for retrospective scoring,1,1,1,1,1,1
n10_d50_s42,10,0.5,42,simulated_annealing,6,1722427,4096,4096,92,1.0,1,fixed-objective-evaluation-budget classical heuristic; exact optimum used only for retrospective scoring,1,1,1,1,1,1
n10_d50_s42,10,0.5,42,simulated_annealing,7,1722428,4096,4096,92,1.0,1,fixed-objective-evaluation-budget classical heuristic; exact optimum used only for retrospective scoring,1,1,1,1,1,1
n10_d50_s42,10,0.5,42,simulated_annealing,8,1722429,4096,4096,92,1.0,1,fixed-objective-evaluation-budget classical heuristic; exact optimum used only for retrospective scoring,1,1,1,1,1,1
n10_d50_s42,10,0.5,42,simulated_annealing,9,1722430,4096,4096,92,1.0,1,fixed-objective-evaluation-budget classical heuristic; exact optimum used only for retrospective scoring,1,1,1,1,1,1
n10_d50_s42,10,0.5,42,simulated_annealing,10,1722431,4096,4096,92,1.0,1,fixed-objective-evaluation-budget classical heuristic; exact optimum used only for retrospective scoring,1,1,1,1,1,1
n10_d50_s42,10,0.5,42,simulated_annealing,11,1722432,4096,4096,92,1.0,1,fixed-objective-evaluation-budget classical heuristic; exact optimum used only for retrospective scoring,1,1,1,1,1,1
n10_d50_s42,10,0.5,42,simulated_annealing,12,1722433,4096,4096,92,1.0,1,fixed-objective-evaluation-budget classical heuristic; exact optimum used only for retrospective scoring,1,1,1,1,1,1
n10_d50_s42,10,0.5,42,simulated_annealing,13,1722434,4096,4096,92,1.0,1,fixed-objective-evaluation-budget classical heuristic; exact optimum used only for retrospective scoring,1,1,1,1,1,1
n10_d50_s42,10,0.5,42,simulated_annealing,14,1722435,4096,4096,92,1.0,1,fixed-objective-evaluation-budget classical heuristic; exact optimum used only for retrospective scoring,1,1,1,1,1,1
n10_d50_s42,10,0.5,42,simulated_annealing,15,1722436,4096,4096,92,1.0,1,fixed-objective-evaluation-budget classical heuristic; exact optimum used only for retrospective scoring,1,1,1,1,1,1
n10_d50_s42,10,0.5,42,simulated_annealing,16,1722437,4096,4096,92,1.0,1,fixed-objective-evaluation-budget classical heuristic; exact optimum used only for retrospective scoring,1,1,1,1,1,1
n10_d50_s42,10,0.5,42,simulated_annealing,17,1722438,4096,4096,92,1.0,1,fixed-objective-evaluation-budget classical heuristic; exact optimum used only for retrospective scoring,1,1,1,1,1,1
n10_d50_s42,10,0.5,42,simulated_annealing,18,1722439,4096,4096,92,1.0,1,fixed-objective-evaluation-budget classical heuristic; exact optimum used only for retrospective scoring,1,1,1,1,1,1
n10_d50_s42,10,0.5,42,simulated_annealing,19,1722440,4096,4096,92,1.0,1,fixed-objective-evaluation-budget classical heuristic; exact optimum used only for retrospective scoring,1,1,1,1,1,1
n10_d50_s42,10,0.5,42,simulated_annealing,20,1722441,4096,4096,92,1.0,1,fixed-objective-evaluation-budget classical heuristic; exact optimum used only for retrospective scoring,1,1,1,1,1,1
n10_d50_s42,10,0.5,42,simulated_annealing,21,1722442,4096,4096,92,1.0,1,fixed-objective-evaluation-budget classical heuristic; exact optimum used only for retrospective scoring,1,1,1,1,1,1
n10_d50_s42,10,0.5,42,simulated_annealing,22,1722443,4096,4096,92,1.0,1,fixed-objective-evaluation-budget classical heuristic; exact optimum used only for retrospective scoring,1,1,1,1,1,1
n10_d50_s42,10,0.5,42,simulated_annealing,23,1722444,4096,4096,92,1.0,1,fixed-objective-evaluation-budget classical heuristic; exact optimum used only for retrospective scoring,1,1,1,1,1,1
n10_d50_s42,10,0.5,42,simulated_annealing,24,1722445,4096,4096,92,1.0,1,fixed-objective-evaluation-budget classical heuristic; exact optimum used only for retrospective scoring,1,1,1,1,1,1
n10_d50_s42,10,0.5,42,simulated_annealing,25,1722446,4096,4096,92,1.0,1,fixed-objective-evaluation-budget classical heuristic; exact optimum used only for retrospective scoring,1,1,1,1,1,1
n10_d50_s42,10,0.5,42,simulated_annealing,26,1722447,4096,4096,92,1.0,1,fixed-objective-evaluation-budget classical heuristic; exact optimum used only for retrospective scoring,1,1,1,1,1,1
n10_d50_s42,10,0.5,42,simulated_annealing,27,1722448,4096,4096,92,1.0,1,fixed-objective-evaluation-budget classical heuristic; exact optimum used only for retrospective scoring,1,1,1,1,1,1
n10_d50_s42,10,0.5,42,simulated_annealing,28,1722449,4096,4096,92,1.0,1,fixed-objective-evaluation-budget classical heuristic; exact optimum used only for retrospective scoring,1,1,1,1,1,1
n10_d50_s42,10,0.5,42,simulated_annealing,29,1722450,4096,4096,92,1.0,1,fixed-objective-evaluation-budget classical heuristic; exact optimum used only for retrospective scoring,1,1,1,1,1,1
n10_d50_s42,10,0.5,42,simulated_annealing,30,1722451,4096,4096,92,1.0,1,fixed-objective-evaluation-budget classical heuristic; exact optimum used only for retrospective scoring,1,1,1,1,1,1
n10_d50_s42,10,0.5,42,simulated_annealing,31,1722452,4096,4096,92,1.0,1,fixed-objective-evaluation-budget classical heuristic; exact optimum used only for retrospective scoring,1,1,1,1,1,1
n10_d50_s42,10,0.5,42,simulated_annealing,32,1722453,4096,4096,92,1.0,1,fixed-objective-evaluation-budget classical heuristic; exact optimum used only for retrospective scoring,1,1,1,1,1,1
n10_d50_s42,10,0.5,42,simulated_annealing,33,1722454,4096,4096,92,1.0,1,fixed-objective-evaluation-budget classical heuristic; exact optimum used only for retrospective scoring,1,1,1,1,1,1
n10_d50_s42,10,0.5,42,simulated_annealing,34,1722455,4096,4096,92,1.0,1,fixed-objective-evaluation-budget classical heuristic; exact optimum used only for retrospective scoring,1,1,1,1,1,1
n10_d50_s42,10,0.5,42,simulated_annealing,35,1722456,4096,4096,92,1.0,1,fixed-objective-evaluation-budget classical heuristic; exact optimum used only for retrospective scoring,1,1,1,1,1,1
n10_d50_s42,10,0.5,42,simulated_annealing,36,1722457,4096,4096,92,1.0,1,fixed-objective-evaluation-budget classical heuristic; exact optimum used only for retrospective scoring,1,1,1,1,1,1
n10_d50_s42,10,0.5,42,simulated_annealing,37,1722458,4096,4096,92,1.0,1,fixed-objective-evaluation-budget classical heuristic; exact optimum used only for retrospective scoring,1,1,1,1,1,1
n10_d50_s42,10,0.5,42,simulated_annealing,38,1722459,4096,4096,92,1.0,1,fixed-objective-evaluation-budget classical heuristic; exact optimum used only for retrospective scoring,1,1,1,1,1,1
n10_d50_s42,10,0.5,42,simulated_annealing,39,1722460,4096,4096,92,1.0,1,fixed-objective-evaluation-budget classical heuristic; exact optimum used only for retrospective scoring,1,1,1,1,1,1
n10_d50_s42,10,0.5,42,simulated_annealing,40,1722461,4096,4096,92,1.0,1,fixed-objective-evaluation-budget classical heuristic; exact optimum used only for retrospective scoring,1,1,1,1,1,1
n10_d50_s42,10,0.5,42,simulated_annealing,41,1722462,4096,4096,92,1.0,1,fixed-objective-evaluation-budget classical heuristic; exact optimum used only for retrospective scoring,1,1,1,1,1,1
n10_d50_s42,10,0.5,42,simulated_annealing,42,1722463,4096,4096,92,1.0,1,fixed-objective-evaluation-budget classical heuristic; exact optimum used only for retrospective scoring,1,1,1,1,1,1
n10_d50_s42,10,0.5,42,simulated_annealing,43,1722464,4096,4096,92,1.0,1,fixed-objective-evaluation-budget classical heuristic; exact optimum used only for retrospective scoring,1,1,1,1,1,1
n10_d50_s42,10,0.5,42,simulated_annealing,44,1722465,4096,4096,92,1.0,1,fixed-objective-evaluation-budget classical heuristic; exact optimum used only for retrospective scoring,1,1,1,1,1,1
n10_d50_s42,10,0.5,42,simulated_annealing,45,1722466,4096,4096,92,1.0,1,fixed-objective-evaluation-budget classical heuristic; exact optimum used only for retrospective scoring,1,1,1,1,1,1
n10_d50_s42,10,0.5,42,simulated_annealing,46,1722467,4096,4096,92,1.0,1,fixed-objective-evaluation-budget classical heuristic; exact optimum used only for retrospective scoring,1,1,1,1,1,1
n10_d50_s42,10,0.5,42,simulated_annealing,47,1722468,4096,4096,92,1.0,1,fixed-objective-evaluation-budget classical heuristic; exact optimum used only for retrospective scoring,1,1,1,1,1,1
n10_d50_s42,10,0.5,42,simulated_annealing,48,1722469,4096,4096,92,1.0,1,fixed-objective-evaluation-budget classical heuristic; exact optimum used only for retrospective scoring,1,1,1,1,1,1
n10_d50_s42,10,0.5,42,simulated_annealing,49,1722470,4096,4096,92,1.0,1,fixed-objective-evaluation-budget classical heuristic; exact optimum used only for retrospective scoring,1,1,1,1,1,1
n10_d50_s42,10,0.5,42,simulated_annealing,50,1722471,4096,4096,92,1.0,1,fixed-objective-evaluation-budget classical heuristic; exact optimum used only for retrospective scoring,1,1,1,1,1,1
n10_d50_s42,10,0.5,42,simulated_annealing,51,1722472,4096,4096,92,1.0,1,fixed-objective-evaluation-budget classical heuristic; exact optimum used only for retrospective scoring,1,1,1,1,1,1
n10_d50_s42,10,0.5,42,simulated_annealing,52,1722473,4096,4096,92,1.0,1,fixed-objective-evaluation-budget classical heuristic; exact optimum used only for retrospective scoring,1,1,1,1,1,1
n10_d50_s42,10,0.5,42,simulated_annealing,53,1722474,4096,4096,92,1.0,1,fixed-objective-evaluation-budget classical heuristic; exact optimum used only for retrospective scoring,1,1,1,1,1,1
n10_d50_s42,10,0.5,42,simulated_annealing,54,1722475,4096,4096,92,1.0,1,fixed-objective-evaluation-budget classical heuristic; exact optimum used only for retrospective scoring,1,1,1,1,1,1
n10_d50_s42,10,0.5,42,simulated_annealing,55,1722476,4096,4096,92,1.0,1,fixed-objective-evaluation-budget classical heuristic; exact optimum used only for retrospective scoring,1,1,1,1,1,1
n10_d50_s42,10,0.5,42,simulated_annealing,56,1722477,4096,4096,92,1.0,1,fixed-objective-evaluation-budget classical heuristic; exact optimum used only for retrospective scoring,1,1,1,1,1,1
n10_d50_s42,10,0.5,42,simulated_annealing,57,1722478,4096,4096,92,1.0,1,fixed-objective-evaluation-budget classical heuristic; exact optimum used only for retrospective scoring,1,1,1,1,1,1
n10_d50_s42,10,0.5,42,simulated_annealing,58,1722479,4096,4096,92,1.0,1,fixed-objective-evaluation-budget classical heuristic; exact optimum used only for retrospective scoring,1,1,1,1,1,1
n10_d50_s42,10,0.5,42,simulated_annealing,59,1722480,4096,4096,92,1.0,1,fixed-objective-evaluation-budget classical heuristic; exact optimum used only for retrospective scoring,1,1,1,1,1,1
n10_d50_s42,10,0.5,42,simulated_annealing,60,1722481,4096,4096,92,1.0,1,fixed-objective-evaluation-budget classical heuristic; exact optimum used only for retrospective scoring,1,1,1,1,1,1
n10_d50_s42,10,0.5,42,simulated_annealing,61,1722482,4096,4096,92,1.0,1,fixed-objective-evaluation-budget classical heuristic; exact optimum used only for retrospective scoring,1,1,1,1,1,1
n10_d50_s42,10,0.5,42,simulated_annealing,62,1722483,4096,4096,92,1.0,1,fixed-objective-evaluation-budget classical heuristic; exact optimum used only for retrospective scoring,1,1,1,1,1,1
n10_d50_s42,10,0.5,42,simulated_annealing,63,1722484,4096,4096,92,1.0,1,fixed-objective-evaluation-budget classical heuristic; exact optimum used only for retrospective scoring,1,1,1,1,1,1
n10_d50_s42,10,0.5,42,tabu_search,0,11722421,4096,4091,92,1.0,1,fixed-objective-evaluation-budget classical heuristic; exact optimum used only for retrospective scoring,1,1,1,1,1,1
n10_d50_s42,10,0.5,42,tabu_search,1,11722422,4096,4091,92,1.0,1,fixed-objective-evaluation-budget classical heuristic; exact optimum used only for retrospective scoring,1,1,1,1,1,1
n10_d50_s42,10,0.5,42,tabu_search,2,11722423,4096,4091,92,1.0,1,fixed-objective-evaluation-budget classical heuristic; exact optimum used only for retrospective scoring,1,1,1,1,1,1
n10_d50_s42,10,0.5,42,tabu_search,3,11722424,4096,4091,92,1.0,1,fixed-objective-evaluation-budget classical heuristic; exact optimum used only for retrospective scoring,1,1,1,1,1,1
n10_d50_s42,10,0.5,42,tabu_search,4,11722425,4096,4091,92,1.0,1,fixed-objective-evaluation-budget classical heuristic; exact optimum used only for retrospective scoring,1,1,1,1,1,1
n10_d50_s42,10,0.5,42,tabu_search,5,11722426,4096,4091,92,1.0,1,fixed-objective-evaluation-budget classical heuristic; exact optimum used only for retrospective scoring,1,1,1,1,1,1
n10_d50_s42,10,0.5,42,tabu_search,6,11722427,4096,4091,92,1.0,1,fixed-objective-evaluation-budget classical heuristic; exact optimum used only for retrospective scoring,1,1,1,1,1,1
n10_d50_s42,10,0.5,42,tabu_search,7,11722428,4096,4091,92,1.0,1,fixed-objective-evaluation-budget classical heuristic; exact optimum used only for retrospective scoring,1,1,1,1,1,1
n10_d50_s42,10,0.5,42,tabu_search,8,11722429,4096,4091,92,1.0,1,fixed-objective-evaluation-budget classical heuristic; exact optimum used only for retrospective scoring,1,1,1,1,1,1
n10_d50_s42,10,0.5,42,tabu_search,9,11722430,4096,4091,92,1.0,1,fixed-objective-evaluation-budget classical heuristic; exact optimum used only for retrospective scoring,1,1,1,1,1,1
n10_d50_s42,10,0.5,42,tabu_search,10,11722431,4096,4091,92,1.0,1,fixed-objective-evaluation-budget classical heuristic; exact optimum used only for retrospective scoring,1,1,1,1,1,1
n10_d50_s42,10,0.5,42,tabu_search,11,11722432,4096,4091,92,1.0,1,fixed-objective-evaluation-budget classical heuristic; exact optimum used only for retrospective scoring,1,1,1,1,1,1
n10_d50_s42,10,0.5,42,tabu_search,12,11722433,4096,4091,92,1.0,1,fixed-objective-evaluation-budget classical heuristic; exact optimum used only for retrospective scoring,1,1,1,1,1,1
n10_d50_s42,10,0.5,42,tabu_search,13,11722434,4096,4091,92,1.0,1,fixed-objective-evaluation-budget classical heuristic; exact optimum used only for retrospective scoring,1,1,1,1,1,1
n10_d50_s42,10,0.5,42,tabu_search,14,11722435,4096,4091,92,1.0,1,fixed-objective-evaluation-budget classical heuristic; exact optimum used only for retrospective scoring,1,1,1,1,1,1
n10_d50_s42,10,0.5,42,tabu_search,15,11722436,4096,4091,92,1.0,1,fixed-objective-evaluation-budget classical heuristic; exact optimum used only for retrospective scoring,1,1,1,1,1,1
n10_d50_s42,10,0.5,42,tabu_search,16,11722437,4096,4091,92,1.0,1,fixed-objective-evaluation-budget classical heuristic; exact optimum used only for retrospective scoring,1,1,1,1,1,1
n10_d50_s42,10,0.5,42,tabu_search,17,11722438,4096,4091,92,1.0,1,fixed-objective-evaluation-budget classical heuristic; exact optimum used only for retrospective scoring,1,1,1,1,1,1
n10_d50_s42,10,0.5,42,tabu_search,18,11722439,4096,4091,92,1.0,1,fixed-objective-evaluation-budget classical heuristic; exact optimum used only for retrospective scoring,1,1,1,1,1,1
n10_d50_s42,10,0.5,42,tabu_search,19,11722440,4096,4091,92,1.0,1,fixed-objective-evaluation-budget classical heuristic; exact optimum used only for retrospective scoring,1,1,1,1,1,1
n10_d50_s42,10,0.5,42,tabu_search,20,11722441,4096,4091,92,1.0,1,fixed-objective-evaluation-budget classical heuristic; exact optimum used only for retrospective scoring,1,1,1,1,1,1
n10_d50_s42,10,0.5,42,tabu_search,21,11722442,4096,4091,92,1.0,1,fixed-objective-evaluation-budget classical heuristic; exact optimum used only for retrospective scoring,1,1,1,1,1,1
n10_d50_s42,10,0.5,42,tabu_search,22,11722443,4096,4091,92,1.0,1,fixed-objective-evaluation-budget classical heuristic; exact optimum used only for retrospective scoring,1,1,1,1,1,1
n10_d50_s42,10,0.5,42,tabu_search,23,11722444,4096,4091,92,1.0,1,fixed-objective-evaluation-budget classical heuristic; exact optimum used only for retrospective scoring,1,1,1,1,1,1
n10_d50_s42,10,0.5,42,tabu_search,24,11722445,4096,4091,92,1.0,1,fixed-objective-evaluation-budget classical heuristic; exact optimum used only for retrospective scoring,1,1,1,1,1,1
n10_d50_s42,10,0.5,42,tabu_search,25,11722446,4096,4091,92,1.0,1,fixed-objective-evaluation-budget classical heuristic; exact optimum used only for retrospective scoring,1,1,1,1,1,1
n10_d50_s42,10,0.5,42,tabu_search,26,11722447,4096,4091,92,1.0,1,fixed-objective-evaluation-budget classical heuristic; exact optimum used only for retrospective scoring,1,1,1,1,1,1
n10_d50_s42,10,0.5,42,tabu_search,27,11722448,4096,4091,92,1.0,1,fixed-objective-evaluation-budget classical heuristic; exact optimum used only for retrospective scoring,1,1,1,1,1,1
n10_d50_s42,10,0.5,42,tabu_search,28,11722449,4096,4091,92,1.0,1,fixed-objective-evaluation-budget classical heuristic; exact optimum used only for retrospective scoring,1,1,1,1,1,1
n10_d50_s42,10,0.5,42,tabu_search,29,11722450,4096,4091,92,1.0,1,fixed-objective-evaluation-budget classical heuristic; exact optimum used only for retrospective scoring,1,1,1,1,1,1
n10_d50_s42,10,0.5,42,tabu_search,30,11722451,4096,4091,92,1.0,1,fixed-objective-evaluation-budget classical heuristic; exact optimum used only for retrospective scoring,1,1,1,1,1,1
n10_d50_s42,10,0.5,42,tabu_search,31,11722452,4096,4091,92,1.0,1,fixed-objective-evaluation-budget classical heuristic; exact optimum used only for retrospective scoring,1,1,1,1,1,1
n10_d50_s42,10,0.5,42,tabu_search,32,11722453,4096,4091,92,1.0,1,fixed-objective-evaluation-budget classical heuristic; exact optimum used only for retrospective scoring,1,1,1,1,1,1
n10_d50_s42,10,0.5,42,tabu_search,33,11722454,4096,4091,92,1.0,1,fixed-objective-evaluation-budget classical heuristic; exact optimum used only for retrospective scoring,1,1,1,1,1,1
n10_d50_s42,10,0.5,42,tabu_search,34,11722455,4096,4091,92,1.0,1,fixed-objective-evaluation-budget classical heuristic; exact optimum used only for retrospective scoring,1,1,1,1,1,1
n10_d50_s42,10,0.5,42,tabu_search,35,11722456,4096,4091,92,1.0,1,fixed-objective-evaluation-budget classical heuristic; exact optimum used only for retrospective scoring,1,1,1,1,1,1
n10_d50_s42,10,0.5,42,tabu_search,36,11722457,4096,4091,92,1.0,1,fixed-objective-evaluation-budget classical heuristic; exact optimum used only for retrospective scoring,1,1,1,1,1,1
n10_d50_s42,10,0.5,42,tabu_search,37,11722458,4096,4091,92,1.0,1,fixed-objective-evaluation-budget classical heuristic; exact optimum used only for retrospective scoring,1,1,1,1,1,1
n10_d50_s42,10,0.5,42,tabu_search,38,11722459,4096,4091,92,1.0,1,fixed-objective-evaluation-budget classical heuristic; exact optimum used only for retrospective scoring,1,1,1,1,1,1
n10_d50_s42,10,0.5,42,tabu_search,39,11722460,4096,4091,92,1.0,1,fixed-objective-evaluation-budget classical heuristic; exact optimum used only for retrospective scoring,1,1,1,1,1,1
n10_d50_s42,10,0.5,42,tabu_search,40,11722461,4096,4091,92,1.0,1,fixed-objective-evaluation-budget classical heuristic; exact optimum used only for retrospective scoring,1,1,1,1,1,1
n10_d50_s42,10,0.5,42,tabu_search,41,11722462,4096,4091,92,1.0,1,fixed-objective-evaluation-budget classical heuristic; exact optimum used only for retrospective scoring,1,1,1,1,1,1
n10_d50_s42,10,0.5,42,tabu_search,42,11722463,4096,4091,92,1.0,1,fixed-objective-evaluation-budget classical heuristic; exact optimum used only for retrospective scoring,1,1,1,1,1,1
n10_d50_s42,10,0.5,42,tabu_search,43,11722464,4096,4091,92,1.0,1,fixed-objective-evaluation-budget classical heuristic; exact optimum used only for retrospective scoring,1,1,1,1,1,1
n10_d50_s42,10,0.5,42,tabu_search,44,11722465,4096,4091,92,1.0,1,fixed-objective-evaluation-budget classical heuristic; exact optimum used only for retrospective scoring,1,1,1,1,1,1
n10_d50_s42,10,0.5,42,tabu_search,45,11722466,4096,4091,92,1.0,1,fixed-objective-evaluation-budget classical heuristic; exact optimum used only for retrospective scoring,1,1,1,1,1,1
n10_d50_s42,10,0.5,42,tabu_search,46,11722467,4096,4091,92,1.0,1,fixed-objective-evaluation-budget classical heuristic; exact optimum used only for retrospective scoring,1,1,1,1,1,1
n10_d50_s42,10,0.5,42,tabu_search,47,11722468,4096,4091,92,1.0,1,fixed-objective-evaluation-budget classical heuristic; exact optimum used only for retrospective scoring,1,1,1,1,1,1
n10_d50_s42,10,0.5,42,tabu_search,48,11722469,4096,4091,92,1.0,1,fixed-objective-evaluation-budget classical heuristic; exact optimum used only for retrospective scoring,1,1,1,1,1,1
n10_d50_s42,10,0.5,42,tabu_search,49,11722470,4096,4091,92,1.0,1,fixed-objective-evaluation-budget classical heuristic; exact optimum used only for retrospective scoring,1,1,1,1,1,1
n10_d50_s42,10,0.5,42,tabu_search,50,11722471,4096,4091,92,1.0,1,fixed-objective-evaluation-budget classical heuristic; exact optimum used only for retrospective scoring,1,1,1,1,1,1
n10_d50_s42,10,0.5,42,tabu_search,51,11722472,4096,4091,92,1.0,1,fixed-objective-evaluation-budget classical heuristic; exact optimum used only for retrospective scoring,1,1,1,1,1,1
n10_d50_s42,10,0.5,42,tabu_search,52,11722473,4096,4091,92,1.0,1,fixed-objective-evaluation-budget classical heuristic; exact optimum used only for retrospective scoring,1,1,1,1,1,1
n10_d50_s42,10,0.5,42,tabu_search,53,11722474,4096,4091,92,1.0,1,fixed-objective-evaluation-budget classical heuristic; exact optimum used only for retrospective scoring,1,1,1,1,1,1
n10_d50_s42,10,0.5,42,tabu_search,54,11722475,4096,4091,92,1.0,1,fixed-objective-evaluation-budget classical heuristic; exact optimum used only for retrospective scoring,1,1,1,1,1,1
n10_d50_s42,10,0.5,42,tabu_search,55,11722476,4096,4091,92,1.0,1,fixed-objective-evaluation-budget classical heuristic; exact optimum used only for retrospective scoring,1,1,1,1,1,1
n10_d50_s42,10,0.5,42,tabu_search,56,11722477,4096,4091,92,1.0,1,fixed-objective-evaluation-budget classical heuristic; exact optimum used only for retrospective scoring,1,1,1,1,1,1
n10_d50_s42,10,0.5,42,tabu_search,57,11722478,4096,4091,92,1.0,1,fixed-objective-evaluation-budget classical heuristic; exact optimum used only for retrospective scoring,1,1,1,1,1,1
n10_d50_s42,10,0.5,42,tabu_search,58,11722479,4096,4091,92,1.0,1,fixed-objective-evaluation-budget classical heuristic; exact optimum used only for retrospective scoring,1,1,1,1,1,1
n10_d50_s42,10,0.5,42,tabu_search,59,11722480,4096,4091,92,1.0,1,fixed-objective-evaluation-budget classical heuristic; exact optimum used only for retrospective scoring,1,1,1,1,1,1
n10_d50_s42,10,0.5,42,tabu_search,60,11722481,4096,4091,92,1.0,1,fixed-objective-evaluation-budget classical heuristic; exact optimum used only for retrospective scoring,1,1,1,1,1,1
n10_d50_s42,10,0.5,42,tabu_search,61,11722482,4096,4091,92,1.0,1,fixed-objective-evaluation-budget classical heuristic; exact optimum used only for retrospective scoring,1,1,1,1,1,1
n10_d50_s42,10,0.5,42,tabu_search,62,11722483,4096,4091,92,1.0,1,fixed-objective-evaluation-budget classical heuristic; exact optimum used only for retrospective scoring,1,1,1,1,1,1
n10_d50_s42,10,0.5,42,tabu_search,63,11722484,4096,4091,92,1.0,1,fixed-objective-evaluation-budget classical heuristic; exact optimum used only for retrospective scoring,1,1,1,1,1,1
n10_d75_s17,10,0.75,17,simulated_annealing,0,1734171,4096,4096,115,1.0,1,fixed-objective-evaluation-budget classical heuristic; exact optimum used only for retrospective scoring,1,1,1,1,1,0
n10_d75_s17,10,0.75,17,simulated_annealing,1,1734172,4096,4096,115,1.0,1,fixed-objective-evaluation-budget classical heuristic; exact optimum used only for retrospective scoring,1,1,1,1,1,0
n10_d75_s17,10,0.75,17,simulated_annealing,2,1734173,4096,4096,115,1.0,1,fixed-objective-evaluation-budget classical heuristic; exact optimum used only for retrospective scoring,1,1,1,1,1,0
n10_d75_s17,10,0.75,17,simulated_annealing,3,1734174,4096,4096,115,1.0,1,fixed-objective-evaluation-budget classical heuristic; exact optimum used only for retrospective scoring,1,1,1,1,1,0
n10_d75_s17,10,0.75,17,simulated_annealing,4,1734175,4096,4096,115,1.0,1,fixed-objective-evaluation-budget classical heuristic; exact optimum used only for retrospective scoring,1,1,1,1,1,0
n10_d75_s17,10,0.75,17,simulated_annealing,5,1734176,4096,4096,115,1.0,1,fixed-objective-evaluation-budget classical heuristic; exact optimum used only for retrospective scoring,1,1,1,1,1,0
n10_d75_s17,10,0.75,17,simulated_annealing,6,1734177,4096,4096,115,1.0,1,fixed-objective-evaluation-budget classical heuristic; exact optimum used only for retrospective scoring,1,1,1,1,1,0
n10_d75_s17,10,0.75,17,simulated_annealing,7,1734178,4096,4096,115,1.0,1,fixed-objective-evaluation-budget classical heuristic; exact optimum used only for retrospective scoring,1,1,1,1,1,0
n10_d75_s17,10,0.75,17,simulated_annealing,8,1734179,4096,4096,115,1.0,1,fixed-objective-evaluation-budget classical heuristic; exact optimum used only for retrospective scoring,1,1,1,1,1,0
n10_d75_s17,10,0.75,17,simulated_annealing,9,1734180,4096,4096,115,1.0,1,fixed-objective-evaluation-budget classical heuristic; exact optimum used only for retrospective scoring,1,1,1,1,1,0
n10_d75_s17,10,0.75,17,simulated_annealing,10,1734181,4096,4096,115,1.0,1,fixed-objective-evaluation-budget classical heuristic; exact optimum used only for retrospective scoring,1,1,1,1,1,0
n10_d75_s17,10,0.75,17,simulated_annealing,11,1734182,4096,4096,115,1.0,1,fixed-objective-evaluation-budget classical heuristic; exact optimum used only for retrospective scoring,1,1,1,1,1,0
n10_d75_s17,10,0.75,17,simulated_annealing,12,1734183,4096,4096,115,1.0,1,fixed-objective-evaluation-budget classical heuristic; exact optimum used only for retrospective scoring,1,1,1,1,1,0
n10_d75_s17,10,0.75,17,simulated_annealing,13,1734184,4096,4096,115,1.0,1,fixed-objective-evaluation-budget classical heuristic; exact optimum used only for retrospective scoring,1,1,1,1,1,0
n10_d75_s17,10,0.75,17,simulated_annealing,14,1734185,4096,4096,115,1.0,1,fixed-objective-evaluation-budget classical heuristic; exact optimum used only for retrospective scoring,1,1,1,1,1,0
n10_d75_s17,10,0.75,17,simulated_annealing,15,1734186,4096,4096,115,1.0,1,fixed-objective-evaluation-budget classical heuristic; exact optimum used only for retrospective scoring,1,1,1,1,1,0
n10_d75_s17,10,0.75,17,simulated_annealing,16,1734187,4096,4096,115,1.0,1,fixed-objective-evaluation-budget classical heuristic; exact optimum used only for retrospective scoring,1,1,1,1,1,0
n10_d75_s17,10,0.75,17,simulated_annealing,17,1734188,4096,4096,115,1.0,1,fixed-objective-evaluation-budget classical heuristic; exact optimum used only for retrospective scoring,1,1,1,1,1,0
n10_d75_s17,10,0.75,17,simulated_annealing,18,1734189,4096,4096,115,1.0,1,fixed-objective-evaluation-budget classical heuristic; exact optimum used only for retrospective scoring,1,1,1,1,1,0
n10_d75_s17,10,0.75,17,simulated_annealing,19,1734190,4096,4096,115,1.0,1,fixed-objective-evaluation-budget classical heuristic; exact optimum used only for retrospective scoring,1,1,1,1,1,0
n10_d75_s17,10,0.75,17,simulated_annealing,20,1734191,4096,4096,115,1.0,1,fixed-objective-evaluation-budget classical heuristic; exact optimum used only for retrospective scoring,1,1,1,1,1,0
n10_d75_s17,10,0.75,17,simulated_annealing,21,1734192,4096,4096,115,1.0,1,fixed-objective-evaluation-budget classical heuristic; exact optimum used only for retrospective scoring,1,1,1,1,1,0
n10_d75_s17,10,0.75,17,simulated_annealing,22,1734193,4096,4096,115,1.0,1,fixed-objective-evaluation-budget classical heuristic; exact optimum used only for retrospective scoring,1,1,1,1,1,0
n10_d75_s17,10,0.75,17,simulated_annealing,23,1734194,4096,4096,115,1.0,1,fixed-objective-evaluation-budget classical heuristic; exact optimum used only for retrospective scoring,1,1,1,1,1,0
n10_d75_s17,10,0.75,17,simulated_annealing,24,1734195,4096,4096,115,1.0,1,fixed-objective-evaluation-budget classical heuristic; exact optimum used only for retrospective scoring,1,1,1,1,1,0
n10_d75_s17,10,0.75,17,simulated_annealing,25,1734196,4096,4096,115,1.0,1,fixed-objective-evaluation-budget classical heuristic; exact optimum used only for retrospective scoring,1,1,1,1,1,0
n10_d75_s17,10,0.75,17,simulated_annealing,26,1734197,4096,4096,115,1.0,1,fixed-objective-evaluation-budget classical heuristic; exact optimum used only for retrospective scoring,1,1,1,1,1,0
n10_d75_s17,10,0.75,17,simulated_annealing,27,1734198,4096,4096,115,1.0,1,fixed-objective-evaluation-budget classical heuristic; exact optimum used only for retrospective scoring,1,1,1,1,1,0
n10_d75_s17,10,0.75,17,simulated_annealing,28,1734199,4096,4096,115,1.0,1,fixed-objective-evaluation-budget classical heuristic; exact optimum used only for retrospective scoring,1,1,1,1,1,0
n10_d75_s17,10,0.75,17,simulated_annealing,29,1734200,4096,4096,115,1.0,1,fixed-objective-evaluation-budget classical heuristic; exact optimum used only for retrospective scoring,1,1,1,1,1,0
n10_d75_s17,10,0.75,17,simulated_annealing,30,1734201,4096,4096,115,1.0,1,fixed-objective-evaluation-budget classical heuristic; exact optimum used only for retrospective scoring,1,1,1,1,1,0
n10_d75_s17,10,0.75,17,simulated_annealing,31,1734202,4096,4096,115,1.0,1,fixed-objective-evaluation-budget classical heuristic; exact optimum used only for retrospective scoring,1,1,1,1,1,0
n10_d75_s17,10,0.75,17,simulated_annealing,32,1734203,4096,4096,115,1.0,1,fixed-objective-evaluation-budget classical heuristic; exact optimum used only for retrospective scoring,1,1,1,1,1,0
n10_d75_s17,10,0.75,17,simulated_annealing,33,1734204,4096,4096,115,1.0,1,fixed-objective-evaluation-budget classical heuristic; exact optimum used only for retrospective scoring,1,1,1,1,1,0
n10_d75_s17,10,0.75,17,simulated_annealing,34,1734205,4096,4096,115,1.0,1,fixed-objective-evaluation-budget classical heuristic; exact optimum used only for retrospective scoring,1,1,1,1,1,0
n10_d75_s17,10,0.75,17,simulated_annealing,35,1734206,4096,4096,115,1.0,1,fixed-objective-evaluation-budget classical heuristic; exact optimum used only for retrospective scoring,1,1,1,1,1,0
n10_d75_s17,10,0.75,17,simulated_annealing,36,1734207,4096,4096,115,1.0,1,fixed-objective-evaluation-budget classical heuristic; exact optimum used only for retrospective scoring,1,1,1,1,1,0
n10_d75_s17,10,0.75,17,simulated_annealing,37,1734208,4096,4096,115,1.0,1,fixed-objective-evaluation-budget classical heuristic; exact optimum used only for retrospective scoring,1,1,1,1,1,0
n10_d75_s17,10,0.75,17,simulated_annealing,38,1734209,4096,4096,115,1.0,1,fixed-objective-evaluation-budget classical heuristic; exact optimum used only for retrospective scoring,1,1,1,1,1,0
n10_d75_s17,10,0.75,17,simulated_annealing,39,1734210,4096,4096,115,1.0,1,fixed-objective-evaluation-budget classical heuristic; exact optimum used only for retrospective scoring,1,1,1,1,1,0
n10_d75_s17,10,0.75,17,simulated_annealing,40,1734211,4096,4096,115,1.0,1,fixed-objective-evaluation-budget classical heuristic; exact optimum used only for retrospective scoring,1,1,1,1,1,0
n10_d75_s17,10,0.75,17,simulated_annealing,41,1734212,4096,4096,115,1.0,1,fixed-objective-evaluation-budget classical heuristic; exact optimum used only for retrospective scoring,1,1,1,1,1,0
n10_d75_s17,10,0.75,17,simulated_annealing,42,1734213,4096,4096,115,1.0,1,fixed-objective-evaluation-budget classical heuristic; exact optimum used only for retrospective scoring,1,1,1,1,1,0
n10_d75_s17,10,0.75,17,simulated_annealing,43,1734214,4096,4096,115,1.0,1,fixed-objective-evaluation-budget classical heuristic; exact optimum used only for retrospective scoring,1,1,1,1,1,0
n10_d75_s17,10,0.75,17,simulated_annealing,44,1734215,4096,4096,115,1.0,1,fixed-objective-evaluation-budget classical heuristic; exact optimum used only for retrospective scoring,1,1,1,1,1,0
n10_d75_s17,10,0.75,17,simulated_annealing,45,1734216,4096,4096,115,1.0,1,fixed-objective-evaluation-budget classical heuristic; exact optimum used only for retrospective scoring,1,1,1,1,1,0
n10_d75_s17,10,0.75,17,simulated_annealing,46,1734217,4096,4096,115,1.0,1,fixed-objective-evaluation-budget classical heuristic; exact optimum used only for retrospective scoring,1,1,1,1,1,0
n10_d75_s17,10,0.75,17,simulated_annealing,47,1734218,4096,4096,115,1.0,1,fixed-objective-evaluation-budget classical heuristic; exact optimum used only for retrospective scoring,1,1,1,1,1,0
n10_d75_s17,10,0.75,17,simulated_annealing,48,1734219,4096,4096,115,1.0,1,fixed-objective-evaluation-budget classical heuristic; exact optimum used only for retrospective scoring,1,1,1,1,1,0
n10_d75_s17,10,0.75,17,simulated_annealing,49,1734220,4096,4096,115,1.0,1,fixed-objective-evaluation-budget classical heuristic; exact optimum used only for retrospective scoring,1,1,1,1,1,0
n10_d75_s17,10,0.75,17,simulated_annealing,50,1734221,4096,4096,115,1.0,1,fixed-objective-evaluation-budget classical heuristic; exact optimum used only for retrospective scoring,1,1,1,1,1,0
n10_d75_s17,10,0.75,17,simulated_annealing,51,1734222,4096,4096,115,1.0,1,fixed-objective-evaluation-budget classical heuristic; exact optimum used only for retrospective scoring,1,1,1,1,1,0
n10_d75_s17,10,0.75,17,simulated_annealing,52,1734223,4096,4096,115,1.0,1,fixed-objective-evaluation-budget classical heuristic; exact optimum used only for retrospective scoring,1,1,1,1,1,0
n10_d75_s17,10,0.75,17,simulated_annealing,53,1734224,4096,4096,115,1.0,1,fixed-objective-evaluation-budget classical heuristic; exact optimum used only for retrospective scoring,1,1,1,1,1,0
n10_d75_s17,10,0.75,17,simulated_annealing,54,1734225,4096,4096,115,1.0,1,fixed-objective-evaluation-budget classical heuristic; exact optimum used only for retrospective scoring,1,1,1,1,1,0
n10_d75_s17,10,0.75,17,simulated_annealing,55,1734226,4096,4096,115,1.0,1,fixed-objective-evaluation-budget classical heuristic; exact optimum used only for retrospective scoring,1,1,1,1,1,0
n10_d75_s17,10,0.75,17,simulated_annealing,56,1734227,4096,4096,115,1.0,1,fixed-objective-evaluation-budget classical heuristic; exact optimum used only for retrospective scoring,1,1,1,1,1,0
n10_d75_s17,10,0.75,17,simulated_annealing,57,1734228,4096,4096,115,1.0,1,fixed-objective-evaluation-budget classical heuristic; exact optimum used only for retrospective scoring,1,1,1,1,1,0
n10_d75_s17,10,0.75,17,simulated_annealing,58,1734229,4096,4096,115,1.0,1,fixed-objective-evaluation-budget classical heuristic; exact optimum used only for retrospective scoring,1,1,1,1,1,0
n10_d75_s17,10,0.75,17,simulated_annealing,59,1734230,4096,4096,115,1.0,1,fixed-objective-evaluation-budget classical heuristic; exact optimum used only for retrospective scoring,1,1,1,1,1,0
n10_d75_s17,10,0.75,17,simulated_annealing,60,1734231,4096,4096,115,1.0,1,fixed-objective-evaluation-budget classical heuristic; exact optimum used only for retrospective scoring,1,1,1,1,1,0
n10_d75_s17,10,0.75,17,simulated_annealing,61,1734232,4096,4096,115,1.0,1,fixed-objective-evaluation-budget classical heuristic; exact optimum used only for retrospective scoring,1,1,1,1,1,0
n10_d75_s17,10,0.75,17,simulated_annealing,62,1734233,4096,4096,115,1.0,1,fixed-objective-evaluation-budget classical heuristic; exact optimum used only for retrospective scoring,1,1,1,1,1,0
n10_d75_s17,10,0.75,17,simulated_annealing,63,1734234,4096,4096,115,1.0,1,fixed-objective-evaluation-budget classical heuristic; exact optimum used only for retrospective scoring,1,1,1,1,1,0
n10_d75_s17,10,0.75,17,tabu_search,0,11734171,4096,4091,115,1.0,1,fixed-objective-evaluation-budget classical heuristic; exact optimum used only for retrospective scoring,1,1,1,1,1,0
n10_d75_s17,10,0.75,17,tabu_search,1,11734172,4096,4091,115,1.0,1,fixed-objective-evaluation-budget classical heuristic; exact optimum used only for retrospective scoring,1,1,1,1,1,0
n10_d75_s17,10,0.75,17,tabu_search,2,11734173,4096,4091,115,1.0,1,fixed-objective-evaluation-budget classical heuristic; exact optimum used only for retrospective scoring,1,1,1,1,1,0
n10_d75_s17,10,0.75,17,tabu_search,3,11734174,4096,4091,115,1.0,1,fixed-objective-evaluation-budget classical heuristic; exact optimum used only for retrospective scoring,1,1,1,1,1,0
n10_d75_s17,10,0.75,17,tabu_search,4,11734175,4096,4091,115,1.0,1,fixed-objective-evaluation-budget classical heuristic; exact optimum used only for retrospective scoring,1,1,1,1,1,0
n10_d75_s17,10,0.75,17,tabu_search,5,11734176,4096,4091,115,1.0,1,fixed-objective-evaluation-budget classical heuristic; exact optimum used only for retrospective scoring,1,1,1,1,1,0
n10_d75_s17,10,0.75,17,tabu_search,6,11734177,4096,4091,115,1.0,1,fixed-objective-evaluation-budget classical heuristic; exact optimum used only for retrospective scoring,1,1,1,1,1,0
n10_d75_s17,10,0.75,17,tabu_search,7,11734178,4096,4091,115,1.0,1,fixed-objective-evaluation-budget classical heuristic; exact optimum used only for retrospective scoring,1,1,1,1,1,0
n10_d75_s17,10,0.75,17,tabu_search,8,11734179,4096,4091,115,1.0,1,fixed-objective-evaluation-budget classical heuristic; exact optimum used only for retrospective scoring,1,1,1,1,1,0
n10_d75_s17,10,0.75,17,tabu_search,9,11734180,4096,4091,115,1.0,1,fixed-objective-evaluation-budget classical heuristic; exact optimum used only for retrospective scoring,1,1,1,1,1,0
n10_d75_s17,10,0.75,17,tabu_search,10,11734181,4096,4091,115,1.0,1,fixed-objective-evaluation-budget classical heuristic; exact optimum used only for retrospective scoring,1,1,1,1,1,0
n10_d75_s17,10,0.75,17,tabu_search,11,11734182,4096,4091,115,1.0,1,fixed-objective-evaluation-budget classical heuristic; exact optimum used only for retrospective scoring,1,1,1,1,1,0
n10_d75_s17,10,0.75,17,tabu_search,12,11734183,4096,4091,115,1.0,1,fixed-objective-evaluation-budget classical heuristic; exact optimum used only for retrospective scoring,1,1,1,1,1,0
n10_d75_s17,10,0.75,17,tabu_search,13,11734184,4096,4091,115,1.0,1,fixed-objective-evaluation-budget classical heuristic; exact optimum used only for retrospective scoring,1,1,1,1,1,0
n10_d75_s17,10,0.75,17,tabu_search,14,11734185,4096,4091,115,1.0,1,fixed-objective-evaluation-budget classical heuristic; exact optimum used only for retrospective scoring,1,1,1,1,1,0
n10_d75_s17,10,0.75,17,tabu_search,15,11734186,4096,4091,115,1.0,1,fixed-objective-evaluation-budget classical heuristic; exact optimum used only for retrospective scoring,1,1,1,1,1,0
n10_d75_s17,10,0.75,17,tabu_search,16,11734187,4096,4091,115,1.0,1,fixed-objective-evaluation-budget classical heuristic; exact optimum used only for retrospective scoring,1,1,1,1,1,0
n10_d75_s17,10,0.75,17,tabu_search,17,11734188,4096,4091,115,1.0,1,fixed-objective-evaluation-budget classical heuristic; exact optimum used only for retrospective scoring,1,1,1,1,1,0
n10_d75_s17,10,0.75,17,tabu_search,18,11734189,4096,4091,115,1.0,1,fixed-objective-evaluation-budget classical heuristic; exact optimum used only for retrospective scoring,1,1,1,1,1,0
n10_d75_s17,10,0.75,17,tabu_search,19,11734190,4096,4091,115,1.0,1,fixed-objective-evaluation-budget classical heuristic; exact optimum used only for retrospective scoring,1,1,1,1,1,0
n10_d75_s17,10,0.75,17,tabu_search,20,11734191,4096,4091,115,1.0,1,fixed-objective-evaluation-budget classical heuristic; exact optimum used only for retrospective scoring,1,1,1,1,1,0
n10_d75_s17,10,0.75,17,tabu_search,21,11734192,4096,4091,115,1.0,1,fixed-objective-evaluation-budget classical heuristic; exact optimum used only for retrospective scoring,1,1,1,1,1,0
n10_d75_s17,10,0.75,17,tabu_search,22,11734193,4096,4091,115,1.0,1,fixed-objective-evaluation-budget classical heuristic; exact optimum used only for retrospective scoring,1,1,1,1,1,0
n10_d75_s17,10,0.75,17,tabu_search,23,11734194,4096,4091,115,1.0,1,fixed-objective-evaluation-budget classical heuristic; exact optimum used only for retrospective scoring,1,1,1,1,1,0
n10_d75_s17,10,0.75,17,tabu_search,24,11734195,4096,4091,115,1.0,1,fixed-objective-evaluation-budget classical heuristic; exact optimum used only for retrospective scoring,1,1,1,1,1,0
n10_d75_s17,10,0.75,17,tabu_search,25,11734196,4096,4091,115,1.0,1,fixed-objective-evaluation-budget classical heuristic; exact optimum used only for retrospective scoring,1,1,1,1,1,0
n10_d75_s17,10,0.75,17,tabu_search,26,11734197,4096,4091,115,1.0,1,fixed-objective-evaluation-budget classical heuristic; exact optimum used only for retrospective scoring,1,1,1,1,1,0
n10_d75_s17,10,0.75,17,tabu_search,27,11734198,4096,4091,115,1.0,1,fixed-objective-evaluation-budget classical heuristic; exact optimum used only for retrospective scoring,1,1,1,1,1,0
n10_d75_s17,10,0.75,17,tabu_search,28,11734199,4096,4091,115,1.0,1,fixed-objective-evaluation-budget classical heuristic; exact optimum used only for retrospective scoring,1,1,1,1,1,0
n10_d75_s17,10,0.75,17,tabu_search,29,11734200,4096,4091,115,1.0,1,fixed-objective-evaluation-budget classical heuristic; exact optimum used only for retrospective scoring,1,1,1,1,1,0
n10_d75_s17,10,0.75,17,tabu_search,30,11734201,4096,4091,115,1.0,1,fixed-objective-evaluation-budget classical heuristic; exact optimum used only for retrospective scoring,1,1,1,1,1,0
n10_d75_s17,10,0.75,17,tabu_search,31,11734202,4096,4091,115,1.0,1,fixed-objective-evaluation-budget classical heuristic; exact optimum used only for retrospective scoring,1,1,1,1,1,0
n10_d75_s17,10,0.75,17,tabu_search,32,11734203,4096,4091,115,1.0,1,fixed-objective-evaluation-budget classical heuristic; exact optimum used only for retrospective scoring,1,1,1,1,1,0
n10_d75_s17,10,0.75,17,tabu_search,33,11734204,4096,4091,115,1.0,1,fixed-objective-evaluation-budget classical heuristic; exact optimum used only for retrospective scoring,1,1,1,1,1,0
n10_d75_s17,10,0.75,17,tabu_search,34,11734205,4096,4091,115,1.0,1,fixed-objective-evaluation-budget classical heuristic; exact optimum used only for retrospective scoring,1,1,1,1,1,0
n10_d75_s17,10,0.75,17,tabu_search,35,11734206,4096,4091,115,1.0,1,fixed-objective-evaluation-budget classical heuristic; exact optimum used only for retrospective scoring,1,1,1,1,1,0
n10_d75_s17,10,0.75,17,tabu_search,36,11734207,4096,4091,115,1.0,1,fixed-objective-evaluation-budget classical heuristic; exact optimum used only for retrospective scoring,1,1,1,1,1,0
n10_d75_s17,10,0.75,17,tabu_search,37,11734208,4096,4091,115,1.0,1,fixed-objective-evaluation-budget classical heuristic; exact optimum used only for retrospective scoring,1,1,1,1,1,0
n10_d75_s17,10,0.75,17,tabu_search,38,11734209,4096,4091,115,1.0,1,fixed-objective-evaluation-budget classical heuristic; exact optimum used only for retrospective scoring,1,1,1,1,1,0
n10_d75_s17,10,0.75,17,tabu_search,39,11734210,4096,4091,115,1.0,1,fixed-objective-evaluation-budget classical heuristic; exact optimum used only for retrospective scoring,1,1,1,1,1,0
n10_d75_s17,10,0.75,17,tabu_search,40,11734211,4096,4091,115,1.0,1,fixed-objective-evaluation-budget classical heuristic; exact optimum used only for retrospective scoring,1,1,1,1,1,0
n10_d75_s17,10,0.75,17,tabu_search,41,11734212,4096,4091,115,1.0,1,fixed-objective-evaluation-budget classical heuristic; exact optimum used only for retrospective scoring,1,1,1,1,1,0
n10_d75_s17,10,0.75,17,tabu_search,42,11734213,4096,4091,115,1.0,1,fixed-objective-evaluation-budget classical heuristic; exact optimum used only for retrospective scoring,1,1,1,1,1,0
n10_d75_s17,10,0.75,17,tabu_search,43,11734214,4096,4091,115,1.0,1,fixed-objective-evaluation-budget classical heuristic; exact optimum used only for retrospective scoring,1,1,1,1,1,0
n10_d75_s17,10,0.75,17,tabu_search,44,11734215,4096,4091,115,1.0,1,fixed-objective-evaluation-budget classical heuristic; exact optimum used only for retrospective scoring,1,1,1,1,1,0
n10_d75_s17,10,0.75,17,tabu_search,45,11734216,4096,4091,115,1.0,1,fixed-objective-evaluation-budget classical heuristic; exact optimum used only for retrospective scoring,1,1,1,1,1,0
n10_d75_s17,10,0.75,17,tabu_search,46,11734217,4096,4091,115,1.0,1,fixed-objective-evaluation-budget classical heuristic; exact optimum used only for retrospective scoring,1,1,1,1,1,0
n10_d75_s17,10,0.75,17,tabu_search,47,11734218,4096,4091,115,1.0,1,fixed-objective-evaluation-budget classical heuristic; exact optimum used only for retrospective scoring,1,1,1,1,1,0
n10_d75_s17,10,0.75,17,tabu_search,48,11734219,4096,4091,115,1.0,1,fixed-objective-evaluation-budget classical heuristic; exact optimum used only for retrospective scoring,1,1,1,1,1,0
n10_d75_s17,10,0.75,17,tabu_search,49,11734220,4096,4091,115,1.0,1,fixed-objective-evaluation-budget classical heuristic; exact optimum used only for retrospective scoring,1,1,1,1,1,0
n10_d75_s17,10,0.75,17,tabu_search,50,11734221,4096,4091,115,1.0,1,fixed-objective-evaluation-budget classical heuristic; exact optimum used only for retrospective scoring,1,1,1,1,1,0
n10_d75_s17,10,0.75,17,tabu_search,51,11734222,4096,4091,115,1.0,1,fixed-objective-evaluation-budget classical heuristic; exact optimum used only for retrospective scoring,1,1,1,1,1,0
n10_d75_s17,10,0.75,17,tabu_search,52,11734223,4096,4091,115,1.0,1,fixed-objective-evaluation-budget classical heuristic; exact optimum used only for retrospective scoring,1,1,1,1,1,0
n10_d75_s17,10,0.75,17,tabu_search,53,11734224,4096,4091,115,1.0,1,fixed-objective-evaluation-budget classical heuristic; exact optimum used only for retrospective scoring,1,1,1,1,1,0
n10_d75_s17,10,0.75,17,tabu_search,54,11734225,4096,4091,115,1.0,1,fixed-objective-evaluation-budget classical heuristic; exact optimum used only for retrospective scoring,1,1,1,1,1,0
n10_d75_s17,10,0.75,17,tabu_search,55,11734226,4096,4091,115,1.0,1,fixed-objective-evaluation-budget classical heuristic; exact optimum used only for retrospective scoring,1,1,1,1,1,0
n10_d75_s17,10,0.75,17,tabu_search,56,11734227,4096,4091,115,1.0,1,fixed-objective-evaluation-budget classical heuristic; exact optimum used only for retrospective scoring,1,1,1,1,1,0
n10_d75_s17,10,0.75,17,tabu_search,57,11734228,4096,4091,115,1.0,1,fixed-objective-evaluation-budget classical heuristic; exact optimum used only for retrospective scoring,1,1,1,1,1,0
n10_d75_s17,10,0.75,17,tabu_search,58,11734229,4096,4091,115,1.0,1,fixed-objective-evaluation-budget classical heuristic; exact optimum used only for retrospective scoring,1,1,1,1,1,0
n10_d75_s17,10,0.75,17,tabu_search,59,11734230,4096,4091,115,1.0,1,fixed-objective-evaluation-budget classical heuristic; exact optimum used only for retrospective scoring,1,1,1,1,1,0
n10_d75_s17,10,0.75,17,tabu_search,60,11734231,4096,4091,115,1.0,1,fixed-objective-evaluation-budget classical heuristic; exact optimum used only for retrospective scoring,1,1,1,1,1,0
n10_d75_s17,10,0.75,17,tabu_search,61,11734232,4096,4091,115,1.0,1,fixed-objective-evaluation-budget classical heuristic; exact optimum used only for retrospective scoring,1,1,1,1,1,0
n10_d75_s17,10,0.75,17,tabu_search,62,11734233,4096,4091,115,1.0,1,fixed-objective-evaluation-budget classical heuristic; exact optimum used only for retrospective scoring,1,1,1,1,1,0
n10_d75_s17,10,0.75,17,tabu_search,63,11734234,4096,4091,115,1.0,1,fixed-objective-evaluation-budget classical heuristic; exact optimum used only for retrospective scoring,1,1,1,1,1,0
n10_d75_s42,10,0.75,42,simulated_annealing,0,1734421,4096,4096,134,1.0,1,fixed-objective-evaluation-budget classical heuristic; exact optimum used only for retrospective scoring,1,1,1,1,1,1
n10_d75_s42,10,0.75,42,simulated_annealing,1,1734422,4096,4096,134,1.0,1,fixed-objective-evaluation-budget classical heuristic; exact optimum used only for retrospective scoring,1,1,1,1,1,1
n10_d75_s42,10,0.75,42,simulated_annealing,2,1734423,4096,4096,134,1.0,1,fixed-objective-evaluation-budget classical heuristic; exact optimum used only for retrospective scoring,1,1,1,1,1,1
n10_d75_s42,10,0.75,42,simulated_annealing,3,1734424,4096,4096,134,1.0,1,fixed-objective-evaluation-budget classical heuristic; exact optimum used only for retrospective scoring,1,1,1,1,1,1
n10_d75_s42,10,0.75,42,simulated_annealing,4,1734425,4096,4096,134,1.0,1,fixed-objective-evaluation-budget classical heuristic; exact optimum used only for retrospective scoring,1,1,1,1,1,1
n10_d75_s42,10,0.75,42,simulated_annealing,5,1734426,4096,4096,134,1.0,1,fixed-objective-evaluation-budget classical heuristic; exact optimum used only for retrospective scoring,1,1,1,1,1,1
n10_d75_s42,10,0.75,42,simulated_annealing,6,1734427,4096,4096,134,1.0,1,fixed-objective-evaluation-budget classical heuristic; exact optimum used only for retrospective scoring,1,1,1,1,1,1
n10_d75_s42,10,0.75,42,simulated_annealing,7,1734428,4096,4096,134,1.0,1,fixed-objective-evaluation-budget classical heuristic; exact optimum used only for retrospective scoring,1,1,1,1,1,1
n10_d75_s42,10,0.75,42,simulated_annealing,8,1734429,4096,4096,134,1.0,1,fixed-objective-evaluation-budget classical heuristic; exact optimum used only for retrospective scoring,1,1,1,1,1,1
n10_d75_s42,10,0.75,42,simulated_annealing,9,1734430,4096,4096,134,1.0,1,fixed-objective-evaluation-budget classical heuristic; exact optimum used only for retrospective scoring,1,1,1,1,1,1
n10_d75_s42,10,0.75,42,simulated_annealing,10,1734431,4096,4096,134,1.0,1,fixed-objective-evaluation-budget classical heuristic; exact optimum used only for retrospective scoring,1,1,1,1,1,1
n10_d75_s42,10,0.75,42,simulated_annealing,11,1734432,4096,4096,134,1.0,1,fixed-objective-evaluation-budget classical heuristic; exact optimum used only for retrospective scoring,1,1,1,1,1,1
n10_d75_s42,10,0.75,42,simulated_annealing,12,1734433,4096,4096,134,1.0,1,fixed-objective-evaluation-budget classical heuristic; exact optimum used only for retrospective scoring,1,1,1,1,1,1
n10_d75_s42,10,0.75,42,simulated_annealing,13,1734434,4096,4096,134,1.0,1,fixed-objective-evaluation-budget classical heuristic; exact optimum used only for retrospective scoring,1,1,1,1,1,1
n10_d75_s42,10,0.75,42,simulated_annealing,14,1734435,4096,4096,134,1.0,1,fixed-objective-evaluation-budget classical heuristic; exact optimum used only for retrospective scoring,1,1,1,1,1,1
n10_d75_s42,10,0.75,42,simulated_annealing,15,1734436,4096,4096,134,1.0,1,fixed-objective-evaluation-budget classical heuristic; exact optimum used only for retrospective scoring,1,1,1,1,1,1
n10_d75_s42,10,0.75,42,simulated_annealing,16,1734437,4096,4096,134,1.0,1,fixed-objective-evaluation-budget classical heuristic; exact optimum used only for retrospective scoring,1,1,1,1,1,1
n10_d75_s42,10,0.75,42,simulated_annealing,17,1734438,4096,4096,134,1.0,1,fixed-objective-evaluation-budget classical heuristic; exact optimum used only for retrospective scoring,1,1,1,1,1,1
n10_d75_s42,10,0.75,42,simulated_annealing,18,1734439,4096,4096,134,1.0,1,fixed-objective-evaluation-budget classical heuristic; exact optimum used only for retrospective scoring,1,1,1,1,1,1
n10_d75_s42,10,0.75,42,simulated_annealing,19,1734440,4096,4096,134,1.0,1,fixed-objective-evaluation-budget classical heuristic; exact optimum used only for retrospective scoring,1,1,1,1,1,1
n10_d75_s42,10,0.75,42,simulated_annealing,20,1734441,4096,4096,134,1.0,1,fixed-objective-evaluation-budget classical heuristic; exact optimum used only for retrospective scoring,1,1,1,1,1,1
n10_d75_s42,10,0.75,42,simulated_annealing,21,1734442,4096,4096,134,1.0,1,fixed-objective-evaluation-budget classical heuristic; exact optimum used only for retrospective scoring,1,1,1,1,1,1
n10_d75_s42,10,0.75,42,simulated_annealing,22,1734443,4096,4096,134,1.0,1,fixed-objective-evaluation-budget classical heuristic; exact optimum used only for retrospective scoring,1,1,1,1,1,1
n10_d75_s42,10,0.75,42,simulated_annealing,23,1734444,4096,4096,134,1.0,1,fixed-objective-evaluation-budget classical heuristic; exact optimum used only for retrospective scoring,1,1,1,1,1,1
n10_d75_s42,10,0.75,42,simulated_annealing,24,1734445,4096,4096,134,1.0,1,fixed-objective-evaluation-budget classical heuristic; exact optimum used only for retrospective scoring,1,1,1,1,1,1
n10_d75_s42,10,0.75,42,simulated_annealing,25,1734446,4096,4096,134,1.0,1,fixed-objective-evaluation-budget classical heuristic; exact optimum used only for retrospective scoring,1,1,1,1,1,1
n10_d75_s42,10,0.75,42,simulated_annealing,26,1734447,4096,4096,134,1.0,1,fixed-objective-evaluation-budget classical heuristic; exact optimum used only for retrospective scoring,1,1,1,1,1,1
n10_d75_s42,10,0.75,42,simulated_annealing,27,1734448,4096,4096,134,1.0,1,fixed-objective-evaluation-budget classical heuristic; exact optimum used only for retrospective scoring,1,1,1,1,1,1
n10_d75_s42,10,0.75,42,simulated_annealing,28,1734449,4096,4096,134,1.0,1,fixed-objective-evaluation-budget classical heuristic; exact optimum used only for retrospective scoring,1,1,1,1,1,1
n10_d75_s42,10,0.75,42,simulated_annealing,29,1734450,4096,4096,134,1.0,1,fixed-objective-evaluation-budget classical heuristic; exact optimum used only for retrospective scoring,1,1,1,1,1,1
n10_d75_s42,10,0.75,42,simulated_annealing,30,1734451,4096,4096,134,1.0,1,fixed-objective-evaluation-budget classical heuristic; exact optimum used only for retrospective scoring,1,1,1,1,1,1
n10_d75_s42,10,0.75,42,simulated_annealing,31,1734452,4096,4096,134,1.0,1,fixed-objective-evaluation-budget classical heuristic; exact optimum used only for retrospective scoring,1,1,1,1,1,1
n10_d75_s42,10,0.75,42,simulated_annealing,32,1734453,4096,4096,134,1.0,1,fixed-objective-evaluation-budget classical heuristic; exact optimum used only for retrospective scoring,1,1,1,1,1,1
n10_d75_s42,10,0.75,42,simulated_annealing,33,1734454,4096,4096,134,1.0,1,fixed-objective-evaluation-budget classical heuristic; exact optimum used only for retrospective scoring,1,1,1,1,1,1
n10_d75_s42,10,0.75,42,simulated_annealing,34,1734455,4096,4096,134,1.0,1,fixed-objective-evaluation-budget classical heuristic; exact optimum used only for retrospective scoring,1,1,1,1,1,1
n10_d75_s42,10,0.75,42,simulated_annealing,35,1734456,4096,4096,134,1.0,1,fixed-objective-evaluation-budget classical heuristic; exact optimum used only for retrospective scoring,1,1,1,1,1,1
n10_d75_s42,10,0.75,42,simulated_annealing,36,1734457,4096,4096,134,1.0,1,fixed-objective-evaluation-budget classical heuristic; exact optimum used only for retrospective scoring,1,1,1,1,1,1
n10_d75_s42,10,0.75,42,simulated_annealing,37,1734458,4096,4096,134,1.0,1,fixed-objective-evaluation-budget classical heuristic; exact optimum used only for retrospective scoring,1,1,1,1,1,1
n10_d75_s42,10,0.75,42,simulated_annealing,38,1734459,4096,4096,134,1.0,1,fixed-objective-evaluation-budget classical heuristic; exact optimum used only for retrospective scoring,1,1,1,1,1,1
n10_d75_s42,10,0.75,42,simulated_annealing,39,1734460,4096,4096,134,1.0,1,fixed-objective-evaluation-budget classical heuristic; exact optimum used only for retrospective scoring,1,1,1,1,1,1
n10_d75_s42,10,0.75,42,simulated_annealing,40,1734461,4096,4096,134,1.0,1,fixed-objective-evaluation-budget classical heuristic; exact optimum used only for retrospective scoring,1,1,1,1,1,1
n10_d75_s42,10,0.75,42,simulated_annealing,41,1734462,4096,4096,134,1.0,1,fixed-objective-evaluation-budget classical heuristic; exact optimum used only for retrospective scoring,1,1,1,1,1,1
n10_d75_s42,10,0.75,42,simulated_annealing,42,1734463,4096,4096,134,1.0,1,fixed-objective-evaluation-budget classical heuristic; exact optimum used only for retrospective scoring,1,1,1,1,1,1
n10_d75_s42,10,0.75,42,simulated_annealing,43,1734464,4096,4096,134,1.0,1,fixed-objective-evaluation-budget classical heuristic; exact optimum used only for retrospective scoring,1,1,1,1,1,1
n10_d75_s42,10,0.75,42,simulated_annealing,44,1734465,4096,4096,134,1.0,1,fixed-objective-evaluation-budget classical heuristic; exact optimum used only for retrospective scoring,1,1,1,1,1,1
n10_d75_s42,10,0.75,42,simulated_annealing,45,1734466,4096,4096,134,1.0,1,fixed-objective-evaluation-budget classical heuristic; exact optimum used only for retrospective scoring,1,1,1,1,1,1
n10_d75_s42,10,0.75,42,simulated_annealing,46,1734467,4096,4096,134,1.0,1,fixed-objective-evaluation-budget classical heuristic; exact optimum used only for retrospective scoring,1,1,1,1,1,1
n10_d75_s42,10,0.75,42,simulated_annealing,47,1734468,4096,4096,134,1.0,1,fixed-objective-evaluation-budget classical heuristic; exact optimum used only for retrospective scoring,1,1,1,1,1,1
n10_d75_s42,10,0.75,42,simulated_annealing,48,1734469,4096,4096,134,1.0,1,fixed-objective-evaluation-budget classical heuristic; exact optimum used only for retrospective scoring,1,1,1,1,1,1
n10_d75_s42,10,0.75,42,simulated_annealing,49,1734470,4096,4096,134,1.0,1,fixed-objective-evaluation-budget classical heuristic; exact optimum used only for retrospective scoring,1,1,1,1,1,1
n10_d75_s42,10,0.75,42,simulated_annealing,50,1734471,4096,4096,134,1.0,1,fixed-objective-evaluation-budget classical heuristic; exact optimum used only for retrospective scoring,1,1,1,1,1,1
n10_d75_s42,10,0.75,42,simulated_annealing,51,1734472,4096,4096,134,1.0,1,fixed-objective-evaluation-budget classical heuristic; exact optimum used only for retrospective scoring,1,1,1,1,1,1
n10_d75_s42,10,0.75,42,simulated_annealing,52,1734473,4096,4096,134,1.0,1,fixed-objective-evaluation-budget classical heuristic; exact optimum used only for retrospective scoring,1,1,1,1,1,1
n10_d75_s42,10,0.75,42,simulated_annealing,53,1734474,4096,4096,134,1.0,1,fixed-objective-evaluation-budget classical heuristic; exact optimum used only for retrospective scoring,1,1,1,1,1,1
n10_d75_s42,10,0.75,42,simulated_annealing,54,1734475,4096,4096,134,1.0,1,fixed-objective-evaluation-budget classical heuristic; exact optimum used only for retrospective scoring,1,1,1,1,1,1
n10_d75_s42,10,0.75,42,simulated_annealing,55,1734476,4096,4096,134,1.0,1,fixed-objective-evaluation-budget classical heuristic; exact optimum used only for retrospective scoring,1,1,1,1,1,1
n10_d75_s42,10,0.75,42,simulated_annealing,56,1734477,4096,4096,134,1.0,1,fixed-objective-evaluation-budget classical heuristic; exact optimum used only for retrospective scoring,1,1,1,1,1,1
n10_d75_s42,10,0.75,42,simulated_annealing,57,1734478,4096,4096,134,1.0,1,fixed-objective-evaluation-budget classical heuristic; exact optimum used only for retrospective scoring,1,1,1,1,1,1
n10_d75_s42,10,0.75,42,simulated_annealing,58,1734479,4096,4096,134,1.0,1,fixed-objective-evaluation-budget classical heuristic; exact optimum used only for retrospective scoring,1,1,1,1,1,1
n10_d75_s42,10,0.75,42,simulated_annealing,59,1734480,4096,4096,134,1.0,1,fixed-objective-evaluation-budget classical heuristic; exact optimum used only for retrospective scoring,1,1,1,1,1,1
n10_d75_s42,10,0.75,42,simulated_annealing,60,1734481,4096,4096,134,1.0,1,fixed-objective-evaluation-budget classical heuristic; exact optimum used only for retrospective scoring,1,1,1,1,1,1
n10_d75_s42,10,0.75,42,simulated_annealing,61,1734482,4096,4096,134,1.0,1,fixed-objective-evaluation-budget classical heuristic; exact optimum used only for retrospective scoring,1,1,1,1,1,1
n10_d75_s42,10,0.75,42,simulated_annealing,62,1734483,4096,4096,134,1.0,1,fixed-objective-evaluation-budget classical heuristic; exact optimum used only for retrospective scoring,1,1,1,1,1,1
n10_d75_s42,10,0.75,42,simulated_annealing,63,1734484,4096,4096,134,1.0,1,fixed-objective-evaluation-budget classical heuristic; exact optimum used only for retrospective scoring,1,1,1,1,1,1
n10_d75_s42,10,0.75,42,tabu_search,0,11734421,4096,4091,134,1.0,1,fixed-objective-evaluation-budget classical heuristic; exact optimum used only for retrospective scoring,1,1,1,1,1,1
n10_d75_s42,10,0.75,42,tabu_search,1,11734422,4096,4091,134,1.0,1,fixed-objective-evaluation-budget classical heuristic; exact optimum used only for retrospective scoring,1,1,1,1,1,1
n10_d75_s42,10,0.75,42,tabu_search,2,11734423,4096,4091,134,1.0,1,fixed-objective-evaluation-budget classical heuristic; exact optimum used only for retrospective scoring,1,1,1,1,1,1
n10_d75_s42,10,0.75,42,tabu_search,3,11734424,4096,4091,134,1.0,1,fixed-objective-evaluation-budget classical heuristic; exact optimum used only for retrospective scoring,1,1,1,1,1,1
n10_d75_s42,10,0.75,42,tabu_search,4,11734425,4096,4091,134,1.0,1,fixed-objective-evaluation-budget classical heuristic; exact optimum used only for retrospective scoring,1,1,1,1,1,1
n10_d75_s42,10,0.75,42,tabu_search,5,11734426,4096,4091,134,1.0,1,fixed-objective-evaluation-budget classical heuristic; exact optimum used only for retrospective scoring,1,1,1,1,1,1
n10_d75_s42,10,0.75,42,tabu_search,6,11734427,4096,4091,134,1.0,1,fixed-objective-evaluation-budget classical heuristic; exact optimum used only for retrospective scoring,1,1,1,1,1,1
n10_d75_s42,10,0.75,42,tabu_search,7,11734428,4096,4091,134,1.0,1,fixed-objective-evaluation-budget classical heuristic; exact optimum used only for retrospective scoring,1,1,1,1,1,1
n10_d75_s42,10,0.75,42,tabu_search,8,11734429,4096,4091,134,1.0,1,fixed-objective-evaluation-budget classical heuristic; exact optimum used only for retrospective scoring,1,1,1,1,1,1
n10_d75_s42,10,0.75,42,tabu_search,9,11734430,4096,4091,134,1.0,1,fixed-objective-evaluation-budget classical heuristic; exact optimum used only for retrospective scoring,1,1,1,1,1,1
n10_d75_s42,10,0.75,42,tabu_search,10,11734431,4096,4091,134,1.0,1,fixed-objective-evaluation-budget classical heuristic; exact optimum used only for retrospective scoring,1,1,1,1,1,1
n10_d75_s42,10,0.75,42,tabu_search,11,11734432,4096,4091,134,1.0,1,fixed-objective-evaluation-budget classical heuristic; exact optimum used only for retrospective scoring,1,1,1,1,1,1
n10_d75_s42,10,0.75,42,tabu_search,12,11734433,4096,4091,134,1.0,1,fixed-objective-evaluation-budget classical heuristic; exact optimum used only for retrospective scoring,1,1,1,1,1,1
n10_d75_s42,10,0.75,42,tabu_search,13,11734434,4096,4091,134,1.0,1,fixed-objective-evaluation-budget classical heuristic; exact optimum used only for retrospective scoring,1,1,1,1,1,1
n10_d75_s42,10,0.75,42,tabu_search,14,11734435,4096,4091,134,1.0,1,fixed-objective-evaluation-budget classical heuristic; exact optimum used only for retrospective scoring,1,1,1,1,1,1
n10_d75_s42,10,0.75,42,tabu_search,15,11734436,4096,4091,134,1.0,1,fixed-objective-evaluation-budget classical heuristic; exact optimum used only for retrospective scoring,1,1,1,1,1,1
n10_d75_s42,10,0.75,42,tabu_search,16,11734437,4096,4091,134,1.0,1,fixed-objective-evaluation-budget classical heuristic; exact optimum used only for retrospective scoring,1,1,1,1,1,1
n10_d75_s42,10,0.75,42,tabu_search,17,11734438,4096,4091,134,1.0,1,fixed-objective-evaluation-budget classical heuristic; exact optimum used only for retrospective scoring,1,1,1,1,1,1
n10_d75_s42,10,0.75,42,tabu_search,18,11734439,4096,4091,134,1.0,1,fixed-objective-evaluation-budget classical heuristic; exact optimum used only for retrospective scoring,1,1,1,1,1,1
n10_d75_s42,10,0.75,42,tabu_search,19,11734440,4096,4091,134,1.0,1,fixed-objective-evaluation-budget classical heuristic; exact optimum used only for retrospective scoring,1,1,1,1,1,1
n10_d75_s42,10,0.75,42,tabu_search,20,11734441,4096,4091,134,1.0,1,fixed-objective-evaluation-budget classical heuristic; exact optimum used only for retrospective scoring,1,1,1,1,1,1
n10_d75_s42,10,0.75,42,tabu_search,21,11734442,4096,4091,134,1.0,1,fixed-objective-evaluation-budget classical heuristic; exact optimum used only for retrospective scoring,1,1,1,1,1,1
n10_d75_s42,10,0.75,42,tabu_search,22,11734443,4096,4091,134,1.0,1,fixed-objective-evaluation-budget classical heuristic; exact optimum used only for retrospective scoring,1,1,1,1,1,1
n10_d75_s42,10,0.75,42,tabu_search,23,11734444,4096,4091,134,1.0,1,fixed-objective-evaluation-budget classical heuristic; exact optimum used only for retrospective scoring,1,1,1,1,1,1
n10_d75_s42,10,0.75,42,tabu_search,24,11734445,4096,4091,134,1.0,1,fixed-objective-evaluation-budget classical heuristic; exact optimum used only for retrospective scoring,1,1,1,1,1,1
n10_d75_s42,10,0.75,42,tabu_search,25,11734446,4096,4091,134,1.0,1,fixed-objective-evaluation-budget classical heuristic; exact optimum used only for retrospective scoring,1,1,1,1,1,1
n10_d75_s42,10,0.75,42,tabu_search,26,11734447,4096,4091,134,1.0,1,fixed-objective-evaluation-budget classical heuristic; exact optimum used only for retrospective scoring,1,1,1,1,1,1
n10_d75_s42,10,0.75,42,tabu_search,27,11734448,4096,4091,134,1.0,1,fixed-objective-evaluation-budget classical heuristic; exact optimum used only for retrospective scoring,1,1,1,1,1,1
n10_d75_s42,10,0.75,42,tabu_search,28,11734449,4096,4091,134,1.0,1,fixed-objective-evaluation-budget classical heuristic; exact optimum used only for retrospective scoring,1,1,1,1,1,1
n10_d75_s42,10,0.75,42,tabu_search,29,11734450,4096,4091,134,1.0,1,fixed-objective-evaluation-budget classical heuristic; exact optimum used only for retrospective scoring,1,1,1,1,1,1
n10_d75_s42,10,0.75,42,tabu_search,30,11734451,4096,4091,134,1.0,1,fixed-objective-evaluation-budget classical heuristic; exact optimum used only for retrospective scoring,1,1,1,1,1,1
n10_d75_s42,10,0.75,42,tabu_search,31,11734452,4096,4091,134,1.0,1,fixed-objective-evaluation-budget classical heuristic; exact optimum used only for retrospective scoring,1,1,1,1,1,1
n10_d75_s42,10,0.75,42,tabu_search,32,11734453,4096,4091,134,1.0,1,fixed-objective-evaluation-budget classical heuristic; exact optimum used only for retrospective scoring,1,1,1,1,1,1
n10_d75_s42,10,0.75,42,tabu_search,33,11734454,4096,4091,134,1.0,1,fixed-objective-evaluation-budget classical heuristic; exact optimum used only for retrospective scoring,1,1,1,1,1,1
n10_d75_s42,10,0.75,42,tabu_search,34,11734455,4096,4091,134,1.0,1,fixed-objective-evaluation-budget classical heuristic; exact optimum used only for retrospective scoring,1,1,1,1,1,1
n10_d75_s42,10,0.75,42,tabu_search,35,11734456,4096,4091,134,1.0,1,fixed-objective-evaluation-budget classical heuristic; exact optimum used only for retrospective scoring,1,1,1,1,1,1
n10_d75_s42,10,0.75,42,tabu_search,36,11734457,4096,4091,134,1.0,1,fixed-objective-evaluation-budget classical heuristic; exact optimum used only for retrospective scoring,1,1,1,1,1,1
n10_d75_s42,10,0.75,42,tabu_search,37,11734458,4096,4091,134,1.0,1,fixed-objective-evaluation-budget classical heuristic; exact optimum used only for retrospective scoring,1,1,1,1,1,1
n10_d75_s42,10,0.75,42,tabu_search,38,11734459,4096,4091,134,1.0,1,fixed-objective-evaluation-budget classical heuristic; exact optimum used only for retrospective scoring,1,1,1,1,1,1
n10_d75_s42,10,0.75,42,tabu_search,39,11734460,4096,4091,134,1.0,1,fixed-objective-evaluation-budget classical heuristic; exact optimum used only for retrospective scoring,1,1,1,1,1,1
n10_d75_s42,10,0.75,42,tabu_search,40,11734461,4096,4091,134,1.0,1,fixed-objective-evaluation-budget classical heuristic; exact optimum used only for retrospective scoring,1,1,1,1,1,1
n10_d75_s42,10,0.75,42,tabu_search,41,11734462,4096,4091,134,1.0,1,fixed-objective-evaluation-budget classical heuristic; exact optimum used only for retrospective scoring,1,1,1,1,1,1
n10_d75_s42,10,0.75,42,tabu_search,42,11734463,4096,4091,134,1.0,1,fixed-objective-evaluation-budget classical heuristic; exact optimum used only for retrospective scoring,1,1,1,1,1,1
n10_d75_s42,10,0.75,42,tabu_search,43,11734464,4096,4091,134,1.0,1,fixed-objective-evaluation-budget classical heuristic; exact optimum used only for retrospective scoring,1,1,1,1,1,1
n10_d75_s42,10,0.75,42,tabu_search,44,11734465,4096,4091,134,1.0,1,fixed-objective-evaluation-budget classical heuristic; exact optimum used only for retrospective scoring,1,1,1,1,1,1
n10_d75_s42,10,0.75,42,tabu_search,45,11734466,4096,4091,134,1.0,1,fixed-objective-evaluation-budget classical heuristic; exact optimum used only for retrospective scoring,1,1,1,1,1,1
n10_d75_s42,10,0.75,42,tabu_search,46,11734467,4096,4091,134,1.0,1,fixed-objective-evaluation-budget classical heuristic; exact optimum used only for retrospective scoring,1,1,1,1,1,1
n10_d75_s42,10,0.75,42,tabu_search,47,11734468,4096,4091,134,1.0,1,fixed-objective-evaluation-budget classical heuristic; exact optimum used only for retrospective scoring,1,1,1,1,1,1
n10_d75_s42,10,0.75,42,tabu_search,48,11734469,4096,4091,134,1.0,1,fixed-objective-evaluation-budget classical heuristic; exact optimum used only for retrospective scoring,1,1,1,1,1,1
n10_d75_s42,10,0.75,42,tabu_search,49,11734470,4096,4091,134,1.0,1,fixed-objective-evaluation-budget classical heuristic; exact optimum used only for retrospective scoring,1,1,1,1,1,1
n10_d75_s42,10,0.75,42,tabu_search,50,11734471,4096,4091,134,1.0,1,fixed-objective-evaluation-budget classical heuristic; exact optimum used only for retrospective scoring,1,1,1,1,1,1
n10_d75_s42,10,0.75,42,tabu_search,51,11734472,4096,4091,134,1.0,1,fixed-objective-evaluation-budget classical heuristic; exact optimum used only for retrospective scoring,1,1,1,1,1,1
n10_d75_s42,10,0.75,42,tabu_search,52,11734473,4096,4091,134,1.0,1,fixed-objective-evaluation-budget classical heuristic; exact optimum used only for retrospective scoring,1,1,1,1,1,1
n10_d75_s42,10,0.75,42,tabu_search,53,11734474,4096,4091,134,1.0,1,fixed-objective-evaluation-budget classical heuristic; exact optimum used only for retrospective scoring,1,1,1,1,1,1
n10_d75_s42,10,0.75,42,tabu_search,54,11734475,4096,4091,134,1.0,1,fixed-objective-evaluation-budget classical heuristic; exact optimum used only for retrospective scoring,1,1,1,1,1,1
n10_d75_s42,10,0.75,42,tabu_search,55,11734476,4096,4091,134,1.0,1,fixed-objective-evaluation-budget classical heuristic; exact optimum used only for retrospective scoring,1,1,1,1,1,1
n10_d75_s42,10,0.75,42,tabu_search,56,11734477,4096,4091,134,1.0,1,fixed-objective-evaluation-budget classical heuristic; exact optimum used only for retrospective scoring,1,1,1,1,1,1
n10_d75_s42,10,0.75,42,tabu_search,57,11734478,4096,4091,134,1.0,1,fixed-objective-evaluation-budget classical heuristic; exact optimum used only for retrospective scoring,1,1,1,1,1,1
n10_d75_s42,10,0.75,42,tabu_search,58,11734479,4096,4091,134,1.0,1,fixed-objective-evaluation-budget classical heuristic; exact optimum used only for retrospective scoring,1,1,1,1,1,1
n10_d75_s42,10,0.75,42,tabu_search,59,11734480,4096,4091,134,1.0,1,fixed-objective-evaluation-budget classical heuristic; exact optimum used only for retrospective scoring,1,1,1,1,1,1
n10_d75_s42,10,0.75,42,tabu_search,60,11734481,4096,4091,134,1.0,1,fixed-objective-evaluation-budget classical heuristic; exact optimum used only for retrospective scoring,1,1,1,1,1,1
n10_d75_s42,10,0.75,42,tabu_search,61,11734482,4096,4091,134,1.0,1,fixed-objective-evaluation-budget classical heuristic; exact optimum used only for retrospective scoring,1,1,1,1,1,1
n10_d75_s42,10,0.75,42,tabu_search,62,11734483,4096,4091,134,1.0,1,fixed-objective-evaluation-budget classical heuristic; exact optimum used only for retrospective scoring,1,1,1,1,1,1
n10_d75_s42,10,0.75,42,tabu_search,63,11734484,4096,4091,134,1.0,1,fixed-objective-evaluation-budget classical heuristic; exact optimum used only for retrospective scoring,1,1,1,1,1,1
n12_d25_s17,12,0.25,17,simulated_annealing,0,1916171,4096,4096,81,1.0,1,fixed-objective-evaluation-budget classical heuristic; exact optimum used only for retrospective scoring,1,1,1,1,1,1
n12_d25_s17,12,0.25,17,simulated_annealing,1,1916172,4096,4096,81,1.0,1,fixed-objective-evaluation-budget classical heuristic; exact optimum used only for retrospective scoring,1,1,1,1,1,1
n12_d25_s17,12,0.25,17,simulated_annealing,2,1916173,4096,4096,81,1.0,1,fixed-objective-evaluation-budget classical heuristic; exact optimum used only for retrospective scoring,1,1,1,1,1,1
n12_d25_s17,12,0.25,17,simulated_annealing,3,1916174,4096,4096,81,1.0,1,fixed-objective-evaluation-budget classical heuristic; exact optimum used only for retrospective scoring,1,1,1,1,1,1
n12_d25_s17,12,0.25,17,simulated_annealing,4,1916175,4096,4096,81,1.0,1,fixed-objective-evaluation-budget classical heuristic; exact optimum used only for retrospective scoring,1,1,1,1,1,1
n12_d25_s17,12,0.25,17,simulated_annealing,5,1916176,4096,4096,81,1.0,1,fixed-objective-evaluation-budget classical heuristic; exact optimum used only for retrospective scoring,1,1,1,1,1,1
n12_d25_s17,12,0.25,17,simulated_annealing,6,1916177,4096,4096,81,1.0,1,fixed-objective-evaluation-budget classical heuristic; exact optimum used only for retrospective scoring,1,1,1,1,1,1
n12_d25_s17,12,0.25,17,simulated_annealing,7,1916178,4096,4096,81,1.0,1,fixed-objective-evaluation-budget classical heuristic; exact optimum used only for retrospective scoring,1,1,1,1,1,1
n12_d25_s17,12,0.25,17,simulated_annealing,8,1916179,4096,4096,81,1.0,1,fixed-objective-evaluation-budget classical heuristic; exact optimum used only for retrospective scoring,1,1,1,1,1,1
n12_d25_s17,12,0.25,17,simulated_annealing,9,1916180,4096,4096,81,1.0,1,fixed-objective-evaluation-budget classical heuristic; exact optimum used only for retrospective scoring,1,1,1,1,1,1
n12_d25_s17,12,0.25,17,simulated_annealing,10,1916181,4096,4096,81,1.0,1,fixed-objective-evaluation-budget classical heuristic; exact optimum used only for retrospective scoring,1,1,1,1,1,1
n12_d25_s17,12,0.25,17,simulated_annealing,11,1916182,4096,4096,81,1.0,1,fixed-objective-evaluation-budget classical heuristic; exact optimum used only for retrospective scoring,1,1,1,1,1,1
n12_d25_s17,12,0.25,17,simulated_annealing,12,1916183,4096,4096,81,1.0,1,fixed-objective-evaluation-budget classical heuristic; exact optimum used only for retrospective scoring,1,1,1,1,1,1
n12_d25_s17,12,0.25,17,simulated_annealing,13,1916184,4096,4096,81,1.0,1,fixed-objective-evaluation-budget classical heuristic; exact optimum used only for retrospective scoring,1,1,1,1,1,1
n12_d25_s17,12,0.25,17,simulated_annealing,14,1916185,4096,4096,81,1.0,1,fixed-objective-evaluation-budget classical heuristic; exact optimum used only for retrospective scoring,1,1,1,1,1,1
n12_d25_s17,12,0.25,17,simulated_annealing,15,1916186,4096,4096,81,1.0,1,fixed-objective-evaluation-budget classical heuristic; exact optimum used only for retrospective scoring,1,1,1,1,1,1
n12_d25_s17,12,0.25,17,simulated_annealing,16,1916187,4096,4096,81,1.0,1,fixed-objective-evaluation-budget classical heuristic; exact optimum used only for retrospective scoring,1,1,1,1,1,1
n12_d25_s17,12,0.25,17,simulated_annealing,17,1916188,4096,4096,81,1.0,1,fixed-objective-evaluation-budget classical heuristic; exact optimum used only for retrospective scoring,1,1,1,1,1,1
n12_d25_s17,12,0.25,17,simulated_annealing,18,1916189,4096,4096,81,1.0,1,fixed-objective-evaluation-budget classical heuristic; exact optimum used only for retrospective scoring,1,1,1,1,1,1
n12_d25_s17,12,0.25,17,simulated_annealing,19,1916190,4096,4096,81,1.0,1,fixed-objective-evaluation-budget classical heuristic; exact optimum used only for retrospective scoring,1,1,1,1,1,1
n12_d25_s17,12,0.25,17,simulated_annealing,20,1916191,4096,4096,81,1.0,1,fixed-objective-evaluation-budget classical heuristic; exact optimum used only for retrospective scoring,1,1,1,1,1,1
n12_d25_s17,12,0.25,17,simulated_annealing,21,1916192,4096,4096,81,1.0,1,fixed-objective-evaluation-budget classical heuristic; exact optimum used only for retrospective scoring,1,1,1,1,1,1
n12_d25_s17,12,0.25,17,simulated_annealing,22,1916193,4096,4096,81,1.0,1,fixed-objective-evaluation-budget classical heuristic; exact optimum used only for retrospective scoring,1,1,1,1,1,1
n12_d25_s17,12,0.25,17,simulated_annealing,23,1916194,4096,4096,81,1.0,1,fixed-objective-evaluation-budget classical heuristic; exact optimum used only for retrospective scoring,1,1,1,1,1,1
n12_d25_s17,12,0.25,17,simulated_annealing,24,1916195,4096,4096,81,1.0,1,fixed-objective-evaluation-budget classical heuristic; exact optimum used only for retrospective scoring,1,1,1,1,1,1
n12_d25_s17,12,0.25,17,simulated_annealing,25,1916196,4096,4096,81,1.0,1,fixed-objective-evaluation-budget classical heuristic; exact optimum used only for retrospective scoring,1,1,1,1,1,1
n12_d25_s17,12,0.25,17,simulated_annealing,26,1916197,4096,4096,81,1.0,1,fixed-objective-evaluation-budget classical heuristic; exact optimum used only for retrospective scoring,1,1,1,1,1,1
n12_d25_s17,12,0.25,17,simulated_annealing,27,1916198,4096,4096,81,1.0,1,fixed-objective-evaluation-budget classical heuristic; exact optimum used only for retrospective scoring,1,1,1,1,1,1
n12_d25_s17,12,0.25,17,simulated_annealing,28,1916199,4096,4096,81,1.0,1,fixed-objective-evaluation-budget classical heuristic; exact optimum used only for retrospective scoring,1,1,1,1,1,1
n12_d25_s17,12,0.25,17,simulated_annealing,29,1916200,4096,4096,81,1.0,1,fixed-objective-evaluation-budget classical heuristic; exact optimum used only for retrospective scoring,1,1,1,1,1,1
n12_d25_s17,12,0.25,17,simulated_annealing,30,1916201,4096,4096,81,1.0,1,fixed-objective-evaluation-budget classical heuristic; exact optimum used only for retrospective scoring,1,1,1,1,1,1
n12_d25_s17,12,0.25,17,simulated_annealing,31,1916202,4096,4096,81,1.0,1,fixed-objective-evaluation-budget classical heuristic; exact optimum used only for retrospective scoring,1,1,1,1,1,1
n12_d25_s17,12,0.25,17,simulated_annealing,32,1916203,4096,4096,81,1.0,1,fixed-objective-evaluation-budget classical heuristic; exact optimum used only for retrospective scoring,1,1,1,1,1,1
n12_d25_s17,12,0.25,17,simulated_annealing,33,1916204,4096,4096,81,1.0,1,fixed-objective-evaluation-budget classical heuristic; exact optimum used only for retrospective scoring,1,1,1,1,1,1
n12_d25_s17,12,0.25,17,simulated_annealing,34,1916205,4096,4096,81,1.0,1,fixed-objective-evaluation-budget classical heuristic; exact optimum used only for retrospective scoring,1,1,1,1,1,1
n12_d25_s17,12,0.25,17,simulated_annealing,35,1916206,4096,4096,81,1.0,1,fixed-objective-evaluation-budget classical heuristic; exact optimum used only for retrospective scoring,1,1,1,1,1,1
n12_d25_s17,12,0.25,17,simulated_annealing,36,1916207,4096,4096,81,1.0,1,fixed-objective-evaluation-budget classical heuristic; exact optimum used only for retrospective scoring,1,1,1,1,1,1
n12_d25_s17,12,0.25,17,simulated_annealing,37,1916208,4096,4096,81,1.0,1,fixed-objective-evaluation-budget classical heuristic; exact optimum used only for retrospective scoring,1,1,1,1,1,1
n12_d25_s17,12,0.25,17,simulated_annealing,38,1916209,4096,4096,81,1.0,1,fixed-objective-evaluation-budget classical heuristic; exact optimum used only for retrospective scoring,1,1,1,1,1,1
n12_d25_s17,12,0.25,17,simulated_annealing,39,1916210,4096,4096,81,1.0,1,fixed-objective-evaluation-budget classical heuristic; exact optimum used only for retrospective scoring,1,1,1,1,1,1
n12_d25_s17,12,0.25,17,simulated_annealing,40,1916211,4096,4096,81,1.0,1,fixed-objective-evaluation-budget classical heuristic; exact optimum used only for retrospective scoring,1,1,1,1,1,1
n12_d25_s17,12,0.25,17,simulated_annealing,41,1916212,4096,4096,81,1.0,1,fixed-objective-evaluation-budget classical heuristic; exact optimum used only for retrospective scoring,1,1,1,1,1,1
n12_d25_s17,12,0.25,17,simulated_annealing,42,1916213,4096,4096,81,1.0,1,fixed-objective-evaluation-budget classical heuristic; exact optimum used only for retrospective scoring,1,1,1,1,1,1
n12_d25_s17,12,0.25,17,simulated_annealing,43,1916214,4096,4096,81,1.0,1,fixed-objective-evaluation-budget classical heuristic; exact optimum used only for retrospective scoring,1,1,1,1,1,1
n12_d25_s17,12,0.25,17,simulated_annealing,44,1916215,4096,4096,81,1.0,1,fixed-objective-evaluation-budget classical heuristic; exact optimum used only for retrospective scoring,1,1,1,1,1,1
n12_d25_s17,12,0.25,17,simulated_annealing,45,1916216,4096,4096,81,1.0,1,fixed-objective-evaluation-budget classical heuristic; exact optimum used only for retrospective scoring,1,1,1,1,1,1
n12_d25_s17,12,0.25,17,simulated_annealing,46,1916217,4096,4096,81,1.0,1,fixed-objective-evaluation-budget classical heuristic; exact optimum used only for retrospective scoring,1,1,1,1,1,1
n12_d25_s17,12,0.25,17,simulated_annealing,47,1916218,4096,4096,81,1.0,1,fixed-objective-evaluation-budget classical heuristic; exact optimum used only for retrospective scoring,1,1,1,1,1,1
n12_d25_s17,12,0.25,17,simulated_annealing,48,1916219,4096,4096,81,1.0,1,fixed-objective-evaluation-budget classical heuristic; exact optimum used only for retrospective scoring,1,1,1,1,1,1
n12_d25_s17,12,0.25,17,simulated_annealing,49,1916220,4096,4096,81,1.0,1,fixed-objective-evaluation-budget classical heuristic; exact optimum used only for retrospective scoring,1,1,1,1,1,1
n12_d25_s17,12,0.25,17,simulated_annealing,50,1916221,4096,4096,81,1.0,1,fixed-objective-evaluation-budget classical heuristic; exact optimum used only for retrospective scoring,1,1,1,1,1,1
n12_d25_s17,12,0.25,17,simulated_annealing,51,1916222,4096,4096,81,1.0,1,fixed-objective-evaluation-budget classical heuristic; exact optimum used only for retrospective scoring,1,1,1,1,1,1
n12_d25_s17,12,0.25,17,simulated_annealing,52,1916223,4096,4096,81,1.0,1,fixed-objective-evaluation-budget classical heuristic; exact optimum used only for retrospective scoring,1,1,1,1,1,1
n12_d25_s17,12,0.25,17,simulated_annealing,53,1916224,4096,4096,81,1.0,1,fixed-objective-evaluation-budget classical heuristic; exact optimum used only for retrospective scoring,1,1,1,1,1,1
n12_d25_s17,12,0.25,17,simulated_annealing,54,1916225,4096,4096,81,1.0,1,fixed-objective-evaluation-budget classical heuristic; exact optimum used only for retrospective scoring,1,1,1,1,1,1
n12_d25_s17,12,0.25,17,simulated_annealing,55,1916226,4096,4096,81,1.0,1,fixed-objective-evaluation-budget classical heuristic; exact optimum used only for retrospective scoring,1,1,1,1,1,1
n12_d25_s17,12,0.25,17,simulated_annealing,56,1916227,4096,4096,81,1.0,1,fixed-objective-evaluation-budget classical heuristic; exact optimum used only for retrospective scoring,1,1,1,1,1,1
n12_d25_s17,12,0.25,17,simulated_annealing,57,1916228,4096,4096,81,1.0,1,fixed-objective-evaluation-budget classical heuristic; exact optimum used only for retrospective scoring,1,1,1,1,1,1
n12_d25_s17,12,0.25,17,simulated_annealing,58,1916229,4096,4096,81,1.0,1,fixed-objective-evaluation-budget classical heuristic; exact optimum used only for retrospective scoring,1,1,1,1,1,1
n12_d25_s17,12,0.25,17,simulated_annealing,59,1916230,4096,4096,81,1.0,1,fixed-objective-evaluation-budget classical heuristic; exact optimum used only for retrospective scoring,1,1,1,1,1,1
n12_d25_s17,12,0.25,17,simulated_annealing,60,1916231,4096,4096,81,1.0,1,fixed-objective-evaluation-budget classical heuristic; exact optimum used only for retrospective scoring,1,1,1,1,1,1
n12_d25_s17,12,0.25,17,simulated_annealing,61,1916232,4096,4096,81,1.0,1,fixed-objective-evaluation-budget classical heuristic; exact optimum used only for retrospective scoring,1,1,1,1,1,1
n12_d25_s17,12,0.25,17,simulated_annealing,62,1916233,4096,4096,81,1.0,1,fixed-objective-evaluation-budget classical heuristic; exact optimum used only for retrospective scoring,1,1,1,1,1,1
n12_d25_s17,12,0.25,17,simulated_annealing,63,1916234,4096,4096,81,1.0,1,fixed-objective-evaluation-budget classical heuristic; exact optimum used only for retrospective scoring,1,1,1,1,1,1
n12_d25_s17,12,0.25,17,tabu_search,0,11916171,4096,4093,81,1.0,1,fixed-objective-evaluation-budget classical heuristic; exact optimum used only for retrospective scoring,1,1,1,1,1,1
n12_d25_s17,12,0.25,17,tabu_search,1,11916172,4096,4093,81,1.0,1,fixed-objective-evaluation-budget classical heuristic; exact optimum used only for retrospective scoring,1,1,1,1,1,1
n12_d25_s17,12,0.25,17,tabu_search,2,11916173,4096,4093,81,1.0,1,fixed-objective-evaluation-budget classical heuristic; exact optimum used only for retrospective scoring,1,1,1,1,1,1
n12_d25_s17,12,0.25,17,tabu_search,3,11916174,4096,4093,81,1.0,1,fixed-objective-evaluation-budget classical heuristic; exact optimum used only for retrospective scoring,1,1,1,1,1,1
n12_d25_s17,12,0.25,17,tabu_search,4,11916175,4096,4093,81,1.0,1,fixed-objective-evaluation-budget classical heuristic; exact optimum used only for retrospective scoring,1,1,1,1,1,1
n12_d25_s17,12,0.25,17,tabu_search,5,11916176,4096,4093,81,1.0,1,fixed-objective-evaluation-budget classical heuristic; exact optimum used only for retrospective scoring,1,1,1,1,1,1
n12_d25_s17,12,0.25,17,tabu_search,6,11916177,4096,4093,81,1.0,1,fixed-objective-evaluation-budget classical heuristic; exact optimum used only for retrospective scoring,1,1,1,1,1,1
n12_d25_s17,12,0.25,17,tabu_search,7,11916178,4096,4093,81,1.0,1,fixed-objective-evaluation-budget classical heuristic; exact optimum used only for retrospective scoring,1,1,1,1,1,1
n12_d25_s17,12,0.25,17,tabu_search,8,11916179,4096,4093,81,1.0,1,fixed-objective-evaluation-budget classical heuristic; exact optimum used only for retrospective scoring,1,1,1,1,1,1
n12_d25_s17,12,0.25,17,tabu_search,9,11916180,4096,4093,81,1.0,1,fixed-objective-evaluation-budget classical heuristic; exact optimum used only for retrospective scoring,1,1,1,1,1,1
n12_d25_s17,12,0.25,17,tabu_search,10,11916181,4096,4093,81,1.0,1,fixed-objective-evaluation-budget classical heuristic; exact optimum used only for retrospective scoring,1,1,1,1,1,1
n12_d25_s17,12,0.25,17,tabu_search,11,11916182,4096,4093,81,1.0,1,fixed-objective-evaluation-budget classical heuristic; exact optimum used only for retrospective scoring,1,1,1,1,1,1
n12_d25_s17,12,0.25,17,tabu_search,12,11916183,4096,4093,81,1.0,1,fixed-objective-evaluation-budget classical heuristic; exact optimum used only for retrospective scoring,1,1,1,1,1,1
n12_d25_s17,12,0.25,17,tabu_search,13,11916184,4096,4093,81,1.0,1,fixed-objective-evaluation-budget classical heuristic; exact optimum used only for retrospective scoring,1,1,1,1,1,1
n12_d25_s17,12,0.25,17,tabu_search,14,11916185,4096,4093,81,1.0,1,fixed-objective-evaluation-budget classical heuristic; exact optimum used only for retrospective scoring,1,1,1,1,1,1
n12_d25_s17,12,0.25,17,tabu_search,15,11916186,4096,4093,81,1.0,1,fixed-objective-evaluation-budget classical heuristic; exact optimum used only for retrospective scoring,1,1,1,1,1,1
n12_d25_s17,12,0.25,17,tabu_search,16,11916187,4096,4093,81,1.0,1,fixed-objective-evaluation-budget classical heuristic; exact optimum used only for retrospective scoring,1,1,1,1,1,1
n12_d25_s17,12,0.25,17,tabu_search,17,11916188,4096,4093,81,1.0,1,fixed-objective-evaluation-budget classical heuristic; exact optimum used only for retrospective scoring,1,1,1,1,1,1
n12_d25_s17,12,0.25,17,tabu_search,18,11916189,4096,4093,81,1.0,1,fixed-objective-evaluation-budget classical heuristic; exact optimum used only for retrospective scoring,1,1,1,1,1,1
n12_d25_s17,12,0.25,17,tabu_search,19,11916190,4096,4093,81,1.0,1,fixed-objective-evaluation-budget classical heuristic; exact optimum used only for retrospective scoring,1,1,1,1,1,1
n12_d25_s17,12,0.25,17,tabu_search,20,11916191,4096,4093,81,1.0,1,fixed-objective-evaluation-budget classical heuristic; exact optimum used only for retrospective scoring,1,1,1,1,1,1
n12_d25_s17,12,0.25,17,tabu_search,21,11916192,4096,4093,81,1.0,1,fixed-objective-evaluation-budget classical heuristic; exact optimum used only for retrospective scoring,1,1,1,1,1,1
n12_d25_s17,12,0.25,17,tabu_search,22,11916193,4096,4093,81,1.0,1,fixed-objective-evaluation-budget classical heuristic; exact optimum used only for retrospective scoring,1,1,1,1,1,1
n12_d25_s17,12,0.25,17,tabu_search,23,11916194,4096,4093,81,1.0,1,fixed-objective-evaluation-budget classical heuristic; exact optimum used only for retrospective scoring,1,1,1,1,1,1
n12_d25_s17,12,0.25,17,tabu_search,24,11916195,4096,4093,81,1.0,1,fixed-objective-evaluation-budget classical heuristic; exact optimum used only for retrospective scoring,1,1,1,1,1,1
n12_d25_s17,12,0.25,17,tabu_search,25,11916196,4096,4093,81,1.0,1,fixed-objective-evaluation-budget classical heuristic; exact optimum used only for retrospective scoring,1,1,1,1,1,1
n12_d25_s17,12,0.25,17,tabu_search,26,11916197,4096,4093,81,1.0,1,fixed-objective-evaluation-budget classical heuristic; exact optimum used only for retrospective scoring,1,1,1,1,1,1
n12_d25_s17,12,0.25,17,tabu_search,27,11916198,4096,4093,81,1.0,1,fixed-objective-evaluation-budget classical heuristic; exact optimum used only for retrospective scoring,1,1,1,1,1,1
n12_d25_s17,12,0.25,17,tabu_search,28,11916199,4096,4093,81,1.0,1,fixed-objective-evaluation-budget classical heuristic; exact optimum used only for retrospective scoring,1,1,1,1,1,1
n12_d25_s17,12,0.25,17,tabu_search,29,11916200,4096,4093,81,1.0,1,fixed-objective-evaluation-budget classical heuristic; exact optimum used only for retrospective scoring,1,1,1,1,1,1
n12_d25_s17,12,0.25,17,tabu_search,30,11916201,4096,4093,81,1.0,1,fixed-objective-evaluation-budget classical heuristic; exact optimum used only for retrospective scoring,1,1,1,1,1,1
n12_d25_s17,12,0.25,17,tabu_search,31,11916202,4096,4093,81,1.0,1,fixed-objective-evaluation-budget classical heuristic; exact optimum used only for retrospective scoring,1,1,1,1,1,1
n12_d25_s17,12,0.25,17,tabu_search,32,11916203,4096,4093,81,1.0,1,fixed-objective-evaluation-budget classical heuristic; exact optimum used only for retrospective scoring,1,1,1,1,1,1
n12_d25_s17,12,0.25,17,tabu_search,33,11916204,4096,4093,81,1.0,1,fixed-objective-evaluation-budget classical heuristic; exact optimum used only for retrospective scoring,1,1,1,1,1,1
n12_d25_s17,12,0.25,17,tabu_search,34,11916205,4096,4093,81,1.0,1,fixed-objective-evaluation-budget classical heuristic; exact optimum used only for retrospective scoring,1,1,1,1,1,1
n12_d25_s17,12,0.25,17,tabu_search,35,11916206,4096,4093,81,1.0,1,fixed-objective-evaluation-budget classical heuristic; exact optimum used only for retrospective scoring,1,1,1,1,1,1
n12_d25_s17,12,0.25,17,tabu_search,36,11916207,4096,4093,81,1.0,1,fixed-objective-evaluation-budget classical heuristic; exact optimum used only for retrospective scoring,1,1,1,1,1,1
n12_d25_s17,12,0.25,17,tabu_search,37,11916208,4096,4093,81,1.0,1,fixed-objective-evaluation-budget classical heuristic; exact optimum used only for retrospective scoring,1,1,1,1,1,1
n12_d25_s17,12,0.25,17,tabu_search,38,11916209,4096,4093,81,1.0,1,fixed-objective-evaluation-budget classical heuristic; exact optimum used only for retrospective scoring,1,1,1,1,1,1
n12_d25_s17,12,0.25,17,tabu_search,39,11916210,4096,4093,81,1.0,1,fixed-objective-evaluation-budget classical heuristic; exact optimum used only for retrospective scoring,1,1,1,1,1,1
n12_d25_s17,12,0.25,17,tabu_search,40,11916211,4096,4093,81,1.0,1,fixed-objective-evaluation-budget classical heuristic; exact optimum used only for retrospective scoring,1,1,1,1,1,1
n12_d25_s17,12,0.25,17,tabu_search,41,11916212,4096,4093,81,1.0,1,fixed-objective-evaluation-budget classical heuristic; exact optimum used only for retrospective scoring,1,1,1,1,1,1
n12_d25_s17,12,0.25,17,tabu_search,42,11916213,4096,4093,81,1.0,1,fixed-objective-evaluation-budget classical heuristic; exact optimum used only for retrospective scoring,1,1,1,1,1,1
n12_d25_s17,12,0.25,17,tabu_search,43,11916214,4096,4093,81,1.0,1,fixed-objective-evaluation-budget classical heuristic; exact optimum used only for retrospective scoring,1,1,1,1,1,1
n12_d25_s17,12,0.25,17,tabu_search,44,11916215,4096,4093,81,1.0,1,fixed-objective-evaluation-budget classical heuristic; exact optimum used only for retrospective scoring,1,1,1,1,1,1
n12_d25_s17,12,0.25,17,tabu_search,45,11916216,4096,4093,81,1.0,1,fixed-objective-evaluation-budget classical heuristic; exact optimum used only for retrospective scoring,1,1,1,1,1,1
n12_d25_s17,12,0.25,17,tabu_search,46,11916217,4096,4093,81,1.0,1,fixed-objective-evaluation-budget classical heuristic; exact optimum used only for retrospective scoring,1,1,1,1,1,1
n12_d25_s17,12,0.25,17,tabu_search,47,11916218,4096,4093,81,1.0,1,fixed-objective-evaluation-budget classical heuristic; exact optimum used only for retrospective scoring,1,1,1,1,1,1
n12_d25_s17,12,0.25,17,tabu_search,48,11916219,4096,4093,81,1.0,1,fixed-objective-evaluation-budget classical heuristic; exact optimum used only for retrospective scoring,1,1,1,1,1,1
n12_d25_s17,12,0.25,17,tabu_search,49,11916220,4096,4093,81,1.0,1,fixed-objective-evaluation-budget classical heuristic; exact optimum used only for retrospective scoring,1,1,1,1,1,1
n12_d25_s17,12,0.25,17,tabu_search,50,11916221,4096,4093,81,1.0,1,fixed-objective-evaluation-budget classical heuristic; exact optimum used only for retrospective scoring,1,1,1,1,1,1
n12_d25_s17,12,0.25,17,tabu_search,51,11916222,4096,4093,81,1.0,1,fixed-objective-evaluation-budget classical heuristic; exact optimum used only for retrospective scoring,1,1,1,1,1,1
n12_d25_s17,12,0.25,17,tabu_search,52,11916223,4096,4093,81,1.0,1,fixed-objective-evaluation-budget classical heuristic; exact optimum used only for retrospective scoring,1,1,1,1,1,1
n12_d25_s17,12,0.25,17,tabu_search,53,11916224,4096,4093,81,1.0,1,fixed-objective-evaluation-budget classical heuristic; exact optimum used only for retrospective scoring,1,1,1,1,1,1
n12_d25_s17,12,0.25,17,tabu_search,54,11916225,4096,4093,81,1.0,1,fixed-objective-evaluation-budget classical heuristic; exact optimum used only for retrospective scoring,1,1,1,1,1,1
n12_d25_s17,12,0.25,17,tabu_search,55,11916226,4096,4093,81,1.0,1,fixed-objective-evaluation-budget classical heuristic; exact optimum used only for retrospective scoring,1,1,1,1,1,1
n12_d25_s17,12,0.25,17,tabu_search,56,11916227,4096,4093,81,1.0,1,fixed-objective-evaluation-budget classical heuristic; exact optimum used only for retrospective scoring,1,1,1,1,1,1
n12_d25_s17,12,0.25,17,tabu_search,57,11916228,4096,4093,81,1.0,1,fixed-objective-evaluation-budget classical heuristic; exact optimum used only for retrospective scoring,1,1,1,1,1,1
n12_d25_s17,12,0.25,17,tabu_search,58,11916229,4096,4093,81,1.0,1,fixed-objective-evaluation-budget classical heuristic; exact optimum used only for retrospective scoring,1,1,1,1,1,1
n12_d25_s17,12,0.25,17,tabu_search,59,11916230,4096,4093,81,1.0,1,fixed-objective-evaluation-budget classical heuristic; exact optimum used only for retrospective scoring,1,1,1,1,1,1
n12_d25_s17,12,0.25,17,tabu_search,60,11916231,4096,4093,81,1.0,1,fixed-objective-evaluation-budget classical heuristic; exact optimum used only for retrospective scoring,1,1,1,1,1,1
n12_d25_s17,12,0.25,17,tabu_search,61,11916232,4096,4093,81,1.0,1,fixed-objective-evaluation-budget classical heuristic; exact optimum used only for retrospective scoring,1,1,1,1,1,1
n12_d25_s17,12,0.25,17,tabu_search,62,11916233,4096,4093,81,1.0,1,fixed-objective-evaluation-budget classical heuristic; exact optimum used only for retrospective scoring,1,1,1,1,1,1
n12_d25_s17,12,0.25,17,tabu_search,63,11916234,4096,4093,81,1.0,1,fixed-objective-evaluation-budget classical heuristic; exact optimum used only for retrospective scoring,1,1,1,1,1,1
n12_d25_s42,12,0.25,42,simulated_annealing,0,1916421,4096,4096,62,1.0,1,fixed-objective-evaluation-budget classical heuristic; exact optimum used only for retrospective scoring,1,1,1,1,1,1
n12_d25_s42,12,0.25,42,simulated_annealing,1,1916422,4096,4096,62,1.0,1,fixed-objective-evaluation-budget classical heuristic; exact optimum used only for retrospective scoring,1,1,1,1,1,1
n12_d25_s42,12,0.25,42,simulated_annealing,2,1916423,4096,4096,62,1.0,1,fixed-objective-evaluation-budget classical heuristic; exact optimum used only for retrospective scoring,1,1,1,1,1,1
n12_d25_s42,12,0.25,42,simulated_annealing,3,1916424,4096,4096,62,1.0,1,fixed-objective-evaluation-budget classical heuristic; exact optimum used only for retrospective scoring,1,1,1,1,1,1
n12_d25_s42,12,0.25,42,simulated_annealing,4,1916425,4096,4096,62,1.0,1,fixed-objective-evaluation-budget classical heuristic; exact optimum used only for retrospective scoring,1,1,1,1,1,1
n12_d25_s42,12,0.25,42,simulated_annealing,5,1916426,4096,4096,62,1.0,1,fixed-objective-evaluation-budget classical heuristic; exact optimum used only for retrospective scoring,1,1,1,1,1,1
n12_d25_s42,12,0.25,42,simulated_annealing,6,1916427,4096,4096,62,1.0,1,fixed-objective-evaluation-budget classical heuristic; exact optimum used only for retrospective scoring,1,1,1,1,1,1
n12_d25_s42,12,0.25,42,simulated_annealing,7,1916428,4096,4096,62,1.0,1,fixed-objective-evaluation-budget classical heuristic; exact optimum used only for retrospective scoring,1,1,1,1,1,1
n12_d25_s42,12,0.25,42,simulated_annealing,8,1916429,4096,4096,62,1.0,1,fixed-objective-evaluation-budget classical heuristic; exact optimum used only for retrospective scoring,1,1,1,1,1,1
n12_d25_s42,12,0.25,42,simulated_annealing,9,1916430,4096,4096,62,1.0,1,fixed-objective-evaluation-budget classical heuristic; exact optimum used only for retrospective scoring,1,1,1,1,1,1
n12_d25_s42,12,0.25,42,simulated_annealing,10,1916431,4096,4096,62,1.0,1,fixed-objective-evaluation-budget classical heuristic; exact optimum used only for retrospective scoring,1,1,1,1,1,1
n12_d25_s42,12,0.25,42,simulated_annealing,11,1916432,4096,4096,62,1.0,1,fixed-objective-evaluation-budget classical heuristic; exact optimum used only for retrospective scoring,1,1,1,1,1,1
n12_d25_s42,12,0.25,42,simulated_annealing,12,1916433,4096,4096,62,1.0,1,fixed-objective-evaluation-budget classical heuristic; exact optimum used only for retrospective scoring,1,1,1,1,1,1
n12_d25_s42,12,0.25,42,simulated_annealing,13,1916434,4096,4096,62,1.0,1,fixed-objective-evaluation-budget classical heuristic; exact optimum used only for retrospective scoring,1,1,1,1,1,1
n12_d25_s42,12,0.25,42,simulated_annealing,14,1916435,4096,4096,62,1.0,1,fixed-objective-evaluation-budget classical heuristic; exact optimum used only for retrospective scoring,1,1,1,1,1,1
n12_d25_s42,12,0.25,42,simulated_annealing,15,1916436,4096,4096,62,1.0,1,fixed-objective-evaluation-budget classical heuristic; exact optimum used only for retrospective scoring,1,1,1,1,1,1
n12_d25_s42,12,0.25,42,simulated_annealing,16,1916437,4096,4096,62,1.0,1,fixed-objective-evaluation-budget classical heuristic; exact optimum used only for retrospective scoring,1,1,1,1,1,1
n12_d25_s42,12,0.25,42,simulated_annealing,17,1916438,4096,4096,62,1.0,1,fixed-objective-evaluation-budget classical heuristic; exact optimum used only for retrospective scoring,1,1,1,1,1,1
n12_d25_s42,12,0.25,42,simulated_annealing,18,1916439,4096,4096,62,1.0,1,fixed-objective-evaluation-budget classical heuristic; exact optimum used only for retrospective scoring,1,1,1,1,1,1
n12_d25_s42,12,0.25,42,simulated_annealing,19,1916440,4096,4096,62,1.0,1,fixed-objective-evaluation-budget classical heuristic; exact optimum used only for retrospective scoring,1,1,1,1,1,1
n12_d25_s42,12,0.25,42,simulated_annealing,20,1916441,4096,4096,62,1.0,1,fixed-objective-evaluation-budget classical heuristic; exact optimum used only for retrospective scoring,1,1,1,1,1,1
n12_d25_s42,12,0.25,42,simulated_annealing,21,1916442,4096,4096,62,1.0,1,fixed-objective-evaluation-budget classical heuristic; exact optimum used only for retrospective scoring,1,1,1,1,1,1
n12_d25_s42,12,0.25,42,simulated_annealing,22,1916443,4096,4096,62,1.0,1,fixed-objective-evaluation-budget classical heuristic; exact optimum used only for retrospective scoring,1,1,1,1,1,1
n12_d25_s42,12,0.25,42,simulated_annealing,23,1916444,4096,4096,62,1.0,1,fixed-objective-evaluation-budget classical heuristic; exact optimum used only for retrospective scoring,1,1,1,1,1,1
n12_d25_s42,12,0.25,42,simulated_annealing,24,1916445,4096,4096,62,1.0,1,fixed-objective-evaluation-budget classical heuristic; exact optimum used only for retrospective scoring,1,1,1,1,1,1
n12_d25_s42,12,0.25,42,simulated_annealing,25,1916446,4096,4096,62,1.0,1,fixed-objective-evaluation-budget classical heuristic; exact optimum used only for retrospective scoring,1,1,1,1,1,1
n12_d25_s42,12,0.25,42,simulated_annealing,26,1916447,4096,4096,62,1.0,1,fixed-objective-evaluation-budget classical heuristic; exact optimum used only for retrospective scoring,1,1,1,1,1,1
n12_d25_s42,12,0.25,42,simulated_annealing,27,1916448,4096,4096,62,1.0,1,fixed-objective-evaluation-budget classical heuristic; exact optimum used only for retrospective scoring,1,1,1,1,1,1
n12_d25_s42,12,0.25,42,simulated_annealing,28,1916449,4096,4096,62,1.0,1,fixed-objective-evaluation-budget classical heuristic; exact optimum used only for retrospective scoring,1,1,1,1,1,1
n12_d25_s42,12,0.25,42,simulated_annealing,29,1916450,4096,4096,62,1.0,1,fixed-objective-evaluation-budget classical heuristic; exact optimum used only for retrospective scoring,1,1,1,1,1,1
n12_d25_s42,12,0.25,42,simulated_annealing,30,1916451,4096,4096,62,1.0,1,fixed-objective-evaluation-budget classical heuristic; exact optimum used only for retrospective scoring,1,1,1,1,1,1
n12_d25_s42,12,0.25,42,simulated_annealing,31,1916452,4096,4096,62,1.0,1,fixed-objective-evaluation-budget classical heuristic; exact optimum used only for retrospective scoring,1,1,1,1,1,1
n12_d25_s42,12,0.25,42,simulated_annealing,32,1916453,4096,4096,62,1.0,1,fixed-objective-evaluation-budget classical heuristic; exact optimum used only for retrospective scoring,1,1,1,1,1,1
n12_d25_s42,12,0.25,42,simulated_annealing,33,1916454,4096,4096,62,1.0,1,fixed-objective-evaluation-budget classical heuristic; exact optimum used only for retrospective scoring,1,1,1,1,1,1
n12_d25_s42,12,0.25,42,simulated_annealing,34,1916455,4096,4096,62,1.0,1,fixed-objective-evaluation-budget classical heuristic; exact optimum used only for retrospective scoring,1,1,1,1,1,1
n12_d25_s42,12,0.25,42,simulated_annealing,35,1916456,4096,4096,62,1.0,1,fixed-objective-evaluation-budget classical heuristic; exact optimum used only for retrospective scoring,1,1,1,1,1,1
n12_d25_s42,12,0.25,42,simulated_annealing,36,1916457,4096,4096,62,1.0,1,fixed-objective-evaluation-budget classical heuristic; exact optimum used only for retrospective scoring,1,1,1,1,1,1
n12_d25_s42,12,0.25,42,simulated_annealing,37,1916458,4096,4096,62,1.0,1,fixed-objective-evaluation-budget classical heuristic; exact optimum used only for retrospective scoring,1,1,1,1,1,1
n12_d25_s42,12,0.25,42,simulated_annealing,38,1916459,4096,4096,62,1.0,1,fixed-objective-evaluation-budget classical heuristic; exact optimum used only for retrospective scoring,1,1,1,1,1,1
n12_d25_s42,12,0.25,42,simulated_annealing,39,1916460,4096,4096,62,1.0,1,fixed-objective-evaluation-budget classical heuristic; exact optimum used only for retrospective scoring,1,1,1,1,1,1
n12_d25_s42,12,0.25,42,simulated_annealing,40,1916461,4096,4096,62,1.0,1,fixed-objective-evaluation-budget classical heuristic; exact optimum used only for retrospective scoring,1,1,1,1,1,1
n12_d25_s42,12,0.25,42,simulated_annealing,41,1916462,4096,4096,62,1.0,1,fixed-objective-evaluation-budget classical heuristic; exact optimum used only for retrospective scoring,1,1,1,1,1,1
n12_d25_s42,12,0.25,42,simulated_annealing,42,1916463,4096,4096,62,1.0,1,fixed-objective-evaluation-budget classical heuristic; exact optimum used only for retrospective scoring,1,1,1,1,1,1
n12_d25_s42,12,0.25,42,simulated_annealing,43,1916464,4096,4096,62,1.0,1,fixed-objective-evaluation-budget classical heuristic; exact optimum used only for retrospective scoring,1,1,1,1,1,1
n12_d25_s42,12,0.25,42,simulated_annealing,44,1916465,4096,4096,62,1.0,1,fixed-objective-evaluation-budget classical heuristic; exact optimum used only for retrospective scoring,1,1,1,1,1,1
n12_d25_s42,12,0.25,42,simulated_annealing,45,1916466,4096,4096,62,1.0,1,fixed-objective-evaluation-budget classical heuristic; exact optimum used only for retrospective scoring,1,1,1,1,1,1
n12_d25_s42,12,0.25,42,simulated_annealing,46,1916467,4096,4096,62,1.0,1,fixed-objective-evaluation-budget classical heuristic; exact optimum used only for retrospective scoring,1,1,1,1,1,1
n12_d25_s42,12,0.25,42,simulated_annealing,47,1916468,4096,4096,62,1.0,1,fixed-objective-evaluation-budget classical heuristic; exact optimum used only for retrospective scoring,1,1,1,1,1,1
n12_d25_s42,12,0.25,42,simulated_annealing,48,1916469,4096,4096,62,1.0,1,fixed-objective-evaluation-budget classical heuristic; exact optimum used only for retrospective scoring,1,1,1,1,1,1
n12_d25_s42,12,0.25,42,simulated_annealing,49,1916470,4096,4096,62,1.0,1,fixed-objective-evaluation-budget classical heuristic; exact optimum used only for retrospective scoring,1,1,1,1,1,1
n12_d25_s42,12,0.25,42,simulated_annealing,50,1916471,4096,4096,62,1.0,1,fixed-objective-evaluation-budget classical heuristic; exact optimum used only for retrospective scoring,1,1,1,1,1,1
n12_d25_s42,12,0.25,42,simulated_annealing,51,1916472,4096,4096,62,1.0,1,fixed-objective-evaluation-budget classical heuristic; exact optimum used only for retrospective scoring,1,1,1,1,1,1
n12_d25_s42,12,0.25,42,simulated_annealing,52,1916473,4096,4096,62,1.0,1,fixed-objective-evaluation-budget classical heuristic; exact optimum used only for retrospective scoring,1,1,1,1,1,1
n12_d25_s42,12,0.25,42,simulated_annealing,53,1916474,4096,4096,62,1.0,1,fixed-objective-evaluation-budget classical heuristic; exact optimum used only for retrospective scoring,1,1,1,1,1,1
n12_d25_s42,12,0.25,42,simulated_annealing,54,1916475,4096,4096,62,1.0,1,fixed-objective-evaluation-budget classical heuristic; exact optimum used only for retrospective scoring,1,1,1,1,1,1
n12_d25_s42,12,0.25,42,simulated_annealing,55,1916476,4096,4096,62,1.0,1,fixed-objective-evaluation-budget classical heuristic; exact optimum used only for retrospective scoring,1,1,1,1,1,1
n12_d25_s42,12,0.25,42,simulated_annealing,56,1916477,4096,4096,62,1.0,1,fixed-objective-evaluation-budget classical heuristic; exact optimum used only for retrospective scoring,1,1,1,1,1,1
n12_d25_s42,12,0.25,42,simulated_annealing,57,1916478,4096,4096,62,1.0,1,fixed-objective-evaluation-budget classical heuristic; exact optimum used only for retrospective scoring,1,1,1,1,1,1
n12_d25_s42,12,0.25,42,simulated_annealing,58,1916479,4096,4096,62,1.0,1,fixed-objective-evaluation-budget classical heuristic; exact optimum used only for retrospective scoring,1,1,1,1,1,1
n12_d25_s42,12,0.25,42,simulated_annealing,59,1916480,4096,4096,62,1.0,1,fixed-objective-evaluation-budget classical heuristic; exact optimum used only for retrospective scoring,1,1,1,1,1,1
n12_d25_s42,12,0.25,42,simulated_annealing,60,1916481,4096,4096,62,1.0,1,fixed-objective-evaluation-budget classical heuristic; exact optimum used only for retrospective scoring,1,1,1,1,1,1
n12_d25_s42,12,0.25,42,simulated_annealing,61,1916482,4096,4096,62,1.0,1,fixed-objective-evaluation-budget classical heuristic; exact optimum used only for retrospective scoring,1,1,1,1,1,1
n12_d25_s42,12,0.25,42,simulated_annealing,62,1916483,4096,4096,62,1.0,1,fixed-objective-evaluation-budget classical heuristic; exact optimum used only for retrospective scoring,1,1,1,1,1,1
n12_d25_s42,12,0.25,42,simulated_annealing,63,1916484,4096,4096,62,1.0,1,fixed-objective-evaluation-budget classical heuristic; exact optimum used only for retrospective scoring,1,1,1,1,1,1
n12_d25_s42,12,0.25,42,tabu_search,0,11916421,4096,4093,62,1.0,1,fixed-objective-evaluation-budget classical heuristic; exact optimum used only for retrospective scoring,1,1,1,1,1,1
n12_d25_s42,12,0.25,42,tabu_search,1,11916422,4096,4093,62,1.0,1,fixed-objective-evaluation-budget classical heuristic; exact optimum used only for retrospective scoring,1,1,1,1,1,1
n12_d25_s42,12,0.25,42,tabu_search,2,11916423,4096,4093,62,1.0,1,fixed-objective-evaluation-budget classical heuristic; exact optimum used only for retrospective scoring,1,1,1,1,1,1
n12_d25_s42,12,0.25,42,tabu_search,3,11916424,4096,4093,62,1.0,1,fixed-objective-evaluation-budget classical heuristic; exact optimum used only for retrospective scoring,1,1,1,1,1,1
n12_d25_s42,12,0.25,42,tabu_search,4,11916425,4096,4093,62,1.0,1,fixed-objective-evaluation-budget classical heuristic; exact optimum used only for retrospective scoring,1,1,1,1,1,1
n12_d25_s42,12,0.25,42,tabu_search,5,11916426,4096,4093,62,1.0,1,fixed-objective-evaluation-budget classical heuristic; exact optimum used only for retrospective scoring,1,1,1,1,1,1
n12_d25_s42,12,0.25,42,tabu_search,6,11916427,4096,4093,62,1.0,1,fixed-objective-evaluation-budget classical heuristic; exact optimum used only for retrospective scoring,1,1,1,1,1,1
n12_d25_s42,12,0.25,42,tabu_search,7,11916428,4096,4093,62,1.0,1,fixed-objective-evaluation-budget classical heuristic; exact optimum used only for retrospective scoring,1,1,1,1,1,1
n12_d25_s42,12,0.25,42,tabu_search,8,11916429,4096,4093,62,1.0,1,fixed-objective-evaluation-budget classical heuristic; exact optimum used only for retrospective scoring,1,1,1,1,1,1
n12_d25_s42,12,0.25,42,tabu_search,9,11916430,4096,4093,62,1.0,1,fixed-objective-evaluation-budget classical heuristic; exact optimum used only for retrospective scoring,1,1,1,1,1,1
n12_d25_s42,12,0.25,42,tabu_search,10,11916431,4096,4093,62,1.0,1,fixed-objective-evaluation-budget classical heuristic; exact optimum used only for retrospective scoring,1,1,1,1,1,1
n12_d25_s42,12,0.25,42,tabu_search,11,11916432,4096,4093,62,1.0,1,fixed-objective-evaluation-budget classical heuristic; exact optimum used only for retrospective scoring,1,1,1,1,1,1
n12_d25_s42,12,0.25,42,tabu_search,12,11916433,4096,4093,62,1.0,1,fixed-objective-evaluation-budget classical heuristic; exact optimum used only for retrospective scoring,1,1,1,1,1,1
n12_d25_s42,12,0.25,42,tabu_search,13,11916434,4096,4093,62,1.0,1,fixed-objective-evaluation-budget classical heuristic; exact optimum used only for retrospective scoring,1,1,1,1,1,1
n12_d25_s42,12,0.25,42,tabu_search,14,11916435,4096,4093,62,1.0,1,fixed-objective-evaluation-budget classical heuristic; exact optimum used only for retrospective scoring,1,1,1,1,1,1
n12_d25_s42,12,0.25,42,tabu_search,15,11916436,4096,4093,62,1.0,1,fixed-objective-evaluation-budget classical heuristic; exact optimum used only for retrospective scoring,1,1,1,1,1,1
n12_d25_s42,12,0.25,42,tabu_search,16,11916437,4096,4093,62,1.0,1,fixed-objective-evaluation-budget classical heuristic; exact optimum used only for retrospective scoring,1,1,1,1,1,1
n12_d25_s42,12,0.25,42,tabu_search,17,11916438,4096,4093,62,1.0,1,fixed-objective-evaluation-budget classical heuristic; exact optimum used only for retrospective scoring,1,1,1,1,1,1
n12_d25_s42,12,0.25,42,tabu_search,18,11916439,4096,4093,62,1.0,1,fixed-objective-evaluation-budget classical heuristic; exact optimum used only for retrospective scoring,1,1,1,1,1,1
n12_d25_s42,12,0.25,42,tabu_search,19,11916440,4096,4093,62,1.0,1,fixed-objective-evaluation-budget classical heuristic; exact optimum used only for retrospective scoring,1,1,1,1,1,1
n12_d25_s42,12,0.25,42,tabu_search,20,11916441,4096,4093,62,1.0,1,fixed-objective-evaluation-budget classical heuristic; exact optimum used only for retrospective scoring,1,1,1,1,1,1
n12_d25_s42,12,0.25,42,tabu_search,21,11916442,4096,4093,62,1.0,1,fixed-objective-evaluation-budget classical heuristic; exact optimum used only for retrospective scoring,1,1,1,1,1,1
n12_d25_s42,12,0.25,42,tabu_search,22,11916443,4096,4093,62,1.0,1,fixed-objective-evaluation-budget classical heuristic; exact optimum used only for retrospective scoring,1,1,1,1,1,1
n12_d25_s42,12,0.25,42,tabu_search,23,11916444,4096,4093,62,1.0,1,fixed-objective-evaluation-budget classical heuristic; exact optimum used only for retrospective scoring,1,1,1,1,1,1
n12_d25_s42,12,0.25,42,tabu_search,24,11916445,4096,4093,62,1.0,1,fixed-objective-evaluation-budget classical heuristic; exact optimum used only for retrospective scoring,1,1,1,1,1,1
n12_d25_s42,12,0.25,42,tabu_search,25,11916446,4096,4093,62,1.0,1,fixed-objective-evaluation-budget classical heuristic; exact optimum used only for retrospective scoring,1,1,1,1,1,1
n12_d25_s42,12,0.25,42,tabu_search,26,11916447,4096,4093,62,1.0,1,fixed-objective-evaluation-budget classical heuristic; exact optimum used only for retrospective scoring,1,1,1,1,1,1
n12_d25_s42,12,0.25,42,tabu_search,27,11916448,4096,4093,62,1.0,1,fixed-objective-evaluation-budget classical heuristic; exact optimum used only for retrospective scoring,1,1,1,1,1,1
n12_d25_s42,12,0.25,42,tabu_search,28,11916449,4096,4093,62,1.0,1,fixed-objective-evaluation-budget classical heuristic; exact optimum used only for retrospective scoring,1,1,1,1,1,1
n12_d25_s42,12,0.25,42,tabu_search,29,11916450,4096,4093,62,1.0,1,fixed-objective-evaluation-budget classical heuristic; exact optimum used only for retrospective scoring,1,1,1,1,1,1
n12_d25_s42,12,0.25,42,tabu_search,30,11916451,4096,4093,62,1.0,1,fixed-objective-evaluation-budget classical heuristic; exact optimum used only for retrospective scoring,1,1,1,1,1,1
n12_d25_s42,12,0.25,42,tabu_search,31,11916452,4096,4093,62,1.0,1,fixed-objective-evaluation-budget classical heuristic; exact optimum used only for retrospective scoring,1,1,1,1,1,1
n12_d25_s42,12,0.25,42,tabu_search,32,11916453,4096,4093,62,1.0,1,fixed-objective-evaluation-budget classical heuristic; exact optimum used only for retrospective scoring,1,1,1,1,1,1
n12_d25_s42,12,0.25,42,tabu_search,33,11916454,4096,4093,62,1.0,1,fixed-objective-evaluation-budget classical heuristic; exact optimum used only for retrospective scoring,1,1,1,1,1,1
n12_d25_s42,12,0.25,42,tabu_search,34,11916455,4096,4093,62,1.0,1,fixed-objective-evaluation-budget classical heuristic; exact optimum used only for retrospective scoring,1,1,1,1,1,1
n12_d25_s42,12,0.25,42,tabu_search,35,11916456,4096,4093,62,1.0,1,fixed-objective-evaluation-budget classical heuristic; exact optimum used only for retrospective scoring,1,1,1,1,1,1
n12_d25_s42,12,0.25,42,tabu_search,36,11916457,4096,4093,62,1.0,1,fixed-objective-evaluation-budget classical heuristic; exact optimum used only for retrospective scoring,1,1,1,1,1,1
n12_d25_s42,12,0.25,42,tabu_search,37,11916458,4096,4093,62,1.0,1,fixed-objective-evaluation-budget classical heuristic; exact optimum used only for retrospective scoring,1,1,1,1,1,1
n12_d25_s42,12,0.25,42,tabu_search,38,11916459,4096,4093,62,1.0,1,fixed-objective-evaluation-budget classical heuristic; exact optimum used only for retrospective scoring,1,1,1,1,1,1
n12_d25_s42,12,0.25,42,tabu_search,39,11916460,4096,4093,62,1.0,1,fixed-objective-evaluation-budget classical heuristic; exact optimum used only for retrospective scoring,1,1,1,1,1,1
n12_d25_s42,12,0.25,42,tabu_search,40,11916461,4096,4093,62,1.0,1,fixed-objective-evaluation-budget classical heuristic; exact optimum used only for retrospective scoring,1,1,1,1,1,1
n12_d25_s42,12,0.25,42,tabu_search,41,11916462,4096,4093,62,1.0,1,fixed-objective-evaluation-budget classical heuristic; exact optimum used only for retrospective scoring,1,1,1,1,1,1
n12_d25_s42,12,0.25,42,tabu_search,42,11916463,4096,4093,62,1.0,1,fixed-objective-evaluation-budget classical heuristic; exact optimum used only for retrospective scoring,1,1,1,1,1,1
n12_d25_s42,12,0.25,42,tabu_search,43,11916464,4096,4093,62,1.0,1,fixed-objective-evaluation-budget classical heuristic; exact optimum used only for retrospective scoring,1,1,1,1,1,1
n12_d25_s42,12,0.25,42,tabu_search,44,11916465,4096,4093,62,1.0,1,fixed-objective-evaluation-budget classical heuristic; exact optimum used only for retrospective scoring,1,1,1,1,1,1
n12_d25_s42,12,0.25,42,tabu_search,45,11916466,4096,4093,62,1.0,1,fixed-objective-evaluation-budget classical heuristic; exact optimum used only for retrospective scoring,1,1,1,1,1,1
n12_d25_s42,12,0.25,42,tabu_search,46,11916467,4096,4093,62,1.0,1,fixed-objective-evaluation-budget classical heuristic; exact optimum used only for retrospective scoring,1,1,1,1,1,1
n12_d25_s42,12,0.25,42,tabu_search,47,11916468,4096,4093,62,1.0,1,fixed-objective-evaluation-budget classical heuristic; exact optimum used only for retrospective scoring,1,1,1,1,1,1
n12_d25_s42,12,0.25,42,tabu_search,48,11916469,4096,4093,62,1.0,1,fixed-objective-evaluation-budget classical heuristic; exact optimum used only for retrospective scoring,1,1,1,1,1,1
n12_d25_s42,12,0.25,42,tabu_search,49,11916470,4096,4093,62,1.0,1,fixed-objective-evaluation-budget classical heuristic; exact optimum used only for retrospective scoring,1,1,1,1,1,1
n12_d25_s42,12,0.25,42,tabu_search,50,11916471,4096,4093,62,1.0,1,fixed-objective-evaluation-budget classical heuristic; exact optimum used only for retrospective scoring,1,1,1,1,1,1
n12_d25_s42,12,0.25,42,tabu_search,51,11916472,4096,4093,62,1.0,1,fixed-objective-evaluation-budget classical heuristic; exact optimum used only for retrospective scoring,1,1,1,1,1,1
n12_d25_s42,12,0.25,42,tabu_search,52,11916473,4096,4093,62,1.0,1,fixed-objective-evaluation-budget classical heuristic; exact optimum used only for retrospective scoring,1,1,1,1,1,1
n12_d25_s42,12,0.25,42,tabu_search,53,11916474,4096,4093,62,1.0,1,fixed-objective-evaluation-budget classical heuristic; exact optimum used only for retrospective scoring,1,1,1,1,1,1
n12_d25_s42,12,0.25,42,tabu_search,54,11916475,4096,4093,62,1.0,1,fixed-objective-evaluation-budget classical heuristic; exact optimum used only for retrospective scoring,1,1,1,1,1,1
n12_d25_s42,12,0.25,42,tabu_search,55,11916476,4096,4093,62,1.0,1,fixed-objective-evaluation-budget classical heuristic; exact optimum used only for retrospective scoring,1,1,1,1,1,1
n12_d25_s42,12,0.25,42,tabu_search,56,11916477,4096,4093,62,1.0,1,fixed-objective-evaluation-budget classical heuristic; exact optimum used only for retrospective scoring,1,1,1,1,1,1
n12_d25_s42,12,0.25,42,tabu_search,57,11916478,4096,4093,62,1.0,1,fixed-objective-evaluation-budget classical heuristic; exact optimum used only for retrospective scoring,1,1,1,1,1,1
n12_d25_s42,12,0.25,42,tabu_search,58,11916479,4096,4093,62,1.0,1,fixed-objective-evaluation-budget classical heuristic; exact optimum used only for retrospective scoring,1,1,1,1,1,1
n12_d25_s42,12,0.25,42,tabu_search,59,11916480,4096,4093,62,1.0,1,fixed-objective-evaluation-budget classical heuristic; exact optimum used only for retrospective scoring,1,1,1,1,1,1
n12_d25_s42,12,0.25,42,tabu_search,60,11916481,4096,4093,62,1.0,1,fixed-objective-evaluation-budget classical heuristic; exact optimum used only for retrospective scoring,1,1,1,1,1,1
n12_d25_s42,12,0.25,42,tabu_search,61,11916482,4096,4093,62,1.0,1,fixed-objective-evaluation-budget classical heuristic; exact optimum used only for retrospective scoring,1,1,1,1,1,1
n12_d25_s42,12,0.25,42,tabu_search,62,11916483,4096,4093,62,1.0,1,fixed-objective-evaluation-budget classical heuristic; exact optimum used only for retrospective scoring,1,1,1,1,1,1
n12_d25_s42,12,0.25,42,tabu_search,63,11916484,4096,4093,62,1.0,1,fixed-objective-evaluation-budget classical heuristic; exact optimum used only for retrospective scoring,1,1,1,1,1,1
n12_d50_s17,12,0.5,17,simulated_annealing,0,1933171,4096,4096,119,1.0,1,fixed-objective-evaluation-budget classical heuristic; exact optimum used only for retrospective scoring,1,1,1,1,1,0
n12_d50_s17,12,0.5,17,simulated_annealing,1,1933172,4096,4096,119,1.0,1,fixed-objective-evaluation-budget classical heuristic; exact optimum used only for retrospective scoring,1,1,1,1,1,0
n12_d50_s17,12,0.5,17,simulated_annealing,2,1933173,4096,4096,119,1.0,1,fixed-objective-evaluation-budget classical heuristic; exact optimum used only for retrospective scoring,1,1,1,1,1,0
n12_d50_s17,12,0.5,17,simulated_annealing,3,1933174,4096,4096,119,1.0,1,fixed-objective-evaluation-budget classical heuristic; exact optimum used only for retrospective scoring,1,1,1,1,1,0
n12_d50_s17,12,0.5,17,simulated_annealing,4,1933175,4096,4096,119,1.0,1,fixed-objective-evaluation-budget classical heuristic; exact optimum used only for retrospective scoring,1,1,1,1,1,0
n12_d50_s17,12,0.5,17,simulated_annealing,5,1933176,4096,4096,119,1.0,1,fixed-objective-evaluation-budget classical heuristic; exact optimum used only for retrospective scoring,1,1,1,1,1,0
n12_d50_s17,12,0.5,17,simulated_annealing,6,1933177,4096,4096,119,1.0,1,fixed-objective-evaluation-budget classical heuristic; exact optimum used only for retrospective scoring,1,1,1,1,1,0
n12_d50_s17,12,0.5,17,simulated_annealing,7,1933178,4096,4096,119,1.0,1,fixed-objective-evaluation-budget classical heuristic; exact optimum used only for retrospective scoring,1,1,1,1,1,0
n12_d50_s17,12,0.5,17,simulated_annealing,8,1933179,4096,4096,119,1.0,1,fixed-objective-evaluation-budget classical heuristic; exact optimum used only for retrospective scoring,1,1,1,1,1,0
n12_d50_s17,12,0.5,17,simulated_annealing,9,1933180,4096,4096,119,1.0,1,fixed-objective-evaluation-budget classical heuristic; exact optimum used only for retrospective scoring,1,1,1,1,1,0
n12_d50_s17,12,0.5,17,simulated_annealing,10,1933181,4096,4096,119,1.0,1,fixed-objective-evaluation-budget classical heuristic; exact optimum used only for retrospective scoring,1,1,1,1,1,0
n12_d50_s17,12,0.5,17,simulated_annealing,11,1933182,4096,4096,119,1.0,1,fixed-objective-evaluation-budget classical heuristic; exact optimum used only for retrospective scoring,1,1,1,1,1,0
n12_d50_s17,12,0.5,17,simulated_annealing,12,1933183,4096,4096,119,1.0,1,fixed-objective-evaluation-budget classical heuristic; exact optimum used only for retrospective scoring,1,1,1,1,1,0
n12_d50_s17,12,0.5,17,simulated_annealing,13,1933184,4096,4096,119,1.0,1,fixed-objective-evaluation-budget classical heuristic; exact optimum used only for retrospective scoring,1,1,1,1,1,0
n12_d50_s17,12,0.5,17,simulated_annealing,14,1933185,4096,4096,119,1.0,1,fixed-objective-evaluation-budget classical heuristic; exact optimum used only for retrospective scoring,1,1,1,1,1,0
n12_d50_s17,12,0.5,17,simulated_annealing,15,1933186,4096,4096,119,1.0,1,fixed-objective-evaluation-budget classical heuristic; exact optimum used only for retrospective scoring,1,1,1,1,1,0
n12_d50_s17,12,0.5,17,simulated_annealing,16,1933187,4096,4096,119,1.0,1,fixed-objective-evaluation-budget classical heuristic; exact optimum used only for retrospective scoring,1,1,1,1,1,0
n12_d50_s17,12,0.5,17,simulated_annealing,17,1933188,4096,4096,119,1.0,1,fixed-objective-evaluation-budget classical heuristic; exact optimum used only for retrospective scoring,1,1,1,1,1,0
n12_d50_s17,12,0.5,17,simulated_annealing,18,1933189,4096,4096,119,1.0,1,fixed-objective-evaluation-budget classical heuristic; exact optimum used only for retrospective scoring,1,1,1,1,1,0
n12_d50_s17,12,0.5,17,simulated_annealing,19,1933190,4096,4096,119,1.0,1,fixed-objective-evaluation-budget classical heuristic; exact optimum used only for retrospective scoring,1,1,1,1,1,0
n12_d50_s17,12,0.5,17,simulated_annealing,20,1933191,4096,4096,119,1.0,1,fixed-objective-evaluation-budget classical heuristic; exact optimum used only for retrospective scoring,1,1,1,1,1,0
n12_d50_s17,12,0.5,17,simulated_annealing,21,1933192,4096,4096,119,1.0,1,fixed-objective-evaluation-budget classical heuristic; exact optimum used only for retrospective scoring,1,1,1,1,1,0
n12_d50_s17,12,0.5,17,simulated_annealing,22,1933193,4096,4096,119,1.0,1,fixed-objective-evaluation-budget classical heuristic; exact optimum used only for retrospective scoring,1,1,1,1,1,0
n12_d50_s17,12,0.5,17,simulated_annealing,23,1933194,4096,4096,119,1.0,1,fixed-objective-evaluation-budget classical heuristic; exact optimum used only for retrospective scoring,1,1,1,1,1,0
n12_d50_s17,12,0.5,17,simulated_annealing,24,1933195,4096,4096,119,1.0,1,fixed-objective-evaluation-budget classical heuristic; exact optimum used only for retrospective scoring,1,1,1,1,1,0
n12_d50_s17,12,0.5,17,simulated_annealing,25,1933196,4096,4096,119,1.0,1,fixed-objective-evaluation-budget classical heuristic; exact optimum used only for retrospective scoring,1,1,1,1,1,0
n12_d50_s17,12,0.5,17,simulated_annealing,26,1933197,4096,4096,119,1.0,1,fixed-objective-evaluation-budget classical heuristic; exact optimum used only for retrospective scoring,1,1,1,1,1,0
n12_d50_s17,12,0.5,17,simulated_annealing,27,1933198,4096,4096,119,1.0,1,fixed-objective-evaluation-budget classical heuristic; exact optimum used only for retrospective scoring,1,1,1,1,1,0
n12_d50_s17,12,0.5,17,simulated_annealing,28,1933199,4096,4096,119,1.0,1,fixed-objective-evaluation-budget classical heuristic; exact optimum used only for retrospective scoring,1,1,1,1,1,0
n12_d50_s17,12,0.5,17,simulated_annealing,29,1933200,4096,4096,119,1.0,1,fixed-objective-evaluation-budget classical heuristic; exact optimum used only for retrospective scoring,1,1,1,1,1,0
n12_d50_s17,12,0.5,17,simulated_annealing,30,1933201,4096,4096,119,1.0,1,fixed-objective-evaluation-budget classical heuristic; exact optimum used only for retrospective scoring,1,1,1,1,1,0
n12_d50_s17,12,0.5,17,simulated_annealing,31,1933202,4096,4096,119,1.0,1,fixed-objective-evaluation-budget classical heuristic; exact optimum used only for retrospective scoring,1,1,1,1,1,0
n12_d50_s17,12,0.5,17,simulated_annealing,32,1933203,4096,4096,119,1.0,1,fixed-objective-evaluation-budget classical heuristic; exact optimum used only for retrospective scoring,1,1,1,1,1,0
n12_d50_s17,12,0.5,17,simulated_annealing,33,1933204,4096,4096,119,1.0,1,fixed-objective-evaluation-budget classical heuristic; exact optimum used only for retrospective scoring,1,1,1,1,1,0
n12_d50_s17,12,0.5,17,simulated_annealing,34,1933205,4096,4096,119,1.0,1,fixed-objective-evaluation-budget classical heuristic; exact optimum used only for retrospective scoring,1,1,1,1,1,0
n12_d50_s17,12,0.5,17,simulated_annealing,35,1933206,4096,4096,119,1.0,1,fixed-objective-evaluation-budget classical heuristic; exact optimum used only for retrospective scoring,1,1,1,1,1,0
n12_d50_s17,12,0.5,17,simulated_annealing,36,1933207,4096,4096,119,1.0,1,fixed-objective-evaluation-budget classical heuristic; exact optimum used only for retrospective scoring,1,1,1,1,1,0
n12_d50_s17,12,0.5,17,simulated_annealing,37,1933208,4096,4096,119,1.0,1,fixed-objective-evaluation-budget classical heuristic; exact optimum used only for retrospective scoring,1,1,1,1,1,0
n12_d50_s17,12,0.5,17,simulated_annealing,38,1933209,4096,4096,119,1.0,1,fixed-objective-evaluation-budget classical heuristic; exact optimum used only for retrospective scoring,1,1,1,1,1,0
n12_d50_s17,12,0.5,17,simulated_annealing,39,1933210,4096,4096,119,1.0,1,fixed-objective-evaluation-budget classical heuristic; exact optimum used only for retrospective scoring,1,1,1,1,1,0
n12_d50_s17,12,0.5,17,simulated_annealing,40,1933211,4096,4096,119,1.0,1,fixed-objective-evaluation-budget classical heuristic; exact optimum used only for retrospective scoring,1,1,1,1,1,0
n12_d50_s17,12,0.5,17,simulated_annealing,41,1933212,4096,4096,119,1.0,1,fixed-objective-evaluation-budget classical heuristic; exact optimum used only for retrospective scoring,1,1,1,1,1,0
n12_d50_s17,12,0.5,17,simulated_annealing,42,1933213,4096,4096,119,1.0,1,fixed-objective-evaluation-budget classical heuristic; exact optimum used only for retrospective scoring,1,1,1,1,1,0
n12_d50_s17,12,0.5,17,simulated_annealing,43,1933214,4096,4096,119,1.0,1,fixed-objective-evaluation-budget classical heuristic; exact optimum used only for retrospective scoring,1,1,1,1,1,0
n12_d50_s17,12,0.5,17,simulated_annealing,44,1933215,4096,4096,119,1.0,1,fixed-objective-evaluation-budget classical heuristic; exact optimum used only for retrospective scoring,1,1,1,1,1,0
n12_d50_s17,12,0.5,17,simulated_annealing,45,1933216,4096,4096,119,1.0,1,fixed-objective-evaluation-budget classical heuristic; exact optimum used only for retrospective scoring,1,1,1,1,1,0
n12_d50_s17,12,0.5,17,simulated_annealing,46,1933217,4096,4096,119,1.0,1,fixed-objective-evaluation-budget classical heuristic; exact optimum used only for retrospective scoring,1,1,1,1,1,0
n12_d50_s17,12,0.5,17,simulated_annealing,47,1933218,4096,4096,119,1.0,1,fixed-objective-evaluation-budget classical heuristic; exact optimum used only for retrospective scoring,1,1,1,1,1,0
n12_d50_s17,12,0.5,17,simulated_annealing,48,1933219,4096,4096,119,1.0,1,fixed-objective-evaluation-budget classical heuristic; exact optimum used only for retrospective scoring,1,1,1,1,1,0
n12_d50_s17,12,0.5,17,simulated_annealing,49,1933220,4096,4096,119,1.0,1,fixed-objective-evaluation-budget classical heuristic; exact optimum used only for retrospective scoring,1,1,1,1,1,0
n12_d50_s17,12,0.5,17,simulated_annealing,50,1933221,4096,4096,119,1.0,1,fixed-objective-evaluation-budget classical heuristic; exact optimum used only for retrospective scoring,1,1,1,1,1,0
n12_d50_s17,12,0.5,17,simulated_annealing,51,1933222,4096,4096,119,1.0,1,fixed-objective-evaluation-budget classical heuristic; exact optimum used only for retrospective scoring,1,1,1,1,1,0
n12_d50_s17,12,0.5,17,simulated_annealing,52,1933223,4096,4096,119,1.0,1,fixed-objective-evaluation-budget classical heuristic; exact optimum used only for retrospective scoring,1,1,1,1,1,0
n12_d50_s17,12,0.5,17,simulated_annealing,53,1933224,4096,4096,119,1.0,1,fixed-objective-evaluation-budget classical heuristic; exact optimum used only for retrospective scoring,1,1,1,1,1,0
n12_d50_s17,12,0.5,17,simulated_annealing,54,1933225,4096,4096,119,1.0,1,fixed-objective-evaluation-budget classical heuristic; exact optimum used only for retrospective scoring,1,1,1,1,1,0
n12_d50_s17,12,0.5,17,simulated_annealing,55,1933226,4096,4096,119,1.0,1,fixed-objective-evaluation-budget classical heuristic; exact optimum used only for retrospective scoring,1,1,1,1,1,0
n12_d50_s17,12,0.5,17,simulated_annealing,56,1933227,4096,4096,119,1.0,1,fixed-objective-evaluation-budget classical heuristic; exact optimum used only for retrospective scoring,1,1,1,1,1,0
n12_d50_s17,12,0.5,17,simulated_annealing,57,1933228,4096,4096,119,1.0,1,fixed-objective-evaluation-budget classical heuristic; exact optimum used only for retrospective scoring,1,1,1,1,1,0
n12_d50_s17,12,0.5,17,simulated_annealing,58,1933229,4096,4096,119,1.0,1,fixed-objective-evaluation-budget classical heuristic; exact optimum used only for retrospective scoring,1,1,1,1,1,0
n12_d50_s17,12,0.5,17,simulated_annealing,59,1933230,4096,4096,119,1.0,1,fixed-objective-evaluation-budget classical heuristic; exact optimum used only for retrospective scoring,1,1,1,1,1,0
n12_d50_s17,12,0.5,17,simulated_annealing,60,1933231,4096,4096,119,1.0,1,fixed-objective-evaluation-budget classical heuristic; exact optimum used only for retrospective scoring,1,1,1,1,1,0
n12_d50_s17,12,0.5,17,simulated_annealing,61,1933232,4096,4096,119,1.0,1,fixed-objective-evaluation-budget classical heuristic; exact optimum used only for retrospective scoring,1,1,1,1,1,0
n12_d50_s17,12,0.5,17,simulated_annealing,62,1933233,4096,4096,119,1.0,1,fixed-objective-evaluation-budget classical heuristic; exact optimum used only for retrospective scoring,1,1,1,1,1,0
n12_d50_s17,12,0.5,17,simulated_annealing,63,1933234,4096,4096,119,1.0,1,fixed-objective-evaluation-budget classical heuristic; exact optimum used only for retrospective scoring,1,1,1,1,1,0
n12_d50_s17,12,0.5,17,tabu_search,0,11933171,4096,4093,119,1.0,1,fixed-objective-evaluation-budget classical heuristic; exact optimum used only for retrospective scoring,1,1,1,1,1,0
n12_d50_s17,12,0.5,17,tabu_search,1,11933172,4096,4093,119,1.0,1,fixed-objective-evaluation-budget classical heuristic; exact optimum used only for retrospective scoring,1,1,1,1,1,0
n12_d50_s17,12,0.5,17,tabu_search,2,11933173,4096,4093,118,0.9915966386554622,0,fixed-objective-evaluation-budget classical heuristic; exact optimum used only for retrospective scoring,1,1,0,1,1,0
n12_d50_s17,12,0.5,17,tabu_search,3,11933174,4096,4093,118,0.9915966386554622,0,fixed-objective-evaluation-budget classical heuristic; exact optimum used only for retrospective scoring,1,1,0,1,1,0
n12_d50_s17,12,0.5,17,tabu_search,4,11933175,4096,4093,119,1.0,1,fixed-objective-evaluation-budget classical heuristic; exact optimum used only for retrospective scoring,1,1,1,1,1,0
n12_d50_s17,12,0.5,17,tabu_search,5,11933176,4096,4093,118,0.9915966386554622,0,fixed-objective-evaluation-budget classical heuristic; exact optimum used only for retrospective scoring,1,1,0,1,1,0
n12_d50_s17,12,0.5,17,tabu_search,6,11933177,4096,4093,119,1.0,1,fixed-objective-evaluation-budget classical heuristic; exact optimum used only for retrospective scoring,1,1,1,1,1,0
n12_d50_s17,12,0.5,17,tabu_search,7,11933178,4096,4093,118,0.9915966386554622,0,fixed-objective-evaluation-budget classical heuristic; exact optimum used only for retrospective scoring,1,1,0,1,1,0
n12_d50_s17,12,0.5,17,tabu_search,8,11933179,4096,4093,118,0.9915966386554622,0,fixed-objective-evaluation-budget classical heuristic; exact optimum used only for retrospective scoring,1,1,0,1,1,0
n12_d50_s17,12,0.5,17,tabu_search,9,11933180,4096,4093,118,0.9915966386554622,0,fixed-objective-evaluation-budget classical heuristic; exact optimum used only for retrospective scoring,1,1,0,1,1,0
n12_d50_s17,12,0.5,17,tabu_search,10,11933181,4096,4093,118,0.9915966386554622,0,fixed-objective-evaluation-budget classical heuristic; exact optimum used only for retrospective scoring,1,1,0,1,1,0
n12_d50_s17,12,0.5,17,tabu_search,11,11933182,4096,4093,119,1.0,1,fixed-objective-evaluation-budget classical heuristic; exact optimum used only for retrospective scoring,1,1,1,1,1,0
n12_d50_s17,12,0.5,17,tabu_search,12,11933183,4096,4093,118,0.9915966386554622,0,fixed-objective-evaluation-budget classical heuristic; exact optimum used only for retrospective scoring,1,1,0,1,1,0
n12_d50_s17,12,0.5,17,tabu_search,13,11933184,4096,4093,118,0.9915966386554622,0,fixed-objective-evaluation-budget classical heuristic; exact optimum used only for retrospective scoring,1,1,0,1,1,0
n12_d50_s17,12,0.5,17,tabu_search,14,11933185,4096,4093,118,0.9915966386554622,0,fixed-objective-evaluation-budget classical heuristic; exact optimum used only for retrospective scoring,1,1,0,1,1,0
n12_d50_s17,12,0.5,17,tabu_search,15,11933186,4096,4093,119,1.0,1,fixed-objective-evaluation-budget classical heuristic; exact optimum used only for retrospective scoring,1,1,1,1,1,0
n12_d50_s17,12,0.5,17,tabu_search,16,11933187,4096,4093,119,1.0,1,fixed-objective-evaluation-budget classical heuristic; exact optimum used only for retrospective scoring,1,1,1,1,1,0
n12_d50_s17,12,0.5,17,tabu_search,17,11933188,4096,4093,119,1.0,1,fixed-objective-evaluation-budget classical heuristic; exact optimum used only for retrospective scoring,1,1,1,1,1,0
n12_d50_s17,12,0.5,17,tabu_search,18,11933189,4096,4093,118,0.9915966386554622,0,fixed-objective-evaluation-budget classical heuristic; exact optimum used only for retrospective scoring,1,1,0,1,1,0
n12_d50_s17,12,0.5,17,tabu_search,19,11933190,4096,4093,118,0.9915966386554622,0,fixed-objective-evaluation-budget classical heuristic; exact optimum used only for retrospective scoring,1,1,0,1,1,0
n12_d50_s17,12,0.5,17,tabu_search,20,11933191,4096,4093,118,0.9915966386554622,0,fixed-objective-evaluation-budget classical heuristic; exact optimum used only for retrospective scoring,1,1,0,1,1,0
n12_d50_s17,12,0.5,17,tabu_search,21,11933192,4096,4093,118,0.9915966386554622,0,fixed-objective-evaluation-budget classical heuristic; exact optimum used only for retrospective scoring,1,1,0,1,1,0
n12_d50_s17,12,0.5,17,tabu_search,22,11933193,4096,4093,119,1.0,1,fixed-objective-evaluation-budget classical heuristic; exact optimum used only for retrospective scoring,1,1,1,1,1,0
n12_d50_s17,12,0.5,17,tabu_search,23,11933194,4096,4093,119,1.0,1,fixed-objective-evaluation-budget classical heuristic; exact optimum used only for retrospective scoring,1,1,1,1,1,0
n12_d50_s17,12,0.5,17,tabu_search,24,11933195,4096,4093,118,0.9915966386554622,0,fixed-objective-evaluation-budget classical heuristic; exact optimum used only for retrospective scoring,1,1,0,1,1,0
n12_d50_s17,12,0.5,17,tabu_search,25,11933196,4096,4093,119,1.0,1,fixed-objective-evaluation-budget classical heuristic; exact optimum used only for retrospective scoring,1,1,1,1,1,0
n12_d50_s17,12,0.5,17,tabu_search,26,11933197,4096,4093,119,1.0,1,fixed-objective-evaluation-budget classical heuristic; exact optimum used only for retrospective scoring,1,1,1,1,1,0
n12_d50_s17,12,0.5,17,tabu_search,27,11933198,4096,4093,119,1.0,1,fixed-objective-evaluation-budget classical heuristic; exact optimum used only for retrospective scoring,1,1,1,1,1,0
n12_d50_s17,12,0.5,17,tabu_search,28,11933199,4096,4093,118,0.9915966386554622,0,fixed-objective-evaluation-budget classical heuristic; exact optimum used only for retrospective scoring,1,1,0,1,1,0
n12_d50_s17,12,0.5,17,tabu_search,29,11933200,4096,4093,118,0.9915966386554622,0,fixed-objective-evaluation-budget classical heuristic; exact optimum used only for retrospective scoring,1,1,0,1,1,0
n12_d50_s17,12,0.5,17,tabu_search,30,11933201,4096,4093,119,1.0,1,fixed-objective-evaluation-budget classical heuristic; exact optimum used only for retrospective scoring,1,1,1,1,1,0
n12_d50_s17,12,0.5,17,tabu_search,31,11933202,4096,4093,118,0.9915966386554622,0,fixed-objective-evaluation-budget classical heuristic; exact optimum used only for retrospective scoring,1,1,0,1,1,0
n12_d50_s17,12,0.5,17,tabu_search,32,11933203,4096,4093,118,0.9915966386554622,0,fixed-objective-evaluation-budget classical heuristic; exact optimum used only for retrospective scoring,1,1,0,1,1,0
n12_d50_s17,12,0.5,17,tabu_search,33,11933204,4096,4093,119,1.0,1,fixed-objective-evaluation-budget classical heuristic; exact optimum used only for retrospective scoring,1,1,1,1,1,0
n12_d50_s17,12,0.5,17,tabu_search,34,11933205,4096,4093,118,0.9915966386554622,0,fixed-objective-evaluation-budget classical heuristic; exact optimum used only for retrospective scoring,1,1,0,1,1,0
n12_d50_s17,12,0.5,17,tabu_search,35,11933206,4096,4093,118,0.9915966386554622,0,fixed-objective-evaluation-budget classical heuristic; exact optimum used only for retrospective scoring,1,1,0,1,1,0
n12_d50_s17,12,0.5,17,tabu_search,36,11933207,4096,4093,118,0.9915966386554622,0,fixed-objective-evaluation-budget classical heuristic; exact optimum used only for retrospective scoring,1,1,0,1,1,0
n12_d50_s17,12,0.5,17,tabu_search,37,11933208,4096,4093,118,0.9915966386554622,0,fixed-objective-evaluation-budget classical heuristic; exact optimum used only for retrospective scoring,1,1,0,1,1,0
n12_d50_s17,12,0.5,17,tabu_search,38,11933209,4096,4093,119,1.0,1,fixed-objective-evaluation-budget classical heuristic; exact optimum used only for retrospective scoring,1,1,1,1,1,0
n12_d50_s17,12,0.5,17,tabu_search,39,11933210,4096,4093,118,0.9915966386554622,0,fixed-objective-evaluation-budget classical heuristic; exact optimum used only for retrospective scoring,1,1,0,1,1,0
n12_d50_s17,12,0.5,17,tabu_search,40,11933211,4096,4093,118,0.9915966386554622,0,fixed-objective-evaluation-budget classical heuristic; exact optimum used only for retrospective scoring,1,1,0,1,1,0
n12_d50_s17,12,0.5,17,tabu_search,41,11933212,4096,4093,119,1.0,1,fixed-objective-evaluation-budget classical heuristic; exact optimum used only for retrospective scoring,1,1,1,1,1,0
n12_d50_s17,12,0.5,17,tabu_search,42,11933213,4096,4093,118,0.9915966386554622,0,fixed-objective-evaluation-budget classical heuristic; exact optimum used only for retrospective scoring,1,1,0,1,1,0
n12_d50_s17,12,0.5,17,tabu_search,43,11933214,4096,4093,118,0.9915966386554622,0,fixed-objective-evaluation-budget classical heuristic; exact optimum used only for retrospective scoring,1,1,0,1,1,0
n12_d50_s17,12,0.5,17,tabu_search,44,11933215,4096,4093,118,0.9915966386554622,0,fixed-objective-evaluation-budget classical heuristic; exact optimum used only for retrospective scoring,1,1,0,1,1,0
n12_d50_s17,12,0.5,17,tabu_search,45,11933216,4096,4093,119,1.0,1,fixed-objective-evaluation-budget classical heuristic; exact optimum used only for retrospective scoring,1,1,1,1,1,0
n12_d50_s17,12,0.5,17,tabu_search,46,11933217,4096,4093,118,0.9915966386554622,0,fixed-objective-evaluation-budget classical heuristic; exact optimum used only for retrospective scoring,1,1,0,1,1,0
n12_d50_s17,12,0.5,17,tabu_search,47,11933218,4096,4093,118,0.9915966386554622,0,fixed-objective-evaluation-budget classical heuristic; exact optimum used only for retrospective scoring,1,1,0,1,1,0
n12_d50_s17,12,0.5,17,tabu_search,48,11933219,4096,4093,118,0.9915966386554622,0,fixed-objective-evaluation-budget classical heuristic; exact optimum used only for retrospective scoring,1,1,0,1,1,0
n12_d50_s17,12,0.5,17,tabu_search,49,11933220,4096,4093,118,0.9915966386554622,0,fixed-objective-evaluation-budget classical heuristic; exact optimum used only for retrospective scoring,1,1,0,1,1,0
n12_d50_s17,12,0.5,17,tabu_search,50,11933221,4096,4093,119,1.0,1,fixed-objective-evaluation-budget classical heuristic; exact optimum used only for retrospective scoring,1,1,1,1,1,0
n12_d50_s17,12,0.5,17,tabu_search,51,11933222,4096,4093,118,0.9915966386554622,0,fixed-objective-evaluation-budget classical heuristic; exact optimum used only for retrospective scoring,1,1,0,1,1,0
n12_d50_s17,12,0.5,17,tabu_search,52,11933223,4096,4093,119,1.0,1,fixed-objective-evaluation-budget classical heuristic; exact optimum used only for retrospective scoring,1,1,1,1,1,0
n12_d50_s17,12,0.5,17,tabu_search,53,11933224,4096,4093,118,0.9915966386554622,0,fixed-objective-evaluation-budget classical heuristic; exact optimum used only for retrospective scoring,1,1,0,1,1,0
n12_d50_s17,12,0.5,17,tabu_search,54,11933225,4096,4093,119,1.0,1,fixed-objective-evaluation-budget classical heuristic; exact optimum used only for retrospective scoring,1,1,1,1,1,0
n12_d50_s17,12,0.5,17,tabu_search,55,11933226,4096,4093,119,1.0,1,fixed-objective-evaluation-budget classical heuristic; exact optimum used only for retrospective scoring,1,1,1,1,1,0
n12_d50_s17,12,0.5,17,tabu_search,56,11933227,4096,4093,118,0.9915966386554622,0,fixed-objective-evaluation-budget classical heuristic; exact optimum used only for retrospective scoring,1,1,0,1,1,0
n12_d50_s17,12,0.5,17,tabu_search,57,11933228,4096,4093,119,1.0,1,fixed-objective-evaluation-budget classical heuristic; exact optimum used only for retrospective scoring,1,1,1,1,1,0
n12_d50_s17,12,0.5,17,tabu_search,58,11933229,4096,4093,118,0.9915966386554622,0,fixed-objective-evaluation-budget classical heuristic; exact optimum used only for retrospective scoring,1,1,0,1,1,0
n12_d50_s17,12,0.5,17,tabu_search,59,11933230,4096,4093,118,0.9915966386554622,0,fixed-objective-evaluation-budget classical heuristic; exact optimum used only for retrospective scoring,1,1,0,1,1,0
n12_d50_s17,12,0.5,17,tabu_search,60,11933231,4096,4093,118,0.9915966386554622,0,fixed-objective-evaluation-budget classical heuristic; exact optimum used only for retrospective scoring,1,1,0,1,1,0
n12_d50_s17,12,0.5,17,tabu_search,61,11933232,4096,4093,118,0.9915966386554622,0,fixed-objective-evaluation-budget classical heuristic; exact optimum used only for retrospective scoring,1,1,0,1,1,0
n12_d50_s17,12,0.5,17,tabu_search,62,11933233,4096,4093,118,0.9915966386554622,0,fixed-objective-evaluation-budget classical heuristic; exact optimum used only for retrospective scoring,1,1,0,1,1,0
n12_d50_s17,12,0.5,17,tabu_search,63,11933234,4096,4093,118,0.9915966386554622,0,fixed-objective-evaluation-budget classical heuristic; exact optimum used only for retrospective scoring,1,1,0,1,1,0
n12_d50_s42,12,0.5,42,simulated_annealing,0,1933421,4096,4096,128,1.0,1,fixed-objective-evaluation-budget classical heuristic; exact optimum used only for retrospective scoring,1,1,1,1,1,1
n12_d50_s42,12,0.5,42,simulated_annealing,1,1933422,4096,4096,128,1.0,1,fixed-objective-evaluation-budget classical heuristic; exact optimum used only for retrospective scoring,1,1,1,1,1,1
n12_d50_s42,12,0.5,42,simulated_annealing,2,1933423,4096,4096,128,1.0,1,fixed-objective-evaluation-budget classical heuristic; exact optimum used only for retrospective scoring,1,1,1,1,1,1
n12_d50_s42,12,0.5,42,simulated_annealing,3,1933424,4096,4096,128,1.0,1,fixed-objective-evaluation-budget classical heuristic; exact optimum used only for retrospective scoring,1,1,1,1,1,1
n12_d50_s42,12,0.5,42,simulated_annealing,4,1933425,4096,4096,128,1.0,1,fixed-objective-evaluation-budget classical heuristic; exact optimum used only for retrospective scoring,1,1,1,1,1,1
n12_d50_s42,12,0.5,42,simulated_annealing,5,1933426,4096,4096,128,1.0,1,fixed-objective-evaluation-budget classical heuristic; exact optimum used only for retrospective scoring,1,1,1,1,1,1
n12_d50_s42,12,0.5,42,simulated_annealing,6,1933427,4096,4096,128,1.0,1,fixed-objective-evaluation-budget classical heuristic; exact optimum used only for retrospective scoring,1,1,1,1,1,1
n12_d50_s42,12,0.5,42,simulated_annealing,7,1933428,4096,4096,128,1.0,1,fixed-objective-evaluation-budget classical heuristic; exact optimum used only for retrospective scoring,1,1,1,1,1,1
n12_d50_s42,12,0.5,42,simulated_annealing,8,1933429,4096,4096,128,1.0,1,fixed-objective-evaluation-budget classical heuristic; exact optimum used only for retrospective scoring,1,1,1,1,1,1
n12_d50_s42,12,0.5,42,simulated_annealing,9,1933430,4096,4096,128,1.0,1,fixed-objective-evaluation-budget classical heuristic; exact optimum used only for retrospective scoring,1,1,1,1,1,1
n12_d50_s42,12,0.5,42,simulated_annealing,10,1933431,4096,4096,128,1.0,1,fixed-objective-evaluation-budget classical heuristic; exact optimum used only for retrospective scoring,1,1,1,1,1,1
n12_d50_s42,12,0.5,42,simulated_annealing,11,1933432,4096,4096,128,1.0,1,fixed-objective-evaluation-budget classical heuristic; exact optimum used only for retrospective scoring,1,1,1,1,1,1
n12_d50_s42,12,0.5,42,simulated_annealing,12,1933433,4096,4096,128,1.0,1,fixed-objective-evaluation-budget classical heuristic; exact optimum used only for retrospective scoring,1,1,1,1,1,1
n12_d50_s42,12,0.5,42,simulated_annealing,13,1933434,4096,4096,128,1.0,1,fixed-objective-evaluation-budget classical heuristic; exact optimum used only for retrospective scoring,1,1,1,1,1,1
n12_d50_s42,12,0.5,42,simulated_annealing,14,1933435,4096,4096,128,1.0,1,fixed-objective-evaluation-budget classical heuristic; exact optimum used only for retrospective scoring,1,1,1,1,1,1
n12_d50_s42,12,0.5,42,simulated_annealing,15,1933436,4096,4096,128,1.0,1,fixed-objective-evaluation-budget classical heuristic; exact optimum used only for retrospective scoring,1,1,1,1,1,1
n12_d50_s42,12,0.5,42,simulated_annealing,16,1933437,4096,4096,128,1.0,1,fixed-objective-evaluation-budget classical heuristic; exact optimum used only for retrospective scoring,1,1,1,1,1,1
n12_d50_s42,12,0.5,42,simulated_annealing,17,1933438,4096,4096,128,1.0,1,fixed-objective-evaluation-budget classical heuristic; exact optimum used only for retrospective scoring,1,1,1,1,1,1
n12_d50_s42,12,0.5,42,simulated_annealing,18,1933439,4096,4096,128,1.0,1,fixed-objective-evaluation-budget classical heuristic; exact optimum used only for retrospective scoring,1,1,1,1,1,1
n12_d50_s42,12,0.5,42,simulated_annealing,19,1933440,4096,4096,128,1.0,1,fixed-objective-evaluation-budget classical heuristic; exact optimum used only for retrospective scoring,1,1,1,1,1,1
n12_d50_s42,12,0.5,42,simulated_annealing,20,1933441,4096,4096,128,1.0,1,fixed-objective-evaluation-budget classical heuristic; exact optimum used only for retrospective scoring,1,1,1,1,1,1
n12_d50_s42,12,0.5,42,simulated_annealing,21,1933442,4096,4096,128,1.0,1,fixed-objective-evaluation-budget classical heuristic; exact optimum used only for retrospective scoring,1,1,1,1,1,1
n12_d50_s42,12,0.5,42,simulated_annealing,22,1933443,4096,4096,128,1.0,1,fixed-objective-evaluation-budget classical heuristic; exact optimum used only for retrospective scoring,1,1,1,1,1,1
n12_d50_s42,12,0.5,42,simulated_annealing,23,1933444,4096,4096,128,1.0,1,fixed-objective-evaluation-budget classical heuristic; exact optimum used only for retrospective scoring,1,1,1,1,1,1
n12_d50_s42,12,0.5,42,simulated_annealing,24,1933445,4096,4096,128,1.0,1,fixed-objective-evaluation-budget classical heuristic; exact optimum used only for retrospective scoring,1,1,1,1,1,1
n12_d50_s42,12,0.5,42,simulated_annealing,25,1933446,4096,4096,128,1.0,1,fixed-objective-evaluation-budget classical heuristic; exact optimum used only for retrospective scoring,1,1,1,1,1,1
n12_d50_s42,12,0.5,42,simulated_annealing,26,1933447,4096,4096,128,1.0,1,fixed-objective-evaluation-budget classical heuristic; exact optimum used only for retrospective scoring,1,1,1,1,1,1
n12_d50_s42,12,0.5,42,simulated_annealing,27,1933448,4096,4096,128,1.0,1,fixed-objective-evaluation-budget classical heuristic; exact optimum used only for retrospective scoring,1,1,1,1,1,1
n12_d50_s42,12,0.5,42,simulated_annealing,28,1933449,4096,4096,128,1.0,1,fixed-objective-evaluation-budget classical heuristic; exact optimum used only for retrospective scoring,1,1,1,1,1,1
n12_d50_s42,12,0.5,42,simulated_annealing,29,1933450,4096,4096,128,1.0,1,fixed-objective-evaluation-budget classical heuristic; exact optimum used only for retrospective scoring,1,1,1,1,1,1
n12_d50_s42,12,0.5,42,simulated_annealing,30,1933451,4096,4096,128,1.0,1,fixed-objective-evaluation-budget classical heuristic; exact optimum used only for retrospective scoring,1,1,1,1,1,1
n12_d50_s42,12,0.5,42,simulated_annealing,31,1933452,4096,4096,128,1.0,1,fixed-objective-evaluation-budget classical heuristic; exact optimum used only for retrospective scoring,1,1,1,1,1,1
n12_d50_s42,12,0.5,42,simulated_annealing,32,1933453,4096,4096,128,1.0,1,fixed-objective-evaluation-budget classical heuristic; exact optimum used only for retrospective scoring,1,1,1,1,1,1
n12_d50_s42,12,0.5,42,simulated_annealing,33,1933454,4096,4096,128,1.0,1,fixed-objective-evaluation-budget classical heuristic; exact optimum used only for retrospective scoring,1,1,1,1,1,1
n12_d50_s42,12,0.5,42,simulated_annealing,34,1933455,4096,4096,128,1.0,1,fixed-objective-evaluation-budget classical heuristic; exact optimum used only for retrospective scoring,1,1,1,1,1,1
n12_d50_s42,12,0.5,42,simulated_annealing,35,1933456,4096,4096,128,1.0,1,fixed-objective-evaluation-budget classical heuristic; exact optimum used only for retrospective scoring,1,1,1,1,1,1
n12_d50_s42,12,0.5,42,simulated_annealing,36,1933457,4096,4096,128,1.0,1,fixed-objective-evaluation-budget classical heuristic; exact optimum used only for retrospective scoring,1,1,1,1,1,1
n12_d50_s42,12,0.5,42,simulated_annealing,37,1933458,4096,4096,128,1.0,1,fixed-objective-evaluation-budget classical heuristic; exact optimum used only for retrospective scoring,1,1,1,1,1,1
n12_d50_s42,12,0.5,42,simulated_annealing,38,1933459,4096,4096,128,1.0,1,fixed-objective-evaluation-budget classical heuristic; exact optimum used only for retrospective scoring,1,1,1,1,1,1
n12_d50_s42,12,0.5,42,simulated_annealing,39,1933460,4096,4096,128,1.0,1,fixed-objective-evaluation-budget classical heuristic; exact optimum used only for retrospective scoring,1,1,1,1,1,1
n12_d50_s42,12,0.5,42,simulated_annealing,40,1933461,4096,4096,128,1.0,1,fixed-objective-evaluation-budget classical heuristic; exact optimum used only for retrospective scoring,1,1,1,1,1,1
n12_d50_s42,12,0.5,42,simulated_annealing,41,1933462,4096,4096,128,1.0,1,fixed-objective-evaluation-budget classical heuristic; exact optimum used only for retrospective scoring,1,1,1,1,1,1
n12_d50_s42,12,0.5,42,simulated_annealing,42,1933463,4096,4096,128,1.0,1,fixed-objective-evaluation-budget classical heuristic; exact optimum used only for retrospective scoring,1,1,1,1,1,1
n12_d50_s42,12,0.5,42,simulated_annealing,43,1933464,4096,4096,128,1.0,1,fixed-objective-evaluation-budget classical heuristic; exact optimum used only for retrospective scoring,1,1,1,1,1,1
n12_d50_s42,12,0.5,42,simulated_annealing,44,1933465,4096,4096,128,1.0,1,fixed-objective-evaluation-budget classical heuristic; exact optimum used only for retrospective scoring,1,1,1,1,1,1
n12_d50_s42,12,0.5,42,simulated_annealing,45,1933466,4096,4096,128,1.0,1,fixed-objective-evaluation-budget classical heuristic; exact optimum used only for retrospective scoring,1,1,1,1,1,1
n12_d50_s42,12,0.5,42,simulated_annealing,46,1933467,4096,4096,128,1.0,1,fixed-objective-evaluation-budget classical heuristic; exact optimum used only for retrospective scoring,1,1,1,1,1,1
n12_d50_s42,12,0.5,42,simulated_annealing,47,1933468,4096,4096,128,1.0,1,fixed-objective-evaluation-budget classical heuristic; exact optimum used only for retrospective scoring,1,1,1,1,1,1
n12_d50_s42,12,0.5,42,simulated_annealing,48,1933469,4096,4096,128,1.0,1,fixed-objective-evaluation-budget classical heuristic; exact optimum used only for retrospective scoring,1,1,1,1,1,1
n12_d50_s42,12,0.5,42,simulated_annealing,49,1933470,4096,4096,128,1.0,1,fixed-objective-evaluation-budget classical heuristic; exact optimum used only for retrospective scoring,1,1,1,1,1,1
n12_d50_s42,12,0.5,42,simulated_annealing,50,1933471,4096,4096,128,1.0,1,fixed-objective-evaluation-budget classical heuristic; exact optimum used only for retrospective scoring,1,1,1,1,1,1
n12_d50_s42,12,0.5,42,simulated_annealing,51,1933472,4096,4096,128,1.0,1,fixed-objective-evaluation-budget classical heuristic; exact optimum used only for retrospective scoring,1,1,1,1,1,1
n12_d50_s42,12,0.5,42,simulated_annealing,52,1933473,4096,4096,128,1.0,1,fixed-objective-evaluation-budget classical heuristic; exact optimum used only for retrospective scoring,1,1,1,1,1,1
n12_d50_s42,12,0.5,42,simulated_annealing,53,1933474,4096,4096,128,1.0,1,fixed-objective-evaluation-budget classical heuristic; exact optimum used only for retrospective scoring,1,1,1,1,1,1
n12_d50_s42,12,0.5,42,simulated_annealing,54,1933475,4096,4096,128,1.0,1,fixed-objective-evaluation-budget classical heuristic; exact optimum used only for retrospective scoring,1,1,1,1,1,1
n12_d50_s42,12,0.5,42,simulated_annealing,55,1933476,4096,4096,128,1.0,1,fixed-objective-evaluation-budget classical heuristic; exact optimum used only for retrospective scoring,1,1,1,1,1,1
n12_d50_s42,12,0.5,42,simulated_annealing,56,1933477,4096,4096,128,1.0,1,fixed-objective-evaluation-budget classical heuristic; exact optimum used only for retrospective scoring,1,1,1,1,1,1
n12_d50_s42,12,0.5,42,simulated_annealing,57,1933478,4096,4096,128,1.0,1,fixed-objective-evaluation-budget classical heuristic; exact optimum used only for retrospective scoring,1,1,1,1,1,1
n12_d50_s42,12,0.5,42,simulated_annealing,58,1933479,4096,4096,128,1.0,1,fixed-objective-evaluation-budget classical heuristic; exact optimum used only for retrospective scoring,1,1,1,1,1,1
n12_d50_s42,12,0.5,42,simulated_annealing,59,1933480,4096,4096,128,1.0,1,fixed-objective-evaluation-budget classical heuristic; exact optimum used only for retrospective scoring,1,1,1,1,1,1
n12_d50_s42,12,0.5,42,simulated_annealing,60,1933481,4096,4096,128,1.0,1,fixed-objective-evaluation-budget classical heuristic; exact optimum used only for retrospective scoring,1,1,1,1,1,1
n12_d50_s42,12,0.5,42,simulated_annealing,61,1933482,4096,4096,128,1.0,1,fixed-objective-evaluation-budget classical heuristic; exact optimum used only for retrospective scoring,1,1,1,1,1,1
n12_d50_s42,12,0.5,42,simulated_annealing,62,1933483,4096,4096,128,1.0,1,fixed-objective-evaluation-budget classical heuristic; exact optimum used only for retrospective scoring,1,1,1,1,1,1
n12_d50_s42,12,0.5,42,simulated_annealing,63,1933484,4096,4096,128,1.0,1,fixed-objective-evaluation-budget classical heuristic; exact optimum used only for retrospective scoring,1,1,1,1,1,1
n12_d50_s42,12,0.5,42,tabu_search,0,11933421,4096,4093,128,1.0,1,fixed-objective-evaluation-budget classical heuristic; exact optimum used only for retrospective scoring,1,1,1,1,1,1
n12_d50_s42,12,0.5,42,tabu_search,1,11933422,4096,4093,128,1.0,1,fixed-objective-evaluation-budget classical heuristic; exact optimum used only for retrospective scoring,1,1,1,1,1,1
n12_d50_s42,12,0.5,42,tabu_search,2,11933423,4096,4093,128,1.0,1,fixed-objective-evaluation-budget classical heuristic; exact optimum used only for retrospective scoring,1,1,1,1,1,1
n12_d50_s42,12,0.5,42,tabu_search,3,11933424,4096,4093,128,1.0,1,fixed-objective-evaluation-budget classical heuristic; exact optimum used only for retrospective scoring,1,1,1,1,1,1
n12_d50_s42,12,0.5,42,tabu_search,4,11933425,4096,4093,128,1.0,1,fixed-objective-evaluation-budget classical heuristic; exact optimum used only for retrospective scoring,1,1,1,1,1,1
n12_d50_s42,12,0.5,42,tabu_search,5,11933426,4096,4093,128,1.0,1,fixed-objective-evaluation-budget classical heuristic; exact optimum used only for retrospective scoring,1,1,1,1,1,1
n12_d50_s42,12,0.5,42,tabu_search,6,11933427,4096,4093,128,1.0,1,fixed-objective-evaluation-budget classical heuristic; exact optimum used only for retrospective scoring,1,1,1,1,1,1
n12_d50_s42,12,0.5,42,tabu_search,7,11933428,4096,4093,128,1.0,1,fixed-objective-evaluation-budget classical heuristic; exact optimum used only for retrospective scoring,1,1,1,1,1,1
n12_d50_s42,12,0.5,42,tabu_search,8,11933429,4096,4093,128,1.0,1,fixed-objective-evaluation-budget classical heuristic; exact optimum used only for retrospective scoring,1,1,1,1,1,1
n12_d50_s42,12,0.5,42,tabu_search,9,11933430,4096,4093,128,1.0,1,fixed-objective-evaluation-budget classical heuristic; exact optimum used only for retrospective scoring,1,1,1,1,1,1
n12_d50_s42,12,0.5,42,tabu_search,10,11933431,4096,4093,128,1.0,1,fixed-objective-evaluation-budget classical heuristic; exact optimum used only for retrospective scoring,1,1,1,1,1,1
n12_d50_s42,12,0.5,42,tabu_search,11,11933432,4096,4093,128,1.0,1,fixed-objective-evaluation-budget classical heuristic; exact optimum used only for retrospective scoring,1,1,1,1,1,1
n12_d50_s42,12,0.5,42,tabu_search,12,11933433,4096,4093,128,1.0,1,fixed-objective-evaluation-budget classical heuristic; exact optimum used only for retrospective scoring,1,1,1,1,1,1
n12_d50_s42,12,0.5,42,tabu_search,13,11933434,4096,4093,128,1.0,1,fixed-objective-evaluation-budget classical heuristic; exact optimum used only for retrospective scoring,1,1,1,1,1,1
n12_d50_s42,12,0.5,42,tabu_search,14,11933435,4096,4093,128,1.0,1,fixed-objective-evaluation-budget classical heuristic; exact optimum used only for retrospective scoring,1,1,1,1,1,1
n12_d50_s42,12,0.5,42,tabu_search,15,11933436,4096,4093,128,1.0,1,fixed-objective-evaluation-budget classical heuristic; exact optimum used only for retrospective scoring,1,1,1,1,1,1
n12_d50_s42,12,0.5,42,tabu_search,16,11933437,4096,4093,128,1.0,1,fixed-objective-evaluation-budget classical heuristic; exact optimum used only for retrospective scoring,1,1,1,1,1,1
n12_d50_s42,12,0.5,42,tabu_search,17,11933438,4096,4093,128,1.0,1,fixed-objective-evaluation-budget classical heuristic; exact optimum used only for retrospective scoring,1,1,1,1,1,1
n12_d50_s42,12,0.5,42,tabu_search,18,11933439,4096,4093,128,1.0,1,fixed-objective-evaluation-budget classical heuristic; exact optimum used only for retrospective scoring,1,1,1,1,1,1
n12_d50_s42,12,0.5,42,tabu_search,19,11933440,4096,4093,128,1.0,1,fixed-objective-evaluation-budget classical heuristic; exact optimum used only for retrospective scoring,1,1,1,1,1,1
n12_d50_s42,12,0.5,42,tabu_search,20,11933441,4096,4093,128,1.0,1,fixed-objective-evaluation-budget classical heuristic; exact optimum used only for retrospective scoring,1,1,1,1,1,1
n12_d50_s42,12,0.5,42,tabu_search,21,11933442,4096,4093,128,1.0,1,fixed-objective-evaluation-budget classical heuristic; exact optimum used only for retrospective scoring,1,1,1,1,1,1
n12_d50_s42,12,0.5,42,tabu_search,22,11933443,4096,4093,128,1.0,1,fixed-objective-evaluation-budget classical heuristic; exact optimum used only for retrospective scoring,1,1,1,1,1,1
n12_d50_s42,12,0.5,42,tabu_search,23,11933444,4096,4093,128,1.0,1,fixed-objective-evaluation-budget classical heuristic; exact optimum used only for retrospective scoring,1,1,1,1,1,1
n12_d50_s42,12,0.5,42,tabu_search,24,11933445,4096,4093,128,1.0,1,fixed-objective-evaluation-budget classical heuristic; exact optimum used only for retrospective scoring,1,1,1,1,1,1
n12_d50_s42,12,0.5,42,tabu_search,25,11933446,4096,4093,128,1.0,1,fixed-objective-evaluation-budget classical heuristic; exact optimum used only for retrospective scoring,1,1,1,1,1,1
n12_d50_s42,12,0.5,42,tabu_search,26,11933447,4096,4093,128,1.0,1,fixed-objective-evaluation-budget classical heuristic; exact optimum used only for retrospective scoring,1,1,1,1,1,1
n12_d50_s42,12,0.5,42,tabu_search,27,11933448,4096,4093,128,1.0,1,fixed-objective-evaluation-budget classical heuristic; exact optimum used only for retrospective scoring,1,1,1,1,1,1
n12_d50_s42,12,0.5,42,tabu_search,28,11933449,4096,4093,128,1.0,1,fixed-objective-evaluation-budget classical heuristic; exact optimum used only for retrospective scoring,1,1,1,1,1,1
n12_d50_s42,12,0.5,42,tabu_search,29,11933450,4096,4093,128,1.0,1,fixed-objective-evaluation-budget classical heuristic; exact optimum used only for retrospective scoring,1,1,1,1,1,1
n12_d50_s42,12,0.5,42,tabu_search,30,11933451,4096,4093,128,1.0,1,fixed-objective-evaluation-budget classical heuristic; exact optimum used only for retrospective scoring,1,1,1,1,1,1
n12_d50_s42,12,0.5,42,tabu_search,31,11933452,4096,4093,128,1.0,1,fixed-objective-evaluation-budget classical heuristic; exact optimum used only for retrospective scoring,1,1,1,1,1,1
n12_d50_s42,12,0.5,42,tabu_search,32,11933453,4096,4093,128,1.0,1,fixed-objective-evaluation-budget classical heuristic; exact optimum used only for retrospective scoring,1,1,1,1,1,1
n12_d50_s42,12,0.5,42,tabu_search,33,11933454,4096,4093,128,1.0,1,fixed-objective-evaluation-budget classical heuristic; exact optimum used only for retrospective scoring,1,1,1,1,1,1
n12_d50_s42,12,0.5,42,tabu_search,34,11933455,4096,4093,128,1.0,1,fixed-objective-evaluation-budget classical heuristic; exact optimum used only for retrospective scoring,1,1,1,1,1,1
n12_d50_s42,12,0.5,42,tabu_search,35,11933456,4096,4093,128,1.0,1,fixed-objective-evaluation-budget classical heuristic; exact optimum used only for retrospective scoring,1,1,1,1,1,1
n12_d50_s42,12,0.5,42,tabu_search,36,11933457,4096,4093,128,1.0,1,fixed-objective-evaluation-budget classical heuristic; exact optimum used only for retrospective scoring,1,1,1,1,1,1
n12_d50_s42,12,0.5,42,tabu_search,37,11933458,4096,4093,128,1.0,1,fixed-objective-evaluation-budget classical heuristic; exact optimum used only for retrospective scoring,1,1,1,1,1,1
n12_d50_s42,12,0.5,42,tabu_search,38,11933459,4096,4093,128,1.0,1,fixed-objective-evaluation-budget classical heuristic; exact optimum used only for retrospective scoring,1,1,1,1,1,1
n12_d50_s42,12,0.5,42,tabu_search,39,11933460,4096,4093,128,1.0,1,fixed-objective-evaluation-budget classical heuristic; exact optimum used only for retrospective scoring,1,1,1,1,1,1
n12_d50_s42,12,0.5,42,tabu_search,40,11933461,4096,4093,128,1.0,1,fixed-objective-evaluation-budget classical heuristic; exact optimum used only for retrospective scoring,1,1,1,1,1,1
n12_d50_s42,12,0.5,42,tabu_search,41,11933462,4096,4093,128,1.0,1,fixed-objective-evaluation-budget classical heuristic; exact optimum used only for retrospective scoring,1,1,1,1,1,1
n12_d50_s42,12,0.5,42,tabu_search,42,11933463,4096,4093,128,1.0,1,fixed-objective-evaluation-budget classical heuristic; exact optimum used only for retrospective scoring,1,1,1,1,1,1
n12_d50_s42,12,0.5,42,tabu_search,43,11933464,4096,4093,128,1.0,1,fixed-objective-evaluation-budget classical heuristic; exact optimum used only for retrospective scoring,1,1,1,1,1,1
n12_d50_s42,12,0.5,42,tabu_search,44,11933465,4096,4093,128,1.0,1,fixed-objective-evaluation-budget classical heuristic; exact optimum used only for retrospective scoring,1,1,1,1,1,1
n12_d50_s42,12,0.5,42,tabu_search,45,11933466,4096,4093,128,1.0,1,fixed-objective-evaluation-budget classical heuristic; exact optimum used only for retrospective scoring,1,1,1,1,1,1
n12_d50_s42,12,0.5,42,tabu_search,46,11933467,4096,4093,128,1.0,1,fixed-objective-evaluation-budget classical heuristic; exact optimum used only for retrospective scoring,1,1,1,1,1,1
n12_d50_s42,12,0.5,42,tabu_search,47,11933468,4096,4093,128,1.0,1,fixed-objective-evaluation-budget classical heuristic; exact optimum used only for retrospective scoring,1,1,1,1,1,1
n12_d50_s42,12,0.5,42,tabu_search,48,11933469,4096,4093,128,1.0,1,fixed-objective-evaluation-budget classical heuristic; exact optimum used only for retrospective scoring,1,1,1,1,1,1
n12_d50_s42,12,0.5,42,tabu_search,49,11933470,4096,4093,128,1.0,1,fixed-objective-evaluation-budget classical heuristic; exact optimum used only for retrospective scoring,1,1,1,1,1,1
n12_d50_s42,12,0.5,42,tabu_search,50,11933471,4096,4093,128,1.0,1,fixed-objective-evaluation-budget classical heuristic; exact optimum used only for retrospective scoring,1,1,1,1,1,1
n12_d50_s42,12,0.5,42,tabu_search,51,11933472,4096,4093,128,1.0,1,fixed-objective-evaluation-budget classical heuristic; exact optimum used only for retrospective scoring,1,1,1,1,1,1
n12_d50_s42,12,0.5,42,tabu_search,52,11933473,4096,4093,128,1.0,1,fixed-objective-evaluation-budget classical heuristic; exact optimum used only for retrospective scoring,1,1,1,1,1,1
n12_d50_s42,12,0.5,42,tabu_search,53,11933474,4096,4093,128,1.0,1,fixed-objective-evaluation-budget classical heuristic; exact optimum used only for retrospective scoring,1,1,1,1,1,1
n12_d50_s42,12,0.5,42,tabu_search,54,11933475,4096,4093,128,1.0,1,fixed-objective-evaluation-budget classical heuristic; exact optimum used only for retrospective scoring,1,1,1,1,1,1
n12_d50_s42,12,0.5,42,tabu_search,55,11933476,4096,4093,128,1.0,1,fixed-objective-evaluation-budget classical heuristic; exact optimum used only for retrospective scoring,1,1,1,1,1,1
n12_d50_s42,12,0.5,42,tabu_search,56,11933477,4096,4093,128,1.0,1,fixed-objective-evaluation-budget classical heuristic; exact optimum used only for retrospective scoring,1,1,1,1,1,1
n12_d50_s42,12,0.5,42,tabu_search,57,11933478,4096,4093,128,1.0,1,fixed-objective-evaluation-budget classical heuristic; exact optimum used only for retrospective scoring,1,1,1,1,1,1
n12_d50_s42,12,0.5,42,tabu_search,58,11933479,4096,4093,128,1.0,1,fixed-objective-evaluation-budget classical heuristic; exact optimum used only for retrospective scoring,1,1,1,1,1,1
n12_d50_s42,12,0.5,42,tabu_search,59,11933480,4096,4093,128,1.0,1,fixed-objective-evaluation-budget classical heuristic; exact optimum used only for retrospective scoring,1,1,1,1,1,1
n12_d50_s42,12,0.5,42,tabu_search,60,11933481,4096,4093,128,1.0,1,fixed-objective-evaluation-budget classical heuristic; exact optimum used only for retrospective scoring,1,1,1,1,1,1
n12_d50_s42,12,0.5,42,tabu_search,61,11933482,4096,4093,128,1.0,1,fixed-objective-evaluation-budget classical heuristic; exact optimum used only for retrospective scoring,1,1,1,1,1,1
n12_d50_s42,12,0.5,42,tabu_search,62,11933483,4096,4093,128,1.0,1,fixed-objective-evaluation-budget classical heuristic; exact optimum used only for retrospective scoring,1,1,1,1,1,1
n12_d50_s42,12,0.5,42,tabu_search,63,11933484,4096,4093,128,1.0,1,fixed-objective-evaluation-budget classical heuristic; exact optimum used only for retrospective scoring,1,1,1,1,1,1
n12_d75_s17,12,0.75,17,simulated_annealing,0,1950171,4096,4096,164,1.0,1,fixed-objective-evaluation-budget classical heuristic; exact optimum used only for retrospective scoring,1,1,1,1,1,1
n12_d75_s17,12,0.75,17,simulated_annealing,1,1950172,4096,4096,164,1.0,1,fixed-objective-evaluation-budget classical heuristic; exact optimum used only for retrospective scoring,1,1,1,1,1,1
n12_d75_s17,12,0.75,17,simulated_annealing,2,1950173,4096,4096,164,1.0,1,fixed-objective-evaluation-budget classical heuristic; exact optimum used only for retrospective scoring,1,1,1,1,1,1
n12_d75_s17,12,0.75,17,simulated_annealing,3,1950174,4096,4096,164,1.0,1,fixed-objective-evaluation-budget classical heuristic; exact optimum used only for retrospective scoring,1,1,1,1,1,1
n12_d75_s17,12,0.75,17,simulated_annealing,4,1950175,4096,4096,164,1.0,1,fixed-objective-evaluation-budget classical heuristic; exact optimum used only for retrospective scoring,1,1,1,1,1,1
n12_d75_s17,12,0.75,17,simulated_annealing,5,1950176,4096,4096,164,1.0,1,fixed-objective-evaluation-budget classical heuristic; exact optimum used only for retrospective scoring,1,1,1,1,1,1
n12_d75_s17,12,0.75,17,simulated_annealing,6,1950177,4096,4096,164,1.0,1,fixed-objective-evaluation-budget classical heuristic; exact optimum used only for retrospective scoring,1,1,1,1,1,1
n12_d75_s17,12,0.75,17,simulated_annealing,7,1950178,4096,4096,164,1.0,1,fixed-objective-evaluation-budget classical heuristic; exact optimum used only for retrospective scoring,1,1,1,1,1,1
n12_d75_s17,12,0.75,17,simulated_annealing,8,1950179,4096,4096,164,1.0,1,fixed-objective-evaluation-budget classical heuristic; exact optimum used only for retrospective scoring,1,1,1,1,1,1
n12_d75_s17,12,0.75,17,simulated_annealing,9,1950180,4096,4096,164,1.0,1,fixed-objective-evaluation-budget classical heuristic; exact optimum used only for retrospective scoring,1,1,1,1,1,1
n12_d75_s17,12,0.75,17,simulated_annealing,10,1950181,4096,4096,164,1.0,1,fixed-objective-evaluation-budget classical heuristic; exact optimum used only for retrospective scoring,1,1,1,1,1,1
n12_d75_s17,12,0.75,17,simulated_annealing,11,1950182,4096,4096,164,1.0,1,fixed-objective-evaluation-budget classical heuristic; exact optimum used only for retrospective scoring,1,1,1,1,1,1
n12_d75_s17,12,0.75,17,simulated_annealing,12,1950183,4096,4096,164,1.0,1,fixed-objective-evaluation-budget classical heuristic; exact optimum used only for retrospective scoring,1,1,1,1,1,1
n12_d75_s17,12,0.75,17,simulated_annealing,13,1950184,4096,4096,164,1.0,1,fixed-objective-evaluation-budget classical heuristic; exact optimum used only for retrospective scoring,1,1,1,1,1,1
n12_d75_s17,12,0.75,17,simulated_annealing,14,1950185,4096,4096,164,1.0,1,fixed-objective-evaluation-budget classical heuristic; exact optimum used only for retrospective scoring,1,1,1,1,1,1
n12_d75_s17,12,0.75,17,simulated_annealing,15,1950186,4096,4096,164,1.0,1,fixed-objective-evaluation-budget classical heuristic; exact optimum used only for retrospective scoring,1,1,1,1,1,1
n12_d75_s17,12,0.75,17,simulated_annealing,16,1950187,4096,4096,164,1.0,1,fixed-objective-evaluation-budget classical heuristic; exact optimum used only for retrospective scoring,1,1,1,1,1,1
n12_d75_s17,12,0.75,17,simulated_annealing,17,1950188,4096,4096,164,1.0,1,fixed-objective-evaluation-budget classical heuristic; exact optimum used only for retrospective scoring,1,1,1,1,1,1
n12_d75_s17,12,0.75,17,simulated_annealing,18,1950189,4096,4096,164,1.0,1,fixed-objective-evaluation-budget classical heuristic; exact optimum used only for retrospective scoring,1,1,1,1,1,1
n12_d75_s17,12,0.75,17,simulated_annealing,19,1950190,4096,4096,164,1.0,1,fixed-objective-evaluation-budget classical heuristic; exact optimum used only for retrospective scoring,1,1,1,1,1,1
n12_d75_s17,12,0.75,17,simulated_annealing,20,1950191,4096,4096,164,1.0,1,fixed-objective-evaluation-budget classical heuristic; exact optimum used only for retrospective scoring,1,1,1,1,1,1
n12_d75_s17,12,0.75,17,simulated_annealing,21,1950192,4096,4096,164,1.0,1,fixed-objective-evaluation-budget classical heuristic; exact optimum used only for retrospective scoring,1,1,1,1,1,1
n12_d75_s17,12,0.75,17,simulated_annealing,22,1950193,4096,4096,164,1.0,1,fixed-objective-evaluation-budget classical heuristic; exact optimum used only for retrospective scoring,1,1,1,1,1,1
n12_d75_s17,12,0.75,17,simulated_annealing,23,1950194,4096,4096,164,1.0,1,fixed-objective-evaluation-budget classical heuristic; exact optimum used only for retrospective scoring,1,1,1,1,1,1
n12_d75_s17,12,0.75,17,simulated_annealing,24,1950195,4096,4096,164,1.0,1,fixed-objective-evaluation-budget classical heuristic; exact optimum used only for retrospective scoring,1,1,1,1,1,1
n12_d75_s17,12,0.75,17,simulated_annealing,25,1950196,4096,4096,164,1.0,1,fixed-objective-evaluation-budget classical heuristic; exact optimum used only for retrospective scoring,1,1,1,1,1,1
n12_d75_s17,12,0.75,17,simulated_annealing,26,1950197,4096,4096,164,1.0,1,fixed-objective-evaluation-budget classical heuristic; exact optimum used only for retrospective scoring,1,1,1,1,1,1
n12_d75_s17,12,0.75,17,simulated_annealing,27,1950198,4096,4096,164,1.0,1,fixed-objective-evaluation-budget classical heuristic; exact optimum used only for retrospective scoring,1,1,1,1,1,1
n12_d75_s17,12,0.75,17,simulated_annealing,28,1950199,4096,4096,164,1.0,1,fixed-objective-evaluation-budget classical heuristic; exact optimum used only for retrospective scoring,1,1,1,1,1,1
n12_d75_s17,12,0.75,17,simulated_annealing,29,1950200,4096,4096,164,1.0,1,fixed-objective-evaluation-budget classical heuristic; exact optimum used only for retrospective scoring,1,1,1,1,1,1
n12_d75_s17,12,0.75,17,simulated_annealing,30,1950201,4096,4096,164,1.0,1,fixed-objective-evaluation-budget classical heuristic; exact optimum used only for retrospective scoring,1,1,1,1,1,1
n12_d75_s17,12,0.75,17,simulated_annealing,31,1950202,4096,4096,164,1.0,1,fixed-objective-evaluation-budget classical heuristic; exact optimum used only for retrospective scoring,1,1,1,1,1,1
n12_d75_s17,12,0.75,17,simulated_annealing,32,1950203,4096,4096,164,1.0,1,fixed-objective-evaluation-budget classical heuristic; exact optimum used only for retrospective scoring,1,1,1,1,1,1
n12_d75_s17,12,0.75,17,simulated_annealing,33,1950204,4096,4096,164,1.0,1,fixed-objective-evaluation-budget classical heuristic; exact optimum used only for retrospective scoring,1,1,1,1,1,1
n12_d75_s17,12,0.75,17,simulated_annealing,34,1950205,4096,4096,164,1.0,1,fixed-objective-evaluation-budget classical heuristic; exact optimum used only for retrospective scoring,1,1,1,1,1,1
n12_d75_s17,12,0.75,17,simulated_annealing,35,1950206,4096,4096,164,1.0,1,fixed-objective-evaluation-budget classical heuristic; exact optimum used only for retrospective scoring,1,1,1,1,1,1
n12_d75_s17,12,0.75,17,simulated_annealing,36,1950207,4096,4096,164,1.0,1,fixed-objective-evaluation-budget classical heuristic; exact optimum used only for retrospective scoring,1,1,1,1,1,1
n12_d75_s17,12,0.75,17,simulated_annealing,37,1950208,4096,4096,164,1.0,1,fixed-objective-evaluation-budget classical heuristic; exact optimum used only for retrospective scoring,1,1,1,1,1,1
n12_d75_s17,12,0.75,17,simulated_annealing,38,1950209,4096,4096,164,1.0,1,fixed-objective-evaluation-budget classical heuristic; exact optimum used only for retrospective scoring,1,1,1,1,1,1
n12_d75_s17,12,0.75,17,simulated_annealing,39,1950210,4096,4096,164,1.0,1,fixed-objective-evaluation-budget classical heuristic; exact optimum used only for retrospective scoring,1,1,1,1,1,1
n12_d75_s17,12,0.75,17,simulated_annealing,40,1950211,4096,4096,164,1.0,1,fixed-objective-evaluation-budget classical heuristic; exact optimum used only for retrospective scoring,1,1,1,1,1,1
n12_d75_s17,12,0.75,17,simulated_annealing,41,1950212,4096,4096,164,1.0,1,fixed-objective-evaluation-budget classical heuristic; exact optimum used only for retrospective scoring,1,1,1,1,1,1
n12_d75_s17,12,0.75,17,simulated_annealing,42,1950213,4096,4096,164,1.0,1,fixed-objective-evaluation-budget classical heuristic; exact optimum used only for retrospective scoring,1,1,1,1,1,1
n12_d75_s17,12,0.75,17,simulated_annealing,43,1950214,4096,4096,164,1.0,1,fixed-objective-evaluation-budget classical heuristic; exact optimum used only for retrospective scoring,1,1,1,1,1,1
n12_d75_s17,12,0.75,17,simulated_annealing,44,1950215,4096,4096,164,1.0,1,fixed-objective-evaluation-budget classical heuristic; exact optimum used only for retrospective scoring,1,1,1,1,1,1
n12_d75_s17,12,0.75,17,simulated_annealing,45,1950216,4096,4096,164,1.0,1,fixed-objective-evaluation-budget classical heuristic; exact optimum used only for retrospective scoring,1,1,1,1,1,1
n12_d75_s17,12,0.75,17,simulated_annealing,46,1950217,4096,4096,164,1.0,1,fixed-objective-evaluation-budget classical heuristic; exact optimum used only for retrospective scoring,1,1,1,1,1,1
n12_d75_s17,12,0.75,17,simulated_annealing,47,1950218,4096,4096,164,1.0,1,fixed-objective-evaluation-budget classical heuristic; exact optimum used only for retrospective scoring,1,1,1,1,1,1
n12_d75_s17,12,0.75,17,simulated_annealing,48,1950219,4096,4096,164,1.0,1,fixed-objective-evaluation-budget classical heuristic; exact optimum used only for retrospective scoring,1,1,1,1,1,1
n12_d75_s17,12,0.75,17,simulated_annealing,49,1950220,4096,4096,164,1.0,1,fixed-objective-evaluation-budget classical heuristic; exact optimum used only for retrospective scoring,1,1,1,1,1,1
n12_d75_s17,12,0.75,17,simulated_annealing,50,1950221,4096,4096,164,1.0,1,fixed-objective-evaluation-budget classical heuristic; exact optimum used only for retrospective scoring,1,1,1,1,1,1
n12_d75_s17,12,0.75,17,simulated_annealing,51,1950222,4096,4096,164,1.0,1,fixed-objective-evaluation-budget classical heuristic; exact optimum used only for retrospective scoring,1,1,1,1,1,1
n12_d75_s17,12,0.75,17,simulated_annealing,52,1950223,4096,4096,164,1.0,1,fixed-objective-evaluation-budget classical heuristic; exact optimum used only for retrospective scoring,1,1,1,1,1,1
n12_d75_s17,12,0.75,17,simulated_annealing,53,1950224,4096,4096,164,1.0,1,fixed-objective-evaluation-budget classical heuristic; exact optimum used only for retrospective scoring,1,1,1,1,1,1
n12_d75_s17,12,0.75,17,simulated_annealing,54,1950225,4096,4096,164,1.0,1,fixed-objective-evaluation-budget classical heuristic; exact optimum used only for retrospective scoring,1,1,1,1,1,1
n12_d75_s17,12,0.75,17,simulated_annealing,55,1950226,4096,4096,164,1.0,1,fixed-objective-evaluation-budget classical heuristic; exact optimum used only for retrospective scoring,1,1,1,1,1,1
n12_d75_s17,12,0.75,17,simulated_annealing,56,1950227,4096,4096,164,1.0,1,fixed-objective-evaluation-budget classical heuristic; exact optimum used only for retrospective scoring,1,1,1,1,1,1
n12_d75_s17,12,0.75,17,simulated_annealing,57,1950228,4096,4096,164,1.0,1,fixed-objective-evaluation-budget classical heuristic; exact optimum used only for retrospective scoring,1,1,1,1,1,1
n12_d75_s17,12,0.75,17,simulated_annealing,58,1950229,4096,4096,164,1.0,1,fixed-objective-evaluation-budget classical heuristic; exact optimum used only for retrospective scoring,1,1,1,1,1,1
n12_d75_s17,12,0.75,17,simulated_annealing,59,1950230,4096,4096,164,1.0,1,fixed-objective-evaluation-budget classical heuristic; exact optimum used only for retrospective scoring,1,1,1,1,1,1
n12_d75_s17,12,0.75,17,simulated_annealing,60,1950231,4096,4096,164,1.0,1,fixed-objective-evaluation-budget classical heuristic; exact optimum used only for retrospective scoring,1,1,1,1,1,1
n12_d75_s17,12,0.75,17,simulated_annealing,61,1950232,4096,4096,164,1.0,1,fixed-objective-evaluation-budget classical heuristic; exact optimum used only for retrospective scoring,1,1,1,1,1,1
n12_d75_s17,12,0.75,17,simulated_annealing,62,1950233,4096,4096,164,1.0,1,fixed-objective-evaluation-budget classical heuristic; exact optimum used only for retrospective scoring,1,1,1,1,1,1
n12_d75_s17,12,0.75,17,simulated_annealing,63,1950234,4096,4096,164,1.0,1,fixed-objective-evaluation-budget classical heuristic; exact optimum used only for retrospective scoring,1,1,1,1,1,1
n12_d75_s17,12,0.75,17,tabu_search,0,11950171,4096,4093,164,1.0,1,fixed-objective-evaluation-budget classical heuristic; exact optimum used only for retrospective scoring,1,1,1,1,1,1
n12_d75_s17,12,0.75,17,tabu_search,1,11950172,4096,4093,164,1.0,1,fixed-objective-evaluation-budget classical heuristic; exact optimum used only for retrospective scoring,1,1,1,1,1,1
n12_d75_s17,12,0.75,17,tabu_search,2,11950173,4096,4093,164,1.0,1,fixed-objective-evaluation-budget classical heuristic; exact optimum used only for retrospective scoring,1,1,1,1,1,1
n12_d75_s17,12,0.75,17,tabu_search,3,11950174,4096,4093,164,1.0,1,fixed-objective-evaluation-budget classical heuristic; exact optimum used only for retrospective scoring,1,1,1,1,1,1
n12_d75_s17,12,0.75,17,tabu_search,4,11950175,4096,4093,164,1.0,1,fixed-objective-evaluation-budget classical heuristic; exact optimum used only for retrospective scoring,1,1,1,1,1,1
n12_d75_s17,12,0.75,17,tabu_search,5,11950176,4096,4093,164,1.0,1,fixed-objective-evaluation-budget classical heuristic; exact optimum used only for retrospective scoring,1,1,1,1,1,1
n12_d75_s17,12,0.75,17,tabu_search,6,11950177,4096,4093,164,1.0,1,fixed-objective-evaluation-budget classical heuristic; exact optimum used only for retrospective scoring,1,1,1,1,1,1
n12_d75_s17,12,0.75,17,tabu_search,7,11950178,4096,4093,163,0.9939024390243902,0,fixed-objective-evaluation-budget classical heuristic; exact optimum used only for retrospective scoring,1,1,0,1,1,1
n12_d75_s17,12,0.75,17,tabu_search,8,11950179,4096,4093,164,1.0,1,fixed-objective-evaluation-budget classical heuristic; exact optimum used only for retrospective scoring,1,1,1,1,1,1
n12_d75_s17,12,0.75,17,tabu_search,9,11950180,4096,4093,163,0.9939024390243902,0,fixed-objective-evaluation-budget classical heuristic; exact optimum used only for retrospective scoring,1,1,0,1,1,1
n12_d75_s17,12,0.75,17,tabu_search,10,11950181,4096,4093,163,0.9939024390243902,0,fixed-objective-evaluation-budget classical heuristic; exact optimum used only for retrospective scoring,1,1,0,1,1,1
n12_d75_s17,12,0.75,17,tabu_search,11,11950182,4096,4093,164,1.0,1,fixed-objective-evaluation-budget classical heuristic; exact optimum used only for retrospective scoring,1,1,1,1,1,1
n12_d75_s17,12,0.75,17,tabu_search,12,11950183,4096,4093,164,1.0,1,fixed-objective-evaluation-budget classical heuristic; exact optimum used only for retrospective scoring,1,1,1,1,1,1
n12_d75_s17,12,0.75,17,tabu_search,13,11950184,4096,4093,164,1.0,1,fixed-objective-evaluation-budget classical heuristic; exact optimum used only for retrospective scoring,1,1,1,1,1,1
n12_d75_s17,12,0.75,17,tabu_search,14,11950185,4096,4093,164,1.0,1,fixed-objective-evaluation-budget classical heuristic; exact optimum used only for retrospective scoring,1,1,1,1,1,1
n12_d75_s17,12,0.75,17,tabu_search,15,11950186,4096,4093,164,1.0,1,fixed-objective-evaluation-budget classical heuristic; exact optimum used only for retrospective scoring,1,1,1,1,1,1
n12_d75_s17,12,0.75,17,tabu_search,16,11950187,4096,4093,164,1.0,1,fixed-objective-evaluation-budget classical heuristic; exact optimum used only for retrospective scoring,1,1,1,1,1,1
n12_d75_s17,12,0.75,17,tabu_search,17,11950188,4096,4093,164,1.0,1,fixed-objective-evaluation-budget classical heuristic; exact optimum used only for retrospective scoring,1,1,1,1,1,1
n12_d75_s17,12,0.75,17,tabu_search,18,11950189,4096,4093,164,1.0,1,fixed-objective-evaluation-budget classical heuristic; exact optimum used only for retrospective scoring,1,1,1,1,1,1
n12_d75_s17,12,0.75,17,tabu_search,19,11950190,4096,4093,164,1.0,1,fixed-objective-evaluation-budget classical heuristic; exact optimum used only for retrospective scoring,1,1,1,1,1,1
n12_d75_s17,12,0.75,17,tabu_search,20,11950191,4096,4093,164,1.0,1,fixed-objective-evaluation-budget classical heuristic; exact optimum used only for retrospective scoring,1,1,1,1,1,1
n12_d75_s17,12,0.75,17,tabu_search,21,11950192,4096,4093,164,1.0,1,fixed-objective-evaluation-budget classical heuristic; exact optimum used only for retrospective scoring,1,1,1,1,1,1
n12_d75_s17,12,0.75,17,tabu_search,22,11950193,4096,4093,164,1.0,1,fixed-objective-evaluation-budget classical heuristic; exact optimum used only for retrospective scoring,1,1,1,1,1,1
n12_d75_s17,12,0.75,17,tabu_search,23,11950194,4096,4093,164,1.0,1,fixed-objective-evaluation-budget classical heuristic; exact optimum used only for retrospective scoring,1,1,1,1,1,1
n12_d75_s17,12,0.75,17,tabu_search,24,11950195,4096,4093,163,0.9939024390243902,0,fixed-objective-evaluation-budget classical heuristic; exact optimum used only for retrospective scoring,1,1,0,1,1,1
n12_d75_s17,12,0.75,17,tabu_search,25,11950196,4096,4093,164,1.0,1,fixed-objective-evaluation-budget classical heuristic; exact optimum used only for retrospective scoring,1,1,1,1,1,1
n12_d75_s17,12,0.75,17,tabu_search,26,11950197,4096,4093,164,1.0,1,fixed-objective-evaluation-budget classical heuristic; exact optimum used only for retrospective scoring,1,1,1,1,1,1
n12_d75_s17,12,0.75,17,tabu_search,27,11950198,4096,4093,164,1.0,1,fixed-objective-evaluation-budget classical heuristic; exact optimum used only for retrospective scoring,1,1,1,1,1,1
n12_d75_s17,12,0.75,17,tabu_search,28,11950199,4096,4093,164,1.0,1,fixed-objective-evaluation-budget classical heuristic; exact optimum used only for retrospective scoring,1,1,1,1,1,1
n12_d75_s17,12,0.75,17,tabu_search,29,11950200,4096,4093,164,1.0,1,fixed-objective-evaluation-budget classical heuristic; exact optimum used only for retrospective scoring,1,1,1,1,1,1
n12_d75_s17,12,0.75,17,tabu_search,30,11950201,4096,4093,164,1.0,1,fixed-objective-evaluation-budget classical heuristic; exact optimum used only for retrospective scoring,1,1,1,1,1,1
n12_d75_s17,12,0.75,17,tabu_search,31,11950202,4096,4093,164,1.0,1,fixed-objective-evaluation-budget classical heuristic; exact optimum used only for retrospective scoring,1,1,1,1,1,1
n12_d75_s17,12,0.75,17,tabu_search,32,11950203,4096,4093,164,1.0,1,fixed-objective-evaluation-budget classical heuristic; exact optimum used only for retrospective scoring,1,1,1,1,1,1
n12_d75_s17,12,0.75,17,tabu_search,33,11950204,4096,4093,164,1.0,1,fixed-objective-evaluation-budget classical heuristic; exact optimum used only for retrospective scoring,1,1,1,1,1,1
n12_d75_s17,12,0.75,17,tabu_search,34,11950205,4096,4093,164,1.0,1,fixed-objective-evaluation-budget classical heuristic; exact optimum used only for retrospective scoring,1,1,1,1,1,1
n12_d75_s17,12,0.75,17,tabu_search,35,11950206,4096,4093,164,1.0,1,fixed-objective-evaluation-budget classical heuristic; exact optimum used only for retrospective scoring,1,1,1,1,1,1
n12_d75_s17,12,0.75,17,tabu_search,36,11950207,4096,4093,164,1.0,1,fixed-objective-evaluation-budget classical heuristic; exact optimum used only for retrospective scoring,1,1,1,1,1,1
n12_d75_s17,12,0.75,17,tabu_search,37,11950208,4096,4093,164,1.0,1,fixed-objective-evaluation-budget classical heuristic; exact optimum used only for retrospective scoring,1,1,1,1,1,1
n12_d75_s17,12,0.75,17,tabu_search,38,11950209,4096,4093,163,0.9939024390243902,0,fixed-objective-evaluation-budget classical heuristic; exact optimum used only for retrospective scoring,1,1,0,1,1,1
n12_d75_s17,12,0.75,17,tabu_search,39,11950210,4096,4093,164,1.0,1,fixed-objective-evaluation-budget classical heuristic; exact optimum used only for retrospective scoring,1,1,1,1,1,1
n12_d75_s17,12,0.75,17,tabu_search,40,11950211,4096,4093,164,1.0,1,fixed-objective-evaluation-budget classical heuristic; exact optimum used only for retrospective scoring,1,1,1,1,1,1
n12_d75_s17,12,0.75,17,tabu_search,41,11950212,4096,4093,164,1.0,1,fixed-objective-evaluation-budget classical heuristic; exact optimum used only for retrospective scoring,1,1,1,1,1,1
n12_d75_s17,12,0.75,17,tabu_search,42,11950213,4096,4093,164,1.0,1,fixed-objective-evaluation-budget classical heuristic; exact optimum used only for retrospective scoring,1,1,1,1,1,1
n12_d75_s17,12,0.75,17,tabu_search,43,11950214,4096,4093,164,1.0,1,fixed-objective-evaluation-budget classical heuristic; exact optimum used only for retrospective scoring,1,1,1,1,1,1
n12_d75_s17,12,0.75,17,tabu_search,44,11950215,4096,4093,164,1.0,1,fixed-objective-evaluation-budget classical heuristic; exact optimum used only for retrospective scoring,1,1,1,1,1,1
n12_d75_s17,12,0.75,17,tabu_search,45,11950216,4096,4093,164,1.0,1,fixed-objective-evaluation-budget classical heuristic; exact optimum used only for retrospective scoring,1,1,1,1,1,1
n12_d75_s17,12,0.75,17,tabu_search,46,11950217,4096,4093,163,0.9939024390243902,0,fixed-objective-evaluation-budget classical heuristic; exact optimum used only for retrospective scoring,1,1,0,1,1,1
n12_d75_s17,12,0.75,17,tabu_search,47,11950218,4096,4093,164,1.0,1,fixed-objective-evaluation-budget classical heuristic; exact optimum used only for retrospective scoring,1,1,1,1,1,1
n12_d75_s17,12,0.75,17,tabu_search,48,11950219,4096,4093,163,0.9939024390243902,0,fixed-objective-evaluation-budget classical heuristic; exact optimum used only for retrospective scoring,1,1,0,1,1,1
n12_d75_s17,12,0.75,17,tabu_search,49,11950220,4096,4093,164,1.0,1,fixed-objective-evaluation-budget classical heuristic; exact optimum used only for retrospective scoring,1,1,1,1,1,1
n12_d75_s17,12,0.75,17,tabu_search,50,11950221,4096,4093,164,1.0,1,fixed-objective-evaluation-budget classical heuristic; exact optimum used only for retrospective scoring,1,1,1,1,1,1
n12_d75_s17,12,0.75,17,tabu_search,51,11950222,4096,4093,164,1.0,1,fixed-objective-evaluation-budget classical heuristic; exact optimum used only for retrospective scoring,1,1,1,1,1,1
n12_d75_s17,12,0.75,17,tabu_search,52,11950223,4096,4093,164,1.0,1,fixed-objective-evaluation-budget classical heuristic; exact optimum used only for retrospective scoring,1,1,1,1,1,1
n12_d75_s17,12,0.75,17,tabu_search,53,11950224,4096,4093,164,1.0,1,fixed-objective-evaluation-budget classical heuristic; exact optimum used only for retrospective scoring,1,1,1,1,1,1
n12_d75_s17,12,0.75,17,tabu_search,54,11950225,4096,4093,164,1.0,1,fixed-objective-evaluation-budget classical heuristic; exact optimum used only for retrospective scoring,1,1,1,1,1,1
n12_d75_s17,12,0.75,17,tabu_search,55,11950226,4096,4093,164,1.0,1,fixed-objective-evaluation-budget classical heuristic; exact optimum used only for retrospective scoring,1,1,1,1,1,1
n12_d75_s17,12,0.75,17,tabu_search,56,11950227,4096,4093,164,1.0,1,fixed-objective-evaluation-budget classical heuristic; exact optimum used only for retrospective scoring,1,1,1,1,1,1
n12_d75_s17,12,0.75,17,tabu_search,57,11950228,4096,4093,164,1.0,1,fixed-objective-evaluation-budget classical heuristic; exact optimum used only for retrospective scoring,1,1,1,1,1,1
n12_d75_s17,12,0.75,17,tabu_search,58,11950229,4096,4093,164,1.0,1,fixed-objective-evaluation-budget classical heuristic; exact optimum used only for retrospective scoring,1,1,1,1,1,1
n12_d75_s17,12,0.75,17,tabu_search,59,11950230,4096,4093,164,1.0,1,fixed-objective-evaluation-budget classical heuristic; exact optimum used only for retrospective scoring,1,1,1,1,1,1
n12_d75_s17,12,0.75,17,tabu_search,60,11950231,4096,4093,164,1.0,1,fixed-objective-evaluation-budget classical heuristic; exact optimum used only for retrospective scoring,1,1,1,1,1,1
n12_d75_s17,12,0.75,17,tabu_search,61,11950232,4096,4093,164,1.0,1,fixed-objective-evaluation-budget classical heuristic; exact optimum used only for retrospective scoring,1,1,1,1,1,1
n12_d75_s17,12,0.75,17,tabu_search,62,11950233,4096,4093,164,1.0,1,fixed-objective-evaluation-budget classical heuristic; exact optimum used only for retrospective scoring,1,1,1,1,1,1
n12_d75_s17,12,0.75,17,tabu_search,63,11950234,4096,4093,163,0.9939024390243902,0,fixed-objective-evaluation-budget classical heuristic; exact optimum used only for retrospective scoring,1,1,0,1,1,1
n12_d75_s42,12,0.75,42,simulated_annealing,0,1950421,4096,4096,175,1.0,1,fixed-objective-evaluation-budget classical heuristic; exact optimum used only for retrospective scoring,1,1,1,1,1,1
n12_d75_s42,12,0.75,42,simulated_annealing,1,1950422,4096,4096,175,1.0,1,fixed-objective-evaluation-budget classical heuristic; exact optimum used only for retrospective scoring,1,1,1,1,1,1
n12_d75_s42,12,0.75,42,simulated_annealing,2,1950423,4096,4096,175,1.0,1,fixed-objective-evaluation-budget classical heuristic; exact optimum used only for retrospective scoring,1,1,1,1,1,1
n12_d75_s42,12,0.75,42,simulated_annealing,3,1950424,4096,4096,175,1.0,1,fixed-objective-evaluation-budget classical heuristic; exact optimum used only for retrospective scoring,1,1,1,1,1,1
n12_d75_s42,12,0.75,42,simulated_annealing,4,1950425,4096,4096,175,1.0,1,fixed-objective-evaluation-budget classical heuristic; exact optimum used only for retrospective scoring,1,1,1,1,1,1
n12_d75_s42,12,0.75,42,simulated_annealing,5,1950426,4096,4096,175,1.0,1,fixed-objective-evaluation-budget classical heuristic; exact optimum used only for retrospective scoring,1,1,1,1,1,1
n12_d75_s42,12,0.75,42,simulated_annealing,6,1950427,4096,4096,175,1.0,1,fixed-objective-evaluation-budget classical heuristic; exact optimum used only for retrospective scoring,1,1,1,1,1,1
n12_d75_s42,12,0.75,42,simulated_annealing,7,1950428,4096,4096,175,1.0,1,fixed-objective-evaluation-budget classical heuristic; exact optimum used only for retrospective scoring,1,1,1,1,1,1
n12_d75_s42,12,0.75,42,simulated_annealing,8,1950429,4096,4096,175,1.0,1,fixed-objective-evaluation-budget classical heuristic; exact optimum used only for retrospective scoring,1,1,1,1,1,1
n12_d75_s42,12,0.75,42,simulated_annealing,9,1950430,4096,4096,175,1.0,1,fixed-objective-evaluation-budget classical heuristic; exact optimum used only for retrospective scoring,1,1,1,1,1,1
n12_d75_s42,12,0.75,42,simulated_annealing,10,1950431,4096,4096,175,1.0,1,fixed-objective-evaluation-budget classical heuristic; exact optimum used only for retrospective scoring,1,1,1,1,1,1
n12_d75_s42,12,0.75,42,simulated_annealing,11,1950432,4096,4096,175,1.0,1,fixed-objective-evaluation-budget classical heuristic; exact optimum used only for retrospective scoring,1,1,1,1,1,1
n12_d75_s42,12,0.75,42,simulated_annealing,12,1950433,4096,4096,175,1.0,1,fixed-objective-evaluation-budget classical heuristic; exact optimum used only for retrospective scoring,1,1,1,1,1,1
n12_d75_s42,12,0.75,42,simulated_annealing,13,1950434,4096,4096,175,1.0,1,fixed-objective-evaluation-budget classical heuristic; exact optimum used only for retrospective scoring,1,1,1,1,1,1
n12_d75_s42,12,0.75,42,simulated_annealing,14,1950435,4096,4096,175,1.0,1,fixed-objective-evaluation-budget classical heuristic; exact optimum used only for retrospective scoring,1,1,1,1,1,1
n12_d75_s42,12,0.75,42,simulated_annealing,15,1950436,4096,4096,175,1.0,1,fixed-objective-evaluation-budget classical heuristic; exact optimum used only for retrospective scoring,1,1,1,1,1,1
n12_d75_s42,12,0.75,42,simulated_annealing,16,1950437,4096,4096,175,1.0,1,fixed-objective-evaluation-budget classical heuristic; exact optimum used only for retrospective scoring,1,1,1,1,1,1
n12_d75_s42,12,0.75,42,simulated_annealing,17,1950438,4096,4096,175,1.0,1,fixed-objective-evaluation-budget classical heuristic; exact optimum used only for retrospective scoring,1,1,1,1,1,1
n12_d75_s42,12,0.75,42,simulated_annealing,18,1950439,4096,4096,175,1.0,1,fixed-objective-evaluation-budget classical heuristic; exact optimum used only for retrospective scoring,1,1,1,1,1,1
n12_d75_s42,12,0.75,42,simulated_annealing,19,1950440,4096,4096,175,1.0,1,fixed-objective-evaluation-budget classical heuristic; exact optimum used only for retrospective scoring,1,1,1,1,1,1
n12_d75_s42,12,0.75,42,simulated_annealing,20,1950441,4096,4096,175,1.0,1,fixed-objective-evaluation-budget classical heuristic; exact optimum used only for retrospective scoring,1,1,1,1,1,1
n12_d75_s42,12,0.75,42,simulated_annealing,21,1950442,4096,4096,175,1.0,1,fixed-objective-evaluation-budget classical heuristic; exact optimum used only for retrospective scoring,1,1,1,1,1,1
n12_d75_s42,12,0.75,42,simulated_annealing,22,1950443,4096,4096,175,1.0,1,fixed-objective-evaluation-budget classical heuristic; exact optimum used only for retrospective scoring,1,1,1,1,1,1
n12_d75_s42,12,0.75,42,simulated_annealing,23,1950444,4096,4096,175,1.0,1,fixed-objective-evaluation-budget classical heuristic; exact optimum used only for retrospective scoring,1,1,1,1,1,1
n12_d75_s42,12,0.75,42,simulated_annealing,24,1950445,4096,4096,175,1.0,1,fixed-objective-evaluation-budget classical heuristic; exact optimum used only for retrospective scoring,1,1,1,1,1,1
n12_d75_s42,12,0.75,42,simulated_annealing,25,1950446,4096,4096,175,1.0,1,fixed-objective-evaluation-budget classical heuristic; exact optimum used only for retrospective scoring,1,1,1,1,1,1
n12_d75_s42,12,0.75,42,simulated_annealing,26,1950447,4096,4096,175,1.0,1,fixed-objective-evaluation-budget classical heuristic; exact optimum used only for retrospective scoring,1,1,1,1,1,1
n12_d75_s42,12,0.75,42,simulated_annealing,27,1950448,4096,4096,175,1.0,1,fixed-objective-evaluation-budget classical heuristic; exact optimum used only for retrospective scoring,1,1,1,1,1,1
n12_d75_s42,12,0.75,42,simulated_annealing,28,1950449,4096,4096,175,1.0,1,fixed-objective-evaluation-budget classical heuristic; exact optimum used only for retrospective scoring,1,1,1,1,1,1
n12_d75_s42,12,0.75,42,simulated_annealing,29,1950450,4096,4096,175,1.0,1,fixed-objective-evaluation-budget classical heuristic; exact optimum used only for retrospective scoring,1,1,1,1,1,1
n12_d75_s42,12,0.75,42,simulated_annealing,30,1950451,4096,4096,175,1.0,1,fixed-objective-evaluation-budget classical heuristic; exact optimum used only for retrospective scoring,1,1,1,1,1,1
n12_d75_s42,12,0.75,42,simulated_annealing,31,1950452,4096,4096,175,1.0,1,fixed-objective-evaluation-budget classical heuristic; exact optimum used only for retrospective scoring,1,1,1,1,1,1
n12_d75_s42,12,0.75,42,simulated_annealing,32,1950453,4096,4096,175,1.0,1,fixed-objective-evaluation-budget classical heuristic; exact optimum used only for retrospective scoring,1,1,1,1,1,1
n12_d75_s42,12,0.75,42,simulated_annealing,33,1950454,4096,4096,175,1.0,1,fixed-objective-evaluation-budget classical heuristic; exact optimum used only for retrospective scoring,1,1,1,1,1,1
n12_d75_s42,12,0.75,42,simulated_annealing,34,1950455,4096,4096,175,1.0,1,fixed-objective-evaluation-budget classical heuristic; exact optimum used only for retrospective scoring,1,1,1,1,1,1
n12_d75_s42,12,0.75,42,simulated_annealing,35,1950456,4096,4096,175,1.0,1,fixed-objective-evaluation-budget classical heuristic; exact optimum used only for retrospective scoring,1,1,1,1,1,1
n12_d75_s42,12,0.75,42,simulated_annealing,36,1950457,4096,4096,175,1.0,1,fixed-objective-evaluation-budget classical heuristic; exact optimum used only for retrospective scoring,1,1,1,1,1,1
n12_d75_s42,12,0.75,42,simulated_annealing,37,1950458,4096,4096,175,1.0,1,fixed-objective-evaluation-budget classical heuristic; exact optimum used only for retrospective scoring,1,1,1,1,1,1
n12_d75_s42,12,0.75,42,simulated_annealing,38,1950459,4096,4096,175,1.0,1,fixed-objective-evaluation-budget classical heuristic; exact optimum used only for retrospective scoring,1,1,1,1,1,1
n12_d75_s42,12,0.75,42,simulated_annealing,39,1950460,4096,4096,175,1.0,1,fixed-objective-evaluation-budget classical heuristic; exact optimum used only for retrospective scoring,1,1,1,1,1,1
n12_d75_s42,12,0.75,42,simulated_annealing,40,1950461,4096,4096,175,1.0,1,fixed-objective-evaluation-budget classical heuristic; exact optimum used only for retrospective scoring,1,1,1,1,1,1
n12_d75_s42,12,0.75,42,simulated_annealing,41,1950462,4096,4096,175,1.0,1,fixed-objective-evaluation-budget classical heuristic; exact optimum used only for retrospective scoring,1,1,1,1,1,1
n12_d75_s42,12,0.75,42,simulated_annealing,42,1950463,4096,4096,175,1.0,1,fixed-objective-evaluation-budget classical heuristic; exact optimum used only for retrospective scoring,1,1,1,1,1,1
n12_d75_s42,12,0.75,42,simulated_annealing,43,1950464,4096,4096,175,1.0,1,fixed-objective-evaluation-budget classical heuristic; exact optimum used only for retrospective scoring,1,1,1,1,1,1
n12_d75_s42,12,0.75,42,simulated_annealing,44,1950465,4096,4096,175,1.0,1,fixed-objective-evaluation-budget classical heuristic; exact optimum used only for retrospective scoring,1,1,1,1,1,1
n12_d75_s42,12,0.75,42,simulated_annealing,45,1950466,4096,4096,175,1.0,1,fixed-objective-evaluation-budget classical heuristic; exact optimum used only for retrospective scoring,1,1,1,1,1,1
n12_d75_s42,12,0.75,42,simulated_annealing,46,1950467,4096,4096,175,1.0,1,fixed-objective-evaluation-budget classical heuristic; exact optimum used only for retrospective scoring,1,1,1,1,1,1
n12_d75_s42,12,0.75,42,simulated_annealing,47,1950468,4096,4096,175,1.0,1,fixed-objective-evaluation-budget classical heuristic; exact optimum used only for retrospective scoring,1,1,1,1,1,1
n12_d75_s42,12,0.75,42,simulated_annealing,48,1950469,4096,4096,175,1.0,1,fixed-objective-evaluation-budget classical heuristic; exact optimum used only for retrospective scoring,1,1,1,1,1,1
n12_d75_s42,12,0.75,42,simulated_annealing,49,1950470,4096,4096,175,1.0,1,fixed-objective-evaluation-budget classical heuristic; exact optimum used only for retrospective scoring,1,1,1,1,1,1
n12_d75_s42,12,0.75,42,simulated_annealing,50,1950471,4096,4096,175,1.0,1,fixed-objective-evaluation-budget classical heuristic; exact optimum used only for retrospective scoring,1,1,1,1,1,1
n12_d75_s42,12,0.75,42,simulated_annealing,51,1950472,4096,4096,175,1.0,1,fixed-objective-evaluation-budget classical heuristic; exact optimum used only for retrospective scoring,1,1,1,1,1,1
n12_d75_s42,12,0.75,42,simulated_annealing,52,1950473,4096,4096,175,1.0,1,fixed-objective-evaluation-budget classical heuristic; exact optimum used only for retrospective scoring,1,1,1,1,1,1
n12_d75_s42,12,0.75,42,simulated_annealing,53,1950474,4096,4096,175,1.0,1,fixed-objective-evaluation-budget classical heuristic; exact optimum used only for retrospective scoring,1,1,1,1,1,1
n12_d75_s42,12,0.75,42,simulated_annealing,54,1950475,4096,4096,175,1.0,1,fixed-objective-evaluation-budget classical heuristic; exact optimum used only for retrospective scoring,1,1,1,1,1,1
n12_d75_s42,12,0.75,42,simulated_annealing,55,1950476,4096,4096,175,1.0,1,fixed-objective-evaluation-budget classical heuristic; exact optimum used only for retrospective scoring,1,1,1,1,1,1
n12_d75_s42,12,0.75,42,simulated_annealing,56,1950477,4096,4096,175,1.0,1,fixed-objective-evaluation-budget classical heuristic; exact optimum used only for retrospective scoring,1,1,1,1,1,1
n12_d75_s42,12,0.75,42,simulated_annealing,57,1950478,4096,4096,175,1.0,1,fixed-objective-evaluation-budget classical heuristic; exact optimum used only for retrospective scoring,1,1,1,1,1,1
n12_d75_s42,12,0.75,42,simulated_annealing,58,1950479,4096,4096,175,1.0,1,fixed-objective-evaluation-budget classical heuristic; exact optimum used only for retrospective scoring,1,1,1,1,1,1
n12_d75_s42,12,0.75,42,simulated_annealing,59,1950480,4096,4096,175,1.0,1,fixed-objective-evaluation-budget classical heuristic; exact optimum used only for retrospective scoring,1,1,1,1,1,1
n12_d75_s42,12,0.75,42,simulated_annealing,60,1950481,4096,4096,175,1.0,1,fixed-objective-evaluation-budget classical heuristic; exact optimum used only for retrospective scoring,1,1,1,1,1,1
n12_d75_s42,12,0.75,42,simulated_annealing,61,1950482,4096,4096,175,1.0,1,fixed-objective-evaluation-budget classical heuristic; exact optimum used only for retrospective scoring,1,1,1,1,1,1
n12_d75_s42,12,0.75,42,simulated_annealing,62,1950483,4096,4096,175,1.0,1,fixed-objective-evaluation-budget classical heuristic; exact optimum used only for retrospective scoring,1,1,1,1,1,1
n12_d75_s42,12,0.75,42,simulated_annealing,63,1950484,4096,4096,175,1.0,1,fixed-objective-evaluation-budget classical heuristic; exact optimum used only for retrospective scoring,1,1,1,1,1,1
n12_d75_s42,12,0.75,42,tabu_search,0,11950421,4096,4093,175,1.0,1,fixed-objective-evaluation-budget classical heuristic; exact optimum used only for retrospective scoring,1,1,1,1,1,1
n12_d75_s42,12,0.75,42,tabu_search,1,11950422,4096,4093,175,1.0,1,fixed-objective-evaluation-budget classical heuristic; exact optimum used only for retrospective scoring,1,1,1,1,1,1
n12_d75_s42,12,0.75,42,tabu_search,2,11950423,4096,4093,175,1.0,1,fixed-objective-evaluation-budget classical heuristic; exact optimum used only for retrospective scoring,1,1,1,1,1,1
n12_d75_s42,12,0.75,42,tabu_search,3,11950424,4096,4093,175,1.0,1,fixed-objective-evaluation-budget classical heuristic; exact optimum used only for retrospective scoring,1,1,1,1,1,1
n12_d75_s42,12,0.75,42,tabu_search,4,11950425,4096,4093,175,1.0,1,fixed-objective-evaluation-budget classical heuristic; exact optimum used only for retrospective scoring,1,1,1,1,1,1
n12_d75_s42,12,0.75,42,tabu_search,5,11950426,4096,4093,175,1.0,1,fixed-objective-evaluation-budget classical heuristic; exact optimum used only for retrospective scoring,1,1,1,1,1,1
n12_d75_s42,12,0.75,42,tabu_search,6,11950427,4096,4093,175,1.0,1,fixed-objective-evaluation-budget classical heuristic; exact optimum used only for retrospective scoring,1,1,1,1,1,1
n12_d75_s42,12,0.75,42,tabu_search,7,11950428,4096,4093,175,1.0,1,fixed-objective-evaluation-budget classical heuristic; exact optimum used only for retrospective scoring,1,1,1,1,1,1
n12_d75_s42,12,0.75,42,tabu_search,8,11950429,4096,4093,171,0.9771428571428571,0,fixed-objective-evaluation-budget classical heuristic; exact optimum used only for retrospective scoring,1,1,0,1,1,0
n12_d75_s42,12,0.75,42,tabu_search,9,11950430,4096,4093,175,1.0,1,fixed-objective-evaluation-budget classical heuristic; exact optimum used only for retrospective scoring,1,1,1,1,1,1
n12_d75_s42,12,0.75,42,tabu_search,10,11950431,4096,4093,175,1.0,1,fixed-objective-evaluation-budget classical heuristic; exact optimum used only for retrospective scoring,1,1,1,1,1,1
n12_d75_s42,12,0.75,42,tabu_search,11,11950432,4096,4093,175,1.0,1,fixed-objective-evaluation-budget classical heuristic; exact optimum used only for retrospective scoring,1,1,1,1,1,1
n12_d75_s42,12,0.75,42,tabu_search,12,11950433,4096,4093,175,1.0,1,fixed-objective-evaluation-budget classical heuristic; exact optimum used only for retrospective scoring,1,1,1,1,1,1
n12_d75_s42,12,0.75,42,tabu_search,13,11950434,4096,4093,175,1.0,1,fixed-objective-evaluation-budget classical heuristic; exact optimum used only for retrospective scoring,1,1,1,1,1,1
n12_d75_s42,12,0.75,42,tabu_search,14,11950435,4096,4093,175,1.0,1,fixed-objective-evaluation-budget classical heuristic; exact optimum used only for retrospective scoring,1,1,1,1,1,1
n12_d75_s42,12,0.75,42,tabu_search,15,11950436,4096,4093,175,1.0,1,fixed-objective-evaluation-budget classical heuristic; exact optimum used only for retrospective scoring,1,1,1,1,1,1
n12_d75_s42,12,0.75,42,tabu_search,16,11950437,4096,4093,175,1.0,1,fixed-objective-evaluation-budget classical heuristic; exact optimum used only for retrospective scoring,1,1,1,1,1,1
n12_d75_s42,12,0.75,42,tabu_search,17,11950438,4096,4093,175,1.0,1,fixed-objective-evaluation-budget classical heuristic; exact optimum used only for retrospective scoring,1,1,1,1,1,1
n12_d75_s42,12,0.75,42,tabu_search,18,11950439,4096,4093,175,1.0,1,fixed-objective-evaluation-budget classical heuristic; exact optimum used only for retrospective scoring,1,1,1,1,1,1
n12_d75_s42,12,0.75,42,tabu_search,19,11950440,4096,4093,175,1.0,1,fixed-objective-evaluation-budget classical heuristic; exact optimum used only for retrospective scoring,1,1,1,1,1,1
n12_d75_s42,12,0.75,42,tabu_search,20,11950441,4096,4093,175,1.0,1,fixed-objective-evaluation-budget classical heuristic; exact optimum used only for retrospective scoring,1,1,1,1,1,1
n12_d75_s42,12,0.75,42,tabu_search,21,11950442,4096,4093,175,1.0,1,fixed-objective-evaluation-budget classical heuristic; exact optimum used only for retrospective scoring,1,1,1,1,1,1
n12_d75_s42,12,0.75,42,tabu_search,22,11950443,4096,4093,175,1.0,1,fixed-objective-evaluation-budget classical heuristic; exact optimum used only for retrospective scoring,1,1,1,1,1,1
n12_d75_s42,12,0.75,42,tabu_search,23,11950444,4096,4093,171,0.9771428571428571,0,fixed-objective-evaluation-budget classical heuristic; exact optimum used only for retrospective scoring,1,1,0,1,1,0
n12_d75_s42,12,0.75,42,tabu_search,24,11950445,4096,4093,175,1.0,1,fixed-objective-evaluation-budget classical heuristic; exact optimum used only for retrospective scoring,1,1,1,1,1,1
n12_d75_s42,12,0.75,42,tabu_search,25,11950446,4096,4093,175,1.0,1,fixed-objective-evaluation-budget classical heuristic; exact optimum used only for retrospective scoring,1,1,1,1,1,1
n12_d75_s42,12,0.75,42,tabu_search,26,11950447,4096,4093,175,1.0,1,fixed-objective-evaluation-budget classical heuristic; exact optimum used only for retrospective scoring,1,1,1,1,1,1
n12_d75_s42,12,0.75,42,tabu_search,27,11950448,4096,4093,175,1.0,1,fixed-objective-evaluation-budget classical heuristic; exact optimum used only for retrospective scoring,1,1,1,1,1,1
n12_d75_s42,12,0.75,42,tabu_search,28,11950449,4096,4093,175,1.0,1,fixed-objective-evaluation-budget classical heuristic; exact optimum used only for retrospective scoring,1,1,1,1,1,1
n12_d75_s42,12,0.75,42,tabu_search,29,11950450,4096,4093,175,1.0,1,fixed-objective-evaluation-budget classical heuristic; exact optimum used only for retrospective scoring,1,1,1,1,1,1
n12_d75_s42,12,0.75,42,tabu_search,30,11950451,4096,4093,175,1.0,1,fixed-objective-evaluation-budget classical heuristic; exact optimum used only for retrospective scoring,1,1,1,1,1,1
n12_d75_s42,12,0.75,42,tabu_search,31,11950452,4096,4093,175,1.0,1,fixed-objective-evaluation-budget classical heuristic; exact optimum used only for retrospective scoring,1,1,1,1,1,1
n12_d75_s42,12,0.75,42,tabu_search,32,11950453,4096,4093,175,1.0,1,fixed-objective-evaluation-budget classical heuristic; exact optimum used only for retrospective scoring,1,1,1,1,1,1
n12_d75_s42,12,0.75,42,tabu_search,33,11950454,4096,4093,175,1.0,1,fixed-objective-evaluation-budget classical heuristic; exact optimum used only for retrospective scoring,1,1,1,1,1,1
n12_d75_s42,12,0.75,42,tabu_search,34,11950455,4096,4093,175,1.0,1,fixed-objective-evaluation-budget classical heuristic; exact optimum used only for retrospective scoring,1,1,1,1,1,1
n12_d75_s42,12,0.75,42,tabu_search,35,11950456,4096,4093,175,1.0,1,fixed-objective-evaluation-budget classical heuristic; exact optimum used only for retrospective scoring,1,1,1,1,1,1
n12_d75_s42,12,0.75,42,tabu_search,36,11950457,4096,4093,175,1.0,1,fixed-objective-evaluation-budget classical heuristic; exact optimum used only for retrospective scoring,1,1,1,1,1,1
n12_d75_s42,12,0.75,42,tabu_search,37,11950458,4096,4093,175,1.0,1,fixed-objective-evaluation-budget classical heuristic; exact optimum used only for retrospective scoring,1,1,1,1,1,1
n12_d75_s42,12,0.75,42,tabu_search,38,11950459,4096,4093,175,1.0,1,fixed-objective-evaluation-budget classical heuristic; exact optimum used only for retrospective scoring,1,1,1,1,1,1
n12_d75_s42,12,0.75,42,tabu_search,39,11950460,4096,4093,175,1.0,1,fixed-objective-evaluation-budget classical heuristic; exact optimum used only for retrospective scoring,1,1,1,1,1,1
n12_d75_s42,12,0.75,42,tabu_search,40,11950461,4096,4093,175,1.0,1,fixed-objective-evaluation-budget classical heuristic; exact optimum used only for retrospective scoring,1,1,1,1,1,1
n12_d75_s42,12,0.75,42,tabu_search,41,11950462,4096,4093,175,1.0,1,fixed-objective-evaluation-budget classical heuristic; exact optimum used only for retrospective scoring,1,1,1,1,1,1
n12_d75_s42,12,0.75,42,tabu_search,42,11950463,4096,4093,175,1.0,1,fixed-objective-evaluation-budget classical heuristic; exact optimum used only for retrospective scoring,1,1,1,1,1,1
n12_d75_s42,12,0.75,42,tabu_search,43,11950464,4096,4093,175,1.0,1,fixed-objective-evaluation-budget classical heuristic; exact optimum used only for retrospective scoring,1,1,1,1,1,1
n12_d75_s42,12,0.75,42,tabu_search,44,11950465,4096,4093,175,1.0,1,fixed-objective-evaluation-budget classical heuristic; exact optimum used only for retrospective scoring,1,1,1,1,1,1
n12_d75_s42,12,0.75,42,tabu_search,45,11950466,4096,4093,171,0.9771428571428571,0,fixed-objective-evaluation-budget classical heuristic; exact optimum used only for retrospective scoring,1,1,0,1,1,0
n12_d75_s42,12,0.75,42,tabu_search,46,11950467,4096,4093,175,1.0,1,fixed-objective-evaluation-budget classical heuristic; exact optimum used only for retrospective scoring,1,1,1,1,1,1
n12_d75_s42,12,0.75,42,tabu_search,47,11950468,4096,4093,175,1.0,1,fixed-objective-evaluation-budget classical heuristic; exact optimum used only for retrospective scoring,1,1,1,1,1,1
n12_d75_s42,12,0.75,42,tabu_search,48,11950469,4096,4093,175,1.0,1,fixed-objective-evaluation-budget classical heuristic; exact optimum used only for retrospective scoring,1,1,1,1,1,1
n12_d75_s42,12,0.75,42,tabu_search,49,11950470,4096,4093,175,1.0,1,fixed-objective-evaluation-budget classical heuristic; exact optimum used only for retrospective scoring,1,1,1,1,1,1
n12_d75_s42,12,0.75,42,tabu_search,50,11950471,4096,4093,171,0.9771428571428571,0,fixed-objective-evaluation-budget classical heuristic; exact optimum used only for retrospective scoring,1,1,0,1,1,0
n12_d75_s42,12,0.75,42,tabu_search,51,11950472,4096,4093,175,1.0,1,fixed-objective-evaluation-budget classical heuristic; exact optimum used only for retrospective scoring,1,1,1,1,1,1
n12_d75_s42,12,0.75,42,tabu_search,52,11950473,4096,4093,175,1.0,1,fixed-objective-evaluation-budget classical heuristic; exact optimum used only for retrospective scoring,1,1,1,1,1,1
n12_d75_s42,12,0.75,42,tabu_search,53,11950474,4096,4093,175,1.0,1,fixed-objective-evaluation-budget classical heuristic; exact optimum used only for retrospective scoring,1,1,1,1,1,1
n12_d75_s42,12,0.75,42,tabu_search,54,11950475,4096,4093,175,1.0,1,fixed-objective-evaluation-budget classical heuristic; exact optimum used only for retrospective scoring,1,1,1,1,1,1
n12_d75_s42,12,0.75,42,tabu_search,55,11950476,4096,4093,175,1.0,1,fixed-objective-evaluation-budget classical heuristic; exact optimum used only for retrospective scoring,1,1,1,1,1,1
n12_d75_s42,12,0.75,42,tabu_search,56,11950477,4096,4093,175,1.0,1,fixed-objective-evaluation-budget classical heuristic; exact optimum used only for retrospective scoring,1,1,1,1,1,1
n12_d75_s42,12,0.75,42,tabu_search,57,11950478,4096,4093,175,1.0,1,fixed-objective-evaluation-budget classical heuristic; exact optimum used only for retrospective scoring,1,1,1,1,1,1
n12_d75_s42,12,0.75,42,tabu_search,58,11950479,4096,4093,175,1.0,1,fixed-objective-evaluation-budget classical heuristic; exact optimum used only for retrospective scoring,1,1,1,1,1,1
n12_d75_s42,12,0.75,42,tabu_search,59,11950480,4096,4093,175,1.0,1,fixed-objective-evaluation-budget classical heuristic; exact optimum used only for retrospective scoring,1,1,1,1,1,1
n12_d75_s42,12,0.75,42,tabu_search,60,11950481,4096,4093,171,0.9771428571428571,0,fixed-objective-evaluation-budget classical heuristic; exact optimum used only for retrospective scoring,1,1,0,1,1,0
n12_d75_s42,12,0.75,42,tabu_search,61,11950482,4096,4093,175,1.0,1,fixed-objective-evaluation-budget classical heuristic; exact optimum used only for retrospective scoring,1,1,1,1,1,1
n12_d75_s42,12,0.75,42,tabu_search,62,11950483,4096,4093,175,1.0,1,fixed-objective-evaluation-budget classical heuristic; exact optimum used only for retrospective scoring,1,1,1,1,1,1
n12_d75_s42,12,0.75,42,tabu_search,63,11950484,4096,4093,175,1.0,1,fixed-objective-evaluation-budget classical heuristic; exact optimum used only for retrospective scoring,1,1,1,1,1,1
