model_n,state_count,target_event_count,rho_target_model,first_peak_continuous,eps_model,oracle_cost_norm,k_star,p_eff,normalized_cost,evidence_label
12,4096,1,0.000244140625,49.76343700822132,0.0,0.5,37,0.849160472840825,56.5,analytical threshold-event sensitivity; not Max-Cut ground truth
12,4096,1,0.000244140625,49.76343700822132,0.0,0.620928906036742,37,0.849160472840825,60.97436952335946,analytical threshold-event sensitivity; not Max-Cut ground truth
12,4096,1,0.000244140625,49.76343700822132,0.0,0.7711054127039704,37,0.849160472840825,66.53090027004691,analytical threshold-event sensitivity; not Max-Cut ground truth
12,4096,1,0.000244140625,49.76343700822132,0.0,0.9576032806985736,37,0.849160472840825,73.43132138584721,analytical threshold-event sensitivity; not Max-Cut ground truth
12,4096,1,0.000244140625,49.76343700822132,0.0,1.189207115002721,37,0.849160472840825,82.00066325510068,analytical threshold-event sensitivity; not Max-Cut ground truth
12,4096,1,0.000244140625,49.76343700822132,0.0,1.4768261459394993,37,0.849160472840825,92.64256739976149,analytical threshold-event sensitivity; not Max-Cut ground truth
12,4096,1,0.000244140625,49.76343700822132,0.0,1.8340080864093424,37,0.849160472840825,105.85829919714568,analytical threshold-event sensitivity; not Max-Cut ground truth
12,4096,1,0.000244140625,49.76343700822132,0.0,2.2775772695133836,37,0.849160472840825,122.2703589719952,analytical threshold-event sensitivity; not Max-Cut ground truth
12,4096,1,0.000244140625,49.76343700822132,0.0,2.8284271247461903,37,0.849160472840825,142.65180361560905,analytical threshold-event sensitivity; not Max-Cut ground truth
12,4096,1,0.000244140625,49.76343700822132,0.0,3.5125043207466,37,0.849160472840825,167.96265986762418,analytical threshold-event sensitivity; not Max-Cut ground truth
12,4096,1,0.000244140625,49.76343700822132,0.0,4.362030930661032,37,0.849160472840825,199.39514443445816,analytical threshold-event sensitivity; not Max-Cut ground truth
12,4096,1,0.000244140625,49.76343700822132,0.0,5.41702218774757,37,0.849160472840825,238.42982094666007,analytical threshold-event sensitivity; not Max-Cut ground truth
12,4096,1,0.000244140625,49.76343700822132,0.0,6.727171322029715,37,0.849160472840825,286.90533891509943,analytical threshold-event sensitivity; not Max-Cut ground truth
12,4096,1,0.000244140625,49.76343700822132,0.0,8.35419025941931,37,0.849160472840825,347.10503959851445,analytical threshold-event sensitivity; not Max-Cut ground truth
12,4096,1,0.000244140625,49.76343700822132,0.0,10.374716437208077,37,0.849160472840825,421.86450817669885,analytical threshold-event sensitivity; not Max-Cut ground truth
12,4096,1,0.000244140625,49.76343700822132,0.0,12.883922655594034,37,0.849160472840825,514.7051382569792,analytical threshold-event sensitivity; not Max-Cut ground truth
12,4096,1,0.000244140625,49.76343700822132,0.0,16.0,37,0.849160472840825,630.0,analytical threshold-event sensitivity; not Max-Cut ground truth
12,4096,1,0.000244140625,49.76343700822132,0.00025,0.5,32,0.5638689845683144,49.0,analytical threshold-event sensitivity; not Max-Cut ground truth
12,4096,1,0.000244140625,49.76343700822132,0.00025,0.620928906036742,32,0.5638689845683144,52.869724993175744,analytical threshold-event sensitivity; not Max-Cut ground truth
12,4096,1,0.000244140625,49.76343700822132,0.00025,0.7711054127039704,32,0.5638689845683144,57.675373206527055,analytical threshold-event sensitivity; not Max-Cut ground truth
12,4096,1,0.000244140625,49.76343700822132,0.00025,0.9576032806985736,32,0.5638689845683144,63.64330498235435,analytical threshold-event sensitivity; not Max-Cut ground truth
12,4096,1,0.000244140625,49.76343700822132,0.00025,1.189207115002721,32,0.5638689845683144,71.05462768008707,analytical threshold-event sensitivity; not Max-Cut ground truth
12,4096,1,0.000244140625,49.76343700822132,0.00025,1.4768261459394993,32,0.5638689845683144,80.25843667006399,analytical threshold-event sensitivity; not Max-Cut ground truth
12,4096,1,0.000244140625,49.76343700822132,0.00025,1.8340080864093424,32,0.5638689845683144,91.68825876509896,analytical threshold-event sensitivity; not Max-Cut ground truth
12,4096,1,0.000244140625,49.76343700822132,0.00025,2.2775772695133836,32,0.5638689845683144,105.88247262442827,analytical threshold-event sensitivity; not Max-Cut ground truth
12,4096,1,0.000244140625,49.76343700822132,0.00025,2.8284271247461903,32,0.5638689845683144,123.50966799187809,analytical threshold-event sensitivity; not Max-Cut ground truth
12,4096,1,0.000244140625,49.76343700822132,0.00025,3.5125043207466,32,0.5638689845683144,145.4001382638912,analytical threshold-event sensitivity; not Max-Cut ground truth
12,4096,1,0.000244140625,49.76343700822132,0.00025,4.362030930661032,32,0.5638689845683144,172.584989781153,analytical threshold-event sensitivity; not Max-Cut ground truth
12,4096,1,0.000244140625,49.76343700822132,0.00025,5.41702218774757,32,0.5638689845683144,206.34471000792223,analytical threshold-event sensitivity; not Max-Cut ground truth
12,4096,1,0.000244140625,49.76343700822132,0.00025,6.727171322029715,32,0.5638689845683144,248.26948230495088,analytical threshold-event sensitivity; not Max-Cut ground truth
12,4096,1,0.000244140625,49.76343700822132,0.00025,8.35419025941931,32,0.5638689845683144,300.3340883014179,analytical threshold-event sensitivity; not Max-Cut ground truth
12,4096,1,0.000244140625,49.76343700822132,0.00025,10.374716437208077,32,0.5638689845683144,364.99092599065847,analytical threshold-event sensitivity; not Max-Cut ground truth
12,4096,1,0.000244140625,49.76343700822132,0.00025,12.883922655594034,32,0.5638689845683144,445.2855249790091,analytical threshold-event sensitivity; not Max-Cut ground truth
12,4096,1,0.000244140625,49.76343700822132,0.00025,16.0,32,0.5638689845683144,545.0,analytical threshold-event sensitivity; not Max-Cut ground truth
12,4096,1,0.000244140625,49.76343700822132,0.0005,0.5,28,0.39126322960158244,43.0,analytical threshold-event sensitivity; not Max-Cut ground truth
12,4096,1,0.000244140625,49.76343700822132,0.0005,0.620928906036742,28,0.39126322960158244,46.38600936902878,analytical threshold-event sensitivity; not Max-Cut ground truth
12,4096,1,0.000244140625,49.76343700822132,0.0005,0.7711054127039704,28,0.39126322960158244,50.59095155571117,analytical threshold-event sensitivity; not Max-Cut ground truth
12,4096,1,0.000244140625,49.76343700822132,0.0005,0.9576032806985736,28,0.39126322960158244,55.812891859560054,analytical threshold-event sensitivity; not Max-Cut ground truth
12,4096,1,0.000244140625,49.76343700822132,0.0005,1.189207115002721,28,0.39126322960158244,62.297799220076186,analytical threshold-event sensitivity; not Max-Cut ground truth
12,4096,1,0.000244140625,49.76343700822132,0.0005,1.4768261459394993,28,0.39126322960158244,70.351132086306,analytical threshold-event sensitivity; not Max-Cut ground truth
12,4096,1,0.000244140625,49.76343700822132,0.0005,1.8340080864093424,28,0.39126322960158244,80.3522264194616,analytical threshold-event sensitivity; not Max-Cut ground truth
12,4096,1,0.000244140625,49.76343700822132,0.0005,2.2775772695133836,28,0.39126322960158244,92.77216354637474,analytical threshold-event sensitivity; not Max-Cut ground truth
12,4096,1,0.000244140625,49.76343700822132,0.0005,2.8284271247461903,28,0.39126322960158244,108.19595949289332,analytical threshold-event sensitivity; not Max-Cut ground truth
12,4096,1,0.000244140625,49.76343700822132,0.0005,3.5125043207466,28,0.39126322960158244,127.35012098090479,analytical threshold-event sensitivity; not Max-Cut ground truth
12,4096,1,0.000244140625,49.76343700822132,0.0005,4.362030930661032,28,0.39126322960158244,151.13686605850887,analytical threshold-event sensitivity; not Max-Cut ground truth
12,4096,1,0.000244140625,49.76343700822132,0.0005,5.41702218774757,28,0.39126322960158244,180.67662125693195,analytical threshold-event sensitivity; not Max-Cut ground truth
12,4096,1,0.000244140625,49.76343700822132,0.0005,6.727171322029715,28,0.39126322960158244,217.360797016832,analytical threshold-event sensitivity; not Max-Cut ground truth
12,4096,1,0.000244140625,49.76343700822132,0.0005,8.35419025941931,28,0.39126322960158244,262.9173272637407,analytical threshold-event sensitivity; not Max-Cut ground truth
12,4096,1,0.000244140625,49.76343700822132,0.0005,10.374716437208077,28,0.39126322960158244,319.49206024182615,analytical threshold-event sensitivity; not Max-Cut ground truth
12,4096,1,0.000244140625,49.76343700822132,0.0005,12.883922655594034,28,0.39126322960158244,389.74983435663296,analytical threshold-event sensitivity; not Max-Cut ground truth
12,4096,1,0.000244140625,49.76343700822132,0.0005,16.0,28,0.39126322960158244,477.0,analytical threshold-event sensitivity; not Max-Cut ground truth
12,4096,1,0.000244140625,49.76343700822132,0.00075,0.5,25,0.28496424374379525,38.5,analytical threshold-event sensitivity; not Max-Cut ground truth
12,4096,1,0.000244140625,49.76343700822132,0.00075,0.620928906036742,25,0.28496424374379525,41.52322265091855,analytical threshold-event sensitivity; not Max-Cut ground truth
12,4096,1,0.000244140625,49.76343700822132,0.00075,0.7711054127039704,25,0.28496424374379525,45.27763531759926,analytical threshold-event sensitivity; not Max-Cut ground truth
12,4096,1,0.000244140625,49.76343700822132,0.00075,0.9576032806985736,25,0.28496424374379525,49.940082017464334,analytical threshold-event sensitivity; not Max-Cut ground truth
12,4096,1,0.000244140625,49.76343700822132,0.00075,1.189207115002721,25,0.28496424374379525,55.73017787506802,analytical threshold-event sensitivity; not Max-Cut ground truth
12,4096,1,0.000244140625,49.76343700822132,0.00075,1.4768261459394993,25,0.28496424374379525,62.92065364848749,analytical threshold-event sensitivity; not Max-Cut ground truth
12,4096,1,0.000244140625,49.76343700822132,0.00075,1.8340080864093424,25,0.28496424374379525,71.85020216023356,analytical threshold-event sensitivity; not Max-Cut ground truth
12,4096,1,0.000244140625,49.76343700822132,0.00075,2.2775772695133836,25,0.28496424374379525,82.9394317378346,analytical threshold-event sensitivity; not Max-Cut ground truth
12,4096,1,0.000244140625,49.76343700822132,0.00075,2.8284271247461903,25,0.28496424374379525,96.71067811865476,analytical threshold-event sensitivity; not Max-Cut ground truth
12,4096,1,0.000244140625,49.76343700822132,0.00075,3.5125043207466,25,0.28496424374379525,113.81260801866499,analytical threshold-event sensitivity; not Max-Cut ground truth
12,4096,1,0.000244140625,49.76343700822132,0.00075,4.362030930661032,25,0.28496424374379525,135.0507732665258,analytical threshold-event sensitivity; not Max-Cut ground truth
12,4096,1,0.000244140625,49.76343700822132,0.00075,5.41702218774757,24,0.2736456785956907,155.00853250594167,analytical threshold-event sensitivity; not Max-Cut ground truth
12,4096,1,0.000244140625,49.76343700822132,0.00075,6.727171322029715,24,0.2736456785956907,186.45211172871316,analytical threshold-event sensitivity; not Max-Cut ground truth
12,4096,1,0.000244140625,49.76343700822132,0.00075,8.35419025941931,24,0.2736456785956907,225.50056622606343,analytical threshold-event sensitivity; not Max-Cut ground truth
12,4096,1,0.000244140625,49.76343700822132,0.00075,10.374716437208077,24,0.2736456785956907,273.99319449299384,analytical threshold-event sensitivity; not Max-Cut ground truth
12,4096,1,0.000244140625,49.76343700822132,0.00075,12.883922655594034,24,0.2736456785956907,334.2141437342568,analytical threshold-event sensitivity; not Max-Cut ground truth
12,4096,1,0.000244140625,49.76343700822132,0.00075,16.0,24,0.2736456785956907,409.0,analytical threshold-event sensitivity; not Max-Cut ground truth
12,4096,1,0.000244140625,49.76343700822132,0.001,0.5,22,0.20972190805816934,34.0,analytical threshold-event sensitivity; not Max-Cut ground truth
12,4096,1,0.000244140625,49.76343700822132,0.001,0.620928906036742,22,0.20972190805816934,36.660435932808326,analytical threshold-event sensitivity; not Max-Cut ground truth
12,4096,1,0.000244140625,49.76343700822132,0.001,0.7711054127039704,22,0.20972190805816934,39.96431907948735,analytical threshold-event sensitivity; not Max-Cut ground truth
12,4096,1,0.000244140625,49.76343700822132,0.001,0.9576032806985736,22,0.20972190805816934,44.067272175368615,analytical threshold-event sensitivity; not Max-Cut ground truth
12,4096,1,0.000244140625,49.76343700822132,0.001,1.189207115002721,22,0.20972190805816934,49.16255653005986,analytical threshold-event sensitivity; not Max-Cut ground truth
12,4096,1,0.000244140625,49.76343700822132,0.001,1.4768261459394993,22,0.20972190805816934,55.490175210668994,analytical threshold-event sensitivity; not Max-Cut ground truth
12,4096,1,0.000244140625,49.76343700822132,0.001,1.8340080864093424,22,0.20972190805816934,63.34817790100554,analytical threshold-event sensitivity; not Max-Cut ground truth
12,4096,1,0.000244140625,49.76343700822132,0.001,2.2775772695133836,22,0.20972190805816934,73.10669992929444,analytical threshold-event sensitivity; not Max-Cut ground truth
12,4096,1,0.000244140625,49.76343700822132,0.001,2.8284271247461903,22,0.20972190805816934,85.22539674441619,analytical threshold-event sensitivity; not Max-Cut ground truth
12,4096,1,0.000244140625,49.76343700822132,0.001,3.5125043207466,22,0.20972190805816934,100.2750950564252,analytical threshold-event sensitivity; not Max-Cut ground truth
12,4096,1,0.000244140625,49.76343700822132,0.001,4.362030930661032,22,0.20972190805816934,118.96468047454269,analytical threshold-event sensitivity; not Max-Cut ground truth
12,4096,1,0.000244140625,49.76343700822132,0.001,5.41702218774757,21,0.2002676529042366,135.75746594269896,analytical threshold-event sensitivity; not Max-Cut ground truth
12,4096,1,0.000244140625,49.76343700822132,0.001,6.727171322029715,21,0.2002676529042366,163.27059776262402,analytical threshold-event sensitivity; not Max-Cut ground truth
12,4096,1,0.000244140625,49.76343700822132,0.001,8.35419025941931,21,0.2002676529042366,197.43799544780552,analytical threshold-event sensitivity; not Max-Cut ground truth
12,4096,1,0.000244140625,49.76343700822132,0.001,10.374716437208077,21,0.2002676529042366,239.86904518136961,analytical threshold-event sensitivity; not Max-Cut ground truth
12,4096,1,0.000244140625,49.76343700822132,0.001,12.883922655594034,21,0.2002676529042366,292.5623757674747,analytical threshold-event sensitivity; not Max-Cut ground truth
12,4096,1,0.000244140625,49.76343700822132,0.001,16.0,21,0.2002676529042366,358.0,analytical threshold-event sensitivity; not Max-Cut ground truth
12,4096,1,0.000244140625,49.76343700822132,0.00125,0.5,19,0.15475370766715912,29.5,analytical threshold-event sensitivity; not Max-Cut ground truth
12,4096,1,0.000244140625,49.76343700822132,0.00125,0.620928906036742,19,0.15475370766715912,31.797649214698097,analytical threshold-event sensitivity; not Max-Cut ground truth
12,4096,1,0.000244140625,49.76343700822132,0.00125,0.7711054127039704,19,0.15475370766715912,34.65100284137544,analytical threshold-event sensitivity; not Max-Cut ground truth
12,4096,1,0.000244140625,49.76343700822132,0.00125,0.9576032806985736,19,0.15475370766715912,38.194462333272895,analytical threshold-event sensitivity; not Max-Cut ground truth
12,4096,1,0.000244140625,49.76343700822132,0.00125,1.189207115002721,19,0.15475370766715912,42.594935185051696,analytical threshold-event sensitivity; not Max-Cut ground truth
12,4096,1,0.000244140625,49.76343700822132,0.00125,1.4768261459394993,19,0.15475370766715912,48.059696772850494,analytical threshold-event sensitivity; not Max-Cut ground truth
12,4096,1,0.000244140625,49.76343700822132,0.00125,1.8340080864093424,19,0.15475370766715912,54.84615364177751,analytical threshold-event sensitivity; not Max-Cut ground truth
12,4096,1,0.000244140625,49.76343700822132,0.00125,2.2775772695133836,19,0.15475370766715912,63.27396812075429,analytical threshold-event sensitivity; not Max-Cut ground truth
12,4096,1,0.000244140625,49.76343700822132,0.00125,2.8284271247461903,19,0.15475370766715912,73.74011537017762,analytical threshold-event sensitivity; not Max-Cut ground truth
12,4096,1,0.000244140625,49.76343700822132,0.00125,3.5125043207466,19,0.15475370766715912,86.7375820941854,analytical threshold-event sensitivity; not Max-Cut ground truth
12,4096,1,0.000244140625,49.76343700822132,0.00125,4.362030930661032,19,0.15475370766715912,102.8785876825596,analytical threshold-event sensitivity; not Max-Cut ground truth
12,4096,1,0.000244140625,49.76343700822132,0.00125,5.41702218774757,19,0.15475370766715912,122.92342156720383,analytical threshold-event sensitivity; not Max-Cut ground truth
12,4096,1,0.000244140625,49.76343700822132,0.00125,6.727171322029715,19,0.15475370766715912,147.81625511856458,analytical threshold-event sensitivity; not Max-Cut ground truth
12,4096,1,0.000244140625,49.76343700822132,0.00125,8.35419025941931,19,0.15475370766715912,178.7296149289669,analytical threshold-event sensitivity; not Max-Cut ground truth
12,4096,1,0.000244140625,49.76343700822132,0.00125,10.374716437208077,19,0.15475370766715912,217.11961230695346,analytical threshold-event sensitivity; not Max-Cut ground truth
12,4096,1,0.000244140625,49.76343700822132,0.00125,12.883922655594034,19,0.15475370766715912,264.7945304562867,analytical threshold-event sensitivity; not Max-Cut ground truth
12,4096,1,0.000244140625,49.76343700822132,0.00125,16.0,19,0.15475370766715912,324.0,analytical threshold-event sensitivity; not Max-Cut ground truth
12,4096,1,0.000244140625,49.76343700822132,0.0015,0.5,17,0.12030792011400512,26.5,analytical threshold-event sensitivity; not Max-Cut ground truth
12,4096,1,0.000244140625,49.76343700822132,0.0015,0.620928906036742,17,0.12030792011400512,28.555791402624614,analytical threshold-event sensitivity; not Max-Cut ground truth
12,4096,1,0.000244140625,49.76343700822132,0.0015,0.7711054127039704,17,0.12030792011400512,31.1087920159675,analytical threshold-event sensitivity; not Max-Cut ground truth
12,4096,1,0.000244140625,49.76343700822132,0.0015,0.9576032806985736,17,0.12030792011400512,34.27925577187575,analytical threshold-event sensitivity; not Max-Cut ground truth
12,4096,1,0.000244140625,49.76343700822132,0.0015,1.189207115002721,17,0.12030792011400512,38.216520955046256,analytical threshold-event sensitivity; not Max-Cut ground truth
12,4096,1,0.000244140625,49.76343700822132,0.0015,1.4768261459394993,17,0.12030792011400512,43.10604448097149,analytical threshold-event sensitivity; not Max-Cut ground truth
12,4096,1,0.000244140625,49.76343700822132,0.0015,1.8340080864093424,17,0.12030792011400512,49.17813746895882,analytical threshold-event sensitivity; not Max-Cut ground truth
12,4096,1,0.000244140625,49.76343700822132,0.0015,2.2775772695133836,17,0.12030792011400512,56.718813581727524,analytical threshold-event sensitivity; not Max-Cut ground truth
12,4096,1,0.000244140625,49.76343700822132,0.0015,2.8284271247461903,17,0.12030792011400512,66.08326112068524,analytical threshold-event sensitivity; not Max-Cut ground truth
12,4096,1,0.000244140625,49.76343700822132,0.0015,3.5125043207466,17,0.12030792011400512,77.7125734526922,analytical threshold-event sensitivity; not Max-Cut ground truth
12,4096,1,0.000244140625,49.76343700822132,0.0015,4.362030930661032,17,0.12030792011400512,92.15452582123754,analytical threshold-event sensitivity; not Max-Cut ground truth
12,4096,1,0.000244140625,49.76343700822132,0.0015,5.41702218774757,17,0.12030792011400512,110.08937719170868,analytical threshold-event sensitivity; not Max-Cut ground truth
12,4096,1,0.000244140625,49.76343700822132,0.0015,6.727171322029715,17,0.12030792011400512,132.36191247450515,analytical threshold-event sensitivity; not Max-Cut ground truth
12,4096,1,0.000244140625,49.76343700822132,0.0015,8.35419025941931,17,0.12030792011400512,160.02123441012827,analytical threshold-event sensitivity; not Max-Cut ground truth
12,4096,1,0.000244140625,49.76343700822132,0.0015,10.374716437208077,17,0.12030792011400512,194.3701794325373,analytical threshold-event sensitivity; not Max-Cut ground truth
12,4096,1,0.000244140625,49.76343700822132,0.0015,12.883922655594034,17,0.12030792011400512,237.02668514509858,analytical threshold-event sensitivity; not Max-Cut ground truth
12,4096,1,0.000244140625,49.76343700822132,0.0015,16.0,17,0.12030792011400512,290.0,analytical threshold-event sensitivity; not Max-Cut ground truth
12,4096,1,0.000244140625,49.76343700822132,0.00175,0.5,16,0.09959941577174701,25.0,analytical threshold-event sensitivity; not Max-Cut ground truth
12,4096,1,0.000244140625,49.76343700822132,0.00175,0.620928906036742,15,0.09361692250700324,25.31393359055113,analytical threshold-event sensitivity; not Max-Cut ground truth
12,4096,1,0.000244140625,49.76343700822132,0.00175,0.7711054127039704,15,0.09361692250700324,27.566581190559557,analytical threshold-event sensitivity; not Max-Cut ground truth
12,4096,1,0.000244140625,49.76343700822132,0.00175,0.9576032806985736,15,0.09361692250700324,30.3640492104786,analytical threshold-event sensitivity; not Max-Cut ground truth
12,4096,1,0.000244140625,49.76343700822132,0.00175,1.189207115002721,15,0.09361692250700324,33.83810672504081,analytical threshold-event sensitivity; not Max-Cut ground truth
12,4096,1,0.000244140625,49.76343700822132,0.00175,1.4768261459394993,15,0.09361692250700324,38.152392189092495,analytical threshold-event sensitivity; not Max-Cut ground truth
12,4096,1,0.000244140625,49.76343700822132,0.00175,1.8340080864093424,15,0.09361692250700324,43.51012129614014,analytical threshold-event sensitivity; not Max-Cut ground truth
12,4096,1,0.000244140625,49.76343700822132,0.00175,2.2775772695133836,15,0.09361692250700324,50.16365904270075,analytical threshold-event sensitivity; not Max-Cut ground truth
12,4096,1,0.000244140625,49.76343700822132,0.00175,2.8284271247461903,15,0.09361692250700324,58.42640687119285,analytical threshold-event sensitivity; not Max-Cut ground truth
12,4096,1,0.000244140625,49.76343700822132,0.00175,3.5125043207466,15,0.09361692250700324,68.687564811199,analytical threshold-event sensitivity; not Max-Cut ground truth
12,4096,1,0.000244140625,49.76343700822132,0.00175,4.362030930661032,15,0.09361692250700324,81.43046395991547,analytical threshold-event sensitivity; not Max-Cut ground truth
12,4096,1,0.000244140625,49.76343700822132,0.00175,5.41702218774757,15,0.09361692250700324,97.25533281621355,analytical threshold-event sensitivity; not Max-Cut ground truth
12,4096,1,0.000244140625,49.76343700822132,0.00175,6.727171322029715,15,0.09361692250700324,116.90756983044572,analytical threshold-event sensitivity; not Max-Cut ground truth
12,4096,1,0.000244140625,49.76343700822132,0.00175,8.35419025941931,15,0.09361692250700324,141.31285389128965,analytical threshold-event sensitivity; not Max-Cut ground truth
12,4096,1,0.000244140625,49.76343700822132,0.00175,10.374716437208077,15,0.09361692250700324,171.62074655812117,analytical threshold-event sensitivity; not Max-Cut ground truth
12,4096,1,0.000244140625,49.76343700822132,0.00175,12.883922655594034,15,0.09361692250700324,209.2588398339105,analytical threshold-event sensitivity; not Max-Cut ground truth
12,4096,1,0.000244140625,49.76343700822132,0.00175,16.0,15,0.09361692250700324,256.0,analytical threshold-event sensitivity; not Max-Cut ground truth
12,4096,1,0.000244140625,49.76343700822132,0.002,0.5,14,0.0779245569921312,22.0,analytical threshold-event sensitivity; not Max-Cut ground truth
12,4096,1,0.000244140625,49.76343700822132,0.002,0.620928906036742,14,0.0779245569921312,23.69300468451439,analytical threshold-event sensitivity; not Max-Cut ground truth
12,4096,1,0.000244140625,49.76343700822132,0.002,0.7711054127039704,14,0.0779245569921312,25.795475777855586,analytical threshold-event sensitivity; not Max-Cut ground truth
12,4096,1,0.000244140625,49.76343700822132,0.002,0.9576032806985736,14,0.0779245569921312,28.406445929780027,analytical threshold-event sensitivity; not Max-Cut ground truth
12,4096,1,0.000244140625,49.76343700822132,0.002,1.189207115002721,14,0.0779245569921312,31.648899610038093,analytical threshold-event sensitivity; not Max-Cut ground truth
12,4096,1,0.000244140625,49.76343700822132,0.002,1.4768261459394993,14,0.0779245569921312,35.675566043153,analytical threshold-event sensitivity; not Max-Cut ground truth
12,4096,1,0.000244140625,49.76343700822132,0.002,1.8340080864093424,14,0.0779245569921312,40.6761132097308,analytical threshold-event sensitivity; not Max-Cut ground truth
12,4096,1,0.000244140625,49.76343700822132,0.002,2.2775772695133836,14,0.0779245569921312,46.88608177318737,analytical threshold-event sensitivity; not Max-Cut ground truth
12,4096,1,0.000244140625,49.76343700822132,0.002,2.8284271247461903,14,0.0779245569921312,54.59797974644666,analytical threshold-event sensitivity; not Max-Cut ground truth
12,4096,1,0.000244140625,49.76343700822132,0.002,3.5125043207466,14,0.0779245569921312,64.1750604904524,analytical threshold-event sensitivity; not Max-Cut ground truth
12,4096,1,0.000244140625,49.76343700822132,0.002,4.362030930661032,14,0.0779245569921312,76.06843302925444,analytical threshold-event sensitivity; not Max-Cut ground truth
12,4096,1,0.000244140625,49.76343700822132,0.002,5.41702218774757,14,0.0779245569921312,90.83831062846598,analytical threshold-event sensitivity; not Max-Cut ground truth
12,4096,1,0.000244140625,49.76343700822132,0.002,6.727171322029715,14,0.0779245569921312,109.180398508416,analytical threshold-event sensitivity; not Max-Cut ground truth
12,4096,1,0.000244140625,49.76343700822132,0.002,8.35419025941931,14,0.0779245569921312,131.95866363187034,analytical threshold-event sensitivity; not Max-Cut ground truth
12,4096,1,0.000244140625,49.76343700822132,0.002,10.374716437208077,14,0.0779245569921312,160.24603012091308,analytical threshold-event sensitivity; not Max-Cut ground truth
12,4096,1,0.000244140625,49.76343700822132,0.002,12.883922655594034,13,0.07238920473832099,181.49099452272245,analytical threshold-event sensitivity; not Max-Cut ground truth
12,4096,1,0.000244140625,49.76343700822132,0.002,16.0,13,0.07238920473832099,222.0,analytical threshold-event sensitivity; not Max-Cut ground truth
12,4096,1,0.000244140625,49.76343700822132,0.0022500000000000003,0.5,13,0.06517377619642828,20.5,analytical threshold-event sensitivity; not Max-Cut ground truth
12,4096,1,0.000244140625,49.76343700822132,0.0022500000000000003,0.620928906036742,13,0.06517377619642828,22.072075778477647,analytical threshold-event sensitivity; not Max-Cut ground truth
12,4096,1,0.000244140625,49.76343700822132,0.0022500000000000003,0.7711054127039704,13,0.06517377619642828,24.024370365151615,analytical threshold-event sensitivity; not Max-Cut ground truth
12,4096,1,0.000244140625,49.76343700822132,0.0022500000000000003,0.9576032806985736,13,0.06517377619642828,26.448842649081456,analytical threshold-event sensitivity; not Max-Cut ground truth
12,4096,1,0.000244140625,49.76343700822132,0.0022500000000000003,1.189207115002721,13,0.06517377619642828,29.45969249503537,analytical threshold-event sensitivity; not Max-Cut ground truth
12,4096,1,0.000244140625,49.76343700822132,0.0022500000000000003,1.4768261459394993,13,0.06517377619642828,33.19873989721349,analytical threshold-event sensitivity; not Max-Cut ground truth
12,4096,1,0.000244140625,49.76343700822132,0.0022500000000000003,1.8340080864093424,13,0.06517377619642828,37.84210512332145,analytical threshold-event sensitivity; not Max-Cut ground truth
12,4096,1,0.000244140625,49.76343700822132,0.0022500000000000003,2.2775772695133836,12,0.060291678992490494,40.330927234160605,analytical threshold-event sensitivity; not Max-Cut ground truth
12,4096,1,0.000244140625,49.76343700822132,0.0022500000000000003,2.8284271247461903,12,0.060291678992490494,46.941125496954285,analytical threshold-event sensitivity; not Max-Cut ground truth
12,4096,1,0.000244140625,49.76343700822132,0.0022500000000000003,3.5125043207466,12,0.060291678992490494,55.150051848959194,analytical threshold-event sensitivity; not Max-Cut ground truth
12,4096,1,0.000244140625,49.76343700822132,0.0022500000000000003,4.362030930661032,12,0.060291678992490494,65.34437116793238,analytical threshold-event sensitivity; not Max-Cut ground truth
12,4096,1,0.000244140625,49.76343700822132,0.0022500000000000003,5.41702218774757,12,0.060291678992490494,78.00426625297084,analytical threshold-event sensitivity; not Max-Cut ground truth
12,4096,1,0.000244140625,49.76343700822132,0.0022500000000000003,6.727171322029715,12,0.060291678992490494,93.72605586435658,analytical threshold-event sensitivity; not Max-Cut ground truth
12,4096,1,0.000244140625,49.76343700822132,0.0022500000000000003,8.35419025941931,12,0.060291678992490494,113.25028311303171,analytical threshold-event sensitivity; not Max-Cut ground truth
12,4096,1,0.000244140625,49.76343700822132,0.0022500000000000003,10.374716437208077,12,0.060291678992490494,137.49659724649692,analytical threshold-event sensitivity; not Max-Cut ground truth
12,4096,1,0.000244140625,49.76343700822132,0.0022500000000000003,12.883922655594034,12,0.060291678992490494,167.6070718671284,analytical threshold-event sensitivity; not Max-Cut ground truth
12,4096,1,0.000244140625,49.76343700822132,0.0022500000000000003,16.0,12,0.060291678992490494,205.0,analytical threshold-event sensitivity; not Max-Cut ground truth
12,4096,1,0.000244140625,49.76343700822132,0.0025,0.5,12,0.05469072319041888,19.0,analytical threshold-event sensitivity; not Max-Cut ground truth
12,4096,1,0.000244140625,49.76343700822132,0.0025,0.620928906036742,12,0.05469072319041888,20.451146872440905,analytical threshold-event sensitivity; not Max-Cut ground truth
12,4096,1,0.000244140625,49.76343700822132,0.0025,0.7711054127039704,12,0.05469072319041888,22.253264952447644,analytical threshold-event sensitivity; not Max-Cut ground truth
12,4096,1,0.000244140625,49.76343700822132,0.0025,0.9576032806985736,12,0.05469072319041888,24.49123936838288,analytical threshold-event sensitivity; not Max-Cut ground truth
12,4096,1,0.000244140625,49.76343700822132,0.0025,1.189207115002721,12,0.05469072319041888,27.27048538003265,analytical threshold-event sensitivity; not Max-Cut ground truth
12,4096,1,0.000244140625,49.76343700822132,0.0025,1.4768261459394993,11,0.05029061106864968,28.245087605334497,analytical threshold-event sensitivity; not Max-Cut ground truth
12,4096,1,0.000244140625,49.76343700822132,0.0025,1.8340080864093424,11,0.05029061106864968,32.17408895050277,analytical threshold-event sensitivity; not Max-Cut ground truth
12,4096,1,0.000244140625,49.76343700822132,0.0025,2.2775772695133836,11,0.05029061106864968,37.05334996464722,analytical threshold-event sensitivity; not Max-Cut ground truth
12,4096,1,0.000244140625,49.76343700822132,0.0025,2.8284271247461903,11,0.05029061106864968,43.112698372208094,analytical threshold-event sensitivity; not Max-Cut ground truth
12,4096,1,0.000244140625,49.76343700822132,0.0025,3.5125043207466,11,0.05029061106864968,50.6375475282126,analytical threshold-event sensitivity; not Max-Cut ground truth
12,4096,1,0.000244140625,49.76343700822132,0.0025,4.362030930661032,11,0.05029061106864968,59.982340237271345,analytical threshold-event sensitivity; not Max-Cut ground truth
12,4096,1,0.000244140625,49.76343700822132,0.0025,5.41702218774757,11,0.05029061106864968,71.58724406522327,analytical threshold-event sensitivity; not Max-Cut ground truth
12,4096,1,0.000244140625,49.76343700822132,0.0025,6.727171322029715,11,0.05029061106864968,85.99888454232686,analytical threshold-event sensitivity; not Max-Cut ground truth
12,4096,1,0.000244140625,49.76343700822132,0.0025,8.35419025941931,11,0.05029061106864968,103.89609285361242,analytical threshold-event sensitivity; not Max-Cut ground truth
12,4096,1,0.000244140625,49.76343700822132,0.0025,10.374716437208077,11,0.05029061106864968,126.12188080928885,analytical threshold-event sensitivity; not Max-Cut ground truth
12,4096,1,0.000244140625,49.76343700822132,0.0025,12.883922655594034,11,0.05029061106864968,153.72314921153438,analytical threshold-event sensitivity; not Max-Cut ground truth
12,4096,1,0.000244140625,49.76343700822132,0.0025,16.0,11,0.05029061106864968,188.0,analytical threshold-event sensitivity; not Max-Cut ground truth
12,4096,1,0.000244140625,49.76343700822132,0.00275,0.5,11,0.045962157781985355,17.5,analytical threshold-event sensitivity; not Max-Cut ground truth
12,4096,1,0.000244140625,49.76343700822132,0.00275,0.620928906036742,11,0.045962157781985355,18.830217966404163,analytical threshold-event sensitivity; not Max-Cut ground truth
12,4096,1,0.000244140625,49.76343700822132,0.00275,0.7711054127039704,11,0.045962157781985355,20.482159539743677,analytical threshold-event sensitivity; not Max-Cut ground truth
12,4096,1,0.000244140625,49.76343700822132,0.00275,0.9576032806985736,11,0.045962157781985355,22.533636087684307,analytical threshold-event sensitivity; not Max-Cut ground truth
12,4096,1,0.000244140625,49.76343700822132,0.00275,1.189207115002721,11,0.045962157781985355,25.08127826502993,analytical threshold-event sensitivity; not Max-Cut ground truth
12,4096,1,0.000244140625,49.76343700822132,0.00275,1.4768261459394993,11,0.045962157781985355,28.245087605334497,analytical threshold-event sensitivity; not Max-Cut ground truth
12,4096,1,0.000244140625,49.76343700822132,0.00275,1.8340080864093424,11,0.045962157781985355,32.17408895050277,analytical threshold-event sensitivity; not Max-Cut ground truth
12,4096,1,0.000244140625,49.76343700822132,0.00275,2.2775772695133836,10,0.04191291753560657,33.77577269513384,analytical threshold-event sensitivity; not Max-Cut ground truth
12,4096,1,0.000244140625,49.76343700822132,0.00275,2.8284271247461903,10,0.04191291753560657,39.2842712474619,analytical threshold-event sensitivity; not Max-Cut ground truth
12,4096,1,0.000244140625,49.76343700822132,0.00275,3.5125043207466,10,0.04191291753560657,46.125043207466,analytical threshold-event sensitivity; not Max-Cut ground truth
12,4096,1,0.000244140625,49.76343700822132,0.00275,4.362030930661032,10,0.04191291753560657,54.62030930661032,analytical threshold-event sensitivity; not Max-Cut ground truth
12,4096,1,0.000244140625,49.76343700822132,0.00275,5.41702218774757,10,0.04191291753560657,65.1702218774757,analytical threshold-event sensitivity; not Max-Cut ground truth
12,4096,1,0.000244140625,49.76343700822132,0.00275,6.727171322029715,10,0.04191291753560657,78.27171322029716,analytical threshold-event sensitivity; not Max-Cut ground truth
12,4096,1,0.000244140625,49.76343700822132,0.00275,8.35419025941931,10,0.04191291753560657,94.5419025941931,analytical threshold-event sensitivity; not Max-Cut ground truth
12,4096,1,0.000244140625,49.76343700822132,0.00275,10.374716437208077,10,0.04191291753560657,114.74716437208077,analytical threshold-event sensitivity; not Max-Cut ground truth
12,4096,1,0.000244140625,49.76343700822132,0.00275,12.883922655594034,10,0.04191291753560657,139.83922655594034,analytical threshold-event sensitivity; not Max-Cut ground truth
12,4096,1,0.000244140625,49.76343700822132,0.00275,16.0,10,0.04191291753560657,171.0,analytical threshold-event sensitivity; not Max-Cut ground truth
12,4096,1,0.000244140625,49.76343700822132,0.003,0.5,10,0.03859389386073556,16.0,analytical threshold-event sensitivity; not Max-Cut ground truth
12,4096,1,0.000244140625,49.76343700822132,0.003,0.620928906036742,10,0.03859389386073556,17.20928906036742,analytical threshold-event sensitivity; not Max-Cut ground truth
12,4096,1,0.000244140625,49.76343700822132,0.003,0.7711054127039704,10,0.03859389386073556,18.711054127039706,analytical threshold-event sensitivity; not Max-Cut ground truth
12,4096,1,0.000244140625,49.76343700822132,0.003,0.9576032806985736,10,0.03859389386073556,20.576032806985737,analytical threshold-event sensitivity; not Max-Cut ground truth
12,4096,1,0.000244140625,49.76343700822132,0.003,1.189207115002721,10,0.03859389386073556,22.892071150027206,analytical threshold-event sensitivity; not Max-Cut ground truth
12,4096,1,0.000244140625,49.76343700822132,0.003,1.4768261459394993,10,0.03859389386073556,25.768261459394996,analytical threshold-event sensitivity; not Max-Cut ground truth
12,4096,1,0.000244140625,49.76343700822132,0.003,1.8340080864093424,10,0.03859389386073556,29.340080864093427,analytical threshold-event sensitivity; not Max-Cut ground truth
12,4096,1,0.000244140625,49.76343700822132,0.003,2.2775772695133836,10,0.03859389386073556,33.77577269513384,analytical threshold-event sensitivity; not Max-Cut ground truth
12,4096,1,0.000244140625,49.76343700822132,0.003,2.8284271247461903,10,0.03859389386073556,39.2842712474619,analytical threshold-event sensitivity; not Max-Cut ground truth
12,4096,1,0.000244140625,49.76343700822132,0.003,3.5125043207466,10,0.03859389386073556,46.125043207466,analytical threshold-event sensitivity; not Max-Cut ground truth
12,4096,1,0.000244140625,49.76343700822132,0.003,4.362030930661032,10,0.03859389386073556,54.62030930661032,analytical threshold-event sensitivity; not Max-Cut ground truth
12,4096,1,0.000244140625,49.76343700822132,0.003,5.41702218774757,9,0.034795254175771624,58.75319968972813,analytical threshold-event sensitivity; not Max-Cut ground truth
12,4096,1,0.000244140625,49.76343700822132,0.003,6.727171322029715,9,0.034795254175771624,70.54454189826744,analytical threshold-event sensitivity; not Max-Cut ground truth
12,4096,1,0.000244140625,49.76343700822132,0.003,8.35419025941931,9,0.034795254175771624,85.18771233477379,analytical threshold-event sensitivity; not Max-Cut ground truth
12,4096,1,0.000244140625,49.76343700822132,0.003,10.374716437208077,9,0.034795254175771624,103.3724479348727,analytical threshold-event sensitivity; not Max-Cut ground truth
12,4096,1,0.000244140625,49.76343700822132,0.003,12.883922655594034,9,0.034795254175771624,125.95530390034631,analytical threshold-event sensitivity; not Max-Cut ground truth
12,4096,1,0.000244140625,49.76343700822132,0.003,16.0,9,0.034795254175771624,154.0,analytical threshold-event sensitivity; not Max-Cut ground truth
12,4096,4,0.0009765625,24.62864948087203,0.0,0.5,18,0.8379113151277889,28.0,analytical threshold-event sensitivity; not Max-Cut ground truth
12,4096,4,0.0009765625,24.62864948087203,0.0,0.620928906036742,18,0.8379113151277889,30.176720308661356,analytical threshold-event sensitivity; not Max-Cut ground truth
12,4096,4,0.0009765625,24.62864948087203,0.0,0.7711054127039704,18,0.8379113151277889,32.87989742867147,analytical threshold-event sensitivity; not Max-Cut ground truth
12,4096,4,0.0009765625,24.62864948087203,0.0,0.9576032806985736,18,0.8379113151277889,36.236859052574324,analytical threshold-event sensitivity; not Max-Cut ground truth
12,4096,4,0.0009765625,24.62864948087203,0.0,1.189207115002721,18,0.8379113151277889,40.40572807004897,analytical threshold-event sensitivity; not Max-Cut ground truth
12,4096,4,0.0009765625,24.62864948087203,0.0,1.4768261459394993,18,0.8379113151277889,45.58287062691099,analytical threshold-event sensitivity; not Max-Cut ground truth
12,4096,4,0.0009765625,24.62864948087203,0.0,1.8340080864093424,18,0.8379113151277889,52.012145555368164,analytical threshold-event sensitivity; not Max-Cut ground truth
12,4096,4,0.0009765625,24.62864948087203,0.0,2.2775772695133836,18,0.8379113151277889,59.9963908512409,analytical threshold-event sensitivity; not Max-Cut ground truth
12,4096,4,0.0009765625,24.62864948087203,0.0,2.8284271247461903,18,0.8379113151277889,69.91168824543142,analytical threshold-event sensitivity; not Max-Cut ground truth
12,4096,4,0.0009765625,24.62864948087203,0.0,3.5125043207466,18,0.8379113151277889,82.2250777734388,analytical threshold-event sensitivity; not Max-Cut ground truth
12,4096,4,0.0009765625,24.62864948087203,0.0,4.362030930661032,18,0.8379113151277889,97.51655675189858,analytical threshold-event sensitivity; not Max-Cut ground truth
12,4096,4,0.0009765625,24.62864948087203,0.0,5.41702218774757,18,0.8379113151277889,116.50639937945625,analytical threshold-event sensitivity; not Max-Cut ground truth
12,4096,4,0.0009765625,24.62864948087203,0.0,6.727171322029715,18,0.8379113151277889,140.08908379653488,analytical threshold-event sensitivity; not Max-Cut ground truth
12,4096,4,0.0009765625,24.62864948087203,0.0,8.35419025941931,18,0.8379113151277889,169.37542466954758,analytical threshold-event sensitivity; not Max-Cut ground truth
12,4096,4,0.0009765625,24.62864948087203,0.0,10.374716437208077,18,0.8379113151277889,205.7448958697454,analytical threshold-event sensitivity; not Max-Cut ground truth
12,4096,4,0.0009765625,24.62864948087203,0.0,12.883922655594034,18,0.8379113151277889,250.91060780069262,analytical threshold-event sensitivity; not Max-Cut ground truth
12,4096,4,0.0009765625,24.62864948087203,0.0,16.0,18,0.8379113151277889,307.0,analytical threshold-event sensitivity; not Max-Cut ground truth
12,4096,4,0.0009765625,24.62864948087203,0.00025,0.5,17,0.6896413310045041,26.5,analytical threshold-event sensitivity; not Max-Cut ground truth
12,4096,4,0.0009765625,24.62864948087203,0.00025,0.620928906036742,17,0.6896413310045041,28.555791402624614,analytical threshold-event sensitivity; not Max-Cut ground truth
12,4096,4,0.0009765625,24.62864948087203,0.00025,0.7711054127039704,17,0.6896413310045041,31.1087920159675,analytical threshold-event sensitivity; not Max-Cut ground truth
12,4096,4,0.0009765625,24.62864948087203,0.00025,0.9576032806985736,17,0.6896413310045041,34.27925577187575,analytical threshold-event sensitivity; not Max-Cut ground truth
12,4096,4,0.0009765625,24.62864948087203,0.00025,1.189207115002721,17,0.6896413310045041,38.216520955046256,analytical threshold-event sensitivity; not Max-Cut ground truth
12,4096,4,0.0009765625,24.62864948087203,0.00025,1.4768261459394993,17,0.6896413310045041,43.10604448097149,analytical threshold-event sensitivity; not Max-Cut ground truth
12,4096,4,0.0009765625,24.62864948087203,0.00025,1.8340080864093424,17,0.6896413310045041,49.17813746895882,analytical threshold-event sensitivity; not Max-Cut ground truth
12,4096,4,0.0009765625,24.62864948087203,0.00025,2.2775772695133836,17,0.6896413310045041,56.718813581727524,analytical threshold-event sensitivity; not Max-Cut ground truth
12,4096,4,0.0009765625,24.62864948087203,0.00025,2.8284271247461903,17,0.6896413310045041,66.08326112068524,analytical threshold-event sensitivity; not Max-Cut ground truth
12,4096,4,0.0009765625,24.62864948087203,0.00025,3.5125043207466,17,0.6896413310045041,77.7125734526922,analytical threshold-event sensitivity; not Max-Cut ground truth
12,4096,4,0.0009765625,24.62864948087203,0.00025,4.362030930661032,17,0.6896413310045041,92.15452582123754,analytical threshold-event sensitivity; not Max-Cut ground truth
12,4096,4,0.0009765625,24.62864948087203,0.00025,5.41702218774757,17,0.6896413310045041,110.08937719170868,analytical threshold-event sensitivity; not Max-Cut ground truth
12,4096,4,0.0009765625,24.62864948087203,0.00025,6.727171322029715,17,0.6896413310045041,132.36191247450515,analytical threshold-event sensitivity; not Max-Cut ground truth
12,4096,4,0.0009765625,24.62864948087203,0.00025,8.35419025941931,17,0.6896413310045041,160.02123441012827,analytical threshold-event sensitivity; not Max-Cut ground truth
12,4096,4,0.0009765625,24.62864948087203,0.00025,10.374716437208077,17,0.6896413310045041,194.3701794325373,analytical threshold-event sensitivity; not Max-Cut ground truth
12,4096,4,0.0009765625,24.62864948087203,0.00025,12.883922655594034,17,0.6896413310045041,237.02668514509858,analytical threshold-event sensitivity; not Max-Cut ground truth
12,4096,4,0.0009765625,24.62864948087203,0.00025,16.0,17,0.6896413310045041,290.0,analytical threshold-event sensitivity; not Max-Cut ground truth
12,4096,4,0.0009765625,24.62864948087203,0.0005,0.5,16,0.5705029946901324,25.0,analytical threshold-event sensitivity; not Max-Cut ground truth
12,4096,4,0.0009765625,24.62864948087203,0.0005,0.620928906036742,16,0.5705029946901324,26.934862496587872,analytical threshold-event sensitivity; not Max-Cut ground truth
12,4096,4,0.0009765625,24.62864948087203,0.0005,0.7711054127039704,16,0.5705029946901324,29.337686603263528,analytical threshold-event sensitivity; not Max-Cut ground truth
12,4096,4,0.0009765625,24.62864948087203,0.0005,0.9576032806985736,16,0.5705029946901324,32.321652491177176,analytical threshold-event sensitivity; not Max-Cut ground truth
12,4096,4,0.0009765625,24.62864948087203,0.0005,1.189207115002721,16,0.5705029946901324,36.02731384004353,analytical threshold-event sensitivity; not Max-Cut ground truth
12,4096,4,0.0009765625,24.62864948087203,0.0005,1.4768261459394993,16,0.5705029946901324,40.62921833503199,analytical threshold-event sensitivity; not Max-Cut ground truth
12,4096,4,0.0009765625,24.62864948087203,0.0005,1.8340080864093424,16,0.5705029946901324,46.34412938254948,analytical threshold-event sensitivity; not Max-Cut ground truth
12,4096,4,0.0009765625,24.62864948087203,0.0005,2.2775772695133836,16,0.5705029946901324,53.44123631221414,analytical threshold-event sensitivity; not Max-Cut ground truth
12,4096,4,0.0009765625,24.62864948087203,0.0005,2.8284271247461903,16,0.5705029946901324,62.254833995939045,analytical threshold-event sensitivity; not Max-Cut ground truth
12,4096,4,0.0009765625,24.62864948087203,0.0005,3.5125043207466,16,0.5705029946901324,73.2000691319456,analytical threshold-event sensitivity; not Max-Cut ground truth
12,4096,4,0.0009765625,24.62864948087203,0.0005,4.362030930661032,16,0.5705029946901324,86.7924948905765,analytical threshold-event sensitivity; not Max-Cut ground truth
12,4096,4,0.0009765625,24.62864948087203,0.0005,5.41702218774757,16,0.5705029946901324,103.67235500396112,analytical threshold-event sensitivity; not Max-Cut ground truth
12,4096,4,0.0009765625,24.62864948087203,0.0005,6.727171322029715,16,0.5705029946901324,124.63474115247544,analytical threshold-event sensitivity; not Max-Cut ground truth
12,4096,4,0.0009765625,24.62864948087203,0.0005,8.35419025941931,16,0.5705029946901324,150.66704415070896,analytical threshold-event sensitivity; not Max-Cut ground truth
12,4096,4,0.0009765625,24.62864948087203,0.0005,10.374716437208077,16,0.5705029946901324,182.99546299532923,analytical threshold-event sensitivity; not Max-Cut ground truth
12,4096,4,0.0009765625,24.62864948087203,0.0005,12.883922655594034,16,0.5705029946901324,223.14276248950455,analytical threshold-event sensitivity; not Max-Cut ground truth
12,4096,4,0.0009765625,24.62864948087203,0.0005,16.0,16,0.5705029946901324,273.0,analytical threshold-event sensitivity; not Max-Cut ground truth
12,4096,4,0.0009765625,24.62864948087203,0.00075,0.5,15,0.47401340447120666,23.5,analytical threshold-event sensitivity; not Max-Cut ground truth
12,4096,4,0.0009765625,24.62864948087203,0.00075,0.620928906036742,15,0.47401340447120666,25.31393359055113,analytical threshold-event sensitivity; not Max-Cut ground truth
12,4096,4,0.0009765625,24.62864948087203,0.00075,0.7711054127039704,15,0.47401340447120666,27.566581190559557,analytical threshold-event sensitivity; not Max-Cut ground truth
12,4096,4,0.0009765625,24.62864948087203,0.00075,0.9576032806985736,15,0.47401340447120666,30.3640492104786,analytical threshold-event sensitivity; not Max-Cut ground truth
12,4096,4,0.0009765625,24.62864948087203,0.00075,1.189207115002721,15,0.47401340447120666,33.83810672504081,analytical threshold-event sensitivity; not Max-Cut ground truth
12,4096,4,0.0009765625,24.62864948087203,0.00075,1.4768261459394993,15,0.47401340447120666,38.152392189092495,analytical threshold-event sensitivity; not Max-Cut ground truth
12,4096,4,0.0009765625,24.62864948087203,0.00075,1.8340080864093424,15,0.47401340447120666,43.51012129614014,analytical threshold-event sensitivity; not Max-Cut ground truth
12,4096,4,0.0009765625,24.62864948087203,0.00075,2.2775772695133836,15,0.47401340447120666,50.16365904270075,analytical threshold-event sensitivity; not Max-Cut ground truth
12,4096,4,0.0009765625,24.62864948087203,0.00075,2.8284271247461903,15,0.47401340447120666,58.42640687119285,analytical threshold-event sensitivity; not Max-Cut ground truth
12,4096,4,0.0009765625,24.62864948087203,0.00075,3.5125043207466,15,0.47401340447120666,68.687564811199,analytical threshold-event sensitivity; not Max-Cut ground truth
12,4096,4,0.0009765625,24.62864948087203,0.00075,4.362030930661032,15,0.47401340447120666,81.43046395991547,analytical threshold-event sensitivity; not Max-Cut ground truth
12,4096,4,0.0009765625,24.62864948087203,0.00075,5.41702218774757,15,0.47401340447120666,97.25533281621355,analytical threshold-event sensitivity; not Max-Cut ground truth
12,4096,4,0.0009765625,24.62864948087203,0.00075,6.727171322029715,15,0.47401340447120666,116.90756983044572,analytical threshold-event sensitivity; not Max-Cut ground truth
12,4096,4,0.0009765625,24.62864948087203,0.00075,8.35419025941931,15,0.47401340447120666,141.31285389128965,analytical threshold-event sensitivity; not Max-Cut ground truth
12,4096,4,0.0009765625,24.62864948087203,0.00075,10.374716437208077,15,0.47401340447120666,171.62074655812117,analytical threshold-event sensitivity; not Max-Cut ground truth
12,4096,4,0.0009765625,24.62864948087203,0.00075,12.883922655594034,15,0.47401340447120666,209.2588398339105,analytical threshold-event sensitivity; not Max-Cut ground truth
12,4096,4,0.0009765625,24.62864948087203,0.00075,16.0,15,0.47401340447120666,256.0,analytical threshold-event sensitivity; not Max-Cut ground truth
12,4096,4,0.0009765625,24.62864948087203,0.001,0.5,14,0.3952158499145122,22.0,analytical threshold-event sensitivity; not Max-Cut ground truth
12,4096,4,0.0009765625,24.62864948087203,0.001,0.620928906036742,14,0.3952158499145122,23.69300468451439,analytical threshold-event sensitivity; not Max-Cut ground truth
12,4096,4,0.0009765625,24.62864948087203,0.001,0.7711054127039704,14,0.3952158499145122,25.795475777855586,analytical threshold-event sensitivity; not Max-Cut ground truth
12,4096,4,0.0009765625,24.62864948087203,0.001,0.9576032806985736,14,0.3952158499145122,28.406445929780027,analytical threshold-event sensitivity; not Max-Cut ground truth
12,4096,4,0.0009765625,24.62864948087203,0.001,1.189207115002721,14,0.3952158499145122,31.648899610038093,analytical threshold-event sensitivity; not Max-Cut ground truth
12,4096,4,0.0009765625,24.62864948087203,0.001,1.4768261459394993,14,0.3952158499145122,35.675566043153,analytical threshold-event sensitivity; not Max-Cut ground truth
12,4096,4,0.0009765625,24.62864948087203,0.001,1.8340080864093424,14,0.3952158499145122,40.6761132097308,analytical threshold-event sensitivity; not Max-Cut ground truth
12,4096,4,0.0009765625,24.62864948087203,0.001,2.2775772695133836,14,0.3952158499145122,46.88608177318737,analytical threshold-event sensitivity; not Max-Cut ground truth
12,4096,4,0.0009765625,24.62864948087203,0.001,2.8284271247461903,14,0.3952158499145122,54.59797974644666,analytical threshold-event sensitivity; not Max-Cut ground truth
12,4096,4,0.0009765625,24.62864948087203,0.001,3.5125043207466,14,0.3952158499145122,64.1750604904524,analytical threshold-event sensitivity; not Max-Cut ground truth
12,4096,4,0.0009765625,24.62864948087203,0.001,4.362030930661032,14,0.3952158499145122,76.06843302925444,analytical threshold-event sensitivity; not Max-Cut ground truth
12,4096,4,0.0009765625,24.62864948087203,0.001,5.41702218774757,14,0.3952158499145122,90.83831062846598,analytical threshold-event sensitivity; not Max-Cut ground truth
12,4096,4,0.0009765625,24.62864948087203,0.001,6.727171322029715,14,0.3952158499145122,109.180398508416,analytical threshold-event sensitivity; not Max-Cut ground truth
12,4096,4,0.0009765625,24.62864948087203,0.001,8.35419025941931,14,0.3952158499145122,131.95866363187034,analytical threshold-event sensitivity; not Max-Cut ground truth
12,4096,4,0.0009765625,24.62864948087203,0.001,10.374716437208077,14,0.3952158499145122,160.24603012091308,analytical threshold-event sensitivity; not Max-Cut ground truth
12,4096,4,0.0009765625,24.62864948087203,0.001,12.883922655594034,14,0.3952158499145122,195.37491717831648,analytical threshold-event sensitivity; not Max-Cut ground truth
12,4096,4,0.0009765625,24.62864948087203,0.001,16.0,14,0.3952158499145122,239.0,analytical threshold-event sensitivity; not Max-Cut ground truth
12,4096,4,0.0009765625,24.62864948087203,0.00125,0.5,13,0.3302984416573877,20.5,analytical threshold-event sensitivity; not Max-Cut ground truth
12,4096,4,0.0009765625,24.62864948087203,0.00125,0.620928906036742,13,0.3302984416573877,22.072075778477647,analytical threshold-event sensitivity; not Max-Cut ground truth
12,4096,4,0.0009765625,24.62864948087203,0.00125,0.7711054127039704,13,0.3302984416573877,24.024370365151615,analytical threshold-event sensitivity; not Max-Cut ground truth
12,4096,4,0.0009765625,24.62864948087203,0.00125,0.9576032806985736,13,0.3302984416573877,26.448842649081456,analytical threshold-event sensitivity; not Max-Cut ground truth
12,4096,4,0.0009765625,24.62864948087203,0.00125,1.189207115002721,13,0.3302984416573877,29.45969249503537,analytical threshold-event sensitivity; not Max-Cut ground truth
12,4096,4,0.0009765625,24.62864948087203,0.00125,1.4768261459394993,13,0.3302984416573877,33.19873989721349,analytical threshold-event sensitivity; not Max-Cut ground truth
12,4096,4,0.0009765625,24.62864948087203,0.00125,1.8340080864093424,13,0.3302984416573877,37.84210512332145,analytical threshold-event sensitivity; not Max-Cut ground truth
12,4096,4,0.0009765625,24.62864948087203,0.00125,2.2775772695133836,13,0.3302984416573877,43.608504503673984,analytical threshold-event sensitivity; not Max-Cut ground truth
12,4096,4,0.0009765625,24.62864948087203,0.00125,2.8284271247461903,13,0.3302984416573877,50.76955262170048,analytical threshold-event sensitivity; not Max-Cut ground truth
12,4096,4,0.0009765625,24.62864948087203,0.00125,3.5125043207466,13,0.3302984416573877,59.662556169705795,analytical threshold-event sensitivity; not Max-Cut ground truth
12,4096,4,0.0009765625,24.62864948087203,0.00125,4.362030930661032,13,0.3302984416573877,70.70640209859341,analytical threshold-event sensitivity; not Max-Cut ground truth
12,4096,4,0.0009765625,24.62864948087203,0.00125,5.41702218774757,13,0.3302984416573877,84.4212884407184,analytical threshold-event sensitivity; not Max-Cut ground truth
12,4096,4,0.0009765625,24.62864948087203,0.00125,6.727171322029715,13,0.3302984416573877,101.4532271863863,analytical threshold-event sensitivity; not Max-Cut ground truth
12,4096,4,0.0009765625,24.62864948087203,0.00125,8.35419025941931,13,0.3302984416573877,122.60447337245103,analytical threshold-event sensitivity; not Max-Cut ground truth
12,4096,4,0.0009765625,24.62864948087203,0.00125,10.374716437208077,13,0.3302984416573877,148.871313683705,analytical threshold-event sensitivity; not Max-Cut ground truth
12,4096,4,0.0009765625,24.62864948087203,0.00125,12.883922655594034,13,0.3302984416573877,181.49099452272245,analytical threshold-event sensitivity; not Max-Cut ground truth
12,4096,4,0.0009765625,24.62864948087203,0.00125,16.0,13,0.3302984416573877,222.0,analytical threshold-event sensitivity; not Max-Cut ground truth
12,4096,4,0.0009765625,24.62864948087203,0.0015,0.5,12,0.27631285972925995,19.0,analytical threshold-event sensitivity; not Max-Cut ground truth
12,4096,4,0.0009765625,24.62864948087203,0.0015,0.620928906036742,12,0.27631285972925995,20.451146872440905,analytical threshold-event sensitivity; not Max-Cut ground truth
12,4096,4,0.0009765625,24.62864948087203,0.0015,0.7711054127039704,12,0.27631285972925995,22.253264952447644,analytical threshold-event sensitivity; not Max-Cut ground truth
12,4096,4,0.0009765625,24.62864948087203,0.0015,0.9576032806985736,12,0.27631285972925995,24.49123936838288,analytical threshold-event sensitivity; not Max-Cut ground truth
12,4096,4,0.0009765625,24.62864948087203,0.0015,1.189207115002721,12,0.27631285972925995,27.27048538003265,analytical threshold-event sensitivity; not Max-Cut ground truth
12,4096,4,0.0009765625,24.62864948087203,0.0015,1.4768261459394993,12,0.27631285972925995,30.721913751273995,analytical threshold-event sensitivity; not Max-Cut ground truth
12,4096,4,0.0009765625,24.62864948087203,0.0015,1.8340080864093424,12,0.27631285972925995,35.00809703691211,analytical threshold-event sensitivity; not Max-Cut ground truth
12,4096,4,0.0009765625,24.62864948087203,0.0015,2.2775772695133836,12,0.27631285972925995,40.330927234160605,analytical threshold-event sensitivity; not Max-Cut ground truth
12,4096,4,0.0009765625,24.62864948087203,0.0015,2.8284271247461903,12,0.27631285972925995,46.941125496954285,analytical threshold-event sensitivity; not Max-Cut ground truth
12,4096,4,0.0009765625,24.62864948087203,0.0015,3.5125043207466,12,0.27631285972925995,55.150051848959194,analytical threshold-event sensitivity; not Max-Cut ground truth
12,4096,4,0.0009765625,24.62864948087203,0.0015,4.362030930661032,12,0.27631285972925995,65.34437116793238,analytical threshold-event sensitivity; not Max-Cut ground truth
12,4096,4,0.0009765625,24.62864948087203,0.0015,5.41702218774757,12,0.27631285972925995,78.00426625297084,analytical threshold-event sensitivity; not Max-Cut ground truth
12,4096,4,0.0009765625,24.62864948087203,0.0015,6.727171322029715,12,0.27631285972925995,93.72605586435658,analytical threshold-event sensitivity; not Max-Cut ground truth
12,4096,4,0.0009765625,24.62864948087203,0.0015,8.35419025941931,12,0.27631285972925995,113.25028311303171,analytical threshold-event sensitivity; not Max-Cut ground truth
12,4096,4,0.0009765625,24.62864948087203,0.0015,10.374716437208077,12,0.27631285972925995,137.49659724649692,analytical threshold-event sensitivity; not Max-Cut ground truth
12,4096,4,0.0009765625,24.62864948087203,0.0015,12.883922655594034,12,0.27631285972925995,167.6070718671284,analytical threshold-event sensitivity; not Max-Cut ground truth
12,4096,4,0.0009765625,24.62864948087203,0.0015,16.0,12,0.27631285972925995,205.0,analytical threshold-event sensitivity; not Max-Cut ground truth
12,4096,4,0.0009765625,24.62864948087203,0.00175,0.5,11,0.23096643770070693,17.5,analytical threshold-event sensitivity; not Max-Cut ground truth
12,4096,4,0.0009765625,24.62864948087203,0.00175,0.620928906036742,11,0.23096643770070693,18.830217966404163,analytical threshold-event sensitivity; not Max-Cut ground truth
12,4096,4,0.0009765625,24.62864948087203,0.00175,0.7711054127039704,11,0.23096643770070693,20.482159539743677,analytical threshold-event sensitivity; not Max-Cut ground truth
12,4096,4,0.0009765625,24.62864948087203,0.00175,0.9576032806985736,11,0.23096643770070693,22.533636087684307,analytical threshold-event sensitivity; not Max-Cut ground truth
12,4096,4,0.0009765625,24.62864948087203,0.00175,1.189207115002721,11,0.23096643770070693,25.08127826502993,analytical threshold-event sensitivity; not Max-Cut ground truth
12,4096,4,0.0009765625,24.62864948087203,0.00175,1.4768261459394993,11,0.23096643770070693,28.245087605334497,analytical threshold-event sensitivity; not Max-Cut ground truth
12,4096,4,0.0009765625,24.62864948087203,0.00175,1.8340080864093424,11,0.23096643770070693,32.17408895050277,analytical threshold-event sensitivity; not Max-Cut ground truth
12,4096,4,0.0009765625,24.62864948087203,0.00175,2.2775772695133836,11,0.23096643770070693,37.05334996464722,analytical threshold-event sensitivity; not Max-Cut ground truth
12,4096,4,0.0009765625,24.62864948087203,0.00175,2.8284271247461903,11,0.23096643770070693,43.112698372208094,analytical threshold-event sensitivity; not Max-Cut ground truth
12,4096,4,0.0009765625,24.62864948087203,0.00175,3.5125043207466,11,0.23096643770070693,50.6375475282126,analytical threshold-event sensitivity; not Max-Cut ground truth
12,4096,4,0.0009765625,24.62864948087203,0.00175,4.362030930661032,11,0.23096643770070693,59.982340237271345,analytical threshold-event sensitivity; not Max-Cut ground truth
12,4096,4,0.0009765625,24.62864948087203,0.00175,5.41702218774757,11,0.23096643770070693,71.58724406522327,analytical threshold-event sensitivity; not Max-Cut ground truth
12,4096,4,0.0009765625,24.62864948087203,0.00175,6.727171322029715,11,0.23096643770070693,85.99888454232686,analytical threshold-event sensitivity; not Max-Cut ground truth
12,4096,4,0.0009765625,24.62864948087203,0.00175,8.35419025941931,11,0.23096643770070693,103.89609285361242,analytical threshold-event sensitivity; not Max-Cut ground truth
12,4096,4,0.0009765625,24.62864948087203,0.00175,10.374716437208077,11,0.23096643770070693,126.12188080928885,analytical threshold-event sensitivity; not Max-Cut ground truth
12,4096,4,0.0009765625,24.62864948087203,0.00175,12.883922655594034,11,0.23096643770070693,153.72314921153438,analytical threshold-event sensitivity; not Max-Cut ground truth
12,4096,4,0.0009765625,24.62864948087203,0.00175,16.0,11,0.23096643770070693,188.0,analytical threshold-event sensitivity; not Max-Cut ground truth
12,4096,4,0.0009765625,24.62864948087203,0.002,0.5,11,0.21108743016568038,17.5,analytical threshold-event sensitivity; not Max-Cut ground truth
12,4096,4,0.0009765625,24.62864948087203,0.002,0.620928906036742,11,0.21108743016568038,18.830217966404163,analytical threshold-event sensitivity; not Max-Cut ground truth
12,4096,4,0.0009765625,24.62864948087203,0.002,0.7711054127039704,11,0.21108743016568038,20.482159539743677,analytical threshold-event sensitivity; not Max-Cut ground truth
12,4096,4,0.0009765625,24.62864948087203,0.002,0.9576032806985736,11,0.21108743016568038,22.533636087684307,analytical threshold-event sensitivity; not Max-Cut ground truth
12,4096,4,0.0009765625,24.62864948087203,0.002,1.189207115002721,11,0.21108743016568038,25.08127826502993,analytical threshold-event sensitivity; not Max-Cut ground truth
12,4096,4,0.0009765625,24.62864948087203,0.002,1.4768261459394993,11,0.21108743016568038,28.245087605334497,analytical threshold-event sensitivity; not Max-Cut ground truth
12,4096,4,0.0009765625,24.62864948087203,0.002,1.8340080864093424,11,0.21108743016568038,32.17408895050277,analytical threshold-event sensitivity; not Max-Cut ground truth
12,4096,4,0.0009765625,24.62864948087203,0.002,2.2775772695133836,10,0.1924684248927352,33.77577269513384,analytical threshold-event sensitivity; not Max-Cut ground truth
12,4096,4,0.0009765625,24.62864948087203,0.002,2.8284271247461903,10,0.1924684248927352,39.2842712474619,analytical threshold-event sensitivity; not Max-Cut ground truth
12,4096,4,0.0009765625,24.62864948087203,0.002,3.5125043207466,10,0.1924684248927352,46.125043207466,analytical threshold-event sensitivity; not Max-Cut ground truth
12,4096,4,0.0009765625,24.62864948087203,0.002,4.362030930661032,10,0.1924684248927352,54.62030930661032,analytical threshold-event sensitivity; not Max-Cut ground truth
12,4096,4,0.0009765625,24.62864948087203,0.002,5.41702218774757,10,0.1924684248927352,65.1702218774757,analytical threshold-event sensitivity; not Max-Cut ground truth
12,4096,4,0.0009765625,24.62864948087203,0.002,6.727171322029715,10,0.1924684248927352,78.27171322029716,analytical threshold-event sensitivity; not Max-Cut ground truth
12,4096,4,0.0009765625,24.62864948087203,0.002,8.35419025941931,10,0.1924684248927352,94.5419025941931,analytical threshold-event sensitivity; not Max-Cut ground truth
12,4096,4,0.0009765625,24.62864948087203,0.002,10.374716437208077,10,0.1924684248927352,114.74716437208077,analytical threshold-event sensitivity; not Max-Cut ground truth
12,4096,4,0.0009765625,24.62864948087203,0.002,12.883922655594034,10,0.1924684248927352,139.83922655594034,analytical threshold-event sensitivity; not Max-Cut ground truth
12,4096,4,0.0009765625,24.62864948087203,0.002,16.0,10,0.1924684248927352,171.0,analytical threshold-event sensitivity; not Max-Cut ground truth
12,4096,4,0.0009765625,24.62864948087203,0.0022500000000000003,0.5,10,0.1772271270675139,16.0,analytical threshold-event sensitivity; not Max-Cut ground truth
12,4096,4,0.0009765625,24.62864948087203,0.0022500000000000003,0.620928906036742,10,0.1772271270675139,17.20928906036742,analytical threshold-event sensitivity; not Max-Cut ground truth
12,4096,4,0.0009765625,24.62864948087203,0.0022500000000000003,0.7711054127039704,10,0.1772271270675139,18.711054127039706,analytical threshold-event sensitivity; not Max-Cut ground truth
12,4096,4,0.0009765625,24.62864948087203,0.0022500000000000003,0.9576032806985736,10,0.1772271270675139,20.576032806985737,analytical threshold-event sensitivity; not Max-Cut ground truth
12,4096,4,0.0009765625,24.62864948087203,0.0022500000000000003,1.189207115002721,10,0.1772271270675139,22.892071150027206,analytical threshold-event sensitivity; not Max-Cut ground truth
12,4096,4,0.0009765625,24.62864948087203,0.0022500000000000003,1.4768261459394993,10,0.1772271270675139,25.768261459394996,analytical threshold-event sensitivity; not Max-Cut ground truth
12,4096,4,0.0009765625,24.62864948087203,0.0022500000000000003,1.8340080864093424,10,0.1772271270675139,29.340080864093427,analytical threshold-event sensitivity; not Max-Cut ground truth
12,4096,4,0.0009765625,24.62864948087203,0.0022500000000000003,2.2775772695133836,10,0.1772271270675139,33.77577269513384,analytical threshold-event sensitivity; not Max-Cut ground truth
12,4096,4,0.0009765625,24.62864948087203,0.0022500000000000003,2.8284271247461903,10,0.1772271270675139,39.2842712474619,analytical threshold-event sensitivity; not Max-Cut ground truth
12,4096,4,0.0009765625,24.62864948087203,0.0022500000000000003,3.5125043207466,10,0.1772271270675139,46.125043207466,analytical threshold-event sensitivity; not Max-Cut ground truth
12,4096,4,0.0009765625,24.62864948087203,0.0022500000000000003,4.362030930661032,10,0.1772271270675139,54.62030930661032,analytical threshold-event sensitivity; not Max-Cut ground truth
12,4096,4,0.0009765625,24.62864948087203,0.0022500000000000003,5.41702218774757,10,0.1772271270675139,65.1702218774757,analytical threshold-event sensitivity; not Max-Cut ground truth
12,4096,4,0.0009765625,24.62864948087203,0.0022500000000000003,6.727171322029715,10,0.1772271270675139,78.27171322029716,analytical threshold-event sensitivity; not Max-Cut ground truth
12,4096,4,0.0009765625,24.62864948087203,0.0022500000000000003,8.35419025941931,10,0.1772271270675139,94.5419025941931,analytical threshold-event sensitivity; not Max-Cut ground truth
12,4096,4,0.0009765625,24.62864948087203,0.0022500000000000003,10.374716437208077,10,0.1772271270675139,114.74716437208077,analytical threshold-event sensitivity; not Max-Cut ground truth
12,4096,4,0.0009765625,24.62864948087203,0.0022500000000000003,12.883922655594034,10,0.1772271270675139,139.83922655594034,analytical threshold-event sensitivity; not Max-Cut ground truth
12,4096,4,0.0009765625,24.62864948087203,0.0022500000000000003,16.0,10,0.1772271270675139,171.0,analytical threshold-event sensitivity; not Max-Cut ground truth
12,4096,4,0.0009765625,24.62864948087203,0.0025,0.5,9,0.1478978987290179,14.5,analytical threshold-event sensitivity; not Max-Cut ground truth
12,4096,4,0.0009765625,24.62864948087203,0.0025,0.620928906036742,9,0.1478978987290179,15.588360154330678,analytical threshold-event sensitivity; not Max-Cut ground truth
12,4096,4,0.0009765625,24.62864948087203,0.0025,0.7711054127039704,9,0.1478978987290179,16.939948714335735,analytical threshold-event sensitivity; not Max-Cut ground truth
12,4096,4,0.0009765625,24.62864948087203,0.0025,0.9576032806985736,9,0.1478978987290179,18.618429526287162,analytical threshold-event sensitivity; not Max-Cut ground truth
12,4096,4,0.0009765625,24.62864948087203,0.0025,1.189207115002721,9,0.1478978987290179,20.702864035024486,analytical threshold-event sensitivity; not Max-Cut ground truth
12,4096,4,0.0009765625,24.62864948087203,0.0025,1.4768261459394993,9,0.1478978987290179,23.291435313455494,analytical threshold-event sensitivity; not Max-Cut ground truth
12,4096,4,0.0009765625,24.62864948087203,0.0025,1.8340080864093424,9,0.1478978987290179,26.506072777684082,analytical threshold-event sensitivity; not Max-Cut ground truth
12,4096,4,0.0009765625,24.62864948087203,0.0025,2.2775772695133836,9,0.1478978987290179,30.49819542562045,analytical threshold-event sensitivity; not Max-Cut ground truth
12,4096,4,0.0009765625,24.62864948087203,0.0025,2.8284271247461903,9,0.1478978987290179,35.45584412271571,analytical threshold-event sensitivity; not Max-Cut ground truth
12,4096,4,0.0009765625,24.62864948087203,0.0025,3.5125043207466,9,0.1478978987290179,41.6125388867194,analytical threshold-event sensitivity; not Max-Cut ground truth
12,4096,4,0.0009765625,24.62864948087203,0.0025,4.362030930661032,9,0.1478978987290179,49.25827837594929,analytical threshold-event sensitivity; not Max-Cut ground truth
12,4096,4,0.0009765625,24.62864948087203,0.0025,5.41702218774757,9,0.1478978987290179,58.75319968972813,analytical threshold-event sensitivity; not Max-Cut ground truth
12,4096,4,0.0009765625,24.62864948087203,0.0025,6.727171322029715,9,0.1478978987290179,70.54454189826744,analytical threshold-event sensitivity; not Max-Cut ground truth
12,4096,4,0.0009765625,24.62864948087203,0.0025,8.35419025941931,9,0.1478978987290179,85.18771233477379,analytical threshold-event sensitivity; not Max-Cut ground truth
12,4096,4,0.0009765625,24.62864948087203,0.0025,10.374716437208077,9,0.1478978987290179,103.3724479348727,analytical threshold-event sensitivity; not Max-Cut ground truth
12,4096,4,0.0009765625,24.62864948087203,0.0025,12.883922655594034,9,0.1478978987290179,125.95530390034631,analytical threshold-event sensitivity; not Max-Cut ground truth
12,4096,4,0.0009765625,24.62864948087203,0.0025,16.0,9,0.1478978987290179,154.0,analytical threshold-event sensitivity; not Max-Cut ground truth
12,4096,4,0.0009765625,24.62864948087203,0.00275,0.5,9,0.13721131218752633,14.5,analytical threshold-event sensitivity; not Max-Cut ground truth
12,4096,4,0.0009765625,24.62864948087203,0.00275,0.620928906036742,9,0.13721131218752633,15.588360154330678,analytical threshold-event sensitivity; not Max-Cut ground truth
12,4096,4,0.0009765625,24.62864948087203,0.00275,0.7711054127039704,9,0.13721131218752633,16.939948714335735,analytical threshold-event sensitivity; not Max-Cut ground truth
12,4096,4,0.0009765625,24.62864948087203,0.00275,0.9576032806985736,9,0.13721131218752633,18.618429526287162,analytical threshold-event sensitivity; not Max-Cut ground truth
12,4096,4,0.0009765625,24.62864948087203,0.00275,1.189207115002721,9,0.13721131218752633,20.702864035024486,analytical threshold-event sensitivity; not Max-Cut ground truth
12,4096,4,0.0009765625,24.62864948087203,0.00275,1.4768261459394993,9,0.13721131218752633,23.291435313455494,analytical threshold-event sensitivity; not Max-Cut ground truth
12,4096,4,0.0009765625,24.62864948087203,0.00275,1.8340080864093424,9,0.13721131218752633,26.506072777684082,analytical threshold-event sensitivity; not Max-Cut ground truth
12,4096,4,0.0009765625,24.62864948087203,0.00275,2.2775772695133836,9,0.13721131218752633,30.49819542562045,analytical threshold-event sensitivity; not Max-Cut ground truth
12,4096,4,0.0009765625,24.62864948087203,0.00275,2.8284271247461903,9,0.13721131218752633,35.45584412271571,analytical threshold-event sensitivity; not Max-Cut ground truth
12,4096,4,0.0009765625,24.62864948087203,0.00275,3.5125043207466,9,0.13721131218752633,41.6125388867194,analytical threshold-event sensitivity; not Max-Cut ground truth
12,4096,4,0.0009765625,24.62864948087203,0.00275,4.362030930661032,9,0.13721131218752633,49.25827837594929,analytical threshold-event sensitivity; not Max-Cut ground truth
12,4096,4,0.0009765625,24.62864948087203,0.00275,5.41702218774757,9,0.13721131218752633,58.75319968972813,analytical threshold-event sensitivity; not Max-Cut ground truth
12,4096,4,0.0009765625,24.62864948087203,0.00275,6.727171322029715,8,0.12218396555886148,62.81737057623772,analytical threshold-event sensitivity; not Max-Cut ground truth
12,4096,4,0.0009765625,24.62864948087203,0.00275,8.35419025941931,8,0.12218396555886148,75.83352207535448,analytical threshold-event sensitivity; not Max-Cut ground truth
12,4096,4,0.0009765625,24.62864948087203,0.00275,10.374716437208077,8,0.12218396555886148,91.99773149766462,analytical threshold-event sensitivity; not Max-Cut ground truth
12,4096,4,0.0009765625,24.62864948087203,0.00275,12.883922655594034,8,0.12218396555886148,112.07138124475227,analytical threshold-event sensitivity; not Max-Cut ground truth
12,4096,4,0.0009765625,24.62864948087203,0.00275,16.0,0,0.0008992299197820357,1.0,analytical threshold-event sensitivity; not Max-Cut ground truth
12,4096,4,0.0009765625,24.62864948087203,0.003,0.5,8,0.11420873962266179,13.0,analytical threshold-event sensitivity; not Max-Cut ground truth
12,4096,4,0.0009765625,24.62864948087203,0.003,0.620928906036742,8,0.11420873962266179,13.967431248293936,analytical threshold-event sensitivity; not Max-Cut ground truth
12,4096,4,0.0009765625,24.62864948087203,0.003,0.7711054127039704,8,0.11420873962266179,15.168843301631764,analytical threshold-event sensitivity; not Max-Cut ground truth
12,4096,4,0.0009765625,24.62864948087203,0.003,0.9576032806985736,8,0.11420873962266179,16.660826245588588,analytical threshold-event sensitivity; not Max-Cut ground truth
12,4096,4,0.0009765625,24.62864948087203,0.003,1.189207115002721,8,0.11420873962266179,18.513656920021766,analytical threshold-event sensitivity; not Max-Cut ground truth
12,4096,4,0.0009765625,24.62864948087203,0.003,1.4768261459394993,8,0.11420873962266179,20.814609167515997,analytical threshold-event sensitivity; not Max-Cut ground truth
12,4096,4,0.0009765625,24.62864948087203,0.003,1.8340080864093424,8,0.11420873962266179,23.67206469127474,analytical threshold-event sensitivity; not Max-Cut ground truth
12,4096,4,0.0009765625,24.62864948087203,0.003,2.2775772695133836,8,0.11420873962266179,27.22061815610707,analytical threshold-event sensitivity; not Max-Cut ground truth
12,4096,4,0.0009765625,24.62864948087203,0.003,2.8284271247461903,8,0.11420873962266179,31.627416997969522,analytical threshold-event sensitivity; not Max-Cut ground truth
12,4096,4,0.0009765625,24.62864948087203,0.003,3.5125043207466,8,0.11420873962266179,37.1000345659728,analytical threshold-event sensitivity; not Max-Cut ground truth
12,4096,4,0.0009765625,24.62864948087203,0.003,4.362030930661032,8,0.11420873962266179,43.89624744528825,analytical threshold-event sensitivity; not Max-Cut ground truth
12,4096,4,0.0009765625,24.62864948087203,0.003,5.41702218774757,8,0.11420873962266179,52.33617750198056,analytical threshold-event sensitivity; not Max-Cut ground truth
12,4096,4,0.0009765625,24.62864948087203,0.003,6.727171322029715,8,0.11420873962266179,62.81737057623772,analytical threshold-event sensitivity; not Max-Cut ground truth
12,4096,4,0.0009765625,24.62864948087203,0.003,8.35419025941931,8,0.11420873962266179,75.83352207535448,analytical threshold-event sensitivity; not Max-Cut ground truth
12,4096,4,0.0009765625,24.62864948087203,0.003,10.374716437208077,8,0.11420873962266179,91.99773149766462,analytical threshold-event sensitivity; not Max-Cut ground truth
12,4096,4,0.0009765625,24.62864948087203,0.003,12.883922655594034,8,0.11420873962266179,112.07138124475227,analytical threshold-event sensitivity; not Max-Cut ground truth
12,4096,4,0.0009765625,24.62864948087203,0.003,16.0,0,0.0008925109231164338,1.0,analytical threshold-event sensitivity; not Max-Cut ground truth
12,4096,16,0.00390625,12.058180310517262,0.0,0.5,9,0.8606760445971724,14.5,analytical threshold-event sensitivity; not Max-Cut ground truth
12,4096,16,0.00390625,12.058180310517262,0.0,0.620928906036742,9,0.8606760445971724,15.588360154330678,analytical threshold-event sensitivity; not Max-Cut ground truth
12,4096,16,0.00390625,12.058180310517262,0.0,0.7711054127039704,9,0.8606760445971724,16.939948714335735,analytical threshold-event sensitivity; not Max-Cut ground truth
12,4096,16,0.00390625,12.058180310517262,0.0,0.9576032806985736,9,0.8606760445971724,18.618429526287162,analytical threshold-event sensitivity; not Max-Cut ground truth
12,4096,16,0.00390625,12.058180310517262,0.0,1.189207115002721,9,0.8606760445971724,20.702864035024486,analytical threshold-event sensitivity; not Max-Cut ground truth
12,4096,16,0.00390625,12.058180310517262,0.0,1.4768261459394993,9,0.8606760445971724,23.291435313455494,analytical threshold-event sensitivity; not Max-Cut ground truth
12,4096,16,0.00390625,12.058180310517262,0.0,1.8340080864093424,9,0.8606760445971724,26.506072777684082,analytical threshold-event sensitivity; not Max-Cut ground truth
12,4096,16,0.00390625,12.058180310517262,0.0,2.2775772695133836,9,0.8606760445971724,30.49819542562045,analytical threshold-event sensitivity; not Max-Cut ground truth
12,4096,16,0.00390625,12.058180310517262,0.0,2.8284271247461903,9,0.8606760445971724,35.45584412271571,analytical threshold-event sensitivity; not Max-Cut ground truth
12,4096,16,0.00390625,12.058180310517262,0.0,3.5125043207466,9,0.8606760445971724,41.6125388867194,analytical threshold-event sensitivity; not Max-Cut ground truth
12,4096,16,0.00390625,12.058180310517262,0.0,4.362030930661032,9,0.8606760445971724,49.25827837594929,analytical threshold-event sensitivity; not Max-Cut ground truth
12,4096,16,0.00390625,12.058180310517262,0.0,5.41702218774757,9,0.8606760445971724,58.75319968972813,analytical threshold-event sensitivity; not Max-Cut ground truth
12,4096,16,0.00390625,12.058180310517262,0.0,6.727171322029715,9,0.8606760445971724,70.54454189826744,analytical threshold-event sensitivity; not Max-Cut ground truth
12,4096,16,0.00390625,12.058180310517262,0.0,8.35419025941931,9,0.8606760445971724,85.18771233477379,analytical threshold-event sensitivity; not Max-Cut ground truth
12,4096,16,0.00390625,12.058180310517262,0.0,10.374716437208077,9,0.8606760445971724,103.3724479348727,analytical threshold-event sensitivity; not Max-Cut ground truth
12,4096,16,0.00390625,12.058180310517262,0.0,12.883922655594034,9,0.8606760445971724,125.95530390034631,analytical threshold-event sensitivity; not Max-Cut ground truth
12,4096,16,0.00390625,12.058180310517262,0.0,16.0,9,0.8606760445971724,154.0,analytical threshold-event sensitivity; not Max-Cut ground truth
12,4096,16,0.00390625,12.058180310517262,0.00025,0.5,9,0.7984865942140498,14.5,analytical threshold-event sensitivity; not Max-Cut ground truth
12,4096,16,0.00390625,12.058180310517262,0.00025,0.620928906036742,9,0.7984865942140498,15.588360154330678,analytical threshold-event sensitivity; not Max-Cut ground truth
12,4096,16,0.00390625,12.058180310517262,0.00025,0.7711054127039704,9,0.7984865942140498,16.939948714335735,analytical threshold-event sensitivity; not Max-Cut ground truth
12,4096,16,0.00390625,12.058180310517262,0.00025,0.9576032806985736,9,0.7984865942140498,18.618429526287162,analytical threshold-event sensitivity; not Max-Cut ground truth
12,4096,16,0.00390625,12.058180310517262,0.00025,1.189207115002721,9,0.7984865942140498,20.702864035024486,analytical threshold-event sensitivity; not Max-Cut ground truth
12,4096,16,0.00390625,12.058180310517262,0.00025,1.4768261459394993,8,0.7138722588624827,20.814609167515997,analytical threshold-event sensitivity; not Max-Cut ground truth
12,4096,16,0.00390625,12.058180310517262,0.00025,1.8340080864093424,8,0.7138722588624827,23.67206469127474,analytical threshold-event sensitivity; not Max-Cut ground truth
12,4096,16,0.00390625,12.058180310517262,0.00025,2.2775772695133836,8,0.7138722588624827,27.22061815610707,analytical threshold-event sensitivity; not Max-Cut ground truth
12,4096,16,0.00390625,12.058180310517262,0.00025,2.8284271247461903,8,0.7138722588624827,31.627416997969522,analytical threshold-event sensitivity; not Max-Cut ground truth
12,4096,16,0.00390625,12.058180310517262,0.00025,3.5125043207466,8,0.7138722588624827,37.1000345659728,analytical threshold-event sensitivity; not Max-Cut ground truth
12,4096,16,0.00390625,12.058180310517262,0.00025,4.362030930661032,8,0.7138722588624827,43.89624744528825,analytical threshold-event sensitivity; not Max-Cut ground truth
12,4096,16,0.00390625,12.058180310517262,0.00025,5.41702218774757,8,0.7138722588624827,52.33617750198056,analytical threshold-event sensitivity; not Max-Cut ground truth
12,4096,16,0.00390625,12.058180310517262,0.00025,6.727171322029715,8,0.7138722588624827,62.81737057623772,analytical threshold-event sensitivity; not Max-Cut ground truth
12,4096,16,0.00390625,12.058180310517262,0.00025,8.35419025941931,8,0.7138722588624827,75.83352207535448,analytical threshold-event sensitivity; not Max-Cut ground truth
12,4096,16,0.00390625,12.058180310517262,0.00025,10.374716437208077,8,0.7138722588624827,91.99773149766462,analytical threshold-event sensitivity; not Max-Cut ground truth
12,4096,16,0.00390625,12.058180310517262,0.00025,12.883922655594034,8,0.7138722588624827,112.07138124475227,analytical threshold-event sensitivity; not Max-Cut ground truth
12,4096,16,0.00390625,12.058180310517262,0.00025,16.0,8,0.7138722588624827,137.0,analytical threshold-event sensitivity; not Max-Cut ground truth
12,4096,16,0.00390625,12.058180310517262,0.0005,0.5,8,0.6672761893375432,13.0,analytical threshold-event sensitivity; not Max-Cut ground truth
12,4096,16,0.00390625,12.058180310517262,0.0005,0.620928906036742,8,0.6672761893375432,13.967431248293936,analytical threshold-event sensitivity; not Max-Cut ground truth
12,4096,16,0.00390625,12.058180310517262,0.0005,0.7711054127039704,8,0.6672761893375432,15.168843301631764,analytical threshold-event sensitivity; not Max-Cut ground truth
12,4096,16,0.00390625,12.058180310517262,0.0005,0.9576032806985736,8,0.6672761893375432,16.660826245588588,analytical threshold-event sensitivity; not Max-Cut ground truth
12,4096,16,0.00390625,12.058180310517262,0.0005,1.189207115002721,8,0.6672761893375432,18.513656920021766,analytical threshold-event sensitivity; not Max-Cut ground truth
12,4096,16,0.00390625,12.058180310517262,0.0005,1.4768261459394993,8,0.6672761893375432,20.814609167515997,analytical threshold-event sensitivity; not Max-Cut ground truth
12,4096,16,0.00390625,12.058180310517262,0.0005,1.8340080864093424,8,0.6672761893375432,23.67206469127474,analytical threshold-event sensitivity; not Max-Cut ground truth
12,4096,16,0.00390625,12.058180310517262,0.0005,2.2775772695133836,8,0.6672761893375432,27.22061815610707,analytical threshold-event sensitivity; not Max-Cut ground truth
12,4096,16,0.00390625,12.058180310517262,0.0005,2.8284271247461903,8,0.6672761893375432,31.627416997969522,analytical threshold-event sensitivity; not Max-Cut ground truth
12,4096,16,0.00390625,12.058180310517262,0.0005,3.5125043207466,8,0.6672761893375432,37.1000345659728,analytical threshold-event sensitivity; not Max-Cut ground truth
12,4096,16,0.00390625,12.058180310517262,0.0005,4.362030930661032,8,0.6672761893375432,43.89624744528825,analytical threshold-event sensitivity; not Max-Cut ground truth
12,4096,16,0.00390625,12.058180310517262,0.0005,5.41702218774757,8,0.6672761893375432,52.33617750198056,analytical threshold-event sensitivity; not Max-Cut ground truth
12,4096,16,0.00390625,12.058180310517262,0.0005,6.727171322029715,8,0.6672761893375432,62.81737057623772,analytical threshold-event sensitivity; not Max-Cut ground truth
12,4096,16,0.00390625,12.058180310517262,0.0005,8.35419025941931,8,0.6672761893375432,75.83352207535448,analytical threshold-event sensitivity; not Max-Cut ground truth
12,4096,16,0.00390625,12.058180310517262,0.0005,10.374716437208077,8,0.6672761893375432,91.99773149766462,analytical threshold-event sensitivity; not Max-Cut ground truth
12,4096,16,0.00390625,12.058180310517262,0.0005,12.883922655594034,8,0.6672761893375432,112.07138124475227,analytical threshold-event sensitivity; not Max-Cut ground truth
12,4096,16,0.00390625,12.058180310517262,0.0005,16.0,8,0.6672761893375432,137.0,analytical threshold-event sensitivity; not Max-Cut ground truth
12,4096,16,0.00390625,12.058180310517262,0.00075,0.5,8,0.6237215514808306,13.0,analytical threshold-event sensitivity; not Max-Cut ground truth
12,4096,16,0.00390625,12.058180310517262,0.00075,0.620928906036742,8,0.6237215514808306,13.967431248293936,analytical threshold-event sensitivity; not Max-Cut ground truth
12,4096,16,0.00390625,12.058180310517262,0.00075,0.7711054127039704,8,0.6237215514808306,15.168843301631764,analytical threshold-event sensitivity; not Max-Cut ground truth
12,4096,16,0.00390625,12.058180310517262,0.00075,0.9576032806985736,8,0.6237215514808306,16.660826245588588,analytical threshold-event sensitivity; not Max-Cut ground truth
12,4096,16,0.00390625,12.058180310517262,0.00075,1.189207115002721,8,0.6237215514808306,18.513656920021766,analytical threshold-event sensitivity; not Max-Cut ground truth
12,4096,16,0.00390625,12.058180310517262,0.00075,1.4768261459394993,8,0.6237215514808306,20.814609167515997,analytical threshold-event sensitivity; not Max-Cut ground truth
12,4096,16,0.00390625,12.058180310517262,0.00075,1.8340080864093424,8,0.6237215514808306,23.67206469127474,analytical threshold-event sensitivity; not Max-Cut ground truth
12,4096,16,0.00390625,12.058180310517262,0.00075,2.2775772695133836,8,0.6237215514808306,27.22061815610707,analytical threshold-event sensitivity; not Max-Cut ground truth
12,4096,16,0.00390625,12.058180310517262,0.00075,2.8284271247461903,8,0.6237215514808306,31.627416997969522,analytical threshold-event sensitivity; not Max-Cut ground truth
12,4096,16,0.00390625,12.058180310517262,0.00075,3.5125043207466,8,0.6237215514808306,37.1000345659728,analytical threshold-event sensitivity; not Max-Cut ground truth
12,4096,16,0.00390625,12.058180310517262,0.00075,4.362030930661032,8,0.6237215514808306,43.89624744528825,analytical threshold-event sensitivity; not Max-Cut ground truth
12,4096,16,0.00390625,12.058180310517262,0.00075,5.41702218774757,8,0.6237215514808306,52.33617750198056,analytical threshold-event sensitivity; not Max-Cut ground truth
12,4096,16,0.00390625,12.058180310517262,0.00075,6.727171322029715,8,0.6237215514808306,62.81737057623772,analytical threshold-event sensitivity; not Max-Cut ground truth
12,4096,16,0.00390625,12.058180310517262,0.00075,8.35419025941931,8,0.6237215514808306,75.83352207535448,analytical threshold-event sensitivity; not Max-Cut ground truth
12,4096,16,0.00390625,12.058180310517262,0.00075,10.374716437208077,8,0.6237215514808306,91.99773149766462,analytical threshold-event sensitivity; not Max-Cut ground truth
12,4096,16,0.00390625,12.058180310517262,0.00075,12.883922655594034,8,0.6237215514808306,112.07138124475227,analytical threshold-event sensitivity; not Max-Cut ground truth
12,4096,16,0.00390625,12.058180310517262,0.00075,16.0,8,0.6237215514808306,137.0,analytical threshold-event sensitivity; not Max-Cut ground truth
12,4096,16,0.00390625,12.058180310517262,0.001,0.5,8,0.5830098241147691,13.0,analytical threshold-event sensitivity; not Max-Cut ground truth
12,4096,16,0.00390625,12.058180310517262,0.001,0.620928906036742,8,0.5830098241147691,13.967431248293936,analytical threshold-event sensitivity; not Max-Cut ground truth
12,4096,16,0.00390625,12.058180310517262,0.001,0.7711054127039704,8,0.5830098241147691,15.168843301631764,analytical threshold-event sensitivity; not Max-Cut ground truth
12,4096,16,0.00390625,12.058180310517262,0.001,0.9576032806985736,8,0.5830098241147691,16.660826245588588,analytical threshold-event sensitivity; not Max-Cut ground truth
12,4096,16,0.00390625,12.058180310517262,0.001,1.189207115002721,8,0.5830098241147691,18.513656920021766,analytical threshold-event sensitivity; not Max-Cut ground truth
12,4096,16,0.00390625,12.058180310517262,0.001,1.4768261459394993,8,0.5830098241147691,20.814609167515997,analytical threshold-event sensitivity; not Max-Cut ground truth
12,4096,16,0.00390625,12.058180310517262,0.001,1.8340080864093424,8,0.5830098241147691,23.67206469127474,analytical threshold-event sensitivity; not Max-Cut ground truth
12,4096,16,0.00390625,12.058180310517262,0.001,2.2775772695133836,8,0.5830098241147691,27.22061815610707,analytical threshold-event sensitivity; not Max-Cut ground truth
12,4096,16,0.00390625,12.058180310517262,0.001,2.8284271247461903,8,0.5830098241147691,31.627416997969522,analytical threshold-event sensitivity; not Max-Cut ground truth
12,4096,16,0.00390625,12.058180310517262,0.001,3.5125043207466,8,0.5830098241147691,37.1000345659728,analytical threshold-event sensitivity; not Max-Cut ground truth
12,4096,16,0.00390625,12.058180310517262,0.001,4.362030930661032,8,0.5830098241147691,43.89624744528825,analytical threshold-event sensitivity; not Max-Cut ground truth
12,4096,16,0.00390625,12.058180310517262,0.001,5.41702218774757,7,0.5115834252974633,45.91915531423299,analytical threshold-event sensitivity; not Max-Cut ground truth
12,4096,16,0.00390625,12.058180310517262,0.001,6.727171322029715,7,0.5115834252974633,55.090199254208,analytical threshold-event sensitivity; not Max-Cut ground truth
12,4096,16,0.00390625,12.058180310517262,0.001,8.35419025941931,7,0.5115834252974633,66.47933181593517,analytical threshold-event sensitivity; not Max-Cut ground truth
12,4096,16,0.00390625,12.058180310517262,0.001,10.374716437208077,7,0.5115834252974633,80.62301506045654,analytical threshold-event sensitivity; not Max-Cut ground truth
12,4096,16,0.00390625,12.058180310517262,0.001,12.883922655594034,7,0.5115834252974633,98.18745858915824,analytical threshold-event sensitivity; not Max-Cut ground truth
12,4096,16,0.00390625,12.058180310517262,0.001,16.0,7,0.5115834252974633,120.0,analytical threshold-event sensitivity; not Max-Cut ground truth
12,4096,16,0.00390625,12.058180310517262,0.00125,0.5,8,0.5449554439915492,13.0,analytical threshold-event sensitivity; not Max-Cut ground truth
12,4096,16,0.00390625,12.058180310517262,0.00125,0.620928906036742,7,0.48179112591469786,12.346502342257194,analytical threshold-event sensitivity; not Max-Cut ground truth
12,4096,16,0.00390625,12.058180310517262,0.00125,0.7711054127039704,7,0.48179112591469786,13.397737888927793,analytical threshold-event sensitivity; not Max-Cut ground truth
12,4096,16,0.00390625,12.058180310517262,0.00125,0.9576032806985736,7,0.48179112591469786,14.703222964890013,analytical threshold-event sensitivity; not Max-Cut ground truth
12,4096,16,0.00390625,12.058180310517262,0.00125,1.189207115002721,7,0.48179112591469786,16.324449805019047,analytical threshold-event sensitivity; not Max-Cut ground truth
12,4096,16,0.00390625,12.058180310517262,0.00125,1.4768261459394993,7,0.48179112591469786,18.3377830215765,analytical threshold-event sensitivity; not Max-Cut ground truth
12,4096,16,0.00390625,12.058180310517262,0.00125,1.8340080864093424,7,0.48179112591469786,20.8380566048654,analytical threshold-event sensitivity; not Max-Cut ground truth
12,4096,16,0.00390625,12.058180310517262,0.00125,2.2775772695133836,7,0.48179112591469786,23.943040886593685,analytical threshold-event sensitivity; not Max-Cut ground truth
12,4096,16,0.00390625,12.058180310517262,0.00125,2.8284271247461903,7,0.48179112591469786,27.79898987322333,analytical threshold-event sensitivity; not Max-Cut ground truth
12,4096,16,0.00390625,12.058180310517262,0.00125,3.5125043207466,7,0.48179112591469786,32.5875302452262,analytical threshold-event sensitivity; not Max-Cut ground truth
12,4096,16,0.00390625,12.058180310517262,0.00125,4.362030930661032,7,0.48179112591469786,38.53421651462722,analytical threshold-event sensitivity; not Max-Cut ground truth
12,4096,16,0.00390625,12.058180310517262,0.00125,5.41702218774757,7,0.48179112591469786,45.91915531423299,analytical threshold-event sensitivity; not Max-Cut ground truth
12,4096,16,0.00390625,12.058180310517262,0.00125,6.727171322029715,7,0.48179112591469786,55.090199254208,analytical threshold-event sensitivity; not Max-Cut ground truth
12,4096,16,0.00390625,12.058180310517262,0.00125,8.35419025941931,7,0.48179112591469786,66.47933181593517,analytical threshold-event sensitivity; not Max-Cut ground truth
12,4096,16,0.00390625,12.058180310517262,0.00125,10.374716437208077,7,0.48179112591469786,80.62301506045654,analytical threshold-event sensitivity; not Max-Cut ground truth
12,4096,16,0.00390625,12.058180310517262,0.00125,12.883922655594034,7,0.48179112591469786,98.18745858915824,analytical threshold-event sensitivity; not Max-Cut ground truth
12,4096,16,0.00390625,12.058180310517262,0.00125,16.0,7,0.48179112591469786,120.0,analytical threshold-event sensitivity; not Max-Cut ground truth
12,4096,16,0.00390625,12.058180310517262,0.0015,0.5,7,0.45373379498208544,11.5,analytical threshold-event sensitivity; not Max-Cut ground truth
12,4096,16,0.00390625,12.058180310517262,0.0015,0.620928906036742,7,0.45373379498208544,12.346502342257194,analytical threshold-event sensitivity; not Max-Cut ground truth
12,4096,16,0.00390625,12.058180310517262,0.0015,0.7711054127039704,7,0.45373379498208544,13.397737888927793,analytical threshold-event sensitivity; not Max-Cut ground truth
12,4096,16,0.00390625,12.058180310517262,0.0015,0.9576032806985736,7,0.45373379498208544,14.703222964890013,analytical threshold-event sensitivity; not Max-Cut ground truth
12,4096,16,0.00390625,12.058180310517262,0.0015,1.189207115002721,7,0.45373379498208544,16.324449805019047,analytical threshold-event sensitivity; not Max-Cut ground truth
12,4096,16,0.00390625,12.058180310517262,0.0015,1.4768261459394993,7,0.45373379498208544,18.3377830215765,analytical threshold-event sensitivity; not Max-Cut ground truth
12,4096,16,0.00390625,12.058180310517262,0.0015,1.8340080864093424,7,0.45373379498208544,20.8380566048654,analytical threshold-event sensitivity; not Max-Cut ground truth
12,4096,16,0.00390625,12.058180310517262,0.0015,2.2775772695133836,7,0.45373379498208544,23.943040886593685,analytical threshold-event sensitivity; not Max-Cut ground truth
12,4096,16,0.00390625,12.058180310517262,0.0015,2.8284271247461903,7,0.45373379498208544,27.79898987322333,analytical threshold-event sensitivity; not Max-Cut ground truth
12,4096,16,0.00390625,12.058180310517262,0.0015,3.5125043207466,7,0.45373379498208544,32.5875302452262,analytical threshold-event sensitivity; not Max-Cut ground truth
12,4096,16,0.00390625,12.058180310517262,0.0015,4.362030930661032,7,0.45373379498208544,38.53421651462722,analytical threshold-event sensitivity; not Max-Cut ground truth
12,4096,16,0.00390625,12.058180310517262,0.0015,5.41702218774757,7,0.45373379498208544,45.91915531423299,analytical threshold-event sensitivity; not Max-Cut ground truth
12,4096,16,0.00390625,12.058180310517262,0.0015,6.727171322029715,7,0.45373379498208544,55.090199254208,analytical threshold-event sensitivity; not Max-Cut ground truth
12,4096,16,0.00390625,12.058180310517262,0.0015,8.35419025941931,7,0.45373379498208544,66.47933181593517,analytical threshold-event sensitivity; not Max-Cut ground truth
12,4096,16,0.00390625,12.058180310517262,0.0015,10.374716437208077,7,0.45373379498208544,80.62301506045654,analytical threshold-event sensitivity; not Max-Cut ground truth
12,4096,16,0.00390625,12.058180310517262,0.0015,12.883922655594034,7,0.45373379498208544,98.18745858915824,analytical threshold-event sensitivity; not Max-Cut ground truth
12,4096,16,0.00390625,12.058180310517262,0.0015,16.0,7,0.45373379498208544,120.0,analytical threshold-event sensitivity; not Max-Cut ground truth
12,4096,16,0.00390625,12.058180310517262,0.00175,0.5,7,0.4273103958027148,11.5,analytical threshold-event sensitivity; not Max-Cut ground truth
12,4096,16,0.00390625,12.058180310517262,0.00175,0.620928906036742,7,0.4273103958027148,12.346502342257194,analytical threshold-event sensitivity; not Max-Cut ground truth
12,4096,16,0.00390625,12.058180310517262,0.00175,0.7711054127039704,7,0.4273103958027148,13.397737888927793,analytical threshold-event sensitivity; not Max-Cut ground truth
12,4096,16,0.00390625,12.058180310517262,0.00175,0.9576032806985736,7,0.4273103958027148,14.703222964890013,analytical threshold-event sensitivity; not Max-Cut ground truth
12,4096,16,0.00390625,12.058180310517262,0.00175,1.189207115002721,7,0.4273103958027148,16.324449805019047,analytical threshold-event sensitivity; not Max-Cut ground truth
12,4096,16,0.00390625,12.058180310517262,0.00175,1.4768261459394993,7,0.4273103958027148,18.3377830215765,analytical threshold-event sensitivity; not Max-Cut ground truth
12,4096,16,0.00390625,12.058180310517262,0.00175,1.8340080864093424,7,0.4273103958027148,20.8380566048654,analytical threshold-event sensitivity; not Max-Cut ground truth
12,4096,16,0.00390625,12.058180310517262,0.00175,2.2775772695133836,7,0.4273103958027148,23.943040886593685,analytical threshold-event sensitivity; not Max-Cut ground truth
12,4096,16,0.00390625,12.058180310517262,0.00175,2.8284271247461903,7,0.4273103958027148,27.79898987322333,analytical threshold-event sensitivity; not Max-Cut ground truth
12,4096,16,0.00390625,12.058180310517262,0.00175,3.5125043207466,7,0.4273103958027148,32.5875302452262,analytical threshold-event sensitivity; not Max-Cut ground truth
12,4096,16,0.00390625,12.058180310517262,0.00175,4.362030930661032,7,0.4273103958027148,38.53421651462722,analytical threshold-event sensitivity; not Max-Cut ground truth
12,4096,16,0.00390625,12.058180310517262,0.00175,5.41702218774757,7,0.4273103958027148,45.91915531423299,analytical threshold-event sensitivity; not Max-Cut ground truth
12,4096,16,0.00390625,12.058180310517262,0.00175,6.727171322029715,7,0.4273103958027148,55.090199254208,analytical threshold-event sensitivity; not Max-Cut ground truth
12,4096,16,0.00390625,12.058180310517262,0.00175,8.35419025941931,7,0.4273103958027148,66.47933181593517,analytical threshold-event sensitivity; not Max-Cut ground truth
12,4096,16,0.00390625,12.058180310517262,0.00175,10.374716437208077,7,0.4273103958027148,80.62301506045654,analytical threshold-event sensitivity; not Max-Cut ground truth
12,4096,16,0.00390625,12.058180310517262,0.00175,12.883922655594034,7,0.4273103958027148,98.18745858915824,analytical threshold-event sensitivity; not Max-Cut ground truth
12,4096,16,0.00390625,12.058180310517262,0.00175,16.0,0,0.0037064621916242228,1.0,analytical threshold-event sensitivity; not Max-Cut ground truth
12,4096,16,0.00390625,12.058180310517262,0.002,0.5,7,0.40242577559884446,11.5,analytical threshold-event sensitivity; not Max-Cut ground truth
12,4096,16,0.00390625,12.058180310517262,0.002,0.620928906036742,7,0.40242577559884446,12.346502342257194,analytical threshold-event sensitivity; not Max-Cut ground truth
12,4096,16,0.00390625,12.058180310517262,0.002,0.7711054127039704,7,0.40242577559884446,13.397737888927793,analytical threshold-event sensitivity; not Max-Cut ground truth
12,4096,16,0.00390625,12.058180310517262,0.002,0.9576032806985736,7,0.40242577559884446,14.703222964890013,analytical threshold-event sensitivity; not Max-Cut ground truth
12,4096,16,0.00390625,12.058180310517262,0.002,1.189207115002721,7,0.40242577559884446,16.324449805019047,analytical threshold-event sensitivity; not Max-Cut ground truth
12,4096,16,0.00390625,12.058180310517262,0.002,1.4768261459394993,7,0.40242577559884446,18.3377830215765,analytical threshold-event sensitivity; not Max-Cut ground truth
12,4096,16,0.00390625,12.058180310517262,0.002,1.8340080864093424,7,0.40242577559884446,20.8380566048654,analytical threshold-event sensitivity; not Max-Cut ground truth
12,4096,16,0.00390625,12.058180310517262,0.002,2.2775772695133836,7,0.40242577559884446,23.943040886593685,analytical threshold-event sensitivity; not Max-Cut ground truth
12,4096,16,0.00390625,12.058180310517262,0.002,2.8284271247461903,7,0.40242577559884446,27.79898987322333,analytical threshold-event sensitivity; not Max-Cut ground truth
12,4096,16,0.00390625,12.058180310517262,0.002,3.5125043207466,7,0.40242577559884446,32.5875302452262,analytical threshold-event sensitivity; not Max-Cut ground truth
12,4096,16,0.00390625,12.058180310517262,0.002,4.362030930661032,6,0.34666951695370707,33.17218558396619,analytical threshold-event sensitivity; not Max-Cut ground truth
12,4096,16,0.00390625,12.058180310517262,0.002,5.41702218774757,6,0.34666951695370707,39.50213312648542,analytical threshold-event sensitivity; not Max-Cut ground truth
12,4096,16,0.00390625,12.058180310517262,0.002,6.727171322029715,6,0.34666951695370707,47.36302793217829,analytical threshold-event sensitivity; not Max-Cut ground truth
12,4096,16,0.00390625,12.058180310517262,0.002,8.35419025941931,6,0.34666951695370707,57.12514155651586,analytical threshold-event sensitivity; not Max-Cut ground truth
12,4096,16,0.00390625,12.058180310517262,0.002,10.374716437208077,6,0.34666951695370707,69.24829862324846,analytical threshold-event sensitivity; not Max-Cut ground truth
12,4096,16,0.00390625,12.058180310517262,0.002,12.883922655594034,6,0.34666951695370707,84.3035359335642,analytical threshold-event sensitivity; not Max-Cut ground truth
12,4096,16,0.00390625,12.058180310517262,0.002,16.0,0,0.0036787677093134707,1.0,analytical threshold-event sensitivity; not Max-Cut ground truth
12,4096,16,0.00390625,12.058180310517262,0.0022500000000000003,0.5,7,0.37899032285912526,11.5,analytical threshold-event sensitivity; not Max-Cut ground truth
12,4096,16,0.00390625,12.058180310517262,0.0022500000000000003,0.620928906036742,7,0.37899032285912526,12.346502342257194,analytical threshold-event sensitivity; not Max-Cut ground truth
12,4096,16,0.00390625,12.058180310517262,0.0022500000000000003,0.7711054127039704,6,0.32893886913985226,11.626632476223822,analytical threshold-event sensitivity; not Max-Cut ground truth
12,4096,16,0.00390625,12.058180310517262,0.0022500000000000003,0.9576032806985736,6,0.32893886913985226,12.74561968419144,analytical threshold-event sensitivity; not Max-Cut ground truth
12,4096,16,0.00390625,12.058180310517262,0.0022500000000000003,1.189207115002721,6,0.32893886913985226,14.135242690016325,analytical threshold-event sensitivity; not Max-Cut ground truth
12,4096,16,0.00390625,12.058180310517262,0.0022500000000000003,1.4768261459394993,6,0.32893886913985226,15.860956875636997,analytical threshold-event sensitivity; not Max-Cut ground truth
12,4096,16,0.00390625,12.058180310517262,0.0022500000000000003,1.8340080864093424,6,0.32893886913985226,18.004048518456056,analytical threshold-event sensitivity; not Max-Cut ground truth
12,4096,16,0.00390625,12.058180310517262,0.0022500000000000003,2.2775772695133836,6,0.32893886913985226,20.665463617080302,analytical threshold-event sensitivity; not Max-Cut ground truth
12,4096,16,0.00390625,12.058180310517262,0.0022500000000000003,2.8284271247461903,6,0.32893886913985226,23.970562748477143,analytical threshold-event sensitivity; not Max-Cut ground truth
12,4096,16,0.00390625,12.058180310517262,0.0022500000000000003,3.5125043207466,6,0.32893886913985226,28.075025924479597,analytical threshold-event sensitivity; not Max-Cut ground truth
12,4096,16,0.00390625,12.058180310517262,0.0022500000000000003,4.362030930661032,6,0.32893886913985226,33.17218558396619,analytical threshold-event sensitivity; not Max-Cut ground truth
12,4096,16,0.00390625,12.058180310517262,0.0022500000000000003,5.41702218774757,6,0.32893886913985226,39.50213312648542,analytical threshold-event sensitivity; not Max-Cut ground truth
12,4096,16,0.00390625,12.058180310517262,0.0022500000000000003,6.727171322029715,6,0.32893886913985226,47.36302793217829,analytical threshold-event sensitivity; not Max-Cut ground truth
12,4096,16,0.00390625,12.058180310517262,0.0022500000000000003,8.35419025941931,6,0.32893886913985226,57.12514155651586,analytical threshold-event sensitivity; not Max-Cut ground truth
12,4096,16,0.00390625,12.058180310517262,0.0022500000000000003,10.374716437208077,6,0.32893886913985226,69.24829862324846,analytical threshold-event sensitivity; not Max-Cut ground truth
12,4096,16,0.00390625,12.058180310517262,0.0022500000000000003,12.883922655594034,6,0.32893886913985226,84.3035359335642,analytical threshold-event sensitivity; not Max-Cut ground truth
12,4096,16,0.00390625,12.058180310517262,0.0022500000000000003,16.0,0,0.0036512801586563565,1.0,analytical threshold-event sensitivity; not Max-Cut ground truth
12,4096,16,0.00390625,12.058180310517262,0.0025,0.5,6,0.31211506734655764,10.0,analytical threshold-event sensitivity; not Max-Cut ground truth
12,4096,16,0.00390625,12.058180310517262,0.0025,0.620928906036742,6,0.31211506734655764,10.725573436220452,analytical threshold-event sensitivity; not Max-Cut ground truth
12,4096,16,0.00390625,12.058180310517262,0.0025,0.7711054127039704,6,0.31211506734655764,11.626632476223822,analytical threshold-event sensitivity; not Max-Cut ground truth
12,4096,16,0.00390625,12.058180310517262,0.0025,0.9576032806985736,6,0.31211506734655764,12.74561968419144,analytical threshold-event sensitivity; not Max-Cut ground truth
12,4096,16,0.00390625,12.058180310517262,0.0025,1.189207115002721,6,0.31211506734655764,14.135242690016325,analytical threshold-event sensitivity; not Max-Cut ground truth
12,4096,16,0.00390625,12.058180310517262,0.0025,1.4768261459394993,6,0.31211506734655764,15.860956875636997,analytical threshold-event sensitivity; not Max-Cut ground truth
12,4096,16,0.00390625,12.058180310517262,0.0025,1.8340080864093424,6,0.31211506734655764,18.004048518456056,analytical threshold-event sensitivity; not Max-Cut ground truth
12,4096,16,0.00390625,12.058180310517262,0.0025,2.2775772695133836,6,0.31211506734655764,20.665463617080302,analytical threshold-event sensitivity; not Max-Cut ground truth
12,4096,16,0.00390625,12.058180310517262,0.0025,2.8284271247461903,6,0.31211506734655764,23.970562748477143,analytical threshold-event sensitivity; not Max-Cut ground truth
12,4096,16,0.00390625,12.058180310517262,0.0025,3.5125043207466,6,0.31211506734655764,28.075025924479597,analytical threshold-event sensitivity; not Max-Cut ground truth
12,4096,16,0.00390625,12.058180310517262,0.0025,4.362030930661032,6,0.31211506734655764,33.17218558396619,analytical threshold-event sensitivity; not Max-Cut ground truth
12,4096,16,0.00390625,12.058180310517262,0.0025,5.41702218774757,6,0.31211506734655764,39.50213312648542,analytical threshold-event sensitivity; not Max-Cut ground truth
12,4096,16,0.00390625,12.058180310517262,0.0025,6.727171322029715,6,0.31211506734655764,47.36302793217829,analytical threshold-event sensitivity; not Max-Cut ground truth
12,4096,16,0.00390625,12.058180310517262,0.0025,8.35419025941931,6,0.31211506734655764,57.12514155651586,analytical threshold-event sensitivity; not Max-Cut ground truth
12,4096,16,0.00390625,12.058180310517262,0.0025,10.374716437208077,6,0.31211506734655764,69.24829862324846,analytical threshold-event sensitivity; not Max-Cut ground truth
12,4096,16,0.00390625,12.058180310517262,0.0025,12.883922655594034,6,0.31211506734655764,84.3035359335642,analytical threshold-event sensitivity; not Max-Cut ground truth
12,4096,16,0.00390625,12.058180310517262,0.0025,16.0,0,0.0036239979934709087,1.0,analytical threshold-event sensitivity; not Max-Cut ground truth
12,4096,16,0.00390625,12.058180310517262,0.00275,0.5,6,0.29615173031840364,10.0,analytical threshold-event sensitivity; not Max-Cut ground truth
12,4096,16,0.00390625,12.058180310517262,0.00275,0.620928906036742,6,0.29615173031840364,10.725573436220452,analytical threshold-event sensitivity; not Max-Cut ground truth
12,4096,16,0.00390625,12.058180310517262,0.00275,0.7711054127039704,6,0.29615173031840364,11.626632476223822,analytical threshold-event sensitivity; not Max-Cut ground truth
12,4096,16,0.00390625,12.058180310517262,0.00275,0.9576032806985736,6,0.29615173031840364,12.74561968419144,analytical threshold-event sensitivity; not Max-Cut ground truth
12,4096,16,0.00390625,12.058180310517262,0.00275,1.189207115002721,6,0.29615173031840364,14.135242690016325,analytical threshold-event sensitivity; not Max-Cut ground truth
12,4096,16,0.00390625,12.058180310517262,0.00275,1.4768261459394993,6,0.29615173031840364,15.860956875636997,analytical threshold-event sensitivity; not Max-Cut ground truth
12,4096,16,0.00390625,12.058180310517262,0.00275,1.8340080864093424,6,0.29615173031840364,18.004048518456056,analytical threshold-event sensitivity; not Max-Cut ground truth
12,4096,16,0.00390625,12.058180310517262,0.00275,2.2775772695133836,6,0.29615173031840364,20.665463617080302,analytical threshold-event sensitivity; not Max-Cut ground truth
12,4096,16,0.00390625,12.058180310517262,0.00275,2.8284271247461903,6,0.29615173031840364,23.970562748477143,analytical threshold-event sensitivity; not Max-Cut ground truth
12,4096,16,0.00390625,12.058180310517262,0.00275,3.5125043207466,6,0.29615173031840364,28.075025924479597,analytical threshold-event sensitivity; not Max-Cut ground truth
12,4096,16,0.00390625,12.058180310517262,0.00275,4.362030930661032,6,0.29615173031840364,33.17218558396619,analytical threshold-event sensitivity; not Max-Cut ground truth
12,4096,16,0.00390625,12.058180310517262,0.00275,5.41702218774757,6,0.29615173031840364,39.50213312648542,analytical threshold-event sensitivity; not Max-Cut ground truth
12,4096,16,0.00390625,12.058180310517262,0.00275,6.727171322029715,6,0.29615173031840364,47.36302793217829,analytical threshold-event sensitivity; not Max-Cut ground truth
12,4096,16,0.00390625,12.058180310517262,0.00275,8.35419025941931,6,0.29615173031840364,57.12514155651586,analytical threshold-event sensitivity; not Max-Cut ground truth
12,4096,16,0.00390625,12.058180310517262,0.00275,10.374716437208077,6,0.29615173031840364,69.24829862324846,analytical threshold-event sensitivity; not Max-Cut ground truth
12,4096,16,0.00390625,12.058180310517262,0.00275,12.883922655594034,0,0.003596919679128142,1.0,analytical threshold-event sensitivity; not Max-Cut ground truth
12,4096,16,0.00390625,12.058180310517262,0.00275,16.0,0,0.003596919679128142,1.0,analytical threshold-event sensitivity; not Max-Cut ground truth
12,4096,16,0.00390625,12.058180310517262,0.003,0.5,6,0.2810048490007696,10.0,analytical threshold-event sensitivity; not Max-Cut ground truth
12,4096,16,0.00390625,12.058180310517262,0.003,0.620928906036742,6,0.2810048490007696,10.725573436220452,analytical threshold-event sensitivity; not Max-Cut ground truth
12,4096,16,0.00390625,12.058180310517262,0.003,0.7711054127039704,6,0.2810048490007696,11.626632476223822,analytical threshold-event sensitivity; not Max-Cut ground truth
12,4096,16,0.00390625,12.058180310517262,0.003,0.9576032806985736,6,0.2810048490007696,12.74561968419144,analytical threshold-event sensitivity; not Max-Cut ground truth
12,4096,16,0.00390625,12.058180310517262,0.003,1.189207115002721,6,0.2810048490007696,14.135242690016325,analytical threshold-event sensitivity; not Max-Cut ground truth
12,4096,16,0.00390625,12.058180310517262,0.003,1.4768261459394993,6,0.2810048490007696,15.860956875636997,analytical threshold-event sensitivity; not Max-Cut ground truth
12,4096,16,0.00390625,12.058180310517262,0.003,1.8340080864093424,6,0.2810048490007696,18.004048518456056,analytical threshold-event sensitivity; not Max-Cut ground truth
12,4096,16,0.00390625,12.058180310517262,0.003,2.2775772695133836,6,0.2810048490007696,20.665463617080302,analytical threshold-event sensitivity; not Max-Cut ground truth
12,4096,16,0.00390625,12.058180310517262,0.003,2.8284271247461903,6,0.2810048490007696,23.970562748477143,analytical threshold-event sensitivity; not Max-Cut ground truth
12,4096,16,0.00390625,12.058180310517262,0.003,3.5125043207466,6,0.2810048490007696,28.075025924479597,analytical threshold-event sensitivity; not Max-Cut ground truth
12,4096,16,0.00390625,12.058180310517262,0.003,4.362030930661032,6,0.2810048490007696,33.17218558396619,analytical threshold-event sensitivity; not Max-Cut ground truth
12,4096,16,0.00390625,12.058180310517262,0.003,5.41702218774757,6,0.2810048490007696,39.50213312648542,analytical threshold-event sensitivity; not Max-Cut ground truth
12,4096,16,0.00390625,12.058180310517262,0.003,6.727171322029715,6,0.2810048490007696,47.36302793217829,analytical threshold-event sensitivity; not Max-Cut ground truth
12,4096,16,0.00390625,12.058180310517262,0.003,8.35419025941931,6,0.2810048490007696,57.12514155651586,analytical threshold-event sensitivity; not Max-Cut ground truth
12,4096,16,0.00390625,12.058180310517262,0.003,10.374716437208077,5,0.23494428054957608,57.87358218604039,analytical threshold-event sensitivity; not Max-Cut ground truth
12,4096,16,0.00390625,12.058180310517262,0.003,12.883922655594034,0,0.0035700436924657342,1.0,analytical threshold-event sensitivity; not Max-Cut ground truth
12,4096,16,0.00390625,12.058180310517262,0.003,16.0,0,0.0035700436924657342,1.0,analytical threshold-event sensitivity; not Max-Cut ground truth
16,65536,1,1.52587890625e-05,200.5614185006068,0.0,0.5,149,0.8463215581995878,224.5,analytical threshold-event sensitivity; not Max-Cut ground truth
16,65536,1,1.52587890625e-05,200.5614185006068,0.0,0.620928906036742,149,0.8463215581995878,242.51840699947456,analytical threshold-event sensitivity; not Max-Cut ground truth
16,65536,1,1.52587890625e-05,200.5614185006068,0.0,0.7711054127039704,149,0.8463215581995878,264.8947064928916,analytical threshold-event sensitivity; not Max-Cut ground truth
16,65536,1,1.52587890625e-05,200.5614185006068,0.0,0.9576032806985736,149,0.8463215581995878,292.68288882408746,analytical threshold-event sensitivity; not Max-Cut ground truth
16,65536,1,1.52587890625e-05,200.5614185006068,0.0,1.189207115002721,149,0.8463215581995878,327.1918601354054,analytical threshold-event sensitivity; not Max-Cut ground truth
16,65536,1,1.52587890625e-05,200.5614185006068,0.0,1.4768261459394993,149,0.8463215581995878,370.0470957449854,analytical threshold-event sensitivity; not Max-Cut ground truth
16,65536,1,1.52587890625e-05,200.5614185006068,0.0,1.8340080864093424,149,0.8463215581995878,423.26720487499205,analytical threshold-event sensitivity; not Max-Cut ground truth
16,65536,1,1.52587890625e-05,200.5614185006068,0.0,2.2775772695133836,149,0.8463215581995878,489.35901315749413,analytical threshold-event sensitivity; not Max-Cut ground truth
16,65536,1,1.52587890625e-05,200.5614185006068,0.0,2.8284271247461903,149,0.8463215581995878,571.4356415871823,analytical threshold-event sensitivity; not Max-Cut ground truth
16,65536,1,1.52587890625e-05,200.5614185006068,0.0,3.5125043207466,149,0.8463215581995878,673.3631437912434,analytical threshold-event sensitivity; not Max-Cut ground truth
16,65536,1,1.52587890625e-05,200.5614185006068,0.0,4.362030930661032,149,0.8463215581995878,799.9426086684937,analytical threshold-event sensitivity; not Max-Cut ground truth
16,65536,1,1.52587890625e-05,200.5614185006068,0.0,5.41702218774757,149,0.8463215581995878,957.1363059743879,analytical threshold-event sensitivity; not Max-Cut ground truth
16,65536,1,1.52587890625e-05,200.5614185006068,0.0,6.727171322029715,149,0.8463215581995878,1152.3485269824275,analytical threshold-event sensitivity; not Max-Cut ground truth
16,65536,1,1.52587890625e-05,200.5614185006068,0.0,8.35419025941931,149,0.8463215581995878,1394.774348653477,analytical threshold-event sensitivity; not Max-Cut ground truth
16,65536,1,1.52587890625e-05,200.5614185006068,0.0,10.374716437208077,149,0.8463215581995878,1695.8327491440034,analytical threshold-event sensitivity; not Max-Cut ground truth
16,65536,1,1.52587890625e-05,200.5614185006068,0.0,12.883922655594034,148,0.8406444945659154,2055.820553027917,analytical threshold-event sensitivity; not Max-Cut ground truth
16,65536,1,1.52587890625e-05,200.5614185006068,0.0,16.0,148,0.8406444945659154,2517.0,analytical threshold-event sensitivity; not Max-Cut ground truth
16,65536,1,1.52587890625e-05,200.5614185006068,0.00025,0.5,89,0.21091723353920896,134.5,analytical threshold-event sensitivity; not Max-Cut ground truth
16,65536,1,1.52587890625e-05,200.5614185006068,0.00025,0.620928906036742,89,0.21091723353920896,145.26267263727004,analytical threshold-event sensitivity; not Max-Cut ground truth
16,65536,1,1.52587890625e-05,200.5614185006068,0.00025,0.7711054127039704,89,0.21091723353920896,158.62838173065336,analytical threshold-event sensitivity; not Max-Cut ground truth
16,65536,1,1.52587890625e-05,200.5614185006068,0.00025,0.9576032806985736,88,0.20856223026592202,173.26908870147446,analytical threshold-event sensitivity; not Max-Cut ground truth
16,65536,1,1.52587890625e-05,200.5614185006068,0.00025,1.189207115002721,88,0.20856223026592202,193.65022612023944,analytical threshold-event sensitivity; not Max-Cut ground truth
16,65536,1,1.52587890625e-05,200.5614185006068,0.00025,1.4768261459394993,88,0.20856223026592202,218.96070084267598,analytical threshold-event sensitivity; not Max-Cut ground truth
16,65536,1,1.52587890625e-05,200.5614185006068,0.00025,1.8340080864093424,88,0.20856223026592202,250.39271160402217,analytical threshold-event sensitivity; not Max-Cut ground truth
16,65536,1,1.52587890625e-05,200.5614185006068,0.00025,2.2775772695133836,88,0.20856223026592202,289.42679971717774,analytical threshold-event sensitivity; not Max-Cut ground truth
16,65536,1,1.52587890625e-05,200.5614185006068,0.00025,2.8284271247461903,88,0.20856223026592202,337.90158697766475,analytical threshold-event sensitivity; not Max-Cut ground truth
16,65536,1,1.52587890625e-05,200.5614185006068,0.00025,3.5125043207466,88,0.20856223026592202,398.1003802257008,analytical threshold-event sensitivity; not Max-Cut ground truth
16,65536,1,1.52587890625e-05,200.5614185006068,0.00025,4.362030930661032,88,0.20856223026592202,472.85872189817076,analytical threshold-event sensitivity; not Max-Cut ground truth
16,65536,1,1.52587890625e-05,200.5614185006068,0.00025,5.41702218774757,88,0.20856223026592202,565.6979525217862,analytical threshold-event sensitivity; not Max-Cut ground truth
16,65536,1,1.52587890625e-05,200.5614185006068,0.00025,6.727171322029715,88,0.20856223026592202,680.9910763386149,analytical threshold-event sensitivity; not Max-Cut ground truth
16,65536,1,1.52587890625e-05,200.5614185006068,0.00025,8.35419025941931,88,0.20856223026592202,824.1687428288993,analytical threshold-event sensitivity; not Max-Cut ground truth
16,65536,1,1.52587890625e-05,200.5614185006068,0.00025,10.374716437208077,88,0.20856223026592202,1001.9750464743108,analytical threshold-event sensitivity; not Max-Cut ground truth
16,65536,1,1.52587890625e-05,200.5614185006068,0.00025,12.883922655594034,88,0.20856223026592202,1222.785193692275,analytical threshold-event sensitivity; not Max-Cut ground truth
16,65536,1,1.52587890625e-05,200.5614185006068,0.00025,16.0,88,0.20856223026592202,1497.0,analytical threshold-event sensitivity; not Max-Cut ground truth
16,65536,1,1.52587890625e-05,200.5614185006068,0.0005,0.5,57,0.07900769099694924,86.5,analytical threshold-event sensitivity; not Max-Cut ground truth
16,65536,1,1.52587890625e-05,200.5614185006068,0.0005,0.620928906036742,57,0.07900769099694924,93.39294764409429,analytical threshold-event sensitivity; not Max-Cut ground truth
16,65536,1,1.52587890625e-05,200.5614185006068,0.0005,0.7711054127039704,57,0.07900769099694924,101.95300852412632,analytical threshold-event sensitivity; not Max-Cut ground truth
16,65536,1,1.52587890625e-05,200.5614185006068,0.0005,0.9576032806985736,57,0.07900769099694924,112.58338699981869,analytical threshold-event sensitivity; not Max-Cut ground truth
16,65536,1,1.52587890625e-05,200.5614185006068,0.0005,1.189207115002721,57,0.07900769099694924,125.78480555515509,analytical threshold-event sensitivity; not Max-Cut ground truth
16,65536,1,1.52587890625e-05,200.5614185006068,0.0005,1.4768261459394993,57,0.07900769099694924,142.1790903185515,analytical threshold-event sensitivity; not Max-Cut ground truth
16,65536,1,1.52587890625e-05,200.5614185006068,0.0005,1.8340080864093424,57,0.07900769099694924,162.53846092533254,analytical threshold-event sensitivity; not Max-Cut ground truth
16,65536,1,1.52587890625e-05,200.5614185006068,0.0005,2.2775772695133836,57,0.07900769099694924,187.82190436226287,analytical threshold-event sensitivity; not Max-Cut ground truth
16,65536,1,1.52587890625e-05,200.5614185006068,0.0005,2.8284271247461903,57,0.07900769099694924,219.22034611053286,analytical threshold-event sensitivity; not Max-Cut ground truth
16,65536,1,1.52587890625e-05,200.5614185006068,0.0005,3.5125043207466,57,0.07900769099694924,258.21274628255617,analytical threshold-event sensitivity; not Max-Cut ground truth
16,65536,1,1.52587890625e-05,200.5614185006068,0.0005,4.362030930661032,57,0.07900769099694924,306.6357630476788,analytical threshold-event sensitivity; not Max-Cut ground truth
16,65536,1,1.52587890625e-05,200.5614185006068,0.0005,5.41702218774757,57,0.07900769099694924,366.7702647016115,analytical threshold-event sensitivity; not Max-Cut ground truth
16,65536,1,1.52587890625e-05,200.5614185006068,0.0005,6.727171322029715,57,0.07900769099694924,441.44876535569375,analytical threshold-event sensitivity; not Max-Cut ground truth
16,65536,1,1.52587890625e-05,200.5614185006068,0.0005,8.35419025941931,57,0.07900769099694924,534.1888447869006,analytical threshold-event sensitivity; not Max-Cut ground truth
16,65536,1,1.52587890625e-05,200.5614185006068,0.0005,10.374716437208077,57,0.07900769099694924,649.3588369208604,analytical threshold-event sensitivity; not Max-Cut ground truth
16,65536,1,1.52587890625e-05,200.5614185006068,0.0005,12.883922655594034,57,0.07900769099694924,792.3835913688599,analytical threshold-event sensitivity; not Max-Cut ground truth
16,65536,1,1.52587890625e-05,200.5614185006068,0.0005,16.0,57,0.07900769099694924,970.0,analytical threshold-event sensitivity; not Max-Cut ground truth
16,65536,1,1.52587890625e-05,200.5614185006068,0.00075,0.5,41,0.03944564489072578,62.5,analytical threshold-event sensitivity; not Max-Cut ground truth
16,65536,1,1.52587890625e-05,200.5614185006068,0.00075,0.620928906036742,41,0.03944564489072578,67.45808514750642,analytical threshold-event sensitivity; not Max-Cut ground truth
16,65536,1,1.52587890625e-05,200.5614185006068,0.00075,0.7711054127039704,41,0.03944564489072578,73.61532192086278,analytical threshold-event sensitivity; not Max-Cut ground truth
16,65536,1,1.52587890625e-05,200.5614185006068,0.00075,0.9576032806985736,41,0.03944564489072578,81.26173450864151,analytical threshold-event sensitivity; not Max-Cut ground truth
16,65536,1,1.52587890625e-05,200.5614185006068,0.00075,1.189207115002721,41,0.03944564489072578,90.75749171511156,analytical threshold-event sensitivity; not Max-Cut ground truth
16,65536,1,1.52587890625e-05,200.5614185006068,0.00075,1.4768261459394993,41,0.03944564489072578,102.54987198351948,analytical threshold-event sensitivity; not Max-Cut ground truth
16,65536,1,1.52587890625e-05,200.5614185006068,0.00075,1.8340080864093424,41,0.03944564489072578,117.19433154278305,analytical threshold-event sensitivity; not Max-Cut ground truth
16,65536,1,1.52587890625e-05,200.5614185006068,0.00075,2.2775772695133836,41,0.03944564489072578,135.38066805004874,analytical threshold-event sensitivity; not Max-Cut ground truth
16,65536,1,1.52587890625e-05,200.5614185006068,0.00075,2.8284271247461903,41,0.03944564489072578,157.9655121145938,analytical threshold-event sensitivity; not Max-Cut ground truth
16,65536,1,1.52587890625e-05,200.5614185006068,0.00075,3.5125043207466,41,0.03944564489072578,186.01267715061059,analytical threshold-event sensitivity; not Max-Cut ground truth
16,65536,1,1.52587890625e-05,200.5614185006068,0.00075,4.362030930661032,41,0.03944564489072578,220.8432681571023,analytical threshold-event sensitivity; not Max-Cut ground truth
16,65536,1,1.52587890625e-05,200.5614185006068,0.00075,5.41702218774757,41,0.03944564489072578,264.0979096976504,analytical threshold-event sensitivity; not Max-Cut ground truth
16,65536,1,1.52587890625e-05,200.5614185006068,0.00075,6.727171322029715,40,0.038487001761645885,310.08685288118863,analytical threshold-event sensitivity; not Max-Cut ground truth
16,65536,1,1.52587890625e-05,200.5614185006068,0.00075,8.35419025941931,40,0.038487001761645885,375.1676103767724,analytical threshold-event sensitivity; not Max-Cut ground truth
16,65536,1,1.52587890625e-05,200.5614185006068,0.00075,10.374716437208077,40,0.038487001761645885,455.9886574883231,analytical threshold-event sensitivity; not Max-Cut ground truth
16,65536,1,1.52587890625e-05,200.5614185006068,0.00075,12.883922655594034,40,0.038487001761645885,556.3569062237614,analytical threshold-event sensitivity; not Max-Cut ground truth
16,65536,1,1.52587890625e-05,200.5614185006068,0.00075,16.0,40,0.038487001761645885,681.0,analytical threshold-event sensitivity; not Max-Cut ground truth
16,65536,1,1.52587890625e-05,200.5614185006068,0.001,0.5,32,0.023444691064671685,49.0,analytical threshold-event sensitivity; not Max-Cut ground truth
16,65536,1,1.52587890625e-05,200.5614185006068,0.001,0.620928906036742,32,0.023444691064671685,52.869724993175744,analytical threshold-event sensitivity; not Max-Cut ground truth
16,65536,1,1.52587890625e-05,200.5614185006068,0.001,0.7711054127039704,32,0.023444691064671685,57.675373206527055,analytical threshold-event sensitivity; not Max-Cut ground truth
16,65536,1,1.52587890625e-05,200.5614185006068,0.001,0.9576032806985736,31,0.02272456590133428,61.68570170165578,analytical threshold-event sensitivity; not Max-Cut ground truth
16,65536,1,1.52587890625e-05,200.5614185006068,0.001,1.189207115002721,31,0.02272456590133428,68.86542056508435,analytical threshold-event sensitivity; not Max-Cut ground truth
16,65536,1,1.52587890625e-05,200.5614185006068,0.001,1.4768261459394993,31,0.02272456590133428,77.78161052412449,analytical threshold-event sensitivity; not Max-Cut ground truth
16,65536,1,1.52587890625e-05,200.5614185006068,0.001,1.8340080864093424,31,0.02272456590133428,88.85425067868962,analytical threshold-event sensitivity; not Max-Cut ground truth
16,65536,1,1.52587890625e-05,200.5614185006068,0.001,2.2775772695133836,31,0.02272456590133428,102.60489535491489,analytical threshold-event sensitivity; not Max-Cut ground truth
16,65536,1,1.52587890625e-05,200.5614185006068,0.001,2.8284271247461903,31,0.02272456590133428,119.6812408671319,analytical threshold-event sensitivity; not Max-Cut ground truth
16,65536,1,1.52587890625e-05,200.5614185006068,0.001,3.5125043207466,31,0.02272456590133428,140.8876339431446,analytical threshold-event sensitivity; not Max-Cut ground truth
16,65536,1,1.52587890625e-05,200.5614185006068,0.001,4.362030930661032,31,0.02272456590133428,167.22295885049198,analytical threshold-event sensitivity; not Max-Cut ground truth
16,65536,1,1.52587890625e-05,200.5614185006068,0.001,5.41702218774757,31,0.02272456590133428,199.92768782017467,analytical threshold-event sensitivity; not Max-Cut ground truth
16,65536,1,1.52587890625e-05,200.5614185006068,0.001,6.727171322029715,31,0.02272456590133428,240.54231098292118,analytical threshold-event sensitivity; not Max-Cut ground truth
16,65536,1,1.52587890625e-05,200.5614185006068,0.001,8.35419025941931,31,0.02272456590133428,290.97989804199864,analytical threshold-event sensitivity; not Max-Cut ground truth
16,65536,1,1.52587890625e-05,200.5614185006068,0.001,10.374716437208077,31,0.02272456590133428,353.6162095534504,analytical threshold-event sensitivity; not Max-Cut ground truth
16,65536,1,1.52587890625e-05,200.5614185006068,0.001,12.883922655594034,31,0.02272456590133428,431.4016023234151,analytical threshold-event sensitivity; not Max-Cut ground truth
16,65536,1,1.52587890625e-05,200.5614185006068,0.001,16.0,31,0.02272456590133428,528.0,analytical threshold-event sensitivity; not Max-Cut ground truth
16,65536,1,1.52587890625e-05,200.5614185006068,0.00125,0.5,26,0.015351012753047925,40.0,analytical threshold-event sensitivity; not Max-Cut ground truth
16,65536,1,1.52587890625e-05,200.5614185006068,0.00125,0.620928906036742,26,0.015351012753047925,43.14415155695529,analytical threshold-event sensitivity; not Max-Cut ground truth
16,65536,1,1.52587890625e-05,200.5614185006068,0.00125,0.7711054127039704,26,0.015351012753047925,47.04874073030323,analytical threshold-event sensitivity; not Max-Cut ground truth
16,65536,1,1.52587890625e-05,200.5614185006068,0.00125,0.9576032806985736,25,0.014773126575341942,49.940082017464334,analytical threshold-event sensitivity; not Max-Cut ground truth
16,65536,1,1.52587890625e-05,200.5614185006068,0.00125,1.189207115002721,25,0.014773126575341942,55.73017787506802,analytical threshold-event sensitivity; not Max-Cut ground truth
16,65536,1,1.52587890625e-05,200.5614185006068,0.00125,1.4768261459394993,25,0.014773126575341942,62.92065364848749,analytical threshold-event sensitivity; not Max-Cut ground truth
16,65536,1,1.52587890625e-05,200.5614185006068,0.00125,1.8340080864093424,25,0.014773126575341942,71.85020216023356,analytical threshold-event sensitivity; not Max-Cut ground truth
16,65536,1,1.52587890625e-05,200.5614185006068,0.00125,2.2775772695133836,25,0.014773126575341942,82.9394317378346,analytical threshold-event sensitivity; not Max-Cut ground truth
16,65536,1,1.52587890625e-05,200.5614185006068,0.00125,2.8284271247461903,25,0.014773126575341942,96.71067811865476,analytical threshold-event sensitivity; not Max-Cut ground truth
16,65536,1,1.52587890625e-05,200.5614185006068,0.00125,3.5125043207466,25,0.014773126575341942,113.81260801866499,analytical threshold-event sensitivity; not Max-Cut ground truth
16,65536,1,1.52587890625e-05,200.5614185006068,0.00125,4.362030930661032,25,0.014773126575341942,135.0507732665258,analytical threshold-event sensitivity; not Max-Cut ground truth
16,65536,1,1.52587890625e-05,200.5614185006068,0.00125,5.41702218774757,25,0.014773126575341942,161.42555469368924,analytical threshold-event sensitivity; not Max-Cut ground truth
16,65536,1,1.52587890625e-05,200.5614185006068,0.00125,6.727171322029715,25,0.014773126575341942,194.17928305074287,analytical threshold-event sensitivity; not Max-Cut ground truth
16,65536,1,1.52587890625e-05,200.5614185006068,0.00125,8.35419025941931,25,0.014773126575341942,234.85475648548274,analytical threshold-event sensitivity; not Max-Cut ground truth
16,65536,1,1.52587890625e-05,200.5614185006068,0.00125,10.374716437208077,25,0.014773126575341942,285.3679109302019,analytical threshold-event sensitivity; not Max-Cut ground truth
16,65536,1,1.52587890625e-05,200.5614185006068,0.00125,12.883922655594034,25,0.014773126575341942,348.0980663898508,analytical threshold-event sensitivity; not Max-Cut ground truth
16,65536,1,1.52587890625e-05,200.5614185006068,0.00125,16.0,25,0.014773126575341942,426.0,analytical threshold-event sensitivity; not Max-Cut ground truth
16,65536,1,1.52587890625e-05,200.5614185006068,0.0015,0.5,21,0.010385309911551323,32.5,analytical threshold-event sensitivity; not Max-Cut ground truth
16,65536,1,1.52587890625e-05,200.5614185006068,0.0015,0.620928906036742,21,0.010385309911551323,35.03950702677158,analytical threshold-event sensitivity; not Max-Cut ground truth
16,65536,1,1.52587890625e-05,200.5614185006068,0.0015,0.7711054127039704,21,0.010385309911551323,38.19321366678338,analytical threshold-event sensitivity; not Max-Cut ground truth
16,65536,1,1.52587890625e-05,200.5614185006068,0.0015,0.9576032806985736,21,0.010385309911551323,42.109668894670044,analytical threshold-event sensitivity; not Max-Cut ground truth
16,65536,1,1.52587890625e-05,200.5614185006068,0.0015,1.189207115002721,21,0.010385309911551323,46.973349415057136,analytical threshold-event sensitivity; not Max-Cut ground truth
16,65536,1,1.52587890625e-05,200.5614185006068,0.0015,1.4768261459394993,21,0.010385309911551323,53.01334906472949,analytical threshold-event sensitivity; not Max-Cut ground truth
16,65536,1,1.52587890625e-05,200.5614185006068,0.0015,1.8340080864093424,21,0.010385309911551323,60.514169814596194,analytical threshold-event sensitivity; not Max-Cut ground truth
16,65536,1,1.52587890625e-05,200.5614185006068,0.0015,2.2775772695133836,21,0.010385309911551323,69.82912265978105,analytical threshold-event sensitivity; not Max-Cut ground truth
16,65536,1,1.52587890625e-05,200.5614185006068,0.0015,2.8284271247461903,21,0.010385309911551323,81.39696961967,analytical threshold-event sensitivity; not Max-Cut ground truth
16,65536,1,1.52587890625e-05,200.5614185006068,0.0015,3.5125043207466,21,0.010385309911551323,95.7625907356786,analytical threshold-event sensitivity; not Max-Cut ground truth
16,65536,1,1.52587890625e-05,200.5614185006068,0.0015,4.362030930661032,21,0.010385309911551323,113.60264954388167,analytical threshold-event sensitivity; not Max-Cut ground truth
16,65536,1,1.52587890625e-05,200.5614185006068,0.0015,5.41702218774757,21,0.010385309911551323,135.75746594269896,analytical threshold-event sensitivity; not Max-Cut ground truth
16,65536,1,1.52587890625e-05,200.5614185006068,0.0015,6.727171322029715,21,0.010385309911551323,163.27059776262402,analytical threshold-event sensitivity; not Max-Cut ground truth
16,65536,1,1.52587890625e-05,200.5614185006068,0.0015,8.35419025941931,21,0.010385309911551323,197.43799544780552,analytical threshold-event sensitivity; not Max-Cut ground truth
16,65536,1,1.52587890625e-05,200.5614185006068,0.0015,10.374716437208077,21,0.010385309911551323,239.86904518136961,analytical threshold-event sensitivity; not Max-Cut ground truth
16,65536,1,1.52587890625e-05,200.5614185006068,0.0015,12.883922655594034,21,0.010385309911551323,292.5623757674747,analytical threshold-event sensitivity; not Max-Cut ground truth
16,65536,1,1.52587890625e-05,200.5614185006068,0.0015,16.0,21,0.010385309911551323,358.0,analytical threshold-event sensitivity; not Max-Cut ground truth
16,65536,1,1.52587890625e-05,200.5614185006068,0.00175,0.5,18,0.007650517687772244,28.0,analytical threshold-event sensitivity; not Max-Cut ground truth
16,65536,1,1.52587890625e-05,200.5614185006068,0.00175,0.620928906036742,18,0.007650517687772244,30.176720308661356,analytical threshold-event sensitivity; not Max-Cut ground truth
16,65536,1,1.52587890625e-05,200.5614185006068,0.00175,0.7711054127039704,18,0.007650517687772244,32.87989742867147,analytical threshold-event sensitivity; not Max-Cut ground truth
16,65536,1,1.52587890625e-05,200.5614185006068,0.00175,0.9576032806985736,18,0.007650517687772244,36.236859052574324,analytical threshold-event sensitivity; not Max-Cut ground truth
16,65536,1,1.52587890625e-05,200.5614185006068,0.00175,1.189207115002721,18,0.007650517687772244,40.40572807004897,analytical threshold-event sensitivity; not Max-Cut ground truth
16,65536,1,1.52587890625e-05,200.5614185006068,0.00175,1.4768261459394993,18,0.007650517687772244,45.58287062691099,analytical threshold-event sensitivity; not Max-Cut ground truth
16,65536,1,1.52587890625e-05,200.5614185006068,0.00175,1.8340080864093424,18,0.007650517687772244,52.012145555368164,analytical threshold-event sensitivity; not Max-Cut ground truth
16,65536,1,1.52587890625e-05,200.5614185006068,0.00175,2.2775772695133836,18,0.007650517687772244,59.9963908512409,analytical threshold-event sensitivity; not Max-Cut ground truth
16,65536,1,1.52587890625e-05,200.5614185006068,0.00175,2.8284271247461903,18,0.007650517687772244,69.91168824543142,analytical threshold-event sensitivity; not Max-Cut ground truth
16,65536,1,1.52587890625e-05,200.5614185006068,0.00175,3.5125043207466,18,0.007650517687772244,82.2250777734388,analytical threshold-event sensitivity; not Max-Cut ground truth
16,65536,1,1.52587890625e-05,200.5614185006068,0.00175,4.362030930661032,18,0.007650517687772244,97.51655675189858,analytical threshold-event sensitivity; not Max-Cut ground truth
16,65536,1,1.52587890625e-05,200.5614185006068,0.00175,5.41702218774757,18,0.007650517687772244,116.50639937945625,analytical threshold-event sensitivity; not Max-Cut ground truth
16,65536,1,1.52587890625e-05,200.5614185006068,0.00175,6.727171322029715,18,0.007650517687772244,140.08908379653488,analytical threshold-event sensitivity; not Max-Cut ground truth
16,65536,1,1.52587890625e-05,200.5614185006068,0.00175,8.35419025941931,18,0.007650517687772244,169.37542466954758,analytical threshold-event sensitivity; not Max-Cut ground truth
16,65536,1,1.52587890625e-05,200.5614185006068,0.00175,10.374716437208077,18,0.007650517687772244,205.7448958697454,analytical threshold-event sensitivity; not Max-Cut ground truth
16,65536,1,1.52587890625e-05,200.5614185006068,0.00175,12.883922655594034,18,0.007650517687772244,250.91060780069262,analytical threshold-event sensitivity; not Max-Cut ground truth
16,65536,1,1.52587890625e-05,200.5614185006068,0.00175,16.0,18,0.007650517687772244,307.0,analytical threshold-event sensitivity; not Max-Cut ground truth
16,65536,1,1.52587890625e-05,200.5614185006068,0.002,0.5,16,0.005958856256482871,25.0,analytical threshold-event sensitivity; not Max-Cut ground truth
16,65536,1,1.52587890625e-05,200.5614185006068,0.002,0.620928906036742,16,0.005958856256482871,26.934862496587872,analytical threshold-event sensitivity; not Max-Cut ground truth
16,65536,1,1.52587890625e-05,200.5614185006068,0.002,0.7711054127039704,16,0.005958856256482871,29.337686603263528,analytical threshold-event sensitivity; not Max-Cut ground truth
16,65536,1,1.52587890625e-05,200.5614185006068,0.002,0.9576032806985736,16,0.005958856256482871,32.321652491177176,analytical threshold-event sensitivity; not Max-Cut ground truth
16,65536,1,1.52587890625e-05,200.5614185006068,0.002,1.189207115002721,16,0.005958856256482871,36.02731384004353,analytical threshold-event sensitivity; not Max-Cut ground truth
16,65536,1,1.52587890625e-05,200.5614185006068,0.002,1.4768261459394993,16,0.005958856256482871,40.62921833503199,analytical threshold-event sensitivity; not Max-Cut ground truth
16,65536,1,1.52587890625e-05,200.5614185006068,0.002,1.8340080864093424,16,0.005958856256482871,46.34412938254948,analytical threshold-event sensitivity; not Max-Cut ground truth
16,65536,1,1.52587890625e-05,200.5614185006068,0.002,2.2775772695133836,16,0.005958856256482871,53.44123631221414,analytical threshold-event sensitivity; not Max-Cut ground truth
16,65536,1,1.52587890625e-05,200.5614185006068,0.002,2.8284271247461903,16,0.005958856256482871,62.254833995939045,analytical threshold-event sensitivity; not Max-Cut ground truth
16,65536,1,1.52587890625e-05,200.5614185006068,0.002,3.5125043207466,16,0.005958856256482871,73.2000691319456,analytical threshold-event sensitivity; not Max-Cut ground truth
16,65536,1,1.52587890625e-05,200.5614185006068,0.002,4.362030930661032,16,0.005958856256482871,86.7924948905765,analytical threshold-event sensitivity; not Max-Cut ground truth
16,65536,1,1.52587890625e-05,200.5614185006068,0.002,5.41702218774757,16,0.005958856256482871,103.67235500396112,analytical threshold-event sensitivity; not Max-Cut ground truth
16,65536,1,1.52587890625e-05,200.5614185006068,0.002,6.727171322029715,16,0.005958856256482871,124.63474115247544,analytical threshold-event sensitivity; not Max-Cut ground truth
16,65536,1,1.52587890625e-05,200.5614185006068,0.002,8.35419025941931,16,0.005958856256482871,150.66704415070896,analytical threshold-event sensitivity; not Max-Cut ground truth
16,65536,1,1.52587890625e-05,200.5614185006068,0.002,10.374716437208077,16,0.005958856256482871,182.99546299532923,analytical threshold-event sensitivity; not Max-Cut ground truth
16,65536,1,1.52587890625e-05,200.5614185006068,0.002,12.883922655594034,16,0.005958856256482871,223.14276248950455,analytical threshold-event sensitivity; not Max-Cut ground truth
16,65536,1,1.52587890625e-05,200.5614185006068,0.002,16.0,16,0.005958856256482871,273.0,analytical threshold-event sensitivity; not Max-Cut ground truth
16,65536,1,1.52587890625e-05,200.5614185006068,0.0022500000000000003,0.5,14,0.004642336224000384,22.0,analytical threshold-event sensitivity; not Max-Cut ground truth
16,65536,1,1.52587890625e-05,200.5614185006068,0.0022500000000000003,0.620928906036742,14,0.004642336224000384,23.69300468451439,analytical threshold-event sensitivity; not Max-Cut ground truth
16,65536,1,1.52587890625e-05,200.5614185006068,0.0022500000000000003,0.7711054127039704,14,0.004642336224000384,25.795475777855586,analytical threshold-event sensitivity; not Max-Cut ground truth
16,65536,1,1.52587890625e-05,200.5614185006068,0.0022500000000000003,0.9576032806985736,14,0.004642336224000384,28.406445929780027,analytical threshold-event sensitivity; not Max-Cut ground truth
16,65536,1,1.52587890625e-05,200.5614185006068,0.0022500000000000003,1.189207115002721,14,0.004642336224000384,31.648899610038093,analytical threshold-event sensitivity; not Max-Cut ground truth
16,65536,1,1.52587890625e-05,200.5614185006068,0.0022500000000000003,1.4768261459394993,14,0.004642336224000384,35.675566043153,analytical threshold-event sensitivity; not Max-Cut ground truth
16,65536,1,1.52587890625e-05,200.5614185006068,0.0022500000000000003,1.8340080864093424,14,0.004642336224000384,40.6761132097308,analytical threshold-event sensitivity; not Max-Cut ground truth
16,65536,1,1.52587890625e-05,200.5614185006068,0.0022500000000000003,2.2775772695133836,14,0.004642336224000384,46.88608177318737,analytical threshold-event sensitivity; not Max-Cut ground truth
16,65536,1,1.52587890625e-05,200.5614185006068,0.0022500000000000003,2.8284271247461903,14,0.004642336224000384,54.59797974644666,analytical threshold-event sensitivity; not Max-Cut ground truth
16,65536,1,1.52587890625e-05,200.5614185006068,0.0022500000000000003,3.5125043207466,14,0.004642336224000384,64.1750604904524,analytical threshold-event sensitivity; not Max-Cut ground truth
16,65536,1,1.52587890625e-05,200.5614185006068,0.0022500000000000003,4.362030930661032,14,0.004642336224000384,76.06843302925444,analytical threshold-event sensitivity; not Max-Cut ground truth
16,65536,1,1.52587890625e-05,200.5614185006068,0.0022500000000000003,5.41702218774757,14,0.004642336224000384,90.83831062846598,analytical threshold-event sensitivity; not Max-Cut ground truth
16,65536,1,1.52587890625e-05,200.5614185006068,0.0022500000000000003,6.727171322029715,14,0.004642336224000384,109.180398508416,analytical threshold-event sensitivity; not Max-Cut ground truth
16,65536,1,1.52587890625e-05,200.5614185006068,0.0022500000000000003,8.35419025941931,14,0.004642336224000384,131.95866363187034,analytical threshold-event sensitivity; not Max-Cut ground truth
16,65536,1,1.52587890625e-05,200.5614185006068,0.0022500000000000003,10.374716437208077,14,0.004642336224000384,160.24603012091308,analytical threshold-event sensitivity; not Max-Cut ground truth
16,65536,1,1.52587890625e-05,200.5614185006068,0.0022500000000000003,12.883922655594034,14,0.004642336224000384,195.37491717831648,analytical threshold-event sensitivity; not Max-Cut ground truth
16,65536,1,1.52587890625e-05,200.5614185006068,0.0022500000000000003,16.0,14,0.004642336224000384,239.0,analytical threshold-event sensitivity; not Max-Cut ground truth
16,65536,1,1.52587890625e-05,200.5614185006068,0.0025,0.5,13,0.003878195343943163,20.5,analytical threshold-event sensitivity; not Max-Cut ground truth
16,65536,1,1.52587890625e-05,200.5614185006068,0.0025,0.620928906036742,13,0.003878195343943163,22.072075778477647,analytical threshold-event sensitivity; not Max-Cut ground truth
16,65536,1,1.52587890625e-05,200.5614185006068,0.0025,0.7711054127039704,13,0.003878195343943163,24.024370365151615,analytical threshold-event sensitivity; not Max-Cut ground truth
16,65536,1,1.52587890625e-05,200.5614185006068,0.0025,0.9576032806985736,13,0.003878195343943163,26.448842649081456,analytical threshold-event sensitivity; not Max-Cut ground truth
16,65536,1,1.52587890625e-05,200.5614185006068,0.0025,1.189207115002721,13,0.003878195343943163,29.45969249503537,analytical threshold-event sensitivity; not Max-Cut ground truth
16,65536,1,1.52587890625e-05,200.5614185006068,0.0025,1.4768261459394993,13,0.003878195343943163,33.19873989721349,analytical threshold-event sensitivity; not Max-Cut ground truth
16,65536,1,1.52587890625e-05,200.5614185006068,0.0025,1.8340080864093424,13,0.003878195343943163,37.84210512332145,analytical threshold-event sensitivity; not Max-Cut ground truth
16,65536,1,1.52587890625e-05,200.5614185006068,0.0025,2.2775772695133836,13,0.003878195343943163,43.608504503673984,analytical threshold-event sensitivity; not Max-Cut ground truth
16,65536,1,1.52587890625e-05,200.5614185006068,0.0025,2.8284271247461903,12,0.0035857841620672236,46.941125496954285,analytical threshold-event sensitivity; not Max-Cut ground truth
16,65536,1,1.52587890625e-05,200.5614185006068,0.0025,3.5125043207466,12,0.0035857841620672236,55.150051848959194,analytical threshold-event sensitivity; not Max-Cut ground truth
16,65536,1,1.52587890625e-05,200.5614185006068,0.0025,4.362030930661032,12,0.0035857841620672236,65.34437116793238,analytical threshold-event sensitivity; not Max-Cut ground truth
16,65536,1,1.52587890625e-05,200.5614185006068,0.0025,5.41702218774757,12,0.0035857841620672236,78.00426625297084,analytical threshold-event sensitivity; not Max-Cut ground truth
16,65536,1,1.52587890625e-05,200.5614185006068,0.0025,6.727171322029715,12,0.0035857841620672236,93.72605586435658,analytical threshold-event sensitivity; not Max-Cut ground truth
16,65536,1,1.52587890625e-05,200.5614185006068,0.0025,8.35419025941931,12,0.0035857841620672236,113.25028311303171,analytical threshold-event sensitivity; not Max-Cut ground truth
16,65536,1,1.52587890625e-05,200.5614185006068,0.0025,10.374716437208077,12,0.0035857841620672236,137.49659724649692,analytical threshold-event sensitivity; not Max-Cut ground truth
16,65536,1,1.52587890625e-05,200.5614185006068,0.0025,12.883922655594034,12,0.0035857841620672236,167.6070718671284,analytical threshold-event sensitivity; not Max-Cut ground truth
16,65536,1,1.52587890625e-05,200.5614185006068,0.0025,16.0,12,0.0035857841620672236,205.0,analytical threshold-event sensitivity; not Max-Cut ground truth
16,65536,1,1.52587890625e-05,200.5614185006068,0.00275,0.5,12,0.0032526732097248865,19.0,analytical threshold-event sensitivity; not Max-Cut ground truth
16,65536,1,1.52587890625e-05,200.5614185006068,0.00275,0.620928906036742,12,0.0032526732097248865,20.451146872440905,analytical threshold-event sensitivity; not Max-Cut ground truth
16,65536,1,1.52587890625e-05,200.5614185006068,0.00275,0.7711054127039704,12,0.0032526732097248865,22.253264952447644,analytical threshold-event sensitivity; not Max-Cut ground truth
16,65536,1,1.52587890625e-05,200.5614185006068,0.00275,0.9576032806985736,12,0.0032526732097248865,24.49123936838288,analytical threshold-event sensitivity; not Max-Cut ground truth
16,65536,1,1.52587890625e-05,200.5614185006068,0.00275,1.189207115002721,12,0.0032526732097248865,27.27048538003265,analytical threshold-event sensitivity; not Max-Cut ground truth
16,65536,1,1.52587890625e-05,200.5614185006068,0.00275,1.4768261459394993,11,0.0029912834327289767,28.245087605334497,analytical threshold-event sensitivity; not Max-Cut ground truth
16,65536,1,1.52587890625e-05,200.5614185006068,0.00275,1.8340080864093424,11,0.0029912834327289767,32.17408895050277,analytical threshold-event sensitivity; not Max-Cut ground truth
16,65536,1,1.52587890625e-05,200.5614185006068,0.00275,2.2775772695133836,11,0.0029912834327289767,37.05334996464722,analytical threshold-event sensitivity; not Max-Cut ground truth
16,65536,1,1.52587890625e-05,200.5614185006068,0.00275,2.8284271247461903,11,0.0029912834327289767,43.112698372208094,analytical threshold-event sensitivity; not Max-Cut ground truth
16,65536,1,1.52587890625e-05,200.5614185006068,0.00275,3.5125043207466,11,0.0029912834327289767,50.6375475282126,analytical threshold-event sensitivity; not Max-Cut ground truth
16,65536,1,1.52587890625e-05,200.5614185006068,0.00275,4.362030930661032,11,0.0029912834327289767,59.982340237271345,analytical threshold-event sensitivity; not Max-Cut ground truth
16,65536,1,1.52587890625e-05,200.5614185006068,0.00275,5.41702218774757,11,0.0029912834327289767,71.58724406522327,analytical threshold-event sensitivity; not Max-Cut ground truth
16,65536,1,1.52587890625e-05,200.5614185006068,0.00275,6.727171322029715,11,0.0029912834327289767,85.99888454232686,analytical threshold-event sensitivity; not Max-Cut ground truth
16,65536,1,1.52587890625e-05,200.5614185006068,0.00275,8.35419025941931,11,0.0029912834327289767,103.89609285361242,analytical threshold-event sensitivity; not Max-Cut ground truth
16,65536,1,1.52587890625e-05,200.5614185006068,0.00275,10.374716437208077,11,0.0029912834327289767,126.12188080928885,analytical threshold-event sensitivity; not Max-Cut ground truth
16,65536,1,1.52587890625e-05,200.5614185006068,0.00275,12.883922655594034,11,0.0029912834327289767,153.72314921153438,analytical threshold-event sensitivity; not Max-Cut ground truth
16,65536,1,1.52587890625e-05,200.5614185006068,0.00275,16.0,11,0.0029912834327289767,188.0,analytical threshold-event sensitivity; not Max-Cut ground truth
16,65536,1,1.52587890625e-05,200.5614185006068,0.003,0.5,11,0.0027338272131561814,17.5,analytical threshold-event sensitivity; not Max-Cut ground truth
16,65536,1,1.52587890625e-05,200.5614185006068,0.003,0.620928906036742,11,0.0027338272131561814,18.830217966404163,analytical threshold-event sensitivity; not Max-Cut ground truth
16,65536,1,1.52587890625e-05,200.5614185006068,0.003,0.7711054127039704,11,0.0027338272131561814,20.482159539743677,analytical threshold-event sensitivity; not Max-Cut ground truth
16,65536,1,1.52587890625e-05,200.5614185006068,0.003,0.9576032806985736,11,0.0027338272131561814,22.533636087684307,analytical threshold-event sensitivity; not Max-Cut ground truth
16,65536,1,1.52587890625e-05,200.5614185006068,0.003,1.189207115002721,11,0.0027338272131561814,25.08127826502993,analytical threshold-event sensitivity; not Max-Cut ground truth
16,65536,1,1.52587890625e-05,200.5614185006068,0.003,1.4768261459394993,10,0.002494795582577805,25.768261459394996,analytical threshold-event sensitivity; not Max-Cut ground truth
16,65536,1,1.52587890625e-05,200.5614185006068,0.003,1.8340080864093424,10,0.002494795582577805,29.340080864093427,analytical threshold-event sensitivity; not Max-Cut ground truth
16,65536,1,1.52587890625e-05,200.5614185006068,0.003,2.2775772695133836,10,0.002494795582577805,33.77577269513384,analytical threshold-event sensitivity; not Max-Cut ground truth
16,65536,1,1.52587890625e-05,200.5614185006068,0.003,2.8284271247461903,10,0.002494795582577805,39.2842712474619,analytical threshold-event sensitivity; not Max-Cut ground truth
16,65536,1,1.52587890625e-05,200.5614185006068,0.003,3.5125043207466,10,0.002494795582577805,46.125043207466,analytical threshold-event sensitivity; not Max-Cut ground truth
16,65536,1,1.52587890625e-05,200.5614185006068,0.003,4.362030930661032,10,0.002494795582577805,54.62030930661032,analytical threshold-event sensitivity; not Max-Cut ground truth
16,65536,1,1.52587890625e-05,200.5614185006068,0.003,5.41702218774757,10,0.002494795582577805,65.1702218774757,analytical threshold-event sensitivity; not Max-Cut ground truth
16,65536,1,1.52587890625e-05,200.5614185006068,0.003,6.727171322029715,10,0.002494795582577805,78.27171322029716,analytical threshold-event sensitivity; not Max-Cut ground truth
16,65536,1,1.52587890625e-05,200.5614185006068,0.003,8.35419025941931,10,0.002494795582577805,94.5419025941931,analytical threshold-event sensitivity; not Max-Cut ground truth
16,65536,1,1.52587890625e-05,200.5614185006068,0.003,10.374716437208077,10,0.002494795582577805,114.74716437208077,analytical threshold-event sensitivity; not Max-Cut ground truth
16,65536,1,1.52587890625e-05,200.5614185006068,0.003,12.883922655594034,10,0.002494795582577805,139.83922655594034,analytical threshold-event sensitivity; not Max-Cut ground truth
16,65536,1,1.52587890625e-05,200.5614185006068,0.003,16.0,10,0.002494795582577805,171.0,analytical threshold-event sensitivity; not Max-Cut ground truth
16,65536,4,6.103515625e-05,100.02994224332917,0.0,0.5,74,0.843499962760549,112.0,analytical threshold-event sensitivity; not Max-Cut ground truth
16,65536,4,6.103515625e-05,100.02994224332917,0.0,0.620928906036742,74,0.843499962760549,120.94873904671891,analytical threshold-event sensitivity; not Max-Cut ground truth
16,65536,4,6.103515625e-05,100.02994224332917,0.0,0.7711054127039704,74,0.843499962760549,132.06180054009383,analytical threshold-event sensitivity; not Max-Cut ground truth
16,65536,4,6.103515625e-05,100.02994224332917,0.0,0.9576032806985736,74,0.843499962760549,145.86264277169442,analytical threshold-event sensitivity; not Max-Cut ground truth
16,65536,4,6.103515625e-05,100.02994224332917,0.0,1.189207115002721,74,0.843499962760549,163.00132651020135,analytical threshold-event sensitivity; not Max-Cut ground truth
16,65536,4,6.103515625e-05,100.02994224332917,0.0,1.4768261459394993,74,0.843499962760549,184.28513479952298,analytical threshold-event sensitivity; not Max-Cut ground truth
16,65536,4,6.103515625e-05,100.02994224332917,0.0,1.8340080864093424,74,0.843499962760549,210.71659839429137,analytical threshold-event sensitivity; not Max-Cut ground truth
16,65536,4,6.103515625e-05,100.02994224332917,0.0,2.2775772695133836,74,0.843499962760549,243.5407179439904,analytical threshold-event sensitivity; not Max-Cut ground truth
16,65536,4,6.103515625e-05,100.02994224332917,0.0,2.8284271247461903,74,0.843499962760549,284.3036072312181,analytical threshold-event sensitivity; not Max-Cut ground truth
16,65536,4,6.103515625e-05,100.02994224332917,0.0,3.5125043207466,74,0.843499962760549,334.92531973524837,analytical threshold-event sensitivity; not Max-Cut ground truth
16,65536,4,6.103515625e-05,100.02994224332917,0.0,4.362030930661032,74,0.843499962760549,397.7902888689163,analytical threshold-event sensitivity; not Max-Cut ground truth
16,65536,4,6.103515625e-05,100.02994224332917,0.0,5.41702218774757,74,0.843499962760549,475.85964189332014,analytical threshold-event sensitivity; not Max-Cut ground truth
16,65536,4,6.103515625e-05,100.02994224332917,0.0,6.727171322029715,74,0.843499962760549,572.8106778301989,analytical threshold-event sensitivity; not Max-Cut ground truth
16,65536,4,6.103515625e-05,100.02994224332917,0.0,8.35419025941931,74,0.843499962760549,693.2100791970289,analytical threshold-event sensitivity; not Max-Cut ground truth
16,65536,4,6.103515625e-05,100.02994224332917,0.0,10.374716437208077,74,0.843499962760549,842.7290163533977,analytical threshold-event sensitivity; not Max-Cut ground truth
16,65536,4,6.103515625e-05,100.02994224332917,0.0,12.883922655594034,74,0.843499962760549,1028.4102765139585,analytical threshold-event sensitivity; not Max-Cut ground truth
16,65536,4,6.103515625e-05,100.02994224332917,0.0,16.0,74,0.843499962760549,1259.0,analytical threshold-event sensitivity; not Max-Cut ground truth
16,65536,4,6.103515625e-05,100.02994224332917,0.00025,0.5,57,0.39618278359169257,86.5,analytical threshold-event sensitivity; not Max-Cut ground truth
16,65536,4,6.103515625e-05,100.02994224332917,0.00025,0.620928906036742,57,0.39618278359169257,93.39294764409429,analytical threshold-event sensitivity; not Max-Cut ground truth
16,65536,4,6.103515625e-05,100.02994224332917,0.00025,0.7711054127039704,57,0.39618278359169257,101.95300852412632,analytical threshold-event sensitivity; not Max-Cut ground truth
16,65536,4,6.103515625e-05,100.02994224332917,0.00025,0.9576032806985736,57,0.39618278359169257,112.58338699981869,analytical threshold-event sensitivity; not Max-Cut ground truth
16,65536,4,6.103515625e-05,100.02994224332917,0.00025,1.189207115002721,57,0.39618278359169257,125.78480555515509,analytical threshold-event sensitivity; not Max-Cut ground truth
16,65536,4,6.103515625e-05,100.02994224332917,0.00025,1.4768261459394993,57,0.39618278359169257,142.1790903185515,analytical threshold-event sensitivity; not Max-Cut ground truth
16,65536,4,6.103515625e-05,100.02994224332917,0.00025,1.8340080864093424,57,0.39618278359169257,162.53846092533254,analytical threshold-event sensitivity; not Max-Cut ground truth
16,65536,4,6.103515625e-05,100.02994224332917,0.00025,2.2775772695133836,57,0.39618278359169257,187.82190436226287,analytical threshold-event sensitivity; not Max-Cut ground truth
16,65536,4,6.103515625e-05,100.02994224332917,0.00025,2.8284271247461903,57,0.39618278359169257,219.22034611053286,analytical threshold-event sensitivity; not Max-Cut ground truth
16,65536,4,6.103515625e-05,100.02994224332917,0.00025,3.5125043207466,57,0.39618278359169257,258.21274628255617,analytical threshold-event sensitivity; not Max-Cut ground truth
16,65536,4,6.103515625e-05,100.02994224332917,0.00025,4.362030930661032,57,0.39618278359169257,306.6357630476788,analytical threshold-event sensitivity; not Max-Cut ground truth
16,65536,4,6.103515625e-05,100.02994224332917,0.00025,5.41702218774757,57,0.39618278359169257,366.7702647016115,analytical threshold-event sensitivity; not Max-Cut ground truth
16,65536,4,6.103515625e-05,100.02994224332917,0.00025,6.727171322029715,57,0.39618278359169257,441.44876535569375,analytical threshold-event sensitivity; not Max-Cut ground truth
16,65536,4,6.103515625e-05,100.02994224332917,0.00025,8.35419025941931,57,0.39618278359169257,534.1888447869006,analytical threshold-event sensitivity; not Max-Cut ground truth
16,65536,4,6.103515625e-05,100.02994224332917,0.00025,10.374716437208077,57,0.39618278359169257,649.3588369208604,analytical threshold-event sensitivity; not Max-Cut ground truth
16,65536,4,6.103515625e-05,100.02994224332917,0.00025,12.883922655594034,57,0.39618278359169257,792.3835913688599,analytical threshold-event sensitivity; not Max-Cut ground truth
16,65536,4,6.103515625e-05,100.02994224332917,0.00025,16.0,57,0.39618278359169257,970.0,analytical threshold-event sensitivity; not Max-Cut ground truth
16,65536,4,6.103515625e-05,100.02994224332917,0.0005,0.5,44,0.2089618142984315,67.0,analytical threshold-event sensitivity; not Max-Cut ground truth
16,65536,4,6.103515625e-05,100.02994224332917,0.0005,0.620928906036742,44,0.2089618142984315,72.32087186561665,analytical threshold-event sensitivity; not Max-Cut ground truth
16,65536,4,6.103515625e-05,100.02994224332917,0.0005,0.7711054127039704,44,0.2089618142984315,78.9286381589747,analytical threshold-event sensitivity; not Max-Cut ground truth
16,65536,4,6.103515625e-05,100.02994224332917,0.0005,0.9576032806985736,44,0.2089618142984315,87.13454435073723,analytical threshold-event sensitivity; not Max-Cut ground truth
16,65536,4,6.103515625e-05,100.02994224332917,0.0005,1.189207115002721,44,0.2089618142984315,97.32511306011972,analytical threshold-event sensitivity; not Max-Cut ground truth
16,65536,4,6.103515625e-05,100.02994224332917,0.0005,1.4768261459394993,44,0.2089618142984315,109.98035042133799,analytical threshold-event sensitivity; not Max-Cut ground truth
16,65536,4,6.103515625e-05,100.02994224332917,0.0005,1.8340080864093424,44,0.2089618142984315,125.69635580201108,analytical threshold-event sensitivity; not Max-Cut ground truth
16,65536,4,6.103515625e-05,100.02994224332917,0.0005,2.2775772695133836,44,0.2089618142984315,145.21339985858887,analytical threshold-event sensitivity; not Max-Cut ground truth
16,65536,4,6.103515625e-05,100.02994224332917,0.0005,2.8284271247461903,44,0.2089618142984315,169.45079348883237,analytical threshold-event sensitivity; not Max-Cut ground truth
16,65536,4,6.103515625e-05,100.02994224332917,0.0005,3.5125043207466,44,0.2089618142984315,199.5501901128504,analytical threshold-event sensitivity; not Max-Cut ground truth
16,65536,4,6.103515625e-05,100.02994224332917,0.0005,4.362030930661032,44,0.2089618142984315,236.92936094908538,analytical threshold-event sensitivity; not Max-Cut ground truth
16,65536,4,6.103515625e-05,100.02994224332917,0.0005,5.41702218774757,44,0.2089618142984315,283.3489762608931,analytical threshold-event sensitivity; not Max-Cut ground truth
16,65536,4,6.103515625e-05,100.02994224332917,0.0005,6.727171322029715,44,0.2089618142984315,340.99553816930745,analytical threshold-event sensitivity; not Max-Cut ground truth
16,65536,4,6.103515625e-05,100.02994224332917,0.0005,8.35419025941931,44,0.2089618142984315,412.58437141444966,analytical threshold-event sensitivity; not Max-Cut ground truth
16,65536,4,6.103515625e-05,100.02994224332917,0.0005,10.374716437208077,44,0.2089618142984315,501.4875232371554,analytical threshold-event sensitivity; not Max-Cut ground truth
16,65536,4,6.103515625e-05,100.02994224332917,0.0005,12.883922655594034,44,0.2089618142984315,611.8925968461375,analytical threshold-event sensitivity; not Max-Cut ground truth
16,65536,4,6.103515625e-05,100.02994224332917,0.0005,16.0,44,0.2089618142984315,749.0,analytical threshold-event sensitivity; not Max-Cut ground truth
16,65536,4,6.103515625e-05,100.02994224332917,0.00075,0.5,35,0.12340115053875883,53.5,analytical threshold-event sensitivity; not Max-Cut ground truth
16,65536,4,6.103515625e-05,100.02994224332917,0.00075,0.620928906036742,35,0.12340115053875883,57.73251171128597,analytical threshold-event sensitivity; not Max-Cut ground truth
16,65536,4,6.103515625e-05,100.02994224332917,0.00075,0.7711054127039704,35,0.12340115053875883,62.988689444638965,analytical threshold-event sensitivity; not Max-Cut ground truth
16,65536,4,6.103515625e-05,100.02994224332917,0.00075,0.9576032806985736,35,0.12340115053875883,69.51611482445007,analytical threshold-event sensitivity; not Max-Cut ground truth
16,65536,4,6.103515625e-05,100.02994224332917,0.00075,1.189207115002721,35,0.12340115053875883,77.62224902509523,analytical threshold-event sensitivity; not Max-Cut ground truth
16,65536,4,6.103515625e-05,100.02994224332917,0.00075,1.4768261459394993,35,0.12340115053875883,87.68891510788248,analytical threshold-event sensitivity; not Max-Cut ground truth
16,65536,4,6.103515625e-05,100.02994224332917,0.00075,1.8340080864093424,35,0.12340115053875883,100.19028302432699,analytical threshold-event sensitivity; not Max-Cut ground truth
16,65536,4,6.103515625e-05,100.02994224332917,0.00075,2.2775772695133836,35,0.12340115053875883,115.71520443296842,analytical threshold-event sensitivity; not Max-Cut ground truth
16,65536,4,6.103515625e-05,100.02994224332917,0.00075,2.8284271247461903,35,0.12340115053875883,134.99494936611666,analytical threshold-event sensitivity; not Max-Cut ground truth
16,65536,4,6.103515625e-05,100.02994224332917,0.00075,3.5125043207466,35,0.12340115053875883,158.93765122613098,analytical threshold-event sensitivity; not Max-Cut ground truth
16,65536,4,6.103515625e-05,100.02994224332917,0.00075,4.362030930661032,35,0.12340115053875883,188.67108257313612,analytical threshold-event sensitivity; not Max-Cut ground truth
16,65536,4,6.103515625e-05,100.02994224332917,0.00075,5.41702218774757,34,0.11989392168381173,219.17875438341736,analytical threshold-event sensitivity; not Max-Cut ground truth
16,65536,4,6.103515625e-05,100.02994224332917,0.00075,6.727171322029715,34,0.11989392168381173,263.7238249490103,analytical threshold-event sensitivity; not Max-Cut ground truth
16,65536,4,6.103515625e-05,100.02994224332917,0.00075,8.35419025941931,34,0.11989392168381173,319.04246882025654,analytical threshold-event sensitivity; not Max-Cut ground truth
16,65536,4,6.103515625e-05,100.02994224332917,0.00075,10.374716437208077,34,0.11989392168381173,387.7403588650746,analytical threshold-event sensitivity; not Max-Cut ground truth
16,65536,4,6.103515625e-05,100.02994224332917,0.00075,12.883922655594034,34,0.11989392168381173,473.05337029019717,analytical threshold-event sensitivity; not Max-Cut ground truth
16,65536,4,6.103515625e-05,100.02994224332917,0.00075,16.0,34,0.11989392168381173,579.0,analytical threshold-event sensitivity; not Max-Cut ground truth
16,65536,4,6.103515625e-05,100.02994224332917,0.001,0.5,28,0.07773244015375103,43.0,analytical threshold-event sensitivity; not Max-Cut ground truth
16,65536,4,6.103515625e-05,100.02994224332917,0.001,0.620928906036742,28,0.07773244015375103,46.38600936902878,analytical threshold-event sensitivity; not Max-Cut ground truth
16,65536,4,6.103515625e-05,100.02994224332917,0.001,0.7711054127039704,28,0.07773244015375103,50.59095155571117,analytical threshold-event sensitivity; not Max-Cut ground truth
16,65536,4,6.103515625e-05,100.02994224332917,0.001,0.9576032806985736,28,0.07773244015375103,55.812891859560054,analytical threshold-event sensitivity; not Max-Cut ground truth
16,65536,4,6.103515625e-05,100.02994224332917,0.001,1.189207115002721,28,0.07773244015375103,62.297799220076186,analytical threshold-event sensitivity; not Max-Cut ground truth
16,65536,4,6.103515625e-05,100.02994224332917,0.001,1.4768261459394993,28,0.07773244015375103,70.351132086306,analytical threshold-event sensitivity; not Max-Cut ground truth
16,65536,4,6.103515625e-05,100.02994224332917,0.001,1.8340080864093424,28,0.07773244015375103,80.3522264194616,analytical threshold-event sensitivity; not Max-Cut ground truth
16,65536,4,6.103515625e-05,100.02994224332917,0.001,2.2775772695133836,28,0.07773244015375103,92.77216354637474,analytical threshold-event sensitivity; not Max-Cut ground truth
16,65536,4,6.103515625e-05,100.02994224332917,0.001,2.8284271247461903,28,0.07773244015375103,108.19595949289332,analytical threshold-event sensitivity; not Max-Cut ground truth
16,65536,4,6.103515625e-05,100.02994224332917,0.001,3.5125043207466,28,0.07773244015375103,127.35012098090479,analytical threshold-event sensitivity; not Max-Cut ground truth
16,65536,4,6.103515625e-05,100.02994224332917,0.001,4.362030930661032,28,0.07773244015375103,151.13686605850887,analytical threshold-event sensitivity; not Max-Cut ground truth
16,65536,4,6.103515625e-05,100.02994224332917,0.001,5.41702218774757,28,0.07773244015375103,180.67662125693195,analytical threshold-event sensitivity; not Max-Cut ground truth
16,65536,4,6.103515625e-05,100.02994224332917,0.001,6.727171322029715,28,0.07773244015375103,217.360797016832,analytical threshold-event sensitivity; not Max-Cut ground truth
16,65536,4,6.103515625e-05,100.02994224332917,0.001,8.35419025941931,28,0.07773244015375103,262.9173272637407,analytical threshold-event sensitivity; not Max-Cut ground truth
16,65536,4,6.103515625e-05,100.02994224332917,0.001,10.374716437208077,28,0.07773244015375103,319.49206024182615,analytical threshold-event sensitivity; not Max-Cut ground truth
16,65536,4,6.103515625e-05,100.02994224332917,0.001,12.883922655594034,28,0.07773244015375103,389.74983435663296,analytical threshold-event sensitivity; not Max-Cut ground truth
16,65536,4,6.103515625e-05,100.02994224332917,0.001,16.0,28,0.07773244015375103,477.0,analytical threshold-event sensitivity; not Max-Cut ground truth
16,65536,4,6.103515625e-05,100.02994224332917,0.00125,0.5,24,0.05463995309964735,37.0,analytical threshold-event sensitivity; not Max-Cut ground truth
16,65536,4,6.103515625e-05,100.02994224332917,0.00125,0.620928906036742,24,0.05463995309964735,39.90229374488181,analytical threshold-event sensitivity; not Max-Cut ground truth
16,65536,4,6.103515625e-05,100.02994224332917,0.00125,0.7711054127039704,24,0.05463995309964735,43.50652990489529,analytical threshold-event sensitivity; not Max-Cut ground truth
16,65536,4,6.103515625e-05,100.02994224332917,0.00125,0.9576032806985736,24,0.05463995309964735,47.98247873676576,analytical threshold-event sensitivity; not Max-Cut ground truth
16,65536,4,6.103515625e-05,100.02994224332917,0.00125,1.189207115002721,24,0.05463995309964735,53.5409707600653,analytical threshold-event sensitivity; not Max-Cut ground truth
16,65536,4,6.103515625e-05,100.02994224332917,0.00125,1.4768261459394993,24,0.05463995309964735,60.44382750254799,analytical threshold-event sensitivity; not Max-Cut ground truth
16,65536,4,6.103515625e-05,100.02994224332917,0.00125,1.8340080864093424,23,0.05239773841009699,66.18218598741488,analytical threshold-event sensitivity; not Max-Cut ground truth
16,65536,4,6.103515625e-05,100.02994224332917,0.00125,2.2775772695133836,23,0.05239773841009699,76.38427719880782,analytical threshold-event sensitivity; not Max-Cut ground truth
16,65536,4,6.103515625e-05,100.02994224332917,0.00125,2.8284271247461903,23,0.05239773841009699,89.05382386916237,analytical threshold-event sensitivity; not Max-Cut ground truth
16,65536,4,6.103515625e-05,100.02994224332917,0.00125,3.5125043207466,23,0.05239773841009699,104.7875993771718,analytical threshold-event sensitivity; not Max-Cut ground truth
16,65536,4,6.103515625e-05,100.02994224332917,0.00125,4.362030930661032,23,0.05239773841009699,124.32671140520372,analytical threshold-event sensitivity; not Max-Cut ground truth
16,65536,4,6.103515625e-05,100.02994224332917,0.00125,5.41702218774757,23,0.05239773841009699,148.5915103181941,analytical threshold-event sensitivity; not Max-Cut ground truth
16,65536,4,6.103515625e-05,100.02994224332917,0.00125,6.727171322029715,23,0.05239773841009699,178.72494040668346,analytical threshold-event sensitivity; not Max-Cut ground truth
16,65536,4,6.103515625e-05,100.02994224332917,0.00125,8.35419025941931,23,0.05239773841009699,216.14637596664414,analytical threshold-event sensitivity; not Max-Cut ground truth
16,65536,4,6.103515625e-05,100.02994224332917,0.00125,10.374716437208077,23,0.05239773841009699,262.6184780557858,analytical threshold-event sensitivity; not Max-Cut ground truth
16,65536,4,6.103515625e-05,100.02994224332917,0.00125,12.883922655594034,23,0.05239773841009699,320.3302210786628,analytical threshold-event sensitivity; not Max-Cut ground truth
16,65536,4,6.103515625e-05,100.02994224332917,0.00125,16.0,23,0.05239773841009699,392.0,analytical threshold-event sensitivity; not Max-Cut ground truth
16,65536,4,6.103515625e-05,100.02994224332917,0.0015,0.5,20,0.038533992152312645,31.0,analytical threshold-event sensitivity; not Max-Cut ground truth
16,65536,4,6.103515625e-05,100.02994224332917,0.0015,0.620928906036742,20,0.038533992152312645,33.41857812073484,analytical threshold-event sensitivity; not Max-Cut ground truth
16,65536,4,6.103515625e-05,100.02994224332917,0.0015,0.7711054127039704,20,0.038533992152312645,36.42210825407941,analytical threshold-event sensitivity; not Max-Cut ground truth
16,65536,4,6.103515625e-05,100.02994224332917,0.0015,0.9576032806985736,20,0.038533992152312645,40.15206561397147,analytical threshold-event sensitivity; not Max-Cut ground truth
16,65536,4,6.103515625e-05,100.02994224332917,0.0015,1.189207115002721,20,0.038533992152312645,44.78414230005441,analytical threshold-event sensitivity; not Max-Cut ground truth
16,65536,4,6.103515625e-05,100.02994224332917,0.0015,1.4768261459394993,20,0.038533992152312645,50.53652291878999,analytical threshold-event sensitivity; not Max-Cut ground truth
16,65536,4,6.103515625e-05,100.02994224332917,0.0015,1.8340080864093424,20,0.038533992152312645,57.68016172818685,analytical threshold-event sensitivity; not Max-Cut ground truth
16,65536,4,6.103515625e-05,100.02994224332917,0.0015,2.2775772695133836,20,0.038533992152312645,66.55154539026768,analytical threshold-event sensitivity; not Max-Cut ground truth
16,65536,4,6.103515625e-05,100.02994224332917,0.0015,2.8284271247461903,20,0.038533992152312645,77.5685424949238,analytical threshold-event sensitivity; not Max-Cut ground truth
16,65536,4,6.103515625e-05,100.02994224332917,0.0015,3.5125043207466,20,0.038533992152312645,91.250086414932,analytical threshold-event sensitivity; not Max-Cut ground truth
16,65536,4,6.103515625e-05,100.02994224332917,0.0015,4.362030930661032,20,0.038533992152312645,108.24061861322063,analytical threshold-event sensitivity; not Max-Cut ground truth
16,65536,4,6.103515625e-05,100.02994224332917,0.0015,5.41702218774757,20,0.038533992152312645,129.3404437549514,analytical threshold-event sensitivity; not Max-Cut ground truth
16,65536,4,6.103515625e-05,100.02994224332917,0.0015,6.727171322029715,20,0.038533992152312645,155.54342644059432,analytical threshold-event sensitivity; not Max-Cut ground truth
16,65536,4,6.103515625e-05,100.02994224332917,0.0015,8.35419025941931,20,0.038533992152312645,188.0838051883862,analytical threshold-event sensitivity; not Max-Cut ground truth
16,65536,4,6.103515625e-05,100.02994224332917,0.0015,10.374716437208077,20,0.038533992152312645,228.49432874416155,analytical threshold-event sensitivity; not Max-Cut ground truth
16,65536,4,6.103515625e-05,100.02994224332917,0.0015,12.883922655594034,20,0.038533992152312645,278.6784531118807,analytical threshold-event sensitivity; not Max-Cut ground truth
16,65536,4,6.103515625e-05,100.02994224332917,0.0015,16.0,20,0.038533992152312645,341.0,analytical threshold-event sensitivity; not Max-Cut ground truth
16,65536,4,6.103515625e-05,100.02994224332917,0.00175,0.5,18,0.02996769553981069,28.0,analytical threshold-event sensitivity; not Max-Cut ground truth
16,65536,4,6.103515625e-05,100.02994224332917,0.00175,0.620928906036742,18,0.02996769553981069,30.176720308661356,analytical threshold-event sensitivity; not Max-Cut ground truth
16,65536,4,6.103515625e-05,100.02994224332917,0.00175,0.7711054127039704,18,0.02996769553981069,32.87989742867147,analytical threshold-event sensitivity; not Max-Cut ground truth
16,65536,4,6.103515625e-05,100.02994224332917,0.00175,0.9576032806985736,18,0.02996769553981069,36.236859052574324,analytical threshold-event sensitivity; not Max-Cut ground truth
16,65536,4,6.103515625e-05,100.02994224332917,0.00175,1.189207115002721,17,0.028344290331249723,38.216520955046256,analytical threshold-event sensitivity; not Max-Cut ground truth
16,65536,4,6.103515625e-05,100.02994224332917,0.00175,1.4768261459394993,17,0.028344290331249723,43.10604448097149,analytical threshold-event sensitivity; not Max-Cut ground truth
16,65536,4,6.103515625e-05,100.02994224332917,0.00175,1.8340080864093424,17,0.028344290331249723,49.17813746895882,analytical threshold-event sensitivity; not Max-Cut ground truth
16,65536,4,6.103515625e-05,100.02994224332917,0.00175,2.2775772695133836,17,0.028344290331249723,56.718813581727524,analytical threshold-event sensitivity; not Max-Cut ground truth
16,65536,4,6.103515625e-05,100.02994224332917,0.00175,2.8284271247461903,17,0.028344290331249723,66.08326112068524,analytical threshold-event sensitivity; not Max-Cut ground truth
16,65536,4,6.103515625e-05,100.02994224332917,0.00175,3.5125043207466,17,0.028344290331249723,77.7125734526922,analytical threshold-event sensitivity; not Max-Cut ground truth
16,65536,4,6.103515625e-05,100.02994224332917,0.00175,4.362030930661032,17,0.028344290331249723,92.15452582123754,analytical threshold-event sensitivity; not Max-Cut ground truth
16,65536,4,6.103515625e-05,100.02994224332917,0.00175,5.41702218774757,17,0.028344290331249723,110.08937719170868,analytical threshold-event sensitivity; not Max-Cut ground truth
16,65536,4,6.103515625e-05,100.02994224332917,0.00175,6.727171322029715,17,0.028344290331249723,132.36191247450515,analytical threshold-event sensitivity; not Max-Cut ground truth
16,65536,4,6.103515625e-05,100.02994224332917,0.00175,8.35419025941931,17,0.028344290331249723,160.02123441012827,analytical threshold-event sensitivity; not Max-Cut ground truth
16,65536,4,6.103515625e-05,100.02994224332917,0.00175,10.374716437208077,17,0.028344290331249723,194.3701794325373,analytical threshold-event sensitivity; not Max-Cut ground truth
16,65536,4,6.103515625e-05,100.02994224332917,0.00175,12.883922655594034,17,0.028344290331249723,237.02668514509858,analytical threshold-event sensitivity; not Max-Cut ground truth
16,65536,4,6.103515625e-05,100.02994224332917,0.00175,16.0,17,0.028344290331249723,290.0,analytical threshold-event sensitivity; not Max-Cut ground truth
16,65536,4,6.103515625e-05,100.02994224332917,0.002,0.5,16,0.023441892725082018,25.0,analytical threshold-event sensitivity; not Max-Cut ground truth
16,65536,4,6.103515625e-05,100.02994224332917,0.002,0.620928906036742,16,0.023441892725082018,26.934862496587872,analytical threshold-event sensitivity; not Max-Cut ground truth
16,65536,4,6.103515625e-05,100.02994224332917,0.002,0.7711054127039704,16,0.023441892725082018,29.337686603263528,analytical threshold-event sensitivity; not Max-Cut ground truth
16,65536,4,6.103515625e-05,100.02994224332917,0.002,0.9576032806985736,15,0.022023259431156288,30.3640492104786,analytical threshold-event sensitivity; not Max-Cut ground truth
16,65536,4,6.103515625e-05,100.02994224332917,0.002,1.189207115002721,15,0.022023259431156288,33.83810672504081,analytical threshold-event sensitivity; not Max-Cut ground truth
16,65536,4,6.103515625e-05,100.02994224332917,0.002,1.4768261459394993,15,0.022023259431156288,38.152392189092495,analytical threshold-event sensitivity; not Max-Cut ground truth
16,65536,4,6.103515625e-05,100.02994224332917,0.002,1.8340080864093424,15,0.022023259431156288,43.51012129614014,analytical threshold-event sensitivity; not Max-Cut ground truth
16,65536,4,6.103515625e-05,100.02994224332917,0.002,2.2775772695133836,15,0.022023259431156288,50.16365904270075,analytical threshold-event sensitivity; not Max-Cut ground truth
16,65536,4,6.103515625e-05,100.02994224332917,0.002,2.8284271247461903,15,0.022023259431156288,58.42640687119285,analytical threshold-event sensitivity; not Max-Cut ground truth
16,65536,4,6.103515625e-05,100.02994224332917,0.002,3.5125043207466,15,0.022023259431156288,68.687564811199,analytical threshold-event sensitivity; not Max-Cut ground truth
16,65536,4,6.103515625e-05,100.02994224332917,0.002,4.362030930661032,15,0.022023259431156288,81.43046395991547,analytical threshold-event sensitivity; not Max-Cut ground truth
16,65536,4,6.103515625e-05,100.02994224332917,0.002,5.41702218774757,15,0.022023259431156288,97.25533281621355,analytical threshold-event sensitivity; not Max-Cut ground truth
16,65536,4,6.103515625e-05,100.02994224332917,0.002,6.727171322029715,15,0.022023259431156288,116.90756983044572,analytical threshold-event sensitivity; not Max-Cut ground truth
16,65536,4,6.103515625e-05,100.02994224332917,0.002,8.35419025941931,15,0.022023259431156288,141.31285389128965,analytical threshold-event sensitivity; not Max-Cut ground truth
16,65536,4,6.103515625e-05,100.02994224332917,0.002,10.374716437208077,15,0.022023259431156288,171.62074655812117,analytical threshold-event sensitivity; not Max-Cut ground truth
16,65536,4,6.103515625e-05,100.02994224332917,0.002,12.883922655594034,15,0.022023259431156288,209.2588398339105,analytical threshold-event sensitivity; not Max-Cut ground truth
16,65536,4,6.103515625e-05,100.02994224332917,0.002,16.0,15,0.022023259431156288,256.0,analytical threshold-event sensitivity; not Max-Cut ground truth
16,65536,4,6.103515625e-05,100.02994224332917,0.0022500000000000003,0.5,14,0.0183323424490053,22.0,analytical threshold-event sensitivity; not Max-Cut ground truth
16,65536,4,6.103515625e-05,100.02994224332917,0.0022500000000000003,0.620928906036742,14,0.0183323424490053,23.69300468451439,analytical threshold-event sensitivity; not Max-Cut ground truth
16,65536,4,6.103515625e-05,100.02994224332917,0.0022500000000000003,0.7711054127039704,14,0.0183323424490053,25.795475777855586,analytical threshold-event sensitivity; not Max-Cut ground truth
16,65536,4,6.103515625e-05,100.02994224332917,0.0022500000000000003,0.9576032806985736,14,0.0183323424490053,28.406445929780027,analytical threshold-event sensitivity; not Max-Cut ground truth
16,65536,4,6.103515625e-05,100.02994224332917,0.0022500000000000003,1.189207115002721,14,0.0183323424490053,31.648899610038093,analytical threshold-event sensitivity; not Max-Cut ground truth
16,65536,4,6.103515625e-05,100.02994224332917,0.0022500000000000003,1.4768261459394993,14,0.0183323424490053,35.675566043153,analytical threshold-event sensitivity; not Max-Cut ground truth
16,65536,4,6.103515625e-05,100.02994224332917,0.0022500000000000003,1.8340080864093424,14,0.0183323424490053,40.6761132097308,analytical threshold-event sensitivity; not Max-Cut ground truth
16,65536,4,6.103515625e-05,100.02994224332917,0.0022500000000000003,2.2775772695133836,14,0.0183323424490053,46.88608177318737,analytical threshold-event sensitivity; not Max-Cut ground truth
16,65536,4,6.103515625e-05,100.02994224332917,0.0022500000000000003,2.8284271247461903,14,0.0183323424490053,54.59797974644666,analytical threshold-event sensitivity; not Max-Cut ground truth
16,65536,4,6.103515625e-05,100.02994224332917,0.0022500000000000003,3.5125043207466,14,0.0183323424490053,64.1750604904524,analytical threshold-event sensitivity; not Max-Cut ground truth
16,65536,4,6.103515625e-05,100.02994224332917,0.0022500000000000003,4.362030930661032,14,0.0183323424490053,76.06843302925444,analytical threshold-event sensitivity; not Max-Cut ground truth
16,65536,4,6.103515625e-05,100.02994224332917,0.0022500000000000003,5.41702218774757,13,0.017039512693859966,84.4212884407184,analytical threshold-event sensitivity; not Max-Cut ground truth
16,65536,4,6.103515625e-05,100.02994224332917,0.0022500000000000003,6.727171322029715,13,0.017039512693859966,101.4532271863863,analytical threshold-event sensitivity; not Max-Cut ground truth
16,65536,4,6.103515625e-05,100.02994224332917,0.0022500000000000003,8.35419025941931,13,0.017039512693859966,122.60447337245103,analytical threshold-event sensitivity; not Max-Cut ground truth
16,65536,4,6.103515625e-05,100.02994224332917,0.0022500000000000003,10.374716437208077,13,0.017039512693859966,148.871313683705,analytical threshold-event sensitivity; not Max-Cut ground truth
16,65536,4,6.103515625e-05,100.02994224332917,0.0022500000000000003,12.883922655594034,13,0.017039512693859966,181.49099452272245,analytical threshold-event sensitivity; not Max-Cut ground truth
16,65536,4,6.103515625e-05,100.02994224332917,0.0022500000000000003,16.0,13,0.017039512693859966,222.0,analytical threshold-event sensitivity; not Max-Cut ground truth
16,65536,4,6.103515625e-05,100.02994224332917,0.0025,0.5,13,0.015341091131202087,20.5,analytical threshold-event sensitivity; not Max-Cut ground truth
16,65536,4,6.103515625e-05,100.02994224332917,0.0025,0.620928906036742,13,0.015341091131202087,22.072075778477647,analytical threshold-event sensitivity; not Max-Cut ground truth
16,65536,4,6.103515625e-05,100.02994224332917,0.0025,0.7711054127039704,13,0.015341091131202087,24.024370365151615,analytical threshold-event sensitivity; not Max-Cut ground truth
16,65536,4,6.103515625e-05,100.02994224332917,0.0025,0.9576032806985736,12,0.014206997449940717,24.49123936838288,analytical threshold-event sensitivity; not Max-Cut ground truth
16,65536,4,6.103515625e-05,100.02994224332917,0.0025,1.189207115002721,12,0.014206997449940717,27.27048538003265,analytical threshold-event sensitivity; not Max-Cut ground truth
16,65536,4,6.103515625e-05,100.02994224332917,0.0025,1.4768261459394993,12,0.014206997449940717,30.721913751273995,analytical threshold-event sensitivity; not Max-Cut ground truth
16,65536,4,6.103515625e-05,100.02994224332917,0.0025,1.8340080864093424,12,0.014206997449940717,35.00809703691211,analytical threshold-event sensitivity; not Max-Cut ground truth
16,65536,4,6.103515625e-05,100.02994224332917,0.0025,2.2775772695133836,12,0.014206997449940717,40.330927234160605,analytical threshold-event sensitivity; not Max-Cut ground truth
16,65536,4,6.103515625e-05,100.02994224332917,0.0025,2.8284271247461903,12,0.014206997449940717,46.941125496954285,analytical threshold-event sensitivity; not Max-Cut ground truth
16,65536,4,6.103515625e-05,100.02994224332917,0.0025,3.5125043207466,12,0.014206997449940717,55.150051848959194,analytical threshold-event sensitivity; not Max-Cut ground truth
16,65536,4,6.103515625e-05,100.02994224332917,0.0025,4.362030930661032,12,0.014206997449940717,65.34437116793238,analytical threshold-event sensitivity; not Max-Cut ground truth
16,65536,4,6.103515625e-05,100.02994224332917,0.0025,5.41702218774757,12,0.014206997449940717,78.00426625297084,analytical threshold-event sensitivity; not Max-Cut ground truth
16,65536,4,6.103515625e-05,100.02994224332917,0.0025,6.727171322029715,12,0.014206997449940717,93.72605586435658,analytical threshold-event sensitivity; not Max-Cut ground truth
16,65536,4,6.103515625e-05,100.02994224332917,0.0025,8.35419025941931,12,0.014206997449940717,113.25028311303171,analytical threshold-event sensitivity; not Max-Cut ground truth
16,65536,4,6.103515625e-05,100.02994224332917,0.0025,10.374716437208077,12,0.014206997449940717,137.49659724649692,analytical threshold-event sensitivity; not Max-Cut ground truth
16,65536,4,6.103515625e-05,100.02994224332917,0.0025,12.883922655594034,12,0.014206997449940717,167.6070718671284,analytical threshold-event sensitivity; not Max-Cut ground truth
16,65536,4,6.103515625e-05,100.02994224332917,0.0025,16.0,12,0.014206997449940717,205.0,analytical threshold-event sensitivity; not Max-Cut ground truth
16,65536,4,6.103515625e-05,100.02994224332917,0.00275,0.5,12,0.012887200653318527,19.0,analytical threshold-event sensitivity; not Max-Cut ground truth
16,65536,4,6.103515625e-05,100.02994224332917,0.00275,0.620928906036742,11,0.011868990628525606,18.830217966404163,analytical threshold-event sensitivity; not Max-Cut ground truth
16,65536,4,6.103515625e-05,100.02994224332917,0.00275,0.7711054127039704,11,0.011868990628525606,20.482159539743677,analytical threshold-event sensitivity; not Max-Cut ground truth
16,65536,4,6.103515625e-05,100.02994224332917,0.00275,0.9576032806985736,11,0.011868990628525606,22.533636087684307,analytical threshold-event sensitivity; not Max-Cut ground truth
16,65536,4,6.103515625e-05,100.02994224332917,0.00275,1.189207115002721,11,0.011868990628525606,25.08127826502993,analytical threshold-event sensitivity; not Max-Cut ground truth
16,65536,4,6.103515625e-05,100.02994224332917,0.00275,1.4768261459394993,11,0.011868990628525606,28.245087605334497,analytical threshold-event sensitivity; not Max-Cut ground truth
16,65536,4,6.103515625e-05,100.02994224332917,0.00275,1.8340080864093424,11,0.011868990628525606,32.17408895050277,analytical threshold-event sensitivity; not Max-Cut ground truth
16,65536,4,6.103515625e-05,100.02994224332917,0.00275,2.2775772695133836,11,0.011868990628525606,37.05334996464722,analytical threshold-event sensitivity; not Max-Cut ground truth
16,65536,4,6.103515625e-05,100.02994224332917,0.00275,2.8284271247461903,11,0.011868990628525606,43.112698372208094,analytical threshold-event sensitivity; not Max-Cut ground truth
16,65536,4,6.103515625e-05,100.02994224332917,0.00275,3.5125043207466,11,0.011868990628525606,50.6375475282126,analytical threshold-event sensitivity; not Max-Cut ground truth
16,65536,4,6.103515625e-05,100.02994224332917,0.00275,4.362030930661032,11,0.011868990628525606,59.982340237271345,analytical threshold-event sensitivity; not Max-Cut ground truth
16,65536,4,6.103515625e-05,100.02994224332917,0.00275,5.41702218774757,11,0.011868990628525606,71.58724406522327,analytical threshold-event sensitivity; not Max-Cut ground truth
16,65536,4,6.103515625e-05,100.02994224332917,0.00275,6.727171322029715,11,0.011868990628525606,85.99888454232686,analytical threshold-event sensitivity; not Max-Cut ground truth
16,65536,4,6.103515625e-05,100.02994224332917,0.00275,8.35419025941931,11,0.011868990628525606,103.89609285361242,analytical threshold-event sensitivity; not Max-Cut ground truth
16,65536,4,6.103515625e-05,100.02994224332917,0.00275,10.374716437208077,11,0.011868990628525606,126.12188080928885,analytical threshold-event sensitivity; not Max-Cut ground truth
16,65536,4,6.103515625e-05,100.02994224332917,0.00275,12.883922655594034,11,0.011868990628525606,153.72314921153438,analytical threshold-event sensitivity; not Max-Cut ground truth
16,65536,4,6.103515625e-05,100.02994224332917,0.00275,16.0,11,0.011868990628525606,188.0,analytical threshold-event sensitivity; not Max-Cut ground truth
16,65536,4,6.103515625e-05,100.02994224332917,0.003,0.5,11,0.010847440673101505,17.5,analytical threshold-event sensitivity; not Max-Cut ground truth
16,65536,4,6.103515625e-05,100.02994224332917,0.003,0.620928906036742,11,0.010847440673101505,18.830217966404163,analytical threshold-event sensitivity; not Max-Cut ground truth
16,65536,4,6.103515625e-05,100.02994224332917,0.003,0.7711054127039704,10,0.009912331196805423,18.711054127039706,analytical threshold-event sensitivity; not Max-Cut ground truth
16,65536,4,6.103515625e-05,100.02994224332917,0.003,0.9576032806985736,10,0.009912331196805423,20.576032806985737,analytical threshold-event sensitivity; not Max-Cut ground truth
16,65536,4,6.103515625e-05,100.02994224332917,0.003,1.189207115002721,10,0.009912331196805423,22.892071150027206,analytical threshold-event sensitivity; not Max-Cut ground truth
16,65536,4,6.103515625e-05,100.02994224332917,0.003,1.4768261459394993,10,0.009912331196805423,25.768261459394996,analytical threshold-event sensitivity; not Max-Cut ground truth
16,65536,4,6.103515625e-05,100.02994224332917,0.003,1.8340080864093424,10,0.009912331196805423,29.340080864093427,analytical threshold-event sensitivity; not Max-Cut ground truth
16,65536,4,6.103515625e-05,100.02994224332917,0.003,2.2775772695133836,10,0.009912331196805423,33.77577269513384,analytical threshold-event sensitivity; not Max-Cut ground truth
16,65536,4,6.103515625e-05,100.02994224332917,0.003,2.8284271247461903,10,0.009912331196805423,39.2842712474619,analytical threshold-event sensitivity; not Max-Cut ground truth
16,65536,4,6.103515625e-05,100.02994224332917,0.003,3.5125043207466,10,0.009912331196805423,46.125043207466,analytical threshold-event sensitivity; not Max-Cut ground truth
16,65536,4,6.103515625e-05,100.02994224332917,0.003,4.362030930661032,10,0.009912331196805423,54.62030930661032,analytical threshold-event sensitivity; not Max-Cut ground truth
16,65536,4,6.103515625e-05,100.02994224332917,0.003,5.41702218774757,10,0.009912331196805423,65.1702218774757,analytical threshold-event sensitivity; not Max-Cut ground truth
16,65536,4,6.103515625e-05,100.02994224332917,0.003,6.727171322029715,10,0.009912331196805423,78.27171322029716,analytical threshold-event sensitivity; not Max-Cut ground truth
16,65536,4,6.103515625e-05,100.02994224332917,0.003,8.35419025941931,10,0.009912331196805423,94.5419025941931,analytical threshold-event sensitivity; not Max-Cut ground truth
16,65536,4,6.103515625e-05,100.02994224332917,0.003,10.374716437208077,10,0.009912331196805423,114.74716437208077,analytical threshold-event sensitivity; not Max-Cut ground truth
16,65536,4,6.103515625e-05,100.02994224332917,0.003,12.883922655594034,10,0.009912331196805423,139.83922655594034,analytical threshold-event sensitivity; not Max-Cut ground truth
16,65536,4,6.103515625e-05,100.02994224332917,0.003,16.0,10,0.009912331196805423,171.0,analytical threshold-event sensitivity; not Max-Cut ground truth
16,65536,16,0.000244140625,49.76343700822132,0.0,0.5,37,0.849160472840825,56.5,analytical threshold-event sensitivity; not Max-Cut ground truth
16,65536,16,0.000244140625,49.76343700822132,0.0,0.620928906036742,37,0.849160472840825,60.97436952335946,analytical threshold-event sensitivity; not Max-Cut ground truth
16,65536,16,0.000244140625,49.76343700822132,0.0,0.7711054127039704,37,0.849160472840825,66.53090027004691,analytical threshold-event sensitivity; not Max-Cut ground truth
16,65536,16,0.000244140625,49.76343700822132,0.0,0.9576032806985736,37,0.849160472840825,73.43132138584721,analytical threshold-event sensitivity; not Max-Cut ground truth
16,65536,16,0.000244140625,49.76343700822132,0.0,1.189207115002721,37,0.849160472840825,82.00066325510068,analytical threshold-event sensitivity; not Max-Cut ground truth
16,65536,16,0.000244140625,49.76343700822132,0.0,1.4768261459394993,37,0.849160472840825,92.64256739976149,analytical threshold-event sensitivity; not Max-Cut ground truth
16,65536,16,0.000244140625,49.76343700822132,0.0,1.8340080864093424,37,0.849160472840825,105.85829919714568,analytical threshold-event sensitivity; not Max-Cut ground truth
16,65536,16,0.000244140625,49.76343700822132,0.0,2.2775772695133836,37,0.849160472840825,122.2703589719952,analytical threshold-event sensitivity; not Max-Cut ground truth
16,65536,16,0.000244140625,49.76343700822132,0.0,2.8284271247461903,37,0.849160472840825,142.65180361560905,analytical threshold-event sensitivity; not Max-Cut ground truth
16,65536,16,0.000244140625,49.76343700822132,0.0,3.5125043207466,37,0.849160472840825,167.96265986762418,analytical threshold-event sensitivity; not Max-Cut ground truth
16,65536,16,0.000244140625,49.76343700822132,0.0,4.362030930661032,37,0.849160472840825,199.39514443445816,analytical threshold-event sensitivity; not Max-Cut ground truth
16,65536,16,0.000244140625,49.76343700822132,0.0,5.41702218774757,37,0.849160472840825,238.42982094666007,analytical threshold-event sensitivity; not Max-Cut ground truth
16,65536,16,0.000244140625,49.76343700822132,0.0,6.727171322029715,37,0.849160472840825,286.90533891509943,analytical threshold-event sensitivity; not Max-Cut ground truth
16,65536,16,0.000244140625,49.76343700822132,0.0,8.35419025941931,37,0.849160472840825,347.10503959851445,analytical threshold-event sensitivity; not Max-Cut ground truth
16,65536,16,0.000244140625,49.76343700822132,0.0,10.374716437208077,37,0.849160472840825,421.86450817669885,analytical threshold-event sensitivity; not Max-Cut ground truth
16,65536,16,0.000244140625,49.76343700822132,0.0,12.883922655594034,37,0.849160472840825,514.7051382569792,analytical threshold-event sensitivity; not Max-Cut ground truth
16,65536,16,0.000244140625,49.76343700822132,0.0,16.0,37,0.849160472840825,630.0,analytical threshold-event sensitivity; not Max-Cut ground truth
16,65536,16,0.000244140625,49.76343700822132,0.00025,0.5,32,0.5638689845683144,49.0,analytical threshold-event sensitivity; not Max-Cut ground truth
16,65536,16,0.000244140625,49.76343700822132,0.00025,0.620928906036742,32,0.5638689845683144,52.869724993175744,analytical threshold-event sensitivity; not Max-Cut ground truth
16,65536,16,0.000244140625,49.76343700822132,0.00025,0.7711054127039704,32,0.5638689845683144,57.675373206527055,analytical threshold-event sensitivity; not Max-Cut ground truth
16,65536,16,0.000244140625,49.76343700822132,0.00025,0.9576032806985736,32,0.5638689845683144,63.64330498235435,analytical threshold-event sensitivity; not Max-Cut ground truth
16,65536,16,0.000244140625,49.76343700822132,0.00025,1.189207115002721,32,0.5638689845683144,71.05462768008707,analytical threshold-event sensitivity; not Max-Cut ground truth
16,65536,16,0.000244140625,49.76343700822132,0.00025,1.4768261459394993,32,0.5638689845683144,80.25843667006399,analytical threshold-event sensitivity; not Max-Cut ground truth
16,65536,16,0.000244140625,49.76343700822132,0.00025,1.8340080864093424,32,0.5638689845683144,91.68825876509896,analytical threshold-event sensitivity; not Max-Cut ground truth
16,65536,16,0.000244140625,49.76343700822132,0.00025,2.2775772695133836,32,0.5638689845683144,105.88247262442827,analytical threshold-event sensitivity; not Max-Cut ground truth
16,65536,16,0.000244140625,49.76343700822132,0.00025,2.8284271247461903,32,0.5638689845683144,123.50966799187809,analytical threshold-event sensitivity; not Max-Cut ground truth
16,65536,16,0.000244140625,49.76343700822132,0.00025,3.5125043207466,32,0.5638689845683144,145.4001382638912,analytical threshold-event sensitivity; not Max-Cut ground truth
16,65536,16,0.000244140625,49.76343700822132,0.00025,4.362030930661032,32,0.5638689845683144,172.584989781153,analytical threshold-event sensitivity; not Max-Cut ground truth
16,65536,16,0.000244140625,49.76343700822132,0.00025,5.41702218774757,32,0.5638689845683144,206.34471000792223,analytical threshold-event sensitivity; not Max-Cut ground truth
16,65536,16,0.000244140625,49.76343700822132,0.00025,6.727171322029715,32,0.5638689845683144,248.26948230495088,analytical threshold-event sensitivity; not Max-Cut ground truth
16,65536,16,0.000244140625,49.76343700822132,0.00025,8.35419025941931,32,0.5638689845683144,300.3340883014179,analytical threshold-event sensitivity; not Max-Cut ground truth
16,65536,16,0.000244140625,49.76343700822132,0.00025,10.374716437208077,32,0.5638689845683144,364.99092599065847,analytical threshold-event sensitivity; not Max-Cut ground truth
16,65536,16,0.000244140625,49.76343700822132,0.00025,12.883922655594034,32,0.5638689845683144,445.2855249790091,analytical threshold-event sensitivity; not Max-Cut ground truth
16,65536,16,0.000244140625,49.76343700822132,0.00025,16.0,32,0.5638689845683144,545.0,analytical threshold-event sensitivity; not Max-Cut ground truth
16,65536,16,0.000244140625,49.76343700822132,0.0005,0.5,28,0.39126322960158244,43.0,analytical threshold-event sensitivity; not Max-Cut ground truth
16,65536,16,0.000244140625,49.76343700822132,0.0005,0.620928906036742,28,0.39126322960158244,46.38600936902878,analytical threshold-event sensitivity; not Max-Cut ground truth
16,65536,16,0.000244140625,49.76343700822132,0.0005,0.7711054127039704,28,0.39126322960158244,50.59095155571117,analytical threshold-event sensitivity; not Max-Cut ground truth
16,65536,16,0.000244140625,49.76343700822132,0.0005,0.9576032806985736,28,0.39126322960158244,55.812891859560054,analytical threshold-event sensitivity; not Max-Cut ground truth
16,65536,16,0.000244140625,49.76343700822132,0.0005,1.189207115002721,28,0.39126322960158244,62.297799220076186,analytical threshold-event sensitivity; not Max-Cut ground truth
16,65536,16,0.000244140625,49.76343700822132,0.0005,1.4768261459394993,28,0.39126322960158244,70.351132086306,analytical threshold-event sensitivity; not Max-Cut ground truth
16,65536,16,0.000244140625,49.76343700822132,0.0005,1.8340080864093424,28,0.39126322960158244,80.3522264194616,analytical threshold-event sensitivity; not Max-Cut ground truth
16,65536,16,0.000244140625,49.76343700822132,0.0005,2.2775772695133836,28,0.39126322960158244,92.77216354637474,analytical threshold-event sensitivity; not Max-Cut ground truth
16,65536,16,0.000244140625,49.76343700822132,0.0005,2.8284271247461903,28,0.39126322960158244,108.19595949289332,analytical threshold-event sensitivity; not Max-Cut ground truth
16,65536,16,0.000244140625,49.76343700822132,0.0005,3.5125043207466,28,0.39126322960158244,127.35012098090479,analytical threshold-event sensitivity; not Max-Cut ground truth
16,65536,16,0.000244140625,49.76343700822132,0.0005,4.362030930661032,28,0.39126322960158244,151.13686605850887,analytical threshold-event sensitivity; not Max-Cut ground truth
16,65536,16,0.000244140625,49.76343700822132,0.0005,5.41702218774757,28,0.39126322960158244,180.67662125693195,analytical threshold-event sensitivity; not Max-Cut ground truth
16,65536,16,0.000244140625,49.76343700822132,0.0005,6.727171322029715,28,0.39126322960158244,217.360797016832,analytical threshold-event sensitivity; not Max-Cut ground truth
16,65536,16,0.000244140625,49.76343700822132,0.0005,8.35419025941931,28,0.39126322960158244,262.9173272637407,analytical threshold-event sensitivity; not Max-Cut ground truth
16,65536,16,0.000244140625,49.76343700822132,0.0005,10.374716437208077,28,0.39126322960158244,319.49206024182615,analytical threshold-event sensitivity; not Max-Cut ground truth
16,65536,16,0.000244140625,49.76343700822132,0.0005,12.883922655594034,28,0.39126322960158244,389.74983435663296,analytical threshold-event sensitivity; not Max-Cut ground truth
16,65536,16,0.000244140625,49.76343700822132,0.0005,16.0,28,0.39126322960158244,477.0,analytical threshold-event sensitivity; not Max-Cut ground truth
16,65536,16,0.000244140625,49.76343700822132,0.00075,0.5,25,0.28496424374379525,38.5,analytical threshold-event sensitivity; not Max-Cut ground truth
16,65536,16,0.000244140625,49.76343700822132,0.00075,0.620928906036742,25,0.28496424374379525,41.52322265091855,analytical threshold-event sensitivity; not Max-Cut ground truth
16,65536,16,0.000244140625,49.76343700822132,0.00075,0.7711054127039704,25,0.28496424374379525,45.27763531759926,analytical threshold-event sensitivity; not Max-Cut ground truth
16,65536,16,0.000244140625,49.76343700822132,0.00075,0.9576032806985736,25,0.28496424374379525,49.940082017464334,analytical threshold-event sensitivity; not Max-Cut ground truth
16,65536,16,0.000244140625,49.76343700822132,0.00075,1.189207115002721,25,0.28496424374379525,55.73017787506802,analytical threshold-event sensitivity; not Max-Cut ground truth
16,65536,16,0.000244140625,49.76343700822132,0.00075,1.4768261459394993,25,0.28496424374379525,62.92065364848749,analytical threshold-event sensitivity; not Max-Cut ground truth
16,65536,16,0.000244140625,49.76343700822132,0.00075,1.8340080864093424,25,0.28496424374379525,71.85020216023356,analytical threshold-event sensitivity; not Max-Cut ground truth
16,65536,16,0.000244140625,49.76343700822132,0.00075,2.2775772695133836,25,0.28496424374379525,82.9394317378346,analytical threshold-event sensitivity; not Max-Cut ground truth
16,65536,16,0.000244140625,49.76343700822132,0.00075,2.8284271247461903,25,0.28496424374379525,96.71067811865476,analytical threshold-event sensitivity; not Max-Cut ground truth
16,65536,16,0.000244140625,49.76343700822132,0.00075,3.5125043207466,25,0.28496424374379525,113.81260801866499,analytical threshold-event sensitivity; not Max-Cut ground truth
16,65536,16,0.000244140625,49.76343700822132,0.00075,4.362030930661032,25,0.28496424374379525,135.0507732665258,analytical threshold-event sensitivity; not Max-Cut ground truth
16,65536,16,0.000244140625,49.76343700822132,0.00075,5.41702218774757,24,0.2736456785956907,155.00853250594167,analytical threshold-event sensitivity; not Max-Cut ground truth
16,65536,16,0.000244140625,49.76343700822132,0.00075,6.727171322029715,24,0.2736456785956907,186.45211172871316,analytical threshold-event sensitivity; not Max-Cut ground truth
16,65536,16,0.000244140625,49.76343700822132,0.00075,8.35419025941931,24,0.2736456785956907,225.50056622606343,analytical threshold-event sensitivity; not Max-Cut ground truth
16,65536,16,0.000244140625,49.76343700822132,0.00075,10.374716437208077,24,0.2736456785956907,273.99319449299384,analytical threshold-event sensitivity; not Max-Cut ground truth
16,65536,16,0.000244140625,49.76343700822132,0.00075,12.883922655594034,24,0.2736456785956907,334.2141437342568,analytical threshold-event sensitivity; not Max-Cut ground truth
16,65536,16,0.000244140625,49.76343700822132,0.00075,16.0,24,0.2736456785956907,409.0,analytical threshold-event sensitivity; not Max-Cut ground truth
16,65536,16,0.000244140625,49.76343700822132,0.001,0.5,22,0.20972190805816934,34.0,analytical threshold-event sensitivity; not Max-Cut ground truth
16,65536,16,0.000244140625,49.76343700822132,0.001,0.620928906036742,22,0.20972190805816934,36.660435932808326,analytical threshold-event sensitivity; not Max-Cut ground truth
16,65536,16,0.000244140625,49.76343700822132,0.001,0.7711054127039704,22,0.20972190805816934,39.96431907948735,analytical threshold-event sensitivity; not Max-Cut ground truth
16,65536,16,0.000244140625,49.76343700822132,0.001,0.9576032806985736,22,0.20972190805816934,44.067272175368615,analytical threshold-event sensitivity; not Max-Cut ground truth
16,65536,16,0.000244140625,49.76343700822132,0.001,1.189207115002721,22,0.20972190805816934,49.16255653005986,analytical threshold-event sensitivity; not Max-Cut ground truth
16,65536,16,0.000244140625,49.76343700822132,0.001,1.4768261459394993,22,0.20972190805816934,55.490175210668994,analytical threshold-event sensitivity; not Max-Cut ground truth
16,65536,16,0.000244140625,49.76343700822132,0.001,1.8340080864093424,22,0.20972190805816934,63.34817790100554,analytical threshold-event sensitivity; not Max-Cut ground truth
16,65536,16,0.000244140625,49.76343700822132,0.001,2.2775772695133836,22,0.20972190805816934,73.10669992929444,analytical threshold-event sensitivity; not Max-Cut ground truth
16,65536,16,0.000244140625,49.76343700822132,0.001,2.8284271247461903,22,0.20972190805816934,85.22539674441619,analytical threshold-event sensitivity; not Max-Cut ground truth
16,65536,16,0.000244140625,49.76343700822132,0.001,3.5125043207466,22,0.20972190805816934,100.2750950564252,analytical threshold-event sensitivity; not Max-Cut ground truth
16,65536,16,0.000244140625,49.76343700822132,0.001,4.362030930661032,22,0.20972190805816934,118.96468047454269,analytical threshold-event sensitivity; not Max-Cut ground truth
16,65536,16,0.000244140625,49.76343700822132,0.001,5.41702218774757,21,0.2002676529042366,135.75746594269896,analytical threshold-event sensitivity; not Max-Cut ground truth
16,65536,16,0.000244140625,49.76343700822132,0.001,6.727171322029715,21,0.2002676529042366,163.27059776262402,analytical threshold-event sensitivity; not Max-Cut ground truth
16,65536,16,0.000244140625,49.76343700822132,0.001,8.35419025941931,21,0.2002676529042366,197.43799544780552,analytical threshold-event sensitivity; not Max-Cut ground truth
16,65536,16,0.000244140625,49.76343700822132,0.001,10.374716437208077,21,0.2002676529042366,239.86904518136961,analytical threshold-event sensitivity; not Max-Cut ground truth
16,65536,16,0.000244140625,49.76343700822132,0.001,12.883922655594034,21,0.2002676529042366,292.5623757674747,analytical threshold-event sensitivity; not Max-Cut ground truth
16,65536,16,0.000244140625,49.76343700822132,0.001,16.0,21,0.2002676529042366,358.0,analytical threshold-event sensitivity; not Max-Cut ground truth
16,65536,16,0.000244140625,49.76343700822132,0.00125,0.5,19,0.15475370766715912,29.5,analytical threshold-event sensitivity; not Max-Cut ground truth
16,65536,16,0.000244140625,49.76343700822132,0.00125,0.620928906036742,19,0.15475370766715912,31.797649214698097,analytical threshold-event sensitivity; not Max-Cut ground truth
16,65536,16,0.000244140625,49.76343700822132,0.00125,0.7711054127039704,19,0.15475370766715912,34.65100284137544,analytical threshold-event sensitivity; not Max-Cut ground truth
16,65536,16,0.000244140625,49.76343700822132,0.00125,0.9576032806985736,19,0.15475370766715912,38.194462333272895,analytical threshold-event sensitivity; not Max-Cut ground truth
16,65536,16,0.000244140625,49.76343700822132,0.00125,1.189207115002721,19,0.15475370766715912,42.594935185051696,analytical threshold-event sensitivity; not Max-Cut ground truth
16,65536,16,0.000244140625,49.76343700822132,0.00125,1.4768261459394993,19,0.15475370766715912,48.059696772850494,analytical threshold-event sensitivity; not Max-Cut ground truth
16,65536,16,0.000244140625,49.76343700822132,0.00125,1.8340080864093424,19,0.15475370766715912,54.84615364177751,analytical threshold-event sensitivity; not Max-Cut ground truth
16,65536,16,0.000244140625,49.76343700822132,0.00125,2.2775772695133836,19,0.15475370766715912,63.27396812075429,analytical threshold-event sensitivity; not Max-Cut ground truth
16,65536,16,0.000244140625,49.76343700822132,0.00125,2.8284271247461903,19,0.15475370766715912,73.74011537017762,analytical threshold-event sensitivity; not Max-Cut ground truth
16,65536,16,0.000244140625,49.76343700822132,0.00125,3.5125043207466,19,0.15475370766715912,86.7375820941854,analytical threshold-event sensitivity; not Max-Cut ground truth
16,65536,16,0.000244140625,49.76343700822132,0.00125,4.362030930661032,19,0.15475370766715912,102.8785876825596,analytical threshold-event sensitivity; not Max-Cut ground truth
16,65536,16,0.000244140625,49.76343700822132,0.00125,5.41702218774757,19,0.15475370766715912,122.92342156720383,analytical threshold-event sensitivity; not Max-Cut ground truth
16,65536,16,0.000244140625,49.76343700822132,0.00125,6.727171322029715,19,0.15475370766715912,147.81625511856458,analytical threshold-event sensitivity; not Max-Cut ground truth
16,65536,16,0.000244140625,49.76343700822132,0.00125,8.35419025941931,19,0.15475370766715912,178.7296149289669,analytical threshold-event sensitivity; not Max-Cut ground truth
16,65536,16,0.000244140625,49.76343700822132,0.00125,10.374716437208077,19,0.15475370766715912,217.11961230695346,analytical threshold-event sensitivity; not Max-Cut ground truth
16,65536,16,0.000244140625,49.76343700822132,0.00125,12.883922655594034,19,0.15475370766715912,264.7945304562867,analytical threshold-event sensitivity; not Max-Cut ground truth
16,65536,16,0.000244140625,49.76343700822132,0.00125,16.0,19,0.15475370766715912,324.0,analytical threshold-event sensitivity; not Max-Cut ground truth
16,65536,16,0.000244140625,49.76343700822132,0.0015,0.5,17,0.12030792011400512,26.5,analytical threshold-event sensitivity; not Max-Cut ground truth
16,65536,16,0.000244140625,49.76343700822132,0.0015,0.620928906036742,17,0.12030792011400512,28.555791402624614,analytical threshold-event sensitivity; not Max-Cut ground truth
16,65536,16,0.000244140625,49.76343700822132,0.0015,0.7711054127039704,17,0.12030792011400512,31.1087920159675,analytical threshold-event sensitivity; not Max-Cut ground truth
16,65536,16,0.000244140625,49.76343700822132,0.0015,0.9576032806985736,17,0.12030792011400512,34.27925577187575,analytical threshold-event sensitivity; not Max-Cut ground truth
16,65536,16,0.000244140625,49.76343700822132,0.0015,1.189207115002721,17,0.12030792011400512,38.216520955046256,analytical threshold-event sensitivity; not Max-Cut ground truth
16,65536,16,0.000244140625,49.76343700822132,0.0015,1.4768261459394993,17,0.12030792011400512,43.10604448097149,analytical threshold-event sensitivity; not Max-Cut ground truth
16,65536,16,0.000244140625,49.76343700822132,0.0015,1.8340080864093424,17,0.12030792011400512,49.17813746895882,analytical threshold-event sensitivity; not Max-Cut ground truth
16,65536,16,0.000244140625,49.76343700822132,0.0015,2.2775772695133836,17,0.12030792011400512,56.718813581727524,analytical threshold-event sensitivity; not Max-Cut ground truth
16,65536,16,0.000244140625,49.76343700822132,0.0015,2.8284271247461903,17,0.12030792011400512,66.08326112068524,analytical threshold-event sensitivity; not Max-Cut ground truth
16,65536,16,0.000244140625,49.76343700822132,0.0015,3.5125043207466,17,0.12030792011400512,77.7125734526922,analytical threshold-event sensitivity; not Max-Cut ground truth
16,65536,16,0.000244140625,49.76343700822132,0.0015,4.362030930661032,17,0.12030792011400512,92.15452582123754,analytical threshold-event sensitivity; not Max-Cut ground truth
16,65536,16,0.000244140625,49.76343700822132,0.0015,5.41702218774757,17,0.12030792011400512,110.08937719170868,analytical threshold-event sensitivity; not Max-Cut ground truth
16,65536,16,0.000244140625,49.76343700822132,0.0015,6.727171322029715,17,0.12030792011400512,132.36191247450515,analytical threshold-event sensitivity; not Max-Cut ground truth
16,65536,16,0.000244140625,49.76343700822132,0.0015,8.35419025941931,17,0.12030792011400512,160.02123441012827,analytical threshold-event sensitivity; not Max-Cut ground truth
16,65536,16,0.000244140625,49.76343700822132,0.0015,10.374716437208077,17,0.12030792011400512,194.3701794325373,analytical threshold-event sensitivity; not Max-Cut ground truth
16,65536,16,0.000244140625,49.76343700822132,0.0015,12.883922655594034,17,0.12030792011400512,237.02668514509858,analytical threshold-event sensitivity; not Max-Cut ground truth
16,65536,16,0.000244140625,49.76343700822132,0.0015,16.0,17,0.12030792011400512,290.0,analytical threshold-event sensitivity; not Max-Cut ground truth
16,65536,16,0.000244140625,49.76343700822132,0.00175,0.5,16,0.09959941577174701,25.0,analytical threshold-event sensitivity; not Max-Cut ground truth
16,65536,16,0.000244140625,49.76343700822132,0.00175,0.620928906036742,15,0.09361692250700324,25.31393359055113,analytical threshold-event sensitivity; not Max-Cut ground truth
16,65536,16,0.000244140625,49.76343700822132,0.00175,0.7711054127039704,15,0.09361692250700324,27.566581190559557,analytical threshold-event sensitivity; not Max-Cut ground truth
16,65536,16,0.000244140625,49.76343700822132,0.00175,0.9576032806985736,15,0.09361692250700324,30.3640492104786,analytical threshold-event sensitivity; not Max-Cut ground truth
16,65536,16,0.000244140625,49.76343700822132,0.00175,1.189207115002721,15,0.09361692250700324,33.83810672504081,analytical threshold-event sensitivity; not Max-Cut ground truth
16,65536,16,0.000244140625,49.76343700822132,0.00175,1.4768261459394993,15,0.09361692250700324,38.152392189092495,analytical threshold-event sensitivity; not Max-Cut ground truth
16,65536,16,0.000244140625,49.76343700822132,0.00175,1.8340080864093424,15,0.09361692250700324,43.51012129614014,analytical threshold-event sensitivity; not Max-Cut ground truth
16,65536,16,0.000244140625,49.76343700822132,0.00175,2.2775772695133836,15,0.09361692250700324,50.16365904270075,analytical threshold-event sensitivity; not Max-Cut ground truth
16,65536,16,0.000244140625,49.76343700822132,0.00175,2.8284271247461903,15,0.09361692250700324,58.42640687119285,analytical threshold-event sensitivity; not Max-Cut ground truth
16,65536,16,0.000244140625,49.76343700822132,0.00175,3.5125043207466,15,0.09361692250700324,68.687564811199,analytical threshold-event sensitivity; not Max-Cut ground truth
16,65536,16,0.000244140625,49.76343700822132,0.00175,4.362030930661032,15,0.09361692250700324,81.43046395991547,analytical threshold-event sensitivity; not Max-Cut ground truth
16,65536,16,0.000244140625,49.76343700822132,0.00175,5.41702218774757,15,0.09361692250700324,97.25533281621355,analytical threshold-event sensitivity; not Max-Cut ground truth
16,65536,16,0.000244140625,49.76343700822132,0.00175,6.727171322029715,15,0.09361692250700324,116.90756983044572,analytical threshold-event sensitivity; not Max-Cut ground truth
16,65536,16,0.000244140625,49.76343700822132,0.00175,8.35419025941931,15,0.09361692250700324,141.31285389128965,analytical threshold-event sensitivity; not Max-Cut ground truth
16,65536,16,0.000244140625,49.76343700822132,0.00175,10.374716437208077,15,0.09361692250700324,171.62074655812117,analytical threshold-event sensitivity; not Max-Cut ground truth
16,65536,16,0.000244140625,49.76343700822132,0.00175,12.883922655594034,15,0.09361692250700324,209.2588398339105,analytical threshold-event sensitivity; not Max-Cut ground truth
16,65536,16,0.000244140625,49.76343700822132,0.00175,16.0,15,0.09361692250700324,256.0,analytical threshold-event sensitivity; not Max-Cut ground truth
16,65536,16,0.000244140625,49.76343700822132,0.002,0.5,14,0.0779245569921312,22.0,analytical threshold-event sensitivity; not Max-Cut ground truth
16,65536,16,0.000244140625,49.76343700822132,0.002,0.620928906036742,14,0.0779245569921312,23.69300468451439,analytical threshold-event sensitivity; not Max-Cut ground truth
16,65536,16,0.000244140625,49.76343700822132,0.002,0.7711054127039704,14,0.0779245569921312,25.795475777855586,analytical threshold-event sensitivity; not Max-Cut ground truth
16,65536,16,0.000244140625,49.76343700822132,0.002,0.9576032806985736,14,0.0779245569921312,28.406445929780027,analytical threshold-event sensitivity; not Max-Cut ground truth
16,65536,16,0.000244140625,49.76343700822132,0.002,1.189207115002721,14,0.0779245569921312,31.648899610038093,analytical threshold-event sensitivity; not Max-Cut ground truth
16,65536,16,0.000244140625,49.76343700822132,0.002,1.4768261459394993,14,0.0779245569921312,35.675566043153,analytical threshold-event sensitivity; not Max-Cut ground truth
16,65536,16,0.000244140625,49.76343700822132,0.002,1.8340080864093424,14,0.0779245569921312,40.6761132097308,analytical threshold-event sensitivity; not Max-Cut ground truth
16,65536,16,0.000244140625,49.76343700822132,0.002,2.2775772695133836,14,0.0779245569921312,46.88608177318737,analytical threshold-event sensitivity; not Max-Cut ground truth
16,65536,16,0.000244140625,49.76343700822132,0.002,2.8284271247461903,14,0.0779245569921312,54.59797974644666,analytical threshold-event sensitivity; not Max-Cut ground truth
16,65536,16,0.000244140625,49.76343700822132,0.002,3.5125043207466,14,0.0779245569921312,64.1750604904524,analytical threshold-event sensitivity; not Max-Cut ground truth
16,65536,16,0.000244140625,49.76343700822132,0.002,4.362030930661032,14,0.0779245569921312,76.06843302925444,analytical threshold-event sensitivity; not Max-Cut ground truth
16,65536,16,0.000244140625,49.76343700822132,0.002,5.41702218774757,14,0.0779245569921312,90.83831062846598,analytical threshold-event sensitivity; not Max-Cut ground truth
16,65536,16,0.000244140625,49.76343700822132,0.002,6.727171322029715,14,0.0779245569921312,109.180398508416,analytical threshold-event sensitivity; not Max-Cut ground truth
16,65536,16,0.000244140625,49.76343700822132,0.002,8.35419025941931,14,0.0779245569921312,131.95866363187034,analytical threshold-event sensitivity; not Max-Cut ground truth
16,65536,16,0.000244140625,49.76343700822132,0.002,10.374716437208077,14,0.0779245569921312,160.24603012091308,analytical threshold-event sensitivity; not Max-Cut ground truth
16,65536,16,0.000244140625,49.76343700822132,0.002,12.883922655594034,13,0.07238920473832099,181.49099452272245,analytical threshold-event sensitivity; not Max-Cut ground truth
16,65536,16,0.000244140625,49.76343700822132,0.002,16.0,13,0.07238920473832099,222.0,analytical threshold-event sensitivity; not Max-Cut ground truth
16,65536,16,0.000244140625,49.76343700822132,0.0022500000000000003,0.5,13,0.06517377619642828,20.5,analytical threshold-event sensitivity; not Max-Cut ground truth
16,65536,16,0.000244140625,49.76343700822132,0.0022500000000000003,0.620928906036742,13,0.06517377619642828,22.072075778477647,analytical threshold-event sensitivity; not Max-Cut ground truth
16,65536,16,0.000244140625,49.76343700822132,0.0022500000000000003,0.7711054127039704,13,0.06517377619642828,24.024370365151615,analytical threshold-event sensitivity; not Max-Cut ground truth
16,65536,16,0.000244140625,49.76343700822132,0.0022500000000000003,0.9576032806985736,13,0.06517377619642828,26.448842649081456,analytical threshold-event sensitivity; not Max-Cut ground truth
16,65536,16,0.000244140625,49.76343700822132,0.0022500000000000003,1.189207115002721,13,0.06517377619642828,29.45969249503537,analytical threshold-event sensitivity; not Max-Cut ground truth
16,65536,16,0.000244140625,49.76343700822132,0.0022500000000000003,1.4768261459394993,13,0.06517377619642828,33.19873989721349,analytical threshold-event sensitivity; not Max-Cut ground truth
16,65536,16,0.000244140625,49.76343700822132,0.0022500000000000003,1.8340080864093424,13,0.06517377619642828,37.84210512332145,analytical threshold-event sensitivity; not Max-Cut ground truth
16,65536,16,0.000244140625,49.76343700822132,0.0022500000000000003,2.2775772695133836,12,0.060291678992490494,40.330927234160605,analytical threshold-event sensitivity; not Max-Cut ground truth
16,65536,16,0.000244140625,49.76343700822132,0.0022500000000000003,2.8284271247461903,12,0.060291678992490494,46.941125496954285,analytical threshold-event sensitivity; not Max-Cut ground truth
16,65536,16,0.000244140625,49.76343700822132,0.0022500000000000003,3.5125043207466,12,0.060291678992490494,55.150051848959194,analytical threshold-event sensitivity; not Max-Cut ground truth
16,65536,16,0.000244140625,49.76343700822132,0.0022500000000000003,4.362030930661032,12,0.060291678992490494,65.34437116793238,analytical threshold-event sensitivity; not Max-Cut ground truth
16,65536,16,0.000244140625,49.76343700822132,0.0022500000000000003,5.41702218774757,12,0.060291678992490494,78.00426625297084,analytical threshold-event sensitivity; not Max-Cut ground truth
16,65536,16,0.000244140625,49.76343700822132,0.0022500000000000003,6.727171322029715,12,0.060291678992490494,93.72605586435658,analytical threshold-event sensitivity; not Max-Cut ground truth
16,65536,16,0.000244140625,49.76343700822132,0.0022500000000000003,8.35419025941931,12,0.060291678992490494,113.25028311303171,analytical threshold-event sensitivity; not Max-Cut ground truth
16,65536,16,0.000244140625,49.76343700822132,0.0022500000000000003,10.374716437208077,12,0.060291678992490494,137.49659724649692,analytical threshold-event sensitivity; not Max-Cut ground truth
16,65536,16,0.000244140625,49.76343700822132,0.0022500000000000003,12.883922655594034,12,0.060291678992490494,167.6070718671284,analytical threshold-event sensitivity; not Max-Cut ground truth
16,65536,16,0.000244140625,49.76343700822132,0.0022500000000000003,16.0,12,0.060291678992490494,205.0,analytical threshold-event sensitivity; not Max-Cut ground truth
16,65536,16,0.000244140625,49.76343700822132,0.0025,0.5,12,0.05469072319041888,19.0,analytical threshold-event sensitivity; not Max-Cut ground truth
16,65536,16,0.000244140625,49.76343700822132,0.0025,0.620928906036742,12,0.05469072319041888,20.451146872440905,analytical threshold-event sensitivity; not Max-Cut ground truth
16,65536,16,0.000244140625,49.76343700822132,0.0025,0.7711054127039704,12,0.05469072319041888,22.253264952447644,analytical threshold-event sensitivity; not Max-Cut ground truth
16,65536,16,0.000244140625,49.76343700822132,0.0025,0.9576032806985736,12,0.05469072319041888,24.49123936838288,analytical threshold-event sensitivity; not Max-Cut ground truth
16,65536,16,0.000244140625,49.76343700822132,0.0025,1.189207115002721,12,0.05469072319041888,27.27048538003265,analytical threshold-event sensitivity; not Max-Cut ground truth
16,65536,16,0.000244140625,49.76343700822132,0.0025,1.4768261459394993,11,0.05029061106864968,28.245087605334497,analytical threshold-event sensitivity; not Max-Cut ground truth
16,65536,16,0.000244140625,49.76343700822132,0.0025,1.8340080864093424,11,0.05029061106864968,32.17408895050277,analytical threshold-event sensitivity; not Max-Cut ground truth
16,65536,16,0.000244140625,49.76343700822132,0.0025,2.2775772695133836,11,0.05029061106864968,37.05334996464722,analytical threshold-event sensitivity; not Max-Cut ground truth
16,65536,16,0.000244140625,49.76343700822132,0.0025,2.8284271247461903,11,0.05029061106864968,43.112698372208094,analytical threshold-event sensitivity; not Max-Cut ground truth
16,65536,16,0.000244140625,49.76343700822132,0.0025,3.5125043207466,11,0.05029061106864968,50.6375475282126,analytical threshold-event sensitivity; not Max-Cut ground truth
16,65536,16,0.000244140625,49.76343700822132,0.0025,4.362030930661032,11,0.05029061106864968,59.982340237271345,analytical threshold-event sensitivity; not Max-Cut ground truth
16,65536,16,0.000244140625,49.76343700822132,0.0025,5.41702218774757,11,0.05029061106864968,71.58724406522327,analytical threshold-event sensitivity; not Max-Cut ground truth
16,65536,16,0.000244140625,49.76343700822132,0.0025,6.727171322029715,11,0.05029061106864968,85.99888454232686,analytical threshold-event sensitivity; not Max-Cut ground truth
16,65536,16,0.000244140625,49.76343700822132,0.0025,8.35419025941931,11,0.05029061106864968,103.89609285361242,analytical threshold-event sensitivity; not Max-Cut ground truth
16,65536,16,0.000244140625,49.76343700822132,0.0025,10.374716437208077,11,0.05029061106864968,126.12188080928885,analytical threshold-event sensitivity; not Max-Cut ground truth
16,65536,16,0.000244140625,49.76343700822132,0.0025,12.883922655594034,11,0.05029061106864968,153.72314921153438,analytical threshold-event sensitivity; not Max-Cut ground truth
16,65536,16,0.000244140625,49.76343700822132,0.0025,16.0,11,0.05029061106864968,188.0,analytical threshold-event sensitivity; not Max-Cut ground truth
16,65536,16,0.000244140625,49.76343700822132,0.00275,0.5,11,0.045962157781985355,17.5,analytical threshold-event sensitivity; not Max-Cut ground truth
16,65536,16,0.000244140625,49.76343700822132,0.00275,0.620928906036742,11,0.045962157781985355,18.830217966404163,analytical threshold-event sensitivity; not Max-Cut ground truth
16,65536,16,0.000244140625,49.76343700822132,0.00275,0.7711054127039704,11,0.045962157781985355,20.482159539743677,analytical threshold-event sensitivity; not Max-Cut ground truth
16,65536,16,0.000244140625,49.76343700822132,0.00275,0.9576032806985736,11,0.045962157781985355,22.533636087684307,analytical threshold-event sensitivity; not Max-Cut ground truth
16,65536,16,0.000244140625,49.76343700822132,0.00275,1.189207115002721,11,0.045962157781985355,25.08127826502993,analytical threshold-event sensitivity; not Max-Cut ground truth
16,65536,16,0.000244140625,49.76343700822132,0.00275,1.4768261459394993,11,0.045962157781985355,28.245087605334497,analytical threshold-event sensitivity; not Max-Cut ground truth
16,65536,16,0.000244140625,49.76343700822132,0.00275,1.8340080864093424,11,0.045962157781985355,32.17408895050277,analytical threshold-event sensitivity; not Max-Cut ground truth
16,65536,16,0.000244140625,49.76343700822132,0.00275,2.2775772695133836,10,0.04191291753560657,33.77577269513384,analytical threshold-event sensitivity; not Max-Cut ground truth
16,65536,16,0.000244140625,49.76343700822132,0.00275,2.8284271247461903,10,0.04191291753560657,39.2842712474619,analytical threshold-event sensitivity; not Max-Cut ground truth
16,65536,16,0.000244140625,49.76343700822132,0.00275,3.5125043207466,10,0.04191291753560657,46.125043207466,analytical threshold-event sensitivity; not Max-Cut ground truth
16,65536,16,0.000244140625,49.76343700822132,0.00275,4.362030930661032,10,0.04191291753560657,54.62030930661032,analytical threshold-event sensitivity; not Max-Cut ground truth
16,65536,16,0.000244140625,49.76343700822132,0.00275,5.41702218774757,10,0.04191291753560657,65.1702218774757,analytical threshold-event sensitivity; not Max-Cut ground truth
16,65536,16,0.000244140625,49.76343700822132,0.00275,6.727171322029715,10,0.04191291753560657,78.27171322029716,analytical threshold-event sensitivity; not Max-Cut ground truth
16,65536,16,0.000244140625,49.76343700822132,0.00275,8.35419025941931,10,0.04191291753560657,94.5419025941931,analytical threshold-event sensitivity; not Max-Cut ground truth
16,65536,16,0.000244140625,49.76343700822132,0.00275,10.374716437208077,10,0.04191291753560657,114.74716437208077,analytical threshold-event sensitivity; not Max-Cut ground truth
16,65536,16,0.000244140625,49.76343700822132,0.00275,12.883922655594034,10,0.04191291753560657,139.83922655594034,analytical threshold-event sensitivity; not Max-Cut ground truth
16,65536,16,0.000244140625,49.76343700822132,0.00275,16.0,10,0.04191291753560657,171.0,analytical threshold-event sensitivity; not Max-Cut ground truth
16,65536,16,0.000244140625,49.76343700822132,0.003,0.5,10,0.03859389386073556,16.0,analytical threshold-event sensitivity; not Max-Cut ground truth
16,65536,16,0.000244140625,49.76343700822132,0.003,0.620928906036742,10,0.03859389386073556,17.20928906036742,analytical threshold-event sensitivity; not Max-Cut ground truth
16,65536,16,0.000244140625,49.76343700822132,0.003,0.7711054127039704,10,0.03859389386073556,18.711054127039706,analytical threshold-event sensitivity; not Max-Cut ground truth
16,65536,16,0.000244140625,49.76343700822132,0.003,0.9576032806985736,10,0.03859389386073556,20.576032806985737,analytical threshold-event sensitivity; not Max-Cut ground truth
16,65536,16,0.000244140625,49.76343700822132,0.003,1.189207115002721,10,0.03859389386073556,22.892071150027206,analytical threshold-event sensitivity; not Max-Cut ground truth
16,65536,16,0.000244140625,49.76343700822132,0.003,1.4768261459394993,10,0.03859389386073556,25.768261459394996,analytical threshold-event sensitivity; not Max-Cut ground truth
16,65536,16,0.000244140625,49.76343700822132,0.003,1.8340080864093424,10,0.03859389386073556,29.340080864093427,analytical threshold-event sensitivity; not Max-Cut ground truth
16,65536,16,0.000244140625,49.76343700822132,0.003,2.2775772695133836,10,0.03859389386073556,33.77577269513384,analytical threshold-event sensitivity; not Max-Cut ground truth
16,65536,16,0.000244140625,49.76343700822132,0.003,2.8284271247461903,10,0.03859389386073556,39.2842712474619,analytical threshold-event sensitivity; not Max-Cut ground truth
16,65536,16,0.000244140625,49.76343700822132,0.003,3.5125043207466,10,0.03859389386073556,46.125043207466,analytical threshold-event sensitivity; not Max-Cut ground truth
16,65536,16,0.000244140625,49.76343700822132,0.003,4.362030930661032,10,0.03859389386073556,54.62030930661032,analytical threshold-event sensitivity; not Max-Cut ground truth
16,65536,16,0.000244140625,49.76343700822132,0.003,5.41702218774757,9,0.034795254175771624,58.75319968972813,analytical threshold-event sensitivity; not Max-Cut ground truth
16,65536,16,0.000244140625,49.76343700822132,0.003,6.727171322029715,9,0.034795254175771624,70.54454189826744,analytical threshold-event sensitivity; not Max-Cut ground truth
16,65536,16,0.000244140625,49.76343700822132,0.003,8.35419025941931,9,0.034795254175771624,85.18771233477379,analytical threshold-event sensitivity; not Max-Cut ground truth
16,65536,16,0.000244140625,49.76343700822132,0.003,10.374716437208077,9,0.034795254175771624,103.3724479348727,analytical threshold-event sensitivity; not Max-Cut ground truth
16,65536,16,0.000244140625,49.76343700822132,0.003,12.883922655594034,9,0.034795254175771624,125.95530390034631,analytical threshold-event sensitivity; not Max-Cut ground truth
16,65536,16,0.000244140625,49.76343700822132,0.003,16.0,9,0.034795254175771624,154.0,analytical threshold-event sensitivity; not Max-Cut ground truth
20,1048576,1,9.5367431640625e-07,803.7475914872201,0.0,0.5,596,0.8442004787921812,895.0,analytical threshold-event sensitivity; not Max-Cut ground truth
20,1048576,1,9.5367431640625e-07,803.7475914872201,0.0,0.620928906036742,596,0.8442004787921812,967.0736279978983,analytical threshold-event sensitivity; not Max-Cut ground truth
20,1048576,1,9.5367431640625e-07,803.7475914872201,0.0,0.7711054127039704,596,0.8442004787921812,1056.5788259715664,analytical threshold-event sensitivity; not Max-Cut ground truth
20,1048576,1,9.5367431640625e-07,803.7475914872201,0.0,0.9576032806985736,596,0.8442004787921812,1167.7315552963498,analytical threshold-event sensitivity; not Max-Cut ground truth
20,1048576,1,9.5367431640625e-07,803.7475914872201,0.0,1.189207115002721,596,0.8442004787921812,1305.7674405416217,analytical threshold-event sensitivity; not Max-Cut ground truth
20,1048576,1,9.5367431640625e-07,803.7475914872201,0.0,1.4768261459394993,596,0.8442004787921812,1477.1883829799417,analytical threshold-event sensitivity; not Max-Cut ground truth
20,1048576,1,9.5367431640625e-07,803.7475914872201,0.0,1.8340080864093424,596,0.8442004787921812,1690.0688194999682,analytical threshold-event sensitivity; not Max-Cut ground truth
20,1048576,1,9.5367431640625e-07,803.7475914872201,0.0,2.2775772695133836,596,0.8442004787921812,1954.4360526299765,analytical threshold-event sensitivity; not Max-Cut ground truth
20,1048576,1,9.5367431640625e-07,803.7475914872201,0.0,2.8284271247461903,596,0.8442004787921812,2282.7425663487293,analytical threshold-event sensitivity; not Max-Cut ground truth
20,1048576,1,9.5367431640625e-07,803.7475914872201,0.0,3.5125043207466,596,0.8442004787921812,2690.4525751649735,analytical threshold-event sensitivity; not Max-Cut ground truth
20,1048576,1,9.5367431640625e-07,803.7475914872201,0.0,4.362030930661032,596,0.8442004787921812,3196.7704346739747,analytical threshold-event sensitivity; not Max-Cut ground truth
20,1048576,1,9.5367431640625e-07,803.7475914872201,0.0,5.41702218774757,596,0.8442004787921812,3825.5452238975518,analytical threshold-event sensitivity; not Max-Cut ground truth
20,1048576,1,9.5367431640625e-07,803.7475914872201,0.0,6.727171322029715,596,0.8442004787921812,4606.39410792971,analytical threshold-event sensitivity; not Max-Cut ground truth
20,1048576,1,9.5367431640625e-07,803.7475914872201,0.0,8.35419025941931,596,0.8442004787921812,5576.097394613908,analytical threshold-event sensitivity; not Max-Cut ground truth
20,1048576,1,9.5367431640625e-07,803.7475914872201,0.0,10.374716437208077,596,0.8442004787921812,6780.330996576014,analytical threshold-event sensitivity; not Max-Cut ground truth
20,1048576,1,9.5367431640625e-07,803.7475914872201,0.0,12.883922655594034,596,0.8442004787921812,8275.817902734045,analytical threshold-event sensitivity; not Max-Cut ground truth
20,1048576,1,9.5367431640625e-07,803.7475914872201,0.0,16.0,596,0.8442004787921812,10133.0,analytical threshold-event sensitivity; not Max-Cut ground truth
20,1048576,1,9.5367431640625e-07,803.7475914872201,0.00025,0.5,127,0.023257444654883812,191.5,analytical threshold-event sensitivity; not Max-Cut ground truth
20,1048576,1,9.5367431640625e-07,803.7475914872201,0.00025,0.620928906036742,127,0.023257444654883812,206.85797106666624,analytical threshold-event sensitivity; not Max-Cut ground truth
20,1048576,1,9.5367431640625e-07,803.7475914872201,0.00025,0.7711054127039704,127,0.023257444654883812,225.93038741340425,analytical threshold-event sensitivity; not Max-Cut ground truth
20,1048576,1,9.5367431640625e-07,803.7475914872201,0.00025,0.9576032806985736,127,0.023257444654883812,249.61561664871883,analytical threshold-event sensitivity; not Max-Cut ground truth
20,1048576,1,9.5367431640625e-07,803.7475914872201,0.00025,1.189207115002721,127,0.023257444654883812,279.02930360534555,analytical threshold-event sensitivity; not Max-Cut ground truth
20,1048576,1,9.5367431640625e-07,803.7475914872201,0.00025,1.4768261459394993,127,0.023257444654883812,315.5569205343164,analytical threshold-event sensitivity; not Max-Cut ground truth
20,1048576,1,9.5367431640625e-07,803.7475914872201,0.00025,1.8340080864093424,127,0.023257444654883812,360.9190269739865,analytical threshold-event sensitivity; not Max-Cut ground truth
20,1048576,1,9.5367431640625e-07,803.7475914872201,0.00025,2.2775772695133836,127,0.023257444654883812,417.25231322819974,analytical threshold-event sensitivity; not Max-Cut ground truth
20,1048576,1,9.5367431640625e-07,803.7475914872201,0.00025,2.8284271247461903,127,0.023257444654883812,487.21024484276614,analytical threshold-event sensitivity; not Max-Cut ground truth
20,1048576,1,9.5367431640625e-07,803.7475914872201,0.00025,3.5125043207466,127,0.023257444654883812,574.0880487348181,analytical threshold-event sensitivity; not Max-Cut ground truth
20,1048576,1,9.5367431640625e-07,803.7475914872201,0.00025,4.362030930661032,127,0.023257444654883812,681.977928193951,analytical threshold-event sensitivity; not Max-Cut ground truth
20,1048576,1,9.5367431640625e-07,803.7475914872201,0.00025,5.41702218774757,127,0.023257444654883812,815.9618178439414,analytical threshold-event sensitivity; not Max-Cut ground truth
20,1048576,1,9.5367431640625e-07,803.7475914872201,0.00025,6.727171322029715,127,0.023257444654883812,982.3507578977739,analytical threshold-event sensitivity; not Max-Cut ground truth
20,1048576,1,9.5367431640625e-07,803.7475914872201,0.00025,8.35419025941931,127,0.023257444654883812,1188.9821629462524,analytical threshold-event sensitivity; not Max-Cut ground truth
20,1048576,1,9.5367431640625e-07,803.7475914872201,0.00025,10.374716437208077,127,0.023257444654883812,1445.5889875254259,analytical threshold-event sensitivity; not Max-Cut ground truth
20,1048576,1,9.5367431640625e-07,803.7475914872201,0.00025,12.883922655594034,127,0.023257444654883812,1764.2581772604424,analytical threshold-event sensitivity; not Max-Cut ground truth
20,1048576,1,9.5367431640625e-07,803.7475914872201,0.00025,16.0,127,0.023257444654883812,2160.0,analytical threshold-event sensitivity; not Max-Cut ground truth
20,1048576,1,9.5367431640625e-07,803.7475914872201,0.0005,0.5,66,0.006140363198498276,100.0,analytical threshold-event sensitivity; not Max-Cut ground truth
20,1048576,1,9.5367431640625e-07,803.7475914872201,0.0005,0.620928906036742,66,0.006140363198498276,107.98130779842498,analytical threshold-event sensitivity; not Max-Cut ground truth
20,1048576,1,9.5367431640625e-07,803.7475914872201,0.0005,0.7711054127039704,65,0.006048125057713557,116.12185182575809,analytical threshold-event sensitivity; not Max-Cut ground truth
20,1048576,1,9.5367431640625e-07,803.7475914872201,0.0005,0.9576032806985736,65,0.006048125057713557,128.24421324540728,analytical threshold-event sensitivity; not Max-Cut ground truth
20,1048576,1,9.5367431640625e-07,803.7475914872201,0.0005,1.189207115002721,65,0.006048125057713557,143.29846247517685,analytical threshold-event sensitivity; not Max-Cut ground truth
20,1048576,1,9.5367431640625e-07,803.7475914872201,0.0005,1.4768261459394993,65,0.006048125057713557,161.99369948606747,analytical threshold-event sensitivity; not Max-Cut ground truth
20,1048576,1,9.5367431640625e-07,803.7475914872201,0.0005,1.8340080864093424,65,0.006048125057713557,185.21052561660727,analytical threshold-event sensitivity; not Max-Cut ground truth
20,1048576,1,9.5367431640625e-07,803.7475914872201,0.0005,2.2775772695133836,65,0.006048125057713557,214.04252251836994,analytical threshold-event sensitivity; not Max-Cut ground truth
20,1048576,1,9.5367431640625e-07,803.7475914872201,0.0005,2.8284271247461903,65,0.006048125057713557,249.84776310850236,analytical threshold-event sensitivity; not Max-Cut ground truth
20,1048576,1,9.5367431640625e-07,803.7475914872201,0.0005,3.5125043207466,65,0.006048125057713557,294.312780848529,analytical threshold-event sensitivity; not Max-Cut ground truth
20,1048576,1,9.5367431640625e-07,803.7475914872201,0.0005,4.362030930661032,65,0.006048125057713557,349.53201049296706,analytical threshold-event sensitivity; not Max-Cut ground truth
20,1048576,1,9.5367431640625e-07,803.7475914872201,0.0005,5.41702218774757,65,0.006048125057713557,418.10644220359205,analytical threshold-event sensitivity; not Max-Cut ground truth
20,1048576,1,9.5367431640625e-07,803.7475914872201,0.0005,6.727171322029715,65,0.006048125057713557,503.2661359319315,analytical threshold-event sensitivity; not Max-Cut ground truth
20,1048576,1,9.5367431640625e-07,803.7475914872201,0.0005,8.35419025941931,65,0.006048125057713557,609.0223668622551,analytical threshold-event sensitivity; not Max-Cut ground truth
20,1048576,1,9.5367431640625e-07,803.7475914872201,0.0005,10.374716437208077,65,0.006048125057713557,740.3565684185251,analytical threshold-event sensitivity; not Max-Cut ground truth
20,1048576,1,9.5367431640625e-07,803.7475914872201,0.0005,12.883922655594034,65,0.006048125057713557,903.4549726136122,analytical threshold-event sensitivity; not Max-Cut ground truth
20,1048576,1,9.5367431640625e-07,803.7475914872201,0.0005,16.0,65,0.006048125057713557,1106.0,analytical threshold-event sensitivity; not Max-Cut ground truth
20,1048576,1,9.5367431640625e-07,803.7475914872201,0.00075,0.5,44,0.0027375574244911335,67.0,analytical threshold-event sensitivity; not Max-Cut ground truth
20,1048576,1,9.5367431640625e-07,803.7475914872201,0.00075,0.620928906036742,44,0.0027375574244911335,72.32087186561665,analytical threshold-event sensitivity; not Max-Cut ground truth
20,1048576,1,9.5367431640625e-07,803.7475914872201,0.00075,0.7711054127039704,44,0.0027375574244911335,78.9286381589747,analytical threshold-event sensitivity; not Max-Cut ground truth
20,1048576,1,9.5367431640625e-07,803.7475914872201,0.00075,0.9576032806985736,44,0.0027375574244911335,87.13454435073723,analytical threshold-event sensitivity; not Max-Cut ground truth
20,1048576,1,9.5367431640625e-07,803.7475914872201,0.00075,1.189207115002721,44,0.0027375574244911335,97.32511306011972,analytical threshold-event sensitivity; not Max-Cut ground truth
20,1048576,1,9.5367431640625e-07,803.7475914872201,0.00075,1.4768261459394993,44,0.0027375574244911335,109.98035042133799,analytical threshold-event sensitivity; not Max-Cut ground truth
20,1048576,1,9.5367431640625e-07,803.7475914872201,0.00075,1.8340080864093424,44,0.0027375574244911335,125.69635580201108,analytical threshold-event sensitivity; not Max-Cut ground truth
20,1048576,1,9.5367431640625e-07,803.7475914872201,0.00075,2.2775772695133836,44,0.0027375574244911335,145.21339985858887,analytical threshold-event sensitivity; not Max-Cut ground truth
20,1048576,1,9.5367431640625e-07,803.7475914872201,0.00075,2.8284271247461903,43,0.0026757280798884644,165.6223663640862,analytical threshold-event sensitivity; not Max-Cut ground truth
20,1048576,1,9.5367431640625e-07,803.7475914872201,0.00075,3.5125043207466,43,0.0026757280798884644,195.0376857921038,analytical threshold-event sensitivity; not Max-Cut ground truth
20,1048576,1,9.5367431640625e-07,803.7475914872201,0.00075,4.362030930661032,43,0.0026757280798884644,231.56733001842437,analytical threshold-event sensitivity; not Max-Cut ground truth
20,1048576,1,9.5367431640625e-07,803.7475914872201,0.00075,5.41702218774757,43,0.0026757280798884644,276.9319540731455,analytical threshold-event sensitivity; not Max-Cut ground truth
20,1048576,1,9.5367431640625e-07,803.7475914872201,0.00075,6.727171322029715,43,0.0026757280798884644,333.2683668472778,analytical threshold-event sensitivity; not Max-Cut ground truth
20,1048576,1,9.5367431640625e-07,803.7475914872201,0.00075,8.35419025941931,43,0.0026757280798884644,403.2301811550303,analytical threshold-event sensitivity; not Max-Cut ground truth
20,1048576,1,9.5367431640625e-07,803.7475914872201,0.00075,10.374716437208077,43,0.0026757280798884644,490.1128067999473,analytical threshold-event sensitivity; not Max-Cut ground truth
20,1048576,1,9.5367431640625e-07,803.7475914872201,0.00075,12.883922655594034,43,0.0026757280798884644,598.0086741905435,analytical threshold-event sensitivity; not Max-Cut ground truth
20,1048576,1,9.5367431640625e-07,803.7475914872201,0.00075,16.0,43,0.0026757280798884644,732.0,analytical threshold-event sensitivity; not Max-Cut ground truth
20,1048576,1,9.5367431640625e-07,803.7475914872201,0.001,0.5,33,0.0015415216386461877,50.5,analytical threshold-event sensitivity; not Max-Cut ground truth
20,1048576,1,9.5367431640625e-07,803.7475914872201,0.001,0.620928906036742,33,0.0015415216386461877,54.49065389921249,analytical threshold-event sensitivity; not Max-Cut ground truth
20,1048576,1,9.5367431640625e-07,803.7475914872201,0.001,0.7711054127039704,33,0.0015415216386461877,59.44647861923102,analytical threshold-event sensitivity; not Max-Cut ground truth
20,1048576,1,9.5367431640625e-07,803.7475914872201,0.001,0.9576032806985736,33,0.0015415216386461877,65.60090826305293,analytical threshold-event sensitivity; not Max-Cut ground truth
20,1048576,1,9.5367431640625e-07,803.7475914872201,0.001,1.189207115002721,33,0.0015415216386461877,73.24383479508978,analytical threshold-event sensitivity; not Max-Cut ground truth
20,1048576,1,9.5367431640625e-07,803.7475914872201,0.001,1.4768261459394993,33,0.0015415216386461877,82.73526281600348,analytical threshold-event sensitivity; not Max-Cut ground truth
20,1048576,1,9.5367431640625e-07,803.7475914872201,0.001,1.8340080864093424,33,0.0015415216386461877,94.5222668515083,analytical threshold-event sensitivity; not Max-Cut ground truth
20,1048576,1,9.5367431640625e-07,803.7475914872201,0.001,2.2775772695133836,33,0.0015415216386461877,109.16004989394166,analytical threshold-event sensitivity; not Max-Cut ground truth
20,1048576,1,9.5367431640625e-07,803.7475914872201,0.001,2.8284271247461903,33,0.0015415216386461877,127.33809511662427,analytical threshold-event sensitivity; not Max-Cut ground truth
20,1048576,1,9.5367431640625e-07,803.7475914872201,0.001,3.5125043207466,32,0.001495174994656591,145.4001382638912,analytical threshold-event sensitivity; not Max-Cut ground truth
20,1048576,1,9.5367431640625e-07,803.7475914872201,0.001,4.362030930661032,32,0.001495174994656591,172.584989781153,analytical threshold-event sensitivity; not Max-Cut ground truth
20,1048576,1,9.5367431640625e-07,803.7475914872201,0.001,5.41702218774757,32,0.001495174994656591,206.34471000792223,analytical threshold-event sensitivity; not Max-Cut ground truth
20,1048576,1,9.5367431640625e-07,803.7475914872201,0.001,6.727171322029715,32,0.001495174994656591,248.26948230495088,analytical threshold-event sensitivity; not Max-Cut ground truth
20,1048576,1,9.5367431640625e-07,803.7475914872201,0.001,8.35419025941931,32,0.001495174994656591,300.3340883014179,analytical threshold-event sensitivity; not Max-Cut ground truth
20,1048576,1,9.5367431640625e-07,803.7475914872201,0.001,10.374716437208077,32,0.001495174994656591,364.99092599065847,analytical threshold-event sensitivity; not Max-Cut ground truth
20,1048576,1,9.5367431640625e-07,803.7475914872201,0.001,12.883922655594034,32,0.001495174994656591,445.2855249790091,analytical threshold-event sensitivity; not Max-Cut ground truth
20,1048576,1,9.5367431640625e-07,803.7475914872201,0.001,16.0,32,0.001495174994656591,545.0,analytical threshold-event sensitivity; not Max-Cut ground truth
20,1048576,1,9.5367431640625e-07,803.7475914872201,0.00125,0.5,26,0.0009723910658563041,40.0,analytical threshold-event sensitivity; not Max-Cut ground truth
20,1048576,1,9.5367431640625e-07,803.7475914872201,0.00125,0.620928906036742,26,0.0009723910658563041,43.14415155695529,analytical threshold-event sensitivity; not Max-Cut ground truth
20,1048576,1,9.5367431640625e-07,803.7475914872201,0.00125,0.7711054127039704,26,0.0009723910658563041,47.04874073030323,analytical threshold-event sensitivity; not Max-Cut ground truth
20,1048576,1,9.5367431640625e-07,803.7475914872201,0.00125,0.9576032806985736,26,0.0009723910658563041,51.89768529816291,analytical threshold-event sensitivity; not Max-Cut ground truth
20,1048576,1,9.5367431640625e-07,803.7475914872201,0.00125,1.189207115002721,26,0.0009723910658563041,57.91938499007074,analytical threshold-event sensitivity; not Max-Cut ground truth
20,1048576,1,9.5367431640625e-07,803.7475914872201,0.00125,1.4768261459394993,26,0.0009723910658563041,65.39747979442699,analytical threshold-event sensitivity; not Max-Cut ground truth
20,1048576,1,9.5367431640625e-07,803.7475914872201,0.00125,1.8340080864093424,26,0.0009723910658563041,74.6842102466429,analytical threshold-event sensitivity; not Max-Cut ground truth
20,1048576,1,9.5367431640625e-07,803.7475914872201,0.00125,2.2775772695133836,26,0.0009723910658563041,86.21700900734797,analytical threshold-event sensitivity; not Max-Cut ground truth
20,1048576,1,9.5367431640625e-07,803.7475914872201,0.00125,2.8284271247461903,26,0.0009723910658563041,100.53910524340095,analytical threshold-event sensitivity; not Max-Cut ground truth
20,1048576,1,9.5367431640625e-07,803.7475914872201,0.00125,3.5125043207466,26,0.0009723910658563041,118.32511233941159,analytical threshold-event sensitivity; not Max-Cut ground truth
20,1048576,1,9.5367431640625e-07,803.7475914872201,0.00125,4.362030930661032,26,0.0009723910658563041,140.41280419718683,analytical threshold-event sensitivity; not Max-Cut ground truth
20,1048576,1,9.5367431640625e-07,803.7475914872201,0.00125,5.41702218774757,26,0.0009723910658563041,167.8425768814368,analytical threshold-event sensitivity; not Max-Cut ground truth
20,1048576,1,9.5367431640625e-07,803.7475914872201,0.00125,6.727171322029715,26,0.0009723910658563041,201.9064543727726,analytical threshold-event sensitivity; not Max-Cut ground truth
20,1048576,1,9.5367431640625e-07,803.7475914872201,0.00125,8.35419025941931,26,0.0009723910658563041,244.20894674490205,analytical threshold-event sensitivity; not Max-Cut ground truth
20,1048576,1,9.5367431640625e-07,803.7475914872201,0.00125,10.374716437208077,26,0.0009723910658563041,296.74262736741,analytical threshold-event sensitivity; not Max-Cut ground truth
20,1048576,1,9.5367431640625e-07,803.7475914872201,0.00125,12.883922655594034,26,0.0009723910658563041,361.9819890454449,analytical threshold-event sensitivity; not Max-Cut ground truth
20,1048576,1,9.5367431640625e-07,803.7475914872201,0.00125,16.0,26,0.0009723910658563041,443.0,analytical threshold-event sensitivity; not Max-Cut ground truth
20,1048576,1,9.5367431640625e-07,803.7475914872201,0.0015,0.5,22,0.0006855685351798483,34.0,analytical threshold-event sensitivity; not Max-Cut ground truth
20,1048576,1,9.5367431640625e-07,803.7475914872201,0.0015,0.620928906036742,22,0.0006855685351798483,36.660435932808326,analytical threshold-event sensitivity; not Max-Cut ground truth
20,1048576,1,9.5367431640625e-07,803.7475914872201,0.0015,0.7711054127039704,22,0.0006855685351798483,39.96431907948735,analytical threshold-event sensitivity; not Max-Cut ground truth
20,1048576,1,9.5367431640625e-07,803.7475914872201,0.0015,0.9576032806985736,22,0.0006855685351798483,44.067272175368615,analytical threshold-event sensitivity; not Max-Cut ground truth
20,1048576,1,9.5367431640625e-07,803.7475914872201,0.0015,1.189207115002721,22,0.0006855685351798483,49.16255653005986,analytical threshold-event sensitivity; not Max-Cut ground truth
20,1048576,1,9.5367431640625e-07,803.7475914872201,0.0015,1.4768261459394993,22,0.0006855685351798483,55.490175210668994,analytical threshold-event sensitivity; not Max-Cut ground truth
20,1048576,1,9.5367431640625e-07,803.7475914872201,0.0015,1.8340080864093424,22,0.0006855685351798483,63.34817790100554,analytical threshold-event sensitivity; not Max-Cut ground truth
20,1048576,1,9.5367431640625e-07,803.7475914872201,0.0015,2.2775772695133836,21,0.0006548326324681257,69.82912265978105,analytical threshold-event sensitivity; not Max-Cut ground truth
20,1048576,1,9.5367431640625e-07,803.7475914872201,0.0015,2.8284271247461903,21,0.0006548326324681257,81.39696961967,analytical threshold-event sensitivity; not Max-Cut ground truth
20,1048576,1,9.5367431640625e-07,803.7475914872201,0.0015,3.5125043207466,21,0.0006548326324681257,95.7625907356786,analytical threshold-event sensitivity; not Max-Cut ground truth
20,1048576,1,9.5367431640625e-07,803.7475914872201,0.0015,4.362030930661032,21,0.0006548326324681257,113.60264954388167,analytical threshold-event sensitivity; not Max-Cut ground truth
20,1048576,1,9.5367431640625e-07,803.7475914872201,0.0015,5.41702218774757,21,0.0006548326324681257,135.75746594269896,analytical threshold-event sensitivity; not Max-Cut ground truth
20,1048576,1,9.5367431640625e-07,803.7475914872201,0.0015,6.727171322029715,21,0.0006548326324681257,163.27059776262402,analytical threshold-event sensitivity; not Max-Cut ground truth
20,1048576,1,9.5367431640625e-07,803.7475914872201,0.0015,8.35419025941931,21,0.0006548326324681257,197.43799544780552,analytical threshold-event sensitivity; not Max-Cut ground truth
20,1048576,1,9.5367431640625e-07,803.7475914872201,0.0015,10.374716437208077,21,0.0006548326324681257,239.86904518136961,analytical threshold-event sensitivity; not Max-Cut ground truth
20,1048576,1,9.5367431640625e-07,803.7475914872201,0.0015,12.883922655594034,21,0.0006548326324681257,292.5623757674747,analytical threshold-event sensitivity; not Max-Cut ground truth
20,1048576,1,9.5367431640625e-07,803.7475914872201,0.0015,16.0,21,0.0006548326324681257,358.0,analytical threshold-event sensitivity; not Max-Cut ground truth
20,1048576,1,9.5367431640625e-07,803.7475914872201,0.00175,0.5,19,0.0005073530034084395,29.5,analytical threshold-event sensitivity; not Max-Cut ground truth
20,1048576,1,9.5367431640625e-07,803.7475914872201,0.00175,0.620928906036742,19,0.0005073530034084395,31.797649214698097,analytical threshold-event sensitivity; not Max-Cut ground truth
20,1048576,1,9.5367431640625e-07,803.7475914872201,0.00175,0.7711054127039704,19,0.0005073530034084395,34.65100284137544,analytical threshold-event sensitivity; not Max-Cut ground truth
20,1048576,1,9.5367431640625e-07,803.7475914872201,0.00175,0.9576032806985736,19,0.0005073530034084395,38.194462333272895,analytical threshold-event sensitivity; not Max-Cut ground truth
20,1048576,1,9.5367431640625e-07,803.7475914872201,0.00175,1.189207115002721,18,0.00048128897892283376,40.40572807004897,analytical threshold-event sensitivity; not Max-Cut ground truth
20,1048576,1,9.5367431640625e-07,803.7475914872201,0.00175,1.4768261459394993,18,0.00048128897892283376,45.58287062691099,analytical threshold-event sensitivity; not Max-Cut ground truth
20,1048576,1,9.5367431640625e-07,803.7475914872201,0.00175,1.8340080864093424,18,0.00048128897892283376,52.012145555368164,analytical threshold-event sensitivity; not Max-Cut ground truth
20,1048576,1,9.5367431640625e-07,803.7475914872201,0.00175,2.2775772695133836,18,0.00048128897892283376,59.9963908512409,analytical threshold-event sensitivity; not Max-Cut ground truth
20,1048576,1,9.5367431640625e-07,803.7475914872201,0.00175,2.8284271247461903,18,0.00048128897892283376,69.91168824543142,analytical threshold-event sensitivity; not Max-Cut ground truth
20,1048576,1,9.5367431640625e-07,803.7475914872201,0.00175,3.5125043207466,18,0.00048128897892283376,82.2250777734388,analytical threshold-event sensitivity; not Max-Cut ground truth
20,1048576,1,9.5367431640625e-07,803.7475914872201,0.00175,4.362030930661032,18,0.00048128897892283376,97.51655675189858,analytical threshold-event sensitivity; not Max-Cut ground truth
20,1048576,1,9.5367431640625e-07,803.7475914872201,0.00175,5.41702218774757,18,0.00048128897892283376,116.50639937945625,analytical threshold-event sensitivity; not Max-Cut ground truth
20,1048576,1,9.5367431640625e-07,803.7475914872201,0.00175,6.727171322029715,18,0.00048128897892283376,140.08908379653488,analytical threshold-event sensitivity; not Max-Cut ground truth
20,1048576,1,9.5367431640625e-07,803.7475914872201,0.00175,8.35419025941931,18,0.00048128897892283376,169.37542466954758,analytical threshold-event sensitivity; not Max-Cut ground truth
20,1048576,1,9.5367431640625e-07,803.7475914872201,0.00175,10.374716437208077,18,0.00048128897892283376,205.7448958697454,analytical threshold-event sensitivity; not Max-Cut ground truth
20,1048576,1,9.5367431640625e-07,803.7475914872201,0.00175,12.883922655594034,18,0.00048128897892283376,250.91060780069262,analytical threshold-event sensitivity; not Max-Cut ground truth
20,1048576,1,9.5367431640625e-07,803.7475914872201,0.00175,16.0,18,0.00048128897892283376,307.0,analytical threshold-event sensitivity; not Max-Cut ground truth
20,1048576,1,9.5367431640625e-07,803.7475914872201,0.002,0.5,16,0.000374366847267545,25.0,analytical threshold-event sensitivity; not Max-Cut ground truth
20,1048576,1,9.5367431640625e-07,803.7475914872201,0.002,0.620928906036742,16,0.000374366847267545,26.934862496587872,analytical threshold-event sensitivity; not Max-Cut ground truth
20,1048576,1,9.5367431640625e-07,803.7475914872201,0.002,0.7711054127039704,16,0.000374366847267545,29.337686603263528,analytical threshold-event sensitivity; not Max-Cut ground truth
20,1048576,1,9.5367431640625e-07,803.7475914872201,0.002,0.9576032806985736,16,0.000374366847267545,32.321652491177176,analytical threshold-event sensitivity; not Max-Cut ground truth
20,1048576,1,9.5367431640625e-07,803.7475914872201,0.002,1.189207115002721,16,0.000374366847267545,36.02731384004353,analytical threshold-event sensitivity; not Max-Cut ground truth
20,1048576,1,9.5367431640625e-07,803.7475914872201,0.002,1.4768261459394993,16,0.000374366847267545,40.62921833503199,analytical threshold-event sensitivity; not Max-Cut ground truth
20,1048576,1,9.5367431640625e-07,803.7475914872201,0.002,1.8340080864093424,16,0.000374366847267545,46.34412938254948,analytical threshold-event sensitivity; not Max-Cut ground truth
20,1048576,1,9.5367431640625e-07,803.7475914872201,0.002,2.2775772695133836,16,0.000374366847267545,53.44123631221414,analytical threshold-event sensitivity; not Max-Cut ground truth
20,1048576,1,9.5367431640625e-07,803.7475914872201,0.002,2.8284271247461903,16,0.000374366847267545,62.254833995939045,analytical threshold-event sensitivity; not Max-Cut ground truth
20,1048576,1,9.5367431640625e-07,803.7475914872201,0.002,3.5125043207466,16,0.000374366847267545,73.2000691319456,analytical threshold-event sensitivity; not Max-Cut ground truth
20,1048576,1,9.5367431640625e-07,803.7475914872201,0.002,4.362030930661032,16,0.000374366847267545,86.7924948905765,analytical threshold-event sensitivity; not Max-Cut ground truth
20,1048576,1,9.5367431640625e-07,803.7475914872201,0.002,5.41702218774757,16,0.000374366847267545,103.67235500396112,analytical threshold-event sensitivity; not Max-Cut ground truth
20,1048576,1,9.5367431640625e-07,803.7475914872201,0.002,6.727171322029715,16,0.000374366847267545,124.63474115247544,analytical threshold-event sensitivity; not Max-Cut ground truth
20,1048576,1,9.5367431640625e-07,803.7475914872201,0.002,8.35419025941931,16,0.000374366847267545,150.66704415070896,analytical threshold-event sensitivity; not Max-Cut ground truth
20,1048576,1,9.5367431640625e-07,803.7475914872201,0.002,10.374716437208077,16,0.000374366847267545,182.99546299532923,analytical threshold-event sensitivity; not Max-Cut ground truth
20,1048576,1,9.5367431640625e-07,803.7475914872201,0.002,12.883922655594034,16,0.000374366847267545,223.14276248950455,analytical threshold-event sensitivity; not Max-Cut ground truth
20,1048576,1,9.5367431640625e-07,803.7475914872201,0.002,16.0,16,0.000374366847267545,273.0,analytical threshold-event sensitivity; not Max-Cut ground truth
20,1048576,1,9.5367431640625e-07,803.7475914872201,0.0022500000000000003,0.5,14,0.0002913110424402234,22.0,analytical threshold-event sensitivity; not Max-Cut ground truth
20,1048576,1,9.5367431640625e-07,803.7475914872201,0.0022500000000000003,0.620928906036742,14,0.0002913110424402234,23.69300468451439,analytical threshold-event sensitivity; not Max-Cut ground truth
20,1048576,1,9.5367431640625e-07,803.7475914872201,0.0022500000000000003,0.7711054127039704,14,0.0002913110424402234,25.795475777855586,analytical threshold-event sensitivity; not Max-Cut ground truth
20,1048576,1,9.5367431640625e-07,803.7475914872201,0.0022500000000000003,0.9576032806985736,14,0.0002913110424402234,28.406445929780027,analytical threshold-event sensitivity; not Max-Cut ground truth
20,1048576,1,9.5367431640625e-07,803.7475914872201,0.0022500000000000003,1.189207115002721,14,0.0002913110424402234,31.648899610038093,analytical threshold-event sensitivity; not Max-Cut ground truth
20,1048576,1,9.5367431640625e-07,803.7475914872201,0.0022500000000000003,1.4768261459394993,14,0.0002913110424402234,35.675566043153,analytical threshold-event sensitivity; not Max-Cut ground truth
20,1048576,1,9.5367431640625e-07,803.7475914872201,0.0022500000000000003,1.8340080864093424,14,0.0002913110424402234,40.6761132097308,analytical threshold-event sensitivity; not Max-Cut ground truth
20,1048576,1,9.5367431640625e-07,803.7475914872201,0.0022500000000000003,2.2775772695133836,14,0.0002913110424402234,46.88608177318737,analytical threshold-event sensitivity; not Max-Cut ground truth
20,1048576,1,9.5367431640625e-07,803.7475914872201,0.0022500000000000003,2.8284271247461903,14,0.0002913110424402234,54.59797974644666,analytical threshold-event sensitivity; not Max-Cut ground truth
20,1048576,1,9.5367431640625e-07,803.7475914872201,0.0022500000000000003,3.5125043207466,14,0.0002913110424402234,64.1750604904524,analytical threshold-event sensitivity; not Max-Cut ground truth
20,1048576,1,9.5367431640625e-07,803.7475914872201,0.0022500000000000003,4.362030930661032,14,0.0002913110424402234,76.06843302925444,analytical threshold-event sensitivity; not Max-Cut ground truth
20,1048576,1,9.5367431640625e-07,803.7475914872201,0.0022500000000000003,5.41702218774757,14,0.0002913110424402234,90.83831062846598,analytical threshold-event sensitivity; not Max-Cut ground truth
20,1048576,1,9.5367431640625e-07,803.7475914872201,0.0022500000000000003,6.727171322029715,14,0.0002913110424402234,109.180398508416,analytical threshold-event sensitivity; not Max-Cut ground truth
20,1048576,1,9.5367431640625e-07,803.7475914872201,0.0022500000000000003,8.35419025941931,14,0.0002913110424402234,131.95866363187034,analytical threshold-event sensitivity; not Max-Cut ground truth
20,1048576,1,9.5367431640625e-07,803.7475914872201,0.0022500000000000003,10.374716437208077,14,0.0002913110424402234,160.24603012091308,analytical threshold-event sensitivity; not Max-Cut ground truth
20,1048576,1,9.5367431640625e-07,803.7475914872201,0.0022500000000000003,12.883922655594034,14,0.0002913110424402234,195.37491717831648,analytical threshold-event sensitivity; not Max-Cut ground truth
20,1048576,1,9.5367431640625e-07,803.7475914872201,0.0022500000000000003,16.0,14,0.0002913110424402234,239.0,analytical threshold-event sensitivity; not Max-Cut ground truth
20,1048576,1,9.5367431640625e-07,803.7475914872201,0.0025,0.5,13,0.0002432304258024031,20.5,analytical threshold-event sensitivity; not Max-Cut ground truth
20,1048576,1,9.5367431640625e-07,803.7475914872201,0.0025,0.620928906036742,13,0.0002432304258024031,22.072075778477647,analytical threshold-event sensitivity; not Max-Cut ground truth
20,1048576,1,9.5367431640625e-07,803.7475914872201,0.0025,0.7711054127039704,13,0.0002432304258024031,24.024370365151615,analytical threshold-event sensitivity; not Max-Cut ground truth
20,1048576,1,9.5367431640625e-07,803.7475914872201,0.0025,0.9576032806985736,13,0.0002432304258024031,26.448842649081456,analytical threshold-event sensitivity; not Max-Cut ground truth
20,1048576,1,9.5367431640625e-07,803.7475914872201,0.0025,1.189207115002721,13,0.0002432304258024031,29.45969249503537,analytical threshold-event sensitivity; not Max-Cut ground truth
20,1048576,1,9.5367431640625e-07,803.7475914872201,0.0025,1.4768261459394993,13,0.0002432304258024031,33.19873989721349,analytical threshold-event sensitivity; not Max-Cut ground truth
20,1048576,1,9.5367431640625e-07,803.7475914872201,0.0025,1.8340080864093424,13,0.0002432304258024031,37.84210512332145,analytical threshold-event sensitivity; not Max-Cut ground truth
20,1048576,1,9.5367431640625e-07,803.7475914872201,0.0025,2.2775772695133836,13,0.0002432304258024031,43.608504503673984,analytical threshold-event sensitivity; not Max-Cut ground truth
20,1048576,1,9.5367431640625e-07,803.7475914872201,0.0025,2.8284271247461903,13,0.0002432304258024031,50.76955262170048,analytical threshold-event sensitivity; not Max-Cut ground truth
20,1048576,1,9.5367431640625e-07,803.7475914872201,0.0025,3.5125043207466,13,0.0002432304258024031,59.662556169705795,analytical threshold-event sensitivity; not Max-Cut ground truth
20,1048576,1,9.5367431640625e-07,803.7475914872201,0.0025,4.362030930661032,13,0.0002432304258024031,70.70640209859341,analytical threshold-event sensitivity; not Max-Cut ground truth
20,1048576,1,9.5367431640625e-07,803.7475914872201,0.0025,5.41702218774757,12,0.00022477956890455656,78.00426625297084,analytical threshold-event sensitivity; not Max-Cut ground truth
20,1048576,1,9.5367431640625e-07,803.7475914872201,0.0025,6.727171322029715,12,0.00022477956890455656,93.72605586435658,analytical threshold-event sensitivity; not Max-Cut ground truth
20,1048576,1,9.5367431640625e-07,803.7475914872201,0.0025,8.35419025941931,12,0.00022477956890455656,113.25028311303171,analytical threshold-event sensitivity; not Max-Cut ground truth
20,1048576,1,9.5367431640625e-07,803.7475914872201,0.0025,10.374716437208077,12,0.00022477956890455656,137.49659724649692,analytical threshold-event sensitivity; not Max-Cut ground truth
20,1048576,1,9.5367431640625e-07,803.7475914872201,0.0025,12.883922655594034,12,0.00022477956890455656,167.6070718671284,analytical threshold-event sensitivity; not Max-Cut ground truth
20,1048576,1,9.5367431640625e-07,803.7475914872201,0.0025,16.0,12,0.00022477956890455656,205.0,analytical threshold-event sensitivity; not Max-Cut ground truth
20,1048576,1,9.5367431640625e-07,803.7475914872201,0.00275,0.5,12,0.0002038980732872269,19.0,analytical threshold-event sensitivity; not Max-Cut ground truth
20,1048576,1,9.5367431640625e-07,803.7475914872201,0.00275,0.620928906036742,12,0.0002038980732872269,20.451146872440905,analytical threshold-event sensitivity; not Max-Cut ground truth
20,1048576,1,9.5367431640625e-07,803.7475914872201,0.00275,0.7711054127039704,12,0.0002038980732872269,22.253264952447644,analytical threshold-event sensitivity; not Max-Cut ground truth
20,1048576,1,9.5367431640625e-07,803.7475914872201,0.00275,0.9576032806985736,12,0.0002038980732872269,24.49123936838288,analytical threshold-event sensitivity; not Max-Cut ground truth
20,1048576,1,9.5367431640625e-07,803.7475914872201,0.00275,1.189207115002721,12,0.0002038980732872269,27.27048538003265,analytical threshold-event sensitivity; not Max-Cut ground truth
20,1048576,1,9.5367431640625e-07,803.7475914872201,0.00275,1.4768261459394993,12,0.0002038980732872269,30.721913751273995,analytical threshold-event sensitivity; not Max-Cut ground truth
20,1048576,1,9.5367431640625e-07,803.7475914872201,0.00275,1.8340080864093424,11,0.00018742664253869977,32.17408895050277,analytical threshold-event sensitivity; not Max-Cut ground truth
20,1048576,1,9.5367431640625e-07,803.7475914872201,0.00275,2.2775772695133836,11,0.00018742664253869977,37.05334996464722,analytical threshold-event sensitivity; not Max-Cut ground truth
20,1048576,1,9.5367431640625e-07,803.7475914872201,0.00275,2.8284271247461903,11,0.00018742664253869977,43.112698372208094,analytical threshold-event sensitivity; not Max-Cut ground truth
20,1048576,1,9.5367431640625e-07,803.7475914872201,0.00275,3.5125043207466,11,0.00018742664253869977,50.6375475282126,analytical threshold-event sensitivity; not Max-Cut ground truth
20,1048576,1,9.5367431640625e-07,803.7475914872201,0.00275,4.362030930661032,11,0.00018742664253869977,59.982340237271345,analytical threshold-event sensitivity; not Max-Cut ground truth
20,1048576,1,9.5367431640625e-07,803.7475914872201,0.00275,5.41702218774757,11,0.00018742664253869977,71.58724406522327,analytical threshold-event sensitivity; not Max-Cut ground truth
20,1048576,1,9.5367431640625e-07,803.7475914872201,0.00275,6.727171322029715,11,0.00018742664253869977,85.99888454232686,analytical threshold-event sensitivity; not Max-Cut ground truth
20,1048576,1,9.5367431640625e-07,803.7475914872201,0.00275,8.35419025941931,11,0.00018742664253869977,103.89609285361242,analytical threshold-event sensitivity; not Max-Cut ground truth
20,1048576,1,9.5367431640625e-07,803.7475914872201,0.00275,10.374716437208077,11,0.00018742664253869977,126.12188080928885,analytical threshold-event sensitivity; not Max-Cut ground truth
20,1048576,1,9.5367431640625e-07,803.7475914872201,0.00275,12.883922655594034,11,0.00018742664253869977,153.72314921153438,analytical threshold-event sensitivity; not Max-Cut ground truth
20,1048576,1,9.5367431640625e-07,803.7475914872201,0.00275,16.0,11,0.00018742664253869977,188.0,analytical threshold-event sensitivity; not Max-Cut ground truth
20,1048576,1,9.5367431640625e-07,803.7475914872201,0.003,0.5,11,0.00017129505356680065,17.5,analytical threshold-event sensitivity; not Max-Cut ground truth
20,1048576,1,9.5367431640625e-07,803.7475914872201,0.003,0.620928906036742,11,0.00017129505356680065,18.830217966404163,analytical threshold-event sensitivity; not Max-Cut ground truth
20,1048576,1,9.5367431640625e-07,803.7475914872201,0.003,0.7711054127039704,11,0.00017129505356680065,20.482159539743677,analytical threshold-event sensitivity; not Max-Cut ground truth
20,1048576,1,9.5367431640625e-07,803.7475914872201,0.003,0.9576032806985736,11,0.00017129505356680065,22.533636087684307,analytical threshold-event sensitivity; not Max-Cut ground truth
20,1048576,1,9.5367431640625e-07,803.7475914872201,0.003,1.189207115002721,11,0.00017129505356680065,25.08127826502993,analytical threshold-event sensitivity; not Max-Cut ground truth
20,1048576,1,9.5367431640625e-07,803.7475914872201,0.003,1.4768261459394993,11,0.00017129505356680065,28.245087605334497,analytical threshold-event sensitivity; not Max-Cut ground truth
20,1048576,1,9.5367431640625e-07,803.7475914872201,0.003,1.8340080864093424,10,0.0001562522905406631,29.340080864093427,analytical threshold-event sensitivity; not Max-Cut ground truth
20,1048576,1,9.5367431640625e-07,803.7475914872201,0.003,2.2775772695133836,10,0.0001562522905406631,33.77577269513384,analytical threshold-event sensitivity; not Max-Cut ground truth
20,1048576,1,9.5367431640625e-07,803.7475914872201,0.003,2.8284271247461903,10,0.0001562522905406631,39.2842712474619,analytical threshold-event sensitivity; not Max-Cut ground truth
20,1048576,1,9.5367431640625e-07,803.7475914872201,0.003,3.5125043207466,10,0.0001562522905406631,46.125043207466,analytical threshold-event sensitivity; not Max-Cut ground truth
20,1048576,1,9.5367431640625e-07,803.7475914872201,0.003,4.362030930661032,10,0.0001562522905406631,54.62030930661032,analytical threshold-event sensitivity; not Max-Cut ground truth
20,1048576,1,9.5367431640625e-07,803.7475914872201,0.003,5.41702218774757,10,0.0001562522905406631,65.1702218774757,analytical threshold-event sensitivity; not Max-Cut ground truth
20,1048576,1,9.5367431640625e-07,803.7475914872201,0.003,6.727171322029715,10,0.0001562522905406631,78.27171322029716,analytical threshold-event sensitivity; not Max-Cut ground truth
20,1048576,1,9.5367431640625e-07,803.7475914872201,0.003,8.35419025941931,10,0.0001562522905406631,94.5419025941931,analytical threshold-event sensitivity; not Max-Cut ground truth
20,1048576,1,9.5367431640625e-07,803.7475914872201,0.003,10.374716437208077,10,0.0001562522905406631,114.74716437208077,analytical threshold-event sensitivity; not Max-Cut ground truth
20,1048576,1,9.5367431640625e-07,803.7475914872201,0.003,12.883922655594034,10,0.0001562522905406631,139.83922655594034,analytical threshold-event sensitivity; not Max-Cut ground truth
20,1048576,1,9.5367431640625e-07,803.7475914872201,0.003,16.0,10,0.0001562522905406631,171.0,analytical threshold-event sensitivity; not Max-Cut ground truth
20,1048576,4,3.814697265625e-06,401.62360399575255,0.0,0.5,298,0.8449085549030664,448.0,analytical threshold-event sensitivity; not Max-Cut ground truth
20,1048576,4,3.814697265625e-06,401.62360399575255,0.0,0.620928906036742,298,0.8449085549030664,484.0368139989491,analytical threshold-event sensitivity; not Max-Cut ground truth
20,1048576,4,3.814697265625e-06,401.62360399575255,0.0,0.7711054127039704,298,0.8449085549030664,528.7894129857832,analytical threshold-event sensitivity; not Max-Cut ground truth
20,1048576,4,3.814697265625e-06,401.62360399575255,0.0,0.9576032806985736,298,0.8449085549030664,584.3657776481749,analytical threshold-event sensitivity; not Max-Cut ground truth
20,1048576,4,3.814697265625e-06,401.62360399575255,0.0,1.189207115002721,298,0.8449085549030664,653.3837202708108,analytical threshold-event sensitivity; not Max-Cut ground truth
20,1048576,4,3.814697265625e-06,401.62360399575255,0.0,1.4768261459394993,298,0.8449085549030664,739.0941914899709,analytical threshold-event sensitivity; not Max-Cut ground truth
20,1048576,4,3.814697265625e-06,401.62360399575255,0.0,1.8340080864093424,298,0.8449085549030664,845.5344097499841,analytical threshold-event sensitivity; not Max-Cut ground truth
20,1048576,4,3.814697265625e-06,401.62360399575255,0.0,2.2775772695133836,298,0.8449085549030664,977.7180263149883,analytical threshold-event sensitivity; not Max-Cut ground truth
20,1048576,4,3.814697265625e-06,401.62360399575255,0.0,2.8284271247461903,298,0.8449085549030664,1141.8712831743646,analytical threshold-event sensitivity; not Max-Cut ground truth
20,1048576,4,3.814697265625e-06,401.62360399575255,0.0,3.5125043207466,298,0.8449085549030664,1345.7262875824867,analytical threshold-event sensitivity; not Max-Cut ground truth
20,1048576,4,3.814697265625e-06,401.62360399575255,0.0,4.362030930661032,298,0.8449085549030664,1598.8852173369874,analytical threshold-event sensitivity; not Max-Cut ground truth
20,1048576,4,3.814697265625e-06,401.62360399575255,0.0,5.41702218774757,298,0.8449085549030664,1913.2726119487759,analytical threshold-event sensitivity; not Max-Cut ground truth
20,1048576,4,3.814697265625e-06,401.62360399575255,0.0,6.727171322029715,298,0.8449085549030664,2303.697053964855,analytical threshold-event sensitivity; not Max-Cut ground truth
20,1048576,4,3.814697265625e-06,401.62360399575255,0.0,8.35419025941931,298,0.8449085549030664,2788.548697306954,analytical threshold-event sensitivity; not Max-Cut ground truth
20,1048576,4,3.814697265625e-06,401.62360399575255,0.0,10.374716437208077,298,0.8449085549030664,3390.665498288007,analytical threshold-event sensitivity; not Max-Cut ground truth
20,1048576,4,3.814697265625e-06,401.62360399575255,0.0,12.883922655594034,298,0.8449085549030664,4138.408951367022,analytical threshold-event sensitivity; not Max-Cut ground truth
20,1048576,4,3.814697265625e-06,401.62360399575255,0.0,16.0,298,0.8449085549030664,5067.0,analytical threshold-event sensitivity; not Max-Cut ground truth
20,1048576,4,3.814697265625e-06,401.62360399575255,0.00025,0.5,115,0.07964857788037508,173.5,analytical threshold-event sensitivity; not Max-Cut ground truth
20,1048576,4,3.814697265625e-06,401.62360399575255,0.00025,0.620928906036742,115,0.07964857788037508,187.40682419422532,analytical threshold-event sensitivity; not Max-Cut ground truth
20,1048576,4,3.814697265625e-06,401.62360399575255,0.00025,0.7711054127039704,115,0.07964857788037508,204.6771224609566,analytical threshold-event sensitivity; not Max-Cut ground truth
20,1048576,4,3.814697265625e-06,401.62360399575255,0.00025,0.9576032806985736,115,0.07964857788037508,226.12437728033595,analytical threshold-event sensitivity; not Max-Cut ground truth
20,1048576,4,3.814697265625e-06,401.62360399575255,0.00025,1.189207115002721,115,0.07964857788037508,252.7588182253129,analytical threshold-event sensitivity; not Max-Cut ground truth
20,1048576,4,3.814697265625e-06,401.62360399575255,0.00025,1.4768261459394993,115,0.07964857788037508,285.83500678304245,analytical threshold-event sensitivity; not Max-Cut ground truth
20,1048576,4,3.814697265625e-06,401.62360399575255,0.00025,1.8340080864093424,114,0.07895820459820188,324.0769218506651,analytical threshold-event sensitivity; not Max-Cut ground truth
20,1048576,4,3.814697265625e-06,401.62360399575255,0.00025,2.2775772695133836,114,0.07895820459820188,374.64380872452574,analytical threshold-event sensitivity; not Max-Cut ground truth
20,1048576,4,3.814697265625e-06,401.62360399575255,0.00025,2.8284271247461903,114,0.07895820459820188,437.4406922210657,analytical threshold-event sensitivity; not Max-Cut ground truth
20,1048576,4,3.814697265625e-06,401.62360399575255,0.00025,3.5125043207466,114,0.07895820459820188,515.4254925651123,analytical threshold-event sensitivity; not Max-Cut ground truth
20,1048576,4,3.814697265625e-06,401.62360399575255,0.00025,4.362030930661032,114,0.07895820459820188,612.2715260953576,analytical threshold-event sensitivity; not Max-Cut ground truth
20,1048576,4,3.814697265625e-06,401.62360399575255,0.00025,5.41702218774757,114,0.07895820459820188,732.540529403223,analytical threshold-event sensitivity; not Max-Cut ground truth
20,1048576,4,3.814697265625e-06,401.62360399575255,0.00025,6.727171322029715,114,0.07895820459820188,881.8975307113875,analytical threshold-event sensitivity; not Max-Cut ground truth
20,1048576,4,3.814697265625e-06,401.62360399575255,0.00025,8.35419025941931,114,0.07895820459820188,1067.3776895738013,analytical threshold-event sensitivity; not Max-Cut ground truth
20,1048576,4,3.814697265625e-06,401.62360399575255,0.00025,10.374716437208077,114,0.07895820459820188,1297.7176738417209,analytical threshold-event sensitivity; not Max-Cut ground truth
20,1048576,4,3.814697265625e-06,401.62360399575255,0.00025,12.883922655594034,114,0.07895820459820188,1583.7671827377198,analytical threshold-event sensitivity; not Max-Cut ground truth
20,1048576,4,3.814697265625e-06,401.62360399575255,0.00025,16.0,114,0.07895820459820188,1939.0,analytical threshold-event sensitivity; not Max-Cut ground truth
20,1048576,4,3.814697265625e-06,401.62360399575255,0.0005,0.5,64,0.023441946428474244,97.0,analytical threshold-event sensitivity; not Max-Cut ground truth
20,1048576,4,3.814697265625e-06,401.62360399575255,0.0005,0.620928906036742,64,0.023441946428474244,104.73944998635149,analytical threshold-event sensitivity; not Max-Cut ground truth
20,1048576,4,3.814697265625e-06,401.62360399575255,0.0005,0.7711054127039704,63,0.02307916207654053,112.57964100035014,analytical threshold-event sensitivity; not Max-Cut ground truth
20,1048576,4,3.814697265625e-06,401.62360399575255,0.0005,0.9576032806985736,63,0.02307916207654053,124.32900668401012,analytical threshold-event sensitivity; not Max-Cut ground truth
20,1048576,4,3.814697265625e-06,401.62360399575255,0.0005,1.189207115002721,63,0.02307916207654053,138.92004824517142,analytical threshold-event sensitivity; not Max-Cut ground truth
20,1048576,4,3.814697265625e-06,401.62360399575255,0.0005,1.4768261459394993,63,0.02307916207654053,157.04004719418847,analytical threshold-event sensitivity; not Max-Cut ground truth
20,1048576,4,3.814697265625e-06,401.62360399575255,0.0005,1.8340080864093424,63,0.02307916207654053,179.5425094437886,analytical threshold-event sensitivity; not Max-Cut ground truth
20,1048576,4,3.814697265625e-06,401.62360399575255,0.0005,2.2775772695133836,63,0.02307916207654053,207.48736797934316,analytical threshold-event sensitivity; not Max-Cut ground truth
20,1048576,4,3.814697265625e-06,401.62360399575255,0.0005,2.8284271247461903,63,0.02307916207654053,242.19090885901,analytical threshold-event sensitivity; not Max-Cut ground truth
20,1048576,4,3.814697265625e-06,401.62360399575255,0.0005,3.5125043207466,63,0.02307916207654053,285.2877722070358,analytical threshold-event sensitivity; not Max-Cut ground truth
20,1048576,4,3.814697265625e-06,401.62360399575255,0.0005,4.362030930661032,63,0.02307916207654053,338.807948631645,analytical threshold-event sensitivity; not Max-Cut ground truth
20,1048576,4,3.814697265625e-06,401.62360399575255,0.0005,5.41702218774757,63,0.02307916207654053,405.27239782809687,analytical threshold-event sensitivity; not Max-Cut ground truth
20,1048576,4,3.814697265625e-06,401.62360399575255,0.0005,6.727171322029715,63,0.02307916207654053,487.81179328787204,analytical threshold-event sensitivity; not Max-Cut ground truth
20,1048576,4,3.814697265625e-06,401.62360399575255,0.0005,8.35419025941931,63,0.02307916207654053,590.3139863434166,analytical threshold-event sensitivity; not Max-Cut ground truth
20,1048576,4,3.814697265625e-06,401.62360399575255,0.0005,10.374716437208077,63,0.02307916207654053,717.6071355441088,analytical threshold-event sensitivity; not Max-Cut ground truth
20,1048576,4,3.814697265625e-06,401.62360399575255,0.0005,12.883922655594034,63,0.02307916207654053,875.6871273024242,analytical threshold-event sensitivity; not Max-Cut ground truth
20,1048576,4,3.814697265625e-06,401.62360399575255,0.0005,16.0,63,0.02307916207654053,1072.0,analytical threshold-event sensitivity; not Max-Cut ground truth
20,1048576,4,3.814697265625e-06,401.62360399575255,0.00075,0.5,43,0.010625850559176074,65.5,analytical threshold-event sensitivity; not Max-Cut ground truth
20,1048576,4,3.814697265625e-06,401.62360399575255,0.00075,0.620928906036742,43,0.010625850559176074,70.6999429595799,analytical threshold-event sensitivity; not Max-Cut ground truth
20,1048576,4,3.814697265625e-06,401.62360399575255,0.00075,0.7711054127039704,43,0.010625850559176074,77.15753274627073,analytical threshold-event sensitivity; not Max-Cut ground truth
20,1048576,4,3.814697265625e-06,401.62360399575255,0.00075,0.9576032806985736,43,0.010625850559176074,85.17694107003867,analytical threshold-event sensitivity; not Max-Cut ground truth
20,1048576,4,3.814697265625e-06,401.62360399575255,0.00075,1.189207115002721,43,0.010625850559176074,95.13590594511699,analytical threshold-event sensitivity; not Max-Cut ground truth
20,1048576,4,3.814697265625e-06,401.62360399575255,0.00075,1.4768261459394993,43,0.010625850559176074,107.50352427539848,analytical threshold-event sensitivity; not Max-Cut ground truth
20,1048576,4,3.814697265625e-06,401.62360399575255,0.00075,1.8340080864093424,43,0.010625850559176074,122.86234771560173,analytical threshold-event sensitivity; not Max-Cut ground truth
20,1048576,4,3.814697265625e-06,401.62360399575255,0.00075,2.2775772695133836,43,0.010625850559176074,141.93582258907549,analytical threshold-event sensitivity; not Max-Cut ground truth
20,1048576,4,3.814697265625e-06,401.62360399575255,0.00075,2.8284271247461903,43,0.010625850559176074,165.6223663640862,analytical threshold-event sensitivity; not Max-Cut ground truth
20,1048576,4,3.814697265625e-06,401.62360399575255,0.00075,3.5125043207466,43,0.010625850559176074,195.0376857921038,analytical threshold-event sensitivity; not Max-Cut ground truth
20,1048576,4,3.814697265625e-06,401.62360399575255,0.00075,4.362030930661032,43,0.010625850559176074,231.56733001842437,analytical threshold-event sensitivity; not Max-Cut ground truth
20,1048576,4,3.814697265625e-06,401.62360399575255,0.00075,5.41702218774757,43,0.010625850559176074,276.9319540731455,analytical threshold-event sensitivity; not Max-Cut ground truth
20,1048576,4,3.814697265625e-06,401.62360399575255,0.00075,6.727171322029715,43,0.010625850559176074,333.2683668472778,analytical threshold-event sensitivity; not Max-Cut ground truth
20,1048576,4,3.814697265625e-06,401.62360399575255,0.00075,8.35419025941931,43,0.010625850559176074,403.2301811550303,analytical threshold-event sensitivity; not Max-Cut ground truth
20,1048576,4,3.814697265625e-06,401.62360399575255,0.00075,10.374716437208077,43,0.010625850559176074,490.1128067999473,analytical threshold-event sensitivity; not Max-Cut ground truth
20,1048576,4,3.814697265625e-06,401.62360399575255,0.00075,12.883922655594034,43,0.010625850559176074,598.0086741905435,analytical threshold-event sensitivity; not Max-Cut ground truth
20,1048576,4,3.814697265625e-06,401.62360399575255,0.00075,16.0,43,0.010625850559176074,732.0,analytical threshold-event sensitivity; not Max-Cut ground truth
20,1048576,4,3.814697265625e-06,401.62360399575255,0.001,0.5,33,0.006139732728003977,50.5,analytical threshold-event sensitivity; not Max-Cut ground truth
20,1048576,4,3.814697265625e-06,401.62360399575255,0.001,0.620928906036742,33,0.006139732728003977,54.49065389921249,analytical threshold-event sensitivity; not Max-Cut ground truth
20,1048576,4,3.814697265625e-06,401.62360399575255,0.001,0.7711054127039704,33,0.006139732728003977,59.44647861923102,analytical threshold-event sensitivity; not Max-Cut ground truth
20,1048576,4,3.814697265625e-06,401.62360399575255,0.001,0.9576032806985736,32,0.005956640090558929,63.64330498235435,analytical threshold-event sensitivity; not Max-Cut ground truth
20,1048576,4,3.814697265625e-06,401.62360399575255,0.001,1.189207115002721,32,0.005956640090558929,71.05462768008707,analytical threshold-event sensitivity; not Max-Cut ground truth
20,1048576,4,3.814697265625e-06,401.62360399575255,0.001,1.4768261459394993,32,0.005956640090558929,80.25843667006399,analytical threshold-event sensitivity; not Max-Cut ground truth
20,1048576,4,3.814697265625e-06,401.62360399575255,0.001,1.8340080864093424,32,0.005956640090558929,91.68825876509896,analytical threshold-event sensitivity; not Max-Cut ground truth
20,1048576,4,3.814697265625e-06,401.62360399575255,0.001,2.2775772695133836,32,0.005956640090558929,105.88247262442827,analytical threshold-event sensitivity; not Max-Cut ground truth
20,1048576,4,3.814697265625e-06,401.62360399575255,0.001,2.8284271247461903,32,0.005956640090558929,123.50966799187809,analytical threshold-event sensitivity; not Max-Cut ground truth
20,1048576,4,3.814697265625e-06,401.62360399575255,0.001,3.5125043207466,32,0.005956640090558929,145.4001382638912,analytical threshold-event sensitivity; not Max-Cut ground truth
20,1048576,4,3.814697265625e-06,401.62360399575255,0.001,4.362030930661032,32,0.005956640090558929,172.584989781153,analytical threshold-event sensitivity; not Max-Cut ground truth
20,1048576,4,3.814697265625e-06,401.62360399575255,0.001,5.41702218774757,32,0.005956640090558929,206.34471000792223,analytical threshold-event sensitivity; not Max-Cut ground truth
20,1048576,4,3.814697265625e-06,401.62360399575255,0.001,6.727171322029715,32,0.005956640090558929,248.26948230495088,analytical threshold-event sensitivity; not Max-Cut ground truth
20,1048576,4,3.814697265625e-06,401.62360399575255,0.001,8.35419025941931,32,0.005956640090558929,300.3340883014179,analytical threshold-event sensitivity; not Max-Cut ground truth
20,1048576,4,3.814697265625e-06,401.62360399575255,0.001,10.374716437208077,32,0.005956640090558929,364.99092599065847,analytical threshold-event sensitivity; not Max-Cut ground truth
20,1048576,4,3.814697265625e-06,401.62360399575255,0.001,12.883922655594034,32,0.005956640090558929,445.2855249790091,analytical threshold-event sensitivity; not Max-Cut ground truth
20,1048576,4,3.814697265625e-06,401.62360399575255,0.001,16.0,32,0.005956640090558929,545.0,analytical threshold-event sensitivity; not Max-Cut ground truth
20,1048576,4,3.814697265625e-06,401.62360399575255,0.00125,0.5,26,0.0038791576058129044,40.0,analytical threshold-event sensitivity; not Max-Cut ground truth
20,1048576,4,3.814697265625e-06,401.62360399575255,0.00125,0.620928906036742,26,0.0038791576058129044,43.14415155695529,analytical threshold-event sensitivity; not Max-Cut ground truth
20,1048576,4,3.814697265625e-06,401.62360399575255,0.00125,0.7711054127039704,26,0.0038791576058129044,47.04874073030323,analytical threshold-event sensitivity; not Max-Cut ground truth
20,1048576,4,3.814697265625e-06,401.62360399575255,0.00125,0.9576032806985736,26,0.0038791576058129044,51.89768529816291,analytical threshold-event sensitivity; not Max-Cut ground truth
20,1048576,4,3.814697265625e-06,401.62360399575255,0.00125,1.189207115002721,26,0.0038791576058129044,57.91938499007074,analytical threshold-event sensitivity; not Max-Cut ground truth
20,1048576,4,3.814697265625e-06,401.62360399575255,0.00125,1.4768261459394993,26,0.0038791576058129044,65.39747979442699,analytical threshold-event sensitivity; not Max-Cut ground truth
20,1048576,4,3.814697265625e-06,401.62360399575255,0.00125,1.8340080864093424,26,0.0038791576058129044,74.6842102466429,analytical threshold-event sensitivity; not Max-Cut ground truth
20,1048576,4,3.814697265625e-06,401.62360399575255,0.00125,2.2775772695133836,26,0.0038791576058129044,86.21700900734797,analytical threshold-event sensitivity; not Max-Cut ground truth
20,1048576,4,3.814697265625e-06,401.62360399575255,0.00125,2.8284271247461903,26,0.0038791576058129044,100.53910524340095,analytical threshold-event sensitivity; not Max-Cut ground truth
20,1048576,4,3.814697265625e-06,401.62360399575255,0.00125,3.5125043207466,26,0.0038791576058129044,118.32511233941159,analytical threshold-event sensitivity; not Max-Cut ground truth
20,1048576,4,3.814697265625e-06,401.62360399575255,0.00125,4.362030930661032,26,0.0038791576058129044,140.41280419718683,analytical threshold-event sensitivity; not Max-Cut ground truth
20,1048576,4,3.814697265625e-06,401.62360399575255,0.00125,5.41702218774757,26,0.0038791576058129044,167.8425768814368,analytical threshold-event sensitivity; not Max-Cut ground truth
20,1048576,4,3.814697265625e-06,401.62360399575255,0.00125,6.727171322029715,26,0.0038791576058129044,201.9064543727726,analytical threshold-event sensitivity; not Max-Cut ground truth
20,1048576,4,3.814697265625e-06,401.62360399575255,0.00125,8.35419025941931,26,0.0038791576058129044,244.20894674490205,analytical threshold-event sensitivity; not Max-Cut ground truth
20,1048576,4,3.814697265625e-06,401.62360399575255,0.00125,10.374716437208077,26,0.0038791576058129044,296.74262736741,analytical threshold-event sensitivity; not Max-Cut ground truth
20,1048576,4,3.814697265625e-06,401.62360399575255,0.00125,12.883922655594034,26,0.0038791576058129044,361.9819890454449,analytical threshold-event sensitivity; not Max-Cut ground truth
20,1048576,4,3.814697265625e-06,401.62360399575255,0.00125,16.0,26,0.0038791576058129044,443.0,analytical threshold-event sensitivity; not Max-Cut ground truth
20,1048576,4,3.814697265625e-06,401.62360399575255,0.0015,0.5,22,0.002736984296988078,34.0,analytical threshold-event sensitivity; not Max-Cut ground truth
20,1048576,4,3.814697265625e-06,401.62360399575255,0.0015,0.620928906036742,22,0.002736984296988078,36.660435932808326,analytical threshold-event sensitivity; not Max-Cut ground truth
20,1048576,4,3.814697265625e-06,401.62360399575255,0.0015,0.7711054127039704,22,0.002736984296988078,39.96431907948735,analytical threshold-event sensitivity; not Max-Cut ground truth
20,1048576,4,3.814697265625e-06,401.62360399575255,0.0015,0.9576032806985736,22,0.002736984296988078,44.067272175368615,analytical threshold-event sensitivity; not Max-Cut ground truth
20,1048576,4,3.814697265625e-06,401.62360399575255,0.0015,1.189207115002721,22,0.002736984296988078,49.16255653005986,analytical threshold-event sensitivity; not Max-Cut ground truth
20,1048576,4,3.814697265625e-06,401.62360399575255,0.0015,1.4768261459394993,22,0.002736984296988078,55.490175210668994,analytical threshold-event sensitivity; not Max-Cut ground truth
20,1048576,4,3.814697265625e-06,401.62360399575255,0.0015,1.8340080864093424,21,0.002614716950047444,60.514169814596194,analytical threshold-event sensitivity; not Max-Cut ground truth
20,1048576,4,3.814697265625e-06,401.62360399575255,0.0015,2.2775772695133836,21,0.002614716950047444,69.82912265978105,analytical threshold-event sensitivity; not Max-Cut ground truth
20,1048576,4,3.814697265625e-06,401.62360399575255,0.0015,2.8284271247461903,21,0.002614716950047444,81.39696961967,analytical threshold-event sensitivity; not Max-Cut ground truth
20,1048576,4,3.814697265625e-06,401.62360399575255,0.0015,3.5125043207466,21,0.002614716950047444,95.7625907356786,analytical threshold-event sensitivity; not Max-Cut ground truth
20,1048576,4,3.814697265625e-06,401.62360399575255,0.0015,4.362030930661032,21,0.002614716950047444,113.60264954388167,analytical threshold-event sensitivity; not Max-Cut ground truth
20,1048576,4,3.814697265625e-06,401.62360399575255,0.0015,5.41702218774757,21,0.002614716950047444,135.75746594269896,analytical threshold-event sensitivity; not Max-Cut ground truth
20,1048576,4,3.814697265625e-06,401.62360399575255,0.0015,6.727171322029715,21,0.002614716950047444,163.27059776262402,analytical threshold-event sensitivity; not Max-Cut ground truth
20,1048576,4,3.814697265625e-06,401.62360399575255,0.0015,8.35419025941931,21,0.002614716950047444,197.43799544780552,analytical threshold-event sensitivity; not Max-Cut ground truth
20,1048576,4,3.814697265625e-06,401.62360399575255,0.0015,10.374716437208077,21,0.002614716950047444,239.86904518136961,analytical threshold-event sensitivity; not Max-Cut ground truth
20,1048576,4,3.814697265625e-06,401.62360399575255,0.0015,12.883922655594034,21,0.002614716950047444,292.5623757674747,analytical threshold-event sensitivity; not Max-Cut ground truth
20,1048576,4,3.814697265625e-06,401.62360399575255,0.0015,16.0,21,0.002614716950047444,358.0,analytical threshold-event sensitivity; not Max-Cut ground truth
20,1048576,4,3.814697265625e-06,401.62360399575255,0.00175,0.5,19,0.002026471624084664,29.5,analytical threshold-event sensitivity; not Max-Cut ground truth
20,1048576,4,3.814697265625e-06,401.62360399575255,0.00175,0.620928906036742,19,0.002026471624084664,31.797649214698097,analytical threshold-event sensitivity; not Max-Cut ground truth
20,1048576,4,3.814697265625e-06,401.62360399575255,0.00175,0.7711054127039704,19,0.002026471624084664,34.65100284137544,analytical threshold-event sensitivity; not Max-Cut ground truth
20,1048576,4,3.814697265625e-06,401.62360399575255,0.00175,0.9576032806985736,18,0.0019226453935959893,36.236859052574324,analytical threshold-event sensitivity; not Max-Cut ground truth
20,1048576,4,3.814697265625e-06,401.62360399575255,0.00175,1.189207115002721,18,0.0019226453935959893,40.40572807004897,analytical threshold-event sensitivity; not Max-Cut ground truth
20,1048576,4,3.814697265625e-06,401.62360399575255,0.00175,1.4768261459394993,18,0.0019226453935959893,45.58287062691099,analytical threshold-event sensitivity; not Max-Cut ground truth
20,1048576,4,3.814697265625e-06,401.62360399575255,0.00175,1.8340080864093424,18,0.0019226453935959893,52.012145555368164,analytical threshold-event sensitivity; not Max-Cut ground truth
20,1048576,4,3.814697265625e-06,401.62360399575255,0.00175,2.2775772695133836,18,0.0019226453935959893,59.9963908512409,analytical threshold-event sensitivity; not Max-Cut ground truth
20,1048576,4,3.814697265625e-06,401.62360399575255,0.00175,2.8284271247461903,18,0.0019226453935959893,69.91168824543142,analytical threshold-event sensitivity; not Max-Cut ground truth
20,1048576,4,3.814697265625e-06,401.62360399575255,0.00175,3.5125043207466,18,0.0019226453935959893,82.2250777734388,analytical threshold-event sensitivity; not Max-Cut ground truth
20,1048576,4,3.814697265625e-06,401.62360399575255,0.00175,4.362030930661032,18,0.0019226453935959893,97.51655675189858,analytical threshold-event sensitivity; not Max-Cut ground truth
20,1048576,4,3.814697265625e-06,401.62360399575255,0.00175,5.41702218774757,18,0.0019226453935959893,116.50639937945625,analytical threshold-event sensitivity; not Max-Cut ground truth
20,1048576,4,3.814697265625e-06,401.62360399575255,0.00175,6.727171322029715,18,0.0019226453935959893,140.08908379653488,analytical threshold-event sensitivity; not Max-Cut ground truth
20,1048576,4,3.814697265625e-06,401.62360399575255,0.00175,8.35419025941931,18,0.0019226453935959893,169.37542466954758,analytical threshold-event sensitivity; not Max-Cut ground truth
20,1048576,4,3.814697265625e-06,401.62360399575255,0.00175,10.374716437208077,18,0.0019226453935959893,205.7448958697454,analytical threshold-event sensitivity; not Max-Cut ground truth
20,1048576,4,3.814697265625e-06,401.62360399575255,0.00175,12.883922655594034,18,0.0019226453935959893,250.91060780069262,analytical threshold-event sensitivity; not Max-Cut ground truth
20,1048576,4,3.814697265625e-06,401.62360399575255,0.00175,16.0,18,0.0019226453935959893,307.0,analytical threshold-event sensitivity; not Max-Cut ground truth
20,1048576,4,3.814697265625e-06,401.62360399575255,0.002,0.5,16,0.0014959141547767668,25.0,analytical threshold-event sensitivity; not Max-Cut ground truth
20,1048576,4,3.814697265625e-06,401.62360399575255,0.002,0.620928906036742,16,0.0014959141547767668,26.934862496587872,analytical threshold-event sensitivity; not Max-Cut ground truth
20,1048576,4,3.814697265625e-06,401.62360399575255,0.002,0.7711054127039704,16,0.0014959141547767668,29.337686603263528,analytical threshold-event sensitivity; not Max-Cut ground truth
20,1048576,4,3.814697265625e-06,401.62360399575255,0.002,0.9576032806985736,16,0.0014959141547767668,32.321652491177176,analytical threshold-event sensitivity; not Max-Cut ground truth
20,1048576,4,3.814697265625e-06,401.62360399575255,0.002,1.189207115002721,16,0.0014959141547767668,36.02731384004353,analytical threshold-event sensitivity; not Max-Cut ground truth
20,1048576,4,3.814697265625e-06,401.62360399575255,0.002,1.4768261459394993,16,0.0014959141547767668,40.62921833503199,analytical threshold-event sensitivity; not Max-Cut ground truth
20,1048576,4,3.814697265625e-06,401.62360399575255,0.002,1.8340080864093424,16,0.0014959141547767668,46.34412938254948,analytical threshold-event sensitivity; not Max-Cut ground truth
20,1048576,4,3.814697265625e-06,401.62360399575255,0.002,2.2775772695133836,16,0.0014959141547767668,53.44123631221414,analytical threshold-event sensitivity; not Max-Cut ground truth
20,1048576,4,3.814697265625e-06,401.62360399575255,0.002,2.8284271247461903,16,0.0014959141547767668,62.254833995939045,analytical threshold-event sensitivity; not Max-Cut ground truth
20,1048576,4,3.814697265625e-06,401.62360399575255,0.002,3.5125043207466,16,0.0014959141547767668,73.2000691319456,analytical threshold-event sensitivity; not Max-Cut ground truth
20,1048576,4,3.814697265625e-06,401.62360399575255,0.002,4.362030930661032,16,0.0014959141547767668,86.7924948905765,analytical threshold-event sensitivity; not Max-Cut ground truth
20,1048576,4,3.814697265625e-06,401.62360399575255,0.002,5.41702218774757,16,0.0014959141547767668,103.67235500396112,analytical threshold-event sensitivity; not Max-Cut ground truth
20,1048576,4,3.814697265625e-06,401.62360399575255,0.002,6.727171322029715,16,0.0014959141547767668,124.63474115247544,analytical threshold-event sensitivity; not Max-Cut ground truth
20,1048576,4,3.814697265625e-06,401.62360399575255,0.002,8.35419025941931,16,0.0014959141547767668,150.66704415070896,analytical threshold-event sensitivity; not Max-Cut ground truth
20,1048576,4,3.814697265625e-06,401.62360399575255,0.002,10.374716437208077,16,0.0014959141547767668,182.99546299532923,analytical threshold-event sensitivity; not Max-Cut ground truth
20,1048576,4,3.814697265625e-06,401.62360399575255,0.002,12.883922655594034,16,0.0014959141547767668,223.14276248950455,analytical threshold-event sensitivity; not Max-Cut ground truth
20,1048576,4,3.814697265625e-06,401.62360399575255,0.002,16.0,16,0.0014959141547767668,273.0,analytical threshold-event sensitivity; not Max-Cut ground truth
20,1048576,4,3.814697265625e-06,401.62360399575255,0.0022500000000000003,0.5,14,0.0011643109559287686,22.0,analytical threshold-event sensitivity; not Max-Cut ground truth
20,1048576,4,3.814697265625e-06,401.62360399575255,0.0022500000000000003,0.620928906036742,14,0.0011643109559287686,23.69300468451439,analytical threshold-event sensitivity; not Max-Cut ground truth
20,1048576,4,3.814697265625e-06,401.62360399575255,0.0022500000000000003,0.7711054127039704,14,0.0011643109559287686,25.795475777855586,analytical threshold-event sensitivity; not Max-Cut ground truth
20,1048576,4,3.814697265625e-06,401.62360399575255,0.0022500000000000003,0.9576032806985736,14,0.0011643109559287686,28.406445929780027,analytical threshold-event sensitivity; not Max-Cut ground truth
20,1048576,4,3.814697265625e-06,401.62360399575255,0.0022500000000000003,1.189207115002721,14,0.0011643109559287686,31.648899610038093,analytical threshold-event sensitivity; not Max-Cut ground truth
20,1048576,4,3.814697265625e-06,401.62360399575255,0.0022500000000000003,1.4768261459394993,14,0.0011643109559287686,35.675566043153,analytical threshold-event sensitivity; not Max-Cut ground truth
20,1048576,4,3.814697265625e-06,401.62360399575255,0.0022500000000000003,1.8340080864093424,14,0.0011643109559287686,40.6761132097308,analytical threshold-event sensitivity; not Max-Cut ground truth
20,1048576,4,3.814697265625e-06,401.62360399575255,0.0022500000000000003,2.2775772695133836,14,0.0011643109559287686,46.88608177318737,analytical threshold-event sensitivity; not Max-Cut ground truth
20,1048576,4,3.814697265625e-06,401.62360399575255,0.0022500000000000003,2.8284271247461903,14,0.0011643109559287686,54.59797974644666,analytical threshold-event sensitivity; not Max-Cut ground truth
20,1048576,4,3.814697265625e-06,401.62360399575255,0.0022500000000000003,3.5125043207466,14,0.0011643109559287686,64.1750604904524,analytical threshold-event sensitivity; not Max-Cut ground truth
20,1048576,4,3.814697265625e-06,401.62360399575255,0.0022500000000000003,4.362030930661032,14,0.0011643109559287686,76.06843302925444,analytical threshold-event sensitivity; not Max-Cut ground truth
20,1048576,4,3.814697265625e-06,401.62360399575255,0.0022500000000000003,5.41702218774757,14,0.0011643109559287686,90.83831062846598,analytical threshold-event sensitivity; not Max-Cut ground truth
20,1048576,4,3.814697265625e-06,401.62360399575255,0.0022500000000000003,6.727171322029715,14,0.0011643109559287686,109.180398508416,analytical threshold-event sensitivity; not Max-Cut ground truth
20,1048576,4,3.814697265625e-06,401.62360399575255,0.0022500000000000003,8.35419025941931,14,0.0011643109559287686,131.95866363187034,analytical threshold-event sensitivity; not Max-Cut ground truth
20,1048576,4,3.814697265625e-06,401.62360399575255,0.0022500000000000003,10.374716437208077,14,0.0011643109559287686,160.24603012091308,analytical threshold-event sensitivity; not Max-Cut ground truth
20,1048576,4,3.814697265625e-06,401.62360399575255,0.0022500000000000003,12.883922655594034,14,0.0011643109559287686,195.37491717831648,analytical threshold-event sensitivity; not Max-Cut ground truth
20,1048576,4,3.814697265625e-06,401.62360399575255,0.0022500000000000003,16.0,14,0.0011643109559287686,239.0,analytical threshold-event sensitivity; not Max-Cut ground truth
20,1048576,4,3.814697265625e-06,401.62360399575255,0.0025,0.5,13,0.0009722463831087229,20.5,analytical threshold-event sensitivity; not Max-Cut ground truth
20,1048576,4,3.814697265625e-06,401.62360399575255,0.0025,0.620928906036742,13,0.0009722463831087229,22.072075778477647,analytical threshold-event sensitivity; not Max-Cut ground truth
20,1048576,4,3.814697265625e-06,401.62360399575255,0.0025,0.7711054127039704,13,0.0009722463831087229,24.024370365151615,analytical threshold-event sensitivity; not Max-Cut ground truth
20,1048576,4,3.814697265625e-06,401.62360399575255,0.0025,0.9576032806985736,13,0.0009722463831087229,26.448842649081456,analytical threshold-event sensitivity; not Max-Cut ground truth
20,1048576,4,3.814697265625e-06,401.62360399575255,0.0025,1.189207115002721,13,0.0009722463831087229,29.45969249503537,analytical threshold-event sensitivity; not Max-Cut ground truth
20,1048576,4,3.814697265625e-06,401.62360399575255,0.0025,1.4768261459394993,13,0.0009722463831087229,33.19873989721349,analytical threshold-event sensitivity; not Max-Cut ground truth
20,1048576,4,3.814697265625e-06,401.62360399575255,0.0025,1.8340080864093424,13,0.0009722463831087229,37.84210512332145,analytical threshold-event sensitivity; not Max-Cut ground truth
20,1048576,4,3.814697265625e-06,401.62360399575255,0.0025,2.2775772695133836,13,0.0009722463831087229,43.608504503673984,analytical threshold-event sensitivity; not Max-Cut ground truth
20,1048576,4,3.814697265625e-06,401.62360399575255,0.0025,2.8284271247461903,13,0.0009722463831087229,50.76955262170048,analytical threshold-event sensitivity; not Max-Cut ground truth
20,1048576,4,3.814697265625e-06,401.62360399575255,0.0025,3.5125043207466,13,0.0009722463831087229,59.662556169705795,analytical threshold-event sensitivity; not Max-Cut ground truth
20,1048576,4,3.814697265625e-06,401.62360399575255,0.0025,4.362030930661032,12,0.0008985833219379377,65.34437116793238,analytical threshold-event sensitivity; not Max-Cut ground truth
20,1048576,4,3.814697265625e-06,401.62360399575255,0.0025,5.41702218774757,12,0.0008985833219379377,78.00426625297084,analytical threshold-event sensitivity; not Max-Cut ground truth
20,1048576,4,3.814697265625e-06,401.62360399575255,0.0025,6.727171322029715,12,0.0008985833219379377,93.72605586435658,analytical threshold-event sensitivity; not Max-Cut ground truth
20,1048576,4,3.814697265625e-06,401.62360399575255,0.0025,8.35419025941931,12,0.0008985833219379377,113.25028311303171,analytical threshold-event sensitivity; not Max-Cut ground truth
20,1048576,4,3.814697265625e-06,401.62360399575255,0.0025,10.374716437208077,12,0.0008985833219379377,137.49659724649692,analytical threshold-event sensitivity; not Max-Cut ground truth
20,1048576,4,3.814697265625e-06,401.62360399575255,0.0025,12.883922655594034,12,0.0008985833219379377,167.6070718671284,analytical threshold-event sensitivity; not Max-Cut ground truth
20,1048576,4,3.814697265625e-06,401.62360399575255,0.0025,16.0,12,0.0008985833219379377,205.0,analytical threshold-event sensitivity; not Max-Cut ground truth
20,1048576,4,3.814697265625e-06,401.62360399575255,0.00275,0.5,12,0.000815107035412894,19.0,analytical threshold-event sensitivity; not Max-Cut ground truth
20,1048576,4,3.814697265625e-06,401.62360399575255,0.00275,0.620928906036742,12,0.000815107035412894,20.451146872440905,analytical threshold-event sensitivity; not Max-Cut ground truth
20,1048576,4,3.814697265625e-06,401.62360399575255,0.00275,0.7711054127039704,12,0.000815107035412894,22.253264952447644,analytical threshold-event sensitivity; not Max-Cut ground truth
20,1048576,4,3.814697265625e-06,401.62360399575255,0.00275,0.9576032806985736,12,0.000815107035412894,24.49123936838288,analytical threshold-event sensitivity; not Max-Cut ground truth
20,1048576,4,3.814697265625e-06,401.62360399575255,0.00275,1.189207115002721,12,0.000815107035412894,27.27048538003265,analytical threshold-event sensitivity; not Max-Cut ground truth
20,1048576,4,3.814697265625e-06,401.62360399575255,0.00275,1.4768261459394993,12,0.000815107035412894,30.721913751273995,analytical threshold-event sensitivity; not Max-Cut ground truth
20,1048576,4,3.814697265625e-06,401.62360399575255,0.00275,1.8340080864093424,11,0.0007493291255184808,32.17408895050277,analytical threshold-event sensitivity; not Max-Cut ground truth
20,1048576,4,3.814697265625e-06,401.62360399575255,0.00275,2.2775772695133836,11,0.0007493291255184808,37.05334996464722,analytical threshold-event sensitivity; not Max-Cut ground truth
20,1048576,4,3.814697265625e-06,401.62360399575255,0.00275,2.8284271247461903,11,0.0007493291255184808,43.112698372208094,analytical threshold-event sensitivity; not Max-Cut ground truth
20,1048576,4,3.814697265625e-06,401.62360399575255,0.00275,3.5125043207466,11,0.0007493291255184808,50.6375475282126,analytical threshold-event sensitivity; not Max-Cut ground truth
20,1048576,4,3.814697265625e-06,401.62360399575255,0.00275,4.362030930661032,11,0.0007493291255184808,59.982340237271345,analytical threshold-event sensitivity; not Max-Cut ground truth
20,1048576,4,3.814697265625e-06,401.62360399575255,0.00275,5.41702218774757,11,0.0007493291255184808,71.58724406522327,analytical threshold-event sensitivity; not Max-Cut ground truth
20,1048576,4,3.814697265625e-06,401.62360399575255,0.00275,6.727171322029715,11,0.0007493291255184808,85.99888454232686,analytical threshold-event sensitivity; not Max-Cut ground truth
20,1048576,4,3.814697265625e-06,401.62360399575255,0.00275,8.35419025941931,11,0.0007493291255184808,103.89609285361242,analytical threshold-event sensitivity; not Max-Cut ground truth
20,1048576,4,3.814697265625e-06,401.62360399575255,0.00275,10.374716437208077,11,0.0007493291255184808,126.12188080928885,analytical threshold-event sensitivity; not Max-Cut ground truth
20,1048576,4,3.814697265625e-06,401.62360399575255,0.00275,12.883922655594034,11,0.0007493291255184808,153.72314921153438,analytical threshold-event sensitivity; not Max-Cut ground truth
20,1048576,4,3.814697265625e-06,401.62360399575255,0.00275,16.0,11,0.0007493291255184808,188.0,analytical threshold-event sensitivity; not Max-Cut ground truth
20,1048576,4,3.814697265625e-06,401.62360399575255,0.003,0.5,11,0.0006848352558433579,17.5,analytical threshold-event sensitivity; not Max-Cut ground truth
20,1048576,4,3.814697265625e-06,401.62360399575255,0.003,0.620928906036742,11,0.0006848352558433579,18.830217966404163,analytical threshold-event sensitivity; not Max-Cut ground truth
20,1048576,4,3.814697265625e-06,401.62360399575255,0.003,0.7711054127039704,11,0.0006848352558433579,20.482159539743677,analytical threshold-event sensitivity; not Max-Cut ground truth
20,1048576,4,3.814697265625e-06,401.62360399575255,0.003,0.9576032806985736,11,0.0006848352558433579,22.533636087684307,analytical threshold-event sensitivity; not Max-Cut ground truth
20,1048576,4,3.814697265625e-06,401.62360399575255,0.003,1.189207115002721,11,0.0006848352558433579,25.08127826502993,analytical threshold-event sensitivity; not Max-Cut ground truth
20,1048576,4,3.814697265625e-06,401.62360399575255,0.003,1.4768261459394993,11,0.0006848352558433579,28.245087605334497,analytical threshold-event sensitivity; not Max-Cut ground truth
20,1048576,4,3.814697265625e-06,401.62360399575255,0.003,1.8340080864093424,10,0.0006247469340623992,29.340080864093427,analytical threshold-event sensitivity; not Max-Cut ground truth
20,1048576,4,3.814697265625e-06,401.62360399575255,0.003,2.2775772695133836,10,0.0006247469340623992,33.77577269513384,analytical threshold-event sensitivity; not Max-Cut ground truth
20,1048576,4,3.814697265625e-06,401.62360399575255,0.003,2.8284271247461903,10,0.0006247469340623992,39.2842712474619,analytical threshold-event sensitivity; not Max-Cut ground truth
20,1048576,4,3.814697265625e-06,401.62360399575255,0.003,3.5125043207466,10,0.0006247469340623992,46.125043207466,analytical threshold-event sensitivity; not Max-Cut ground truth
20,1048576,4,3.814697265625e-06,401.62360399575255,0.003,4.362030930661032,10,0.0006247469340623992,54.62030930661032,analytical threshold-event sensitivity; not Max-Cut ground truth
20,1048576,4,3.814697265625e-06,401.62360399575255,0.003,5.41702218774757,10,0.0006247469340623992,65.1702218774757,analytical threshold-event sensitivity; not Max-Cut ground truth
20,1048576,4,3.814697265625e-06,401.62360399575255,0.003,6.727171322029715,10,0.0006247469340623992,78.27171322029716,analytical threshold-event sensitivity; not Max-Cut ground truth
20,1048576,4,3.814697265625e-06,401.62360399575255,0.003,8.35419025941931,10,0.0006247469340623992,94.5419025941931,analytical threshold-event sensitivity; not Max-Cut ground truth
20,1048576,4,3.814697265625e-06,401.62360399575255,0.003,10.374716437208077,10,0.0006247469340623992,114.74716437208077,analytical threshold-event sensitivity; not Max-Cut ground truth
20,1048576,4,3.814697265625e-06,401.62360399575255,0.003,12.883922655594034,10,0.0006247469340623992,139.83922655594034,analytical threshold-event sensitivity; not Max-Cut ground truth
20,1048576,4,3.814697265625e-06,401.62360399575255,0.003,16.0,10,0.0006247469340623992,171.0,analytical threshold-event sensitivity; not Max-Cut ground truth
20,1048576,16,1.52587890625e-05,200.5614185006068,0.0,0.5,149,0.8463215581995878,224.5,analytical threshold-event sensitivity; not Max-Cut ground truth
20,1048576,16,1.52587890625e-05,200.5614185006068,0.0,0.620928906036742,149,0.8463215581995878,242.51840699947456,analytical threshold-event sensitivity; not Max-Cut ground truth
20,1048576,16,1.52587890625e-05,200.5614185006068,0.0,0.7711054127039704,149,0.8463215581995878,264.8947064928916,analytical threshold-event sensitivity; not Max-Cut ground truth
20,1048576,16,1.52587890625e-05,200.5614185006068,0.0,0.9576032806985736,149,0.8463215581995878,292.68288882408746,analytical threshold-event sensitivity; not Max-Cut ground truth
20,1048576,16,1.52587890625e-05,200.5614185006068,0.0,1.189207115002721,149,0.8463215581995878,327.1918601354054,analytical threshold-event sensitivity; not Max-Cut ground truth
20,1048576,16,1.52587890625e-05,200.5614185006068,0.0,1.4768261459394993,149,0.8463215581995878,370.0470957449854,analytical threshold-event sensitivity; not Max-Cut ground truth
20,1048576,16,1.52587890625e-05,200.5614185006068,0.0,1.8340080864093424,149,0.8463215581995878,423.26720487499205,analytical threshold-event sensitivity; not Max-Cut ground truth
20,1048576,16,1.52587890625e-05,200.5614185006068,0.0,2.2775772695133836,149,0.8463215581995878,489.35901315749413,analytical threshold-event sensitivity; not Max-Cut ground truth
20,1048576,16,1.52587890625e-05,200.5614185006068,0.0,2.8284271247461903,149,0.8463215581995878,571.4356415871823,analytical threshold-event sensitivity; not Max-Cut ground truth
20,1048576,16,1.52587890625e-05,200.5614185006068,0.0,3.5125043207466,149,0.8463215581995878,673.3631437912434,analytical threshold-event sensitivity; not Max-Cut ground truth
20,1048576,16,1.52587890625e-05,200.5614185006068,0.0,4.362030930661032,149,0.8463215581995878,799.9426086684937,analytical threshold-event sensitivity; not Max-Cut ground truth
20,1048576,16,1.52587890625e-05,200.5614185006068,0.0,5.41702218774757,149,0.8463215581995878,957.1363059743879,analytical threshold-event sensitivity; not Max-Cut ground truth
20,1048576,16,1.52587890625e-05,200.5614185006068,0.0,6.727171322029715,149,0.8463215581995878,1152.3485269824275,analytical threshold-event sensitivity; not Max-Cut ground truth
20,1048576,16,1.52587890625e-05,200.5614185006068,0.0,8.35419025941931,149,0.8463215581995878,1394.774348653477,analytical threshold-event sensitivity; not Max-Cut ground truth
20,1048576,16,1.52587890625e-05,200.5614185006068,0.0,10.374716437208077,149,0.8463215581995878,1695.8327491440034,analytical threshold-event sensitivity; not Max-Cut ground truth
20,1048576,16,1.52587890625e-05,200.5614185006068,0.0,12.883922655594034,148,0.8406444945659154,2055.820553027917,analytical threshold-event sensitivity; not Max-Cut ground truth
20,1048576,16,1.52587890625e-05,200.5614185006068,0.0,16.0,148,0.8406444945659154,2517.0,analytical threshold-event sensitivity; not Max-Cut ground truth
20,1048576,16,1.52587890625e-05,200.5614185006068,0.00025,0.5,89,0.21091723353920896,134.5,analytical threshold-event sensitivity; not Max-Cut ground truth
20,1048576,16,1.52587890625e-05,200.5614185006068,0.00025,0.620928906036742,89,0.21091723353920896,145.26267263727004,analytical threshold-event sensitivity; not Max-Cut ground truth
20,1048576,16,1.52587890625e-05,200.5614185006068,0.00025,0.7711054127039704,89,0.21091723353920896,158.62838173065336,analytical threshold-event sensitivity; not Max-Cut ground truth
20,1048576,16,1.52587890625e-05,200.5614185006068,0.00025,0.9576032806985736,88,0.20856223026592202,173.26908870147446,analytical threshold-event sensitivity; not Max-Cut ground truth
20,1048576,16,1.52587890625e-05,200.5614185006068,0.00025,1.189207115002721,88,0.20856223026592202,193.65022612023944,analytical threshold-event sensitivity; not Max-Cut ground truth
20,1048576,16,1.52587890625e-05,200.5614185006068,0.00025,1.4768261459394993,88,0.20856223026592202,218.96070084267598,analytical threshold-event sensitivity; not Max-Cut ground truth
20,1048576,16,1.52587890625e-05,200.5614185006068,0.00025,1.8340080864093424,88,0.20856223026592202,250.39271160402217,analytical threshold-event sensitivity; not Max-Cut ground truth
20,1048576,16,1.52587890625e-05,200.5614185006068,0.00025,2.2775772695133836,88,0.20856223026592202,289.42679971717774,analytical threshold-event sensitivity; not Max-Cut ground truth
20,1048576,16,1.52587890625e-05,200.5614185006068,0.00025,2.8284271247461903,88,0.20856223026592202,337.90158697766475,analytical threshold-event sensitivity; not Max-Cut ground truth
20,1048576,16,1.52587890625e-05,200.5614185006068,0.00025,3.5125043207466,88,0.20856223026592202,398.1003802257008,analytical threshold-event sensitivity; not Max-Cut ground truth
20,1048576,16,1.52587890625e-05,200.5614185006068,0.00025,4.362030930661032,88,0.20856223026592202,472.85872189817076,analytical threshold-event sensitivity; not Max-Cut ground truth
20,1048576,16,1.52587890625e-05,200.5614185006068,0.00025,5.41702218774757,88,0.20856223026592202,565.6979525217862,analytical threshold-event sensitivity; not Max-Cut ground truth
20,1048576,16,1.52587890625e-05,200.5614185006068,0.00025,6.727171322029715,88,0.20856223026592202,680.9910763386149,analytical threshold-event sensitivity; not Max-Cut ground truth
20,1048576,16,1.52587890625e-05,200.5614185006068,0.00025,8.35419025941931,88,0.20856223026592202,824.1687428288993,analytical threshold-event sensitivity; not Max-Cut ground truth
20,1048576,16,1.52587890625e-05,200.5614185006068,0.00025,10.374716437208077,88,0.20856223026592202,1001.9750464743108,analytical threshold-event sensitivity; not Max-Cut ground truth
20,1048576,16,1.52587890625e-05,200.5614185006068,0.00025,12.883922655594034,88,0.20856223026592202,1222.785193692275,analytical threshold-event sensitivity; not Max-Cut ground truth
20,1048576,16,1.52587890625e-05,200.5614185006068,0.00025,16.0,88,0.20856223026592202,1497.0,analytical threshold-event sensitivity; not Max-Cut ground truth
20,1048576,16,1.52587890625e-05,200.5614185006068,0.0005,0.5,57,0.07900769099694924,86.5,analytical threshold-event sensitivity; not Max-Cut ground truth
20,1048576,16,1.52587890625e-05,200.5614185006068,0.0005,0.620928906036742,57,0.07900769099694924,93.39294764409429,analytical threshold-event sensitivity; not Max-Cut ground truth
20,1048576,16,1.52587890625e-05,200.5614185006068,0.0005,0.7711054127039704,57,0.07900769099694924,101.95300852412632,analytical threshold-event sensitivity; not Max-Cut ground truth
20,1048576,16,1.52587890625e-05,200.5614185006068,0.0005,0.9576032806985736,57,0.07900769099694924,112.58338699981869,analytical threshold-event sensitivity; not Max-Cut ground truth
20,1048576,16,1.52587890625e-05,200.5614185006068,0.0005,1.189207115002721,57,0.07900769099694924,125.78480555515509,analytical threshold-event sensitivity; not Max-Cut ground truth
20,1048576,16,1.52587890625e-05,200.5614185006068,0.0005,1.4768261459394993,57,0.07900769099694924,142.1790903185515,analytical threshold-event sensitivity; not Max-Cut ground truth
20,1048576,16,1.52587890625e-05,200.5614185006068,0.0005,1.8340080864093424,57,0.07900769099694924,162.53846092533254,analytical threshold-event sensitivity; not Max-Cut ground truth
20,1048576,16,1.52587890625e-05,200.5614185006068,0.0005,2.2775772695133836,57,0.07900769099694924,187.82190436226287,analytical threshold-event sensitivity; not Max-Cut ground truth
20,1048576,16,1.52587890625e-05,200.5614185006068,0.0005,2.8284271247461903,57,0.07900769099694924,219.22034611053286,analytical threshold-event sensitivity; not Max-Cut ground truth
20,1048576,16,1.52587890625e-05,200.5614185006068,0.0005,3.5125043207466,57,0.07900769099694924,258.21274628255617,analytical threshold-event sensitivity; not Max-Cut ground truth
20,1048576,16,1.52587890625e-05,200.5614185006068,0.0005,4.362030930661032,57,0.07900769099694924,306.6357630476788,analytical threshold-event sensitivity; not Max-Cut ground truth
20,1048576,16,1.52587890625e-05,200.5614185006068,0.0005,5.41702218774757,57,0.07900769099694924,366.7702647016115,analytical threshold-event sensitivity; not Max-Cut ground truth
20,1048576,16,1.52587890625e-05,200.5614185006068,0.0005,6.727171322029715,57,0.07900769099694924,441.44876535569375,analytical threshold-event sensitivity; not Max-Cut ground truth
20,1048576,16,1.52587890625e-05,200.5614185006068,0.0005,8.35419025941931,57,0.07900769099694924,534.1888447869006,analytical threshold-event sensitivity; not Max-Cut ground truth
20,1048576,16,1.52587890625e-05,200.5614185006068,0.0005,10.374716437208077,57,0.07900769099694924,649.3588369208604,analytical threshold-event sensitivity; not Max-Cut ground truth
20,1048576,16,1.52587890625e-05,200.5614185006068,0.0005,12.883922655594034,57,0.07900769099694924,792.3835913688599,analytical threshold-event sensitivity; not Max-Cut ground truth
20,1048576,16,1.52587890625e-05,200.5614185006068,0.0005,16.0,57,0.07900769099694924,970.0,analytical threshold-event sensitivity; not Max-Cut ground truth
20,1048576,16,1.52587890625e-05,200.5614185006068,0.00075,0.5,41,0.03944564489072578,62.5,analytical threshold-event sensitivity; not Max-Cut ground truth
20,1048576,16,1.52587890625e-05,200.5614185006068,0.00075,0.620928906036742,41,0.03944564489072578,67.45808514750642,analytical threshold-event sensitivity; not Max-Cut ground truth
20,1048576,16,1.52587890625e-05,200.5614185006068,0.00075,0.7711054127039704,41,0.03944564489072578,73.61532192086278,analytical threshold-event sensitivity; not Max-Cut ground truth
20,1048576,16,1.52587890625e-05,200.5614185006068,0.00075,0.9576032806985736,41,0.03944564489072578,81.26173450864151,analytical threshold-event sensitivity; not Max-Cut ground truth
20,1048576,16,1.52587890625e-05,200.5614185006068,0.00075,1.189207115002721,41,0.03944564489072578,90.75749171511156,analytical threshold-event sensitivity; not Max-Cut ground truth
20,1048576,16,1.52587890625e-05,200.5614185006068,0.00075,1.4768261459394993,41,0.03944564489072578,102.54987198351948,analytical threshold-event sensitivity; not Max-Cut ground truth
20,1048576,16,1.52587890625e-05,200.5614185006068,0.00075,1.8340080864093424,41,0.03944564489072578,117.19433154278305,analytical threshold-event sensitivity; not Max-Cut ground truth
20,1048576,16,1.52587890625e-05,200.5614185006068,0.00075,2.2775772695133836,41,0.03944564489072578,135.38066805004874,analytical threshold-event sensitivity; not Max-Cut ground truth
20,1048576,16,1.52587890625e-05,200.5614185006068,0.00075,2.8284271247461903,41,0.03944564489072578,157.9655121145938,analytical threshold-event sensitivity; not Max-Cut ground truth
20,1048576,16,1.52587890625e-05,200.5614185006068,0.00075,3.5125043207466,41,0.03944564489072578,186.01267715061059,analytical threshold-event sensitivity; not Max-Cut ground truth
20,1048576,16,1.52587890625e-05,200.5614185006068,0.00075,4.362030930661032,41,0.03944564489072578,220.8432681571023,analytical threshold-event sensitivity; not Max-Cut ground truth
20,1048576,16,1.52587890625e-05,200.5614185006068,0.00075,5.41702218774757,41,0.03944564489072578,264.0979096976504,analytical threshold-event sensitivity; not Max-Cut ground truth
20,1048576,16,1.52587890625e-05,200.5614185006068,0.00075,6.727171322029715,40,0.038487001761645885,310.08685288118863,analytical threshold-event sensitivity; not Max-Cut ground truth
20,1048576,16,1.52587890625e-05,200.5614185006068,0.00075,8.35419025941931,40,0.038487001761645885,375.1676103767724,analytical threshold-event sensitivity; not Max-Cut ground truth
20,1048576,16,1.52587890625e-05,200.5614185006068,0.00075,10.374716437208077,40,0.038487001761645885,455.9886574883231,analytical threshold-event sensitivity; not Max-Cut ground truth
20,1048576,16,1.52587890625e-05,200.5614185006068,0.00075,12.883922655594034,40,0.038487001761645885,556.3569062237614,analytical threshold-event sensitivity; not Max-Cut ground truth
20,1048576,16,1.52587890625e-05,200.5614185006068,0.00075,16.0,40,0.038487001761645885,681.0,analytical threshold-event sensitivity; not Max-Cut ground truth
20,1048576,16,1.52587890625e-05,200.5614185006068,0.001,0.5,32,0.023444691064671685,49.0,analytical threshold-event sensitivity; not Max-Cut ground truth
20,1048576,16,1.52587890625e-05,200.5614185006068,0.001,0.620928906036742,32,0.023444691064671685,52.869724993175744,analytical threshold-event sensitivity; not Max-Cut ground truth
20,1048576,16,1.52587890625e-05,200.5614185006068,0.001,0.7711054127039704,32,0.023444691064671685,57.675373206527055,analytical threshold-event sensitivity; not Max-Cut ground truth
20,1048576,16,1.52587890625e-05,200.5614185006068,0.001,0.9576032806985736,31,0.02272456590133428,61.68570170165578,analytical threshold-event sensitivity; not Max-Cut ground truth
20,1048576,16,1.52587890625e-05,200.5614185006068,0.001,1.189207115002721,31,0.02272456590133428,68.86542056508435,analytical threshold-event sensitivity; not Max-Cut ground truth
20,1048576,16,1.52587890625e-05,200.5614185006068,0.001,1.4768261459394993,31,0.02272456590133428,77.78161052412449,analytical threshold-event sensitivity; not Max-Cut ground truth
20,1048576,16,1.52587890625e-05,200.5614185006068,0.001,1.8340080864093424,31,0.02272456590133428,88.85425067868962,analytical threshold-event sensitivity; not Max-Cut ground truth
20,1048576,16,1.52587890625e-05,200.5614185006068,0.001,2.2775772695133836,31,0.02272456590133428,102.60489535491489,analytical threshold-event sensitivity; not Max-Cut ground truth
20,1048576,16,1.52587890625e-05,200.5614185006068,0.001,2.8284271247461903,31,0.02272456590133428,119.6812408671319,analytical threshold-event sensitivity; not Max-Cut ground truth
20,1048576,16,1.52587890625e-05,200.5614185006068,0.001,3.5125043207466,31,0.02272456590133428,140.8876339431446,analytical threshold-event sensitivity; not Max-Cut ground truth
20,1048576,16,1.52587890625e-05,200.5614185006068,0.001,4.362030930661032,31,0.02272456590133428,167.22295885049198,analytical threshold-event sensitivity; not Max-Cut ground truth
20,1048576,16,1.52587890625e-05,200.5614185006068,0.001,5.41702218774757,31,0.02272456590133428,199.92768782017467,analytical threshold-event sensitivity; not Max-Cut ground truth
20,1048576,16,1.52587890625e-05,200.5614185006068,0.001,6.727171322029715,31,0.02272456590133428,240.54231098292118,analytical threshold-event sensitivity; not Max-Cut ground truth
20,1048576,16,1.52587890625e-05,200.5614185006068,0.001,8.35419025941931,31,0.02272456590133428,290.97989804199864,analytical threshold-event sensitivity; not Max-Cut ground truth
20,1048576,16,1.52587890625e-05,200.5614185006068,0.001,10.374716437208077,31,0.02272456590133428,353.6162095534504,analytical threshold-event sensitivity; not Max-Cut ground truth
20,1048576,16,1.52587890625e-05,200.5614185006068,0.001,12.883922655594034,31,0.02272456590133428,431.4016023234151,analytical threshold-event sensitivity; not Max-Cut ground truth
20,1048576,16,1.52587890625e-05,200.5614185006068,0.001,16.0,31,0.02272456590133428,528.0,analytical threshold-event sensitivity; not Max-Cut ground truth
20,1048576,16,1.52587890625e-05,200.5614185006068,0.00125,0.5,26,0.015351012753047925,40.0,analytical threshold-event sensitivity; not Max-Cut ground truth
20,1048576,16,1.52587890625e-05,200.5614185006068,0.00125,0.620928906036742,26,0.015351012753047925,43.14415155695529,analytical threshold-event sensitivity; not Max-Cut ground truth
20,1048576,16,1.52587890625e-05,200.5614185006068,0.00125,0.7711054127039704,26,0.015351012753047925,47.04874073030323,analytical threshold-event sensitivity; not Max-Cut ground truth
20,1048576,16,1.52587890625e-05,200.5614185006068,0.00125,0.9576032806985736,25,0.014773126575341942,49.940082017464334,analytical threshold-event sensitivity; not Max-Cut ground truth
20,1048576,16,1.52587890625e-05,200.5614185006068,0.00125,1.189207115002721,25,0.014773126575341942,55.73017787506802,analytical threshold-event sensitivity; not Max-Cut ground truth
20,1048576,16,1.52587890625e-05,200.5614185006068,0.00125,1.4768261459394993,25,0.014773126575341942,62.92065364848749,analytical threshold-event sensitivity; not Max-Cut ground truth
20,1048576,16,1.52587890625e-05,200.5614185006068,0.00125,1.8340080864093424,25,0.014773126575341942,71.85020216023356,analytical threshold-event sensitivity; not Max-Cut ground truth
20,1048576,16,1.52587890625e-05,200.5614185006068,0.00125,2.2775772695133836,25,0.014773126575341942,82.9394317378346,analytical threshold-event sensitivity; not Max-Cut ground truth
20,1048576,16,1.52587890625e-05,200.5614185006068,0.00125,2.8284271247461903,25,0.014773126575341942,96.71067811865476,analytical threshold-event sensitivity; not Max-Cut ground truth
20,1048576,16,1.52587890625e-05,200.5614185006068,0.00125,3.5125043207466,25,0.014773126575341942,113.81260801866499,analytical threshold-event sensitivity; not Max-Cut ground truth
20,1048576,16,1.52587890625e-05,200.5614185006068,0.00125,4.362030930661032,25,0.014773126575341942,135.0507732665258,analytical threshold-event sensitivity; not Max-Cut ground truth
20,1048576,16,1.52587890625e-05,200.5614185006068,0.00125,5.41702218774757,25,0.014773126575341942,161.42555469368924,analytical threshold-event sensitivity; not Max-Cut ground truth
20,1048576,16,1.52587890625e-05,200.5614185006068,0.00125,6.727171322029715,25,0.014773126575341942,194.17928305074287,analytical threshold-event sensitivity; not Max-Cut ground truth
20,1048576,16,1.52587890625e-05,200.5614185006068,0.00125,8.35419025941931,25,0.014773126575341942,234.85475648548274,analytical threshold-event sensitivity; not Max-Cut ground truth
20,1048576,16,1.52587890625e-05,200.5614185006068,0.00125,10.374716437208077,25,0.014773126575341942,285.3679109302019,analytical threshold-event sensitivity; not Max-Cut ground truth
20,1048576,16,1.52587890625e-05,200.5614185006068,0.00125,12.883922655594034,25,0.014773126575341942,348.0980663898508,analytical threshold-event sensitivity; not Max-Cut ground truth
20,1048576,16,1.52587890625e-05,200.5614185006068,0.00125,16.0,25,0.014773126575341942,426.0,analytical threshold-event sensitivity; not Max-Cut ground truth
20,1048576,16,1.52587890625e-05,200.5614185006068,0.0015,0.5,21,0.010385309911551323,32.5,analytical threshold-event sensitivity; not Max-Cut ground truth
20,1048576,16,1.52587890625e-05,200.5614185006068,0.0015,0.620928906036742,21,0.010385309911551323,35.03950702677158,analytical threshold-event sensitivity; not Max-Cut ground truth
20,1048576,16,1.52587890625e-05,200.5614185006068,0.0015,0.7711054127039704,21,0.010385309911551323,38.19321366678338,analytical threshold-event sensitivity; not Max-Cut ground truth
20,1048576,16,1.52587890625e-05,200.5614185006068,0.0015,0.9576032806985736,21,0.010385309911551323,42.109668894670044,analytical threshold-event sensitivity; not Max-Cut ground truth
20,1048576,16,1.52587890625e-05,200.5614185006068,0.0015,1.189207115002721,21,0.010385309911551323,46.973349415057136,analytical threshold-event sensitivity; not Max-Cut ground truth
20,1048576,16,1.52587890625e-05,200.5614185006068,0.0015,1.4768261459394993,21,0.010385309911551323,53.01334906472949,analytical threshold-event sensitivity; not Max-Cut ground truth
20,1048576,16,1.52587890625e-05,200.5614185006068,0.0015,1.8340080864093424,21,0.010385309911551323,60.514169814596194,analytical threshold-event sensitivity; not Max-Cut ground truth
20,1048576,16,1.52587890625e-05,200.5614185006068,0.0015,2.2775772695133836,21,0.010385309911551323,69.82912265978105,analytical threshold-event sensitivity; not Max-Cut ground truth
20,1048576,16,1.52587890625e-05,200.5614185006068,0.0015,2.8284271247461903,21,0.010385309911551323,81.39696961967,analytical threshold-event sensitivity; not Max-Cut ground truth
20,1048576,16,1.52587890625e-05,200.5614185006068,0.0015,3.5125043207466,21,0.010385309911551323,95.7625907356786,analytical threshold-event sensitivity; not Max-Cut ground truth
20,1048576,16,1.52587890625e-05,200.5614185006068,0.0015,4.362030930661032,21,0.010385309911551323,113.60264954388167,analytical threshold-event sensitivity; not Max-Cut ground truth
20,1048576,16,1.52587890625e-05,200.5614185006068,0.0015,5.41702218774757,21,0.010385309911551323,135.75746594269896,analytical threshold-event sensitivity; not Max-Cut ground truth
20,1048576,16,1.52587890625e-05,200.5614185006068,0.0015,6.727171322029715,21,0.010385309911551323,163.27059776262402,analytical threshold-event sensitivity; not Max-Cut ground truth
20,1048576,16,1.52587890625e-05,200.5614185006068,0.0015,8.35419025941931,21,0.010385309911551323,197.43799544780552,analytical threshold-event sensitivity; not Max-Cut ground truth
20,1048576,16,1.52587890625e-05,200.5614185006068,0.0015,10.374716437208077,21,0.010385309911551323,239.86904518136961,analytical threshold-event sensitivity; not Max-Cut ground truth
20,1048576,16,1.52587890625e-05,200.5614185006068,0.0015,12.883922655594034,21,0.010385309911551323,292.5623757674747,analytical threshold-event sensitivity; not Max-Cut ground truth
20,1048576,16,1.52587890625e-05,200.5614185006068,0.0015,16.0,21,0.010385309911551323,358.0,analytical threshold-event sensitivity; not Max-Cut ground truth
20,1048576,16,1.52587890625e-05,200.5614185006068,0.00175,0.5,18,0.007650517687772244,28.0,analytical threshold-event sensitivity; not Max-Cut ground truth
20,1048576,16,1.52587890625e-05,200.5614185006068,0.00175,0.620928906036742,18,0.007650517687772244,30.176720308661356,analytical threshold-event sensitivity; not Max-Cut ground truth
20,1048576,16,1.52587890625e-05,200.5614185006068,0.00175,0.7711054127039704,18,0.007650517687772244,32.87989742867147,analytical threshold-event sensitivity; not Max-Cut ground truth
20,1048576,16,1.52587890625e-05,200.5614185006068,0.00175,0.9576032806985736,18,0.007650517687772244,36.236859052574324,analytical threshold-event sensitivity; not Max-Cut ground truth
20,1048576,16,1.52587890625e-05,200.5614185006068,0.00175,1.189207115002721,18,0.007650517687772244,40.40572807004897,analytical threshold-event sensitivity; not Max-Cut ground truth
20,1048576,16,1.52587890625e-05,200.5614185006068,0.00175,1.4768261459394993,18,0.007650517687772244,45.58287062691099,analytical threshold-event sensitivity; not Max-Cut ground truth
20,1048576,16,1.52587890625e-05,200.5614185006068,0.00175,1.8340080864093424,18,0.007650517687772244,52.012145555368164,analytical threshold-event sensitivity; not Max-Cut ground truth
20,1048576,16,1.52587890625e-05,200.5614185006068,0.00175,2.2775772695133836,18,0.007650517687772244,59.9963908512409,analytical threshold-event sensitivity; not Max-Cut ground truth
20,1048576,16,1.52587890625e-05,200.5614185006068,0.00175,2.8284271247461903,18,0.007650517687772244,69.91168824543142,analytical threshold-event sensitivity; not Max-Cut ground truth
20,1048576,16,1.52587890625e-05,200.5614185006068,0.00175,3.5125043207466,18,0.007650517687772244,82.2250777734388,analytical threshold-event sensitivity; not Max-Cut ground truth
20,1048576,16,1.52587890625e-05,200.5614185006068,0.00175,4.362030930661032,18,0.007650517687772244,97.51655675189858,analytical threshold-event sensitivity; not Max-Cut ground truth
20,1048576,16,1.52587890625e-05,200.5614185006068,0.00175,5.41702218774757,18,0.007650517687772244,116.50639937945625,analytical threshold-event sensitivity; not Max-Cut ground truth
20,1048576,16,1.52587890625e-05,200.5614185006068,0.00175,6.727171322029715,18,0.007650517687772244,140.08908379653488,analytical threshold-event sensitivity; not Max-Cut ground truth
20,1048576,16,1.52587890625e-05,200.5614185006068,0.00175,8.35419025941931,18,0.007650517687772244,169.37542466954758,analytical threshold-event sensitivity; not Max-Cut ground truth
20,1048576,16,1.52587890625e-05,200.5614185006068,0.00175,10.374716437208077,18,0.007650517687772244,205.7448958697454,analytical threshold-event sensitivity; not Max-Cut ground truth
20,1048576,16,1.52587890625e-05,200.5614185006068,0.00175,12.883922655594034,18,0.007650517687772244,250.91060780069262,analytical threshold-event sensitivity; not Max-Cut ground truth
20,1048576,16,1.52587890625e-05,200.5614185006068,0.00175,16.0,18,0.007650517687772244,307.0,analytical threshold-event sensitivity; not Max-Cut ground truth
20,1048576,16,1.52587890625e-05,200.5614185006068,0.002,0.5,16,0.005958856256482871,25.0,analytical threshold-event sensitivity; not Max-Cut ground truth
20,1048576,16,1.52587890625e-05,200.5614185006068,0.002,0.620928906036742,16,0.005958856256482871,26.934862496587872,analytical threshold-event sensitivity; not Max-Cut ground truth
20,1048576,16,1.52587890625e-05,200.5614185006068,0.002,0.7711054127039704,16,0.005958856256482871,29.337686603263528,analytical threshold-event sensitivity; not Max-Cut ground truth
20,1048576,16,1.52587890625e-05,200.5614185006068,0.002,0.9576032806985736,16,0.005958856256482871,32.321652491177176,analytical threshold-event sensitivity; not Max-Cut ground truth
20,1048576,16,1.52587890625e-05,200.5614185006068,0.002,1.189207115002721,16,0.005958856256482871,36.02731384004353,analytical threshold-event sensitivity; not Max-Cut ground truth
20,1048576,16,1.52587890625e-05,200.5614185006068,0.002,1.4768261459394993,16,0.005958856256482871,40.62921833503199,analytical threshold-event sensitivity; not Max-Cut ground truth
20,1048576,16,1.52587890625e-05,200.5614185006068,0.002,1.8340080864093424,16,0.005958856256482871,46.34412938254948,analytical threshold-event sensitivity; not Max-Cut ground truth
20,1048576,16,1.52587890625e-05,200.5614185006068,0.002,2.2775772695133836,16,0.005958856256482871,53.44123631221414,analytical threshold-event sensitivity; not Max-Cut ground truth
20,1048576,16,1.52587890625e-05,200.5614185006068,0.002,2.8284271247461903,16,0.005958856256482871,62.254833995939045,analytical threshold-event sensitivity; not Max-Cut ground truth
20,1048576,16,1.52587890625e-05,200.5614185006068,0.002,3.5125043207466,16,0.005958856256482871,73.2000691319456,analytical threshold-event sensitivity; not Max-Cut ground truth
20,1048576,16,1.52587890625e-05,200.5614185006068,0.002,4.362030930661032,16,0.005958856256482871,86.7924948905765,analytical threshold-event sensitivity; not Max-Cut ground truth
20,1048576,16,1.52587890625e-05,200.5614185006068,0.002,5.41702218774757,16,0.005958856256482871,103.67235500396112,analytical threshold-event sensitivity; not Max-Cut ground truth
20,1048576,16,1.52587890625e-05,200.5614185006068,0.002,6.727171322029715,16,0.005958856256482871,124.63474115247544,analytical threshold-event sensitivity; not Max-Cut ground truth
20,1048576,16,1.52587890625e-05,200.5614185006068,0.002,8.35419025941931,16,0.005958856256482871,150.66704415070896,analytical threshold-event sensitivity; not Max-Cut ground truth
20,1048576,16,1.52587890625e-05,200.5614185006068,0.002,10.374716437208077,16,0.005958856256482871,182.99546299532923,analytical threshold-event sensitivity; not Max-Cut ground truth
20,1048576,16,1.52587890625e-05,200.5614185006068,0.002,12.883922655594034,16,0.005958856256482871,223.14276248950455,analytical threshold-event sensitivity; not Max-Cut ground truth
20,1048576,16,1.52587890625e-05,200.5614185006068,0.002,16.0,16,0.005958856256482871,273.0,analytical threshold-event sensitivity; not Max-Cut ground truth
20,1048576,16,1.52587890625e-05,200.5614185006068,0.0022500000000000003,0.5,14,0.004642336224000384,22.0,analytical threshold-event sensitivity; not Max-Cut ground truth
20,1048576,16,1.52587890625e-05,200.5614185006068,0.0022500000000000003,0.620928906036742,14,0.004642336224000384,23.69300468451439,analytical threshold-event sensitivity; not Max-Cut ground truth
20,1048576,16,1.52587890625e-05,200.5614185006068,0.0022500000000000003,0.7711054127039704,14,0.004642336224000384,25.795475777855586,analytical threshold-event sensitivity; not Max-Cut ground truth
20,1048576,16,1.52587890625e-05,200.5614185006068,0.0022500000000000003,0.9576032806985736,14,0.004642336224000384,28.406445929780027,analytical threshold-event sensitivity; not Max-Cut ground truth
20,1048576,16,1.52587890625e-05,200.5614185006068,0.0022500000000000003,1.189207115002721,14,0.004642336224000384,31.648899610038093,analytical threshold-event sensitivity; not Max-Cut ground truth
20,1048576,16,1.52587890625e-05,200.5614185006068,0.0022500000000000003,1.4768261459394993,14,0.004642336224000384,35.675566043153,analytical threshold-event sensitivity; not Max-Cut ground truth
20,1048576,16,1.52587890625e-05,200.5614185006068,0.0022500000000000003,1.8340080864093424,14,0.004642336224000384,40.6761132097308,analytical threshold-event sensitivity; not Max-Cut ground truth
20,1048576,16,1.52587890625e-05,200.5614185006068,0.0022500000000000003,2.2775772695133836,14,0.004642336224000384,46.88608177318737,analytical threshold-event sensitivity; not Max-Cut ground truth
20,1048576,16,1.52587890625e-05,200.5614185006068,0.0022500000000000003,2.8284271247461903,14,0.004642336224000384,54.59797974644666,analytical threshold-event sensitivity; not Max-Cut ground truth
20,1048576,16,1.52587890625e-05,200.5614185006068,0.0022500000000000003,3.5125043207466,14,0.004642336224000384,64.1750604904524,analytical threshold-event sensitivity; not Max-Cut ground truth
20,1048576,16,1.52587890625e-05,200.5614185006068,0.0022500000000000003,4.362030930661032,14,0.004642336224000384,76.06843302925444,analytical threshold-event sensitivity; not Max-Cut ground truth
20,1048576,16,1.52587890625e-05,200.5614185006068,0.0022500000000000003,5.41702218774757,14,0.004642336224000384,90.83831062846598,analytical threshold-event sensitivity; not Max-Cut ground truth
20,1048576,16,1.52587890625e-05,200.5614185006068,0.0022500000000000003,6.727171322029715,14,0.004642336224000384,109.180398508416,analytical threshold-event sensitivity; not Max-Cut ground truth
20,1048576,16,1.52587890625e-05,200.5614185006068,0.0022500000000000003,8.35419025941931,14,0.004642336224000384,131.95866363187034,analytical threshold-event sensitivity; not Max-Cut ground truth
20,1048576,16,1.52587890625e-05,200.5614185006068,0.0022500000000000003,10.374716437208077,14,0.004642336224000384,160.24603012091308,analytical threshold-event sensitivity; not Max-Cut ground truth
20,1048576,16,1.52587890625e-05,200.5614185006068,0.0022500000000000003,12.883922655594034,14,0.004642336224000384,195.37491717831648,analytical threshold-event sensitivity; not Max-Cut ground truth
20,1048576,16,1.52587890625e-05,200.5614185006068,0.0022500000000000003,16.0,14,0.004642336224000384,239.0,analytical threshold-event sensitivity; not Max-Cut ground truth
20,1048576,16,1.52587890625e-05,200.5614185006068,0.0025,0.5,13,0.003878195343943163,20.5,analytical threshold-event sensitivity; not Max-Cut ground truth
20,1048576,16,1.52587890625e-05,200.5614185006068,0.0025,0.620928906036742,13,0.003878195343943163,22.072075778477647,analytical threshold-event sensitivity; not Max-Cut ground truth
20,1048576,16,1.52587890625e-05,200.5614185006068,0.0025,0.7711054127039704,13,0.003878195343943163,24.024370365151615,analytical threshold-event sensitivity; not Max-Cut ground truth
20,1048576,16,1.52587890625e-05,200.5614185006068,0.0025,0.9576032806985736,13,0.003878195343943163,26.448842649081456,analytical threshold-event sensitivity; not Max-Cut ground truth
20,1048576,16,1.52587890625e-05,200.5614185006068,0.0025,1.189207115002721,13,0.003878195343943163,29.45969249503537,analytical threshold-event sensitivity; not Max-Cut ground truth
20,1048576,16,1.52587890625e-05,200.5614185006068,0.0025,1.4768261459394993,13,0.003878195343943163,33.19873989721349,analytical threshold-event sensitivity; not Max-Cut ground truth
20,1048576,16,1.52587890625e-05,200.5614185006068,0.0025,1.8340080864093424,13,0.003878195343943163,37.84210512332145,analytical threshold-event sensitivity; not Max-Cut ground truth
20,1048576,16,1.52587890625e-05,200.5614185006068,0.0025,2.2775772695133836,13,0.003878195343943163,43.608504503673984,analytical threshold-event sensitivity; not Max-Cut ground truth
20,1048576,16,1.52587890625e-05,200.5614185006068,0.0025,2.8284271247461903,12,0.0035857841620672236,46.941125496954285,analytical threshold-event sensitivity; not Max-Cut ground truth
20,1048576,16,1.52587890625e-05,200.5614185006068,0.0025,3.5125043207466,12,0.0035857841620672236,55.150051848959194,analytical threshold-event sensitivity; not Max-Cut ground truth
20,1048576,16,1.52587890625e-05,200.5614185006068,0.0025,4.362030930661032,12,0.0035857841620672236,65.34437116793238,analytical threshold-event sensitivity; not Max-Cut ground truth
20,1048576,16,1.52587890625e-05,200.5614185006068,0.0025,5.41702218774757,12,0.0035857841620672236,78.00426625297084,analytical threshold-event sensitivity; not Max-Cut ground truth
20,1048576,16,1.52587890625e-05,200.5614185006068,0.0025,6.727171322029715,12,0.0035857841620672236,93.72605586435658,analytical threshold-event sensitivity; not Max-Cut ground truth
20,1048576,16,1.52587890625e-05,200.5614185006068,0.0025,8.35419025941931,12,0.0035857841620672236,113.25028311303171,analytical threshold-event sensitivity; not Max-Cut ground truth
20,1048576,16,1.52587890625e-05,200.5614185006068,0.0025,10.374716437208077,12,0.0035857841620672236,137.49659724649692,analytical threshold-event sensitivity; not Max-Cut ground truth
20,1048576,16,1.52587890625e-05,200.5614185006068,0.0025,12.883922655594034,12,0.0035857841620672236,167.6070718671284,analytical threshold-event sensitivity; not Max-Cut ground truth
20,1048576,16,1.52587890625e-05,200.5614185006068,0.0025,16.0,12,0.0035857841620672236,205.0,analytical threshold-event sensitivity; not Max-Cut ground truth
20,1048576,16,1.52587890625e-05,200.5614185006068,0.00275,0.5,12,0.0032526732097248865,19.0,analytical threshold-event sensitivity; not Max-Cut ground truth
20,1048576,16,1.52587890625e-05,200.5614185006068,0.00275,0.620928906036742,12,0.0032526732097248865,20.451146872440905,analytical threshold-event sensitivity; not Max-Cut ground truth
20,1048576,16,1.52587890625e-05,200.5614185006068,0.00275,0.7711054127039704,12,0.0032526732097248865,22.253264952447644,analytical threshold-event sensitivity; not Max-Cut ground truth
20,1048576,16,1.52587890625e-05,200.5614185006068,0.00275,0.9576032806985736,12,0.0032526732097248865,24.49123936838288,analytical threshold-event sensitivity; not Max-Cut ground truth
20,1048576,16,1.52587890625e-05,200.5614185006068,0.00275,1.189207115002721,12,0.0032526732097248865,27.27048538003265,analytical threshold-event sensitivity; not Max-Cut ground truth
20,1048576,16,1.52587890625e-05,200.5614185006068,0.00275,1.4768261459394993,11,0.0029912834327289767,28.245087605334497,analytical threshold-event sensitivity; not Max-Cut ground truth
20,1048576,16,1.52587890625e-05,200.5614185006068,0.00275,1.8340080864093424,11,0.0029912834327289767,32.17408895050277,analytical threshold-event sensitivity; not Max-Cut ground truth
20,1048576,16,1.52587890625e-05,200.5614185006068,0.00275,2.2775772695133836,11,0.0029912834327289767,37.05334996464722,analytical threshold-event sensitivity; not Max-Cut ground truth
20,1048576,16,1.52587890625e-05,200.5614185006068,0.00275,2.8284271247461903,11,0.0029912834327289767,43.112698372208094,analytical threshold-event sensitivity; not Max-Cut ground truth
20,1048576,16,1.52587890625e-05,200.5614185006068,0.00275,3.5125043207466,11,0.0029912834327289767,50.6375475282126,analytical threshold-event sensitivity; not Max-Cut ground truth
20,1048576,16,1.52587890625e-05,200.5614185006068,0.00275,4.362030930661032,11,0.0029912834327289767,59.982340237271345,analytical threshold-event sensitivity; not Max-Cut ground truth
20,1048576,16,1.52587890625e-05,200.5614185006068,0.00275,5.41702218774757,11,0.0029912834327289767,71.58724406522327,analytical threshold-event sensitivity; not Max-Cut ground truth
20,1048576,16,1.52587890625e-05,200.5614185006068,0.00275,6.727171322029715,11,0.0029912834327289767,85.99888454232686,analytical threshold-event sensitivity; not Max-Cut ground truth
20,1048576,16,1.52587890625e-05,200.5614185006068,0.00275,8.35419025941931,11,0.0029912834327289767,103.89609285361242,analytical threshold-event sensitivity; not Max-Cut ground truth
20,1048576,16,1.52587890625e-05,200.5614185006068,0.00275,10.374716437208077,11,0.0029912834327289767,126.12188080928885,analytical threshold-event sensitivity; not Max-Cut ground truth
20,1048576,16,1.52587890625e-05,200.5614185006068,0.00275,12.883922655594034,11,0.0029912834327289767,153.72314921153438,analytical threshold-event sensitivity; not Max-Cut ground truth
20,1048576,16,1.52587890625e-05,200.5614185006068,0.00275,16.0,11,0.0029912834327289767,188.0,analytical threshold-event sensitivity; not Max-Cut ground truth
20,1048576,16,1.52587890625e-05,200.5614185006068,0.003,0.5,11,0.0027338272131561814,17.5,analytical threshold-event sensitivity; not Max-Cut ground truth
20,1048576,16,1.52587890625e-05,200.5614185006068,0.003,0.620928906036742,11,0.0027338272131561814,18.830217966404163,analytical threshold-event sensitivity; not Max-Cut ground truth
20,1048576,16,1.52587890625e-05,200.5614185006068,0.003,0.7711054127039704,11,0.0027338272131561814,20.482159539743677,analytical threshold-event sensitivity; not Max-Cut ground truth
20,1048576,16,1.52587890625e-05,200.5614185006068,0.003,0.9576032806985736,11,0.0027338272131561814,22.533636087684307,analytical threshold-event sensitivity; not Max-Cut ground truth
20,1048576,16,1.52587890625e-05,200.5614185006068,0.003,1.189207115002721,11,0.0027338272131561814,25.08127826502993,analytical threshold-event sensitivity; not Max-Cut ground truth
20,1048576,16,1.52587890625e-05,200.5614185006068,0.003,1.4768261459394993,10,0.002494795582577805,25.768261459394996,analytical threshold-event sensitivity; not Max-Cut ground truth
20,1048576,16,1.52587890625e-05,200.5614185006068,0.003,1.8340080864093424,10,0.002494795582577805,29.340080864093427,analytical threshold-event sensitivity; not Max-Cut ground truth
20,1048576,16,1.52587890625e-05,200.5614185006068,0.003,2.2775772695133836,10,0.002494795582577805,33.77577269513384,analytical threshold-event sensitivity; not Max-Cut ground truth
20,1048576,16,1.52587890625e-05,200.5614185006068,0.003,2.8284271247461903,10,0.002494795582577805,39.2842712474619,analytical threshold-event sensitivity; not Max-Cut ground truth
20,1048576,16,1.52587890625e-05,200.5614185006068,0.003,3.5125043207466,10,0.002494795582577805,46.125043207466,analytical threshold-event sensitivity; not Max-Cut ground truth
20,1048576,16,1.52587890625e-05,200.5614185006068,0.003,4.362030930661032,10,0.002494795582577805,54.62030930661032,analytical threshold-event sensitivity; not Max-Cut ground truth
20,1048576,16,1.52587890625e-05,200.5614185006068,0.003,5.41702218774757,10,0.002494795582577805,65.1702218774757,analytical threshold-event sensitivity; not Max-Cut ground truth
20,1048576,16,1.52587890625e-05,200.5614185006068,0.003,6.727171322029715,10,0.002494795582577805,78.27171322029716,analytical threshold-event sensitivity; not Max-Cut ground truth
20,1048576,16,1.52587890625e-05,200.5614185006068,0.003,8.35419025941931,10,0.002494795582577805,94.5419025941931,analytical threshold-event sensitivity; not Max-Cut ground truth
20,1048576,16,1.52587890625e-05,200.5614185006068,0.003,10.374716437208077,10,0.002494795582577805,114.74716437208077,analytical threshold-event sensitivity; not Max-Cut ground truth
20,1048576,16,1.52587890625e-05,200.5614185006068,0.003,12.883922655594034,10,0.002494795582577805,139.83922655594034,analytical threshold-event sensitivity; not Max-Cut ground truth
20,1048576,16,1.52587890625e-05,200.5614185006068,0.003,16.0,10,0.002494795582577805,171.0,analytical threshold-event sensitivity; not Max-Cut ground truth
24,16777216,1,5.960464477539063e-08,3216.4908453180146,0.0,0.5,2387,0.844731231392542,3581.5,analytical threshold-event sensitivity; not Max-Cut ground truth
24,16777216,1,5.960464477539063e-08,3216.4908453180146,0.0,0.620928906036742,2387,0.844731231392542,3870.1572987097034,analytical threshold-event sensitivity; not Max-Cut ground truth
24,16777216,1,5.960464477539063e-08,3216.4908453180146,0.0,0.7711054127039704,2387,0.844731231392542,4228.628620124377,analytical threshold-event sensitivity; not Max-Cut ground truth
24,16777216,1,5.960464477539063e-08,3216.4908453180146,0.0,0.9576032806985736,2387,0.844731231392542,4673.7990310274945,analytical threshold-event sensitivity; not Max-Cut ground truth
24,16777216,1,5.960464477539063e-08,3216.4908453180146,0.0,1.189207115002721,2387,0.844731231392542,5226.637383511495,analytical threshold-event sensitivity; not Max-Cut ground truth
24,16777216,1,5.960464477539063e-08,3216.4908453180146,0.0,1.4768261459394993,2387,0.844731231392542,5913.184010357585,analytical threshold-event sensitivity; not Max-Cut ground truth
24,16777216,1,5.960464477539063e-08,3216.4908453180146,0.0,1.8340080864093424,2387,0.844731231392542,6765.777302259101,analytical threshold-event sensitivity; not Max-Cut ground truth
24,16777216,1,5.960464477539063e-08,3216.4908453180146,0.0,2.2775772695133836,2386,0.8443773944986129,7821.299365058933,analytical threshold-event sensitivity; not Max-Cut ground truth
24,16777216,1,5.960464477539063e-08,3216.4908453180146,0.0,2.8284271247461903,2386,0.8443773944986129,9135.62711964441,analytical threshold-event sensitivity; not Max-Cut ground truth
24,16777216,1,5.960464477539063e-08,3216.4908453180146,0.0,3.5125043207466,2386,0.8443773944986129,10767.835309301387,analytical threshold-event sensitivity; not Max-Cut ground truth
24,16777216,1,5.960464477539063e-08,3216.4908453180146,0.0,4.362030930661032,2386,0.8443773944986129,12794.805800557222,analytical threshold-event sensitivity; not Max-Cut ground truth
24,16777216,1,5.960464477539063e-08,3216.4908453180146,0.0,5.41702218774757,2386,0.8443773944986129,15312.014939965702,analytical threshold-event sensitivity; not Max-Cut ground truth
24,16777216,1,5.960464477539063e-08,3216.4908453180146,0.0,6.727171322029715,2386,0.8443773944986129,18438.030774362902,analytical threshold-event sensitivity; not Max-Cut ground truth
24,16777216,1,5.960464477539063e-08,3216.4908453180146,0.0,8.35419025941931,2386,0.8443773944986129,22320.097958974475,analytical threshold-event sensitivity; not Max-Cut ground truth
24,16777216,1,5.960464477539063e-08,3216.4908453180146,0.0,10.374716437208077,2386,0.8443773944986129,27141.073419178472,analytical threshold-event sensitivity; not Max-Cut ground truth
24,16777216,1,5.960464477539063e-08,3216.4908453180146,0.0,12.883922655594034,2386,0.8443773944986129,33128.03945624737,analytical threshold-event sensitivity; not Max-Cut ground truth
24,16777216,1,5.960464477539063e-08,3216.4908453180146,0.0,16.0,2386,0.8443773944986129,40563.0,analytical threshold-event sensitivity; not Max-Cut ground truth
24,16777216,1,5.960464477539063e-08,3216.4908453180146,0.00025,0.5,133,0.0015531788416243155,200.5,analytical threshold-event sensitivity; not Max-Cut ground truth
24,16777216,1,5.960464477539063e-08,3216.4908453180146,0.00025,0.620928906036742,133,0.0015531788416243155,216.5835445028867,analytical threshold-event sensitivity; not Max-Cut ground truth
24,16777216,1,5.960464477539063e-08,3216.4908453180146,0.00025,0.7711054127039704,133,0.0015531788416243155,236.55701988962807,analytical threshold-event sensitivity; not Max-Cut ground truth
24,16777216,1,5.960464477539063e-08,3216.4908453180146,0.00025,0.9576032806985736,132,0.0015415481092646267,259.4036330522117,analytical threshold-event sensitivity; not Max-Cut ground truth
24,16777216,1,5.960464477539063e-08,3216.4908453180146,0.00025,1.189207115002721,132,0.0015415481092646267,289.97533918035913,analytical threshold-event sensitivity; not Max-Cut ground truth
24,16777216,1,5.960464477539063e-08,3216.4908453180146,0.00025,1.4768261459394993,132,0.0015415481092646267,327.94105126401394,analytical threshold-event sensitivity; not Max-Cut ground truth
24,16777216,1,5.960464477539063e-08,3216.4908453180146,0.00025,1.8340080864093424,132,0.0015415481092646267,375.0890674060332,analytical threshold-event sensitivity; not Max-Cut ground truth
24,16777216,1,5.960464477539063e-08,3216.4908453180146,0.00025,2.2775772695133836,132,0.0015415481092646267,433.64019957576664,analytical threshold-event sensitivity; not Max-Cut ground truth
24,16777216,1,5.960464477539063e-08,3216.4908453180146,0.00025,2.8284271247461903,132,0.0015415481092646267,506.3523804664971,analytical threshold-event sensitivity; not Max-Cut ground truth
24,16777216,1,5.960464477539063e-08,3216.4908453180146,0.00025,3.5125043207466,132,0.0015415481092646267,596.6505703385511,analytical threshold-event sensitivity; not Max-Cut ground truth
24,16777216,1,5.960464477539063e-08,3216.4908453180146,0.00025,4.362030930661032,132,0.0015415481092646267,708.7880828472562,analytical threshold-event sensitivity; not Max-Cut ground truth
24,16777216,1,5.960464477539063e-08,3216.4908453180146,0.00025,5.41702218774757,132,0.0015415481092646267,848.0469287826792,analytical threshold-event sensitivity; not Max-Cut ground truth
24,16777216,1,5.960464477539063e-08,3216.4908453180146,0.00025,6.727171322029715,132,0.0015415481092646267,1020.9866145079224,analytical threshold-event sensitivity; not Max-Cut ground truth
24,16777216,1,5.960464477539063e-08,3216.4908453180146,0.00025,8.35419025941931,132,0.0015415481092646267,1235.7531142433488,analytical threshold-event sensitivity; not Max-Cut ground truth
24,16777216,1,5.960464477539063e-08,3216.4908453180146,0.00025,10.374716437208077,132,0.0015415481092646267,1502.4625697114661,analytical threshold-event sensitivity; not Max-Cut ground truth
24,16777216,1,5.960464477539063e-08,3216.4908453180146,0.00025,12.883922655594034,132,0.0015415481092646267,1833.6777905384124,analytical threshold-event sensitivity; not Max-Cut ground truth
24,16777216,1,5.960464477539063e-08,3216.4908453180146,0.00025,16.0,132,0.0015415481092646267,2245.0,analytical threshold-event sensitivity; not Max-Cut ground truth
24,16777216,1,5.960464477539063e-08,3216.4908453180146,0.0005,0.5,66,0.000385802291331812,100.0,analytical threshold-event sensitivity; not Max-Cut ground truth
24,16777216,1,5.960464477539063e-08,3216.4908453180146,0.0005,0.620928906036742,66,0.000385802291331812,107.98130779842498,analytical threshold-event sensitivity; not Max-Cut ground truth
24,16777216,1,5.960464477539063e-08,3216.4908453180146,0.0005,0.7711054127039704,66,0.000385802291331812,117.89295723846205,analytical threshold-event sensitivity; not Max-Cut ground truth
24,16777216,1,5.960464477539063e-08,3216.4908453180146,0.0005,0.9576032806985736,66,0.000385802291331812,130.20181652610586,analytical threshold-event sensitivity; not Max-Cut ground truth
24,16777216,1,5.960464477539063e-08,3216.4908453180146,0.0005,1.189207115002721,66,0.000385802291331812,145.48766959017956,analytical threshold-event sensitivity; not Max-Cut ground truth
24,16777216,1,5.960464477539063e-08,3216.4908453180146,0.0005,1.4768261459394993,66,0.000385802291331812,164.47052563200697,analytical threshold-event sensitivity; not Max-Cut ground truth
24,16777216,1,5.960464477539063e-08,3216.4908453180146,0.0005,1.8340080864093424,66,0.000385802291331812,188.0445337030166,analytical threshold-event sensitivity; not Max-Cut ground truth
24,16777216,1,5.960464477539063e-08,3216.4908453180146,0.0005,2.2775772695133836,66,0.000385802291331812,217.32009978788332,analytical threshold-event sensitivity; not Max-Cut ground truth
24,16777216,1,5.960464477539063e-08,3216.4908453180146,0.0005,2.8284271247461903,66,0.000385802291331812,253.67619023324855,analytical threshold-event sensitivity; not Max-Cut ground truth
24,16777216,1,5.960464477539063e-08,3216.4908453180146,0.0005,3.5125043207466,66,0.000385802291331812,298.82528516927556,analytical threshold-event sensitivity; not Max-Cut ground truth
24,16777216,1,5.960464477539063e-08,3216.4908453180146,0.0005,4.362030930661032,66,0.000385802291331812,354.8940414236281,analytical threshold-event sensitivity; not Max-Cut ground truth
24,16777216,1,5.960464477539063e-08,3216.4908453180146,0.0005,5.41702218774757,66,0.000385802291331812,424.5234643913396,analytical threshold-event sensitivity; not Max-Cut ground truth
24,16777216,1,5.960464477539063e-08,3216.4908453180146,0.0005,6.727171322029715,66,0.000385802291331812,510.9933072539612,analytical threshold-event sensitivity; not Max-Cut ground truth
24,16777216,1,5.960464477539063e-08,3216.4908453180146,0.0005,8.35419025941931,66,0.000385802291331812,618.3765571216744,analytical threshold-event sensitivity; not Max-Cut ground truth
24,16777216,1,5.960464477539063e-08,3216.4908453180146,0.0005,10.374716437208077,66,0.000385802291331812,751.7312848557331,analytical threshold-event sensitivity; not Max-Cut ground truth
24,16777216,1,5.960464477539063e-08,3216.4908453180146,0.0005,12.883922655594034,66,0.000385802291331812,917.3388952692062,analytical threshold-event sensitivity; not Max-Cut ground truth
24,16777216,1,5.960464477539063e-08,3216.4908453180146,0.0005,16.0,66,0.000385802291331812,1123.0,analytical threshold-event sensitivity; not Max-Cut ground truth
24,16777216,1,5.960464477539063e-08,3216.4908453180146,0.00075,0.5,44,0.00017150177308622395,67.0,analytical threshold-event sensitivity; not Max-Cut ground truth
24,16777216,1,5.960464477539063e-08,3216.4908453180146,0.00075,0.620928906036742,44,0.00017150177308622395,72.32087186561665,analytical threshold-event sensitivity; not Max-Cut ground truth
24,16777216,1,5.960464477539063e-08,3216.4908453180146,0.00075,0.7711054127039704,44,0.00017150177308622395,78.9286381589747,analytical threshold-event sensitivity; not Max-Cut ground truth
24,16777216,1,5.960464477539063e-08,3216.4908453180146,0.00075,0.9576032806985736,44,0.00017150177308622395,87.13454435073723,analytical threshold-event sensitivity; not Max-Cut ground truth
24,16777216,1,5.960464477539063e-08,3216.4908453180146,0.00075,1.189207115002721,44,0.00017150177308622395,97.32511306011972,analytical threshold-event sensitivity; not Max-Cut ground truth
24,16777216,1,5.960464477539063e-08,3216.4908453180146,0.00075,1.4768261459394993,44,0.00017150177308622395,109.98035042133799,analytical threshold-event sensitivity; not Max-Cut ground truth
24,16777216,1,5.960464477539063e-08,3216.4908453180146,0.00075,1.8340080864093424,44,0.00017150177308622395,125.69635580201108,analytical threshold-event sensitivity; not Max-Cut ground truth
24,16777216,1,5.960464477539063e-08,3216.4908453180146,0.00075,2.2775772695133836,44,0.00017150177308622395,145.21339985858887,analytical threshold-event sensitivity; not Max-Cut ground truth
24,16777216,1,5.960464477539063e-08,3216.4908453180146,0.00075,2.8284271247461903,44,0.00017150177308622395,169.45079348883237,analytical threshold-event sensitivity; not Max-Cut ground truth
24,16777216,1,5.960464477539063e-08,3216.4908453180146,0.00075,3.5125043207466,44,0.00017150177308622395,199.5501901128504,analytical threshold-event sensitivity; not Max-Cut ground truth
24,16777216,1,5.960464477539063e-08,3216.4908453180146,0.00075,4.362030930661032,44,0.00017150177308622395,236.92936094908538,analytical threshold-event sensitivity; not Max-Cut ground truth
24,16777216,1,5.960464477539063e-08,3216.4908453180146,0.00075,5.41702218774757,44,0.00017150177308622395,283.3489762608931,analytical threshold-event sensitivity; not Max-Cut ground truth
24,16777216,1,5.960464477539063e-08,3216.4908453180146,0.00075,6.727171322029715,44,0.00017150177308622395,340.99553816930745,analytical threshold-event sensitivity; not Max-Cut ground truth
24,16777216,1,5.960464477539063e-08,3216.4908453180146,0.00075,8.35419025941931,44,0.00017150177308622395,412.58437141444966,analytical threshold-event sensitivity; not Max-Cut ground truth
24,16777216,1,5.960464477539063e-08,3216.4908453180146,0.00075,10.374716437208077,44,0.00017150177308622395,501.4875232371554,analytical threshold-event sensitivity; not Max-Cut ground truth
24,16777216,1,5.960464477539063e-08,3216.4908453180146,0.00075,12.883922655594034,43,0.00016761071146916814,598.0086741905435,analytical threshold-event sensitivity; not Max-Cut ground truth
24,16777216,1,5.960464477539063e-08,3216.4908453180146,0.00075,16.0,43,0.00016761071146916814,732.0,analytical threshold-event sensitivity; not Max-Cut ground truth
24,16777216,1,5.960464477539063e-08,3216.4908453180146,0.001,0.5,33,9.647407254571252e-05,50.5,analytical threshold-event sensitivity; not Max-Cut ground truth
24,16777216,1,5.960464477539063e-08,3216.4908453180146,0.001,0.620928906036742,33,9.647407254571252e-05,54.49065389921249,analytical threshold-event sensitivity; not Max-Cut ground truth
24,16777216,1,5.960464477539063e-08,3216.4908453180146,0.001,0.7711054127039704,33,9.647407254571252e-05,59.44647861923102,analytical threshold-event sensitivity; not Max-Cut ground truth
24,16777216,1,5.960464477539063e-08,3216.4908453180146,0.001,0.9576032806985736,33,9.647407254571252e-05,65.60090826305293,analytical threshold-event sensitivity; not Max-Cut ground truth
24,16777216,1,5.960464477539063e-08,3216.4908453180146,0.001,1.189207115002721,33,9.647407254571252e-05,73.24383479508978,analytical threshold-event sensitivity; not Max-Cut ground truth
24,16777216,1,5.960464477539063e-08,3216.4908453180146,0.001,1.4768261459394993,33,9.647407254571252e-05,82.73526281600348,analytical threshold-event sensitivity; not Max-Cut ground truth
24,16777216,1,5.960464477539063e-08,3216.4908453180146,0.001,1.8340080864093424,33,9.647407254571252e-05,94.5222668515083,analytical threshold-event sensitivity; not Max-Cut ground truth
24,16777216,1,5.960464477539063e-08,3216.4908453180146,0.001,2.2775772695133836,33,9.647407254571252e-05,109.16004989394166,analytical threshold-event sensitivity; not Max-Cut ground truth
24,16777216,1,5.960464477539063e-08,3216.4908453180146,0.001,2.8284271247461903,33,9.647407254571252e-05,127.33809511662427,analytical threshold-event sensitivity; not Max-Cut ground truth
24,16777216,1,5.960464477539063e-08,3216.4908453180146,0.001,3.5125043207466,33,9.647407254571252e-05,149.91264258463778,analytical threshold-event sensitivity; not Max-Cut ground truth
24,16777216,1,5.960464477539063e-08,3216.4908453180146,0.001,4.362030930661032,33,9.647407254571252e-05,177.94702071181405,analytical threshold-event sensitivity; not Max-Cut ground truth
24,16777216,1,5.960464477539063e-08,3216.4908453180146,0.001,5.41702218774757,32,9.356616567193127e-05,206.34471000792223,analytical threshold-event sensitivity; not Max-Cut ground truth
24,16777216,1,5.960464477539063e-08,3216.4908453180146,0.001,6.727171322029715,32,9.356616567193127e-05,248.26948230495088,analytical threshold-event sensitivity; not Max-Cut ground truth
24,16777216,1,5.960464477539063e-08,3216.4908453180146,0.001,8.35419025941931,32,9.356616567193127e-05,300.3340883014179,analytical threshold-event sensitivity; not Max-Cut ground truth
24,16777216,1,5.960464477539063e-08,3216.4908453180146,0.001,10.374716437208077,32,9.356616567193127e-05,364.99092599065847,analytical threshold-event sensitivity; not Max-Cut ground truth
24,16777216,1,5.960464477539063e-08,3216.4908453180146,0.001,12.883922655594034,32,9.356616567193127e-05,445.2855249790091,analytical threshold-event sensitivity; not Max-Cut ground truth
24,16777216,1,5.960464477539063e-08,3216.4908453180146,0.001,16.0,32,9.356616567193127e-05,545.0,analytical threshold-event sensitivity; not Max-Cut ground truth
24,16777216,1,5.960464477539063e-08,3216.4908453180146,0.00125,0.5,26,6.0825326795364445e-05,40.0,analytical threshold-event sensitivity; not Max-Cut ground truth
24,16777216,1,5.960464477539063e-08,3216.4908453180146,0.00125,0.620928906036742,26,6.0825326795364445e-05,43.14415155695529,analytical threshold-event sensitivity; not Max-Cut ground truth
24,16777216,1,5.960464477539063e-08,3216.4908453180146,0.00125,0.7711054127039704,26,6.0825326795364445e-05,47.04874073030323,analytical threshold-event sensitivity; not Max-Cut ground truth
24,16777216,1,5.960464477539063e-08,3216.4908453180146,0.00125,0.9576032806985736,26,6.0825326795364445e-05,51.89768529816291,analytical threshold-event sensitivity; not Max-Cut ground truth
24,16777216,1,5.960464477539063e-08,3216.4908453180146,0.00125,1.189207115002721,26,6.0825326795364445e-05,57.91938499007074,analytical threshold-event sensitivity; not Max-Cut ground truth
24,16777216,1,5.960464477539063e-08,3216.4908453180146,0.00125,1.4768261459394993,26,6.0825326795364445e-05,65.39747979442699,analytical threshold-event sensitivity; not Max-Cut ground truth
24,16777216,1,5.960464477539063e-08,3216.4908453180146,0.00125,1.8340080864093424,26,6.0825326795364445e-05,74.6842102466429,analytical threshold-event sensitivity; not Max-Cut ground truth
24,16777216,1,5.960464477539063e-08,3216.4908453180146,0.00125,2.2775772695133836,26,6.0825326795364445e-05,86.21700900734797,analytical threshold-event sensitivity; not Max-Cut ground truth
24,16777216,1,5.960464477539063e-08,3216.4908453180146,0.00125,2.8284271247461903,26,6.0825326795364445e-05,100.53910524340095,analytical threshold-event sensitivity; not Max-Cut ground truth
24,16777216,1,5.960464477539063e-08,3216.4908453180146,0.00125,3.5125043207466,26,6.0825326795364445e-05,118.32511233941159,analytical threshold-event sensitivity; not Max-Cut ground truth
24,16777216,1,5.960464477539063e-08,3216.4908453180146,0.00125,4.362030930661032,26,6.0825326795364445e-05,140.41280419718683,analytical threshold-event sensitivity; not Max-Cut ground truth
24,16777216,1,5.960464477539063e-08,3216.4908453180146,0.00125,5.41702218774757,26,6.0825326795364445e-05,167.8425768814368,analytical threshold-event sensitivity; not Max-Cut ground truth
24,16777216,1,5.960464477539063e-08,3216.4908453180146,0.00125,6.727171322029715,26,6.0825326795364445e-05,201.9064543727726,analytical threshold-event sensitivity; not Max-Cut ground truth
24,16777216,1,5.960464477539063e-08,3216.4908453180146,0.00125,8.35419025941931,26,6.0825326795364445e-05,244.20894674490205,analytical threshold-event sensitivity; not Max-Cut ground truth
24,16777216,1,5.960464477539063e-08,3216.4908453180146,0.00125,10.374716437208077,26,6.0825326795364445e-05,296.74262736741,analytical threshold-event sensitivity; not Max-Cut ground truth
24,16777216,1,5.960464477539063e-08,3216.4908453180146,0.00125,12.883922655594034,26,6.0825326795364445e-05,361.9819890454449,analytical threshold-event sensitivity; not Max-Cut ground truth
24,16777216,1,5.960464477539063e-08,3216.4908453180146,0.00125,16.0,26,6.0825326795364445e-05,443.0,analytical threshold-event sensitivity; not Max-Cut ground truth
24,16777216,1,5.960464477539063e-08,3216.4908453180146,0.0015,0.5,22,4.2873888915222105e-05,34.0,analytical threshold-event sensitivity; not Max-Cut ground truth
24,16777216,1,5.960464477539063e-08,3216.4908453180146,0.0015,0.620928906036742,22,4.2873888915222105e-05,36.660435932808326,analytical threshold-event sensitivity; not Max-Cut ground truth
24,16777216,1,5.960464477539063e-08,3216.4908453180146,0.0015,0.7711054127039704,22,4.2873888915222105e-05,39.96431907948735,analytical threshold-event sensitivity; not Max-Cut ground truth
24,16777216,1,5.960464477539063e-08,3216.4908453180146,0.0015,0.9576032806985736,22,4.2873888915222105e-05,44.067272175368615,analytical threshold-event sensitivity; not Max-Cut ground truth
24,16777216,1,5.960464477539063e-08,3216.4908453180146,0.0015,1.189207115002721,22,4.2873888915222105e-05,49.16255653005986,analytical threshold-event sensitivity; not Max-Cut ground truth
24,16777216,1,5.960464477539063e-08,3216.4908453180146,0.0015,1.4768261459394993,22,4.2873888915222105e-05,55.490175210668994,analytical threshold-event sensitivity; not Max-Cut ground truth
24,16777216,1,5.960464477539063e-08,3216.4908453180146,0.0015,1.8340080864093424,22,4.2873888915222105e-05,63.34817790100554,analytical threshold-event sensitivity; not Max-Cut ground truth
24,16777216,1,5.960464477539063e-08,3216.4908453180146,0.0015,2.2775772695133836,22,4.2873888915222105e-05,73.10669992929444,analytical threshold-event sensitivity; not Max-Cut ground truth
24,16777216,1,5.960464477539063e-08,3216.4908453180146,0.0015,2.8284271247461903,21,4.0949587595313196e-05,81.39696961967,analytical threshold-event sensitivity; not Max-Cut ground truth
24,16777216,1,5.960464477539063e-08,3216.4908453180146,0.0015,3.5125043207466,21,4.0949587595313196e-05,95.7625907356786,analytical threshold-event sensitivity; not Max-Cut ground truth
24,16777216,1,5.960464477539063e-08,3216.4908453180146,0.0015,4.362030930661032,21,4.0949587595313196e-05,113.60264954388167,analytical threshold-event sensitivity; not Max-Cut ground truth
24,16777216,1,5.960464477539063e-08,3216.4908453180146,0.0015,5.41702218774757,21,4.0949587595313196e-05,135.75746594269896,analytical threshold-event sensitivity; not Max-Cut ground truth
24,16777216,1,5.960464477539063e-08,3216.4908453180146,0.0015,6.727171322029715,21,4.0949587595313196e-05,163.27059776262402,analytical threshold-event sensitivity; not Max-Cut ground truth
24,16777216,1,5.960464477539063e-08,3216.4908453180146,0.0015,8.35419025941931,21,4.0949587595313196e-05,197.43799544780552,analytical threshold-event sensitivity; not Max-Cut ground truth
24,16777216,1,5.960464477539063e-08,3216.4908453180146,0.0015,10.374716437208077,21,4.0949587595313196e-05,239.86904518136961,analytical threshold-event sensitivity; not Max-Cut ground truth
24,16777216,1,5.960464477539063e-08,3216.4908453180146,0.0015,12.883922655594034,21,4.0949587595313196e-05,292.5623757674747,analytical threshold-event sensitivity; not Max-Cut ground truth
24,16777216,1,5.960464477539063e-08,3216.4908453180146,0.0015,16.0,21,4.0949587595313196e-05,358.0,analytical threshold-event sensitivity; not Max-Cut ground truth
24,16777216,1,5.960464477539063e-08,3216.4908453180146,0.00175,0.5,19,3.172393099356067e-05,29.5,analytical threshold-event sensitivity; not Max-Cut ground truth
24,16777216,1,5.960464477539063e-08,3216.4908453180146,0.00175,0.620928906036742,19,3.172393099356067e-05,31.797649214698097,analytical threshold-event sensitivity; not Max-Cut ground truth
24,16777216,1,5.960464477539063e-08,3216.4908453180146,0.00175,0.7711054127039704,19,3.172393099356067e-05,34.65100284137544,analytical threshold-event sensitivity; not Max-Cut ground truth
24,16777216,1,5.960464477539063e-08,3216.4908453180146,0.00175,0.9576032806985736,19,3.172393099356067e-05,38.194462333272895,analytical threshold-event sensitivity; not Max-Cut ground truth
24,16777216,1,5.960464477539063e-08,3216.4908453180146,0.00175,1.189207115002721,19,3.172393099356067e-05,42.594935185051696,analytical threshold-event sensitivity; not Max-Cut ground truth
24,16777216,1,5.960464477539063e-08,3216.4908453180146,0.00175,1.4768261459394993,18,3.009282797241389e-05,45.58287062691099,analytical threshold-event sensitivity; not Max-Cut ground truth
24,16777216,1,5.960464477539063e-08,3216.4908453180146,0.00175,1.8340080864093424,18,3.009282797241389e-05,52.012145555368164,analytical threshold-event sensitivity; not Max-Cut ground truth
24,16777216,1,5.960464477539063e-08,3216.4908453180146,0.00175,2.2775772695133836,18,3.009282797241389e-05,59.9963908512409,analytical threshold-event sensitivity; not Max-Cut ground truth
24,16777216,1,5.960464477539063e-08,3216.4908453180146,0.00175,2.8284271247461903,18,3.009282797241389e-05,69.91168824543142,analytical threshold-event sensitivity; not Max-Cut ground truth
24,16777216,1,5.960464477539063e-08,3216.4908453180146,0.00175,3.5125043207466,18,3.009282797241389e-05,82.2250777734388,analytical threshold-event sensitivity; not Max-Cut ground truth
24,16777216,1,5.960464477539063e-08,3216.4908453180146,0.00175,4.362030930661032,18,3.009282797241389e-05,97.51655675189858,analytical threshold-event sensitivity; not Max-Cut ground truth
24,16777216,1,5.960464477539063e-08,3216.4908453180146,0.00175,5.41702218774757,18,3.009282797241389e-05,116.50639937945625,analytical threshold-event sensitivity; not Max-Cut ground truth
24,16777216,1,5.960464477539063e-08,3216.4908453180146,0.00175,6.727171322029715,18,3.009282797241389e-05,140.08908379653488,analytical threshold-event sensitivity; not Max-Cut ground truth
24,16777216,1,5.960464477539063e-08,3216.4908453180146,0.00175,8.35419025941931,18,3.009282797241389e-05,169.37542466954758,analytical threshold-event sensitivity; not Max-Cut ground truth
24,16777216,1,5.960464477539063e-08,3216.4908453180146,0.00175,10.374716437208077,18,3.009282797241389e-05,205.7448958697454,analytical threshold-event sensitivity; not Max-Cut ground truth
24,16777216,1,5.960464477539063e-08,3216.4908453180146,0.00175,12.883922655594034,18,3.009282797241389e-05,250.91060780069262,analytical threshold-event sensitivity; not Max-Cut ground truth
24,16777216,1,5.960464477539063e-08,3216.4908453180146,0.00175,16.0,18,3.009282797241389e-05,307.0,analytical threshold-event sensitivity; not Max-Cut ground truth
24,16777216,1,5.960464477539063e-08,3216.4908453180146,0.002,0.5,16,2.3405516227342645e-05,25.0,analytical threshold-event sensitivity; not Max-Cut ground truth
24,16777216,1,5.960464477539063e-08,3216.4908453180146,0.002,0.620928906036742,16,2.3405516227342645e-05,26.934862496587872,analytical threshold-event sensitivity; not Max-Cut ground truth
24,16777216,1,5.960464477539063e-08,3216.4908453180146,0.002,0.7711054127039704,16,2.3405516227342645e-05,29.337686603263528,analytical threshold-event sensitivity; not Max-Cut ground truth
24,16777216,1,5.960464477539063e-08,3216.4908453180146,0.002,0.9576032806985736,16,2.3405516227342645e-05,32.321652491177176,analytical threshold-event sensitivity; not Max-Cut ground truth
24,16777216,1,5.960464477539063e-08,3216.4908453180146,0.002,1.189207115002721,16,2.3405516227342645e-05,36.02731384004353,analytical threshold-event sensitivity; not Max-Cut ground truth
24,16777216,1,5.960464477539063e-08,3216.4908453180146,0.002,1.4768261459394993,16,2.3405516227342645e-05,40.62921833503199,analytical threshold-event sensitivity; not Max-Cut ground truth
24,16777216,1,5.960464477539063e-08,3216.4908453180146,0.002,1.8340080864093424,16,2.3405516227342645e-05,46.34412938254948,analytical threshold-event sensitivity; not Max-Cut ground truth
24,16777216,1,5.960464477539063e-08,3216.4908453180146,0.002,2.2775772695133836,16,2.3405516227342645e-05,53.44123631221414,analytical threshold-event sensitivity; not Max-Cut ground truth
24,16777216,1,5.960464477539063e-08,3216.4908453180146,0.002,2.8284271247461903,16,2.3405516227342645e-05,62.254833995939045,analytical threshold-event sensitivity; not Max-Cut ground truth
24,16777216,1,5.960464477539063e-08,3216.4908453180146,0.002,3.5125043207466,16,2.3405516227342645e-05,73.2000691319456,analytical threshold-event sensitivity; not Max-Cut ground truth
24,16777216,1,5.960464477539063e-08,3216.4908453180146,0.002,4.362030930661032,16,2.3405516227342645e-05,86.7924948905765,analytical threshold-event sensitivity; not Max-Cut ground truth
24,16777216,1,5.960464477539063e-08,3216.4908453180146,0.002,5.41702218774757,16,2.3405516227342645e-05,103.67235500396112,analytical threshold-event sensitivity; not Max-Cut ground truth
24,16777216,1,5.960464477539063e-08,3216.4908453180146,0.002,6.727171322029715,16,2.3405516227342645e-05,124.63474115247544,analytical threshold-event sensitivity; not Max-Cut ground truth
24,16777216,1,5.960464477539063e-08,3216.4908453180146,0.002,8.35419025941931,16,2.3405516227342645e-05,150.66704415070896,analytical threshold-event sensitivity; not Max-Cut ground truth
24,16777216,1,5.960464477539063e-08,3216.4908453180146,0.002,10.374716437208077,16,2.3405516227342645e-05,182.99546299532923,analytical threshold-event sensitivity; not Max-Cut ground truth
24,16777216,1,5.960464477539063e-08,3216.4908453180146,0.002,12.883922655594034,16,2.3405516227342645e-05,223.14276248950455,analytical threshold-event sensitivity; not Max-Cut ground truth
24,16777216,1,5.960464477539063e-08,3216.4908453180146,0.002,16.0,16,2.3405516227342645e-05,273.0,analytical threshold-event sensitivity; not Max-Cut ground truth
24,16777216,1,5.960464477539063e-08,3216.4908453180146,0.0022500000000000003,0.5,14,1.8211498770719122e-05,22.0,analytical threshold-event sensitivity; not Max-Cut ground truth
24,16777216,1,5.960464477539063e-08,3216.4908453180146,0.0022500000000000003,0.620928906036742,14,1.8211498770719122e-05,23.69300468451439,analytical threshold-event sensitivity; not Max-Cut ground truth
24,16777216,1,5.960464477539063e-08,3216.4908453180146,0.0022500000000000003,0.7711054127039704,14,1.8211498770719122e-05,25.795475777855586,analytical threshold-event sensitivity; not Max-Cut ground truth
24,16777216,1,5.960464477539063e-08,3216.4908453180146,0.0022500000000000003,0.9576032806985736,14,1.8211498770719122e-05,28.406445929780027,analytical threshold-event sensitivity; not Max-Cut ground truth
24,16777216,1,5.960464477539063e-08,3216.4908453180146,0.0022500000000000003,1.189207115002721,14,1.8211498770719122e-05,31.648899610038093,analytical threshold-event sensitivity; not Max-Cut ground truth
24,16777216,1,5.960464477539063e-08,3216.4908453180146,0.0022500000000000003,1.4768261459394993,14,1.8211498770719122e-05,35.675566043153,analytical threshold-event sensitivity; not Max-Cut ground truth
24,16777216,1,5.960464477539063e-08,3216.4908453180146,0.0022500000000000003,1.8340080864093424,14,1.8211498770719122e-05,40.6761132097308,analytical threshold-event sensitivity; not Max-Cut ground truth
24,16777216,1,5.960464477539063e-08,3216.4908453180146,0.0022500000000000003,2.2775772695133836,14,1.8211498770719122e-05,46.88608177318737,analytical threshold-event sensitivity; not Max-Cut ground truth
24,16777216,1,5.960464477539063e-08,3216.4908453180146,0.0022500000000000003,2.8284271247461903,14,1.8211498770719122e-05,54.59797974644666,analytical threshold-event sensitivity; not Max-Cut ground truth
24,16777216,1,5.960464477539063e-08,3216.4908453180146,0.0022500000000000003,3.5125043207466,14,1.8211498770719122e-05,64.1750604904524,analytical threshold-event sensitivity; not Max-Cut ground truth
24,16777216,1,5.960464477539063e-08,3216.4908453180146,0.0022500000000000003,4.362030930661032,14,1.8211498770719122e-05,76.06843302925444,analytical threshold-event sensitivity; not Max-Cut ground truth
24,16777216,1,5.960464477539063e-08,3216.4908453180146,0.0022500000000000003,5.41702218774757,14,1.8211498770719122e-05,90.83831062846598,analytical threshold-event sensitivity; not Max-Cut ground truth
24,16777216,1,5.960464477539063e-08,3216.4908453180146,0.0022500000000000003,6.727171322029715,14,1.8211498770719122e-05,109.180398508416,analytical threshold-event sensitivity; not Max-Cut ground truth
24,16777216,1,5.960464477539063e-08,3216.4908453180146,0.0022500000000000003,8.35419025941931,14,1.8211498770719122e-05,131.95866363187034,analytical threshold-event sensitivity; not Max-Cut ground truth
24,16777216,1,5.960464477539063e-08,3216.4908453180146,0.0022500000000000003,10.374716437208077,14,1.8211498770719122e-05,160.24603012091308,analytical threshold-event sensitivity; not Max-Cut ground truth
24,16777216,1,5.960464477539063e-08,3216.4908453180146,0.0022500000000000003,12.883922655594034,14,1.8211498770719122e-05,195.37491717831648,analytical threshold-event sensitivity; not Max-Cut ground truth
24,16777216,1,5.960464477539063e-08,3216.4908453180146,0.0022500000000000003,16.0,14,1.8211498770719122e-05,239.0,analytical threshold-event sensitivity; not Max-Cut ground truth
24,16777216,1,5.960464477539063e-08,3216.4908453180146,0.0025,0.5,13,1.5205200271287951e-05,20.5,analytical threshold-event sensitivity; not Max-Cut ground truth
24,16777216,1,5.960464477539063e-08,3216.4908453180146,0.0025,0.620928906036742,13,1.5205200271287951e-05,22.072075778477647,analytical threshold-event sensitivity; not Max-Cut ground truth
24,16777216,1,5.960464477539063e-08,3216.4908453180146,0.0025,0.7711054127039704,13,1.5205200271287951e-05,24.024370365151615,analytical threshold-event sensitivity; not Max-Cut ground truth
24,16777216,1,5.960464477539063e-08,3216.4908453180146,0.0025,0.9576032806985736,13,1.5205200271287951e-05,26.448842649081456,analytical threshold-event sensitivity; not Max-Cut ground truth
24,16777216,1,5.960464477539063e-08,3216.4908453180146,0.0025,1.189207115002721,13,1.5205200271287951e-05,29.45969249503537,analytical threshold-event sensitivity; not Max-Cut ground truth
24,16777216,1,5.960464477539063e-08,3216.4908453180146,0.0025,1.4768261459394993,13,1.5205200271287951e-05,33.19873989721349,analytical threshold-event sensitivity; not Max-Cut ground truth
24,16777216,1,5.960464477539063e-08,3216.4908453180146,0.0025,1.8340080864093424,13,1.5205200271287951e-05,37.84210512332145,analytical threshold-event sensitivity; not Max-Cut ground truth
24,16777216,1,5.960464477539063e-08,3216.4908453180146,0.0025,2.2775772695133836,13,1.5205200271287951e-05,43.608504503673984,analytical threshold-event sensitivity; not Max-Cut ground truth
24,16777216,1,5.960464477539063e-08,3216.4908453180146,0.0025,2.8284271247461903,13,1.5205200271287951e-05,50.76955262170048,analytical threshold-event sensitivity; not Max-Cut ground truth
24,16777216,1,5.960464477539063e-08,3216.4908453180146,0.0025,3.5125043207466,13,1.5205200271287951e-05,59.662556169705795,analytical threshold-event sensitivity; not Max-Cut ground truth
24,16777216,1,5.960464477539063e-08,3216.4908453180146,0.0025,4.362030930661032,13,1.5205200271287951e-05,70.70640209859341,analytical threshold-event sensitivity; not Max-Cut ground truth
24,16777216,1,5.960464477539063e-08,3216.4908453180146,0.0025,5.41702218774757,12,1.4051335947351778e-05,78.00426625297084,analytical threshold-event sensitivity; not Max-Cut ground truth
24,16777216,1,5.960464477539063e-08,3216.4908453180146,0.0025,6.727171322029715,12,1.4051335947351778e-05,93.72605586435658,analytical threshold-event sensitivity; not Max-Cut ground truth
24,16777216,1,5.960464477539063e-08,3216.4908453180146,0.0025,8.35419025941931,12,1.4051335947351778e-05,113.25028311303171,analytical threshold-event sensitivity; not Max-Cut ground truth
24,16777216,1,5.960464477539063e-08,3216.4908453180146,0.0025,10.374716437208077,12,1.4051335947351778e-05,137.49659724649692,analytical threshold-event sensitivity; not Max-Cut ground truth
24,16777216,1,5.960464477539063e-08,3216.4908453180146,0.0025,12.883922655594034,12,1.4051335947351778e-05,167.6070718671284,analytical threshold-event sensitivity; not Max-Cut ground truth
24,16777216,1,5.960464477539063e-08,3216.4908453180146,0.0025,16.0,12,1.4051335947351778e-05,205.0,analytical threshold-event sensitivity; not Max-Cut ground truth
24,16777216,1,5.960464477539063e-08,3216.4908453180146,0.00275,0.5,12,1.2745999739830006e-05,19.0,analytical threshold-event sensitivity; not Max-Cut ground truth
24,16777216,1,5.960464477539063e-08,3216.4908453180146,0.00275,0.620928906036742,12,1.2745999739830006e-05,20.451146872440905,analytical threshold-event sensitivity; not Max-Cut ground truth
24,16777216,1,5.960464477539063e-08,3216.4908453180146,0.00275,0.7711054127039704,12,1.2745999739830006e-05,22.253264952447644,analytical threshold-event sensitivity; not Max-Cut ground truth
24,16777216,1,5.960464477539063e-08,3216.4908453180146,0.00275,0.9576032806985736,12,1.2745999739830006e-05,24.49123936838288,analytical threshold-event sensitivity; not Max-Cut ground truth
24,16777216,1,5.960464477539063e-08,3216.4908453180146,0.00275,1.189207115002721,12,1.2745999739830006e-05,27.27048538003265,analytical threshold-event sensitivity; not Max-Cut ground truth
24,16777216,1,5.960464477539063e-08,3216.4908453180146,0.00275,1.4768261459394993,12,1.2745999739830006e-05,30.721913751273995,analytical threshold-event sensitivity; not Max-Cut ground truth
24,16777216,1,5.960464477539063e-08,3216.4908453180146,0.00275,1.8340080864093424,11,1.1716008634574082e-05,32.17408895050277,analytical threshold-event sensitivity; not Max-Cut ground truth
24,16777216,1,5.960464477539063e-08,3216.4908453180146,0.00275,2.2775772695133836,11,1.1716008634574082e-05,37.05334996464722,analytical threshold-event sensitivity; not Max-Cut ground truth
24,16777216,1,5.960464477539063e-08,3216.4908453180146,0.00275,2.8284271247461903,11,1.1716008634574082e-05,43.112698372208094,analytical threshold-event sensitivity; not Max-Cut ground truth
24,16777216,1,5.960464477539063e-08,3216.4908453180146,0.00275,3.5125043207466,11,1.1716008634574082e-05,50.6375475282126,analytical threshold-event sensitivity; not Max-Cut ground truth
24,16777216,1,5.960464477539063e-08,3216.4908453180146,0.00275,4.362030930661032,11,1.1716008634574082e-05,59.982340237271345,analytical threshold-event sensitivity; not Max-Cut ground truth
24,16777216,1,5.960464477539063e-08,3216.4908453180146,0.00275,5.41702218774757,11,1.1716008634574082e-05,71.58724406522327,analytical threshold-event sensitivity; not Max-Cut ground truth
24,16777216,1,5.960464477539063e-08,3216.4908453180146,0.00275,6.727171322029715,11,1.1716008634574082e-05,85.99888454232686,analytical threshold-event sensitivity; not Max-Cut ground truth
24,16777216,1,5.960464477539063e-08,3216.4908453180146,0.00275,8.35419025941931,11,1.1716008634574082e-05,103.89609285361242,analytical threshold-event sensitivity; not Max-Cut ground truth
24,16777216,1,5.960464477539063e-08,3216.4908453180146,0.00275,10.374716437208077,11,1.1716008634574082e-05,126.12188080928885,analytical threshold-event sensitivity; not Max-Cut ground truth
24,16777216,1,5.960464477539063e-08,3216.4908453180146,0.00275,12.883922655594034,11,1.1716008634574082e-05,153.72314921153438,analytical threshold-event sensitivity; not Max-Cut ground truth
24,16777216,1,5.960464477539063e-08,3216.4908453180146,0.00275,16.0,11,1.1716008634574082e-05,188.0,analytical threshold-event sensitivity; not Max-Cut ground truth
24,16777216,1,5.960464477539063e-08,3216.4908453180146,0.003,0.5,11,1.0707625658044232e-05,17.5,analytical threshold-event sensitivity; not Max-Cut ground truth
24,16777216,1,5.960464477539063e-08,3216.4908453180146,0.003,0.620928906036742,11,1.0707625658044232e-05,18.830217966404163,analytical threshold-event sensitivity; not Max-Cut ground truth
24,16777216,1,5.960464477539063e-08,3216.4908453180146,0.003,0.7711054127039704,11,1.0707625658044232e-05,20.482159539743677,analytical threshold-event sensitivity; not Max-Cut ground truth
24,16777216,1,5.960464477539063e-08,3216.4908453180146,0.003,0.9576032806985736,11,1.0707625658044232e-05,22.533636087684307,analytical threshold-event sensitivity; not Max-Cut ground truth
24,16777216,1,5.960464477539063e-08,3216.4908453180146,0.003,1.189207115002721,11,1.0707625658044232e-05,25.08127826502993,analytical threshold-event sensitivity; not Max-Cut ground truth
24,16777216,1,5.960464477539063e-08,3216.4908453180146,0.003,1.4768261459394993,11,1.0707625658044232e-05,28.245087605334497,analytical threshold-event sensitivity; not Max-Cut ground truth
24,16777216,1,5.960464477539063e-08,3216.4908453180146,0.003,1.8340080864093424,10,9.767048849622982e-06,29.340080864093427,analytical threshold-event sensitivity; not Max-Cut ground truth
24,16777216,1,5.960464477539063e-08,3216.4908453180146,0.003,2.2775772695133836,10,9.767048849622982e-06,33.77577269513384,analytical threshold-event sensitivity; not Max-Cut ground truth
24,16777216,1,5.960464477539063e-08,3216.4908453180146,0.003,2.8284271247461903,10,9.767048849622982e-06,39.2842712474619,analytical threshold-event sensitivity; not Max-Cut ground truth
24,16777216,1,5.960464477539063e-08,3216.4908453180146,0.003,3.5125043207466,10,9.767048849622982e-06,46.125043207466,analytical threshold-event sensitivity; not Max-Cut ground truth
24,16777216,1,5.960464477539063e-08,3216.4908453180146,0.003,4.362030930661032,10,9.767048849622982e-06,54.62030930661032,analytical threshold-event sensitivity; not Max-Cut ground truth
24,16777216,1,5.960464477539063e-08,3216.4908453180146,0.003,5.41702218774757,10,9.767048849622982e-06,65.1702218774757,analytical threshold-event sensitivity; not Max-Cut ground truth
24,16777216,1,5.960464477539063e-08,3216.4908453180146,0.003,6.727171322029715,10,9.767048849622982e-06,78.27171322029716,analytical threshold-event sensitivity; not Max-Cut ground truth
24,16777216,1,5.960464477539063e-08,3216.4908453180146,0.003,8.35419025941931,10,9.767048849622982e-06,94.5419025941931,analytical threshold-event sensitivity; not Max-Cut ground truth
24,16777216,1,5.960464477539063e-08,3216.4908453180146,0.003,10.374716437208077,10,9.767048849622982e-06,114.74716437208077,analytical threshold-event sensitivity; not Max-Cut ground truth
24,16777216,1,5.960464477539063e-08,3216.4908453180146,0.003,12.883922655594034,10,9.767048849622982e-06,139.83922655594034,analytical threshold-event sensitivity; not Max-Cut ground truth
24,16777216,1,5.960464477539063e-08,3216.4908453180146,0.003,16.0,10,9.767048849622982e-06,171.0,analytical threshold-event sensitivity; not Max-Cut ground truth
24,16777216,4,2.384185791015625e-07,1607.9953747221036,0.0,0.5,1193,0.8445543791909602,1790.5,analytical threshold-event sensitivity; not Max-Cut ground truth
24,16777216,4,2.384185791015625e-07,1607.9953747221036,0.0,0.620928906036742,1193,0.8445543791909602,1934.7681849018331,analytical threshold-event sensitivity; not Max-Cut ground truth
24,16777216,4,2.384185791015625e-07,1607.9953747221036,0.0,0.7711054127039704,1193,0.8445543791909602,2113.9287573558368,analytical threshold-event sensitivity; not Max-Cut ground truth
24,16777216,4,2.384185791015625e-07,1607.9953747221036,0.0,0.9576032806985736,1193,0.8445543791909602,2336.420713873398,analytical threshold-event sensitivity; not Max-Cut ground truth
24,16777216,4,2.384185791015625e-07,1607.9953747221036,0.0,1.189207115002721,1193,0.8445543791909602,2612.724088198246,analytical threshold-event sensitivity; not Max-Cut ground truth
24,16777216,4,2.384185791015625e-07,1607.9953747221036,0.0,1.4768261459394993,1193,0.8445543791909602,2955.853592105823,analytical threshold-event sensitivity; not Max-Cut ground truth
24,16777216,4,2.384185791015625e-07,1607.9953747221036,0.0,1.8340080864093424,1193,0.8445543791909602,3381.971647086346,analytical threshold-event sensitivity; not Max-Cut ground truth
24,16777216,4,2.384185791015625e-07,1607.9953747221036,0.0,2.2775772695133836,1193,0.8445543791909602,3911.1496825294666,analytical threshold-event sensitivity; not Max-Cut ground truth
24,16777216,4,2.384185791015625e-07,1607.9953747221036,0.0,2.8284271247461903,1193,0.8445543791909602,4568.313559822205,analytical threshold-event sensitivity; not Max-Cut ground truth
24,16777216,4,2.384185791015625e-07,1607.9953747221036,0.0,3.5125043207466,1193,0.8445543791909602,5384.417654650693,analytical threshold-event sensitivity; not Max-Cut ground truth
24,16777216,4,2.384185791015625e-07,1607.9953747221036,0.0,4.362030930661032,1193,0.8445543791909602,6397.902900278611,analytical threshold-event sensitivity; not Max-Cut ground truth
24,16777216,4,2.384185791015625e-07,1607.9953747221036,0.0,5.41702218774757,1193,0.8445543791909602,7656.507469982851,analytical threshold-event sensitivity; not Max-Cut ground truth
24,16777216,4,2.384185791015625e-07,1607.9953747221036,0.0,6.727171322029715,1193,0.8445543791909602,9219.515387181451,analytical threshold-event sensitivity; not Max-Cut ground truth
24,16777216,4,2.384185791015625e-07,1607.9953747221036,0.0,8.35419025941931,1193,0.8445543791909602,11160.548979487237,analytical threshold-event sensitivity; not Max-Cut ground truth
24,16777216,4,2.384185791015625e-07,1607.9953747221036,0.0,10.374716437208077,1193,0.8445543791909602,13571.036709589236,analytical threshold-event sensitivity; not Max-Cut ground truth
24,16777216,4,2.384185791015625e-07,1607.9953747221036,0.0,12.883922655594034,1193,0.8445543791909602,16564.519728123683,analytical threshold-event sensitivity; not Max-Cut ground truth
24,16777216,4,2.384185791015625e-07,1607.9953747221036,0.0,16.0,1193,0.8445543791909602,20282.0,analytical threshold-event sensitivity; not Max-Cut ground truth
24,16777216,4,2.384185791015625e-07,1607.9953747221036,0.00025,0.5,132,0.006140418736995246,199.0,analytical threshold-event sensitivity; not Max-Cut ground truth
24,16777216,4,2.384185791015625e-07,1607.9953747221036,0.00025,0.620928906036742,131,0.0060941260637711265,213.3416866908132,analytical threshold-event sensitivity; not Max-Cut ground truth
24,16777216,4,2.384185791015625e-07,1607.9953747221036,0.00025,0.7711054127039704,131,0.0060941260637711265,233.01480906422015,analytical threshold-event sensitivity; not Max-Cut ground truth
24,16777216,4,2.384185791015625e-07,1607.9953747221036,0.00025,0.9576032806985736,131,0.0060941260637711265,257.4460297715131,analytical threshold-event sensitivity; not Max-Cut ground truth
24,16777216,4,2.384185791015625e-07,1607.9953747221036,0.00025,1.189207115002721,131,0.0060941260637711265,287.7861320653564,analytical threshold-event sensitivity; not Max-Cut ground truth
24,16777216,4,2.384185791015625e-07,1607.9953747221036,0.00025,1.4768261459394993,131,0.0060941260637711265,325.46422511807447,analytical threshold-event sensitivity; not Max-Cut ground truth
24,16777216,4,2.384185791015625e-07,1607.9953747221036,0.00025,1.8340080864093424,131,0.0060941260637711265,372.2550593196239,analytical threshold-event sensitivity; not Max-Cut ground truth
24,16777216,4,2.384185791015625e-07,1607.9953747221036,0.00025,2.2775772695133836,131,0.0060941260637711265,430.36262230625323,analytical threshold-event sensitivity; not Max-Cut ground truth
24,16777216,4,2.384185791015625e-07,1607.9953747221036,0.00025,2.8284271247461903,131,0.0060941260637711265,502.52395334175094,analytical threshold-event sensitivity; not Max-Cut ground truth
24,16777216,4,2.384185791015625e-07,1607.9953747221036,0.00025,3.5125043207466,131,0.0060941260637711265,592.1380660178046,analytical threshold-event sensitivity; not Max-Cut ground truth
24,16777216,4,2.384185791015625e-07,1607.9953747221036,0.00025,4.362030930661032,131,0.0060941260637711265,703.4260519165952,analytical threshold-event sensitivity; not Max-Cut ground truth
24,16777216,4,2.384185791015625e-07,1607.9953747221036,0.00025,5.41702218774757,131,0.0060941260637711265,841.6299065949316,analytical threshold-event sensitivity; not Max-Cut ground truth
24,16777216,4,2.384185791015625e-07,1607.9953747221036,0.00025,6.727171322029715,131,0.0060941260637711265,1013.2594431858927,analytical threshold-event sensitivity; not Max-Cut ground truth
24,16777216,4,2.384185791015625e-07,1607.9953747221036,0.00025,8.35419025941931,131,0.0060941260637711265,1226.3989239839295,analytical threshold-event sensitivity; not Max-Cut ground truth
24,16777216,4,2.384185791015625e-07,1607.9953747221036,0.00025,10.374716437208077,131,0.0060941260637711265,1491.0878532742581,analytical threshold-event sensitivity; not Max-Cut ground truth
24,16777216,4,2.384185791015625e-07,1607.9953747221036,0.00025,12.883922655594034,131,0.0060941260637711265,1819.7938678828184,analytical threshold-event sensitivity; not Max-Cut ground truth
24,16777216,4,2.384185791015625e-07,1607.9953747221036,0.00025,16.0,131,0.0060941260637711265,2228.0,analytical threshold-event sensitivity; not Max-Cut ground truth
24,16777216,4,2.384185791015625e-07,1607.9953747221036,0.0005,0.5,66,0.0015415827515282633,100.0,analytical threshold-event sensitivity; not Max-Cut ground truth
24,16777216,4,2.384185791015625e-07,1607.9953747221036,0.0005,0.620928906036742,66,0.0015415827515282633,107.98130779842498,analytical threshold-event sensitivity; not Max-Cut ground truth
24,16777216,4,2.384185791015625e-07,1607.9953747221036,0.0005,0.7711054127039704,66,0.0015415827515282633,117.89295723846205,analytical threshold-event sensitivity; not Max-Cut ground truth
24,16777216,4,2.384185791015625e-07,1607.9953747221036,0.0005,0.9576032806985736,66,0.0015415827515282633,130.20181652610586,analytical threshold-event sensitivity; not Max-Cut ground truth
24,16777216,4,2.384185791015625e-07,1607.9953747221036,0.0005,1.189207115002721,66,0.0015415827515282633,145.48766959017956,analytical threshold-event sensitivity; not Max-Cut ground truth
24,16777216,4,2.384185791015625e-07,1607.9953747221036,0.0005,1.4768261459394993,66,0.0015415827515282633,164.47052563200697,analytical threshold-event sensitivity; not Max-Cut ground truth
24,16777216,4,2.384185791015625e-07,1607.9953747221036,0.0005,1.8340080864093424,66,0.0015415827515282633,188.0445337030166,analytical threshold-event sensitivity; not Max-Cut ground truth
24,16777216,4,2.384185791015625e-07,1607.9953747221036,0.0005,2.2775772695133836,66,0.0015415827515282633,217.32009978788332,analytical threshold-event sensitivity; not Max-Cut ground truth
24,16777216,4,2.384185791015625e-07,1607.9953747221036,0.0005,2.8284271247461903,66,0.0015415827515282633,253.67619023324855,analytical threshold-event sensitivity; not Max-Cut ground truth
24,16777216,4,2.384185791015625e-07,1607.9953747221036,0.0005,3.5125043207466,66,0.0015415827515282633,298.82528516927556,analytical threshold-event sensitivity; not Max-Cut ground truth
24,16777216,4,2.384185791015625e-07,1607.9953747221036,0.0005,4.362030930661032,66,0.0015415827515282633,354.8940414236281,analytical threshold-event sensitivity; not Max-Cut ground truth
24,16777216,4,2.384185791015625e-07,1607.9953747221036,0.0005,5.41702218774757,66,0.0015415827515282633,424.5234643913396,analytical threshold-event sensitivity; not Max-Cut ground truth
24,16777216,4,2.384185791015625e-07,1607.9953747221036,0.0005,6.727171322029715,66,0.0015415827515282633,510.9933072539612,analytical threshold-event sensitivity; not Max-Cut ground truth
24,16777216,4,2.384185791015625e-07,1607.9953747221036,0.0005,8.35419025941931,66,0.0015415827515282633,618.3765571216744,analytical threshold-event sensitivity; not Max-Cut ground truth
24,16777216,4,2.384185791015625e-07,1607.9953747221036,0.0005,10.374716437208077,66,0.0015415827515282633,751.7312848557331,analytical threshold-event sensitivity; not Max-Cut ground truth
24,16777216,4,2.384185791015625e-07,1607.9953747221036,0.0005,12.883922655594034,66,0.0015415827515282633,917.3388952692062,analytical threshold-event sensitivity; not Max-Cut ground truth
24,16777216,4,2.384185791015625e-07,1607.9953747221036,0.0005,16.0,66,0.0015415827515282633,1123.0,analytical threshold-event sensitivity; not Max-Cut ground truth
24,16777216,4,2.384185791015625e-07,1607.9953747221036,0.00075,0.5,44,0.0006856833007260505,67.0,analytical threshold-event sensitivity; not Max-Cut ground truth
24,16777216,4,2.384185791015625e-07,1607.9953747221036,0.00075,0.620928906036742,44,0.0006856833007260505,72.32087186561665,analytical threshold-event sensitivity; not Max-Cut ground truth
24,16777216,4,2.384185791015625e-07,1607.9953747221036,0.00075,0.7711054127039704,44,0.0006856833007260505,78.9286381589747,analytical threshold-event sensitivity; not Max-Cut ground truth
24,16777216,4,2.384185791015625e-07,1607.9953747221036,0.00075,0.9576032806985736,44,0.0006856833007260505,87.13454435073723,analytical threshold-event sensitivity; not Max-Cut ground truth
24,16777216,4,2.384185791015625e-07,1607.9953747221036,0.00075,1.189207115002721,44,0.0006856833007260505,97.32511306011972,analytical threshold-event sensitivity; not Max-Cut ground truth
24,16777216,4,2.384185791015625e-07,1607.9953747221036,0.00075,1.4768261459394993,44,0.0006856833007260505,109.98035042133799,analytical threshold-event sensitivity; not Max-Cut ground truth
24,16777216,4,2.384185791015625e-07,1607.9953747221036,0.00075,1.8340080864093424,44,0.0006856833007260505,125.69635580201108,analytical threshold-event sensitivity; not Max-Cut ground truth
24,16777216,4,2.384185791015625e-07,1607.9953747221036,0.00075,2.2775772695133836,44,0.0006856833007260505,145.21339985858887,analytical threshold-event sensitivity; not Max-Cut ground truth
24,16777216,4,2.384185791015625e-07,1607.9953747221036,0.00075,2.8284271247461903,44,0.0006856833007260505,169.45079348883237,analytical threshold-event sensitivity; not Max-Cut ground truth
24,16777216,4,2.384185791015625e-07,1607.9953747221036,0.00075,3.5125043207466,44,0.0006856833007260505,199.5501901128504,analytical threshold-event sensitivity; not Max-Cut ground truth
24,16777216,4,2.384185791015625e-07,1607.9953747221036,0.00075,4.362030930661032,44,0.0006856833007260505,236.92936094908538,analytical threshold-event sensitivity; not Max-Cut ground truth
24,16777216,4,2.384185791015625e-07,1607.9953747221036,0.00075,5.41702218774757,44,0.0006856833007260505,283.3489762608931,analytical threshold-event sensitivity; not Max-Cut ground truth
24,16777216,4,2.384185791015625e-07,1607.9953747221036,0.00075,6.727171322029715,44,0.0006856833007260505,340.99553816930745,analytical threshold-event sensitivity; not Max-Cut ground truth
24,16777216,4,2.384185791015625e-07,1607.9953747221036,0.00075,8.35419025941931,43,0.0006701404626218245,403.2301811550303,analytical threshold-event sensitivity; not Max-Cut ground truth
24,16777216,4,2.384185791015625e-07,1607.9953747221036,0.00075,10.374716437208077,43,0.0006701404626218245,490.1128067999473,analytical threshold-event sensitivity; not Max-Cut ground truth
24,16777216,4,2.384185791015625e-07,1607.9953747221036,0.00075,12.883922655594034,43,0.0006701404626218245,598.0086741905435,analytical threshold-event sensitivity; not Max-Cut ground truth
24,16777216,4,2.384185791015625e-07,1607.9953747221036,0.00075,16.0,43,0.0006701404626218245,732.0,analytical threshold-event sensitivity; not Max-Cut ground truth
24,16777216,4,2.384185791015625e-07,1607.9953747221036,0.001,0.5,33,0.00038579306993873855,50.5,analytical threshold-event sensitivity; not Max-Cut ground truth
24,16777216,4,2.384185791015625e-07,1607.9953747221036,0.001,0.620928906036742,33,0.00038579306993873855,54.49065389921249,analytical threshold-event sensitivity; not Max-Cut ground truth
24,16777216,4,2.384185791015625e-07,1607.9953747221036,0.001,0.7711054127039704,33,0.00038579306993873855,59.44647861923102,analytical threshold-event sensitivity; not Max-Cut ground truth
24,16777216,4,2.384185791015625e-07,1607.9953747221036,0.001,0.9576032806985736,33,0.00038579306993873855,65.60090826305293,analytical threshold-event sensitivity; not Max-Cut ground truth
24,16777216,4,2.384185791015625e-07,1607.9953747221036,0.001,1.189207115002721,33,0.00038579306993873855,73.24383479508978,analytical threshold-event sensitivity; not Max-Cut ground truth
24,16777216,4,2.384185791015625e-07,1607.9953747221036,0.001,1.4768261459394993,33,0.00038579306993873855,82.73526281600348,analytical threshold-event sensitivity; not Max-Cut ground truth
24,16777216,4,2.384185791015625e-07,1607.9953747221036,0.001,1.8340080864093424,33,0.00038579306993873855,94.5222668515083,analytical threshold-event sensitivity; not Max-Cut ground truth
24,16777216,4,2.384185791015625e-07,1607.9953747221036,0.001,2.2775772695133836,33,0.00038579306993873855,109.16004989394166,analytical threshold-event sensitivity; not Max-Cut ground truth
24,16777216,4,2.384185791015625e-07,1607.9953747221036,0.001,2.8284271247461903,33,0.00038579306993873855,127.33809511662427,analytical threshold-event sensitivity; not Max-Cut ground truth
24,16777216,4,2.384185791015625e-07,1607.9953747221036,0.001,3.5125043207466,33,0.00038579306993873855,149.91264258463778,analytical threshold-event sensitivity; not Max-Cut ground truth
24,16777216,4,2.384185791015625e-07,1607.9953747221036,0.001,4.362030930661032,32,0.0003741704419627745,172.584989781153,analytical threshold-event sensitivity; not Max-Cut ground truth
24,16777216,4,2.384185791015625e-07,1607.9953747221036,0.001,5.41702218774757,32,0.0003741704419627745,206.34471000792223,analytical threshold-event sensitivity; not Max-Cut ground truth
24,16777216,4,2.384185791015625e-07,1607.9953747221036,0.001,6.727171322029715,32,0.0003741704419627745,248.26948230495088,analytical threshold-event sensitivity; not Max-Cut ground truth
24,16777216,4,2.384185791015625e-07,1607.9953747221036,0.001,8.35419025941931,32,0.0003741704419627745,300.3340883014179,analytical threshold-event sensitivity; not Max-Cut ground truth
24,16777216,4,2.384185791015625e-07,1607.9953747221036,0.001,10.374716437208077,32,0.0003741704419627745,364.99092599065847,analytical threshold-event sensitivity; not Max-Cut ground truth
24,16777216,4,2.384185791015625e-07,1607.9953747221036,0.001,12.883922655594034,32,0.0003741704419627745,445.2855249790091,analytical threshold-event sensitivity; not Max-Cut ground truth
24,16777216,4,2.384185791015625e-07,1607.9953747221036,0.001,16.0,32,0.0003741704419627745,545.0,analytical threshold-event sensitivity; not Max-Cut ground truth
24,16777216,4,2.384185791015625e-07,1607.9953747221036,0.00125,0.5,26,0.00024326058814692252,40.0,analytical threshold-event sensitivity; not Max-Cut ground truth
24,16777216,4,2.384185791015625e-07,1607.9953747221036,0.00125,0.620928906036742,26,0.00024326058814692252,43.14415155695529,analytical threshold-event sensitivity; not Max-Cut ground truth
24,16777216,4,2.384185791015625e-07,1607.9953747221036,0.00125,0.7711054127039704,26,0.00024326058814692252,47.04874073030323,analytical threshold-event sensitivity; not Max-Cut ground truth
24,16777216,4,2.384185791015625e-07,1607.9953747221036,0.00125,0.9576032806985736,26,0.00024326058814692252,51.89768529816291,analytical threshold-event sensitivity; not Max-Cut ground truth
24,16777216,4,2.384185791015625e-07,1607.9953747221036,0.00125,1.189207115002721,26,0.00024326058814692252,57.91938499007074,analytical threshold-event sensitivity; not Max-Cut ground truth
24,16777216,4,2.384185791015625e-07,1607.9953747221036,0.00125,1.4768261459394993,26,0.00024326058814692252,65.39747979442699,analytical threshold-event sensitivity; not Max-Cut ground truth
24,16777216,4,2.384185791015625e-07,1607.9953747221036,0.00125,1.8340080864093424,26,0.00024326058814692252,74.6842102466429,analytical threshold-event sensitivity; not Max-Cut ground truth
24,16777216,4,2.384185791015625e-07,1607.9953747221036,0.00125,2.2775772695133836,26,0.00024326058814692252,86.21700900734797,analytical threshold-event sensitivity; not Max-Cut ground truth
24,16777216,4,2.384185791015625e-07,1607.9953747221036,0.00125,2.8284271247461903,26,0.00024326058814692252,100.53910524340095,analytical threshold-event sensitivity; not Max-Cut ground truth
24,16777216,4,2.384185791015625e-07,1607.9953747221036,0.00125,3.5125043207466,26,0.00024326058814692252,118.32511233941159,analytical threshold-event sensitivity; not Max-Cut ground truth
24,16777216,4,2.384185791015625e-07,1607.9953747221036,0.00125,4.362030930661032,26,0.00024326058814692252,140.41280419718683,analytical threshold-event sensitivity; not Max-Cut ground truth
24,16777216,4,2.384185791015625e-07,1607.9953747221036,0.00125,5.41702218774757,26,0.00024326058814692252,167.8425768814368,analytical threshold-event sensitivity; not Max-Cut ground truth
24,16777216,4,2.384185791015625e-07,1607.9953747221036,0.00125,6.727171322029715,26,0.00024326058814692252,201.9064543727726,analytical threshold-event sensitivity; not Max-Cut ground truth
24,16777216,4,2.384185791015625e-07,1607.9953747221036,0.00125,8.35419025941931,26,0.00024326058814692252,244.20894674490205,analytical threshold-event sensitivity; not Max-Cut ground truth
24,16777216,4,2.384185791015625e-07,1607.9953747221036,0.00125,10.374716437208077,26,0.00024326058814692252,296.74262736741,analytical threshold-event sensitivity; not Max-Cut ground truth
24,16777216,4,2.384185791015625e-07,1607.9953747221036,0.00125,12.883922655594034,26,0.00024326058814692252,361.9819890454449,analytical threshold-event sensitivity; not Max-Cut ground truth
24,16777216,4,2.384185791015625e-07,1607.9953747221036,0.00125,16.0,26,0.00024326058814692252,443.0,analytical threshold-event sensitivity; not Max-Cut ground truth
24,16777216,4,2.384185791015625e-07,1607.9953747221036,0.0015,0.5,22,0.00017147486730067715,34.0,analytical threshold-event sensitivity; not Max-Cut ground truth
24,16777216,4,2.384185791015625e-07,1607.9953747221036,0.0015,0.620928906036742,22,0.00017147486730067715,36.660435932808326,analytical threshold-event sensitivity; not Max-Cut ground truth
24,16777216,4,2.384185791015625e-07,1607.9953747221036,0.0015,0.7711054127039704,22,0.00017147486730067715,39.96431907948735,analytical threshold-event sensitivity; not Max-Cut ground truth
24,16777216,4,2.384185791015625e-07,1607.9953747221036,0.0015,0.9576032806985736,22,0.00017147486730067715,44.067272175368615,analytical threshold-event sensitivity; not Max-Cut ground truth
24,16777216,4,2.384185791015625e-07,1607.9953747221036,0.0015,1.189207115002721,22,0.00017147486730067715,49.16255653005986,analytical threshold-event sensitivity; not Max-Cut ground truth
24,16777216,4,2.384185791015625e-07,1607.9953747221036,0.0015,1.4768261459394993,22,0.00017147486730067715,55.490175210668994,analytical threshold-event sensitivity; not Max-Cut ground truth
24,16777216,4,2.384185791015625e-07,1607.9953747221036,0.0015,1.8340080864093424,22,0.00017147486730067715,63.34817790100554,analytical threshold-event sensitivity; not Max-Cut ground truth
24,16777216,4,2.384185791015625e-07,1607.9953747221036,0.0015,2.2775772695133836,22,0.00017147486730067715,73.10669992929444,analytical threshold-event sensitivity; not Max-Cut ground truth
24,16777216,4,2.384185791015625e-07,1607.9953747221036,0.0015,2.8284271247461903,21,0.00016378030875422123,81.39696961967,analytical threshold-event sensitivity; not Max-Cut ground truth
24,16777216,4,2.384185791015625e-07,1607.9953747221036,0.0015,3.5125043207466,21,0.00016378030875422123,95.7625907356786,analytical threshold-event sensitivity; not Max-Cut ground truth
24,16777216,4,2.384185791015625e-07,1607.9953747221036,0.0015,4.362030930661032,21,0.00016378030875422123,113.60264954388167,analytical threshold-event sensitivity; not Max-Cut ground truth
24,16777216,4,2.384185791015625e-07,1607.9953747221036,0.0015,5.41702218774757,21,0.00016378030875422123,135.75746594269896,analytical threshold-event sensitivity; not Max-Cut ground truth
24,16777216,4,2.384185791015625e-07,1607.9953747221036,0.0015,6.727171322029715,21,0.00016378030875422123,163.27059776262402,analytical threshold-event sensitivity; not Max-Cut ground truth
24,16777216,4,2.384185791015625e-07,1607.9953747221036,0.0015,8.35419025941931,21,0.00016378030875422123,197.43799544780552,analytical threshold-event sensitivity; not Max-Cut ground truth
24,16777216,4,2.384185791015625e-07,1607.9953747221036,0.0015,10.374716437208077,21,0.00016378030875422123,239.86904518136961,analytical threshold-event sensitivity; not Max-Cut ground truth
24,16777216,4,2.384185791015625e-07,1607.9953747221036,0.0015,12.883922655594034,21,0.00016378030875422123,292.5623757674747,analytical threshold-event sensitivity; not Max-Cut ground truth
24,16777216,4,2.384185791015625e-07,1607.9953747221036,0.0015,16.0,21,0.00016378030875422123,358.0,analytical threshold-event sensitivity; not Max-Cut ground truth
24,16777216,4,2.384185791015625e-07,1607.9953747221036,0.00175,0.5,19,0.00012688422768674523,29.5,analytical threshold-event sensitivity; not Max-Cut ground truth
24,16777216,4,2.384185791015625e-07,1607.9953747221036,0.00175,0.620928906036742,19,0.00012688422768674523,31.797649214698097,analytical threshold-event sensitivity; not Max-Cut ground truth
24,16777216,4,2.384185791015625e-07,1607.9953747221036,0.00175,0.7711054127039704,19,0.00012688422768674523,34.65100284137544,analytical threshold-event sensitivity; not Max-Cut ground truth
24,16777216,4,2.384185791015625e-07,1607.9953747221036,0.00175,0.9576032806985736,19,0.00012688422768674523,38.194462333272895,analytical threshold-event sensitivity; not Max-Cut ground truth
24,16777216,4,2.384185791015625e-07,1607.9953747221036,0.00175,1.189207115002721,19,0.00012688422768674523,42.594935185051696,analytical threshold-event sensitivity; not Max-Cut ground truth
24,16777216,4,2.384185791015625e-07,1607.9953747221036,0.00175,1.4768261459394993,18,0.00012036149718030721,45.58287062691099,analytical threshold-event sensitivity; not Max-Cut ground truth
24,16777216,4,2.384185791015625e-07,1607.9953747221036,0.00175,1.8340080864093424,18,0.00012036149718030721,52.012145555368164,analytical threshold-event sensitivity; not Max-Cut ground truth
24,16777216,4,2.384185791015625e-07,1607.9953747221036,0.00175,2.2775772695133836,18,0.00012036149718030721,59.9963908512409,analytical threshold-event sensitivity; not Max-Cut ground truth
24,16777216,4,2.384185791015625e-07,1607.9953747221036,0.00175,2.8284271247461903,18,0.00012036149718030721,69.91168824543142,analytical threshold-event sensitivity; not Max-Cut ground truth
24,16777216,4,2.384185791015625e-07,1607.9953747221036,0.00175,3.5125043207466,18,0.00012036149718030721,82.2250777734388,analytical threshold-event sensitivity; not Max-Cut ground truth
24,16777216,4,2.384185791015625e-07,1607.9953747221036,0.00175,4.362030930661032,18,0.00012036149718030721,97.51655675189858,analytical threshold-event sensitivity; not Max-Cut ground truth
24,16777216,4,2.384185791015625e-07,1607.9953747221036,0.00175,5.41702218774757,18,0.00012036149718030721,116.50639937945625,analytical threshold-event sensitivity; not Max-Cut ground truth
24,16777216,4,2.384185791015625e-07,1607.9953747221036,0.00175,6.727171322029715,18,0.00012036149718030721,140.08908379653488,analytical threshold-event sensitivity; not Max-Cut ground truth
24,16777216,4,2.384185791015625e-07,1607.9953747221036,0.00175,8.35419025941931,18,0.00012036149718030721,169.37542466954758,analytical threshold-event sensitivity; not Max-Cut ground truth
24,16777216,4,2.384185791015625e-07,1607.9953747221036,0.00175,10.374716437208077,18,0.00012036149718030721,205.7448958697454,analytical threshold-event sensitivity; not Max-Cut ground truth
24,16777216,4,2.384185791015625e-07,1607.9953747221036,0.00175,12.883922655594034,18,0.00012036149718030721,250.91060780069262,analytical threshold-event sensitivity; not Max-Cut ground truth
24,16777216,4,2.384185791015625e-07,1607.9953747221036,0.00175,16.0,18,0.00012036149718030721,307.0,analytical threshold-event sensitivity; not Max-Cut ground truth
24,16777216,4,2.384185791015625e-07,1607.9953747221036,0.002,0.5,16,9.361599366269319e-05,25.0,analytical threshold-event sensitivity; not Max-Cut ground truth
24,16777216,4,2.384185791015625e-07,1607.9953747221036,0.002,0.620928906036742,16,9.361599366269319e-05,26.934862496587872,analytical threshold-event sensitivity; not Max-Cut ground truth
24,16777216,4,2.384185791015625e-07,1607.9953747221036,0.002,0.7711054127039704,16,9.361599366269319e-05,29.337686603263528,analytical threshold-event sensitivity; not Max-Cut ground truth
24,16777216,4,2.384185791015625e-07,1607.9953747221036,0.002,0.9576032806985736,16,9.361599366269319e-05,32.321652491177176,analytical threshold-event sensitivity; not Max-Cut ground truth
24,16777216,4,2.384185791015625e-07,1607.9953747221036,0.002,1.189207115002721,16,9.361599366269319e-05,36.02731384004353,analytical threshold-event sensitivity; not Max-Cut ground truth
24,16777216,4,2.384185791015625e-07,1607.9953747221036,0.002,1.4768261459394993,16,9.361599366269319e-05,40.62921833503199,analytical threshold-event sensitivity; not Max-Cut ground truth
24,16777216,4,2.384185791015625e-07,1607.9953747221036,0.002,1.8340080864093424,16,9.361599366269319e-05,46.34412938254948,analytical threshold-event sensitivity; not Max-Cut ground truth
24,16777216,4,2.384185791015625e-07,1607.9953747221036,0.002,2.2775772695133836,16,9.361599366269319e-05,53.44123631221414,analytical threshold-event sensitivity; not Max-Cut ground truth
24,16777216,4,2.384185791015625e-07,1607.9953747221036,0.002,2.8284271247461903,16,9.361599366269319e-05,62.254833995939045,analytical threshold-event sensitivity; not Max-Cut ground truth
24,16777216,4,2.384185791015625e-07,1607.9953747221036,0.002,3.5125043207466,16,9.361599366269319e-05,73.2000691319456,analytical threshold-event sensitivity; not Max-Cut ground truth
24,16777216,4,2.384185791015625e-07,1607.9953747221036,0.002,4.362030930661032,16,9.361599366269319e-05,86.7924948905765,analytical threshold-event sensitivity; not Max-Cut ground truth
24,16777216,4,2.384185791015625e-07,1607.9953747221036,0.002,5.41702218774757,16,9.361599366269319e-05,103.67235500396112,analytical threshold-event sensitivity; not Max-Cut ground truth
24,16777216,4,2.384185791015625e-07,1607.9953747221036,0.002,6.727171322029715,16,9.361599366269319e-05,124.63474115247544,analytical threshold-event sensitivity; not Max-Cut ground truth
24,16777216,4,2.384185791015625e-07,1607.9953747221036,0.002,8.35419025941931,16,9.361599366269319e-05,150.66704415070896,analytical threshold-event sensitivity; not Max-Cut ground truth
24,16777216,4,2.384185791015625e-07,1607.9953747221036,0.002,10.374716437208077,16,9.361599366269319e-05,182.99546299532923,analytical threshold-event sensitivity; not Max-Cut ground truth
24,16777216,4,2.384185791015625e-07,1607.9953747221036,0.002,12.883922655594034,16,9.361599366269319e-05,223.14276248950455,analytical threshold-event sensitivity; not Max-Cut ground truth
24,16777216,4,2.384185791015625e-07,1607.9953747221036,0.002,16.0,16,9.361599366269319e-05,273.0,analytical threshold-event sensitivity; not Max-Cut ground truth
24,16777216,4,2.384185791015625e-07,1607.9953747221036,0.0022500000000000003,0.5,14,7.28423478971967e-05,22.0,analytical threshold-event sensitivity; not Max-Cut ground truth
24,16777216,4,2.384185791015625e-07,1607.9953747221036,0.0022500000000000003,0.620928906036742,14,7.28423478971967e-05,23.69300468451439,analytical threshold-event sensitivity; not Max-Cut ground truth
24,16777216,4,2.384185791015625e-07,1607.9953747221036,0.0022500000000000003,0.7711054127039704,14,7.28423478971967e-05,25.795475777855586,analytical threshold-event sensitivity; not Max-Cut ground truth
24,16777216,4,2.384185791015625e-07,1607.9953747221036,0.0022500000000000003,0.9576032806985736,14,7.28423478971967e-05,28.406445929780027,analytical threshold-event sensitivity; not Max-Cut ground truth
24,16777216,4,2.384185791015625e-07,1607.9953747221036,0.0022500000000000003,1.189207115002721,14,7.28423478971967e-05,31.648899610038093,analytical threshold-event sensitivity; not Max-Cut ground truth
24,16777216,4,2.384185791015625e-07,1607.9953747221036,0.0022500000000000003,1.4768261459394993,14,7.28423478971967e-05,35.675566043153,analytical threshold-event sensitivity; not Max-Cut ground truth
24,16777216,4,2.384185791015625e-07,1607.9953747221036,0.0022500000000000003,1.8340080864093424,14,7.28423478971967e-05,40.6761132097308,analytical threshold-event sensitivity; not Max-Cut ground truth
24,16777216,4,2.384185791015625e-07,1607.9953747221036,0.0022500000000000003,2.2775772695133836,14,7.28423478971967e-05,46.88608177318737,analytical threshold-event sensitivity; not Max-Cut ground truth
24,16777216,4,2.384185791015625e-07,1607.9953747221036,0.0022500000000000003,2.8284271247461903,14,7.28423478971967e-05,54.59797974644666,analytical threshold-event sensitivity; not Max-Cut ground truth
24,16777216,4,2.384185791015625e-07,1607.9953747221036,0.0022500000000000003,3.5125043207466,14,7.28423478971967e-05,64.1750604904524,analytical threshold-event sensitivity; not Max-Cut ground truth
24,16777216,4,2.384185791015625e-07,1607.9953747221036,0.0022500000000000003,4.362030930661032,14,7.28423478971967e-05,76.06843302925444,analytical threshold-event sensitivity; not Max-Cut ground truth
24,16777216,4,2.384185791015625e-07,1607.9953747221036,0.0022500000000000003,5.41702218774757,14,7.28423478971967e-05,90.83831062846598,analytical threshold-event sensitivity; not Max-Cut ground truth
24,16777216,4,2.384185791015625e-07,1607.9953747221036,0.0022500000000000003,6.727171322029715,14,7.28423478971967e-05,109.180398508416,analytical threshold-event sensitivity; not Max-Cut ground truth
24,16777216,4,2.384185791015625e-07,1607.9953747221036,0.0022500000000000003,8.35419025941931,14,7.28423478971967e-05,131.95866363187034,analytical threshold-event sensitivity; not Max-Cut ground truth
24,16777216,4,2.384185791015625e-07,1607.9953747221036,0.0022500000000000003,10.374716437208077,14,7.28423478971967e-05,160.24603012091308,analytical threshold-event sensitivity; not Max-Cut ground truth
24,16777216,4,2.384185791015625e-07,1607.9953747221036,0.0022500000000000003,12.883922655594034,14,7.28423478971967e-05,195.37491717831648,analytical threshold-event sensitivity; not Max-Cut ground truth
24,16777216,4,2.384185791015625e-07,1607.9953747221036,0.0022500000000000003,16.0,14,7.28423478971967e-05,239.0,analytical threshold-event sensitivity; not Max-Cut ground truth
24,16777216,4,2.384185791015625e-07,1607.9953747221036,0.0025,0.5,13,6.081816197577641e-05,20.5,analytical threshold-event sensitivity; not Max-Cut ground truth
24,16777216,4,2.384185791015625e-07,1607.9953747221036,0.0025,0.620928906036742,13,6.081816197577641e-05,22.072075778477647,analytical threshold-event sensitivity; not Max-Cut ground truth
24,16777216,4,2.384185791015625e-07,1607.9953747221036,0.0025,0.7711054127039704,13,6.081816197577641e-05,24.024370365151615,analytical threshold-event sensitivity; not Max-Cut ground truth
24,16777216,4,2.384185791015625e-07,1607.9953747221036,0.0025,0.9576032806985736,13,6.081816197577641e-05,26.448842649081456,analytical threshold-event sensitivity; not Max-Cut ground truth
24,16777216,4,2.384185791015625e-07,1607.9953747221036,0.0025,1.189207115002721,13,6.081816197577641e-05,29.45969249503537,analytical threshold-event sensitivity; not Max-Cut ground truth
24,16777216,4,2.384185791015625e-07,1607.9953747221036,0.0025,1.4768261459394993,13,6.081816197577641e-05,33.19873989721349,analytical threshold-event sensitivity; not Max-Cut ground truth
24,16777216,4,2.384185791015625e-07,1607.9953747221036,0.0025,1.8340080864093424,13,6.081816197577641e-05,37.84210512332145,analytical threshold-event sensitivity; not Max-Cut ground truth
24,16777216,4,2.384185791015625e-07,1607.9953747221036,0.0025,2.2775772695133836,13,6.081816197577641e-05,43.608504503673984,analytical threshold-event sensitivity; not Max-Cut ground truth
24,16777216,4,2.384185791015625e-07,1607.9953747221036,0.0025,2.8284271247461903,13,6.081816197577641e-05,50.76955262170048,analytical threshold-event sensitivity; not Max-Cut ground truth
24,16777216,4,2.384185791015625e-07,1607.9953747221036,0.0025,3.5125043207466,13,6.081816197577641e-05,59.662556169705795,analytical threshold-event sensitivity; not Max-Cut ground truth
24,16777216,4,2.384185791015625e-07,1607.9953747221036,0.0025,4.362030930661032,13,6.081816197577641e-05,70.70640209859341,analytical threshold-event sensitivity; not Max-Cut ground truth
24,16777216,4,2.384185791015625e-07,1607.9953747221036,0.0025,5.41702218774757,12,5.6203253352955006e-05,78.00426625297084,analytical threshold-event sensitivity; not Max-Cut ground truth
24,16777216,4,2.384185791015625e-07,1607.9953747221036,0.0025,6.727171322029715,12,5.6203253352955006e-05,93.72605586435658,analytical threshold-event sensitivity; not Max-Cut ground truth
24,16777216,4,2.384185791015625e-07,1607.9953747221036,0.0025,8.35419025941931,12,5.6203253352955006e-05,113.25028311303171,analytical threshold-event sensitivity; not Max-Cut ground truth
24,16777216,4,2.384185791015625e-07,1607.9953747221036,0.0025,10.374716437208077,12,5.6203253352955006e-05,137.49659724649692,analytical threshold-event sensitivity; not Max-Cut ground truth
24,16777216,4,2.384185791015625e-07,1607.9953747221036,0.0025,12.883922655594034,12,5.6203253352955006e-05,167.6070718671284,analytical threshold-event sensitivity; not Max-Cut ground truth
24,16777216,4,2.384185791015625e-07,1607.9953747221036,0.0025,16.0,12,5.6203253352955006e-05,205.0,analytical threshold-event sensitivity; not Max-Cut ground truth
24,16777216,4,2.384185791015625e-07,1607.9953747221036,0.00275,0.5,12,5.098210271951944e-05,19.0,analytical threshold-event sensitivity; not Max-Cut ground truth
24,16777216,4,2.384185791015625e-07,1607.9953747221036,0.00275,0.620928906036742,12,5.098210271951944e-05,20.451146872440905,analytical threshold-event sensitivity; not Max-Cut ground truth
24,16777216,4,2.384185791015625e-07,1607.9953747221036,0.00275,0.7711054127039704,12,5.098210271951944e-05,22.253264952447644,analytical threshold-event sensitivity; not Max-Cut ground truth
24,16777216,4,2.384185791015625e-07,1607.9953747221036,0.00275,0.9576032806985736,12,5.098210271951944e-05,24.49123936838288,analytical threshold-event sensitivity; not Max-Cut ground truth
24,16777216,4,2.384185791015625e-07,1607.9953747221036,0.00275,1.189207115002721,12,5.098210271951944e-05,27.27048538003265,analytical threshold-event sensitivity; not Max-Cut ground truth
24,16777216,4,2.384185791015625e-07,1607.9953747221036,0.00275,1.4768261459394993,12,5.098210271951944e-05,30.721913751273995,analytical threshold-event sensitivity; not Max-Cut ground truth
24,16777216,4,2.384185791015625e-07,1607.9953747221036,0.00275,1.8340080864093424,11,4.6862559683731075e-05,32.17408895050277,analytical threshold-event sensitivity; not Max-Cut ground truth
24,16777216,4,2.384185791015625e-07,1607.9953747221036,0.00275,2.2775772695133836,11,4.6862559683731075e-05,37.05334996464722,analytical threshold-event sensitivity; not Max-Cut ground truth
24,16777216,4,2.384185791015625e-07,1607.9953747221036,0.00275,2.8284271247461903,11,4.6862559683731075e-05,43.112698372208094,analytical threshold-event sensitivity; not Max-Cut ground truth
24,16777216,4,2.384185791015625e-07,1607.9953747221036,0.00275,3.5125043207466,11,4.6862559683731075e-05,50.6375475282126,analytical threshold-event sensitivity; not Max-Cut ground truth
24,16777216,4,2.384185791015625e-07,1607.9953747221036,0.00275,4.362030930661032,11,4.6862559683731075e-05,59.982340237271345,analytical threshold-event sensitivity; not Max-Cut ground truth
24,16777216,4,2.384185791015625e-07,1607.9953747221036,0.00275,5.41702218774757,11,4.6862559683731075e-05,71.58724406522327,analytical threshold-event sensitivity; not Max-Cut ground truth
24,16777216,4,2.384185791015625e-07,1607.9953747221036,0.00275,6.727171322029715,11,4.6862559683731075e-05,85.99888454232686,analytical threshold-event sensitivity; not Max-Cut ground truth
24,16777216,4,2.384185791015625e-07,1607.9953747221036,0.00275,8.35419025941931,11,4.6862559683731075e-05,103.89609285361242,analytical threshold-event sensitivity; not Max-Cut ground truth
24,16777216,4,2.384185791015625e-07,1607.9953747221036,0.00275,10.374716437208077,11,4.6862559683731075e-05,126.12188080928885,analytical threshold-event sensitivity; not Max-Cut ground truth
24,16777216,4,2.384185791015625e-07,1607.9953747221036,0.00275,12.883922655594034,11,4.6862559683731075e-05,153.72314921153438,analytical threshold-event sensitivity; not Max-Cut ground truth
24,16777216,4,2.384185791015625e-07,1607.9953747221036,0.00275,16.0,11,4.6862559683731075e-05,188.0,analytical threshold-event sensitivity; not Max-Cut ground truth
24,16777216,4,2.384185791015625e-07,1607.9953747221036,0.003,0.5,11,4.2829154716596007e-05,17.5,analytical threshold-event sensitivity; not Max-Cut ground truth
24,16777216,4,2.384185791015625e-07,1607.9953747221036,0.003,0.620928906036742,11,4.2829154716596007e-05,18.830217966404163,analytical threshold-event sensitivity; not Max-Cut ground truth
24,16777216,4,2.384185791015625e-07,1607.9953747221036,0.003,0.7711054127039704,11,4.2829154716596007e-05,20.482159539743677,analytical threshold-event sensitivity; not Max-Cut ground truth
24,16777216,4,2.384185791015625e-07,1607.9953747221036,0.003,0.9576032806985736,11,4.2829154716596007e-05,22.533636087684307,analytical threshold-event sensitivity; not Max-Cut ground truth
24,16777216,4,2.384185791015625e-07,1607.9953747221036,0.003,1.189207115002721,11,4.2829154716596007e-05,25.08127826502993,analytical threshold-event sensitivity; not Max-Cut ground truth
24,16777216,4,2.384185791015625e-07,1607.9953747221036,0.003,1.4768261459394993,11,4.2829154716596007e-05,28.245087605334497,analytical threshold-event sensitivity; not Max-Cut ground truth
24,16777216,4,2.384185791015625e-07,1607.9953747221036,0.003,1.8340080864093424,10,3.906717080312701e-05,29.340080864093427,analytical threshold-event sensitivity; not Max-Cut ground truth
24,16777216,4,2.384185791015625e-07,1607.9953747221036,0.003,2.2775772695133836,10,3.906717080312701e-05,33.77577269513384,analytical threshold-event sensitivity; not Max-Cut ground truth
24,16777216,4,2.384185791015625e-07,1607.9953747221036,0.003,2.8284271247461903,10,3.906717080312701e-05,39.2842712474619,analytical threshold-event sensitivity; not Max-Cut ground truth
24,16777216,4,2.384185791015625e-07,1607.9953747221036,0.003,3.5125043207466,10,3.906717080312701e-05,46.125043207466,analytical threshold-event sensitivity; not Max-Cut ground truth
24,16777216,4,2.384185791015625e-07,1607.9953747221036,0.003,4.362030930661032,10,3.906717080312701e-05,54.62030930661032,analytical threshold-event sensitivity; not Max-Cut ground truth
24,16777216,4,2.384185791015625e-07,1607.9953747221036,0.003,5.41702218774757,10,3.906717080312701e-05,65.1702218774757,analytical threshold-event sensitivity; not Max-Cut ground truth
24,16777216,4,2.384185791015625e-07,1607.9953747221036,0.003,6.727171322029715,10,3.906717080312701e-05,78.27171322029716,analytical threshold-event sensitivity; not Max-Cut ground truth
24,16777216,4,2.384185791015625e-07,1607.9953747221036,0.003,8.35419025941931,10,3.906717080312701e-05,94.5419025941931,analytical threshold-event sensitivity; not Max-Cut ground truth
24,16777216,4,2.384185791015625e-07,1607.9953747221036,0.003,10.374716437208077,10,3.906717080312701e-05,114.74716437208077,analytical threshold-event sensitivity; not Max-Cut ground truth
24,16777216,4,2.384185791015625e-07,1607.9953747221036,0.003,12.883922655594034,10,3.906717080312701e-05,139.83922655594034,analytical threshold-event sensitivity; not Max-Cut ground truth
24,16777216,4,2.384185791015625e-07,1607.9953747221036,0.003,16.0,10,3.906717080312701e-05,171.0,analytical threshold-event sensitivity; not Max-Cut ground truth
24,16777216,16,9.5367431640625e-07,803.7475914872201,0.0,0.5,596,0.8442004787921812,895.0,analytical threshold-event sensitivity; not Max-Cut ground truth
24,16777216,16,9.5367431640625e-07,803.7475914872201,0.0,0.620928906036742,596,0.8442004787921812,967.0736279978983,analytical threshold-event sensitivity; not Max-Cut ground truth
24,16777216,16,9.5367431640625e-07,803.7475914872201,0.0,0.7711054127039704,596,0.8442004787921812,1056.5788259715664,analytical threshold-event sensitivity; not Max-Cut ground truth
24,16777216,16,9.5367431640625e-07,803.7475914872201,0.0,0.9576032806985736,596,0.8442004787921812,1167.7315552963498,analytical threshold-event sensitivity; not Max-Cut ground truth
24,16777216,16,9.5367431640625e-07,803.7475914872201,0.0,1.189207115002721,596,0.8442004787921812,1305.7674405416217,analytical threshold-event sensitivity; not Max-Cut ground truth
24,16777216,16,9.5367431640625e-07,803.7475914872201,0.0,1.4768261459394993,596,0.8442004787921812,1477.1883829799417,analytical threshold-event sensitivity; not Max-Cut ground truth
24,16777216,16,9.5367431640625e-07,803.7475914872201,0.0,1.8340080864093424,596,0.8442004787921812,1690.0688194999682,analytical threshold-event sensitivity; not Max-Cut ground truth
24,16777216,16,9.5367431640625e-07,803.7475914872201,0.0,2.2775772695133836,596,0.8442004787921812,1954.4360526299765,analytical threshold-event sensitivity; not Max-Cut ground truth
24,16777216,16,9.5367431640625e-07,803.7475914872201,0.0,2.8284271247461903,596,0.8442004787921812,2282.7425663487293,analytical threshold-event sensitivity; not Max-Cut ground truth
24,16777216,16,9.5367431640625e-07,803.7475914872201,0.0,3.5125043207466,596,0.8442004787921812,2690.4525751649735,analytical threshold-event sensitivity; not Max-Cut ground truth
24,16777216,16,9.5367431640625e-07,803.7475914872201,0.0,4.362030930661032,596,0.8442004787921812,3196.7704346739747,analytical threshold-event sensitivity; not Max-Cut ground truth
24,16777216,16,9.5367431640625e-07,803.7475914872201,0.0,5.41702218774757,596,0.8442004787921812,3825.5452238975518,analytical threshold-event sensitivity; not Max-Cut ground truth
24,16777216,16,9.5367431640625e-07,803.7475914872201,0.0,6.727171322029715,596,0.8442004787921812,4606.39410792971,analytical threshold-event sensitivity; not Max-Cut ground truth
24,16777216,16,9.5367431640625e-07,803.7475914872201,0.0,8.35419025941931,596,0.8442004787921812,5576.097394613908,analytical threshold-event sensitivity; not Max-Cut ground truth
24,16777216,16,9.5367431640625e-07,803.7475914872201,0.0,10.374716437208077,596,0.8442004787921812,6780.330996576014,analytical threshold-event sensitivity; not Max-Cut ground truth
24,16777216,16,9.5367431640625e-07,803.7475914872201,0.0,12.883922655594034,596,0.8442004787921812,8275.817902734045,analytical threshold-event sensitivity; not Max-Cut ground truth
24,16777216,16,9.5367431640625e-07,803.7475914872201,0.0,16.0,596,0.8442004787921812,10133.0,analytical threshold-event sensitivity; not Max-Cut ground truth
24,16777216,16,9.5367431640625e-07,803.7475914872201,0.00025,0.5,127,0.023257444654883812,191.5,analytical threshold-event sensitivity; not Max-Cut ground truth
24,16777216,16,9.5367431640625e-07,803.7475914872201,0.00025,0.620928906036742,127,0.023257444654883812,206.85797106666624,analytical threshold-event sensitivity; not Max-Cut ground truth
24,16777216,16,9.5367431640625e-07,803.7475914872201,0.00025,0.7711054127039704,127,0.023257444654883812,225.93038741340425,analytical threshold-event sensitivity; not Max-Cut ground truth
24,16777216,16,9.5367431640625e-07,803.7475914872201,0.00025,0.9576032806985736,127,0.023257444654883812,249.61561664871883,analytical threshold-event sensitivity; not Max-Cut ground truth
24,16777216,16,9.5367431640625e-07,803.7475914872201,0.00025,1.189207115002721,127,0.023257444654883812,279.02930360534555,analytical threshold-event sensitivity; not Max-Cut ground truth
24,16777216,16,9.5367431640625e-07,803.7475914872201,0.00025,1.4768261459394993,127,0.023257444654883812,315.5569205343164,analytical threshold-event sensitivity; not Max-Cut ground truth
24,16777216,16,9.5367431640625e-07,803.7475914872201,0.00025,1.8340080864093424,127,0.023257444654883812,360.9190269739865,analytical threshold-event sensitivity; not Max-Cut ground truth
24,16777216,16,9.5367431640625e-07,803.7475914872201,0.00025,2.2775772695133836,127,0.023257444654883812,417.25231322819974,analytical threshold-event sensitivity; not Max-Cut ground truth
24,16777216,16,9.5367431640625e-07,803.7475914872201,0.00025,2.8284271247461903,127,0.023257444654883812,487.21024484276614,analytical threshold-event sensitivity; not Max-Cut ground truth
24,16777216,16,9.5367431640625e-07,803.7475914872201,0.00025,3.5125043207466,127,0.023257444654883812,574.0880487348181,analytical threshold-event sensitivity; not Max-Cut ground truth
24,16777216,16,9.5367431640625e-07,803.7475914872201,0.00025,4.362030930661032,127,0.023257444654883812,681.977928193951,analytical threshold-event sensitivity; not Max-Cut ground truth
24,16777216,16,9.5367431640625e-07,803.7475914872201,0.00025,5.41702218774757,127,0.023257444654883812,815.9618178439414,analytical threshold-event sensitivity; not Max-Cut ground truth
24,16777216,16,9.5367431640625e-07,803.7475914872201,0.00025,6.727171322029715,127,0.023257444654883812,982.3507578977739,analytical threshold-event sensitivity; not Max-Cut ground truth
24,16777216,16,9.5367431640625e-07,803.7475914872201,0.00025,8.35419025941931,127,0.023257444654883812,1188.9821629462524,analytical threshold-event sensitivity; not Max-Cut ground truth
24,16777216,16,9.5367431640625e-07,803.7475914872201,0.00025,10.374716437208077,127,0.023257444654883812,1445.5889875254259,analytical threshold-event sensitivity; not Max-Cut ground truth
24,16777216,16,9.5367431640625e-07,803.7475914872201,0.00025,12.883922655594034,127,0.023257444654883812,1764.2581772604424,analytical threshold-event sensitivity; not Max-Cut ground truth
24,16777216,16,9.5367431640625e-07,803.7475914872201,0.00025,16.0,127,0.023257444654883812,2160.0,analytical threshold-event sensitivity; not Max-Cut ground truth
24,16777216,16,9.5367431640625e-07,803.7475914872201,0.0005,0.5,66,0.006140363198498276,100.0,analytical threshold-event sensitivity; not Max-Cut ground truth
24,16777216,16,9.5367431640625e-07,803.7475914872201,0.0005,0.620928906036742,66,0.006140363198498276,107.98130779842498,analytical threshold-event sensitivity; not Max-Cut ground truth
24,16777216,16,9.5367431640625e-07,803.7475914872201,0.0005,0.7711054127039704,65,0.006048125057713557,116.12185182575809,analytical threshold-event sensitivity; not Max-Cut ground truth
24,16777216,16,9.5367431640625e-07,803.7475914872201,0.0005,0.9576032806985736,65,0.006048125057713557,128.24421324540728,analytical threshold-event sensitivity; not Max-Cut ground truth
24,16777216,16,9.5367431640625e-07,803.7475914872201,0.0005,1.189207115002721,65,0.006048125057713557,143.29846247517685,analytical threshold-event sensitivity; not Max-Cut ground truth
24,16777216,16,9.5367431640625e-07,803.7475914872201,0.0005,1.4768261459394993,65,0.006048125057713557,161.99369948606747,analytical threshold-event sensitivity; not Max-Cut ground truth
24,16777216,16,9.5367431640625e-07,803.7475914872201,0.0005,1.8340080864093424,65,0.006048125057713557,185.21052561660727,analytical threshold-event sensitivity; not Max-Cut ground truth
24,16777216,16,9.5367431640625e-07,803.7475914872201,0.0005,2.2775772695133836,65,0.006048125057713557,214.04252251836994,analytical threshold-event sensitivity; not Max-Cut ground truth
24,16777216,16,9.5367431640625e-07,803.7475914872201,0.0005,2.8284271247461903,65,0.006048125057713557,249.84776310850236,analytical threshold-event sensitivity; not Max-Cut ground truth
24,16777216,16,9.5367431640625e-07,803.7475914872201,0.0005,3.5125043207466,65,0.006048125057713557,294.312780848529,analytical threshold-event sensitivity; not Max-Cut ground truth
24,16777216,16,9.5367431640625e-07,803.7475914872201,0.0005,4.362030930661032,65,0.006048125057713557,349.53201049296706,analytical threshold-event sensitivity; not Max-Cut ground truth
24,16777216,16,9.5367431640625e-07,803.7475914872201,0.0005,5.41702218774757,65,0.006048125057713557,418.10644220359205,analytical threshold-event sensitivity; not Max-Cut ground truth
24,16777216,16,9.5367431640625e-07,803.7475914872201,0.0005,6.727171322029715,65,0.006048125057713557,503.2661359319315,analytical threshold-event sensitivity; not Max-Cut ground truth
24,16777216,16,9.5367431640625e-07,803.7475914872201,0.0005,8.35419025941931,65,0.006048125057713557,609.0223668622551,analytical threshold-event sensitivity; not Max-Cut ground truth
24,16777216,16,9.5367431640625e-07,803.7475914872201,0.0005,10.374716437208077,65,0.006048125057713557,740.3565684185251,analytical threshold-event sensitivity; not Max-Cut ground truth
24,16777216,16,9.5367431640625e-07,803.7475914872201,0.0005,12.883922655594034,65,0.006048125057713557,903.4549726136122,analytical threshold-event sensitivity; not Max-Cut ground truth
24,16777216,16,9.5367431640625e-07,803.7475914872201,0.0005,16.0,65,0.006048125057713557,1106.0,analytical threshold-event sensitivity; not Max-Cut ground truth
24,16777216,16,9.5367431640625e-07,803.7475914872201,0.00075,0.5,44,0.0027375574244911335,67.0,analytical threshold-event sensitivity; not Max-Cut ground truth
24,16777216,16,9.5367431640625e-07,803.7475914872201,0.00075,0.620928906036742,44,0.0027375574244911335,72.32087186561665,analytical threshold-event sensitivity; not Max-Cut ground truth
24,16777216,16,9.5367431640625e-07,803.7475914872201,0.00075,0.7711054127039704,44,0.0027375574244911335,78.9286381589747,analytical threshold-event sensitivity; not Max-Cut ground truth
24,16777216,16,9.5367431640625e-07,803.7475914872201,0.00075,0.9576032806985736,44,0.0027375574244911335,87.13454435073723,analytical threshold-event sensitivity; not Max-Cut ground truth
24,16777216,16,9.5367431640625e-07,803.7475914872201,0.00075,1.189207115002721,44,0.0027375574244911335,97.32511306011972,analytical threshold-event sensitivity; not Max-Cut ground truth
24,16777216,16,9.5367431640625e-07,803.7475914872201,0.00075,1.4768261459394993,44,0.0027375574244911335,109.98035042133799,analytical threshold-event sensitivity; not Max-Cut ground truth
24,16777216,16,9.5367431640625e-07,803.7475914872201,0.00075,1.8340080864093424,44,0.0027375574244911335,125.69635580201108,analytical threshold-event sensitivity; not Max-Cut ground truth
24,16777216,16,9.5367431640625e-07,803.7475914872201,0.00075,2.2775772695133836,44,0.0027375574244911335,145.21339985858887,analytical threshold-event sensitivity; not Max-Cut ground truth
24,16777216,16,9.5367431640625e-07,803.7475914872201,0.00075,2.8284271247461903,43,0.0026757280798884644,165.6223663640862,analytical threshold-event sensitivity; not Max-Cut ground truth
24,16777216,16,9.5367431640625e-07,803.7475914872201,0.00075,3.5125043207466,43,0.0026757280798884644,195.0376857921038,analytical threshold-event sensitivity; not Max-Cut ground truth
24,16777216,16,9.5367431640625e-07,803.7475914872201,0.00075,4.362030930661032,43,0.0026757280798884644,231.56733001842437,analytical threshold-event sensitivity; not Max-Cut ground truth
24,16777216,16,9.5367431640625e-07,803.7475914872201,0.00075,5.41702218774757,43,0.0026757280798884644,276.9319540731455,analytical threshold-event sensitivity; not Max-Cut ground truth
24,16777216,16,9.5367431640625e-07,803.7475914872201,0.00075,6.727171322029715,43,0.0026757280798884644,333.2683668472778,analytical threshold-event sensitivity; not Max-Cut ground truth
24,16777216,16,9.5367431640625e-07,803.7475914872201,0.00075,8.35419025941931,43,0.0026757280798884644,403.2301811550303,analytical threshold-event sensitivity; not Max-Cut ground truth
24,16777216,16,9.5367431640625e-07,803.7475914872201,0.00075,10.374716437208077,43,0.0026757280798884644,490.1128067999473,analytical threshold-event sensitivity; not Max-Cut ground truth
24,16777216,16,9.5367431640625e-07,803.7475914872201,0.00075,12.883922655594034,43,0.0026757280798884644,598.0086741905435,analytical threshold-event sensitivity; not Max-Cut ground truth
24,16777216,16,9.5367431640625e-07,803.7475914872201,0.00075,16.0,43,0.0026757280798884644,732.0,analytical threshold-event sensitivity; not Max-Cut ground truth
24,16777216,16,9.5367431640625e-07,803.7475914872201,0.001,0.5,33,0.0015415216386461877,50.5,analytical threshold-event sensitivity; not Max-Cut ground truth
24,16777216,16,9.5367431640625e-07,803.7475914872201,0.001,0.620928906036742,33,0.0015415216386461877,54.49065389921249,analytical threshold-event sensitivity; not Max-Cut ground truth
24,16777216,16,9.5367431640625e-07,803.7475914872201,0.001,0.7711054127039704,33,0.0015415216386461877,59.44647861923102,analytical threshold-event sensitivity; not Max-Cut ground truth
24,16777216,16,9.5367431640625e-07,803.7475914872201,0.001,0.9576032806985736,33,0.0015415216386461877,65.60090826305293,analytical threshold-event sensitivity; not Max-Cut ground truth
24,16777216,16,9.5367431640625e-07,803.7475914872201,0.001,1.189207115002721,33,0.0015415216386461877,73.24383479508978,analytical threshold-event sensitivity; not Max-Cut ground truth
24,16777216,16,9.5367431640625e-07,803.7475914872201,0.001,1.4768261459394993,33,0.0015415216386461877,82.73526281600348,analytical threshold-event sensitivity; not Max-Cut ground truth
24,16777216,16,9.5367431640625e-07,803.7475914872201,0.001,1.8340080864093424,33,0.0015415216386461877,94.5222668515083,analytical threshold-event sensitivity; not Max-Cut ground truth
24,16777216,16,9.5367431640625e-07,803.7475914872201,0.001,2.2775772695133836,33,0.0015415216386461877,109.16004989394166,analytical threshold-event sensitivity; not Max-Cut ground truth
24,16777216,16,9.5367431640625e-07,803.7475914872201,0.001,2.8284271247461903,33,0.0015415216386461877,127.33809511662427,analytical threshold-event sensitivity; not Max-Cut ground truth
24,16777216,16,9.5367431640625e-07,803.7475914872201,0.001,3.5125043207466,32,0.001495174994656591,145.4001382638912,analytical threshold-event sensitivity; not Max-Cut ground truth
24,16777216,16,9.5367431640625e-07,803.7475914872201,0.001,4.362030930661032,32,0.001495174994656591,172.584989781153,analytical threshold-event sensitivity; not Max-Cut ground truth
24,16777216,16,9.5367431640625e-07,803.7475914872201,0.001,5.41702218774757,32,0.001495174994656591,206.34471000792223,analytical threshold-event sensitivity; not Max-Cut ground truth
24,16777216,16,9.5367431640625e-07,803.7475914872201,0.001,6.727171322029715,32,0.001495174994656591,248.26948230495088,analytical threshold-event sensitivity; not Max-Cut ground truth
24,16777216,16,9.5367431640625e-07,803.7475914872201,0.001,8.35419025941931,32,0.001495174994656591,300.3340883014179,analytical threshold-event sensitivity; not Max-Cut ground truth
24,16777216,16,9.5367431640625e-07,803.7475914872201,0.001,10.374716437208077,32,0.001495174994656591,364.99092599065847,analytical threshold-event sensitivity; not Max-Cut ground truth
24,16777216,16,9.5367431640625e-07,803.7475914872201,0.001,12.883922655594034,32,0.001495174994656591,445.2855249790091,analytical threshold-event sensitivity; not Max-Cut ground truth
24,16777216,16,9.5367431640625e-07,803.7475914872201,0.001,16.0,32,0.001495174994656591,545.0,analytical threshold-event sensitivity; not Max-Cut ground truth
24,16777216,16,9.5367431640625e-07,803.7475914872201,0.00125,0.5,26,0.0009723910658563041,40.0,analytical threshold-event sensitivity; not Max-Cut ground truth
24,16777216,16,9.5367431640625e-07,803.7475914872201,0.00125,0.620928906036742,26,0.0009723910658563041,43.14415155695529,analytical threshold-event sensitivity; not Max-Cut ground truth
24,16777216,16,9.5367431640625e-07,803.7475914872201,0.00125,0.7711054127039704,26,0.0009723910658563041,47.04874073030323,analytical threshold-event sensitivity; not Max-Cut ground truth
24,16777216,16,9.5367431640625e-07,803.7475914872201,0.00125,0.9576032806985736,26,0.0009723910658563041,51.89768529816291,analytical threshold-event sensitivity; not Max-Cut ground truth
24,16777216,16,9.5367431640625e-07,803.7475914872201,0.00125,1.189207115002721,26,0.0009723910658563041,57.91938499007074,analytical threshold-event sensitivity; not Max-Cut ground truth
24,16777216,16,9.5367431640625e-07,803.7475914872201,0.00125,1.4768261459394993,26,0.0009723910658563041,65.39747979442699,analytical threshold-event sensitivity; not Max-Cut ground truth
24,16777216,16,9.5367431640625e-07,803.7475914872201,0.00125,1.8340080864093424,26,0.0009723910658563041,74.6842102466429,analytical threshold-event sensitivity; not Max-Cut ground truth
24,16777216,16,9.5367431640625e-07,803.7475914872201,0.00125,2.2775772695133836,26,0.0009723910658563041,86.21700900734797,analytical threshold-event sensitivity; not Max-Cut ground truth
24,16777216,16,9.5367431640625e-07,803.7475914872201,0.00125,2.8284271247461903,26,0.0009723910658563041,100.53910524340095,analytical threshold-event sensitivity; not Max-Cut ground truth
24,16777216,16,9.5367431640625e-07,803.7475914872201,0.00125,3.5125043207466,26,0.0009723910658563041,118.32511233941159,analytical threshold-event sensitivity; not Max-Cut ground truth
24,16777216,16,9.5367431640625e-07,803.7475914872201,0.00125,4.362030930661032,26,0.0009723910658563041,140.41280419718683,analytical threshold-event sensitivity; not Max-Cut ground truth
24,16777216,16,9.5367431640625e-07,803.7475914872201,0.00125,5.41702218774757,26,0.0009723910658563041,167.8425768814368,analytical threshold-event sensitivity; not Max-Cut ground truth
24,16777216,16,9.5367431640625e-07,803.7475914872201,0.00125,6.727171322029715,26,0.0009723910658563041,201.9064543727726,analytical threshold-event sensitivity; not Max-Cut ground truth
24,16777216,16,9.5367431640625e-07,803.7475914872201,0.00125,8.35419025941931,26,0.0009723910658563041,244.20894674490205,analytical threshold-event sensitivity; not Max-Cut ground truth
24,16777216,16,9.5367431640625e-07,803.7475914872201,0.00125,10.374716437208077,26,0.0009723910658563041,296.74262736741,analytical threshold-event sensitivity; not Max-Cut ground truth
24,16777216,16,9.5367431640625e-07,803.7475914872201,0.00125,12.883922655594034,26,0.0009723910658563041,361.9819890454449,analytical threshold-event sensitivity; not Max-Cut ground truth
24,16777216,16,9.5367431640625e-07,803.7475914872201,0.00125,16.0,26,0.0009723910658563041,443.0,analytical threshold-event sensitivity; not Max-Cut ground truth
24,16777216,16,9.5367431640625e-07,803.7475914872201,0.0015,0.5,22,0.0006855685351798483,34.0,analytical threshold-event sensitivity; not Max-Cut ground truth
24,16777216,16,9.5367431640625e-07,803.7475914872201,0.0015,0.620928906036742,22,0.0006855685351798483,36.660435932808326,analytical threshold-event sensitivity; not Max-Cut ground truth
24,16777216,16,9.5367431640625e-07,803.7475914872201,0.0015,0.7711054127039704,22,0.0006855685351798483,39.96431907948735,analytical threshold-event sensitivity; not Max-Cut ground truth
24,16777216,16,9.5367431640625e-07,803.7475914872201,0.0015,0.9576032806985736,22,0.0006855685351798483,44.067272175368615,analytical threshold-event sensitivity; not Max-Cut ground truth
24,16777216,16,9.5367431640625e-07,803.7475914872201,0.0015,1.189207115002721,22,0.0006855685351798483,49.16255653005986,analytical threshold-event sensitivity; not Max-Cut ground truth
24,16777216,16,9.5367431640625e-07,803.7475914872201,0.0015,1.4768261459394993,22,0.0006855685351798483,55.490175210668994,analytical threshold-event sensitivity; not Max-Cut ground truth
24,16777216,16,9.5367431640625e-07,803.7475914872201,0.0015,1.8340080864093424,22,0.0006855685351798483,63.34817790100554,analytical threshold-event sensitivity; not Max-Cut ground truth
24,16777216,16,9.5367431640625e-07,803.7475914872201,0.0015,2.2775772695133836,21,0.0006548326324681257,69.82912265978105,analytical threshold-event sensitivity; not Max-Cut ground truth
24,16777216,16,9.5367431640625e-07,803.7475914872201,0.0015,2.8284271247461903,21,0.0006548326324681257,81.39696961967,analytical threshold-event sensitivity; not Max-Cut ground truth
24,16777216,16,9.5367431640625e-07,803.7475914872201,0.0015,3.5125043207466,21,0.0006548326324681257,95.7625907356786,analytical threshold-event sensitivity; not Max-Cut ground truth
24,16777216,16,9.5367431640625e-07,803.7475914872201,0.0015,4.362030930661032,21,0.0006548326324681257,113.60264954388167,analytical threshold-event sensitivity; not Max-Cut ground truth
24,16777216,16,9.5367431640625e-07,803.7475914872201,0.0015,5.41702218774757,21,0.0006548326324681257,135.75746594269896,analytical threshold-event sensitivity; not Max-Cut ground truth
24,16777216,16,9.5367431640625e-07,803.7475914872201,0.0015,6.727171322029715,21,0.0006548326324681257,163.27059776262402,analytical threshold-event sensitivity; not Max-Cut ground truth
24,16777216,16,9.5367431640625e-07,803.7475914872201,0.0015,8.35419025941931,21,0.0006548326324681257,197.43799544780552,analytical threshold-event sensitivity; not Max-Cut ground truth
24,16777216,16,9.5367431640625e-07,803.7475914872201,0.0015,10.374716437208077,21,0.0006548326324681257,239.86904518136961,analytical threshold-event sensitivity; not Max-Cut ground truth
24,16777216,16,9.5367431640625e-07,803.7475914872201,0.0015,12.883922655594034,21,0.0006548326324681257,292.5623757674747,analytical threshold-event sensitivity; not Max-Cut ground truth
24,16777216,16,9.5367431640625e-07,803.7475914872201,0.0015,16.0,21,0.0006548326324681257,358.0,analytical threshold-event sensitivity; not Max-Cut ground truth
24,16777216,16,9.5367431640625e-07,803.7475914872201,0.00175,0.5,19,0.0005073530034084395,29.5,analytical threshold-event sensitivity; not Max-Cut ground truth
24,16777216,16,9.5367431640625e-07,803.7475914872201,0.00175,0.620928906036742,19,0.0005073530034084395,31.797649214698097,analytical threshold-event sensitivity; not Max-Cut ground truth
24,16777216,16,9.5367431640625e-07,803.7475914872201,0.00175,0.7711054127039704,19,0.0005073530034084395,34.65100284137544,analytical threshold-event sensitivity; not Max-Cut ground truth
24,16777216,16,9.5367431640625e-07,803.7475914872201,0.00175,0.9576032806985736,19,0.0005073530034084395,38.194462333272895,analytical threshold-event sensitivity; not Max-Cut ground truth
24,16777216,16,9.5367431640625e-07,803.7475914872201,0.00175,1.189207115002721,18,0.00048128897892283376,40.40572807004897,analytical threshold-event sensitivity; not Max-Cut ground truth
24,16777216,16,9.5367431640625e-07,803.7475914872201,0.00175,1.4768261459394993,18,0.00048128897892283376,45.58287062691099,analytical threshold-event sensitivity; not Max-Cut ground truth
24,16777216,16,9.5367431640625e-07,803.7475914872201,0.00175,1.8340080864093424,18,0.00048128897892283376,52.012145555368164,analytical threshold-event sensitivity; not Max-Cut ground truth
24,16777216,16,9.5367431640625e-07,803.7475914872201,0.00175,2.2775772695133836,18,0.00048128897892283376,59.9963908512409,analytical threshold-event sensitivity; not Max-Cut ground truth
24,16777216,16,9.5367431640625e-07,803.7475914872201,0.00175,2.8284271247461903,18,0.00048128897892283376,69.91168824543142,analytical threshold-event sensitivity; not Max-Cut ground truth
24,16777216,16,9.5367431640625e-07,803.7475914872201,0.00175,3.5125043207466,18,0.00048128897892283376,82.2250777734388,analytical threshold-event sensitivity; not Max-Cut ground truth
24,16777216,16,9.5367431640625e-07,803.7475914872201,0.00175,4.362030930661032,18,0.00048128897892283376,97.51655675189858,analytical threshold-event sensitivity; not Max-Cut ground truth
24,16777216,16,9.5367431640625e-07,803.7475914872201,0.00175,5.41702218774757,18,0.00048128897892283376,116.50639937945625,analytical threshold-event sensitivity; not Max-Cut ground truth
24,16777216,16,9.5367431640625e-07,803.7475914872201,0.00175,6.727171322029715,18,0.00048128897892283376,140.08908379653488,analytical threshold-event sensitivity; not Max-Cut ground truth
24,16777216,16,9.5367431640625e-07,803.7475914872201,0.00175,8.35419025941931,18,0.00048128897892283376,169.37542466954758,analytical threshold-event sensitivity; not Max-Cut ground truth
24,16777216,16,9.5367431640625e-07,803.7475914872201,0.00175,10.374716437208077,18,0.00048128897892283376,205.7448958697454,analytical threshold-event sensitivity; not Max-Cut ground truth
24,16777216,16,9.5367431640625e-07,803.7475914872201,0.00175,12.883922655594034,18,0.00048128897892283376,250.91060780069262,analytical threshold-event sensitivity; not Max-Cut ground truth
24,16777216,16,9.5367431640625e-07,803.7475914872201,0.00175,16.0,18,0.00048128897892283376,307.0,analytical threshold-event sensitivity; not Max-Cut ground truth
24,16777216,16,9.5367431640625e-07,803.7475914872201,0.002,0.5,16,0.000374366847267545,25.0,analytical threshold-event sensitivity; not Max-Cut ground truth
24,16777216,16,9.5367431640625e-07,803.7475914872201,0.002,0.620928906036742,16,0.000374366847267545,26.934862496587872,analytical threshold-event sensitivity; not Max-Cut ground truth
24,16777216,16,9.5367431640625e-07,803.7475914872201,0.002,0.7711054127039704,16,0.000374366847267545,29.337686603263528,analytical threshold-event sensitivity; not Max-Cut ground truth
24,16777216,16,9.5367431640625e-07,803.7475914872201,0.002,0.9576032806985736,16,0.000374366847267545,32.321652491177176,analytical threshold-event sensitivity; not Max-Cut ground truth
24,16777216,16,9.5367431640625e-07,803.7475914872201,0.002,1.189207115002721,16,0.000374366847267545,36.02731384004353,analytical threshold-event sensitivity; not Max-Cut ground truth
24,16777216,16,9.5367431640625e-07,803.7475914872201,0.002,1.4768261459394993,16,0.000374366847267545,40.62921833503199,analytical threshold-event sensitivity; not Max-Cut ground truth
24,16777216,16,9.5367431640625e-07,803.7475914872201,0.002,1.8340080864093424,16,0.000374366847267545,46.34412938254948,analytical threshold-event sensitivity; not Max-Cut ground truth
24,16777216,16,9.5367431640625e-07,803.7475914872201,0.002,2.2775772695133836,16,0.000374366847267545,53.44123631221414,analytical threshold-event sensitivity; not Max-Cut ground truth
24,16777216,16,9.5367431640625e-07,803.7475914872201,0.002,2.8284271247461903,16,0.000374366847267545,62.254833995939045,analytical threshold-event sensitivity; not Max-Cut ground truth
24,16777216,16,9.5367431640625e-07,803.7475914872201,0.002,3.5125043207466,16,0.000374366847267545,73.2000691319456,analytical threshold-event sensitivity; not Max-Cut ground truth
24,16777216,16,9.5367431640625e-07,803.7475914872201,0.002,4.362030930661032,16,0.000374366847267545,86.7924948905765,analytical threshold-event sensitivity; not Max-Cut ground truth
24,16777216,16,9.5367431640625e-07,803.7475914872201,0.002,5.41702218774757,16,0.000374366847267545,103.67235500396112,analytical threshold-event sensitivity; not Max-Cut ground truth
24,16777216,16,9.5367431640625e-07,803.7475914872201,0.002,6.727171322029715,16,0.000374366847267545,124.63474115247544,analytical threshold-event sensitivity; not Max-Cut ground truth
24,16777216,16,9.5367431640625e-07,803.7475914872201,0.002,8.35419025941931,16,0.000374366847267545,150.66704415070896,analytical threshold-event sensitivity; not Max-Cut ground truth
24,16777216,16,9.5367431640625e-07,803.7475914872201,0.002,10.374716437208077,16,0.000374366847267545,182.99546299532923,analytical threshold-event sensitivity; not Max-Cut ground truth
24,16777216,16,9.5367431640625e-07,803.7475914872201,0.002,12.883922655594034,16,0.000374366847267545,223.14276248950455,analytical threshold-event sensitivity; not Max-Cut ground truth
24,16777216,16,9.5367431640625e-07,803.7475914872201,0.002,16.0,16,0.000374366847267545,273.0,analytical threshold-event sensitivity; not Max-Cut ground truth
24,16777216,16,9.5367431640625e-07,803.7475914872201,0.0022500000000000003,0.5,14,0.0002913110424402234,22.0,analytical threshold-event sensitivity; not Max-Cut ground truth
24,16777216,16,9.5367431640625e-07,803.7475914872201,0.0022500000000000003,0.620928906036742,14,0.0002913110424402234,23.69300468451439,analytical threshold-event sensitivity; not Max-Cut ground truth
24,16777216,16,9.5367431640625e-07,803.7475914872201,0.0022500000000000003,0.7711054127039704,14,0.0002913110424402234,25.795475777855586,analytical threshold-event sensitivity; not Max-Cut ground truth
24,16777216,16,9.5367431640625e-07,803.7475914872201,0.0022500000000000003,0.9576032806985736,14,0.0002913110424402234,28.406445929780027,analytical threshold-event sensitivity; not Max-Cut ground truth
24,16777216,16,9.5367431640625e-07,803.7475914872201,0.0022500000000000003,1.189207115002721,14,0.0002913110424402234,31.648899610038093,analytical threshold-event sensitivity; not Max-Cut ground truth
24,16777216,16,9.5367431640625e-07,803.7475914872201,0.0022500000000000003,1.4768261459394993,14,0.0002913110424402234,35.675566043153,analytical threshold-event sensitivity; not Max-Cut ground truth
24,16777216,16,9.5367431640625e-07,803.7475914872201,0.0022500000000000003,1.8340080864093424,14,0.0002913110424402234,40.6761132097308,analytical threshold-event sensitivity; not Max-Cut ground truth
24,16777216,16,9.5367431640625e-07,803.7475914872201,0.0022500000000000003,2.2775772695133836,14,0.0002913110424402234,46.88608177318737,analytical threshold-event sensitivity; not Max-Cut ground truth
24,16777216,16,9.5367431640625e-07,803.7475914872201,0.0022500000000000003,2.8284271247461903,14,0.0002913110424402234,54.59797974644666,analytical threshold-event sensitivity; not Max-Cut ground truth
24,16777216,16,9.5367431640625e-07,803.7475914872201,0.0022500000000000003,3.5125043207466,14,0.0002913110424402234,64.1750604904524,analytical threshold-event sensitivity; not Max-Cut ground truth
24,16777216,16,9.5367431640625e-07,803.7475914872201,0.0022500000000000003,4.362030930661032,14,0.0002913110424402234,76.06843302925444,analytical threshold-event sensitivity; not Max-Cut ground truth
24,16777216,16,9.5367431640625e-07,803.7475914872201,0.0022500000000000003,5.41702218774757,14,0.0002913110424402234,90.83831062846598,analytical threshold-event sensitivity; not Max-Cut ground truth
24,16777216,16,9.5367431640625e-07,803.7475914872201,0.0022500000000000003,6.727171322029715,14,0.0002913110424402234,109.180398508416,analytical threshold-event sensitivity; not Max-Cut ground truth
24,16777216,16,9.5367431640625e-07,803.7475914872201,0.0022500000000000003,8.35419025941931,14,0.0002913110424402234,131.95866363187034,analytical threshold-event sensitivity; not Max-Cut ground truth
24,16777216,16,9.5367431640625e-07,803.7475914872201,0.0022500000000000003,10.374716437208077,14,0.0002913110424402234,160.24603012091308,analytical threshold-event sensitivity; not Max-Cut ground truth
24,16777216,16,9.5367431640625e-07,803.7475914872201,0.0022500000000000003,12.883922655594034,14,0.0002913110424402234,195.37491717831648,analytical threshold-event sensitivity; not Max-Cut ground truth
24,16777216,16,9.5367431640625e-07,803.7475914872201,0.0022500000000000003,16.0,14,0.0002913110424402234,239.0,analytical threshold-event sensitivity; not Max-Cut ground truth
24,16777216,16,9.5367431640625e-07,803.7475914872201,0.0025,0.5,13,0.0002432304258024031,20.5,analytical threshold-event sensitivity; not Max-Cut ground truth
24,16777216,16,9.5367431640625e-07,803.7475914872201,0.0025,0.620928906036742,13,0.0002432304258024031,22.072075778477647,analytical threshold-event sensitivity; not Max-Cut ground truth
24,16777216,16,9.5367431640625e-07,803.7475914872201,0.0025,0.7711054127039704,13,0.0002432304258024031,24.024370365151615,analytical threshold-event sensitivity; not Max-Cut ground truth
24,16777216,16,9.5367431640625e-07,803.7475914872201,0.0025,0.9576032806985736,13,0.0002432304258024031,26.448842649081456,analytical threshold-event sensitivity; not Max-Cut ground truth
24,16777216,16,9.5367431640625e-07,803.7475914872201,0.0025,1.189207115002721,13,0.0002432304258024031,29.45969249503537,analytical threshold-event sensitivity; not Max-Cut ground truth
24,16777216,16,9.5367431640625e-07,803.7475914872201,0.0025,1.4768261459394993,13,0.0002432304258024031,33.19873989721349,analytical threshold-event sensitivity; not Max-Cut ground truth
24,16777216,16,9.5367431640625e-07,803.7475914872201,0.0025,1.8340080864093424,13,0.0002432304258024031,37.84210512332145,analytical threshold-event sensitivity; not Max-Cut ground truth
24,16777216,16,9.5367431640625e-07,803.7475914872201,0.0025,2.2775772695133836,13,0.0002432304258024031,43.608504503673984,analytical threshold-event sensitivity; not Max-Cut ground truth
24,16777216,16,9.5367431640625e-07,803.7475914872201,0.0025,2.8284271247461903,13,0.0002432304258024031,50.76955262170048,analytical threshold-event sensitivity; not Max-Cut ground truth
24,16777216,16,9.5367431640625e-07,803.7475914872201,0.0025,3.5125043207466,13,0.0002432304258024031,59.662556169705795,analytical threshold-event sensitivity; not Max-Cut ground truth
24,16777216,16,9.5367431640625e-07,803.7475914872201,0.0025,4.362030930661032,13,0.0002432304258024031,70.70640209859341,analytical threshold-event sensitivity; not Max-Cut ground truth
24,16777216,16,9.5367431640625e-07,803.7475914872201,0.0025,5.41702218774757,12,0.00022477956890455656,78.00426625297084,analytical threshold-event sensitivity; not Max-Cut ground truth
24,16777216,16,9.5367431640625e-07,803.7475914872201,0.0025,6.727171322029715,12,0.00022477956890455656,93.72605586435658,analytical threshold-event sensitivity; not Max-Cut ground truth
24,16777216,16,9.5367431640625e-07,803.7475914872201,0.0025,8.35419025941931,12,0.00022477956890455656,113.25028311303171,analytical threshold-event sensitivity; not Max-Cut ground truth
24,16777216,16,9.5367431640625e-07,803.7475914872201,0.0025,10.374716437208077,12,0.00022477956890455656,137.49659724649692,analytical threshold-event sensitivity; not Max-Cut ground truth
24,16777216,16,9.5367431640625e-07,803.7475914872201,0.0025,12.883922655594034,12,0.00022477956890455656,167.6070718671284,analytical threshold-event sensitivity; not Max-Cut ground truth
24,16777216,16,9.5367431640625e-07,803.7475914872201,0.0025,16.0,12,0.00022477956890455656,205.0,analytical threshold-event sensitivity; not Max-Cut ground truth
24,16777216,16,9.5367431640625e-07,803.7475914872201,0.00275,0.5,12,0.0002038980732872269,19.0,analytical threshold-event sensitivity; not Max-Cut ground truth
24,16777216,16,9.5367431640625e-07,803.7475914872201,0.00275,0.620928906036742,12,0.0002038980732872269,20.451146872440905,analytical threshold-event sensitivity; not Max-Cut ground truth
24,16777216,16,9.5367431640625e-07,803.7475914872201,0.00275,0.7711054127039704,12,0.0002038980732872269,22.253264952447644,analytical threshold-event sensitivity; not Max-Cut ground truth
24,16777216,16,9.5367431640625e-07,803.7475914872201,0.00275,0.9576032806985736,12,0.0002038980732872269,24.49123936838288,analytical threshold-event sensitivity; not Max-Cut ground truth
24,16777216,16,9.5367431640625e-07,803.7475914872201,0.00275,1.189207115002721,12,0.0002038980732872269,27.27048538003265,analytical threshold-event sensitivity; not Max-Cut ground truth
24,16777216,16,9.5367431640625e-07,803.7475914872201,0.00275,1.4768261459394993,12,0.0002038980732872269,30.721913751273995,analytical threshold-event sensitivity; not Max-Cut ground truth
24,16777216,16,9.5367431640625e-07,803.7475914872201,0.00275,1.8340080864093424,11,0.00018742664253869977,32.17408895050277,analytical threshold-event sensitivity; not Max-Cut ground truth
24,16777216,16,9.5367431640625e-07,803.7475914872201,0.00275,2.2775772695133836,11,0.00018742664253869977,37.05334996464722,analytical threshold-event sensitivity; not Max-Cut ground truth
24,16777216,16,9.5367431640625e-07,803.7475914872201,0.00275,2.8284271247461903,11,0.00018742664253869977,43.112698372208094,analytical threshold-event sensitivity; not Max-Cut ground truth
24,16777216,16,9.5367431640625e-07,803.7475914872201,0.00275,3.5125043207466,11,0.00018742664253869977,50.6375475282126,analytical threshold-event sensitivity; not Max-Cut ground truth
24,16777216,16,9.5367431640625e-07,803.7475914872201,0.00275,4.362030930661032,11,0.00018742664253869977,59.982340237271345,analytical threshold-event sensitivity; not Max-Cut ground truth
24,16777216,16,9.5367431640625e-07,803.7475914872201,0.00275,5.41702218774757,11,0.00018742664253869977,71.58724406522327,analytical threshold-event sensitivity; not Max-Cut ground truth
24,16777216,16,9.5367431640625e-07,803.7475914872201,0.00275,6.727171322029715,11,0.00018742664253869977,85.99888454232686,analytical threshold-event sensitivity; not Max-Cut ground truth
24,16777216,16,9.5367431640625e-07,803.7475914872201,0.00275,8.35419025941931,11,0.00018742664253869977,103.89609285361242,analytical threshold-event sensitivity; not Max-Cut ground truth
24,16777216,16,9.5367431640625e-07,803.7475914872201,0.00275,10.374716437208077,11,0.00018742664253869977,126.12188080928885,analytical threshold-event sensitivity; not Max-Cut ground truth
24,16777216,16,9.5367431640625e-07,803.7475914872201,0.00275,12.883922655594034,11,0.00018742664253869977,153.72314921153438,analytical threshold-event sensitivity; not Max-Cut ground truth
24,16777216,16,9.5367431640625e-07,803.7475914872201,0.00275,16.0,11,0.00018742664253869977,188.0,analytical threshold-event sensitivity; not Max-Cut ground truth
24,16777216,16,9.5367431640625e-07,803.7475914872201,0.003,0.5,11,0.00017129505356680065,17.5,analytical threshold-event sensitivity; not Max-Cut ground truth
24,16777216,16,9.5367431640625e-07,803.7475914872201,0.003,0.620928906036742,11,0.00017129505356680065,18.830217966404163,analytical threshold-event sensitivity; not Max-Cut ground truth
24,16777216,16,9.5367431640625e-07,803.7475914872201,0.003,0.7711054127039704,11,0.00017129505356680065,20.482159539743677,analytical threshold-event sensitivity; not Max-Cut ground truth
24,16777216,16,9.5367431640625e-07,803.7475914872201,0.003,0.9576032806985736,11,0.00017129505356680065,22.533636087684307,analytical threshold-event sensitivity; not Max-Cut ground truth
24,16777216,16,9.5367431640625e-07,803.7475914872201,0.003,1.189207115002721,11,0.00017129505356680065,25.08127826502993,analytical threshold-event sensitivity; not Max-Cut ground truth
24,16777216,16,9.5367431640625e-07,803.7475914872201,0.003,1.4768261459394993,11,0.00017129505356680065,28.245087605334497,analytical threshold-event sensitivity; not Max-Cut ground truth
24,16777216,16,9.5367431640625e-07,803.7475914872201,0.003,1.8340080864093424,10,0.0001562522905406631,29.340080864093427,analytical threshold-event sensitivity; not Max-Cut ground truth
24,16777216,16,9.5367431640625e-07,803.7475914872201,0.003,2.2775772695133836,10,0.0001562522905406631,33.77577269513384,analytical threshold-event sensitivity; not Max-Cut ground truth
24,16777216,16,9.5367431640625e-07,803.7475914872201,0.003,2.8284271247461903,10,0.0001562522905406631,39.2842712474619,analytical threshold-event sensitivity; not Max-Cut ground truth
24,16777216,16,9.5367431640625e-07,803.7475914872201,0.003,3.5125043207466,10,0.0001562522905406631,46.125043207466,analytical threshold-event sensitivity; not Max-Cut ground truth
24,16777216,16,9.5367431640625e-07,803.7475914872201,0.003,4.362030930661032,10,0.0001562522905406631,54.62030930661032,analytical threshold-event sensitivity; not Max-Cut ground truth
24,16777216,16,9.5367431640625e-07,803.7475914872201,0.003,5.41702218774757,10,0.0001562522905406631,65.1702218774757,analytical threshold-event sensitivity; not Max-Cut ground truth
24,16777216,16,9.5367431640625e-07,803.7475914872201,0.003,6.727171322029715,10,0.0001562522905406631,78.27171322029716,analytical threshold-event sensitivity; not Max-Cut ground truth
24,16777216,16,9.5367431640625e-07,803.7475914872201,0.003,8.35419025941931,10,0.0001562522905406631,94.5419025941931,analytical threshold-event sensitivity; not Max-Cut ground truth
24,16777216,16,9.5367431640625e-07,803.7475914872201,0.003,10.374716437208077,10,0.0001562522905406631,114.74716437208077,analytical threshold-event sensitivity; not Max-Cut ground truth
24,16777216,16,9.5367431640625e-07,803.7475914872201,0.003,12.883922655594034,10,0.0001562522905406631,139.83922655594034,analytical threshold-event sensitivity; not Max-Cut ground truth
24,16777216,16,9.5367431640625e-07,803.7475914872201,0.003,16.0,10,0.0001562522905406631,171.0,analytical threshold-event sensitivity; not Max-Cut ground truth
