instance_id,n,density_target,graph_seed,p,optimizer_seed,operational_level,threshold,rho_uniform,objective,optimizer,objective_eval_budget,objective_evaluations_used,success,termination,nit,p_target_exact,expected_cut,approx_ratio,p_opt_exact,initial_params,best_seen_params,message,evidence_label
n10_d25_s17,10,0.25,17,1,0,0.4,42,0.0859375,threshold_hit_probability,L-BFGS-B,128,33,True,optimizer_converged,9,0.19639695839398047,33.6111180887421,0.5696799676057983,0.015889292458609785,"[3.5287294141677674, 2.820136066220062]","[3.5189021976497004, 2.719269245747007]",CONVERGENCE: RELATIVE REDUCTION OF F <= FACTR*EPSMCH,paired threshold-hit-trained ideal-statevector QAOA under 128-evaluation cap
n10_d25_s17,10,0.25,17,1,1,0.4,42,0.0859375,threshold_hit_probability,L-BFGS-B,128,42,True,optimizer_converged,9,0.48464012479910756,42.00022529859577,0.7118682253999283,0.07940437986076591,"[0.03150364209054807, 2.2509822567250026]","[0.11752992406750268, 1.9750078582653663]",CONVERGENCE: RELATIVE REDUCTION OF F <= FACTR*EPSMCH,paired threshold-hit-trained ideal-statevector QAOA under 128-evaluation cap
n10_d25_s17,10,0.25,17,1,2,0.4,42,0.0859375,threshold_hit_probability,L-BFGS-B,128,39,True,optimizer_converged,8,0.4846401247991083,42.00022524752219,0.7118682245342743,0.07940438098726106,"[0.550699323661081, 2.553727599613405]","[0.11752993389377804, 1.975007846283163]",CONVERGENCE: RELATIVE REDUCTION OF F <= FACTR*EPSMCH,paired threshold-hit-trained ideal-statevector QAOA under 128-evaluation cap
n10_d25_s17,10,0.25,17,1,3,0.4,42,0.0859375,threshold_hit_probability,L-BFGS-B,128,39,True,optimizer_converged,10,0.1931875128362314,33.161247775543615,0.5620550470431122,0.02367307965168764,"[3.5525641580261405, 1.896169765139098]","[3.7588642808279418, 2.020855691678762]",CONVERGENCE: RELATIVE REDUCTION OF F <= FACTR*EPSMCH,paired threshold-hit-trained ideal-statevector QAOA under 128-evaluation cap
n10_d25_s17,10,0.25,17,1,4,0.4,42,0.0859375,threshold_hit_probability,L-BFGS-B,128,45,True,optimizer_converged,10,0.19162127948476648,31.001525245620066,0.5254495804342384,0.0016302001149918835,"[3.9759708282718824, 0.8316968429718057]","[4.077086450545967, 1.1561349676202417]",CONVERGENCE: RELATIVE REDUCTION OF F <= FACTR*EPSMCH,paired threshold-hit-trained ideal-statevector QAOA under 128-evaluation cap
n10_d25_s17,10,0.25,17,2,0,0.4,42,0.0859375,threshold_hit_probability,L-BFGS-B,128,95,True,optimizer_converged,15,0.359710939203278,37.48434062986659,0.6353278072858743,0.020009869547257423,"[0.31951146532931884, 0.9839688804685589, 2.762624903002235, 1.258469936220435]","[0.40391152407681435, 0.8616340368791314, 2.6050761283304524, 1.2217661028672107]",CONVERGENCE: RELATIVE REDUCTION OF F <= FACTR*EPSMCH,paired threshold-hit-trained ideal-statevector QAOA under 128-evaluation cap
n10_d25_s17,10,0.25,17,2,1,0.4,42,0.0859375,threshold_hit_probability,L-BFGS-B,128,128,False,evaluation_budget_exhausted,-1,0.32614117875378,36.45243381463284,0.6178378612649634,0.011701812601784213,"[5.1251953421090155, 6.066028820494585, 0.12305624851531094, 1.2664872559039198]","[3.7259592275356326, 5.582368366830211, 0.2995593693964347, 1.2379843169718074]",strict objective-evaluation cap 128 reached,paired threshold-hit-trained ideal-statevector QAOA under 128-evaluation cap
n10_d25_s17,10,0.25,17,2,2,0.4,42,0.0859375,threshold_hit_probability,L-BFGS-B,128,128,False,evaluation_budget_exhausted,-1,0.21778748736046036,32.66152937101198,0.5535852435764742,0.003637522451773533,"[4.7123564519019165, 3.37401075349724, 2.488152537839502, 0.24380614055485098]","[4.836754030914003, 3.6226610963472456, 2.9058638976919045, 2.1026036393063463]",strict objective-evaluation cap 128 reached,paired threshold-hit-trained ideal-statevector QAOA under 128-evaluation cap
n10_d25_s17,10,0.25,17,2,3,0.4,42,0.0859375,threshold_hit_probability,L-BFGS-B,128,128,False,evaluation_budget_exhausted,-1,0.22072518168316868,35.63771840570603,0.6040291255204412,0.04583389878279888,"[1.783390817751575, 3.5345099979788017, 3.042274649460688, 1.3393818759681368]","[1.6598264259943833, 3.5299702396928794, 3.0384211550695976, 1.1588663802271473]",strict objective-evaluation cap 128 reached,paired threshold-hit-trained ideal-statevector QAOA under 128-evaluation cap
n10_d25_s17,10,0.25,17,2,4,0.4,42,0.0859375,threshold_hit_probability,L-BFGS-B,128,100,True,optimizer_converged,16,0.2046961658624213,34.21800191814249,0.5799661342058049,0.0075682065955898345,"[3.1418255584163366, 1.4465724856988362, 0.9516284618173032, 0.3316626526323334]","[1.7736577316883622, 1.873694985811607, 0.8163295088988263, 0.4368716558180762]",CONVERGENCE: RELATIVE REDUCTION OF F <= FACTR*EPSMCH,paired threshold-hit-trained ideal-statevector QAOA under 128-evaluation cap
n10_d25_s17,10,0.25,17,3,0,0.4,42,0.0859375,threshold_hit_probability,L-BFGS-B,128,128,False,evaluation_budget_exhausted,-1,0.27014092833308,35.95513266442127,0.60940902821053,0.020859018525344695,"[3.714752539388263, 4.405633735976786, 3.012114793294022, 1.3153655203983596, 0.7867015516289857, 0.9341771458685942]","[3.521392970132273, 4.526120109848906, 3.1062746134004615, 1.1736841838472796, 0.757207876795886, 1.019529039520001]",strict objective-evaluation cap 128 reached,paired threshold-hit-trained ideal-statevector QAOA under 128-evaluation cap
n10_d25_s17,10,0.25,17,3,1,0.4,42,0.0859375,threshold_hit_probability,L-BFGS-B,128,128,False,evaluation_budget_exhausted,-1,0.19438427506324701,31.177164499164526,0.528426516934992,0.0009886881707254311,"[3.408800473357766, 5.817331304889216, 6.046379286742753, 2.0367025942942063, 2.1753596965261637, 1.3349422962432198]","[4.094696660299123, 6.283185307179586, 6.223292009196875, 2.1792520242944247, 2.2025446822165837, 1.4395694259584395]",strict objective-evaluation cap 128 reached,paired threshold-hit-trained ideal-statevector QAOA under 128-evaluation cap
n10_d25_s17,10,0.25,17,3,2,0.4,42,0.0859375,threshold_hit_probability,L-BFGS-B,128,128,False,evaluation_budget_exhausted,-1,0.43080029784267104,37.528654113128894,0.6360788832733711,0.00788128597224368,"[2.9250437898027686, 6.123979258721456, 1.1714194210165396, 2.885834761232593, 0.43198498724617246, 0.4708860679839285]","[3.0265121461832805, 5.96894368930244, 1.2212404762574507, 2.707484680479249, 0.15954707767831489, 0.0]",strict objective-evaluation cap 128 reached,paired threshold-hit-trained ideal-statevector QAOA under 128-evaluation cap
n10_d25_s17,10,0.25,17,3,3,0.4,42,0.0859375,threshold_hit_probability,L-BFGS-B,128,128,False,evaluation_budget_exhausted,-1,0.32277178167695825,36.06723925578639,0.6113091399285829,0.017470773542290124,"[1.7438012089550914, 2.0231747976908263, 0.8951302356401365, 2.180644526719323, 1.1736366178015416, 2.105760493245921]","[1.5788526927046318, 1.5466031170291998, 0.11293656267406363, 2.169801322332088, 0.9541246728024353, 2.023432390352614]",strict objective-evaluation cap 128 reached,paired threshold-hit-trained ideal-statevector QAOA under 128-evaluation cap
n10_d25_s17,10,0.25,17,3,4,0.4,42,0.0859375,threshold_hit_probability,L-BFGS-B,128,128,False,evaluation_budget_exhausted,-1,0.4144077978693673,39.42896504027658,0.6682875430555353,0.0802491889930356,"[2.3466887673723464, 2.7780992652449155, 4.4530749491586725, 1.0007300857209462, 2.9696310801827073, 1.257013050303325]","[2.5893595434445924, 2.5330871395402346, 4.269051666220269, 1.1396889422882608, 2.8730316686605453, 1.3656964617703378]",strict objective-evaluation cap 128 reached,paired threshold-hit-trained ideal-statevector QAOA under 128-evaluation cap
n10_d25_s42,10,0.25,42,1,0,0.4,39,0.125,threshold_hit_probability,L-BFGS-B,128,39,True,optimizer_converged,8,0.4262550774170377,36.18990313822394,0.7237980627644788,0.04162968150872799,"[3.4445987231411896, 1.7740496590666637]","[3.283742571179887, 1.9901346818405379]",CONVERGENCE: RELATIVE REDUCTION OF F <= FACTR*EPSMCH,paired threshold-hit-trained ideal-statevector QAOA under 128-evaluation cap
n10_d25_s42,10,0.25,42,1,1,0.4,39,0.125,threshold_hit_probability,L-BFGS-B,128,42,True,optimizer_converged,10,0.22404522946104072,30.790403775903552,0.615808075518071,0.021112182522454788,"[4.336522735179967, 0.17343715351120842]","[4.17180649138774, 0.3982000078999652]",CONVERGENCE: RELATIVE REDUCTION OF F <= FACTR*EPSMCH,paired threshold-hit-trained ideal-statevector QAOA under 128-evaluation cap
n10_d25_s42,10,0.25,42,1,2,0.4,39,0.125,threshold_hit_probability,L-BFGS-B,128,36,True,optimizer_converged,9,0.22404522946104094,30.790403769163156,0.6158080753832631,0.0211121824398171,"[3.967841214541494, 1.7773044137488616]","[4.171806491564174, 1.9689963390437375]",CONVERGENCE: RELATIVE REDUCTION OF F <= FACTR*EPSMCH,paired threshold-hit-trained ideal-statevector QAOA under 128-evaluation cap
n10_d25_s42,10,0.25,42,1,3,0.4,39,0.125,threshold_hit_probability,L-BFGS-B,128,36,True,optimizer_converged,7,0.42625507741703805,36.18990309886936,0.7237980619773872,0.041629681069267205,"[3.374630322136983, 1.9688604286551854]","[3.2837425813829633, 1.9901346920921197]",CONVERGENCE: RELATIVE REDUCTION OF F <= FACTR*EPSMCH,paired threshold-hit-trained ideal-statevector QAOA under 128-evaluation cap
n10_d25_s42,10,0.25,42,1,4,0.4,39,0.125,threshold_hit_probability,L-BFGS-B,128,48,True,optimizer_converged,10,0.23404344548037778,31.0875965130781,0.6217519302615621,0.020308091287203865,"[2.246101526684241, 0.16712202509113389]","[2.755485138266499, 0.4279312066801148]",CONVERGENCE: RELATIVE REDUCTION OF F <= FACTR*EPSMCH,paired threshold-hit-trained ideal-statevector QAOA under 128-evaluation cap
n10_d25_s42,10,0.25,42,2,0,0.4,39,0.125,threshold_hit_probability,L-BFGS-B,128,125,True,optimizer_converged,17,0.33855418448688945,33.69441938958724,0.6738883877917448,0.04801645647187387,"[4.904361869782892, 1.8783336313194159, 0.4173170668375988, 1.584019870575649]","[4.806728027486621, 1.8900015635479275, 0.22394318409290595, 1.148444030251787]",CONVERGENCE: RELATIVE REDUCTION OF F <= FACTR*EPSMCH,paired threshold-hit-trained ideal-statevector QAOA under 128-evaluation cap
n10_d25_s42,10,0.25,42,2,1,0.4,39,0.125,threshold_hit_probability,L-BFGS-B,128,90,True,optimizer_converged,14,0.3861405687273644,34.55225429464777,0.6910450858929553,0.07765528315705242,"[5.843929957293698, 1.0292135769829527, 0.8864121661642272, 0.44383921863577597]","[5.872960586602173, 1.2744777372673826, 0.5498153510055376, 0.30496221973535903]",CONVERGENCE: RELATIVE REDUCTION OF F <= FACTR*EPSMCH,paired threshold-hit-trained ideal-statevector QAOA under 128-evaluation cap
n10_d25_s42,10,0.25,42,2,2,0.4,39,0.125,threshold_hit_probability,L-BFGS-B,128,95,True,optimizer_converged,15,0.3157217430599856,33.61068588190946,0.6722137176381893,0.031200781758183225,"[4.1520871813751885, 5.847520149718272, 1.944992209538549, 0.1422451367695912]","[4.220844102769192, 6.036822659256459, 2.225317064532064, 0.316410523773114]",CONVERGENCE: RELATIVE REDUCTION OF F <= FACTR*EPSMCH,paired threshold-hit-trained ideal-statevector QAOA under 128-evaluation cap
n10_d25_s42,10,0.25,42,2,3,0.4,39,0.125,threshold_hit_probability,L-BFGS-B,128,128,False,evaluation_budget_exhausted,-1,0.7684516888451527,42.050920577516536,0.8410184115503307,0.13244245400797994,"[0.15116360453943953, 4.024938406854292, 0.7694075710857323, 1.2083327887187312]","[0.14179835117373582, 3.6529931507305853, 0.3893895207617311, 1.4862449417032968]",strict objective-evaluation cap 128 reached,paired threshold-hit-trained ideal-statevector QAOA under 128-evaluation cap
n10_d25_s42,10,0.25,42,2,4,0.4,39,0.125,threshold_hit_probability,L-BFGS-B,128,128,False,evaluation_budget_exhausted,-1,0.7624663661949747,41.96679546459943,0.8393359092919885,0.13714161203673314,"[4.780468837871428, 2.928803648771255, 2.8482686415637963, 0.5710188091400944]","[6.139731569398369, 2.6208177285217187, 2.7296406470715247, 0.07234123886565842]",strict objective-evaluation cap 128 reached,paired threshold-hit-trained ideal-statevector QAOA under 128-evaluation cap
n10_d25_s42,10,0.25,42,3,0,0.4,39,0.125,threshold_hit_probability,L-BFGS-B,128,128,False,evaluation_budget_exhausted,-1,0.27863014212770393,32.51838955931589,0.6503677911863178,0.04004696226628366,"[3.962725314860307, 5.767583588285256, 1.6161302452540613, 2.8425966699249847, 0.058465404626779564, 2.575552025541495]","[3.915715636851474, 5.93336882654607, 1.7685692144788094, 2.732686960726845, 0.0, 2.854684226008955]",strict objective-evaluation cap 128 reached,paired threshold-hit-trained ideal-statevector QAOA under 128-evaluation cap
n10_d25_s42,10,0.25,42,3,1,0.4,39,0.125,threshold_hit_probability,L-BFGS-B,128,128,False,evaluation_budget_exhausted,-1,0.5090891659284142,36.53430141388457,0.7306860282776914,0.05328428926292317,"[2.6685603650702374, 4.70807252010611, 3.9883080822022494, 0.030059904002693375, 3.0519867973191914, 3.1205044282974206]","[2.70309586136104, 5.002043524302207, 3.8206723669536493, 0.4631312527691544, 3.0828939516670797, 2.761982786081032]",strict objective-evaluation cap 128 reached,paired threshold-hit-trained ideal-statevector QAOA under 128-evaluation cap
n10_d25_s42,10,0.25,42,3,2,0.4,39,0.125,threshold_hit_probability,L-BFGS-B,128,128,False,evaluation_budget_exhausted,-1,0.4215509645783013,35.9718757696281,0.719437515392562,0.09587178429341207,"[4.720051632570991, 0.06690382423528668, 1.023904674760067, 1.5945088726648609, 0.45959698386428804, 1.1069253632189793]","[5.072009997386927, 0.39226068384318186, 1.2957690395055148, 1.6797229887491218, 0.7707387490303451, 1.2260939195466445]",strict objective-evaluation cap 128 reached,paired threshold-hit-trained ideal-statevector QAOA under 128-evaluation cap
n10_d25_s42,10,0.25,42,3,3,0.4,39,0.125,threshold_hit_probability,L-BFGS-B,128,128,False,evaluation_budget_exhausted,-1,0.7519518174838347,41.86187787425308,0.8372375574850617,0.1389014532463273,"[2.213297424586855, 3.908467324805233, 0.7951225125685473, 0.3868057317805171, 0.45034778382900514, 2.0113743703302034]","[2.3436409138314303, 4.081796498733624, 0.778029556818525, 0.0, 0.36412131277072035, 1.6273809082897304]",strict objective-evaluation cap 128 reached,paired threshold-hit-trained ideal-statevector QAOA under 128-evaluation cap
n10_d25_s42,10,0.25,42,3,4,0.4,39,0.125,threshold_hit_probability,L-BFGS-B,128,128,False,evaluation_budget_exhausted,-1,0.3923492694775178,35.286997600100136,0.7057399520020027,0.042816804523770485,"[4.6359422719493875, 3.4598176821962383, 0.703940392347476, 2.600835638798667, 1.541516877142316, 2.8171894845242798]","[1.4265859190862702, 5.322039898273651, 3.6938366211214597, 2.7593457356745077, 1.3081473878552576, 3.141592653589793]",strict objective-evaluation cap 128 reached,paired threshold-hit-trained ideal-statevector QAOA under 128-evaluation cap
n10_d50_s17,10,0.5,17,1,0,0.4,63,0.02734375,threshold_hit_probability,L-BFGS-B,128,36,True,optimizer_converged,10,0.04483400357359134,45.97606026396217,0.6568008609137452,0.0050165029648480035,"[5.341850898120179, 2.558423947697893]","[5.254683049710163, 2.8414150823619306]",CONVERGENCE: RELATIVE REDUCTION OF F <= FACTR*EPSMCH,paired threshold-hit-trained ideal-statevector QAOA under 128-evaluation cap
n10_d50_s17,10,0.5,17,1,1,0.4,63,0.02734375,threshold_hit_probability,L-BFGS-B,128,57,True,optimizer_converged,10,0.035969181305615563,45.774523293965835,0.6539217613423691,0.004469529052851313,"[3.2552448223875228, 0.5162222288491574]","[3.7599164119364867, 0.6597823842575642]",CONVERGENCE: NORM OF PROJECTED GRADIENT <= PGTOL,paired threshold-hit-trained ideal-statevector QAOA under 128-evaluation cap
n10_d50_s17,10,0.5,17,1,2,0.4,63,0.02734375,threshold_hit_probability,L-BFGS-B,128,33,True,optimizer_converged,9,0.0518593119914777,47.87412981173988,0.6839161401677125,0.00545297552197405,"[3.9391871339714037, 1.3910380002039626]","[4.130063940110317, 1.1921020820021733]",CONVERGENCE: RELATIVE REDUCTION OF F <= FACTR*EPSMCH,paired threshold-hit-trained ideal-statevector QAOA under 128-evaluation cap
n10_d50_s17,10,0.5,17,1,3,0.4,63,0.02734375,threshold_hit_probability,L-BFGS-B,128,30,True,optimizer_converged,9,0.029420180827131576,44.309662704017356,0.6329951814859622,0.003638481546818945,"[5.799111380216412, 1.7946107850194553]","[5.885883822831492, 1.6916207861087962]",CONVERGENCE: RELATIVE REDUCTION OF F <= FACTR*EPSMCH,paired threshold-hit-trained ideal-statevector QAOA under 128-evaluation cap
n10_d50_s17,10,0.5,17,1,4,0.4,63,0.02734375,threshold_hit_probability,L-BFGS-B,128,57,True,optimizer_converged,16,0.06227926398898483,47.22479256549184,0.6746398937927406,0.004598082060551306,"[2.020839959539625, 0.7605353592866495]","[1.9282241832339366, 1.1693124896543954]",CONVERGENCE: NORM OF PROJECTED GRADIENT <= PGTOL,paired threshold-hit-trained ideal-statevector QAOA under 128-evaluation cap
n10_d50_s17,10,0.5,17,2,0,0.4,63,0.02734375,threshold_hit_probability,L-BFGS-B,128,128,False,evaluation_budget_exhausted,-1,0.0694795958204841,46.99877594072315,0.6714110848674736,0.0011170617868578477,"[2.79506755034082, 5.5764866256846055, 2.5962283974370544, 1.9016386314282654]","[2.8313810584892596, 5.661733296811017, 2.4758930366867036, 2.036469027096097]",strict objective-evaluation cap 128 reached,paired threshold-hit-trained ideal-statevector QAOA under 128-evaluation cap
n10_d50_s17,10,0.5,17,2,1,0.4,63,0.02734375,threshold_hit_probability,L-BFGS-B,128,65,True,optimizer_converged,12,0.03568298340241941,45.778456988406504,0.6539779569772358,0.0024934875128446925,"[6.268162369158887, 3.6410510638557185, 0.43342868886261854, 1.692841288956732]","[6.283185307179586, 3.5473856138415725, 0.43710157247833265, 1.7949020745957402]",CONVERGENCE: NORM OF PROJECTED GRADIENT <= PGTOL,paired threshold-hit-trained ideal-statevector QAOA under 128-evaluation cap
n10_d50_s17,10,0.5,17,2,2,0.4,63,0.02734375,threshold_hit_probability,L-BFGS-B,128,128,False,evaluation_budget_exhausted,-1,0.20424632796417272,54.483586943240866,0.7783369563320124,0.05013436065995434,"[0.5492389356209572, 5.599529528834232, 2.025030604149659, 1.644620871303248]","[0.41666359132062186, 5.754493351395764, 1.500650646284904, 1.1830860429144068]",strict objective-evaluation cap 128 reached,paired threshold-hit-trained ideal-statevector QAOA under 128-evaluation cap
n10_d50_s17,10,0.5,17,2,3,0.4,63,0.02734375,threshold_hit_probability,L-BFGS-B,128,128,False,evaluation_budget_exhausted,-1,0.21718133567738634,53.99562988289722,0.771366141184246,0.051625774118935645,"[5.293321746798957, 0.8454355323779833, 1.828806892207914, 1.053955407975336]","[5.12306181334445, 1.045230872975174, 1.6807778053428994, 1.1721251332441633]",strict objective-evaluation cap 128 reached,paired threshold-hit-trained ideal-statevector QAOA under 128-evaluation cap
n10_d50_s17,10,0.5,17,2,4,0.4,63,0.02734375,threshold_hit_probability,L-BFGS-B,128,128,False,evaluation_budget_exhausted,-1,0.0782030584188994,47.574343600860686,0.6796334800122955,0.004009344610405257,"[1.2181622960168175, 4.890248942909295, 0.8512136505861835, 1.6441617172345364]","[1.4494124292938795, 4.860105856237301, 0.8869010564328776, 0.5354316807097843]",strict objective-evaluation cap 128 reached,paired threshold-hit-trained ideal-statevector QAOA under 128-evaluation cap
n10_d50_s17,10,0.5,17,3,0,0.4,63,0.02734375,threshold_hit_probability,L-BFGS-B,128,128,False,evaluation_budget_exhausted,-1,0.06982557434076624,46.93456551661765,0.6704937930945379,0.013509819958791422,"[3.9090783701794063, 0.8824268396785018, 2.967832394671265, 1.3848839678825704, 1.9956076076677332, 2.145251132904566]","[4.198748298245455, 1.0319734360651212, 3.2926958651924223, 1.406159199528285, 2.065537887951491, 1.9586972180992213]",strict objective-evaluation cap 128 reached,paired threshold-hit-trained ideal-statevector QAOA under 128-evaluation cap
n10_d50_s17,10,0.5,17,3,1,0.4,63,0.02734375,threshold_hit_probability,L-BFGS-B,128,128,False,evaluation_budget_exhausted,-1,0.13780638609453022,54.785477204328146,0.782649674347545,0.023821756081576828,"[3.9011582918136916, 5.919089357946517, 0.08337034356422554, 1.7572613877288958, 0.8831650945076857, 1.5359106921618964]","[3.710960413593312, 5.79202751917044, 0.17471666729494595, 1.606731434951838, 1.1054446780467755, 1.2968987309113393]",strict objective-evaluation cap 128 reached,paired threshold-hit-trained ideal-statevector QAOA under 128-evaluation cap
n10_d50_s17,10,0.5,17,3,2,0.4,63,0.02734375,threshold_hit_probability,L-BFGS-B,128,128,False,evaluation_budget_exhausted,-1,0.05341773455787167,44.82394781559415,0.640342111651345,0.004138754475020418,"[1.2580558001787252, 2.921176306253207, 0.041593723200600626, 0.7960729696519969, 1.6845284523619026, 2.970852567333774]","[1.4732571554812406, 2.825163019130428, 0.3637152133882679, 1.4164940474387322, 1.7670349805369816, 2.614967729100911]",strict objective-evaluation cap 128 reached,paired threshold-hit-trained ideal-statevector QAOA under 128-evaluation cap
n10_d50_s17,10,0.5,17,3,3,0.4,63,0.02734375,threshold_hit_probability,L-BFGS-B,128,128,False,evaluation_budget_exhausted,-1,0.05551125151832856,45.956373605035225,0.6565196229290746,0.010090582734900728,"[3.637437690222947, 0.47850273991690506, 1.4358065292275857, 0.93329839244848, 2.4730148557531453, 1.0625675531452974]","[3.723404998508765, 0.5298413121090806, 1.4256578380427296, 1.0298707672406688, 2.422772905190928, 0.824714824419055]",strict objective-evaluation cap 128 reached,paired threshold-hit-trained ideal-statevector QAOA under 128-evaluation cap
n10_d50_s17,10,0.5,17,3,4,0.4,63,0.02734375,threshold_hit_probability,L-BFGS-B,128,128,False,evaluation_budget_exhausted,-1,0.13646953278245866,49.751157191584724,0.710730817022639,0.0177982830892231,"[0.3929449597103782, 4.710837502917278, 4.307101017973976, 2.929160082738926, 2.77265398631899, 1.9251346292045504]","[0.3897657413226018, 4.58172381196424, 4.325910164897147, 2.9104386513205176, 2.865755750427523, 2.0202425450326165]",strict objective-evaluation cap 128 reached,paired threshold-hit-trained ideal-statevector QAOA under 128-evaluation cap
n10_d50_s42,10,0.5,42,1,0,0.4,75,0.046875,threshold_hit_probability,L-BFGS-B,128,39,True,optimizer_converged,11,0.07907875332255904,56.69122213115146,0.6162089362081681,0.003802794133771448,"[3.336514698471005, 2.6008842617154477]","[3.3294760567218344, 2.791783534403226]",CONVERGENCE: RELATIVE REDUCTION OF F <= FACTR*EPSMCH,paired threshold-hit-trained ideal-statevector QAOA under 128-evaluation cap
n10_d50_s42,10,0.5,42,1,1,0.4,75,0.046875,threshold_hit_probability,L-BFGS-B,128,48,True,optimizer_converged,12,0.06970896872333426,54.77144620926491,0.5953418066224446,0.0008659958123042774,"[4.500197943945747, 2.762655781243209]","[4.557984460692654, 2.7230036151418777]",CONVERGENCE: RELATIVE REDUCTION OF F <= FACTR*EPSMCH,paired threshold-hit-trained ideal-statevector QAOA under 128-evaluation cap
n10_d50_s42,10,0.5,42,1,2,0.4,75,0.046875,threshold_hit_probability,L-BFGS-B,128,57,True,optimizer_converged,11,0.08817337141350728,56.44678428452197,0.6135520030926301,0.0025420165968282143,"[3.882765466230621, 0.3283174378599414]","[4.161581201539235, 0.5033224833942171]",CONVERGENCE: RELATIVE REDUCTION OF F <= FACTR*EPSMCH,paired threshold-hit-trained ideal-statevector QAOA under 128-evaluation cap
n10_d50_s42,10,0.5,42,1,3,0.4,75,0.046875,threshold_hit_probability,L-BFGS-B,128,33,True,optimizer_converged,8,0.08498656193383514,55.42010707761288,0.6023924682349227,0.007637574840471643,"[2.3841236212912182, 0.32314732780441424]","[2.320492634000642, 0.417371890563203]",CONVERGENCE: RELATIVE REDUCTION OF F <= FACTR*EPSMCH,paired threshold-hit-trained ideal-statevector QAOA under 128-evaluation cap
n10_d50_s42,10,0.5,42,1,4,0.4,75,0.046875,threshold_hit_probability,L-BFGS-B,128,51,True,optimizer_converged,12,0.08817337141350726,56.44678447987735,0.6135520052160581,0.0025420162952207105,"[4.0259554734570475, 1.6263723653494087]","[4.161581191438602, 2.0741188099569703]",CONVERGENCE: RELATIVE REDUCTION OF F <= FACTR*EPSMCH,paired threshold-hit-trained ideal-statevector QAOA under 128-evaluation cap
n10_d50_s42,10,0.5,42,2,0,0.4,75,0.046875,threshold_hit_probability,L-BFGS-B,128,128,False,evaluation_budget_exhausted,-1,0.12954702042072797,57.39984005871398,0.6239113049860215,0.01119385513756479,"[1.7111701536961863, 0.02816343168866939, 1.8329098346588402, 2.4099886383838247]","[0.748479245733158, 0.19041082973543003, 2.0082065386327317, 2.961530267992679]",strict objective-evaluation cap 128 reached,paired threshold-hit-trained ideal-statevector QAOA under 128-evaluation cap
n10_d50_s42,10,0.5,42,2,1,0.4,75,0.046875,threshold_hit_probability,L-BFGS-B,128,128,False,evaluation_budget_exhausted,-1,0.10053679746256411,54.17074592129461,0.5888124556662457,0.007439842927078388,"[3.8173575312949515, 4.002575364520628, 0.6207431703542191, 1.0173695032022256]","[3.7929958194623805, 4.1300975511038915, 0.28864753950964206, 0.7744503757787952]",strict objective-evaluation cap 128 reached,paired threshold-hit-trained ideal-statevector QAOA under 128-evaluation cap
n10_d50_s42,10,0.5,42,2,2,0.4,75,0.046875,threshold_hit_probability,L-BFGS-B,128,125,True,optimizer_converged,19,0.078855099834088,53.47213484358589,0.5812188569954988,0.00045016880652218484,"[2.870790940346388, 2.2422470721377827, 0.17553953884921486, 2.5378845419233076]","[2.8789616102613023, 2.144762421559418, 0.40628193143192554, 2.584921131165792]",CONVERGENCE: RELATIVE REDUCTION OF F <= FACTR*EPSMCH,paired threshold-hit-trained ideal-statevector QAOA under 128-evaluation cap
n10_d50_s42,10,0.5,42,2,3,0.4,75,0.046875,threshold_hit_probability,L-BFGS-B,128,110,True,optimizer_converged,12,0.06710408521063921,53.0421199545182,0.5765447821143282,0.0006726496702025947,"[4.756137850309047, 2.4662456086137423, 3.1104855870162242, 0.43356650730781154]","[4.925768144043945, 2.6395801690696405, 3.141592653589793, 0.6834880389173724]",CONVERGENCE: RELATIVE REDUCTION OF F <= FACTR*EPSMCH,paired threshold-hit-trained ideal-statevector QAOA under 128-evaluation cap
n10_d50_s42,10,0.5,42,2,4,0.4,75,0.046875,threshold_hit_probability,L-BFGS-B,128,128,False,evaluation_budget_exhausted,-1,0.08500304486934201,54.65670338383242,0.5940946019981785,0.01416397625176322,"[2.712386399266546, 3.3620508590190954, 2.489191725300937, 0.49516065189411207]","[2.737893933559146, 2.638417440476936, 2.1769981367060995, 0.39271350746433054]",strict objective-evaluation cap 128 reached,paired threshold-hit-trained ideal-statevector QAOA under 128-evaluation cap
n10_d50_s42,10,0.5,42,3,0,0.4,75,0.046875,threshold_hit_probability,L-BFGS-B,128,128,False,evaluation_budget_exhausted,-1,0.364511136274723,68.66641136854814,0.7463740366146537,0.043755649466578304,"[6.180008833224416, 0.21933017928274587, 3.7738528610426423, 1.5587275039458108, 1.9944264124466007, 0.8156152385676987]","[6.190054105370973, 0.3820906225698936, 3.7808952081072613, 1.1699269588423096, 1.6427772379388632, 1.5979004643715131]",strict objective-evaluation cap 128 reached,paired threshold-hit-trained ideal-statevector QAOA under 128-evaluation cap
n10_d50_s42,10,0.5,42,3,1,0.4,75,0.046875,threshold_hit_probability,L-BFGS-B,128,128,False,evaluation_budget_exhausted,-1,0.09588718341730038,54.72242268721398,0.5948089422523258,0.0007592314027998496,"[2.462263378371455, 1.2215010039435095, 2.0775486151640083, 2.8647534860018022, 1.0466113535510944, 0.15071367096114077]","[2.5419850879970203, 1.2942382671527708, 1.9313376243605425, 2.5377366911242962, 1.2799379621801612, 0.2688566373405981]",strict objective-evaluation cap 128 reached,paired threshold-hit-trained ideal-statevector QAOA under 128-evaluation cap
n10_d50_s42,10,0.5,42,3,2,0.4,75,0.046875,threshold_hit_probability,L-BFGS-B,128,128,False,evaluation_budget_exhausted,-1,0.1126366605896928,52.52533231758045,0.5709275251910918,0.012492122031812037,"[1.9157900948392104, 3.9778660342229077, 0.34873043347774885, 2.639795964818803, 2.3662678828732764, 3.0725001847319344]","[0.07016653081781471, 1.6584007361892759, 0.4961930710519738, 2.605260589588479, 2.683587818988568, 2.811501776105309]",strict objective-evaluation cap 128 reached,paired threshold-hit-trained ideal-statevector QAOA under 128-evaluation cap
n10_d50_s42,10,0.5,42,3,3,0.4,75,0.046875,threshold_hit_probability,L-BFGS-B,128,128,False,evaluation_budget_exhausted,-1,0.1466417509422075,60.06996257433609,0.652934375808001,0.023418260141740404,"[2.4109071024051545, 5.135332037943616, 4.58603570216033, 1.0298548797639033, 2.764300661046798, 2.7138746162339835]","[2.938191736679128, 3.1753046450204465, 5.890038191687228, 1.7927189147657925, 2.7740444555811603, 0.24417584299625336]",strict objective-evaluation cap 128 reached,paired threshold-hit-trained ideal-statevector QAOA under 128-evaluation cap
n10_d50_s42,10,0.5,42,3,4,0.4,75,0.046875,threshold_hit_probability,L-BFGS-B,128,128,False,evaluation_budget_exhausted,-1,0.35640975920404383,68.67251566563331,0.7464403876699273,0.05179762769453391,"[1.5058356999062326, 0.17107271104931415, 5.825772125067715, 2.465957844641698, 3.100679553647646, 1.5918127172339156]","[5.7858983189849535, 0.5947582896127852, 6.283185307179586, 3.0963739368245844, 1.8126096615262821, 1.7343810677597389]",strict objective-evaluation cap 128 reached,paired threshold-hit-trained ideal-statevector QAOA under 128-evaluation cap
n10_d75_s17,10,0.75,17,1,0,0.4,113,0.005859375,threshold_hit_probability,L-BFGS-B,128,36,True,optimizer_converged,8,0.013244702795708246,80.28969069916165,0.6981712234709709,0.01052382783761955,"[4.164214315736457, 1.2445205486657653]","[4.238094154917607, 1.183216531198936]",CONVERGENCE: NORM OF PROJECTED GRADIENT <= PGTOL,paired threshold-hit-trained ideal-statevector QAOA under 128-evaluation cap
n10_d75_s17,10,0.75,17,1,1,0.4,113,0.005859375,threshold_hit_probability,L-BFGS-B,128,21,True,optimizer_converged,6,0.005912691417440017,80.98731037691002,0.704237481538348,0.0038752453049449055,"[4.1333739757427015, 0.09007583966714469]","[4.131543674464307, 0.030532165302796864]",CONVERGENCE: NORM OF PROJECTED GRADIENT <= PGTOL,paired threshold-hit-trained ideal-statevector QAOA under 128-evaluation cap
n10_d75_s17,10,0.75,17,1,2,0.4,113,0.005859375,threshold_hit_probability,L-BFGS-B,128,39,True,optimizer_converged,10,0.007054234481323338,79.96897376435265,0.6953823805595883,0.0061325700198499155,"[5.655385010129342, 2.032077179645707]","[5.745634798410674, 1.8346650101037163]",CONVERGENCE: NORM OF PROJECTED GRADIENT <= PGTOL,paired threshold-hit-trained ideal-statevector QAOA under 128-evaluation cap
n10_d75_s17,10,0.75,17,1,3,0.4,113,0.005859375,threshold_hit_probability,L-BFGS-B,128,63,True,optimizer_converged,16,0.03090319396675001,86.79999819752878,0.7547825930219894,0.003625151389466056,"[3.121959121244931, 1.4018660158239578]","[3.067213916858564, 0.9630662291781241]",CONVERGENCE: RELATIVE REDUCTION OF F <= FACTR*EPSMCH,paired threshold-hit-trained ideal-statevector QAOA under 128-evaluation cap
n10_d75_s17,10,0.75,17,1,4,0.4,113,0.005859375,threshold_hit_probability,L-BFGS-B,128,36,True,optimizer_converged,8,0.01082838934634427,81.560376205641,0.7092206626577479,0.008756597815426544,"[0.669301201482005, 1.6423813681947872]","[0.6640355605143072, 1.823340841820209]",CONVERGENCE: NORM OF PROJECTED GRADIENT <= PGTOL,paired threshold-hit-trained ideal-statevector QAOA under 128-evaluation cap
n10_d75_s17,10,0.75,17,2,0,0.4,113,0.005859375,threshold_hit_probability,L-BFGS-B,128,100,True,optimizer_converged,13,0.06068941215731234,86.85010773070309,0.7552183280930703,0.003439941351637237,"[3.0654586859471253, 4.861686213576437, 0.39974275922089286, 3.05433471439794]","[3.216288264384779, 4.888723912179637, 0.5871666283358042, 2.8748378536122248]",CONVERGENCE: RELATIVE REDUCTION OF F <= FACTR*EPSMCH,paired threshold-hit-trained ideal-statevector QAOA under 128-evaluation cap
n10_d75_s17,10,0.75,17,2,1,0.4,113,0.005859375,threshold_hit_probability,L-BFGS-B,128,110,True,optimizer_converged,17,0.020905854316689412,81.38385836687942,0.7076857249293863,0.016489537545953843,"[5.772296304793225, 5.553816608870411, 1.3020770933683954, 0.5226445428364604]","[5.634754311576401, 5.712178887189348, 1.3989950204812847, 0.408475977890931]",CONVERGENCE: RELATIVE REDUCTION OF F <= FACTR*EPSMCH,paired threshold-hit-trained ideal-statevector QAOA under 128-evaluation cap
n10_d75_s17,10,0.75,17,2,2,0.4,113,0.005859375,threshold_hit_probability,L-BFGS-B,128,128,False,evaluation_budget_exhausted,-1,0.026820184780723212,79.32793713126588,0.6898081489675294,0.011012457515299902,"[2.7264688062350437, 3.203525147179287, 1.1352040477726812, 2.566468677967126]","[2.731991632504385, 3.2120748166192823, 1.3162549956734626, 1.9671887505229384]",strict objective-evaluation cap 128 reached,paired threshold-hit-trained ideal-statevector QAOA under 128-evaluation cap
n10_d75_s17,10,0.75,17,2,3,0.4,113,0.005859375,threshold_hit_probability,L-BFGS-B,128,128,False,evaluation_budget_exhausted,-1,0.04459197774462032,83.6525733506389,0.7274136813099035,0.008515181747465848,"[3.037312778258744, 3.5279287064880944, 2.1602785927415957, 2.5141485031063424]","[3.0997372233535625, 3.5118570276102727, 2.616356727013071, 2.905545959136343]",strict objective-evaluation cap 128 reached,paired threshold-hit-trained ideal-statevector QAOA under 128-evaluation cap
n10_d75_s17,10,0.75,17,2,4,0.4,113,0.005859375,threshold_hit_probability,L-BFGS-B,128,128,False,evaluation_budget_exhausted,-1,0.010102201252998225,82.16705984035832,0.714496172524855,0.009277275244849344,"[4.181087515967021, 4.889745997030493, 2.1604679173144725, 2.787872560670411]","[4.130017468422283, 4.893985031054271, 2.4541220265524526, 2.661956889364448]",strict objective-evaluation cap 128 reached,paired threshold-hit-trained ideal-statevector QAOA under 128-evaluation cap
n10_d75_s17,10,0.75,17,3,0,0.4,113,0.005859375,threshold_hit_probability,L-BFGS-B,128,128,False,evaluation_budget_exhausted,-1,0.016976904973825563,81.9254698444455,0.7123953899517,0.015708617150447277,"[5.121618340482637, 6.124201596142994, 4.694362256879786, 0.861842469084762, 0.3976073141025148, 0.35587976897956514]","[5.210022345885295, 6.082283104680759, 4.757777610121071, 0.9423841235056577, 0.3258878156278292, 0.4940600568222452]",strict objective-evaluation cap 128 reached,paired threshold-hit-trained ideal-statevector QAOA under 128-evaluation cap
n10_d75_s17,10,0.75,17,3,1,0.4,113,0.005859375,threshold_hit_probability,L-BFGS-B,128,128,False,evaluation_budget_exhausted,-1,0.014695009784591529,81.62023476370103,0.7097411718582699,0.008652020033835453,"[1.0568126327817087, 5.698750780891922, 1.7930694286555224, 0.3627238906946187, 1.8000170096730455, 1.0871914072100402]","[1.020700759124656, 5.804814759356603, 1.9570020619598845, 0.5026464885618825, 1.8415938285505613, 1.2918920809654586]",strict objective-evaluation cap 128 reached,paired threshold-hit-trained ideal-statevector QAOA under 128-evaluation cap
n10_d75_s17,10,0.75,17,3,2,0.4,113,0.005859375,threshold_hit_probability,L-BFGS-B,128,128,False,evaluation_budget_exhausted,-1,0.015737711750390106,81.11790657433477,0.7053731006463893,0.010806211224230226,"[1.4652926069820487, 3.9926364486037307, 5.72831551970023, 0.9666309847061497, 2.329465602362861, 2.197009979045669]","[1.4567675344208162, 3.8517934174445903, 5.7787313578246815, 0.9724984325295374, 2.4934468966422583, 2.244186519995012]",strict objective-evaluation cap 128 reached,paired threshold-hit-trained ideal-statevector QAOA under 128-evaluation cap
n10_d75_s17,10,0.75,17,3,3,0.4,113,0.005859375,threshold_hit_probability,L-BFGS-B,128,128,False,evaluation_budget_exhausted,-1,0.017539679055841244,81.43765592933238,0.7081535298202816,0.009153069852039149,"[4.06443011446133, 0.5590918521680842, 5.044725543883444, 1.1248827499767953, 0.21385447451636908, 2.4051390717713597]","[4.068741963262789, 0.5401495800450018, 5.04565918614589, 1.169889335224047, 0.24239607944620875, 2.434595536573549]",strict objective-evaluation cap 128 reached,paired threshold-hit-trained ideal-statevector QAOA under 128-evaluation cap
n10_d75_s17,10,0.75,17,3,4,0.4,113,0.005859375,threshold_hit_probability,L-BFGS-B,128,128,False,evaluation_budget_exhausted,-1,0.019072236607868633,81.37979288173395,0.707650372884643,0.01878260362630449,"[4.755626930803235, 5.911442158010319, 3.803596599914999, 2.8091376190370014, 1.2178868810678787, 1.52357979765072]","[4.770124991317804, 5.971075037004407, 3.775362650388637, 3.011058799981114, 1.1900612230573009, 1.1871467680204415]",strict objective-evaluation cap 128 reached,paired threshold-hit-trained ideal-statevector QAOA under 128-evaluation cap
n10_d75_s42,10,0.75,42,1,0,0.4,115,0.05859375,threshold_hit_probability,L-BFGS-B,128,84,True,optimizer_converged,11,0.07449616029243261,91.44857441157504,0.682452047847575,0.00209979808122125,"[5.462088010941584, 3.1285215519764336]","[4.575806862012145, 2.8775721597806934]",CONVERGENCE: RELATIVE REDUCTION OF F <= FACTR*EPSMCH,paired threshold-hit-trained ideal-statevector QAOA under 128-evaluation cap
n10_d75_s42,10,0.75,42,1,1,0.4,115,0.05859375,threshold_hit_probability,L-BFGS-B,128,48,True,optimizer_converged,13,0.0699448245114314,93.35381297107409,0.6966702460527917,0.003310230355854103,"[1.8253165235399285, 3.072013946334654]","[1.831107421927417, 2.756070138891097]",CONVERGENCE: RELATIVE REDUCTION OF F <= FACTR*EPSMCH,paired threshold-hit-trained ideal-statevector QAOA under 128-evaluation cap
n10_d75_s42,10,0.75,42,1,2,0.4,115,0.05859375,threshold_hit_probability,L-BFGS-B,128,33,True,optimizer_converged,9,0.08887916342186794,92.00760573164735,0.6866239233705026,0.007962344662602868,"[2.7200697019401296, 1.6625503735313212]","[2.742166238881183, 1.9018418587148245]",CONVERGENCE: RELATIVE REDUCTION OF F <= FACTR*EPSMCH,paired threshold-hit-trained ideal-statevector QAOA under 128-evaluation cap
n10_d75_s42,10,0.75,42,1,3,0.4,115,0.05859375,threshold_hit_probability,L-BFGS-B,128,36,True,optimizer_converged,9,0.08417348316582708,90.83503414314418,0.6778733891279417,0.005304226223783518,"[4.273887821434153, 2.2788429669781625]","[4.309941850099336, 2.7010839096902393]",CONVERGENCE: NORM OF PROJECTED GRADIENT <= PGTOL,paired threshold-hit-trained ideal-statevector QAOA under 128-evaluation cap
n10_d75_s42,10,0.75,42,1,4,0.4,115,0.05859375,threshold_hit_probability,L-BFGS-B,128,33,True,optimizer_converged,10,0.060568862595650926,91.12269403722487,0.6800201047554095,0.0017586429930621294,"[3.343519270699475, 0.18583003406864762]","[3.3994138151596194, 0.10570066371508642]",CONVERGENCE: RELATIVE REDUCTION OF F <= FACTR*EPSMCH,paired threshold-hit-trained ideal-statevector QAOA under 128-evaluation cap
n10_d75_s42,10,0.75,42,2,0,0.4,115,0.05859375,threshold_hit_probability,L-BFGS-B,128,128,False,evaluation_budget_exhausted,-1,0.08934502345045216,92.64686917510275,0.6913945460828563,0.009864914579759687,"[3.9788593246508936, 3.352700131126649, 1.8534304379174287, 1.2865173798849052]","[3.8616725568960257, 3.420233322264487, 1.8952757765512884, 0.9481439667337578]",strict objective-evaluation cap 128 reached,paired threshold-hit-trained ideal-statevector QAOA under 128-evaluation cap
n10_d75_s42,10,0.75,42,2,1,0.4,115,0.05859375,threshold_hit_probability,L-BFGS-B,128,128,False,evaluation_budget_exhausted,-1,0.08887923441013446,91.2233930168293,0.6807715896778307,0.004281828907349043,"[5.393562097239297, 3.5244209328267306, 2.1822522402926148, 1.3187578854405508]","[5.3720665098531075, 3.480719224062088, 1.9293838417877904, 1.2899712588280672]",strict objective-evaluation cap 128 reached,paired threshold-hit-trained ideal-statevector QAOA under 128-evaluation cap
n10_d75_s42,10,0.75,42,2,2,0.4,115,0.05859375,threshold_hit_probability,L-BFGS-B,128,128,False,evaluation_budget_exhausted,-1,0.07991617613520825,91.81399439868329,0.685179062676741,0.001139730178287398,"[2.338932354851095, 3.9623404886794003, 2.307827435181916, 1.2695582267890704]","[2.1863359198613748, 3.8864163700844703, 2.5842477860713435, 1.2419307625550886]",strict objective-evaluation cap 128 reached,paired threshold-hit-trained ideal-statevector QAOA under 128-evaluation cap
n10_d75_s42,10,0.75,42,2,3,0.4,115,0.05859375,threshold_hit_probability,L-BFGS-B,128,105,True,optimizer_converged,17,0.08104621146304605,91.92077820420886,0.6859759567478273,0.00038864593695612625,"[0.8124962826764472, 0.25228052175002325, 3.0123910998772128, 0.24010285188720348]","[0.7683665175175782, 0.23255048208575388, 3.0450123902070154, 0.4378874046545946]",CONVERGENCE: NORM OF PROJECTED GRADIENT <= PGTOL,paired threshold-hit-trained ideal-statevector QAOA under 128-evaluation cap
n10_d75_s42,10,0.75,42,2,4,0.4,115,0.05859375,threshold_hit_probability,L-BFGS-B,128,128,False,evaluation_budget_exhausted,-1,0.0866110925167818,91.86165968406833,0.6855347737617039,0.004680437093183397,"[0.24940856606367354, 4.746069727295479, 0.46855041004497155, 2.616614484361655]","[0.2032151101812146, 4.826261023107483, 0.81216131319016, 2.5936662186895143]",strict objective-evaluation cap 128 reached,paired threshold-hit-trained ideal-statevector QAOA under 128-evaluation cap
n10_d75_s42,10,0.75,42,3,0,0.4,115,0.05859375,threshold_hit_probability,L-BFGS-B,128,128,False,evaluation_budget_exhausted,-1,0.08613021318829145,91.85751718912633,0.6855038596203458,0.004764417352263834,"[2.7281255593839577, 0.894726886855421, 1.005035226087483, 1.6221101935391702, 2.9870792165615776, 1.0101056083440192]","[2.253785282436176, 0.5457549368102801, 0.7430705651490749, 1.3530537773437348, 2.7009862321032374, 1.019912682508941]",strict objective-evaluation cap 128 reached,paired threshold-hit-trained ideal-statevector QAOA under 128-evaluation cap
n10_d75_s42,10,0.75,42,3,1,0.4,115,0.05859375,threshold_hit_probability,L-BFGS-B,128,128,False,evaluation_budget_exhausted,-1,0.1311741414126064,93.2997680442562,0.6962669257034044,0.011773182682146412,"[0.011248122375155928, 5.456408986876442, 6.019743339887902, 0.8293110894151917, 2.0626887845717152, 1.161219681684083]","[0.06382252222182389, 5.490684048422169, 5.968068890788698, 0.4953797434276996, 2.137506885619177, 1.3112408323675824]",strict objective-evaluation cap 128 reached,paired threshold-hit-trained ideal-statevector QAOA under 128-evaluation cap
n10_d75_s42,10,0.75,42,3,2,0.4,115,0.05859375,threshold_hit_probability,L-BFGS-B,128,128,False,evaluation_budget_exhausted,-1,0.08665937977134859,92.43163178266153,0.6897882968855338,0.006534612075350355,"[2.5841314402897564, 5.728794610463876, 0.5610721829720273, 2.1166997181667964, 1.8138921927642946, 2.1260119752311217]","[2.67381157405604, 5.6349723646057495, 0.5034232593025201, 2.0863723240422276, 1.9510212195471168, 2.0629534403602117]",strict objective-evaluation cap 128 reached,paired threshold-hit-trained ideal-statevector QAOA under 128-evaluation cap
n10_d75_s42,10,0.75,42,3,3,0.4,115,0.05859375,threshold_hit_probability,L-BFGS-B,128,128,False,evaluation_budget_exhausted,-1,0.10055501199720322,92.53650509348098,0.6905709335334401,0.016853671898478383,"[6.148643088512096, 5.48916608658194, 5.291525093173981, 1.9816598993124979, 1.5450744192903958, 2.173246442206945]","[6.067578044753979, 5.756962195275081, 5.5747273916066, 2.0338593947259933, 1.5132805636367674, 1.926207577152634]",strict objective-evaluation cap 128 reached,paired threshold-hit-trained ideal-statevector QAOA under 128-evaluation cap
n10_d75_s42,10,0.75,42,3,4,0.4,115,0.05859375,threshold_hit_probability,L-BFGS-B,128,128,False,evaluation_budget_exhausted,-1,0.08949739230833442,91.84238576669436,0.6853909385574206,0.004797879294541709,"[5.301680713708263, 4.885831027783461, 4.879134635455918, 2.287541179465155, 1.6938378100513578, 1.7664160601571264]","[5.995388516880753, 5.144770884264681, 5.246678555981002, 2.129613255278281, 1.9124246741932902, 1.8332598847198383]",strict objective-evaluation cap 128 reached,paired threshold-hit-trained ideal-statevector QAOA under 128-evaluation cap
n12_d25_s17,12,0.25,17,1,0,0.4,61,0.0732421875,threshold_hit_probability,L-BFGS-B,128,42,True,optimizer_converged,11,0.11125478295623203,46.51984240737956,0.5743190420664143,0.002794707403196806,"[5.37246560887662, 3.0805989650990186]","[5.39808012415015, 2.7600537147454]",CONVERGENCE: RELATIVE REDUCTION OF F <= FACTR*EPSMCH,paired threshold-hit-trained ideal-statevector QAOA under 128-evaluation cap
n12_d25_s17,12,0.25,17,1,1,0.4,61,0.0732421875,threshold_hit_probability,L-BFGS-B,128,45,True,optimizer_converged,10,0.47335522473646835,59.28257262614301,0.7318836126684322,0.024970020103099927,"[6.237037762041773, 1.4040741465174675]","[6.18168568891634, 1.1639246046220635]",CONVERGENCE: RELATIVE REDUCTION OF F <= FACTR*EPSMCH,paired threshold-hit-trained ideal-statevector QAOA under 128-evaluation cap
n12_d25_s17,12,0.25,17,1,2,0.4,61,0.0732421875,threshold_hit_probability,L-BFGS-B,128,36,True,optimizer_converged,9,0.08442549670605223,46.00417996913613,0.5679528391251374,0.0005734463871102253,"[5.652787441481528, 2.1143437352881596]","[5.684922986619078, 2.2595658322349106]",CONVERGENCE: RELATIVE REDUCTION OF F <= FACTR*EPSMCH,paired threshold-hit-trained ideal-statevector QAOA under 128-evaluation cap
n12_d25_s17,12,0.25,17,1,3,0.4,61,0.0732421875,threshold_hit_probability,L-BFGS-B,128,45,True,optimizer_converged,12,0.13794064806646134,47.86479444483403,0.5909233882078275,0.0028907866199323834,"[5.129071889878461, 1.0798112418410513]","[6.264333262248243, 1.0297724242885307]",CONVERGENCE: RELATIVE REDUCTION OF F <= FACTR*EPSMCH,paired threshold-hit-trained ideal-statevector QAOA under 128-evaluation cap
n12_d25_s17,12,0.25,17,1,4,0.4,61,0.0732421875,threshold_hit_probability,L-BFGS-B,128,39,True,optimizer_converged,10,0.18777703745703267,51.33289308311778,0.6337394207792318,0.0033797132440473317,"[3.205133000476411, 0.4432248109211725]","[3.215237058533417, 0.3970215626801045]",CONVERGENCE: RELATIVE REDUCTION OF F <= FACTR*EPSMCH,paired threshold-hit-trained ideal-statevector QAOA under 128-evaluation cap
n12_d25_s17,12,0.25,17,2,0,0.4,61,0.0732421875,threshold_hit_probability,L-BFGS-B,128,75,True,optimizer_converged,11,0.2140589721754943,50.826036089040954,0.627481927025197,0.01237395576934161,"[1.2759954498239845, 2.2274389558246437, 0.6777850079334876, 3.0729954782809377]","[1.2602521748491102, 2.3754688243310196, 1.1720041049346919, 3.141592653589793]",CONVERGENCE: RELATIVE REDUCTION OF F <= FACTR*EPSMCH,paired threshold-hit-trained ideal-statevector QAOA under 128-evaluation cap
n12_d25_s17,12,0.25,17,2,1,0.4,61,0.0732421875,threshold_hit_probability,L-BFGS-B,128,115,True,optimizer_converged,17,0.20901279336195946,51.764681857898616,0.6390701463938101,0.0036859044509916635,"[3.173986562125554, 3.9806390551653967, 3.010253390331687, 0.27550665826623083]","[3.063674498548778, 4.080687241724338, 2.7786769780661738, 0.17927071915231424]",CONVERGENCE: RELATIVE REDUCTION OF F <= FACTR*EPSMCH,paired threshold-hit-trained ideal-statevector QAOA under 128-evaluation cap
n12_d25_s17,12,0.25,17,2,2,0.4,61,0.0732421875,threshold_hit_probability,L-BFGS-B,128,115,True,optimizer_converged,18,0.13219043243513373,47.060451761777,0.5809932316268765,0.0021042320039934676,"[3.155119120824573, 1.6143961430458567, 1.2646620986028976, 2.298097885348563]","[3.368977909022827, 1.828130479456146, 1.3803107057652286, 2.760332074147431]",CONVERGENCE: RELATIVE REDUCTION OF F <= FACTR*EPSMCH,paired threshold-hit-trained ideal-statevector QAOA under 128-evaluation cap
n12_d25_s17,12,0.25,17,2,3,0.4,61,0.0732421875,threshold_hit_probability,L-BFGS-B,128,100,True,optimizer_converged,14,0.2487076913434345,52.373993686519825,0.6465925146483928,0.0010329908248451535,"[0.46430794079344373, 3.5069226097742283, 1.73642564432983, 2.9780626523577]","[0.5175146962741457, 3.609036415700926, 1.9210194729911025, 2.7615459864378913]",CONVERGENCE: RELATIVE REDUCTION OF F <= FACTR*EPSMCH,paired threshold-hit-trained ideal-statevector QAOA under 128-evaluation cap
n12_d25_s17,12,0.25,17,2,4,0.4,61,0.0732421875,threshold_hit_probability,L-BFGS-B,128,60,True,optimizer_converged,8,0.131255479952939,47.15599441962798,0.5821727706126911,0.0020843263519400726,"[1.5940793515055798, 3.8837624503272763, 0.5948157386960488, 0.08317746485022869]","[1.5294070270928048, 3.8043002917727846, 0.40515144923637225, 0.0]",CONVERGENCE: RELATIVE REDUCTION OF F <= FACTR*EPSMCH,paired threshold-hit-trained ideal-statevector QAOA under 128-evaluation cap
n12_d25_s17,12,0.25,17,3,0,0.4,61,0.0732421875,threshold_hit_probability,L-BFGS-B,128,128,False,evaluation_budget_exhausted,-1,0.18066351454693638,49.58526941154874,0.6121638198956634,0.012476434595490485,"[1.5927614107934425, 2.253274763108392, 4.23130708025238, 0.33042088420180565, 2.1066112684207163, 2.5343828059884594]","[1.5685422425752324, 2.4908116724642357, 4.205748929293246, 0.2284349945950697, 2.0848737996038036, 2.133501989829945]",strict objective-evaluation cap 128 reached,paired threshold-hit-trained ideal-statevector QAOA under 128-evaluation cap
n12_d25_s17,12,0.25,17,3,1,0.4,61,0.0732421875,threshold_hit_probability,L-BFGS-B,128,128,False,evaluation_budget_exhausted,-1,0.12151351181582903,45.04230208728037,0.5560778035466712,0.0019606672163345966,"[2.3995086509215895, 4.937959866882136, 2.1638618770366915, 2.924880028449537, 2.7798426862794288, 2.080000944041852]","[2.452669392376304, 4.779505742898699, 2.222182336306267, 2.78712048414457, 2.688860908455555, 1.991094793901568]",strict objective-evaluation cap 128 reached,paired threshold-hit-trained ideal-statevector QAOA under 128-evaluation cap
n12_d25_s17,12,0.25,17,3,2,0.4,61,0.0732421875,threshold_hit_probability,L-BFGS-B,128,128,False,evaluation_budget_exhausted,-1,0.21271768581127143,51.65964472910669,0.6377733917173665,0.003530095986634765,"[2.2290479172721183, 2.8191445964745743, 5.261117915625196, 0.059532589901471644, 0.14122287781191137, 0.529811103389498]","[2.161490413791397, 2.914126109060387, 5.09693514830086, 0.4151070552684989, 0.411971524404708, 0.14701525020901482]",strict objective-evaluation cap 128 reached,paired threshold-hit-trained ideal-statevector QAOA under 128-evaluation cap
n12_d25_s17,12,0.25,17,3,3,0.4,61,0.0732421875,threshold_hit_probability,L-BFGS-B,128,128,False,evaluation_budget_exhausted,-1,0.3911892303488823,57.73264156076959,0.7127486612440691,0.020917236706331666,"[3.1322779678221377, 2.9015381047445925, 5.788104032597248, 2.5235097775985893, 2.673880165571928, 0.8898551342828027]","[3.1419593536041206, 3.0688017874882383, 5.884124067429486, 2.574501708964094, 2.7970817915952892, 1.4187829441218713]",strict objective-evaluation cap 128 reached,paired threshold-hit-trained ideal-statevector QAOA under 128-evaluation cap
n12_d25_s17,12,0.25,17,3,4,0.4,61,0.0732421875,threshold_hit_probability,L-BFGS-B,128,128,False,evaluation_budget_exhausted,-1,0.2026616820283269,50.784585352269744,0.6269701895341944,0.019360869141303264,"[1.631174801390193, 3.571376404450904, 2.6347260430647097, 0.9620036361956736, 2.299609831951923, 2.752958556817384]","[1.1458958858881794, 4.189780743191269, 2.190963260112437, 0.9761427109916168, 2.2333972202385906, 2.617754166888352]",strict objective-evaluation cap 128 reached,paired threshold-hit-trained ideal-statevector QAOA under 128-evaluation cap
n12_d25_s42,12,0.25,42,1,0,0.4,46,0.09521484375,threshold_hit_probability,L-BFGS-B,128,36,True,optimizer_converged,8,0.1851220757671173,36.04650062043109,0.5813951712972757,0.005537264883628491,"[4.862938468165065, 0.038399097513111255]","[4.7984005880370555, 0.42757001895238284]",CONVERGENCE: RELATIVE REDUCTION OF F <= FACTR*EPSMCH,paired threshold-hit-trained ideal-statevector QAOA under 128-evaluation cap
n12_d25_s42,12,0.25,42,1,1,0.4,46,0.09521484375,threshold_hit_probability,L-BFGS-B,128,33,True,optimizer_converged,8,0.15235029017993135,34.86622614697504,0.5623584862415328,0.000394510201480133,"[1.4174610509752488, 2.269727149001797]","[1.265638335791199, 2.1818067346895758]",CONVERGENCE: NORM OF PROJECTED GRADIENT <= PGTOL,paired threshold-hit-trained ideal-statevector QAOA under 128-evaluation cap
n12_d25_s42,12,0.25,42,1,2,0.4,46,0.09521484375,threshold_hit_probability,L-BFGS-B,128,27,True,optimizer_converged,7,0.1523502901799317,34.8662261040281,0.5623584855488404,0.0003945101819007475,"[1.2893944609606376, 2.3286107180489033]","[1.2656383358965682, 2.181806749517052]",CONVERGENCE: RELATIVE REDUCTION OF F <= FACTR*EPSMCH,paired threshold-hit-trained ideal-statevector QAOA under 128-evaluation cap
n12_d25_s42,12,0.25,42,1,3,0.4,46,0.09521484375,threshold_hit_probability,L-BFGS-B,128,27,True,optimizer_converged,7,0.10783074118494188,33.122491477176155,0.5342337335028412,0.0002791178032388209,"[0.8658324403019799, 2.812365102812536]","[0.4093618190908785, 2.921858178054937]",CONVERGENCE: RELATIVE REDUCTION OF F <= FACTR*EPSMCH,paired threshold-hit-trained ideal-statevector QAOA under 128-evaluation cap
n12_d25_s42,12,0.25,42,1,4,0.4,46,0.09521484375,threshold_hit_probability,L-BFGS-B,128,42,True,optimizer_converged,8,0.10783074118494203,33.12249150880081,0.5342337340129163,0.0002791177874832876,"[0.5448208224744084, 2.845304927058941]","[0.40936182139223803, 2.921858160134783]",CONVERGENCE: RELATIVE REDUCTION OF F <= FACTR*EPSMCH,paired threshold-hit-trained ideal-statevector QAOA under 128-evaluation cap
n12_d25_s42,12,0.25,42,2,0,0.4,46,0.09521484375,threshold_hit_probability,L-BFGS-B,128,128,False,evaluation_budget_exhausted,-1,0.6799946107527584,47.77443218229088,0.7705553577788852,0.015919270628270938,"[5.708374745615713, 1.0749226025829044, 1.401184839986774, 2.1756248779467993]","[6.15997927976795, 2.9797030489579788, 1.124953044499376, 1.4370183276646122]",strict objective-evaluation cap 128 reached,paired threshold-hit-trained ideal-statevector QAOA under 128-evaluation cap
n12_d25_s42,12,0.25,42,2,1,0.4,46,0.09521484375,threshold_hit_probability,L-BFGS-B,128,95,True,optimizer_converged,15,0.3041363280390543,40.15731167092986,0.6476985753375784,0.00428906697425822,"[1.2297037718616968, 1.4066010884603395, 2.1569036954609007, 1.69705122581608]","[1.2865665818610459, 1.490515095399782, 2.0725218935448333, 1.9578919040121132]",CONVERGENCE: RELATIVE REDUCTION OF F <= FACTR*EPSMCH,paired threshold-hit-trained ideal-statevector QAOA under 128-evaluation cap
n12_d25_s42,12,0.25,42,2,2,0.4,46,0.09521484375,threshold_hit_probability,L-BFGS-B,128,80,True,optimizer_converged,11,0.18512207576711753,36.04650061189673,0.5813951711596247,0.005537264802984867,"[4.723065400709077, 2.283150252803088, 0.6445432413867054, 0.4144647296482272]","[4.798400584595876, 2.2356783132566007, 0.4275700060807966, 0.0]",CONVERGENCE: RELATIVE REDUCTION OF F <= FACTR*EPSMCH,paired threshold-hit-trained ideal-statevector QAOA under 128-evaluation cap
n12_d25_s42,12,0.25,42,2,3,0.4,46,0.09521484375,threshold_hit_probability,L-BFGS-B,128,128,False,evaluation_budget_exhausted,-1,0.25943777792248757,38.70546206431355,0.6242816461986057,0.0016192066284704426,"[1.2716957841775254, 2.6894234588567496, 1.256373255724373, 1.7148905561092092]","[1.9254025642307107, 3.053514046401519, 0.3524867919333897, 2.1916882495554066]",strict objective-evaluation cap 128 reached,paired threshold-hit-trained ideal-statevector QAOA under 128-evaluation cap
n12_d25_s42,12,0.25,42,2,4,0.4,46,0.09521484375,threshold_hit_probability,L-BFGS-B,128,105,True,optimizer_converged,12,0.6351390690967749,47.17154350553334,0.760831346863441,0.016161534730435616,"[4.695711804348512, 0.4642640918115328, 2.937938073202829, 1.978141198407168]","[4.727992618236865, 1.688859184825112, 3.141592653589793, 1.9752016375568544]",CONVERGENCE: RELATIVE REDUCTION OF F <= FACTR*EPSMCH,paired threshold-hit-trained ideal-statevector QAOA under 128-evaluation cap
n12_d25_s42,12,0.25,42,3,0,0.4,46,0.09521484375,threshold_hit_probability,L-BFGS-B,128,128,False,evaluation_budget_exhausted,-1,0.23207191453816522,38.326169284708264,0.618164020721101,0.004632633219950248,"[0.4549382551090021, 4.878205442757431, 1.103625295033128, 2.8576143783461077, 1.8307411424468565, 0.05576879123035447]","[0.000701792431049105, 4.1210766916536805, 1.1182833103008274, 2.9861481748966368, 1.962017859419829, 0.5713431081711094]",strict objective-evaluation cap 128 reached,paired threshold-hit-trained ideal-statevector QAOA under 128-evaluation cap
n12_d25_s42,12,0.25,42,3,1,0.4,46,0.09521484375,threshold_hit_probability,L-BFGS-B,128,128,False,evaluation_budget_exhausted,-1,0.2711412308337734,38.927131719294465,0.6278569632144269,0.00015992423763955347,"[1.0559796467485294, 3.792331983002636, 5.842670477464843, 2.66422922343747, 0.3837556343837479, 0.29228232381933467]","[0.8194072179257309, 4.4806970830210195, 5.8774947054865265, 2.6344466544059078, 0.5345375851419748, 0.4284819412807256]",strict objective-evaluation cap 128 reached,paired threshold-hit-trained ideal-statevector QAOA under 128-evaluation cap
n12_d25_s42,12,0.25,42,3,2,0.4,46,0.09521484375,threshold_hit_probability,L-BFGS-B,128,112,True,optimizer_converged,13,0.2314341291095765,38.87106807402343,0.6269527108713456,1.657012880408094e-05,"[0.027312230484075814, 3.358434780143442, 5.778654702095667, 2.5714716180772768, 2.1801024574667394, 1.4445548284961007]","[0.0, 2.7634837051991785, 5.784294009557141, 2.483735155512369, 1.9949007333652147, 1.3772037996116608]",CONVERGENCE: RELATIVE REDUCTION OF F <= FACTR*EPSMCH,paired threshold-hit-trained ideal-statevector QAOA under 128-evaluation cap
n12_d25_s42,12,0.25,42,3,3,0.4,46,0.09521484375,threshold_hit_probability,L-BFGS-B,128,128,False,evaluation_budget_exhausted,-1,0.5488082533878763,45.29928030856364,0.7306335533639297,0.012063429564088537,"[5.095539962150782, 1.4190305122794842, 1.2999247359842916, 2.648617449530094, 0.09283812334875069, 3.003250452227263]","[4.95167887568364, 1.4841833746306943, 1.1750582810520793, 2.95338616763192, 0.41747906659182094, 3.141592653589793]",strict objective-evaluation cap 128 reached,paired threshold-hit-trained ideal-statevector QAOA under 128-evaluation cap
n12_d25_s42,12,0.25,42,3,4,0.4,46,0.09521484375,threshold_hit_probability,L-BFGS-B,128,128,False,evaluation_budget_exhausted,-1,0.3217201829665047,40.693764138855045,0.656351034497662,0.0003830130905427947,"[4.872619247429786, 0.298812003382128, 4.392922943957069, 0.9326256598764914, 2.7761161723503522, 1.96671087689271]","[5.017768065959528, 0.1157283830182171, 3.6749587643953983, 1.0258569786045915, 2.6734768607309762, 1.8593413891803021]",strict objective-evaluation cap 128 reached,paired threshold-hit-trained ideal-statevector QAOA under 128-evaluation cap
n12_d50_s17,12,0.5,17,1,0,0.4,112,0.0107421875,threshold_hit_probability,L-BFGS-B,128,42,True,optimizer_converged,11,0.013059368651180667,79.46024630998414,0.6677331622687743,0.00026793429240805827,"[0.15301460085530358, 1.0064545266239238]","[0.2850004133967322, 1.2347301844372693]",CONVERGENCE: NORM OF PROJECTED GRADIENT <= PGTOL,paired threshold-hit-trained ideal-statevector QAOA under 128-evaluation cap
n12_d50_s17,12,0.5,17,1,1,0.4,112,0.0107421875,threshold_hit_probability,L-BFGS-B,128,57,True,optimizer_converged,10,0.01838652289600931,83.30716505383683,0.700060210536444,0.000558417908457314,"[3.766652007944303, 0.09989732355897907]","[3.5541617270548715, 0.37906810059719404]",CONVERGENCE: RELATIVE REDUCTION OF F <= FACTR*EPSMCH,paired threshold-hit-trained ideal-statevector QAOA under 128-evaluation cap
n12_d50_s17,12,0.5,17,1,2,0.4,112,0.0107421875,threshold_hit_probability,L-BFGS-B,128,57,True,optimizer_converged,10,0.01780036335322376,81.69381850719309,0.6865026765310344,2.335539911638358e-05,"[1.005106804452663, 1.5381663185855097]","[1.1788902494445261, 1.1515236295554352]",CONVERGENCE: RELATIVE REDUCTION OF F <= FACTR*EPSMCH,paired threshold-hit-trained ideal-statevector QAOA under 128-evaluation cap
n12_d50_s17,12,0.5,17,1,3,0.4,112,0.0107421875,threshold_hit_probability,L-BFGS-B,128,54,True,optimizer_converged,10,0.02014856789175658,81.26469921602761,0.6828966320674589,0.001096598707711211,"[4.078447047041114, 1.854375418773703]","[4.098072792497789, 2.011822576210707]",CONVERGENCE: RELATIVE REDUCTION OF F <= FACTR*EPSMCH,paired threshold-hit-trained ideal-statevector QAOA under 128-evaluation cap
n12_d50_s17,12,0.5,17,1,4,0.4,112,0.0107421875,threshold_hit_probability,L-BFGS-B,128,39,True,optimizer_converged,11,0.023552465709232178,85.79016090243476,0.7209257218691997,0.001408729306099612,"[2.960628161393253, 0.8479599966740963]","[2.9865987482741967, 1.0718018459500231]",CONVERGENCE: RELATIVE REDUCTION OF F <= FACTR*EPSMCH,paired threshold-hit-trained ideal-statevector QAOA under 128-evaluation cap
n12_d50_s17,12,0.5,17,2,0,0.4,112,0.0107421875,threshold_hit_probability,L-BFGS-B,128,128,False,evaluation_budget_exhausted,-1,0.01969684751737325,80.28902513040269,0.6746976901714512,1.8074589109511648e-05,"[1.4234426461923309, 5.899864511490063, 2.364994865018139, 2.433261008122661]","[1.4697543029207054, 5.868835075542005, 2.1210299274170077, 2.64867412822893]",strict objective-evaluation cap 128 reached,paired threshold-hit-trained ideal-statevector QAOA under 128-evaluation cap
n12_d50_s17,12,0.5,17,2,1,0.4,112,0.0107421875,threshold_hit_probability,L-BFGS-B,128,125,True,optimizer_converged,20,0.0191107699534743,79.75199264460464,0.6701848121395348,0.0006133935207316637,"[5.901719741244093, 5.243344578283616, 2.4904514017694095, 0.47762140210585374]","[5.886960063150588, 5.12629314463571, 2.56289745494259, 0.5802539376142583]",CONVERGENCE: RELATIVE REDUCTION OF F <= FACTR*EPSMCH,paired threshold-hit-trained ideal-statevector QAOA under 128-evaluation cap
n12_d50_s17,12,0.5,17,2,2,0.4,112,0.0107421875,threshold_hit_probability,L-BFGS-B,128,128,False,evaluation_budget_exhausted,-1,0.014778401690792933,80.03060905589395,0.6725261265201172,0.0005559823012091951,"[3.255651572153272, 1.4853377477091092, 1.4860526159063092, 1.0135031784022595]","[3.1280156873843725, 1.532394901347238, 1.5509227471999578, 0.8788159029816892]",strict objective-evaluation cap 128 reached,paired threshold-hit-trained ideal-statevector QAOA under 128-evaluation cap
n12_d50_s17,12,0.5,17,2,3,0.4,112,0.0107421875,threshold_hit_probability,L-BFGS-B,128,115,True,optimizer_converged,17,0.02280637517640359,82.0511449924137,0.6895054201043168,0.00021775338206921608,"[5.542708559506358, 3.883875553328463, 1.9711030604323647, 1.2215563968012249]","[5.727435007903727, 4.014926513474918, 2.132783949625785, 1.397513688665583]",CONVERGENCE: RELATIVE REDUCTION OF F <= FACTR*EPSMCH,paired threshold-hit-trained ideal-statevector QAOA under 128-evaluation cap
n12_d50_s17,12,0.5,17,2,4,0.4,112,0.0107421875,threshold_hit_probability,L-BFGS-B,128,100,True,optimizer_converged,19,0.02003367936541376,81.05787236951281,0.6811585913404438,0.0016322560561748052,"[1.3626227712054793, 1.1424446410665265, 2.563394062486277, 2.4553516606602592]","[1.4263556635796255, 1.1914701343393046, 2.6218060241280217, 2.6305132731139973]",CONVERGENCE: RELATIVE REDUCTION OF F <= FACTR*EPSMCH,paired threshold-hit-trained ideal-statevector QAOA under 128-evaluation cap
n12_d50_s17,12,0.5,17,3,0,0.4,112,0.0107421875,threshold_hit_probability,L-BFGS-B,128,128,False,evaluation_budget_exhausted,-1,0.02333737935503592,84.118927389904,0.7068817427723025,0.001900085425726082,"[4.922718492972661, 3.8275809161472374, 0.519328026767994, 1.8837830354641205, 1.311572490789098, 1.142452895307122]","[4.799274235693858, 3.738555939059677, 0.7324786523407686, 1.7664366160217502, 1.4588028349696955, 1.0703463468327703]",strict objective-evaluation cap 128 reached,paired threshold-hit-trained ideal-statevector QAOA under 128-evaluation cap
n12_d50_s17,12,0.5,17,3,1,0.4,112,0.0107421875,threshold_hit_probability,L-BFGS-B,128,128,False,evaluation_budget_exhausted,-1,0.0172571202613063,79.77584360786177,0.6703852404021998,0.0012546448737967384,"[2.195621037813854, 4.453622879805838, 5.703353681980651, 2.223750182784002, 2.5059375562095947, 2.6177519949724557]","[2.155421696165276, 4.457036937436359, 5.794983274621954, 2.2309770479312943, 2.4717690482017494, 2.6365043703589515]",strict objective-evaluation cap 128 reached,paired threshold-hit-trained ideal-statevector QAOA under 128-evaluation cap
n12_d50_s17,12,0.5,17,3,2,0.4,112,0.0107421875,threshold_hit_probability,L-BFGS-B,128,128,False,evaluation_budget_exhausted,-1,0.0252756896124758,83.84320857174558,0.7045647779138284,4.329676673410424e-05,"[4.842018545805113, 3.341039025621501, 1.6701213649381166, 2.4589763416881363, 0.11421537882158302, 0.48622799796968263]","[4.848065406392644, 3.138838240678603, 1.8488406302840117, 2.851589830042908, 0.017540546363228594, 0.5291275200166127]",strict objective-evaluation cap 128 reached,paired threshold-hit-trained ideal-statevector QAOA under 128-evaluation cap
n12_d50_s17,12,0.5,17,3,3,0.4,112,0.0107421875,threshold_hit_probability,L-BFGS-B,128,128,False,evaluation_budget_exhausted,-1,0.019493288492333467,79.34053900000654,0.66672721848745,0.003850645613257287,"[4.676577966389918, 5.0000310383611035, 3.9639407919880876, 2.95569738499821, 2.2159054185399056, 3.074532531321736]","[4.6354902986325905, 5.087303027787086, 3.9581235777487476, 2.7784583151416014, 2.0157449040884883, 3.141592653589793]",strict objective-evaluation cap 128 reached,paired threshold-hit-trained ideal-statevector QAOA under 128-evaluation cap
n12_d50_s17,12,0.5,17,3,4,0.4,112,0.0107421875,threshold_hit_probability,L-BFGS-B,128,128,False,evaluation_budget_exhausted,-1,0.02218218049175699,80.76962086156868,0.6787363097610813,0.005044479283646838,"[5.571537399571941, 1.7970159806033177, 3.370370462405014, 0.7732070550583916, 2.9446009636159487, 0.8100642981651831]","[5.503741388389707, 1.864908598290797, 3.244582435960937, 1.0351437874172822, 3.141592653589793, 1.1252150845809683]",strict objective-evaluation cap 128 reached,paired threshold-hit-trained ideal-statevector QAOA under 128-evaluation cap
n12_d50_s42,12,0.5,42,1,0,0.4,110,0.015625,threshold_hit_probability,L-BFGS-B,128,42,True,optimizer_converged,11,0.029231726221348626,79.91817756218883,0.6243607622046002,5.6321265027519135e-05,"[0.3617474694486359, 2.2988750051194042]","[0.38779310165302044, 2.0312685209887724]",CONVERGENCE: NORM OF PROJECTED GRADIENT <= PGTOL,paired threshold-hit-trained ideal-statevector QAOA under 128-evaluation cap
n12_d50_s42,12,0.5,42,1,1,0.4,110,0.015625,threshold_hit_probability,L-BFGS-B,128,30,True,optimizer_converged,7,0.02575708914335155,80.03991099326117,0.6253118046348529,8.828842309908137e-05,"[1.33655020563686, 1.8465465725784314]","[1.270594031209125, 1.9704251323948982]",CONVERGENCE: NORM OF PROJECTED GRADIENT <= PGTOL,paired threshold-hit-trained ideal-statevector QAOA under 128-evaluation cap
n12_d50_s42,12,0.5,42,1,2,0.4,110,0.015625,threshold_hit_probability,L-BFGS-B,128,39,True,optimizer_converged,11,0.023258242034552037,77.87704333023413,0.6084144010174541,0.0015441139112246246,"[0.14719874706534453, 2.7161326767976424]","[0.26756041244034856, 2.4513285780265988]",CONVERGENCE: NORM OF PROJECTED GRADIENT <= PGTOL,paired threshold-hit-trained ideal-statevector QAOA under 128-evaluation cap
n12_d50_s42,12,0.5,42,1,3,0.4,110,0.015625,threshold_hit_probability,L-BFGS-B,128,36,True,optimizer_converged,11,0.023258242034552054,77.87704325640206,0.6084144004406411,0.0015441139003851813,"[0.16044175746329897, 2.5970051968570433]","[0.267560411240064, 2.451328553919547]",CONVERGENCE: NORM OF PROJECTED GRADIENT <= PGTOL,paired threshold-hit-trained ideal-statevector QAOA under 128-evaluation cap
n12_d50_s42,12,0.5,42,1,4,0.4,110,0.015625,threshold_hit_probability,L-BFGS-B,128,51,True,optimizer_converged,11,0.015120604461310153,77.21297876676164,0.6032263966153253,5.917475050653418e-06,"[5.420719563120803, 2.227064162344504]","[5.381012353774736, 1.2042944832653242]",CONVERGENCE: NORM OF PROJECTED GRADIENT <= PGTOL,paired threshold-hit-trained ideal-statevector QAOA under 128-evaluation cap
n12_d50_s42,12,0.5,42,2,0,0.4,110,0.015625,threshold_hit_probability,L-BFGS-B,128,128,False,evaluation_budget_exhausted,-1,0.02787434003038826,80.62073740946335,0.6298495110114324,4.545518804926603e-05,"[3.4273366899058373, 0.8347256114361751, 1.5329366868958134, 2.8815234557293192]","[3.5034652623079667, 0.7205295364028355, 2.036523646530211, 1.652748795229331]",strict objective-evaluation cap 128 reached,paired threshold-hit-trained ideal-statevector QAOA under 128-evaluation cap
n12_d50_s42,12,0.5,42,2,1,0.4,110,0.015625,threshold_hit_probability,L-BFGS-B,128,128,False,evaluation_budget_exhausted,-1,0.04357358334746911,81.39080157443757,0.6358656373002936,0.004164128948035855,"[5.717449029427444, 5.223045594593664, 1.1743785674168192, 1.225410993886905]","[5.70202426711847, 5.072312504357984, 1.5128638096182618, 1.1924390761043322]",strict objective-evaluation cap 128 reached,paired threshold-hit-trained ideal-statevector QAOA under 128-evaluation cap
n12_d50_s42,12,0.5,42,2,2,0.4,110,0.015625,threshold_hit_probability,L-BFGS-B,128,65,True,optimizer_converged,11,0.023258242034552075,77.87704326551983,0.6084144005118737,0.0015441138970957089,"[0.32346418137369853, 0.0234968435911121, 1.3409972665213978, 2.7333642829295024]","[0.26756041076582693, 0.0, 1.3144606596455515, 2.707664224663155]",CONVERGENCE: NORM OF PROJECTED GRADIENT <= PGTOL,paired threshold-hit-trained ideal-statevector QAOA under 128-evaluation cap
n12_d50_s42,12,0.5,42,2,3,0.4,110,0.015625,threshold_hit_probability,L-BFGS-B,128,120,True,optimizer_converged,18,0.039999479171897584,81.6675719096756,0.6380279055443406,3.87058518234786e-06,"[1.2077027717354607, 2.3629449820744868, 1.5423107894649573, 2.56873662155958]","[1.279759091032205, 2.361426363797443, 2.0626171108582145, 2.794943666757032]",CONVERGENCE: RELATIVE REDUCTION OF F <= FACTR*EPSMCH,paired threshold-hit-trained ideal-statevector QAOA under 128-evaluation cap
n12_d50_s42,12,0.5,42,2,4,0.4,110,0.015625,threshold_hit_probability,L-BFGS-B,128,128,False,evaluation_budget_exhausted,-1,0.21666260623245082,96.16929624249447,0.751322626894488,0.018245655065710208,"[0.19686313496574004, 2.0508996338766883, 1.837807593916108, 1.1173256495146746]","[0.08788659026170481, 2.0688311044299668, 1.9811681809920925, 1.5799042745795984]",strict objective-evaluation cap 128 reached,paired threshold-hit-trained ideal-statevector QAOA under 128-evaluation cap
n12_d50_s42,12,0.5,42,3,0,0.4,110,0.015625,threshold_hit_probability,L-BFGS-B,128,128,False,evaluation_budget_exhausted,-1,0.02932316673042853,78.73061017962519,0.6150828920283218,0.0013249530743229957,"[0.23596166211857847, 0.2783251508553925, 5.182159430605729, 1.2901914522303572, 0.9145912897773866, 0.666212052833691]","[0.2590081857299754, 0.27075004754943277, 5.09771514170234, 1.4968252331083414, 0.9615126230460869, 0.40197051657020116]",strict objective-evaluation cap 128 reached,paired threshold-hit-trained ideal-statevector QAOA under 128-evaluation cap
n12_d50_s42,12,0.5,42,3,1,0.4,110,0.015625,threshold_hit_probability,L-BFGS-B,128,128,False,evaluation_budget_exhausted,-1,0.0403014876547315,81.28525133881253,0.6350410260844729,6.776636656343655e-05,"[5.244816415435973, 3.4243106949585553, 5.1088381431252845, 2.925993261466834, 0.23654100842952716, 2.6045161847664025]","[5.65595663307283, 3.490943202165801, 4.905333656395754, 2.9786768221612827, 0.0, 2.6223225603926266]",strict objective-evaluation cap 128 reached,paired threshold-hit-trained ideal-statevector QAOA under 128-evaluation cap
n12_d50_s42,12,0.5,42,3,2,0.4,110,0.015625,threshold_hit_probability,L-BFGS-B,128,128,False,evaluation_budget_exhausted,-1,0.03065082010471889,79.33844433562442,0.6198315963720658,0.0017798760880011674,"[3.3126457639938316, 2.8507226669134624, 4.7655390251603755, 2.302380563913927, 0.3117397233764603, 0.7162687375654506]","[3.353388427131367, 2.8539247408584507, 4.7064434713318315, 2.489065529788289, 0.2291975671665344, 0.47434544391126354]",strict objective-evaluation cap 128 reached,paired threshold-hit-trained ideal-statevector QAOA under 128-evaluation cap
n12_d50_s42,12,0.5,42,3,3,0.4,110,0.015625,threshold_hit_probability,L-BFGS-B,128,128,False,evaluation_budget_exhausted,-1,0.023796703429420748,77.39630172454864,0.6046586072230362,0.00034790042949312834,"[0.8556620075584485, 3.220666101239942, 3.5669735624342422, 2.4126399823330327, 1.649059668759212, 1.6350833540148642]","[0.7060100349050495, 3.0745048278616607, 3.3679805252902177, 2.8548662351176315, 1.4863367862088888, 1.4889153934160597]",strict objective-evaluation cap 128 reached,paired threshold-hit-trained ideal-statevector QAOA under 128-evaluation cap
n12_d50_s42,12,0.5,42,3,4,0.4,110,0.015625,threshold_hit_probability,L-BFGS-B,128,128,False,evaluation_budget_exhausted,-1,0.029037668255345976,79.2786320074185,0.619364312557957,0.0002568004505757595,"[5.195114252871592, 4.1047382911840495, 0.32576587597451845, 1.0714465623176588, 1.4370734696246887, 1.212913398122097]","[5.164815595140425, 3.7718666679803357, 0.47419755042791306, 1.171999094093835, 1.5418694253936585, 0.9550256469466367]",strict objective-evaluation cap 128 reached,paired threshold-hit-trained ideal-statevector QAOA under 128-evaluation cap
n12_d75_s17,12,0.75,17,1,0,0.4,150,0.0322265625,threshold_hit_probability,L-BFGS-B,128,36,True,optimizer_converged,11,0.03808535795575081,120.58074618070455,0.7352484523213693,0.0018657080191064666,"[4.5861460354357755, 1.7878992337458968]","[4.640978893174012, 1.8520227610760438]",CONVERGENCE: RELATIVE REDUCTION OF F <= FACTR*EPSMCH,paired threshold-hit-trained ideal-statevector QAOA under 128-evaluation cap
n12_d75_s17,12,0.75,17,1,1,0.4,150,0.0322265625,threshold_hit_probability,L-BFGS-B,128,51,True,optimizer_converged,14,0.03529877358405478,120.70571018501647,0.7360104279574176,0.00010800282995640432,"[1.1000262895556248, 1.8756479245382305]","[0.98211620005949, 1.7303876416551063]",CONVERGENCE: NORM OF PROJECTED GRADIENT <= PGTOL,paired threshold-hit-trained ideal-statevector QAOA under 128-evaluation cap
n12_d75_s17,12,0.75,17,1,2,0.4,150,0.0322265625,threshold_hit_probability,L-BFGS-B,128,60,True,optimizer_converged,7,0.03231010075545166,120.83639240749315,0.7368072707773973,0.0002460292740485956,"[3.5766843435353546, 2.3617776251217473]","[3.451355623766379, 0.9424783616840037]",CONVERGENCE: NORM OF PROJECTED GRADIENT <= PGTOL,paired threshold-hit-trained ideal-statevector QAOA under 128-evaluation cap
n12_d75_s17,12,0.75,17,1,3,0.4,150,0.0322265625,threshold_hit_probability,L-BFGS-B,128,15,True,optimizer_converged,4,0.0322265625,120.49999998141652,0.7347560974476617,0.0004882812507890437,"[3.1591841101039746, 1.506118694044927]","[3.1415926468401385, 1.5103557648472847]",CONVERGENCE: NORM OF PROJECTED GRADIENT <= PGTOL,paired threshold-hit-trained ideal-statevector QAOA under 128-evaluation cap
n12_d75_s17,12,0.75,17,1,4,0.4,150,0.0322265625,threshold_hit_probability,L-BFGS-B,128,39,True,optimizer_converged,7,0.039988567351448526,120.69948929829476,0.7359724957213095,5.9505081364472194e-05,"[3.6260023842638054, 2.3822437797648646]","[3.662110817696307, 2.24180992425632]",CONVERGENCE: RELATIVE REDUCTION OF F <= FACTR*EPSMCH,paired threshold-hit-trained ideal-statevector QAOA under 128-evaluation cap
n12_d75_s17,12,0.75,17,2,0,0.4,150,0.0322265625,threshold_hit_probability,L-BFGS-B,128,128,False,evaluation_budget_exhausted,-1,0.045201315032588445,120.06997010610962,0.732133964061644,7.376602097384533e-05,"[3.464294654275212, 4.644617131255864, 0.6959761483499511, 0.6885281047734088]","[3.3942893503382936, 4.373253623161476, 0.8255125483814998, 0.3553444435631025]",strict objective-evaluation cap 128 reached,paired threshold-hit-trained ideal-statevector QAOA under 128-evaluation cap
n12_d75_s17,12,0.75,17,2,1,0.4,150,0.0322265625,threshold_hit_probability,L-BFGS-B,128,128,False,evaluation_budget_exhausted,-1,0.04379304172203637,120.75398579391285,0.7363047914262979,0.0025090922680980946,"[4.562400991484008, 1.3146890360737755, 2.710766133791034, 2.882179916873236]","[4.515296319991387, 1.2191113423898097, 2.5746893393465573, 2.6290359105930783]",strict objective-evaluation cap 128 reached,paired threshold-hit-trained ideal-statevector QAOA under 128-evaluation cap
n12_d75_s17,12,0.75,17,2,2,0.4,150,0.0322265625,threshold_hit_probability,L-BFGS-B,128,128,False,evaluation_budget_exhausted,-1,0.04694504725269814,120.39677215850988,0.734126659503109,0.0006204834642083453,"[5.883246376169683, 3.862347759050913, 2.1818573676471895, 2.947579394110963]","[5.929892547397282, 3.9343787928478884, 1.9624448158373171, 2.6574665439441127]",strict objective-evaluation cap 128 reached,paired threshold-hit-trained ideal-statevector QAOA under 128-evaluation cap
n12_d75_s17,12,0.75,17,2,3,0.4,150,0.0322265625,threshold_hit_probability,L-BFGS-B,128,125,True,optimizer_converged,16,0.23698035604985082,136.57069197029688,0.8327481217701029,0.008160350487339228,"[1.3915163918688205, 3.3034396249145, 1.395815731774455, 1.0624143194199882]","[1.966830128202884, 4.238883097799111, 1.597349991737459, 1.2316843413195944]",CONVERGENCE: RELATIVE REDUCTION OF F <= FACTR*EPSMCH,paired threshold-hit-trained ideal-statevector QAOA under 128-evaluation cap
n12_d75_s17,12,0.75,17,2,4,0.4,150,0.0322265625,threshold_hit_probability,L-BFGS-B,128,75,True,optimizer_converged,12,0.03968430447238521,121.96918700219285,0.7437145548914198,0.0008977462648588335,"[2.9835173188790303, 0.6203590766467192, 2.751865840377645, 1.8953152634981814]","[2.9945524275044257, 0.6336683820884444, 2.7491524634276105, 1.9415233260273548]",CONVERGENCE: RELATIVE REDUCTION OF F <= FACTR*EPSMCH,paired threshold-hit-trained ideal-statevector QAOA under 128-evaluation cap
n12_d75_s17,12,0.75,17,3,0,0.4,150,0.0322265625,threshold_hit_probability,L-BFGS-B,128,128,False,evaluation_budget_exhausted,-1,0.23554906242096335,136.66458070186422,0.8333206140357574,0.008334597831051213,"[1.344068461612773, 2.2672153741921126, 2.7045573785008004, 2.8782081996134368, 0.32549251235660265, 2.123767638201711]","[1.519103612869073, 2.204049611654774, 2.4827329247399708, 3.141592653589793, 0.0, 1.2325554672338974]",strict objective-evaluation cap 128 reached,paired threshold-hit-trained ideal-statevector QAOA under 128-evaluation cap
n12_d75_s17,12,0.75,17,3,1,0.4,150,0.0322265625,threshold_hit_probability,L-BFGS-B,128,128,False,evaluation_budget_exhausted,-1,0.17913212693198927,132.6097458580553,0.8085960113296056,0.008746376815029452,"[0.7194577384483911, 4.376981137600729, 2.2030847797600246, 1.326790763504774, 1.3746850554342736, 0.3432389262894251]","[0.4289833225562247, 4.044644802785672, 1.8892988510343574, 1.4287744031422858, 1.4810174321275094, 0.3638674048762686]",strict objective-evaluation cap 128 reached,paired threshold-hit-trained ideal-statevector QAOA under 128-evaluation cap
n12_d75_s17,12,0.75,17,3,2,0.4,150,0.0322265625,threshold_hit_probability,L-BFGS-B,128,128,False,evaluation_budget_exhausted,-1,0.04316455437073382,120.89074854895847,0.737138710664381,5.843000728417794e-05,"[1.7358221587063398, 4.966701525675141, 4.253656300539142, 1.7096208922745255, 2.5579080637095326, 1.3075362335445748]","[1.6595997478036262, 5.0892381409660645, 4.32641883801382, 1.6530806823974549, 2.386585654745176, 1.298633471716196]",strict objective-evaluation cap 128 reached,paired threshold-hit-trained ideal-statevector QAOA under 128-evaluation cap
n12_d75_s17,12,0.75,17,3,3,0.4,150,0.0322265625,threshold_hit_probability,L-BFGS-B,128,128,False,evaluation_budget_exhausted,-1,0.03951939846250539,120.9842841144354,0.7377090494782647,0.0007089591616901721,"[0.7073331368941088, 5.070832843308253, 3.263514427031121, 0.6026593383315775, 2.0562102465023715, 0.56885985911852]","[0.7344926495419007, 5.048255528127923, 3.290817194470172, 0.7546274382403448, 2.098272033799697, 0.5796167537952636]",strict objective-evaluation cap 128 reached,paired threshold-hit-trained ideal-statevector QAOA under 128-evaluation cap
n12_d75_s17,12,0.75,17,3,4,0.4,150,0.0322265625,threshold_hit_probability,L-BFGS-B,128,128,False,evaluation_budget_exhausted,-1,0.2364119744964735,136.13652900555888,0.8301007866192615,0.007922261644422618,"[5.669504977844998, 0.415516456838484, 4.961820959358, 1.1700033263005032, 2.5391440240994014, 2.870488000124736]","[5.922252207552238, 0.2789760198951376, 5.1061708361762514, 1.5409080758021838, 2.806656379138508, 3.1252181397218193]",strict objective-evaluation cap 128 reached,paired threshold-hit-trained ideal-statevector QAOA under 128-evaluation cap
n12_d75_s42,12,0.75,42,1,0,0.4,161,0.01318359375,threshold_hit_probability,L-BFGS-B,128,111,True,optimizer_converged,8,0.13539556115882154,139.0639181523669,0.794650960870668,0.01224823595322625,"[6.10773799226435, 2.966296864051115]","[6.201947000315612, 2.761362893529328]",CONVERGENCE: RELATIVE REDUCTION OF F <= FACTR*EPSMCH,paired threshold-hit-trained ideal-statevector QAOA under 128-evaluation cap
n12_d75_s42,12,0.75,42,1,1,0.4,161,0.01318359375,threshold_hit_probability,L-BFGS-B,128,45,True,optimizer_converged,9,0.018607023118568693,125.28600242614158,0.7159200138636662,0.00018537486289477235,"[6.176664326661413, 0.46151173441131305]","[5.8810936175008255, 0.7005000861541443]",CONVERGENCE: RELATIVE REDUCTION OF F <= FACTR*EPSMCH,paired threshold-hit-trained ideal-statevector QAOA under 128-evaluation cap
n12_d75_s42,12,0.75,42,1,2,0.4,161,0.01318359375,threshold_hit_probability,L-BFGS-B,128,39,True,optimizer_converged,9,0.013725691775979924,124.9360536082324,0.7139203063327566,0.00022670095237584085,"[0.31233878719860075, 2.166501329030886]","[0.32541874047085156, 2.2367301896812353]",CONVERGENCE: NORM OF PROJECTED GRADIENT <= PGTOL,paired threshold-hit-trained ideal-statevector QAOA under 128-evaluation cap
n12_d75_s42,12,0.75,42,1,3,0.4,161,0.01318359375,threshold_hit_probability,L-BFGS-B,128,36,True,optimizer_converged,10,0.01593148428370883,124.21062179553326,0.7097749816887615,0.00017630559889761314,"[4.529774601564588, 0.10897903740873245]","[4.486266706903812, 0.2882240892324772]",CONVERGENCE: NORM OF PROJECTED GRADIENT <= PGTOL,paired threshold-hit-trained ideal-statevector QAOA under 128-evaluation cap
n12_d75_s42,12,0.75,42,1,4,0.4,161,0.01318359375,threshold_hit_probability,L-BFGS-B,128,105,True,optimizer_converged,14,0.13539556115882015,139.06392004049815,0.7946509716599894,0.012248234863692965,"[0.27016988221041904, 2.5816852643964108]","[0.08123829663445219, 0.3802297479430531]",CONVERGENCE: RELATIVE REDUCTION OF F <= FACTR*EPSMCH,paired threshold-hit-trained ideal-statevector QAOA under 128-evaluation cap
n12_d75_s42,12,0.75,42,2,0,0.4,161,0.01318359375,threshold_hit_probability,L-BFGS-B,128,120,True,optimizer_converged,18,0.021395704198764087,125.40579008144854,0.7166045147511345,0.00031761142489001974,"[3.3860828982905593, 0.7624583122969136, 1.397702200571814, 0.06545400702173362]","[3.3144222090039874, 0.7588481745095705, 1.1977340664990084, 0.23954440361916698]",CONVERGENCE: RELATIVE REDUCTION OF F <= FACTR*EPSMCH,paired threshold-hit-trained ideal-statevector QAOA under 128-evaluation cap
n12_d75_s42,12,0.75,42,2,1,0.4,161,0.01318359375,threshold_hit_probability,L-BFGS-B,128,128,False,evaluation_budget_exhausted,-1,0.01733345482742691,124.3822667509301,0.7107558100053148,0.00022077724492820875,"[1.2940385871287854, 2.404224799011715, 2.615271658674069, 2.163705777286121]","[1.2437988953837436, 2.329959719369142, 2.6943085268725606, 1.9247844292159921]",strict objective-evaluation cap 128 reached,paired threshold-hit-trained ideal-statevector QAOA under 128-evaluation cap
n12_d75_s42,12,0.75,42,2,2,0.4,161,0.01318359375,threshold_hit_probability,L-BFGS-B,128,105,True,optimizer_converged,13,0.13958894937413807,139.24624178687822,0.7956928102107327,0.012922347376955703,"[6.165197613157776, 2.8566423398349383, 0.8318993756484125, 1.3014169108313094]","[6.203367620533424, 2.6355996341471104, 1.1910573057029494, 1.5045738545032934]",CONVERGENCE: RELATIVE REDUCTION OF F <= FACTR*EPSMCH,paired threshold-hit-trained ideal-statevector QAOA under 128-evaluation cap
n12_d75_s42,12,0.75,42,2,3,0.4,161,0.01318359375,threshold_hit_probability,L-BFGS-B,128,128,False,evaluation_budget_exhausted,-1,0.02095000399159846,125.22579153860303,0.7155759516491602,9.300795120404476e-05,"[5.946934779060695, 3.0675214040549887, 1.0811426651370126, 2.000200187564522]","[5.772933109642129, 3.0463997196252772, 0.7836590125218509, 2.035739123155642]",strict objective-evaluation cap 128 reached,paired threshold-hit-trained ideal-statevector QAOA under 128-evaluation cap
n12_d75_s42,12,0.75,42,2,4,0.4,161,0.01318359375,threshold_hit_probability,L-BFGS-B,128,85,True,optimizer_converged,14,0.020635768071524303,124.51027480476209,0.7114872845986405,0.0009181595755498801,"[6.179852263919783, 2.8780163182162104, 0.3344616073053707, 0.7275975934944601]","[6.117822619134509, 3.1132445175648487, 0.404352547583233, 0.6753601898649908]",CONVERGENCE: RELATIVE REDUCTION OF F <= FACTR*EPSMCH,paired threshold-hit-trained ideal-statevector QAOA under 128-evaluation cap
n12_d75_s42,12,0.75,42,3,0,0.4,161,0.01318359375,threshold_hit_probability,L-BFGS-B,128,128,False,evaluation_budget_exhausted,-1,0.01962416065389881,125.1819094405256,0.7153251968030034,0.0021414377562094375,"[2.6872997975773245, 3.40079644224884, 1.134566269106847, 2.928021266151553, 0.1794495164939947, 0.5844722436480574]","[2.2692690019426913, 2.784572771626671, 0.9505225510355119, 2.820872389647933, 0.11308273576367027, 0.5532150398564118]",strict objective-evaluation cap 128 reached,paired threshold-hit-trained ideal-statevector QAOA under 128-evaluation cap
n12_d75_s42,12,0.75,42,3,1,0.4,161,0.01318359375,threshold_hit_probability,L-BFGS-B,128,128,False,evaluation_budget_exhausted,-1,0.021873010388722396,124.48494317580185,0.7113425324331534,0.0003875587671533565,"[2.3391279848511317, 0.3386326770285917, 2.218953323230961, 1.826712011170381, 0.31962033205168733, 0.9595140961710957]","[2.417602840456654, 0.30410489379263117, 2.197411419056521, 1.9704208549722968, 0.2859891578307963, 1.0171755598173078]",strict objective-evaluation cap 128 reached,paired threshold-hit-trained ideal-statevector QAOA under 128-evaluation cap
n12_d75_s42,12,0.75,42,3,2,0.4,161,0.01318359375,threshold_hit_probability,L-BFGS-B,128,128,False,evaluation_budget_exhausted,-1,0.021561929338433053,125.15182611731296,0.7151532920989312,0.00024730619746579885,"[5.3737687941882895, 3.5575780492390963, 5.17321601932984, 1.0018016123648186, 1.0290045850494645, 3.0140780465018024]","[5.40790026843339, 3.5547070789519903, 5.225213165382574, 0.9076492359915438, 0.9424565672890575, 2.959609582288125]",strict objective-evaluation cap 128 reached,paired threshold-hit-trained ideal-statevector QAOA under 128-evaluation cap
n12_d75_s42,12,0.75,42,3,3,0.4,161,0.01318359375,threshold_hit_probability,L-BFGS-B,128,128,False,evaluation_budget_exhausted,-1,0.022136428228082188,124.06426532195543,0.7089386589826024,0.00019464584490675875,"[0.15407585783453193, 2.188113613740972, 1.9457479905185076, 1.4432355277422828, 1.628835609524314, 0.9025458151433386]","[0.15433871122260884, 2.1623054362621774, 2.0122460139296705, 1.401964225909464, 1.7097876488910817, 0.8709054899408749]",strict objective-evaluation cap 128 reached,paired threshold-hit-trained ideal-statevector QAOA under 128-evaluation cap
n12_d75_s42,12,0.75,42,3,4,0.4,161,0.01318359375,threshold_hit_probability,L-BFGS-B,128,128,False,evaluation_budget_exhausted,-1,0.05759596876688513,131.045085405849,0.7488290594619943,0.0024417334074112876,"[2.2135599149753022, 3.8504802987569136, 4.0471499540946825, 0.28114030711229715, 2.871856317361646, 0.8402838558647145]","[2.2452814395556193, 3.9664396460498232, 4.0552290821696975, 0.3336953014553242, 2.823490170126795, 1.5716672373477245]",strict objective-evaluation cap 128 reached,paired threshold-hit-trained ideal-statevector QAOA under 128-evaluation cap
n8_d25_s17,8,0.25,17,1,0,0.4,28,0.1875,threshold_hit_probability,L-BFGS-B,128,24,True,optimizer_converged,6,0.3670139727255509,23.773869271971577,0.5943467317992894,0.029173135090752807,"[2.657024240036159, 2.3732357557580244]","[2.430076517277259, 2.6588681885952004]",CONVERGENCE: NORM OF PROJECTED GRADIENT <= PGTOL,paired threshold-hit-trained ideal-statevector QAOA under 128-evaluation cap
n8_d25_s17,8,0.25,17,1,1,0.4,28,0.1875,threshold_hit_probability,L-BFGS-B,128,45,True,optimizer_converged,9,0.5913804903681916,25.4926614924073,0.6373165373101826,0.020861887905805277,"[4.986685490242893, 1.274180904490846]","[5.151882514176007, 1.0549221814504741]",CONVERGENCE: RELATIVE REDUCTION OF F <= FACTR*EPSMCH,paired threshold-hit-trained ideal-statevector QAOA under 128-evaluation cap
n8_d25_s17,8,0.25,17,1,2,0.4,28,0.1875,threshold_hit_probability,L-BFGS-B,128,36,True,optimizer_converged,8,0.6210098771731496,26.995699556637526,0.6748924889159381,0.04096618254415424,"[1.7490315036767639, 0.7921142306722376]","[1.5731466746469762, 1.0856004587568064]",CONVERGENCE: RELATIVE REDUCTION OF F <= FACTR*EPSMCH,paired threshold-hit-trained ideal-statevector QAOA under 128-evaluation cap
n8_d25_s17,8,0.25,17,1,3,0.4,28,0.1875,threshold_hit_probability,L-BFGS-B,128,48,True,optimizer_converged,12,0.347589017833709,23.848576275103493,0.5962144068775873,0.007887787662767643,"[3.4403878422665652, 2.5372231696312806]","[3.49286766414242, 2.7373663132545563]",CONVERGENCE: RELATIVE REDUCTION OF F <= FACTR*EPSMCH,paired threshold-hit-trained ideal-statevector QAOA under 128-evaluation cap
n8_d25_s17,8,0.25,17,1,4,0.4,28,0.1875,threshold_hit_probability,L-BFGS-B,128,33,True,optimizer_converged,9,0.32662117373540933,22.96167242227922,0.5740418105569806,0.007688982379628808,"[1.8191744402384888, 1.8451611605434939]","[2.9192858901863565, 2.041423579135392]",CONVERGENCE: RELATIVE REDUCTION OF F <= FACTR*EPSMCH,paired threshold-hit-trained ideal-statevector QAOA under 128-evaluation cap
n8_d25_s17,8,0.25,17,2,0,0.4,28,0.1875,threshold_hit_probability,L-BFGS-B,128,105,True,optimizer_converged,14,0.6732248440762132,29.365340015625215,0.7341335003906304,0.04770978287864805,"[2.0340925210880787, 0.9752644147487403, 2.3604328926507483, 0.8540803574971549]","[1.6746178655663058, 0.5760808565477814, 2.665352798345154, 1.2568569970914492]",CONVERGENCE: RELATIVE REDUCTION OF F <= FACTR*EPSMCH,paired threshold-hit-trained ideal-statevector QAOA under 128-evaluation cap
n8_d25_s17,8,0.25,17,2,1,0.4,28,0.1875,threshold_hit_probability,L-BFGS-B,128,120,True,optimizer_converged,16,0.7712879237179527,31.441417028090093,0.7860354257022524,0.11688324562237438,"[1.1738966477262407, 1.5051072175387192, 2.52061518102863, 2.889819420574513]","[0.16709219932875843, 4.481683116960317, 2.0282265789316045, 3.06975970297027]",CONVERGENCE: RELATIVE REDUCTION OF F <= FACTR*EPSMCH,paired threshold-hit-trained ideal-statevector QAOA under 128-evaluation cap
n8_d25_s17,8,0.25,17,2,2,0.4,28,0.1875,threshold_hit_probability,L-BFGS-B,128,75,True,optimizer_converged,9,0.765596151341981,31.3225234093358,0.7830630852333951,0.1179074504964088,"[6.103186203556436, 1.8828429862732896, 0.19300374235126497, 2.712042243184191]","[5.219199896882019, 1.2339336230039177, 0.0, 1.975193748956705]",CONVERGENCE: RELATIVE REDUCTION OF F <= FACTR*EPSMCH,paired threshold-hit-trained ideal-statevector QAOA under 128-evaluation cap
n8_d25_s17,8,0.25,17,2,3,0.4,28,0.1875,threshold_hit_probability,L-BFGS-B,128,75,True,optimizer_converged,10,0.6259860910524417,25.88155825990978,0.6470389564977446,0.006120787871610159,"[1.6153069363688772, 2.8779421394647238, 1.3556986845230754, 2.0320574747466043]","[5.625661365693266, 6.283185307179586, 0.10553880136752199, 0.3851780111135405]",CONVERGENCE: RELATIVE REDUCTION OF F <= FACTR*EPSMCH,paired threshold-hit-trained ideal-statevector QAOA under 128-evaluation cap
n8_d25_s17,8,0.25,17,2,4,0.4,28,0.1875,threshold_hit_probability,L-BFGS-B,128,128,False,evaluation_budget_exhausted,-1,0.3779531839582092,24.921460916173938,0.6230365229043484,0.0038722330416436773,"[3.7020015298283155, 1.148887066137631, 0.03932730296611384, 1.7384399593217341]","[2.5838734836963266, 0.0685494261295915, 0.5620900026461361, 2.1459412894649796]",strict objective-evaluation cap 128 reached,paired threshold-hit-trained ideal-statevector QAOA under 128-evaluation cap
n8_d25_s17,8,0.25,17,3,0,0.4,28,0.1875,threshold_hit_probability,L-BFGS-B,128,128,False,evaluation_budget_exhausted,-1,0.7474806909253859,30.865484911864883,0.7716371227966221,0.016478513753168483,"[2.9390029270972136, 2.8466189248871507, 4.819305305496454, 0.9046749710258302, 2.047369458188658, 1.143288438411055]","[0.7818930019174396, 3.0090165146038865, 4.938025003114168, 1.943979971411181, 2.1216017211589566, 1.129568925357133]",strict objective-evaluation cap 128 reached,paired threshold-hit-trained ideal-statevector QAOA under 128-evaluation cap
n8_d25_s17,8,0.25,17,3,1,0.4,28,0.1875,threshold_hit_probability,L-BFGS-B,128,128,False,evaluation_budget_exhausted,-1,0.9143537472609633,31.551181973372536,0.7887795493343134,0.044676030642887894,"[2.943588083618611, 0.3784052091821176, 4.338096777941077, 2.1837665822181296, 2.6044070241421937, 0.37181669731060685]","[2.213308526081778, 0.2429849762300456, 4.9316202643259075, 2.373589309966504, 2.8175878487915176, 0.39556013071234636]",strict objective-evaluation cap 128 reached,paired threshold-hit-trained ideal-statevector QAOA under 128-evaluation cap
n8_d25_s17,8,0.25,17,3,2,0.4,28,0.1875,threshold_hit_probability,L-BFGS-B,128,128,False,evaluation_budget_exhausted,-1,0.6976563494975763,29.124788977484755,0.7281197244371189,0.08288547266589899,"[5.120661281182125, 1.5722560642719259, 1.8976656653454453, 0.559963587102773, 1.909687960216535, 2.7167648521931165]","[5.141690390530827, 1.4725082276151125, 2.0092188631695973, 1.1317013374414506, 1.6725616365322546, 2.890293175225331]",strict objective-evaluation cap 128 reached,paired threshold-hit-trained ideal-statevector QAOA under 128-evaluation cap
n8_d25_s17,8,0.25,17,3,3,0.4,28,0.1875,threshold_hit_probability,L-BFGS-B,128,128,False,evaluation_budget_exhausted,-1,0.7690267979151434,31.44071167050987,0.7860177917627468,0.1207581363059156,"[3.9113483529296325, 2.818568325363845, 2.078790590352894, 1.9740407822355375, 1.8550770833317833, 1.8628221272335583]","[0.01523164310723642, 0.18009478747117447, 1.1260332707148313, 2.300093476817016, 1.9688803627565368, 3.141592653589793]",strict objective-evaluation cap 128 reached,paired threshold-hit-trained ideal-statevector QAOA under 128-evaluation cap
n8_d25_s17,8,0.25,17,3,4,0.4,28,0.1875,threshold_hit_probability,L-BFGS-B,128,128,False,evaluation_budget_exhausted,-1,0.7687626202145198,28.692741563230538,0.7173185390807635,0.05636318643846804,"[4.682930084380523, 0.153500378338494, 0.2941980284548746, 2.544806542827995, 2.7887683305106137, 2.1802621575356027]","[4.570837813790518, 0.0, 0.20801762884187486, 2.2368787565087773, 3.0036626661294, 1.9570574323807932]",strict objective-evaluation cap 128 reached,paired threshold-hit-trained ideal-statevector QAOA under 128-evaluation cap
n8_d25_s42,8,0.25,42,1,0,0.4,27,0.21875,threshold_hit_probability,L-BFGS-B,128,6,True,optimizer_converged,1,0.21875000000000006,19.000000000000007,0.6129032258064518,0.031250000000000014,"[0.20637564539658199, 0.6763555802320028]","[0.0, 1e-08]",CONVERGENCE: NORM OF PROJECTED GRADIENT <= PGTOL,paired threshold-hit-trained ideal-statevector QAOA under 128-evaluation cap
n8_d25_s42,8,0.25,42,1,1,0.4,27,0.21875,threshold_hit_probability,L-BFGS-B,128,27,True,optimizer_converged,7,0.5295981973041306,25.038842135129855,0.8077045850041888,0.042124824546045984,"[3.4964960501044855, 2.296238484281667]","[3.4467449960425665, 2.1926360387205595]",CONVERGENCE: RELATIVE REDUCTION OF F <= FACTR*EPSMCH,paired threshold-hit-trained ideal-statevector QAOA under 128-evaluation cap
n8_d25_s42,8,0.25,42,1,2,0.4,27,0.21875,threshold_hit_probability,L-BFGS-B,128,33,True,optimizer_converged,8,0.529598197304131,25.038842046773333,0.8077045821539784,0.04212482005494527,"[2.9328989319371384, 1.624370047100687]","[2.8364403121474475, 0.9489566014427632]",CONVERGENCE: RELATIVE REDUCTION OF F <= FACTR*EPSMCH,paired threshold-hit-trained ideal-statevector QAOA under 128-evaluation cap
n8_d25_s42,8,0.25,42,1,3,0.4,27,0.21875,threshold_hit_probability,L-BFGS-B,128,39,True,optimizer_converged,8,0.34003833828287056,21.582578359367254,0.6962122051408791,0.10236557524774485,"[4.8732428644638786, 2.606589830509879]","[4.940155697422526, 2.5354583992488506]",CONVERGENCE: RELATIVE REDUCTION OF F <= FACTR*EPSMCH,paired threshold-hit-trained ideal-statevector QAOA under 128-evaluation cap
n8_d25_s42,8,0.25,42,1,4,0.4,27,0.21875,threshold_hit_probability,L-BFGS-B,128,42,True,optimizer_converged,9,0.39774766159964386,23.6757634320117,0.7637343042584419,0.07197779665355175,"[2.041712925439864, 2.9847574871084217]","[2.1563893414479214, 2.711093046173082]",CONVERGENCE: RELATIVE REDUCTION OF F <= FACTR*EPSMCH,paired threshold-hit-trained ideal-statevector QAOA under 128-evaluation cap
n8_d25_s42,8,0.25,42,2,0,0.4,27,0.21875,threshold_hit_probability,L-BFGS-B,128,95,True,optimizer_converged,14,0.8352009188027243,26.536219593354822,0.8560070836566072,0.009241017428853958,"[1.25537711730846, 1.256598096980045, 1.8269227152026066, 1.8380949330873535]","[1.2616428367534893, 1.3012797346988718, 2.138852357044774, 1.9274324900048598]",CONVERGENCE: RELATIVE REDUCTION OF F <= FACTR*EPSMCH,paired threshold-hit-trained ideal-statevector QAOA under 128-evaluation cap
n8_d25_s42,8,0.25,42,2,1,0.4,27,0.21875,threshold_hit_probability,L-BFGS-B,128,128,False,evaluation_budget_exhausted,-1,0.6380886783477022,25.347045655018857,0.8176466340328663,0.014304588377137878,"[3.805395254919548, 0.5930271977991752, 0.3216504977547977, 1.5685164990725524]","[5.0201652700864745, 0.7612819826539355, 0.5461254368826437, 1.96132455036293]",strict objective-evaluation cap 128 reached,paired threshold-hit-trained ideal-statevector QAOA under 128-evaluation cap
n8_d25_s42,8,0.25,42,2,2,0.4,27,0.21875,threshold_hit_probability,L-BFGS-B,128,115,True,optimizer_converged,17,0.8464979718679297,28.133899370967114,0.9075451409989391,0.07892633821121332,"[0.7920878971385165, 4.002316674515592, 2.3460763147108263, 1.0427026702442903]","[0.629930438036244, 4.099705434466219, 2.2857696600839392, 0.6797586065078278]",CONVERGENCE: RELATIVE REDUCTION OF F <= FACTR*EPSMCH,paired threshold-hit-trained ideal-statevector QAOA under 128-evaluation cap
n8_d25_s42,8,0.25,42,2,3,0.4,27,0.21875,threshold_hit_probability,L-BFGS-B,128,128,False,evaluation_budget_exhausted,-1,0.4484969688190752,24.023303342284706,0.7749452691059583,0.08502330847301628,"[1.4879881240734039, 0.781519005029696, 0.41846388947840785, 1.0343978248034107]","[1.8604396035701312, 0.35721427913406373, 0.3799150540061399, 1.1146173820534453]",strict objective-evaluation cap 128 reached,paired threshold-hit-trained ideal-statevector QAOA under 128-evaluation cap
n8_d25_s42,8,0.25,42,2,4,0.4,27,0.21875,threshold_hit_probability,L-BFGS-B,128,115,True,optimizer_converged,16,0.7693803339783987,26.40295551230983,0.8517082423325751,0.015377090911199485,"[2.6342512448972086, 3.2751163230081075, 0.7959529143104379, 1.1773603523769838]","[4.376133210202762, 1.3370378230402724, 1.053930039094733, 1.8865421620911835]",CONVERGENCE: RELATIVE REDUCTION OF F <= FACTR*EPSMCH,paired threshold-hit-trained ideal-statevector QAOA under 128-evaluation cap
n8_d25_s42,8,0.25,42,3,0,0.4,27,0.21875,threshold_hit_probability,L-BFGS-B,128,128,False,evaluation_budget_exhausted,-1,0.7284372111688495,27.06348451123882,0.8730156293948006,0.29093662035726753,"[2.0160065366212945, 2.604634308465068, 6.078264184281735, 1.185109391838461, 1.5788329013281883, 2.7781404786209194]","[2.1259939019750567, 2.3647615664818162, 6.167452100812949, 1.0763541738216784, 1.8050615394361336, 2.285228011585551]",strict objective-evaluation cap 128 reached,paired threshold-hit-trained ideal-statevector QAOA under 128-evaluation cap
n8_d25_s42,8,0.25,42,3,1,0.4,27,0.21875,threshold_hit_probability,L-BFGS-B,128,128,False,evaluation_budget_exhausted,-1,0.5220133232661703,24.03706635961272,0.7753892374068619,0.07046493756536236,"[1.191659708487728, 2.847209361209139, 0.6258605965245894, 3.119385442209426, 2.451572137036609, 0.9444187184961892]","[1.1631013602930889, 2.8380744424158433, 0.650833824973793, 3.141592653589793, 2.442304452616214, 1.2472134626111429]",strict objective-evaluation cap 128 reached,paired threshold-hit-trained ideal-statevector QAOA under 128-evaluation cap
n8_d25_s42,8,0.25,42,3,2,0.4,27,0.21875,threshold_hit_probability,L-BFGS-B,128,128,False,evaluation_budget_exhausted,-1,0.6040422617051648,24.993048790304186,0.8062273803323932,0.009143652207472671,"[1.2818887031058959, 3.295317247757951, 3.722389922895913, 2.1902986777620987, 2.1856832364292536, 2.018079592544931]","[0.0637513766403816, 0.8899605525216326, 4.146214963512754, 1.742433254186832, 1.6539337822641262, 1.9354404344874914]",strict objective-evaluation cap 128 reached,paired threshold-hit-trained ideal-statevector QAOA under 128-evaluation cap
n8_d25_s42,8,0.25,42,3,3,0.4,27,0.21875,threshold_hit_probability,L-BFGS-B,128,128,False,evaluation_budget_exhausted,-1,0.7065589231556968,26.940235789467472,0.86903986417637,0.065228923848263,"[3.017249343812345, 0.37864442644848934, 5.7744230536663315, 2.9072468852472726, 0.41249256918074007, 1.3621420453177522]","[3.104262582616516, 0.3009156068885052, 5.662385604703981, 2.8364046692703457, 0.6524529430988555, 1.3149778825857261]",strict objective-evaluation cap 128 reached,paired threshold-hit-trained ideal-statevector QAOA under 128-evaluation cap
n8_d25_s42,8,0.25,42,3,4,0.4,27,0.21875,threshold_hit_probability,L-BFGS-B,128,128,False,evaluation_budget_exhausted,-1,0.8902249746185538,27.95437819653344,0.9017541353720465,0.12111867884608853,"[4.8137861002968005, 0.561427363105168, 4.991372358713859, 2.7613469107913735, 1.0385603372058132, 0.2343777390406778]","[4.7235250456671425, 0.685665410440989, 5.002602504122077, 2.373073338377517, 1.1646572812042835, 0.435942631787034]",strict objective-evaluation cap 128 reached,paired threshold-hit-trained ideal-statevector QAOA under 128-evaluation cap
n8_d50_s17,8,0.5,17,1,0,0.4,54,0.0625,threshold_hit_probability,L-BFGS-B,128,39,True,optimizer_converged,11,0.0898408811675351,39.086624166171575,0.6857302485293258,0.028240346235509917,"[5.051676731497436, 3.031890193715183]","[5.025431067809668, 2.7789657085586486]",CONVERGENCE: RELATIVE REDUCTION OF F <= FACTR*EPSMCH,paired threshold-hit-trained ideal-statevector QAOA under 128-evaluation cap
n8_d50_s17,8,0.5,17,1,1,0.4,54,0.0625,threshold_hit_probability,L-BFGS-B,128,36,True,optimizer_converged,10,0.11536443357052645,42.09770552976516,0.738556237364301,0.018947642946301906,"[2.789544461138636, 1.3130708465109493]","[2.895651321474908, 1.1804030230700273]",CONVERGENCE: RELATIVE REDUCTION OF F <= FACTR*EPSMCH,paired threshold-hit-trained ideal-statevector QAOA under 128-evaluation cap
n8_d50_s17,8,0.5,17,1,2,0.4,54,0.0625,threshold_hit_probability,L-BFGS-B,128,6,True,optimizer_converged,1,0.06250000000000003,38.0,0.6666666666666666,0.015625,"[3.6123971605547465, 0.057052296819735886]","[3.6506390720994575, 0.0]",CONVERGENCE: NORM OF PROJECTED GRADIENT <= PGTOL,paired threshold-hit-trained ideal-statevector QAOA under 128-evaluation cap
n8_d50_s17,8,0.5,17,1,3,0.4,54,0.0625,threshold_hit_probability,L-BFGS-B,128,27,True,optimizer_converged,7,0.09697735972909277,40.87997248723582,0.717192499776067,0.007797468547806408,"[1.2426304348677093, 0.9503366682941885]","[1.2222587046752516, 0.9231534018029198]",CONVERGENCE: RELATIVE REDUCTION OF F <= FACTR*EPSMCH,paired threshold-hit-trained ideal-statevector QAOA under 128-evaluation cap
n8_d50_s17,8,0.5,17,1,4,0.4,54,0.0625,threshold_hit_probability,L-BFGS-B,128,39,True,optimizer_converged,10,0.10130640145141304,40.19220589679263,0.7051264192419759,0.039191180470639214,"[1.900794867965427, 1.6610116808692168]","[1.7646152751319797, 1.8677347543372531]",CONVERGENCE: NORM OF PROJECTED GRADIENT <= PGTOL,paired threshold-hit-trained ideal-statevector QAOA under 128-evaluation cap
n8_d50_s17,8,0.5,17,2,0,0.4,54,0.0625,threshold_hit_probability,L-BFGS-B,128,128,False,evaluation_budget_exhausted,-1,0.20439837835899693,41.504272793976085,0.7281451367364226,0.047078877610718925,"[3.5762104217106288, 4.923008700527674, 1.0528968216528032, 3.113557721285924]","[3.636733330867973, 4.922293113126391, 0.5998555749433596, 2.591111970855165]",strict objective-evaluation cap 128 reached,paired threshold-hit-trained ideal-statevector QAOA under 128-evaluation cap
n8_d50_s17,8,0.5,17,2,1,0.4,54,0.0625,threshold_hit_probability,L-BFGS-B,128,128,False,evaluation_budget_exhausted,-1,0.10094284905839987,38.726888449552476,0.6794190956061837,0.017116158593798045,"[2.07268407948154, 3.2390362622240674, 3.0982220222556887, 0.34059088751380107]","[2.734196253779763, 2.2464086113971495, 1.3148327608861698, 0.8294706682489532]",strict objective-evaluation cap 128 reached,paired threshold-hit-trained ideal-statevector QAOA under 128-evaluation cap
n8_d50_s17,8,0.5,17,2,2,0.4,54,0.0625,threshold_hit_probability,L-BFGS-B,128,128,False,evaluation_budget_exhausted,-1,0.3145803657878304,47.40424022984391,0.8316533373656826,0.12006578203232104,"[6.092132923698238, 2.085644782161633, 0.37105992803543014, 2.462544533508908]","[4.449735616167605, 1.71899036319341, 0.18111885242895887, 2.7383977552946495]",strict objective-evaluation cap 128 reached,paired threshold-hit-trained ideal-statevector QAOA under 128-evaluation cap
n8_d50_s17,8,0.5,17,2,3,0.4,54,0.0625,threshold_hit_probability,L-BFGS-B,128,95,True,optimizer_converged,15,0.21755995558529934,44.773255346887126,0.785495707840125,0.062396821112602675,"[3.6018003109204035, 0.5054515992356343, 2.2272660364213923, 2.1574698854563636]","[3.6057276455793743, 0.5796949559305525, 2.582475475506184, 1.8459265891662215]",CONVERGENCE: RELATIVE REDUCTION OF F <= FACTR*EPSMCH,paired threshold-hit-trained ideal-statevector QAOA under 128-evaluation cap
n8_d50_s17,8,0.5,17,2,4,0.4,54,0.0625,threshold_hit_probability,L-BFGS-B,128,75,True,optimizer_converged,11,0.10798991831307314,41.23482981153391,0.723418066869016,0.048898708781272344,"[1.6246089445158347, 6.03311563692547, 2.8606367985137204, 1.528373767329627]","[1.6363533769050014, 6.0823026810883185, 3.141592653589793, 1.1950355600110998]",CONVERGENCE: RELATIVE REDUCTION OF F <= FACTR*EPSMCH,paired threshold-hit-trained ideal-statevector QAOA under 128-evaluation cap
n8_d50_s17,8,0.5,17,3,0,0.4,54,0.0625,threshold_hit_probability,L-BFGS-B,128,128,False,evaluation_budget_exhausted,-1,0.19448843961947854,42.85902904803215,0.7519127903163535,0.05026281134951683,"[0.2978622891110668, 4.822057794337756, 2.176388370835876, 2.860556762835489, 2.3688318891588933, 2.6620089726762712]","[0.0, 6.11923690435811, 0.3238883177835732, 3.0820545852206296, 1.1780218170919265, 3.042113644950301]",strict objective-evaluation cap 128 reached,paired threshold-hit-trained ideal-statevector QAOA under 128-evaluation cap
n8_d50_s17,8,0.5,17,3,1,0.4,54,0.0625,threshold_hit_probability,L-BFGS-B,128,128,False,evaluation_budget_exhausted,-1,0.1934688096930629,42.139805161262785,0.7392948273905752,0.08933250712830441,"[0.6660703380824209, 3.8136328004930355, 0.5158866340117982, 2.274821885358295, 1.1763446470411745, 2.6392840366332235]","[0.7401855917502165, 3.549164087248489, 0.22728846962433036, 2.2282177590769434, 1.3834234360170714, 2.782223372542548]",strict objective-evaluation cap 128 reached,paired threshold-hit-trained ideal-statevector QAOA under 128-evaluation cap
n8_d50_s17,8,0.5,17,3,2,0.4,54,0.0625,threshold_hit_probability,L-BFGS-B,128,128,False,evaluation_budget_exhausted,-1,0.3953333997904779,49.53200627416619,0.8689825662134419,0.1378673362086439,"[0.8571750630774428, 5.74382692391775, 3.710629044744768, 2.105365695335248, 0.24172032505680913, 1.7791112781642884]","[0.09945575760602256, 4.944452714813447, 3.890951921107969, 1.9400975485176941, 0.01775044612791202, 1.7506196639961298]",strict objective-evaluation cap 128 reached,paired threshold-hit-trained ideal-statevector QAOA under 128-evaluation cap
n8_d50_s17,8,0.5,17,3,3,0.4,54,0.0625,threshold_hit_probability,L-BFGS-B,128,128,False,evaluation_budget_exhausted,-1,0.16797458993828937,43.516764996631075,0.7634520174847557,0.056199235546256956,"[2.193581318800814, 3.088579212444594, 5.414724573109863, 0.77496584939203, 1.255104814848536, 1.8753828868354938]","[1.563690693688197, 0.9383127415104209, 6.259067352052535, 0.12512897039612347, 0.7963166287611712, 1.1139669511024106]",strict objective-evaluation cap 128 reached,paired threshold-hit-trained ideal-statevector QAOA under 128-evaluation cap
n8_d50_s17,8,0.5,17,3,4,0.4,54,0.0625,threshold_hit_probability,L-BFGS-B,128,128,False,evaluation_budget_exhausted,-1,0.3392133079600949,47.92839376578141,0.8408490134347616,0.09366012023310141,"[3.3537127636467297, 2.744460284216726, 6.187554811344345, 0.38070190669169357, 2.5688363482417182, 1.834919555599627]","[3.4011883513038716, 2.771758600885297, 6.283185307179586, 0.10143878241776376, 2.6099824265061273, 1.7539569390024192]",strict objective-evaluation cap 128 reached,paired threshold-hit-trained ideal-statevector QAOA under 128-evaluation cap
n8_d50_s42,8,0.5,42,1,0,0.4,54,0.046875,threshold_hit_probability,L-BFGS-B,128,48,True,optimizer_converged,11,0.06364959656189538,38.589344827926,0.6431557471321,0.039993417704882184,"[3.018811885674506, 2.4123042933146874]","[2.5312466988850386, 2.3029472524457186]",CONVERGENCE: RELATIVE REDUCTION OF F <= FACTR*EPSMCH,paired threshold-hit-trained ideal-statevector QAOA under 128-evaluation cap
n8_d50_s42,8,0.5,42,1,1,0.4,54,0.046875,threshold_hit_probability,L-BFGS-B,128,36,True,optimizer_converged,9,0.07417400326486022,38.83943200862478,0.6473238668104131,0.02251275112583627,"[4.020409131541601, 1.1989126410044761]","[4.081548079711294, 1.1096187474816859]",CONVERGENCE: RELATIVE REDUCTION OF F <= FACTR*EPSMCH,paired threshold-hit-trained ideal-statevector QAOA under 128-evaluation cap
n8_d50_s42,8,0.5,42,1,2,0.4,54,0.046875,threshold_hit_probability,L-BFGS-B,128,63,True,optimizer_converged,10,0.062102399960556984,36.859727457113046,0.6143287909518841,3.623346012445697e-05,"[5.761984882806038, 1.453355953833506]","[5.845086710135215, 1.1488133032091947]",CONVERGENCE: RELATIVE REDUCTION OF F <= FACTR*EPSMCH,paired threshold-hit-trained ideal-statevector QAOA under 128-evaluation cap
n8_d50_s42,8,0.5,42,1,3,0.4,54,0.046875,threshold_hit_probability,L-BFGS-B,128,42,True,optimizer_converged,9,0.07525368829135269,39.30309552947112,0.655051592157852,0.01490336039147858,"[3.584130723048659, 1.3357041968923982]","[3.5034551324800884, 1.2186510218405175]",CONVERGENCE: RELATIVE REDUCTION OF F <= FACTR*EPSMCH,paired threshold-hit-trained ideal-statevector QAOA under 128-evaluation cap
n8_d50_s42,8,0.5,42,1,4,0.4,54,0.046875,threshold_hit_probability,L-BFGS-B,128,72,True,optimizer_converged,14,0.10638789644757293,39.939034983130085,0.6656505830521681,0.018778559085150828,"[0.19907268504416242, 1.0422977673272638]","[0.7560150674132784, 0.3407751056049552]",CONVERGENCE: RELATIVE REDUCTION OF F <= FACTR*EPSMCH,paired threshold-hit-trained ideal-statevector QAOA under 128-evaluation cap
n8_d50_s42,8,0.5,42,2,0,0.4,54,0.046875,threshold_hit_probability,L-BFGS-B,128,95,True,optimizer_converged,15,0.09533393748703682,39.47335517934145,0.6578892529890242,0.042443015096625486,"[4.506602886118095, 4.764891821658984, 2.754293642314336, 0.6726162490065178]","[4.556085139907195, 4.760736721216581, 2.728425952357603, 0.6749004593877196]",CONVERGENCE: RELATIVE REDUCTION OF F <= FACTR*EPSMCH,paired threshold-hit-trained ideal-statevector QAOA under 128-evaluation cap
n8_d50_s42,8,0.5,42,2,1,0.4,54,0.046875,threshold_hit_probability,L-BFGS-B,128,125,True,optimizer_converged,18,0.14949546708458236,38.97831127464873,0.6496385212441456,0.06896027627921351,"[5.2444083957538545, 2.3795622014392404, 0.10020866122443121, 1.8249134218371261]","[5.336820607883253, 2.3721501917985717, 0.4062306517571582, 2.0289926538767347]",CONVERGENCE: RELATIVE REDUCTION OF F <= FACTR*EPSMCH,paired threshold-hit-trained ideal-statevector QAOA under 128-evaluation cap
n8_d50_s42,8,0.5,42,2,2,0.4,54,0.046875,threshold_hit_probability,L-BFGS-B,128,100,True,optimizer_converged,14,0.17355457787160128,41.22066042484272,0.6870110070807119,0.07717942770463243,"[1.8493867483156932, 1.487965764372294, 0.6748575805596249, 2.379418266237311]","[1.942234953993104, 1.5375730530624596, 0.4644139188243629, 2.2883891356233486]",CONVERGENCE: RELATIVE REDUCTION OF F <= FACTR*EPSMCH,paired threshold-hit-trained ideal-statevector QAOA under 128-evaluation cap
n8_d50_s42,8,0.5,42,2,3,0.4,54,0.046875,threshold_hit_probability,L-BFGS-B,128,128,False,evaluation_budget_exhausted,-1,0.12420281044781074,40.38122457528621,0.6730204095881035,0.10392050698407078,"[5.128887712876984, 3.4256824942710558, 2.706233384613543, 2.6373335178561095]","[4.958351312689425, 3.6341605730315307, 3.141592653589793, 2.562971900008264]",strict objective-evaluation cap 128 reached,paired threshold-hit-trained ideal-statevector QAOA under 128-evaluation cap
n8_d50_s42,8,0.5,42,2,4,0.4,54,0.046875,threshold_hit_probability,L-BFGS-B,128,128,False,evaluation_budget_exhausted,-1,0.23018590591037089,42.09968474416648,0.7016614124027747,0.09874777858232987,"[6.171136635533389, 5.503092872638832, 1.4947799535459967, 0.35303875686984854]","[5.869406610458466, 5.507616698335115, 1.9293526661422686, 0.4357348136366085]",strict objective-evaluation cap 128 reached,paired threshold-hit-trained ideal-statevector QAOA under 128-evaluation cap
n8_d50_s42,8,0.5,42,3,0,0.4,54,0.046875,threshold_hit_probability,L-BFGS-B,128,128,False,evaluation_budget_exhausted,-1,0.20449230082039171,42.922443398786456,0.7153740566464409,0.02664941906026181,"[1.6088679399264276, 4.844009893052649, 1.0473466324073637, 2.4878132957817813, 0.5344757843508744, 1.8620376998749257]","[1.8300513848304252, 4.245367036463884, 0.9413967904828565, 2.527722693920077, 0.4067532847026535, 1.761970234162844]",strict objective-evaluation cap 128 reached,paired threshold-hit-trained ideal-statevector QAOA under 128-evaluation cap
n8_d50_s42,8,0.5,42,3,1,0.4,54,0.046875,threshold_hit_probability,L-BFGS-B,128,128,False,evaluation_budget_exhausted,-1,0.16895444403619922,39.79079785897359,0.6631799643162265,0.09477385861035187,"[3.465112900550294, 4.774140626516596, 5.5515963875621095, 0.3665432245623078, 2.4955944827738814, 1.4062515423359203]","[2.9528876989628077, 4.378243711323243, 5.328457096764457, 0.751342458224191, 2.4332473488954425, 1.3013510749193815]",strict objective-evaluation cap 128 reached,paired threshold-hit-trained ideal-statevector QAOA under 128-evaluation cap
n8_d50_s42,8,0.5,42,3,2,0.4,54,0.046875,threshold_hit_probability,L-BFGS-B,128,128,False,evaluation_budget_exhausted,-1,0.29637683820067706,47.84153551659578,0.7973589252765964,0.1675165180863605,"[6.150405074947896, 3.6806088487129354, 2.662026649028952, 2.9126086950609595, 1.9908769410442062, 2.388934891407662]","[6.283185297179586, 4.264944275012449, 1.9244886921492135, 3.0599823736933995, 1.3475953038016393, 2.766668906685506]",strict objective-evaluation cap 128 reached,paired threshold-hit-trained ideal-statevector QAOA under 128-evaluation cap
n8_d50_s42,8,0.5,42,3,3,0.4,54,0.046875,threshold_hit_probability,L-BFGS-B,128,128,False,evaluation_budget_exhausted,-1,0.13559132522858147,40.58662598552664,0.676443766425444,0.062252194052348435,"[3.637323339892666, 2.0310887411474714, 2.7227928984908365, 1.8993027769401312, 0.4925563884022112, 0.5972620576359374]","[3.621309731508442, 1.9601124511294166, 2.7067485191434284, 2.0432881913605767, 0.40737796608357907, 0.5519212579088544]",strict objective-evaluation cap 128 reached,paired threshold-hit-trained ideal-statevector QAOA under 128-evaluation cap
n8_d50_s42,8,0.5,42,3,4,0.4,54,0.046875,threshold_hit_probability,L-BFGS-B,128,128,False,evaluation_budget_exhausted,-1,0.21736878418091068,42.432420471653984,0.7072070078608997,0.03285138825310962,"[1.8703394432015399, 2.3775924210854633, 6.195945228352236, 3.0150122493386693, 0.9674357493485727, 2.3103637189212005]","[1.9601981618319633, 2.4161182607977216, 6.114213319863635, 2.731825523797613, 0.9878947555545055, 2.273187346875377]",strict objective-evaluation cap 128 reached,paired threshold-hit-trained ideal-statevector QAOA under 128-evaluation cap
n8_d75_s17,8,0.75,17,1,0,0.4,77,0.078125,threshold_hit_probability,L-BFGS-B,128,39,True,optimizer_converged,9,0.1500882778595592,61.084352696634426,0.6787150299626047,0.008430786988034395,"[5.608367186104363, 1.532328699936925]","[5.488834931281048, 1.2326470021183127]",CONVERGENCE: RELATIVE REDUCTION OF F <= FACTR*EPSMCH,paired threshold-hit-trained ideal-statevector QAOA under 128-evaluation cap
n8_d75_s17,8,0.75,17,1,1,0.4,77,0.078125,threshold_hit_probability,L-BFGS-B,128,24,True,optimizer_converged,5,0.078125,59.5,0.6611111111111111,0.007812499999999998,"[4.799093348586187, 3.031293841932629]","[4.811028250922527, 3.141592653589793]",CONVERGENCE: NORM OF PROJECTED GRADIENT <= PGTOL,paired threshold-hit-trained ideal-statevector QAOA under 128-evaluation cap
n8_d75_s17,8,0.75,17,1,2,0.4,77,0.078125,threshold_hit_probability,L-BFGS-B,128,60,True,optimizer_converged,10,0.1616629652718705,62.17091458069814,0.6907879397855349,0.00622058987620073,"[4.4990288554162685, 2.429950690867916]","[2.296739541567696, 1.9541006209085952]",CONVERGENCE: RELATIVE REDUCTION OF F <= FACTR*EPSMCH,paired threshold-hit-trained ideal-statevector QAOA under 128-evaluation cap
n8_d75_s17,8,0.75,17,1,3,0.4,77,0.078125,threshold_hit_probability,L-BFGS-B,128,39,True,optimizer_converged,7,0.1112501248857878,62.44487703264161,0.6938319670293512,0.0005379068414233852,"[4.835073406330755, 0.985442727873054]","[4.890495821279927, 1.049654740408768]",CONVERGENCE: RELATIVE REDUCTION OF F <= FACTR*EPSMCH,paired threshold-hit-trained ideal-statevector QAOA under 128-evaluation cap
n8_d75_s17,8,0.75,17,1,4,0.4,77,0.078125,threshold_hit_probability,L-BFGS-B,128,33,True,optimizer_converged,9,0.20367353919560538,63.640431470543845,0.707115905228265,0.0022764948765023304,"[0.3444656990667415, 2.539525840214222]","[0.3100464674364261, 2.6548061721269423]",CONVERGENCE: NORM OF PROJECTED GRADIENT <= PGTOL,paired threshold-hit-trained ideal-statevector QAOA under 128-evaluation cap
n8_d75_s17,8,0.75,17,2,0,0.4,77,0.078125,threshold_hit_probability,L-BFGS-B,128,100,True,optimizer_converged,14,0.17310999714073763,64.44753347907887,0.7160837053230986,0.01886162328549923,"[4.93517400189025, 4.76044287132753, 0.4799850386001601, 2.571224811901756]","[4.642327461844459, 4.603171184476675, 0.34820558739747537, 2.9596109842798874]",CONVERGENCE: RELATIVE REDUCTION OF F <= FACTR*EPSMCH,paired threshold-hit-trained ideal-statevector QAOA under 128-evaluation cap
n8_d75_s17,8,0.75,17,2,1,0.4,77,0.078125,threshold_hit_probability,L-BFGS-B,128,128,False,evaluation_budget_exhausted,-1,0.20378029648105947,62.69628341246852,0.6966253712496502,0.026317689269612414,"[5.347742284476966, 2.766526720286683, 1.417936856815011, 0.6393180313229744]","[5.48196729152133, 2.6519131396377205, 1.1322949987867257, 0.5796028385513544]",strict objective-evaluation cap 128 reached,paired threshold-hit-trained ideal-statevector QAOA under 128-evaluation cap
n8_d75_s17,8,0.75,17,2,2,0.4,77,0.078125,threshold_hit_probability,L-BFGS-B,128,128,False,evaluation_budget_exhausted,-1,0.23353201144123356,62.74832442040831,0.6972036046712035,0.005477450012128742,"[4.885801320254037, 1.9004345327597603, 1.1274059169399762, 1.7590741111285944]","[4.837377838168796, 1.834985534905085, 1.4436066559702043, 1.9762924578010033]",strict objective-evaluation cap 128 reached,paired threshold-hit-trained ideal-statevector QAOA under 128-evaluation cap
n8_d75_s17,8,0.75,17,2,3,0.4,77,0.078125,threshold_hit_probability,L-BFGS-B,128,128,False,evaluation_budget_exhausted,-1,0.11815530724152568,60.57238475374757,0.6730264972638619,0.025859933196529232,"[4.701316087650288, 2.7008063207308917, 1.4150813250207037, 0.8016697864887622]","[5.012034783826483, 2.917555965854098, 1.3139644821073106, 1.075472784261843]",strict objective-evaluation cap 128 reached,paired threshold-hit-trained ideal-statevector QAOA under 128-evaluation cap
n8_d75_s17,8,0.75,17,2,4,0.4,77,0.078125,threshold_hit_probability,L-BFGS-B,128,128,False,evaluation_budget_exhausted,-1,0.18596774701354815,62.53583406656429,0.6948426007396032,0.02204185041002743,"[2.5694513664800853, 0.962285574203138, 0.4118283080696081, 0.5327218752290279]","[0.7945723116068026, 0.35493511416752055, 0.5254144773187893, 0.3115295955606209]",strict objective-evaluation cap 128 reached,paired threshold-hit-trained ideal-statevector QAOA under 128-evaluation cap
n8_d75_s17,8,0.75,17,3,0,0.4,77,0.078125,threshold_hit_probability,L-BFGS-B,128,128,False,evaluation_budget_exhausted,-1,0.1982583076465098,62.48399894693538,0.6942666549659486,0.004813896298721227,"[2.0245575638104247, 0.4408522646940181, 4.920628174094849, 1.866170202711925, 1.8493782831931562, 1.675031223356305]","[2.2957669680503203, 0.4130741100806847, 4.941053264172975, 1.9185990083580708, 1.815513731845976, 1.355437134803286]",strict objective-evaluation cap 128 reached,paired threshold-hit-trained ideal-statevector QAOA under 128-evaluation cap
n8_d75_s17,8,0.75,17,3,1,0.4,77,0.078125,threshold_hit_probability,L-BFGS-B,128,128,False,evaluation_budget_exhausted,-1,0.26828553748876116,64.68942630329934,0.7187714033699927,0.005393039812730018,"[2.152993335428867, 4.920464555556979, 5.235110136683528, 2.6046174826955535, 2.4164611421070306, 0.06103833578802175]","[2.3531673940087545, 4.888189753323132, 5.328544458226395, 2.5988633668345327, 2.2802313838501913, 0.08117600619757355]",strict objective-evaluation cap 128 reached,paired threshold-hit-trained ideal-statevector QAOA under 128-evaluation cap
n8_d75_s17,8,0.75,17,3,2,0.4,77,0.078125,threshold_hit_probability,L-BFGS-B,128,128,False,evaluation_budget_exhausted,-1,0.145011956116628,60.33795104507593,0.6704216782786214,0.006744292415260032,"[1.8978217339885273, 1.7704335423456883, 0.9327367377425404, 2.5671869261999833, 2.3364114302035355, 1.6553841951582642]","[1.903054734668222, 1.7109624359786773, 0.9892049161735096, 2.600754890219319, 2.6108426440460866, 1.556102474609573]",strict objective-evaluation cap 128 reached,paired threshold-hit-trained ideal-statevector QAOA under 128-evaluation cap
n8_d75_s17,8,0.75,17,3,3,0.4,77,0.078125,threshold_hit_probability,L-BFGS-B,128,128,False,evaluation_budget_exhausted,-1,0.1579830337728142,61.916978326317846,0.6879664258479761,0.04134561965131111,"[3.222358985949057, 6.196133717355687, 2.0431325328274013, 1.2929004354855829, 2.735569418439056, 1.8755898480611521]","[1.619793021368664, 5.305283515687376, 1.5891890755161695, 1.0628543539882076, 2.6485835211408375, 1.6145403945669354]",strict objective-evaluation cap 128 reached,paired threshold-hit-trained ideal-statevector QAOA under 128-evaluation cap
n8_d75_s17,8,0.75,17,3,4,0.4,77,0.078125,threshold_hit_probability,L-BFGS-B,128,128,False,evaluation_budget_exhausted,-1,0.3592969283387712,71.6411923056649,0.7960132478407211,0.08731846832205235,"[1.8227323372099997, 2.426646389048152, 1.6315865026597915, 0.13113571351399014, 1.4931681276895328, 1.1097548267345145]","[1.9446196390075843, 2.5441970854780767, 1.7207876121304377, 0.11033838008558863, 1.5241193483818631, 1.209123608365712]",strict objective-evaluation cap 128 reached,paired threshold-hit-trained ideal-statevector QAOA under 128-evaluation cap
n8_d75_s42,8,0.75,42,1,0,0.4,81,0.0546875,threshold_hit_probability,L-BFGS-B,128,72,True,optimizer_converged,10,0.07712551547003087,61.47226190393068,0.6681767598253334,0.008148496403070308,"[0.2531229341468794, 2.9746836754128174]","[0.22333247757776417, 2.8281880927719145]",CONVERGENCE: RELATIVE REDUCTION OF F <= FACTR*EPSMCH,paired threshold-hit-trained ideal-statevector QAOA under 128-evaluation cap
n8_d75_s42,8,0.75,42,1,1,0.4,81,0.0546875,threshold_hit_probability,L-BFGS-B,128,51,True,optimizer_converged,8,0.10823031958453047,63.76599986409134,0.6931086941749058,0.01281709305472292,"[2.637320659606053, 1.322461969988501]","[4.803620586790749, 1.2436806064848271]",CONVERGENCE: RELATIVE REDUCTION OF F <= FACTR*EPSMCH,paired threshold-hit-trained ideal-statevector QAOA under 128-evaluation cap
n8_d75_s42,8,0.75,42,1,2,0.4,81,0.0546875,threshold_hit_probability,L-BFGS-B,128,36,True,optimizer_converged,9,0.08258926580291194,62.38187022214839,0.6780638067624826,0.02339989272992342,"[3.6161847233232867, 0.36535578460065704]","[3.620148088733749, 0.5336316085342083]",CONVERGENCE: RELATIVE REDUCTION OF F <= FACTR*EPSMCH,paired threshold-hit-trained ideal-statevector QAOA under 128-evaluation cap
n8_d75_s42,8,0.75,42,1,3,0.4,81,0.0546875,threshold_hit_probability,L-BFGS-B,128,36,True,optimizer_converged,8,0.08974637114267747,61.31950490780919,0.6665163576935782,0.00690830229607772,"[4.403004496656682, 0.8487125716267351]","[3.901984512633505, 0.9510648806323829]",CONVERGENCE: RELATIVE REDUCTION OF F <= FACTR*EPSMCH,paired threshold-hit-trained ideal-statevector QAOA under 128-evaluation cap
n8_d75_s42,8,0.75,42,1,4,0.4,81,0.0546875,threshold_hit_probability,L-BFGS-B,128,48,True,optimizer_converged,9,0.09033499627474108,63.80893166621637,0.693575344198004,0.02379970442229697,"[5.43243682158435, 2.1946432015431188]","[5.386161383261046, 2.137209038235623]",CONVERGENCE: RELATIVE REDUCTION OF F <= FACTR*EPSMCH,paired threshold-hit-trained ideal-statevector QAOA under 128-evaluation cap
n8_d75_s42,8,0.75,42,2,0,0.4,81,0.0546875,threshold_hit_probability,L-BFGS-B,128,128,False,evaluation_budget_exhausted,-1,0.18886985819993282,69.32544796571312,0.7535374778881861,0.07939701732380715,"[3.7309027959663137, 5.872690378677106, 1.3077809197173071, 1.8296610072897823]","[3.669698241427257, 5.8377379964850515, 1.5044129859766873, 2.122880612593049]",strict objective-evaluation cap 128 reached,paired threshold-hit-trained ideal-statevector QAOA under 128-evaluation cap
n8_d75_s42,8,0.75,42,2,1,0.4,81,0.0546875,threshold_hit_probability,L-BFGS-B,128,105,True,optimizer_converged,15,0.14838388453447135,65.8817462340859,0.7161059373270205,0.04681562000372548,"[2.2182865572793515, 0.6601486496077382, 0.38116396825316257, 1.8098943610305889]","[1.9368342966084229, 0.2364139273240684, 0.30213844909560045, 1.8536300696070147]",CONVERGENCE: RELATIVE REDUCTION OF F <= FACTR*EPSMCH,paired threshold-hit-trained ideal-statevector QAOA under 128-evaluation cap
n8_d75_s42,8,0.75,42,2,2,0.4,81,0.0546875,threshold_hit_probability,L-BFGS-B,128,110,True,optimizer_converged,17,0.174170620245497,64.32599744123763,0.6991956243612786,0.009664562527936836,"[2.9002255857771067, 5.750016369737211, 1.9638261838611144, 2.839207158187787]","[2.9232806188239158, 5.767517702560579, 2.1356249481291876, 2.671324290388305]",CONVERGENCE: RELATIVE REDUCTION OF F <= FACTR*EPSMCH,paired threshold-hit-trained ideal-statevector QAOA under 128-evaluation cap
n8_d75_s42,8,0.75,42,2,3,0.4,81,0.0546875,threshold_hit_probability,L-BFGS-B,128,80,True,optimizer_converged,13,0.0790975791174735,61.59981572199314,0.6695632143694906,0.003758340915593968,"[1.5947534034932265, 1.0892812784854902, 0.6426658081285848, 2.9141513177097584]","[0.6075491662951584, 1.2575119373223211, 0.6183730009969446, 3.141592653589793]",CONVERGENCE: RELATIVE REDUCTION OF F <= FACTR*EPSMCH,paired threshold-hit-trained ideal-statevector QAOA under 128-evaluation cap
n8_d75_s42,8,0.75,42,2,4,0.4,81,0.0546875,threshold_hit_probability,L-BFGS-B,128,128,False,evaluation_budget_exhausted,-1,0.20018255181258965,66.18597881790637,0.7194128132381128,0.0902559754640504,"[5.932292765934425, 3.3431224500732992, 2.8291579301286682, 1.619786061740647]","[5.884279935978334, 3.221257563233577, 2.4770131916544824, 1.9618572288101792]",strict objective-evaluation cap 128 reached,paired threshold-hit-trained ideal-statevector QAOA under 128-evaluation cap
n8_d75_s42,8,0.75,42,3,0,0.4,81,0.0546875,threshold_hit_probability,L-BFGS-B,128,128,False,evaluation_budget_exhausted,-1,0.17288972203878164,64.92507590022106,0.7057073467415332,0.01418904539624259,"[4.274442966956903, 4.000995007299318, 2.283548669138687, 0.8819965231372797, 2.9720113442393443, 1.0720411148747284]","[4.34915049790493, 4.124419500943353, 2.4011788828502523, 0.9998929229535722, 2.8176033918935395, 1.0846825952201267]",strict objective-evaluation cap 128 reached,paired threshold-hit-trained ideal-statevector QAOA under 128-evaluation cap
n8_d75_s42,8,0.75,42,3,1,0.4,81,0.0546875,threshold_hit_probability,L-BFGS-B,128,128,False,evaluation_budget_exhausted,-1,0.30636868065710493,71.36371340170746,0.775692536975081,0.18041349771269502,"[3.1726408072780097, 5.508078656219765, 5.791963008265988, 1.09804390347841, 2.7442133779155786, 1.8578722024469567]","[3.2082559133975384, 5.558612164596826, 5.755199423623283, 0.8011219264259607, 2.9667303439928574, 1.9534741405236231]",strict objective-evaluation cap 128 reached,paired threshold-hit-trained ideal-statevector QAOA under 128-evaluation cap
n8_d75_s42,8,0.75,42,3,2,0.4,81,0.0546875,threshold_hit_probability,L-BFGS-B,128,128,False,evaluation_budget_exhausted,-1,0.1189669424585258,62.07450285115624,0.6747228570777852,0.029684911966848207,"[0.10277522504731275, 0.49881250462158505, 3.394122767273571, 2.695748134965678, 0.754475999266837, 2.1000931720047884]","[0.5627285392719144, 1.428940780973861, 3.0467210822058353, 2.5802252048726793, 0.6823635563207533, 2.150049043536538]",strict objective-evaluation cap 128 reached,paired threshold-hit-trained ideal-statevector QAOA under 128-evaluation cap
n8_d75_s42,8,0.75,42,3,3,0.4,81,0.0546875,threshold_hit_probability,L-BFGS-B,128,128,False,evaluation_budget_exhausted,-1,0.12701941367571695,64.2920417274064,0.6988265405152869,0.02994520538314612,"[5.280934008439731, 3.922180251109052, 2.946567590670991, 2.669020492550295, 1.5913278046961101, 0.5550859673420202]","[5.255443785776604, 3.653073832445403, 2.672409545297361, 2.743360544069146, 1.706396870607711, 0.6935625394537094]",strict objective-evaluation cap 128 reached,paired threshold-hit-trained ideal-statevector QAOA under 128-evaluation cap
n8_d75_s42,8,0.75,42,3,4,0.4,81,0.0546875,threshold_hit_probability,L-BFGS-B,128,128,False,evaluation_budget_exhausted,-1,0.30750181240732033,73.43189351091814,0.7981727555534581,0.053825070910664845,"[6.038752927480387, 4.290553302462389, 4.108028340044944, 1.1082723864893171, 1.2938111217838428, 0.16744027700592318]","[6.212506603061275, 4.833404819660554, 4.157858880393944, 1.1951951254059479, 1.444076127798513, 0.040663541988687074]",strict objective-evaluation cap 128 reached,paired threshold-hit-trained ideal-statevector QAOA under 128-evaluation cap
