instance_id,n,density_target,graph_seed,p,optimizer_seed,success,nit,nfev,optimizer,maxiter,T_opt_s,expected_cut,approx_ratio,p_opt_exact,final_shots,hits_opt,p_opt_sample,p_opt_ci_lo,p_opt_ci_hi,initial_params,final_params,message,threshold_q090,rho_uniform_q090,p_target_exact_q090,expected_repetitions_q090,threshold_q095,rho_uniform_q095,p_target_exact_q095,expected_repetitions_q095,threshold_q100,rho_uniform_q100,p_target_exact_q100,expected_repetitions_q100,oper_threshold_l025,oper_rho_uniform_l025,oper_feasible_l025,oper_p_target_exact_l025,oper_expected_repetitions_l025,oper_threshold_l040,oper_rho_uniform_l040,oper_feasible_l040,oper_p_target_exact_l040,oper_expected_repetitions_l040,oper_threshold_l055,oper_rho_uniform_l055,oper_feasible_l055,oper_p_target_exact_l055,oper_expected_repetitions_l055
n10_d25_s17,10,0.25,17,1,0,True,5,27,L-BFGS-B,60,0.007880633999775455,33.70555264652121,0.571280553330868,0.016285120248239096,4096,59,0.014404296875,0.011183814817094736,0.01853476333878874,"[3.5287294141677674, 2.820136066220062]","[3.504581698303302, 2.748893585809978]",CONVERGENCE: NORM OF PROJECTED GRADIENT <= PGTOL,54,0.0078125,0.03279113551423036,30.496046700366026,57,0.0078125,0.03279113551423036,30.496046700366026,59,0.00390625,0.016285120248239096,61.4057486071145,37,0.21484375,True,0.3935603298922351,2.5409064990717445,42,0.0859375,True,0.19246716463351882,5.195691441208287,46,0.05078125,True,0.13882979378471205,7.203064794223732
n10_d25_s17,10,0.25,17,1,1,True,9,45,L-BFGS-B,60,0.012794279999980063,42.02933166366745,0.7123615536214822,0.07657573940019098,4096,330,0.08056640625,0.07261905343815052,0.08929975866431696,"[0.03150364209054807, 2.2509822567250026]","[0.11359467372725163, 1.9634954118423158]",CONVERGENCE: NORM OF PROJECTED GRADIENT <= PGTOL,54,0.0078125,0.13685635502710514,7.3069314158041445,57,0.0078125,0.13685635502710514,7.3069314158041445,59,0.00390625,0.07657573940019098,13.058966297065961,37,0.21484375,True,0.6886635929845443,1.4520877975648163,42,0.0859375,True,0.4833616564817924,2.068844283757681,46,0.05078125,True,0.38262977769946493,2.613492358102474
n10_d25_s17,10,0.25,17,1,2,True,1,6,L-BFGS-B,60,0.0018584819999887259,29.5,0.5,0.00390625,4096,23,0.005615234375,0.003744712895050349,0.00841221056682197,"[0.550699323661081, 2.553727599613405]","[0.0, 0.0]",CONVERGENCE: NORM OF PROJECTED GRADIENT <= PGTOL,54,0.0078125,0.0078125,128.0,57,0.0078125,0.0078125,128.0,59,0.00390625,0.00390625,256.0,37,0.21484375,True,0.21484375,4.654545454545454,42,0.0859375,True,0.0859375,11.636363636363637,46,0.05078125,True,0.05078125,19.692307692307693
n10_d25_s17,10,0.25,17,1,3,True,1,6,L-BFGS-B,60,0.001961949000360619,29.5,0.5,0.00390625,4096,10,0.00244140625,0.0013266895763215114,0.004488525246046777,"[3.5525641580261405, 1.896169765139098]","[6.283185307179586, 0.0]",CONVERGENCE: NORM OF PROJECTED GRADIENT <= PGTOL,54,0.0078125,0.0078125,128.0,57,0.0078125,0.0078125,128.0,59,0.00390625,0.00390625,256.0,37,0.21484375,True,0.21484375,4.654545454545454,42,0.0859375,True,0.0859375,11.636363636363637,46,0.05078125,True,0.05078125,19.692307692307693
n10_d25_s17,10,0.25,17,1,4,True,1,6,L-BFGS-B,60,0.001968909000424901,29.5,0.5,0.00390625,4096,15,0.003662109375,0.0022205922771783033,0.006033741252691535,"[3.9759708282718824, 0.8316968429718057]","[6.283185307179586, 0.0]",CONVERGENCE: NORM OF PROJECTED GRADIENT <= PGTOL,54,0.0078125,0.0078125,128.0,57,0.0078125,0.0078125,128.0,59,0.00390625,0.00390625,256.0,37,0.21484375,True,0.21484375,4.654545454545454,42,0.0859375,True,0.0859375,11.636363636363637,46,0.05078125,True,0.05078125,19.692307692307693
n10_d25_s17,10,0.25,17,1,5,True,9,54,L-BFGS-B,60,0.3564782520006702,33.705552646521,0.5712805533308644,0.01628512225840856,4096,85,0.020751953125,0.016814398921352457,0.02558759651353908,"[2.6749237973267217, 2.2988822526059005]","[2.7786035929905837, 1.9634954891147676]",CONVERGENCE: NORM OF PROJECTED GRADIENT <= PGTOL,54,0.0078125,0.03279113896875169,30.49604348763091,57,0.0078125,0.03279113896875169,30.49604348763091,59,0.00390625,0.01628512225840856,61.405741027437855,37,0.21484375,True,0.39356032978806305,2.5409064997443007,42,0.0859375,True,0.19246717533888175,5.1956911522147875,46,0.05078125,True,0.13882980822404478,7.203064045051414
n10_d25_s17,10,0.25,17,1,6,True,1,6,L-BFGS-B,60,0.001512678999461059,29.5,0.5,0.00390625,4096,12,0.0029296875,0.0016767322242621596,0.005114130081106749,"[1.2545785440505357, 2.191965148212721]","[0.0, 3.141592653589793]",CONVERGENCE: NORM OF PROJECTED GRADIENT <= PGTOL,54,0.0078125,0.0078125,128.0,57,0.0078125,0.0078125,128.0,59,0.00390625,0.00390625,256.0,37,0.21484375,True,0.21484375,4.654545454545454,42,0.0859375,True,0.0859375,11.636363636363637,46,0.05078125,True,0.05078125,19.692307692307693
n10_d25_s17,10,0.25,17,1,7,True,6,30,L-BFGS-B,60,0.19070699799976865,35.20712215798397,0.5967308840336266,0.038227852726043905,4096,150,0.03662109375,0.031289416276572425,0.04282112235583926,"[4.992419089526779, 1.2102561185131955]","[5.186588561340885, 1.1780972369113478]",CONVERGENCE: NORM OF PROJECTED GRADIENT <= PGTOL,54,0.0078125,0.0395760168835669,25.267828314860783,57,0.0078125,0.0395760168835669,25.267828314860783,59,0.00390625,0.038227852726043905,26.15893723266123,37,0.21484375,True,0.40604204188034293,2.462799160818651,42,0.0859375,True,0.21435648389841622,4.665125970595325,46,0.05078125,True,0.1664959584348168,6.006151797321256
n10_d25_s17,10,0.25,17,1,8,True,1,6,L-BFGS-B,60,0.025812129000769346,29.5,0.5,0.003906250000000002,4096,10,0.00244140625,0.0013266895763215114,0.004488525246046777,"[2.538842263712405, 0.752069543936532]","[1.5879300200928732, 3.141592653589793]",CONVERGENCE: NORM OF PROJECTED GRADIENT <= PGTOL,54,0.0078125,0.007812500000000002,127.99999999999997,57,0.0078125,0.007812500000000002,127.99999999999997,59,0.00390625,0.003906250000000002,255.9999999999999,37,0.21484375,True,0.21484375,4.654545454545454,42,0.0859375,True,0.0859375,11.636363636363637,46,0.05078125,True,0.05078124999999999,19.692307692307693
n10_d25_s17,10,0.25,17,1,9,True,7,30,L-BFGS-B,60,0.26567024500036496,35.20712215798389,0.5967308840336253,0.038227854826370096,4096,168,0.041015625,0.03535968232460542,0.04753168365481184,"[1.117493888513515, 2.0187250623159874]","[1.0965967361240714, 1.9634954495569967]",CONVERGENCE: NORM OF PROJECTED GRADIENT <= PGTOL,54,0.0078125,0.03957601888884571,25.267827034564224,57,0.0078125,0.03957601888884571,25.267827034564224,59,0.00390625,0.038227854826370096,26.158935795429105,37,0.21484375,True,0.4060420437614696,2.4627991494089034,42,0.0859375,True,0.21435648485297049,4.665125949820978,46,0.05078125,True,0.16649595714877646,6.0061518437136945
n10_d25_s17,10,0.25,17,1,10,True,7,30,L-BFGS-B,60,0.258513992999724,34.720588007925706,0.5884845425072154,0.019338042778696832,4096,83,0.020263671875,0.01637682567489716,0.025049522276993755,"[5.853920560895691, 1.8099329486208533]","[5.910188042555888, 1.963495438334535]",CONVERGENCE: NORM OF PROJECTED GRADIENT <= PGTOL,54,0.0078125,0.039025514716578905,25.62426164683429,57,0.0078125,0.039025514716578905,25.62426164683429,59,0.00390625,0.019338042778696832,51.71154141315788,37,0.21484375,True,0.4135451619828643,2.41811558187552,42,0.0859375,True,0.2227554198534463,4.489228592767408,46,0.05078125,True,0.15482464111265948,6.458920187467713
n10_d25_s17,10,0.25,17,1,11,True,7,30,L-BFGS-B,60,0.23788894200060895,31.747337682611516,0.5380904691968054,0.007074779237694585,4096,17,0.004150390625,0.0025929778542005417,0.0066370031586699164,"[1.6197465110268134, 1.7419905044186432]","[1.5183023624936238, 1.963495327930362]",CONVERGENCE: NORM OF PROJECTED GRADIENT <= PGTOL,54,0.0078125,0.013514361031610357,73.99535928195053,57,0.0078125,0.013514361031610357,73.99535928195053,59,0.00390625,0.007074779237694585,141.34716666097185,37,0.21484375,True,0.2242446040917042,4.459416109700694,42,0.0859375,True,0.0727693488824613,13.74204957660433,46,0.05078125,True,0.058643020029783166,17.052327787554727
n10_d25_s17,10,0.25,17,1,12,True,9,42,L-BFGS-B,60,0.3362307209999926,31.747337682611615,0.538090469196807,0.007074779348547906,4096,25,0.006103515625,0.004137683601119058,0.00899488734375388,"[1.5542206472972058, 2.234725892449968]","[1.5183023690717914, 1.963495346372329]",CONVERGENCE: NORM OF PROJECTED GRADIENT <= PGTOL,54,0.0078125,0.013514361329286764,73.99535765207901,57,0.0078125,0.013514361329286764,73.99535765207901,59,0.00390625,0.007074779348547906,141.34716444623103,37,0.21484375,True,0.2242446093120694,4.459416005886468,42,0.0859375,True,0.07276935004646815,13.742049356788709,46,0.05078125,True,0.058643021213502414,17.052327443350624
n10_d25_s17,10,0.25,17,1,13,True,7,36,L-BFGS-B,60,0.21184929400078545,30.93480415799513,0.5243187145422904,0.004699280412558266,4096,15,0.003662109375,0.0022205922771783033,0.006033741252691535,"[3.1506079384048356, 0.6018481832678904]","[4.234766071484036, 0.3926990826338636]",CONVERGENCE: NORM OF PROJECTED GRADIENT <= PGTOL,54,0.0078125,0.0057692746352572145,173.33201541295955,57,0.0078125,0.0057692746352572145,173.33201541295955,59,0.00390625,0.004699280412558266,212.79853769262616,37,0.21484375,True,0.23048977760425404,4.338587205012529,42,0.0859375,True,0.10848978524063478,9.217457641583113,46,0.05078125,True,0.08755581278724694,11.421286242067257
n10_d25_s17,10,0.25,17,1,14,True,6,30,L-BFGS-B,60,0.2025734779999766,31.00761677798544,0.525552826745516,0.0018630835665334202,4096,8,0.001953125,0.0009900179449591885,0.0038495493944084797,"[4.061137367459177, 2.8872341542771]","[4.076152396495813, 2.748893801537609]",CONVERGENCE: NORM OF PROJECTED GRADIENT <= PGTOL,54,0.0078125,0.019380587038226756,51.59802425115271,57,0.0078125,0.019380587038226756,51.59802425115271,59,0.00390625,0.0018630835665334202,536.7445765520158,37,0.21484375,True,0.27171380595722683,3.680342986169131,42,0.0859375,True,0.19115711333175395,5.231298917265485,46,0.05078125,True,0.0611114623488905,16.363542313730207
n10_d25_s17,10,0.25,17,1,15,True,11,51,L-BFGS-B,60,0.44075297200015484,33.456961839550516,0.5670671498228901,0.021386109276265178,4096,82,0.02001953125,0.01615827811132198,0.024780246099068624,"[3.6486516809654916, 0.6437035737237184]","[3.7309638094669144, 0.39269915770016045]",CONVERGENCE: NORM OF PROJECTED GRADIENT <= PGTOL,54,0.0078125,0.0240608292602502,41.5613273002213,57,0.0078125,0.0240608292602502,41.5613273002213,59,0.00390625,0.021386109276265178,46.759323403898634,37,0.21484375,True,0.31957314536742465,3.1291740701499315,42,0.0859375,True,0.18483869031326483,5.410122730826532,46,0.05078125,True,0.13210810291697547,7.569558398915614
n10_d25_s17,10,0.25,17,1,16,True,1,6,L-BFGS-B,60,0.0016484919997310499,29.5,0.5,0.00390625,4096,13,0.003173828125,0.0018557872990695213,0.005422898747799697,"[6.21530591467332, 1.6519133831477022]","[6.283185307179586, 0.0]",CONVERGENCE: NORM OF PROJECTED GRADIENT <= PGTOL,54,0.0078125,0.0078125,128.0,57,0.0078125,0.0078125,128.0,59,0.00390625,0.00390625,256.0,37,0.21484375,True,0.21484375,4.654545454545454,42,0.0859375,True,0.0859375,11.636363636363637,46,0.05078125,True,0.05078125,19.692307692307693
n10_d25_s17,10,0.25,17,1,17,True,1,6,L-BFGS-B,60,0.001559278000058839,29.5,0.5,0.0039062499999999575,4096,14,0.00341796875,0.0020371496844209867,0.00572936010394854,"[2.2438260218606074, 2.7238009462132404]","[6.283185307179586, 2.2871198522722787]",CONVERGENCE: NORM OF PROJECTED GRADIENT <= PGTOL,54,0.0078125,0.007812499999999952,128.0000000000008,57,0.0078125,0.007812499999999952,128.0000000000008,59,0.00390625,0.0039062499999999575,256.0000000000028,37,0.21484375,True,0.21484374999999964,4.654545454545462,42,0.0859375,True,0.08593750000000008,11.636363636363624,46,0.05078125,True,0.050781249999999875,19.69230769230774
n10_d25_s17,10,0.25,17,1,18,True,1,6,L-BFGS-B,60,0.03359073800038459,29.5,0.5,0.00390625,4096,19,0.004638671875,0.00297171178976659,0.007233916706104488,"[3.173372560439923, 2.6475401552483966]","[0.0, 0.0]",CONVERGENCE: NORM OF PROJECTED GRADIENT <= PGTOL,54,0.0078125,0.0078125,128.0,57,0.0078125,0.0078125,128.0,59,0.00390625,0.00390625,256.0,37,0.21484375,True,0.21484375,4.654545454545454,42,0.0859375,True,0.0859375,11.636363636363637,46,0.05078125,True,0.05078125,19.692307692307693
n10_d25_s17,10,0.25,17,1,19,True,1,6,L-BFGS-B,60,0.001553007999973488,29.5,0.5,0.00390625,4096,16,0.00390625,0.002405923039438864,0.0063362342319312846,"[0.8382931220520956, 0.13650497549403798]","[0.0, 0.0]",CONVERGENCE: NORM OF PROJECTED GRADIENT <= PGTOL,54,0.0078125,0.0078125,128.0,57,0.0078125,0.0078125,128.0,59,0.00390625,0.00390625,256.0,37,0.21484375,True,0.21484375,4.654545454545454,42,0.0859375,True,0.0859375,11.636363636363637,46,0.05078125,True,0.05078125,19.692307692307693
n10_d25_s17,10,0.25,17,2,0,True,16,105,L-BFGS-B,60,0.06723064299967518,37.524405446073715,0.6360068719673511,0.020408735302697104,4096,88,0.021484375,0.017471913822637443,0.02639355283675502,"[0.31951146532931884, 0.9839688804685589, 2.762624903002235, 1.258469936220435]","[0.40682983669063066, 0.8568041449355746, 2.6176083954816756, 1.2346006698434793]",CONVERGENCE: RELATIVE REDUCTION OF F <= FACTR*EPSMCH,54,0.0078125,0.0619958734031555,16.130105845869114,57,0.0078125,0.0619958734031555,16.130105845869114,59,0.00390625,0.020408735302697104,48.99862657672108,37,0.21484375,True,0.5343734507277564,1.8713504547018807,42,0.0859375,True,0.3578089190542795,2.7947877952374363,46,0.05078125,True,0.23717758180943965,4.216250087259302
n10_d25_s17,10,0.25,17,2,1,True,1,10,L-BFGS-B,60,0.004327638000177103,29.5,0.5,0.00390625,4096,17,0.004150390625,0.0025929778542005417,0.0066370031586699164,"[5.1251953421090155, 6.066028820494585, 0.12305624851531094, 1.2664872559039198]","[0.0, 0.0, 0.0, 3.141592653589793]",CONVERGENCE: NORM OF PROJECTED GRADIENT <= PGTOL,54,0.0078125,0.0078125,128.0,57,0.0078125,0.0078125,128.0,59,0.00390625,0.00390625,256.0,37,0.21484375,True,0.21484375,4.654545454545454,42,0.0859375,True,0.0859375,11.636363636363637,46,0.05078125,True,0.05078125,19.692307692307693
n10_d25_s17,10,0.25,17,2,2,True,17,115,L-BFGS-B,60,0.06648783400032698,35.767483582783385,0.6062285353014133,0.043705973854542016,4096,205,0.050048828125,0.04378272141038475,0.05715812300454398,"[4.7123564519019165, 3.37401075349724, 2.488152537839502, 0.24380614055485098]","[5.178717051074065, 3.1331527563630694, 2.6554153924665, 0.17199065515514714]",CONVERGENCE: NORM OF PROJECTED GRADIENT <= PGTOL,54,0.0078125,0.04778539458993595,20.926896357796515,57,0.0078125,0.04778539458993595,20.926896357796515,59,0.00390625,0.043705973854542016,22.880167441826213,37,0.21484375,True,0.43917198112401085,2.277012293545261,42,0.0859375,True,0.24151273740535945,4.1405683639848005,46,0.05078125,True,0.17705539510423995,5.647949893937194
n10_d25_s17,10,0.25,17,2,3,True,25,235,L-BFGS-B,60,0.11358337500041671,37.02071771968998,0.6274697918591523,0.04411554974032075,4096,177,0.043212890625,0.03740205843684756,0.049879721216072495,"[1.783390817751575, 3.5345099979788017, 3.042274649460688, 1.3393818759681368]","[1.1124580297238307, 2.5858748196719525, 1.9313957420754035, 1.89741460166625]",CONVERGENCE: RELATIVE REDUCTION OF F <= FACTR*EPSMCH,54,0.0078125,0.052639705765376,18.997066671633153,57,0.0078125,0.052639705765376,18.997066671633153,59,0.00390625,0.04411554974032075,22.667744273534904,37,0.21484375,True,0.4904183382550027,2.0390754627124696,42,0.0859375,True,0.26494528629410163,3.7743641866115456,46,0.05078125,True,0.1917342446474458,5.215552400870095
n10_d25_s17,10,0.25,17,2,4,True,8,65,L-BFGS-B,60,0.02936347000013484,31.007616777985962,0.5255528267455248,0.0018630824033362737,4096,8,0.001953125,0.0009900179449591885,0.0038495493944084797,"[3.1418255584163366, 1.4465724856988362, 0.9516284618173032, 0.3316626526323334]","[0.0, 4.076152394741514, 0.9120133814135526, 1.178097356139487]",CONVERGENCE: NORM OF PROJECTED GRADIENT <= PGTOL,54,0.0078125,0.01938058923984509,51.59801838966136,57,0.0078125,0.01938058923984509,51.59801838966136,59,0.00390625,0.0018630824033362737,536.744911663205,37,0.21484375,True,0.2717138022563236,3.680343036297587,42,0.0859375,True,0.19115711807121202,5.231298787563164,46,0.05078125,True,0.061111453141098206,16.363544779259843
n10_d25_s17,10,0.25,17,2,5,True,18,150,L-BFGS-B,60,0.7869290479993651,37.261607456302215,0.631552668750885,0.008129514988763563,4096,37,0.009033203125,0.006560810170804027,0.01242564567207263,"[2.025741971512643, 0.7106087527256699, 1.0307780204228538, 2.7378592685389775]","[2.081172561030281, 0.9537913435703198, 1.4707185620293128, 2.7435077413239437]",CONVERGENCE: RELATIVE REDUCTION OF F <= FACTR*EPSMCH,54,0.0078125,0.01405143161958358,71.16712567609787,57,0.0078125,0.01405143161958358,71.16712567609787,59,0.00390625,0.008129514988763563,123.00856833183505,37,0.21484375,True,0.4589771405856667,2.178757745372622,42,0.0859375,True,0.3488981614401305,2.8661658630482516,46,0.05078125,True,0.2681866780215648,3.728745989088952
n10_d25_s17,10,0.25,17,2,6,True,1,10,L-BFGS-B,60,0.04403068400006305,29.5,0.5,0.00390625,4096,13,0.003173828125,0.0018557872990695213,0.005422898747799697,"[2.97770519790859, 1.7368672288715281, 0.6687906730687803, 3.064205146877373]","[0.0, 1.8812257104722727, 3.141592653589793, 3.141592653589793]",CONVERGENCE: NORM OF PROJECTED GRADIENT <= PGTOL,54,0.0078125,0.007812499999999998,128.00000000000003,57,0.0078125,0.007812499999999998,128.00000000000003,59,0.00390625,0.00390625,256.0,37,0.21484375,True,0.21484375,4.654545454545454,42,0.0859375,True,0.0859375,11.636363636363637,46,0.05078125,True,0.050781249999999986,19.692307692307697
n10_d25_s17,10,0.25,17,2,7,True,12,95,L-BFGS-B,60,0.5230891519995566,33.608769505135946,0.5696401611039991,0.017577392431206568,4096,82,0.02001953125,0.01615827811132198,0.024780246099068624,"[1.1927162707459873, 1.3105269473443948, 2.4301051271332668, 3.022705191499906]","[4.055660624600336, 4.154544519363859, 0.8521839569500839, 1.948529336561936]",CONVERGENCE: NORM OF PROJECTED GRADIENT <= PGTOL,54,0.0078125,0.022591875044395946,44.26370091171588,57,0.0078125,0.022591875044395946,44.26370091171588,59,0.00390625,0.017577392431206568,56.89125983354727,37,0.21484375,True,0.38062535316139395,2.627255361983144,42,0.0859375,True,0.191479269648894,5.222497463217038,46,0.05078125,True,0.10727991927386239,9.321408953032641
n10_d25_s17,10,0.25,17,2,8,True,12,95,L-BFGS-B,60,0.5033860149997054,33.45696183955057,0.5670671498228911,0.021386105130637958,4096,106,0.02587890625,0.021442799690450102,0.031203494315947943,"[1.0335196474342507, 2.7800858904132126, 3.025244272881914, 2.66702754951104]","[3.7309638107376557, 6.283185307179586, 1.9630945567491087, 0.0004007895443939331]",CONVERGENCE: NORM OF PROJECTED GRADIENT <= PGTOL,54,0.0078125,0.02406082510610951,41.56133447585223,57,0.0078125,0.02406082510610951,41.56133447585223,59,0.00390625,0.021386105130637958,46.75933246804205,37,0.21484375,True,0.31957314262239506,3.1291740970285216,42,0.0859375,True,0.18483868009061166,5.410123030037759,46,0.05078125,True,0.13210809409303192,7.569558904511856
n10_d25_s17,10,0.25,17,2,9,True,1,10,L-BFGS-B,60,0.027971122000053583,29.499999999999993,0.4999999999999999,0.003906249999999999,4096,16,0.00390625,0.002405923039438864,0.0063362342319312846,"[0.03755639968978377, 5.297496578425553, 1.5392255129946355, 2.7463970885357205]","[0.0, 0.0, 3.141592653589793, 1.0607125974011418]",CONVERGENCE: NORM OF PROJECTED GRADIENT <= PGTOL,54,0.0078125,0.007812499999999998,128.00000000000003,57,0.0078125,0.007812499999999998,128.00000000000003,59,0.00390625,0.003906249999999999,256.00000000000006,37,0.21484375,True,0.21484374999999997,4.654545454545455,42,0.0859375,True,0.08593749999999999,11.636363636363638,46,0.05078125,True,0.05078124999999999,19.692307692307693
n10_d25_s17,10,0.25,17,2,10,True,1,10,L-BFGS-B,60,0.057486759000312304,29.5,0.5,0.00390625,4096,24,0.005859375,0.003940714277798989,0.008704032925573639,"[4.095316636610179, 0.22334232619134683, 1.1617605788016665, 1.8801671562536653]","[0.0, 0.0, 3.141592653589793, 0.0]",CONVERGENCE: NORM OF PROJECTED GRADIENT <= PGTOL,54,0.0078125,0.0078125,128.0,57,0.0078125,0.0078125,128.0,59,0.00390625,0.00390625,256.0,37,0.21484375,True,0.21484375,4.654545454545454,42,0.0859375,True,0.0859375,11.636363636363637,46,0.05078125,True,0.05078125,19.692307692307693
n10_d25_s17,10,0.25,17,2,11,True,1,10,L-BFGS-B,60,0.0640311319993998,29.5,0.5,0.003906249999999999,4096,17,0.004150390625,0.0025929778542005417,0.0066370031586699164,"[1.5797645148786363, 2.1433887175388233, 1.7598824808112903, 1.170768502433371]","[0.0, 0.8769642334439255, 3.141592653589793, 0.0]",CONVERGENCE: NORM OF PROJECTED GRADIENT <= PGTOL,54,0.0078125,0.0078125,128.0,57,0.0078125,0.0078125,128.0,59,0.00390625,0.003906249999999999,256.00000000000006,37,0.21484375,True,0.21484375,4.654545454545454,42,0.0859375,True,0.0859375,11.636363636363637,46,0.05078125,True,0.05078125,19.692307692307693
n10_d25_s17,10,0.25,17,2,12,True,22,165,L-BFGS-B,60,1.0335516189998089,42.03920313687145,0.7125288667266347,0.07633762662849687,4096,319,0.077880859375,0.07006383205199908,0.086488918893965,"[4.512512328236756, 3.2979426361058035, 1.1145076569663794, 2.960500871671401]","[0.11321888807563031, 4.793427545158835, 1.9663901413173646, 3.128663330532636]",CONVERGENCE: NORM OF PROJECTED GRADIENT <= PGTOL,54,0.0078125,0.1363517311003424,7.333973627838223,57,0.0078125,0.1363517311003424,7.333973627838223,59,0.00390625,0.07633762662849687,13.099699901158566,37,0.21484375,True,0.6880000390414539,1.4534882896129417,42,0.0859375,True,0.48173986031478744,2.075809129322538,46,0.05078125,True,0.38392392080845994,2.604682713945561
n10_d25_s17,10,0.25,17,2,13,True,15,105,L-BFGS-B,60,0.6894604419994721,34.662727844125875,0.5875038617648454,0.010329477131990127,4096,43,0.010498046875,0.007803362608721715,0.014110035683156804,"[5.039892235579363, 5.860991044119656, 0.10823244240448805, 0.4533526065429835]","[1.9049328057001333, 3.5062909459929794, 1.7412352482497677, 0.41146158433094143]",CONVERGENCE: NORM OF PROJECTED GRADIENT <= PGTOL,54,0.0078125,0.05590419427593378,17.887745507325743,57,0.0078125,0.05590419427593378,17.887745507325743,59,0.00390625,0.010329477131990127,96.81032129913193,37,0.21484375,True,0.4391688196855851,2.277028685041738,42,0.0859375,True,0.21296366005436318,4.695636803690969,46,0.05078125,True,0.17116021019864958,5.8424793872325465
n10_d25_s17,10,0.25,17,2,14,True,1,10,L-BFGS-B,60,0.03708493299927795,29.5,0.5,0.00390625,4096,10,0.00244140625,0.0013266895763215114,0.004488525246046777,"[2.6205968038450655, 3.6281595678841025, 1.5986095159427012, 1.6742123113362408]","[6.283185307179586, 6.283185307179586, 0.0, 0.0]",CONVERGENCE: NORM OF PROJECTED GRADIENT <= PGTOL,54,0.0078125,0.0078125,128.0,57,0.0078125,0.0078125,128.0,59,0.00390625,0.00390625,256.0,37,0.21484375,True,0.21484375,4.654545454545454,42,0.0859375,True,0.0859375,11.636363636363637,46,0.05078125,True,0.05078125,19.692307692307693
n10_d25_s17,10,0.25,17,2,15,True,1,10,L-BFGS-B,60,0.06037969399949361,29.5,0.5,0.00390625,4096,10,0.00244140625,0.0013266895763215114,0.004488525246046777,"[1.711771272141401, 1.822734718441756, 1.974275214680852, 2.6784100145729055]","[0.0, 0.0, 0.0, 3.141592653589793]",CONVERGENCE: NORM OF PROJECTED GRADIENT <= PGTOL,54,0.0078125,0.0078125,128.0,57,0.0078125,0.0078125,128.0,59,0.00390625,0.00390625,256.0,37,0.21484375,True,0.21484375,4.654545454545454,42,0.0859375,True,0.0859375,11.636363636363637,46,0.05078125,True,0.05078125,19.692307692307693
n10_d25_s17,10,0.25,17,2,16,True,1,10,L-BFGS-B,60,0.02419319999989966,29.5,0.5,0.00390625,4096,24,0.005859375,0.003940714277798989,0.008704032925573639,"[0.6043460103422958, 0.8828855160629105, 0.27601008893263124, 2.205464571039928]","[6.283185307179586, 0.0, 0.0, 0.0]",CONVERGENCE: NORM OF PROJECTED GRADIENT <= PGTOL,54,0.0078125,0.0078125,128.0,57,0.0078125,0.0078125,128.0,59,0.00390625,0.00390625,256.0,37,0.21484375,True,0.21484375,4.654545454545454,42,0.0859375,True,0.0859375,11.636363636363637,46,0.05078125,True,0.05078125,19.692307692307693
n10_d25_s17,10,0.25,17,2,17,True,1,10,L-BFGS-B,60,0.06495842599997559,29.5,0.5,0.00390625,4096,11,0.002685546875,0.0015002563109177591,0.004802782252950839,"[2.70594793810438, 1.070011604884111, 2.9594886540979064, 1.0760652403374893]","[6.283185307179586, 6.283185307179586, 0.0, 0.0]",CONVERGENCE: NORM OF PROJECTED GRADIENT <= PGTOL,54,0.0078125,0.0078125,128.0,57,0.0078125,0.0078125,128.0,59,0.00390625,0.00390625,256.0,37,0.21484375,True,0.21484375,4.654545454545454,42,0.0859375,True,0.0859375,11.636363636363637,46,0.05078125,True,0.05078125,19.692307692307693
n10_d25_s17,10,0.25,17,2,18,True,1,10,L-BFGS-B,60,0.024892718000046443,29.5,0.5,0.00390625,4096,22,0.00537109375,0.0035497403427024827,0.008119359377669524,"[0.5376433567034937, 1.6313192157674654, 2.573298154789912, 2.459540392738509]","[0.0, 6.283185307179586, 0.0, 0.0]",CONVERGENCE: NORM OF PROJECTED GRADIENT <= PGTOL,54,0.0078125,0.0078125,128.0,57,0.0078125,0.0078125,128.0,59,0.00390625,0.00390625,256.0,37,0.21484375,True,0.21484375,4.654545454545454,42,0.0859375,True,0.0859375,11.636363636363637,46,0.05078125,True,0.05078125,19.692307692307693
n10_d25_s17,10,0.25,17,2,19,True,14,90,L-BFGS-B,60,0.5775752039999134,37.91417366867219,0.6426131130283422,0.0609951593719904,4096,259,0.063232421875,0.05618053223329235,0.07110279422265313,"[5.6974208760455864, 2.060800567960427, 2.8092486790134132, 2.627535605488091]","[3.730418763038632, 1.4577595378401709, 1.8966294812289586, 2.7682163723495083]",CONVERGENCE: NORM OF PROJECTED GRADIENT <= PGTOL,54,0.0078125,0.07100245848166603,14.08401936192415,57,0.0078125,0.07100245848166603,14.08401936192415,59,0.00390625,0.0609951593719904,16.394743620576723,37,0.21484375,True,0.5229735469229335,1.9121426043129521,42,0.0859375,True,0.3461425630668309,2.888983056980851,46,0.05078125,True,0.21033356312947976,4.75435296735979
n10_d25_s17,10,0.25,17,3,0,True,31,308,L-BFGS-B,60,0.27740208500017616,43.12041463505222,0.7308544853398682,0.012549509498683619,4096,56,0.013671875,0.01054387645975476,0.017711230471627787,"[3.714752539388263, 4.405633735976786, 3.012114793294022, 1.3153655203983596, 0.7867015516289857, 0.9341771458685942]","[3.050657646207687, 3.5596822873642293, 2.584687402138847, 0.9976533869119487, 1.4822271073301445, 1.1907803070862597]",CONVERGENCE: RELATIVE REDUCTION OF F <= FACTR*EPSMCH,54,0.0078125,0.020686867949212494,48.33984547371116,57,0.0078125,0.020686867949212494,48.33984547371116,59,0.00390625,0.012549509498683619,79.6843892667594,37,0.21484375,True,0.7710650611418981,1.2969074211702238,42,0.0859375,True,0.6966824960643061,1.4353740845351979,46,0.05078125,True,0.5270873268088524,1.89721882719948
n10_d25_s17,10,0.25,17,3,1,True,24,266,L-BFGS-B,60,0.19931866099977924,37.11821763871632,0.6291223328595986,0.0593050447101366,4096,225,0.054931640625,0.048361793683114274,0.06233552556182065,"[3.408800473357766, 5.817331304889216, 6.046379286742753, 2.0367025942942063, 2.1753596965261637, 1.3349422962432198]","[4.392375856161828, 5.83305645853485, 6.0465124457111, 2.4826662058641373, 2.1503901185527425, 1.918986543345324]",CONVERGENCE: NORM OF PROJECTED GRADIENT <= PGTOL,54,0.0078125,0.06493447539303106,15.400139817058147,57,0.0078125,0.06493447539303106,15.400139817058147,59,0.00390625,0.0593050447101366,16.86197194332571,37,0.21484375,True,0.4976978278028336,2.009251284890391,42,0.0859375,True,0.27010871759147714,3.7022129789695963,46,0.05078125,True,0.19148093568363211,5.2224520233816705
n10_d25_s17,10,0.25,17,3,2,True,19,161,L-BFGS-B,60,0.1312745380000706,38.03486127639899,0.6446586657016778,0.018267137067955828,4096,71,0.017333984375,0.01376571558724534,0.02180674746664186,"[2.9250437898027686, 6.123979258721456, 1.1714194210165396, 2.885834761232593, 0.43198498724617246, 0.4708860679839285]","[3.041503323565934, 5.98721756000161, 1.214211446831197, 2.81282514372681, 0.2202496477467555, 0.13172272203507387]",CONVERGENCE: RELATIVE REDUCTION OF F <= FACTR*EPSMCH,54,0.0078125,0.03192132582305546,31.32701960887042,57,0.0078125,0.03192132582305546,31.32701960887042,59,0.00390625,0.018267137067955828,54.743115808453524,37,0.21484375,True,0.5017956608492581,1.9928430594787565,42,0.0859375,True,0.3824121338734058,2.6149797859997856,46,0.05078125,True,0.3089994984800212,3.236251207264197
n10_d25_s17,10,0.25,17,3,3,True,1,14,L-BFGS-B,60,0.009673147000285098,29.500000000000007,0.5000000000000001,0.003906250000000002,4096,16,0.00390625,0.002405923039438864,0.0063362342319312846,"[1.7438012089550914, 2.0231747976908263, 0.8951302356401365, 2.180644526719323, 1.1736366178015416, 2.105760493245921]","[0.0, 0.0, 0.0, 2.958251132777211, 0.0, 0.0]",CONVERGENCE: NORM OF PROJECTED GRADIENT <= PGTOL,54,0.0078125,0.007812500000000003,127.99999999999994,57,0.0078125,0.007812500000000003,127.99999999999994,59,0.00390625,0.003906250000000002,255.9999999999999,37,0.21484375,True,0.21484375000000003,4.654545454545454,42,0.0859375,True,0.08593750000000001,11.636363636363635,46,0.05078125,True,0.050781250000000014,19.692307692307686
n10_d25_s17,10,0.25,17,3,4,True,41,539,L-BFGS-B,60,0.3842785940005342,52.644116438739054,0.892273159978628,0.3298263642240177,4096,1350,0.32958984375,0.31535992154068365,0.3441391068921,"[2.3466887673723464, 2.7780992652449155, 4.4530749491586725, 1.0007300857209462, 2.9696310801827073, 1.257013050303325]","[6.206141266260083, 6.150659720975718, 6.137812027631066, 2.5593035154489474, 2.6781976728249304, 2.8890252203841884]",CONVERGENCE: NORM OF PROJECTED GRADIENT <= PGTOL,54,0.0078125,0.5178979838124907,1.9308822031677542,57,0.0078125,0.5178979838124907,1.9308822031677542,59,0.00390625,0.3298263642240177,3.0318983212657953,37,0.21484375,True,0.9623738998293766,1.0390971743698518,42,0.0859375,True,0.8933531658323561,1.1193781342547533,46,0.05078125,True,0.8524726642124849,1.1730581424846052
n10_d25_s17,10,0.25,17,3,5,True,1,14,L-BFGS-B,60,0.07860636599980353,29.5,0.5,0.00390625,4096,10,0.00244140625,0.0013266895763215114,0.004488525246046777,"[3.0474477005645704, 1.304974463345787, 5.925582586762283, 0.8151364572934396, 1.0691588653903723, 0.3231512701173854]","[6.283185307179586, 0.0, 6.283185307179586, 3.141592653589793, 3.141592653589793, 0.0]",CONVERGENCE: NORM OF PROJECTED GRADIENT <= PGTOL,54,0.0078125,0.0078125,128.0,57,0.0078125,0.0078125,128.0,59,0.00390625,0.00390625,256.0,37,0.21484375,True,0.21484375,4.654545454545454,42,0.0859375,True,0.0859375,11.636363636363637,46,0.05078125,True,0.05078125,19.692307692307693
n10_d25_s17,10,0.25,17,3,6,True,8,84,L-BFGS-B,60,0.42316022199975123,42.02933166366742,0.7123615536214817,0.07657574258480679,4096,336,0.08203125,0.07401396766391984,0.09083178688754949,"[4.125202316566475, 6.120881821369894, 0.6656579924433563, 1.923051298351942, 1.6848659672497428, 0.06946501487462593]","[6.169590622655687, 0.0, 3.254293772581941, 0.0, 2.7488935718595826, 3.141592653589793]",CONVERGENCE: NORM OF PROJECTED GRADIENT <= PGTOL,54,0.0078125,0.13685636048690236,7.306931124298775,57,0.0078125,0.13685636048690236,7.306931124298775,59,0.00390625,0.07657574258480679,13.058965753972428,37,0.21484375,True,0.6886635885485566,1.452087806918358,42,0.0859375,True,0.48336165996557756,2.068844268846674,46,0.05078125,True,0.38262978316972396,2.613492320738733
n10_d25_s17,10,0.25,17,3,7,True,20,189,L-BFGS-B,60,1.3093243570001505,35.68310013483601,0.6047983073701019,0.0036869016110032374,4096,13,0.003173828125,0.0018557872990695213,0.005422898747799697,"[2.450238094357075, 1.086904283640236, 1.963555573202479, 0.9539267733519559, 1.4492531240796591, 2.6983345523499946]","[3.8444860399667835, 0.7297807518293327, 1.344647452717097, 0.5167862120871555, 1.0074255484094663, 3.0074918895392404]",CONVERGENCE: NORM OF PROJECTED GRADIENT <= PGTOL,54,0.0078125,0.01646029951407551,60.752235956878025,57,0.0078125,0.01646029951407551,60.752235956878025,59,0.00390625,0.0036869016110032374,271.23045459515026,37,0.21484375,True,0.4367904450879878,2.289427370139835,42,0.0859375,True,0.20191946476716205,4.9524695459802395,46,0.05078125,True,0.14053577801894115,7.115625743824621
n10_d25_s17,10,0.25,17,3,8,True,1,14,L-BFGS-B,60,0.10395554400020046,29.5,0.5,0.00390625,4096,22,0.00537109375,0.0035497403427024827,0.008119359377669524,"[5.610913169758774, 0.1387323339985835, 6.2229903627171685, 0.5936917573518482, 0.7680913430045793, 0.6606109651404286]","[0.0, 0.0, 6.283185307179586, 3.141592653589793, 0.0, 0.0]",CONVERGENCE: NORM OF PROJECTED GRADIENT <= PGTOL,54,0.0078125,0.0078125,128.0,57,0.0078125,0.0078125,128.0,59,0.00390625,0.00390625,256.0,37,0.21484375,True,0.21484375,4.654545454545454,42,0.0859375,True,0.0859375,11.636363636363637,46,0.05078125,True,0.05078125,19.692307692307693
n10_d25_s17,10,0.25,17,3,9,True,1,14,L-BFGS-B,60,0.0716857080005866,29.499999999999993,0.4999999999999999,0.003906249999999999,4096,14,0.00341796875,0.0020371496844209867,0.00572936010394854,"[5.326754730572116, 5.9581377801301985, 3.821467295996772, 1.198643260837688, 1.7170295823720587, 0.7725645420444899]","[0.0, 0.0, 0.0, 0.8667892478833459, 0.0, 3.141592653589793]",CONVERGENCE: NORM OF PROJECTED GRADIENT <= PGTOL,54,0.0078125,0.007812499999999998,128.00000000000003,57,0.0078125,0.007812499999999998,128.00000000000003,59,0.00390625,0.003906249999999999,256.00000000000006,37,0.21484375,True,0.21484374999999997,4.654545454545455,42,0.0859375,True,0.08593749999999999,11.636363636363638,46,0.05078125,True,0.05078124999999999,19.692307692307693
n10_d25_s17,10,0.25,17,3,10,True,16,140,L-BFGS-B,60,0.9908038029998352,36.75144824936112,0.6229059025315444,0.03441657785173314,4096,148,0.0361328125,0.030838463484247167,0.042296427665163894,"[1.1584381780656372, 0.12978027675139098, 5.186048103963816, 0.6503695855437797, 0.37848948624691137, 2.97091869520192]","[1.07880313915804, 0.6402325232036615, 5.108086604887376, 0.5082303913942479, 0.2958637660754549, 3.141592653589793]",CONVERGENCE: NORM OF PROJECTED GRADIENT <= PGTOL,54,0.0078125,0.04844997054408198,20.639847429631658,57,0.0078125,0.04844997054408198,20.639847429631658,59,0.00390625,0.03441657785173314,29.055765053341652,37,0.21484375,True,0.45456913415312505,2.199885396669151,42,0.0859375,True,0.30080098094432517,3.3244572436586854,46,0.05078125,True,0.19141360091784992,5.224289158162673
n10_d25_s17,10,0.25,17,3,11,True,19,175,L-BFGS-B,60,1.2517815310002334,43.14959483331211,0.7313490649713916,0.10314933221140482,4096,425,0.103759765625,0.09478914883968746,0.11347291870530947,"[5.585327658852876, 1.2613939290445364, 5.89927133829, 1.152003883695789, 0.02088402184147061, 1.8880298507632955]","[5.668061467033594, 1.2279153946543833, 5.788800331289179, 1.4129547362874952, 0.0, 1.93568716492428]",CONVERGENCE: RELATIVE REDUCTION OF F <= FACTR*EPSMCH,54,0.0078125,0.153448269093386,6.516854220046087,57,0.0078125,0.153448269093386,6.516854220046087,59,0.00390625,0.10314933221140482,9.694682249134656,37,0.21484375,True,0.7232509587276091,1.3826459376690852,42,0.0859375,True,0.5246994163046798,1.9058530825948645,46,0.05078125,True,0.4302883303274698,2.324023055049977
n10_d25_s17,10,0.25,17,3,12,True,38,406,L-BFGS-B,60,2.6900436089999857,42.718577485873,0.7240436862012373,0.08184314855156843,4096,359,0.087646484375,0.07936830866779807,0.09669739193817839,"[5.308122433537134, 0.3344519497932971, 5.738366231738871, 0.6539788640753421, 1.1278068536345065, 0.8429521673059218]","[6.180222411195032, 3.3057637064807364, 0.22081183673000573, 2.7741167761079115, 1.654538792941869, 3.081922814330233]",CONVERGENCE: RELATIVE REDUCTION OF F <= FACTR*EPSMCH,54,0.0078125,0.150335871977874,6.651772373709829,57,0.0078125,0.150335871977874,6.651772373709829,59,0.00390625,0.08184314855156843,12.218493761513969,37,0.21484375,True,0.6906179599860995,1.44797856114273,42,0.0859375,True,0.5319176349838179,1.8799903109631289,46,0.05078125,True,0.4430000003411726,2.2573363413766563
n10_d25_s17,10,0.25,17,3,13,True,23,210,L-BFGS-B,60,1.7417927710002914,35.233203063220984,0.5971729332749319,0.026541985384783605,4096,109,0.026611328125,0.022108427188659532,0.03200133804223944,"[1.7863223413105809, 1.3243964757474311, 5.980056372597995, 0.9382979958669079, 0.8261011582368807, 3.048113956226362]","[2.123892404533492, 1.6702449149766707, 6.031480915055742, 0.9696528865116424, 0.7997085753900953, 2.746012731063107]",CONVERGENCE: RELATIVE REDUCTION OF F <= FACTR*EPSMCH,54,0.0078125,0.04488410651508426,22.279601347615746,57,0.0078125,0.04488410651508426,22.279601347615746,59,0.00390625,0.026541985384783605,37.67615668168121,37,0.21484375,True,0.38833999528341545,2.575063120321118,42,0.0859375,True,0.21229411631030576,4.710446136615117,46,0.05078125,True,0.1701202597557186,5.878194645575628
n10_d25_s17,10,0.25,17,3,14,True,20,175,L-BFGS-B,60,1.332673127999442,43.51663866762735,0.7375701469089381,0.09396510104750604,4096,352,0.0859375,0.07773755719179536,0.09491337722367894,"[1.0075242625735665, 5.409952402817388, 5.128257327960588, 2.87174249916593, 1.8549690294775811, 0.26204481008167974]","[0.6562497556961563, 5.7235027436586385, 5.40712715881711, 2.9651124030869496, 2.056570185483428, 0.1631996899376444]",CONVERGENCE: RELATIVE REDUCTION OF F <= FACTR*EPSMCH,54,0.0078125,0.17706933493326754,5.647505257626183,57,0.0078125,0.17706933493326754,5.647505257626183,59,0.00390625,0.09396510104750604,10.642248971715881,37,0.21484375,True,0.7657190244715495,1.3059620670782424,42,0.0859375,True,0.5226319288478096,1.913392475282925,46,0.05078125,True,0.43366005313711176,2.3059536906061915
n10_d25_s17,10,0.25,17,3,15,True,25,245,L-BFGS-B,60,1.9812141379998138,43.241504965406136,0.732906863820443,0.10723467265738529,4096,429,0.104736328125,0.09572614955249314,0.114487212958505,"[1.9666466733017363, 3.7736590883087984, 5.1636709630387845, 0.9055032838558145, 0.15206291189114032, 2.5539290097023826]","[2.340838931525885, 4.044402950825403, 5.164217769012763, 1.4674197698754872, 0.4056427405447768, 3.032404914663602]",CONVERGENCE: RELATIVE REDUCTION OF F <= FACTR*EPSMCH,54,0.0078125,0.16070834600769077,6.22245219269536,57,0.0078125,0.16070834600769077,6.22245219269536,59,0.00390625,0.10723467265738529,9.325342029951445,37,0.21484375,True,0.7501556511392943,1.3330566776125143,42,0.0859375,True,0.5257634442864565,1.9019960609036959,46,0.05078125,True,0.42135301550380466,2.373306854833629
n10_d25_s17,10,0.25,17,3,16,True,1,14,L-BFGS-B,60,0.09989588099961111,29.5,0.5,0.00390625,4096,21,0.005126953125,0.0033558642108143656,0.007825411768057332,"[2.1287621552785563, 5.224678322112714, 3.9159825821560466, 1.8046026748887019, 1.6216764751616983, 0.8107650599392844]","[6.283185307179586, 6.283185307179586, 6.283185307179586, 0.0, 3.141592653589793, 0.0]",CONVERGENCE: NORM OF PROJECTED GRADIENT <= PGTOL,54,0.0078125,0.0078125,128.0,57,0.0078125,0.0078125,128.0,59,0.00390625,0.00390625,256.0,37,0.21484375,True,0.21484375,4.654545454545454,42,0.0859375,True,0.0859375,11.636363636363637,46,0.05078125,True,0.05078125,19.692307692307693
n10_d25_s17,10,0.25,17,3,17,True,37,371,L-BFGS-B,60,3.034858924999753,38.56909098980411,0.6537134066068493,0.005860630980940671,4096,25,0.006103515625,0.004137683601119058,0.00899488734375388,"[1.520866283059234, 5.158517477285637, 3.287484449266155, 0.5904113337792588, 0.13008767436876398, 2.2268113264693223]","[1.8926983925724619, 4.954052037989038, 3.7543522153831472, 0.0, 0.558117741652699, 1.8949396578548372]",CONVERGENCE: NORM OF PROJECTED GRADIENT <= PGTOL,54,0.0078125,0.012108451030028396,82.5869467135017,57,0.0078125,0.012108451030028396,82.5869467135017,59,0.00390625,0.005860630980940671,170.63009141030975,37,0.21484375,True,0.4418621147415209,2.2631494455798205,42,0.0859375,True,0.30232756709609215,3.3076705826239086,46,0.05078125,True,0.2736063234777992,3.654886288039836
n10_d25_s17,10,0.25,17,3,18,True,32,336,L-BFGS-B,60,2.997000276000108,37.88162653757567,0.6420614667385707,0.04088021876948764,4096,176,0.04296875,0.03717490650479246,0.04961904940662728,"[3.6156583632998864, 5.946978341535331, 0.730516003210675, 2.1819399977799976, 1.894784640603814, 0.454752444193283]","[1.955595501187563, 6.219331521429053, 5.7831294010292735, 1.334939805303513, 2.8096335710763234, 2.66947179659111]",CONVERGENCE: RELATIVE REDUCTION OF F <= FACTR*EPSMCH,54,0.0078125,0.06996518519775755,14.292822882887917,57,0.0078125,0.06996518519775755,14.292822882887917,59,0.00390625,0.04088021876948764,24.461708623398668,37,0.21484375,True,0.5916279369966266,1.690251486561734,42,0.0859375,True,0.2811931430520135,3.5562744850254964,46,0.05078125,True,0.17063744171356238,5.860378530982859
n10_d25_s17,10,0.25,17,3,19,True,20,175,L-BFGS-B,60,1.099445041000763,35.5775438824996,0.6030092183474508,0.02118998080938353,4096,95,0.023193359375,0.019011162380883052,0.02826907046901158,"[1.5712991325677867, 1.7219693336313897, 3.6577352172253508, 0.9568686003883039, 2.416764210345793, 0.8296615295602746]","[1.4694401268150692, 1.78626916463235, 3.576503289471997, 1.217152333109296, 2.3701481830021445, 0.9298957011941168]",CONVERGENCE: NORM OF PROJECTED GRADIENT <= PGTOL,54,0.0078125,0.08480246451937984,11.792110119293417,57,0.0078125,0.08480246451937984,11.792110119293417,59,0.00390625,0.02118998080938353,47.19211447124914,37,0.21484375,True,0.45367448867272864,2.2042235677073285,42,0.0859375,True,0.33353451127667777,2.9981904906100327,46,0.05078125,True,0.19028686809452078,5.255223389894001
n10_d25_s42,10,0.25,42,1,0,True,8,39,L-BFGS-B,60,0.008415742000579485,36.21338644304795,0.724267728860959,0.041067443931089784,4096,202,0.04931640625,0.04309731256717877,0.05638006062324904,"[3.4445987231411896, 1.7740496590666637]","[3.282264812009358, 1.971843527431081]",CONVERGENCE: NORM OF PROJECTED GRADIENT <= PGTOL,45,0.03125,0.14614983852375263,6.8422928831185645,48,0.01171875,0.05936106463692444,16.846059047565813,50,0.0078125,0.041067443931089784,24.350188477227285,35,0.22265625,True,0.6078791745261491,1.6450637592240511,39,0.125,True,0.4252661816169165,2.3514684290151453,43,0.0390625,True,0.18345560130359323,5.450910154251113
n10_d25_s42,10,0.25,42,1,1,True,9,45,L-BFGS-B,60,0.03739925799982302,30.918383469207214,0.6183676693841442,0.021226583272551718,4096,85,0.020751953125,0.016814398921352457,0.02558759651353908,"[4.336522735179967, 0.17343715351120842]","[4.195820778764171, 0.3769048870896295]",CONVERGENCE: NORM OF PROJECTED GRADIENT <= PGTOL,45,0.03125,0.07562875869521193,13.22248331524328,48,0.01171875,0.025059549815935365,39.9049467107386,50,0.0078125,0.021226583272551718,47.1107378497937,35,0.22265625,True,0.33501607010858053,2.9849314382915857,39,0.125,True,0.21828866123354995,4.581089985842584,43,0.0390625,True,0.08089790775326713,12.361259119950653
n10_d25_s42,10,0.25,42,1,2,True,1,6,L-BFGS-B,60,0.0021480549994521425,27.5,0.55,0.0078125,4096,21,0.005126953125,0.0033558642108143656,0.007825411768057332,"[3.967841214541494, 1.7773044137488616]","[6.283185307179586, 0.0]",CONVERGENCE: NORM OF PROJECTED GRADIENT <= PGTOL,45,0.03125,0.03125,32.0,48,0.01171875,0.01171875,85.33333333333333,50,0.0078125,0.0078125,128.0,35,0.22265625,True,0.22265625,4.491228070175438,39,0.125,True,0.125,8.0,43,0.0390625,True,0.0390625,25.6
n10_d25_s42,10,0.25,42,1,3,True,7,33,L-BFGS-B,60,0.009657339999648684,36.21338644304771,0.7242677288609543,0.041067439891542934,4096,165,0.040283203125,0.034679916847212375,0.04674797790770395,"[3.374630322136983, 1.9688604286551854]","[3.2822648144842654, 1.9718434326313068]",CONVERGENCE: NORM OF PROJECTED GRADIENT <= PGTOL,45,0.03125,0.14614983358813738,6.8422931141891326,48,0.01171875,0.05936105917021625,16.84606059896146,50,0.0078125,0.041067439891542934,24.350190872402816,35,0.22265625,True,0.607879177808173,1.6450637503421242,39,0.125,True,0.42526617192617633,2.3514684825991616,43,0.0390625,True,0.18345559327471034,5.450910392808676
n10_d25_s42,10,0.25,42,1,4,True,1,6,L-BFGS-B,60,0.0020386039996083127,27.5,0.55,0.0078125,4096,35,0.008544921875,0.006150578678096599,0.011860229681779438,"[2.246101526684241, 0.16712202509113389]","[6.283185307179586, 0.0]",CONVERGENCE: NORM OF PROJECTED GRADIENT <= PGTOL,45,0.03125,0.03125,32.0,48,0.01171875,0.01171875,85.33333333333333,50,0.0078125,0.0078125,128.0,35,0.22265625,True,0.22265625,4.491228070175438,39,0.125,True,0.125,8.0,43,0.0390625,True,0.0390625,25.6
n10_d25_s42,10,0.25,42,1,5,True,1,6,L-BFGS-B,60,0.0015729489996374468,27.5,0.55,0.0078125,4096,30,0.00732421875,0.0051352858767219015,0.010436403775652586,"[2.5883585097168234, 0.3973974495895027]","[6.283185307179586, 0.0]",CONVERGENCE: NORM OF PROJECTED GRADIENT <= PGTOL,45,0.03125,0.03125,32.0,48,0.01171875,0.01171875,85.33333333333333,50,0.0078125,0.0078125,128.0,35,0.22265625,True,0.22265625,4.491228070175438,39,0.125,True,0.125,8.0,43,0.0390625,True,0.0390625,25.6
n10_d25_s42,10,0.25,42,1,6,True,7,33,L-BFGS-B,60,0.22066543200071465,32.478592364666525,0.6495718472933305,0.01732576091422487,4096,79,0.019287109375,0.015503626084669948,0.023971426901219724,"[1.8149241637568398, 1.987153905165624]","[1.6917479814130776, 2.0195751732501614]",CONVERGENCE: NORM OF PROJECTED GRADIENT <= PGTOL,45,0.03125,0.07956416252284368,12.568472642603256,48,0.01171875,0.01849788428226661,54.06023655141314,50,0.0078125,0.01732576091422487,57.71752276570871,35,0.22265625,True,0.41545362909599587,2.407007497264965,39,0.125,True,0.2497394933142982,4.004172454780694,43,0.0390625,True,0.08238062858862763,12.138776034273263
n10_d25_s42,10,0.25,42,1,7,True,9,39,L-BFGS-B,60,0.3245355720000589,36.213386443047995,0.7242677288609599,0.041067443123172426,4096,166,0.04052734375,0.03490644652745252,0.04700927196896412,"[3.236853823992916, 1.6623704980084182]","[3.282264809810979, 1.971843504723809]",CONVERGENCE: NORM OF PROJECTED GRADIENT <= PGTOL,45,0.03125,0.14614983775750595,6.842292918991913,48,0.01171875,0.059361063696708974,16.846059314389286,50,0.0078125,0.041067443123172426,24.35018895626709,35,0.22265625,True,0.6078791749839347,1.645063757985176,39,0.125,True,0.42526617914749376,2.3514684426695807,43,0.0390625,True,0.18345559961741498,5.450910204351552
n10_d25_s42,10,0.25,42,1,8,True,1,6,L-BFGS-B,60,0.0016555930005779373,27.5,0.55,0.0078125,4096,37,0.009033203125,0.006560810170804027,0.01242564567207263,"[6.106838101936139, 1.99258262551708]","[0.0, 3.141592653589793]",CONVERGENCE: NORM OF PROJECTED GRADIENT <= PGTOL,45,0.03125,0.03125,32.0,48,0.01171875,0.01171875,85.33333333333333,50,0.0078125,0.0078125,128.0,35,0.22265625,True,0.22265625,4.491228070175438,39,0.125,True,0.125,8.0,43,0.0390625,True,0.0390625,25.6
n10_d25_s42,10,0.25,42,1,9,True,7,33,L-BFGS-B,60,0.2734783140003856,30.918383469207306,0.6183676693841461,0.021226584548974636,4096,86,0.02099609375,0.017033419158058095,0.025856400018333753,"[1.9545695783961277, 1.2048045538270016]","[2.0873645261704388, 1.1938915313314349]",CONVERGENCE: NORM OF PROJECTED GRADIENT <= PGTOL,45,0.03125,0.07562875445133155,13.222484057218182,48,0.01171875,0.025059552897696936,39.90494180332737,50,0.0078125,0.021226584548974636,47.11073501687325,35,0.22265625,True,0.33501607013799095,2.984931438029544,39,0.125,True,0.21828865818301751,4.581090049862235,43,0.0390625,True,0.08089790447026157,12.36125962159631
n10_d25_s42,10,0.25,42,1,10,True,1,6,L-BFGS-B,60,0.04984032799984561,27.5,0.55,0.0078125,4096,31,0.007568359375,0.005337063044036356,0.010722450349838443,"[1.0790044277137782, 1.1707781323250002]","[6.283185307179586, 0.0]",CONVERGENCE: NORM OF PROJECTED GRADIENT <= PGTOL,45,0.03125,0.03125,32.0,48,0.01171875,0.01171875,85.33333333333333,50,0.0078125,0.0078125,128.0,35,0.22265625,True,0.22265625,4.491228070175438,39,0.125,True,0.125,8.0,43,0.0390625,True,0.0390625,25.6
n10_d25_s42,10,0.25,42,1,11,True,8,36,L-BFGS-B,60,0.3553418809997311,41.77600266515174,0.8355200533030349,0.13234351499671815,4096,560,0.13671875,0.12653752781989225,0.1475807448276465,"[6.154391725594799, 2.889595970009433]","[6.143645033585706, 2.7628448796907583]",CONVERGENCE: NORM OF PROJECTED GRADIENT <= PGTOL,45,0.03125,0.4109752159157769,2.433236753149939,48,0.01171875,0.17095226225693094,5.849586234179577,50,0.0078125,0.13234351499671815,7.556093700736285,35,0.22265625,True,0.8911352069401889,1.1221641701640432,39,0.125,True,0.7424109192295172,1.3469629474709395,43,0.0390625,True,0.47326513387506036,2.1129805016737087
n10_d25_s42,10,0.25,42,1,12,True,1,6,L-BFGS-B,60,0.0014961619999667164,27.5,0.55,0.0078125,4096,39,0.009521484375,0.006973116704285116,0.012988986621592162,"[0.8956121183381192, 1.4309127601165836]","[0.0, 3.141592653589793]",CONVERGENCE: NORM OF PROJECTED GRADIENT <= PGTOL,45,0.03125,0.03125,32.0,48,0.01171875,0.01171875,85.33333333333333,50,0.0078125,0.0078125,128.0,35,0.22265625,True,0.22265625,4.491228070175438,39,0.125,True,0.125,8.0,43,0.0390625,True,0.0390625,25.6
n10_d25_s42,10,0.25,42,1,13,True,1,6,L-BFGS-B,60,0.0016618119998383918,27.5,0.55,0.0078125,4096,26,0.00634765625,0.004335565780323295,0.009284828906049952,"[1.1356826226627759, 3.030138878920471]","[6.283185307179586, 3.141592653589793]",CONVERGENCE: NORM OF PROJECTED GRADIENT <= PGTOL,45,0.03125,0.03125,32.0,48,0.01171875,0.01171875,85.33333333333333,50,0.0078125,0.0078125,128.0,35,0.22265625,True,0.22265625,4.491228070175438,39,0.125,True,0.125,8.0,43,0.0390625,True,0.0390625,25.6
n10_d25_s42,10,0.25,42,1,14,True,8,42,L-BFGS-B,60,0.30455864799932897,36.21338644304787,0.7242677288609574,0.04106744465870332,4096,161,0.039306640625,0.03377439826763218,0.04570220152128292,"[3.42689244197778, 0.6134735834412941]","[3.2822648109916854, 0.40104721691613704]",CONVERGENCE: NORM OF PROJECTED GRADIENT <= PGTOL,45,0.03125,0.14614983945966756,6.842292839301861,48,0.01171875,0.05936106565411742,16.846058758896923,50,0.0078125,0.04106744465870332,24.350188045802174,35,0.22265625,True,0.6078791738928,1.6450637609380427,39,0.125,True,0.42526618324962995,2.351468419987213,43,0.0390625,True,0.18345560273270575,5.450910111788719
n10_d25_s42,10,0.25,42,1,15,True,10,42,L-BFGS-B,60,0.3466028530001495,31.255850222558358,0.6251170044511671,0.020151043890709354,4096,80,0.01953125,0.015721675338006252,0.02424120138938373,"[5.1027832739355325, 1.159301532096082]","[5.347652027091609, 1.1410129995757659]",CONVERGENCE: NORM OF PROJECTED GRADIENT <= PGTOL,45,0.03125,0.048911168026113616,20.445228367192154,48,0.01171875,0.024106943737574372,41.48182411200249,50,0.0078125,0.020151043890709354,49.62522067956243,35,0.22265625,True,0.3604036664113298,2.7746665564126003,39,0.125,True,0.21943740933075867,4.557108120487774,43,0.0390625,True,0.06518355759453279,15.341292143340672
n10_d25_s42,10,0.25,42,1,16,True,6,30,L-BFGS-B,60,0.2101741589995072,41.77600266515138,0.8355200533030276,0.13234351949764098,4096,543,0.132568359375,0.12252681267148956,0.1432984563705439,"[0.17603066404644985, 1.999293059818919]","[0.13954025684659194, 1.9495441559839535]",CONVERGENCE: RELATIVE REDUCTION OF F <= FACTR*EPSMCH,45,0.03125,0.4109752143810209,2.433236762236678,48,0.01171875,0.17095226994715274,5.8495859710382,50,0.0078125,0.13234351949764098,7.556093443758121,35,0.22265625,True,0.8911351978343361,1.1221641816306105,39,0.125,True,0.7424109167052058,1.3469629520508208,43,0.0390625,True,0.47326513057035935,2.112980516428163
n10_d25_s42,10,0.25,42,1,17,True,1,6,L-BFGS-B,60,0.025783564999983355,27.49999999999998,0.5499999999999996,0.007812499999999925,4096,29,0.007080078125,0.004934210809760133,0.010149655101114045,"[2.231532417486258, 0.631800963658461]","[6.283185307179586, 2.048833492293653]",CONVERGENCE: NORM OF PROJECTED GRADIENT <= PGTOL,45,0.03125,0.031249999999999847,32.000000000000156,48,0.01171875,0.011718749999999912,85.33333333333398,50,0.0078125,0.007812499999999925,128.00000000000122,35,0.22265625,True,0.22265624999999908,4.491228070175457,39,0.125,True,0.12499999999999946,8.000000000000036,43,0.0390625,True,0.039062499999999806,25.600000000000126
n10_d25_s42,10,0.25,42,1,18,True,1,6,L-BFGS-B,60,0.0218741830003637,27.499999999999986,0.5499999999999997,0.007812499999999993,4096,32,0.0078125,0.005539509852396457,0.011007827282978652,"[6.028985983363857, 1.9894793555130015]","[0.0, 2.998458572937401]",CONVERGENCE: NORM OF PROJECTED GRADIENT <= PGTOL,45,0.03125,0.031249999999999972,32.00000000000003,48,0.01171875,0.011718749999999993,85.33333333333339,50,0.0078125,0.007812499999999993,128.0000000000001,35,0.22265625,True,0.2226562499999999,4.491228070175441,39,0.125,True,0.12499999999999994,8.000000000000004,43,0.0390625,True,0.039062499999999965,25.600000000000023
n10_d25_s42,10,0.25,42,1,19,True,9,42,L-BFGS-B,60,0.29938551600025676,36.21338644304794,0.7242677288609588,0.04106744375073898,4096,162,0.03955078125,0.03400068683769521,0.04596373669272019,"[2.9745075687065508, 1.509590607376447]","[3.000920486083069, 1.169749117902463]",CONVERGENCE: NORM OF PROJECTED GRADIENT <= PGTOL,45,0.03125,0.1461498375672117,6.842292927900915,48,0.01171875,0.059361063882469145,16.846059261672462,50,0.0078125,0.04106744375073898,24.35018858416299,35,0.22265625,True,0.6078791753346897,1.6450637570359505,39,0.125,True,0.4252661829548815,2.3514684216169965,43,0.0390625,True,0.1834556012130532,5.450910156941276
n10_d25_s42,10,0.25,42,2,0,True,18,125,L-BFGS-B,60,0.08679665599993314,33.9907608551226,0.6798152171024521,0.04617305048237272,4096,202,0.04931640625,0.04309731256717877,0.05638006062324904,"[4.904361869782892, 1.8783336313194159, 0.4173170668375988, 1.584019870575649]","[4.854431983370092, 1.8535960805944984, 0.22871668424456199, 1.2302036740852005]",CONVERGENCE: NORM OF PROJECTED GRADIENT <= PGTOL,45,0.03125,0.11028913046817976,9.067076653474174,48,0.01171875,0.06596416395681506,15.159746444367471,50,0.0078125,0.04617305048237272,21.65765505100785,35,0.22265625,True,0.4642077872872441,2.1542077220286195,39,0.125,True,0.32953712136591234,3.034559493191716,43,0.0390625,True,0.11769705765761104,8.496389118826317
n10_d25_s42,10,0.25,42,2,1,True,1,10,L-BFGS-B,60,0.00521291699988069,27.5,0.55,0.0078125,4096,19,0.004638671875,0.00297171178976659,0.007233916706104488,"[5.843929957293698, 1.0292135769829527, 0.8864121661642272, 0.44383921863577597]","[6.283185307179586, 6.283185307179586, 0.0, 3.141592653589793]",CONVERGENCE: NORM OF PROJECTED GRADIENT <= PGTOL,45,0.03125,0.03125,32.0,48,0.01171875,0.01171875,85.33333333333333,50,0.0078125,0.0078125,128.0,35,0.22265625,True,0.22265625,4.491228070175438,39,0.125,True,0.125,8.0,43,0.0390625,True,0.0390625,25.6
n10_d25_s42,10,0.25,42,2,2,True,16,105,L-BFGS-B,60,0.046004453000023204,33.72375285433415,0.674475057086683,0.030306813970930754,4096,118,0.02880859375,0.0241109952204326,0.03438918368396916,"[4.1520871813751885, 5.847520149718272, 1.944992209538549, 0.1422451367695912]","[4.238524894211707, 6.033917558983208, 2.224614185921078, 0.34656678160385707]",CONVERGENCE: NORM OF PROJECTED GRADIENT <= PGTOL,45,0.03125,0.10452836199050565,9.566781502716271,48,0.01171875,0.04799715473163347,20.834568332045947,50,0.0078125,0.030306813970930754,32.9958801000714,35,0.22265625,True,0.4814310436042225,2.0771406690219285,39,0.125,True,0.31216139632055173,3.203471062684259,43,0.0390625,True,0.10826214329923536,9.236839115922646
n10_d25_s42,10,0.25,42,2,3,True,16,110,L-BFGS-B,60,0.07049779899989517,41.87954335509298,0.8375908671018596,0.13913299812906874,4096,511,0.124755859375,0.11498649118324551,0.13522841813077807,"[0.15116360453943953, 4.024938406854292, 0.7694075710857323, 1.2083327887187312]","[0.1370484998532099, 4.129050981442134, 0.3755733039328967, 1.6210040531624337]",CONVERGENCE: NORM OF PROJECTED GRADIENT <= PGTOL,45,0.03125,0.4257456132801747,2.348820443023379,48,0.01171875,0.1761461216386406,5.677104841692031,50,0.0078125,0.13913299812906874,7.187367579561073,35,0.22265625,True,0.8876221345475271,1.1266055239933357,39,0.125,True,0.7488100812274909,1.33545210604102,43,0.0390625,True,0.4865843579013347,2.0551421017992757
n10_d25_s42,10,0.25,42,2,4,True,1,10,L-BFGS-B,60,0.004122968000046967,27.5,0.55,0.0078125,4096,38,0.00927734375,0.006766714050692903,0.012707565533684064,"[4.780468837871428, 2.928803648771255, 2.8482686415637963, 0.5710188091400944]","[6.283185307179586, 6.283185307179586, 0.0, 3.141592653589793]",CONVERGENCE: NORM OF PROJECTED GRADIENT <= PGTOL,45,0.03125,0.03125,32.0,48,0.01171875,0.01171875,85.33333333333333,50,0.0078125,0.0078125,128.0,35,0.22265625,True,0.22265625,4.491228070175438,39,0.125,True,0.125,8.0,43,0.0390625,True,0.0390625,25.6
n10_d25_s42,10,0.25,42,2,5,True,11,95,L-BFGS-B,60,0.5870662790002825,36.017112368397164,0.7203422473679433,0.02277886653688912,4096,108,0.0263671875,0.021886441418738075,0.03173550007066059,"[5.0521704592672565, 4.910816468679884, 3.1153319406642654, 1.601916207555553]","[5.284641354191341, 5.16070358833762, 2.666041118602049, 1.9844700677172247]",CONVERGENCE: NORM OF PROJECTED GRADIENT <= PGTOL,45,0.03125,0.14184982888182876,7.049708892021807,48,0.01171875,0.024216911611708226,41.293457069749834,50,0.0078125,0.02277886653688912,43.90034062408483,35,0.22265625,True,0.6259555371501142,1.5975575590446194,39,0.125,True,0.4627200797022528,2.1611337909594748,43,0.0390625,True,0.18346764871085425,5.450552220113771
n10_d25_s42,10,0.25,42,2,6,True,8,75,L-BFGS-B,60,0.39056275300026755,41.77600266515172,0.8355200533030345,0.13234351774457695,4096,543,0.132568359375,0.12252681267148956,0.1432984563705439,"[6.167959194332077, 5.1259080586929135, 0.2962697479324075, 3.0959676508783254]","[6.232666366449621, 6.19416397445099, 0.0, 1.192048534039105]",CONVERGENCE: NORM OF PROJECTED GRADIENT <= PGTOL,45,0.03125,0.4109752208094828,2.433236724176063,48,0.01171875,0.1709522655339606,5.849586122047295,50,0.0078125,0.13234351774457695,7.556093543848521,35,0.22265625,True,0.8911352015589791,1.1221641769403448,39,0.125,True,0.7424109189392136,1.34696294799764,43,0.0390625,True,0.47326513884262156,2.1129804794951053
n10_d25_s42,10,0.25,42,2,7,True,14,100,L-BFGS-B,60,0.7061934670000483,37.11310900700316,0.7422621801400632,0.051624398842197695,4096,223,0.054443359375,0.04790316321435348,0.061818508547580836,"[3.1559257446296054, 4.719260862913786, 0.4052244029030732, 2.7737151111400826]","[3.2792695111019174, 4.691748049055856, 0.5361845238272451, 2.943061558725641]",CONVERGENCE: RELATIVE REDUCTION OF F <= FACTR*EPSMCH,45,0.03125,0.20278225518218607,4.931397962319573,48,0.01171875,0.0725108036127488,13.791048370400087,50,0.0078125,0.051624398842197695,19.370685614310762,35,0.22265625,True,0.6540943379199367,1.5288314575234916,39,0.125,True,0.4872271981317929,2.0524305782484342,43,0.0390625,True,0.24373257725439756,4.102857366318508
n10_d25_s42,10,0.25,42,2,8,True,12,95,L-BFGS-B,60,0.5173601199994664,36.017112368397335,0.7203422473679467,0.022778864151707334,4096,101,0.024658203125,0.020335690936602244,0.029871484362294254,"[1.0360388834522085, 1.0651924267994899, 1.6257918292586049, 2.852065493307912]","[0.9985439489719597, 1.122481706183921, 2.046347857126281, 2.7279188468721816]",CONVERGENCE: NORM OF PROJECTED GRADIENT <= PGTOL,45,0.03125,0.1418498321150241,7.04970873133719,48,0.01171875,0.024216909099570413,41.293461353321064,50,0.0078125,0.022778864151707334,43.900345220902835,35,0.22265625,True,0.625955538352541,1.5975575559757975,39,0.125,True,0.46272007639174784,2.1611338064211862,43,0.0390625,True,0.1834676467935653,5.450552277073587
n10_d25_s42,10,0.25,42,2,9,True,19,185,L-BFGS-B,60,0.9655713669999386,38.247076197907475,0.7649415239581495,0.03429860419910132,4096,142,0.03466796875,0.029487295514351152,0.04072065318605805,"[3.714518726901384, 1.452947634244225, 2.7300164660499986, 3.010599243000244]","[2.93301661579177, 0.10838579296921315, 0.3274763112096117, 0.9014867319011917]",CONVERGENCE: RELATIVE REDUCTION OF F <= FACTR*EPSMCH,45,0.03125,0.18518417729952252,5.400029390105881,48,0.01171875,0.05876276019054322,17.017580466904814,50,0.0078125,0.03429860419910132,29.15570540990708,35,0.22265625,True,0.7484281182986794,1.3361336587315715,39,0.125,True,0.5567550341072862,1.7961220621981855,43,0.0390625,True,0.24226291631662156,4.127746892525088
n10_d25_s42,10,0.25,42,2,10,True,20,165,L-BFGS-B,60,1.1025743030004378,36.64750904048424,0.7329501808096848,0.014493020616220889,4096,73,0.017822265625,0.014199063362519719,0.022349047174368093,"[1.8638045854013778, 3.4336668995382538, 2.516934813062809, 3.0835440382197348]","[4.568417724564893, 3.2245613296860025, 0.4144072392817508, 2.264559114898807]",CONVERGENCE: NORM OF PROJECTED GRADIENT <= PGTOL,45,0.03125,0.10960949103569717,9.123297540669395,48,0.01171875,0.021943093865801767,45.572425024280484,50,0.0078125,0.014493020616220889,68.99872886958977,35,0.22265625,True,0.6384994615780553,1.5661720332989695,39,0.125,True,0.4158742446358703,2.4045730479789063,43,0.0390625,True,0.2289509378674809,4.367747995768465
n10_d25_s42,10,0.25,42,2,11,True,1,10,L-BFGS-B,60,0.028264825999940513,27.5,0.55,0.0078125,4096,25,0.006103515625,0.004137683601119058,0.00899488734375388,"[0.3389916369709966, 5.566286778595298, 0.18908298715064745, 2.7140213416067023]","[6.283185307179586, 6.283185307179586, 3.141592653589793, 0.0]",CONVERGENCE: NORM OF PROJECTED GRADIENT <= PGTOL,45,0.03125,0.03125,32.0,48,0.01171875,0.01171875,85.33333333333333,50,0.0078125,0.0078125,128.0,35,0.22265625,True,0.22265625,4.491228070175438,39,0.125,True,0.125,8.0,43,0.0390625,True,0.0390625,25.6
n10_d25_s42,10,0.25,42,2,12,True,1,10,L-BFGS-B,60,0.02403655299985985,27.5,0.55,0.0078125,4096,36,0.0087890625,0.006355424717037815,0.012143207384338531,"[0.1432167858998703, 2.300853633540687, 2.7977244376694306, 1.4670828978778234]","[6.283185307179586, 6.283185307179586, 3.141592653589793, 0.0]",CONVERGENCE: NORM OF PROJECTED GRADIENT <= PGTOL,45,0.03125,0.03125,32.0,48,0.01171875,0.01171875,85.33333333333333,50,0.0078125,0.0078125,128.0,35,0.22265625,True,0.22265625,4.491228070175438,39,0.125,True,0.125,8.0,43,0.0390625,True,0.0390625,25.6
n10_d25_s42,10,0.25,42,2,13,True,11,95,L-BFGS-B,60,0.394686227999955,35.37450081018095,0.707490016203619,0.09623665909277485,4096,358,0.08740234375,0.07913528328083025,0.0964425935836459,"[5.494186033246288, 3.7545935784203004, 1.3861277140218107, 2.3609409272255735]","[5.857333245089511, 5.03286516932332, 1.956588418930685, 2.8229768747381385]",CONVERGENCE: NORM OF PROJECTED GRADIENT <= PGTOL,45,0.03125,0.1689177716599733,5.920040207568992,48,0.01171875,0.10957351287752948,9.126293150039844,50,0.0078125,0.09623665909277485,10.391050660185241,35,0.22265625,True,0.5369401081238889,1.86240510788825,39,0.125,True,0.3586644511965066,2.7881213113370853,43,0.0390625,True,0.18126252207800447,5.516860234183767
n10_d25_s42,10,0.25,42,2,14,True,1,10,L-BFGS-B,60,0.05216873900008068,27.49999999999997,0.5499999999999994,0.007812500000000026,4096,35,0.008544921875,0.006150578678096599,0.011860229681779438,"[1.7408441623555555, 1.0018457799722698, 1.2977113141485734, 1.2762825115358232]","[6.283185307179586, 4.823450169492155, 2.1674291283166003, 3.141592653589793]",CONVERGENCE: NORM OF PROJECTED GRADIENT <= PGTOL,45,0.03125,0.031249999999999903,32.0000000000001,48,0.01171875,0.011718749999999984,85.33333333333344,50,0.0078125,0.007812500000000026,127.99999999999957,35,0.22265625,True,0.22265624999999903,4.491228070175458,39,0.125,True,0.12499999999999947,8.000000000000034,43,0.0390625,True,0.03906249999999993,25.600000000000044
n10_d25_s42,10,0.25,42,2,15,True,1,10,L-BFGS-B,60,0.048231746000055864,27.5,0.55,0.0078125,4096,31,0.007568359375,0.005337063044036356,0.010722450349838443,"[4.410174176218431, 5.864433622977055, 1.9931165196080363, 1.3461720317565269]","[0.0, 0.0, 1.2355511268052743, 0.0]",CONVERGENCE: NORM OF PROJECTED GRADIENT <= PGTOL,45,0.03125,0.03125,32.0,48,0.01171875,0.01171875,85.33333333333333,50,0.0078125,0.0078125,128.0,35,0.22265625,True,0.22265625,4.491228070175438,39,0.125,True,0.125,8.0,43,0.0390625,True,0.0390625,25.6
n10_d25_s42,10,0.25,42,2,16,True,13,95,L-BFGS-B,60,0.6437194370000725,34.501027161648295,0.6900205432329659,0.03583367451674218,4096,145,0.035400390625,0.030162557344038075,0.04150886258087206,"[1.1164285347600633, 5.898523806041335, 2.134550098281768, 0.6089723872756501]","[1.1486966337211895, 6.027366906084496, 2.254509870304468, 0.3983676378135019]",CONVERGENCE: NORM OF PROJECTED GRADIENT <= PGTOL,45,0.03125,0.09891538342040679,10.10965095034646,48,0.01171875,0.05382814036176389,18.577643464538795,50,0.0078125,0.03583367451674218,27.906711033298603,35,0.22265625,True,0.5110747359097474,1.9566609924866132,39,0.125,True,0.3615753169129413,2.765675512747393,43,0.0390625,True,0.14065576283004566,7.109555839587602
n10_d25_s42,10,0.25,42,2,17,True,11,65,L-BFGS-B,60,0.4707873520001158,41.77600266515175,0.835520053303035,0.13234351729634078,4096,581,0.141845703125,0.13149640570109858,0.15286616551794666,"[0.9979293836889676, 2.2867244111349025, 1.4306293692465997, 1.214436874992356]","[6.143645032058933, 6.283185307179586, 0.4882238330946248, 0.7038247064422131]",CONVERGENCE: NORM OF PROJECTED GRADIENT <= PGTOL,45,0.03125,0.41097522095901184,2.433236723290755,48,0.01171875,0.17095226476891495,5.849586148225365,50,0.0078125,0.13234351729634078,7.556093569440363,35,0.22265625,True,0.8911352024657051,1.1221641757985479,39,0.125,True,0.7424109191898907,1.3469629475428342,43,0.0390625,True,0.47326513916775914,2.112980478043468
n10_d25_s42,10,0.25,42,2,18,True,24,180,L-BFGS-B,60,1.1464481500006514,34.62767242118196,0.6925534484236393,0.03214443578033223,4096,140,0.0341796875,0.029037488565238835,0.04019481265216975,"[1.6589872505911927, 5.650150066599431, 0.72157123176834, 2.245957251427337]","[1.1297185723234815, 5.677169891819843, 0.6344275559680853, 1.2225948782189677]",CONVERGENCE: NORM OF PROJECTED GRADIENT <= PGTOL,45,0.03125,0.11562180463272753,8.64888766592511,48,0.01171875,0.04318164141780876,23.157989533662906,50,0.0078125,0.03214443578033223,31.109583220989563,35,0.22265625,True,0.5360858550365799,1.865372851391061,39,0.125,True,0.30412501360297584,3.288121513429552,43,0.0390625,True,0.13779166968320872,7.257332771270279
n10_d25_s42,10,0.25,42,2,19,True,16,140,L-BFGS-B,60,0.7839122459999999,34.52314622819064,0.6904629245638128,0.06642194385847938,4096,258,0.06298828125,0.055950014635511774,0.07084548807893337,"[3.4824424950169637, 4.474940100163243, 2.2276877871708853, 0.5137392745938899]","[3.503416375550727, 4.46300886210331, 2.712332920772895, 0.3147682674278422]",CONVERGENCE: RELATIVE REDUCTION OF F <= FACTR*EPSMCH,45,0.03125,0.13453782813973214,7.432853746987735,48,0.01171875,0.10417606338205249,9.599134076823646,50,0.0078125,0.06642194385847938,15.055265502777674,35,0.22265625,True,0.43226644577088325,2.313387980454157,39,0.125,True,0.3673976604413318,2.7218464015224337,43,0.0390625,True,0.13778389819542175,7.2577421099066255
n10_d25_s42,10,0.25,42,3,0,True,37,371,L-BFGS-B,60,0.30228508900017914,38.69016295255088,0.7738032590510175,0.0676405880810377,4096,298,0.07275390625,0.06519373132433245,0.0811147210501251,"[3.962725314860307, 5.767583588285256, 1.6161302452540613, 2.8425966699249847, 0.058465404626779564, 2.575552025541495]","[4.741629593536025, 6.117730808881272, 3.235327414000852, 2.6628721811043548, 0.3398185337445144, 2.360874385081207]",CONVERGENCE: RELATIVE REDUCTION OF F <= FACTR*EPSMCH,45,0.03125,0.28578432334513226,3.4991422492840276,48,0.01171875,0.13305986702072944,7.51541409435055,50,0.0078125,0.0676405880810377,14.784022853289459,35,0.22265625,True,0.715321281751427,1.3979732261726534,39,0.125,True,0.5320814371253002,1.8794115528681925,43,0.0390625,True,0.31077444763335316,3.217767765706994
n10_d25_s42,10,0.25,42,3,1,True,22,294,L-BFGS-B,60,0.2141792299998997,42.25948051057981,0.8451896102115962,0.15565660881896837,4096,664,0.162109375,0.15114014772063633,0.17371179404293463,"[2.6685603650702374, 4.70807252010611, 3.9883080822022494, 0.030059904002693375, 3.0519867973191914, 3.1205044282974206]","[6.147474875234972, 5.681581866276704, 5.949680273159524, 2.764673746120582, 3.141592653589793, 1.4618078114882538]",CONVERGENCE: RELATIVE REDUCTION OF F <= FACTR*EPSMCH,45,0.03125,0.4507247039754657,2.2186491913574655,48,0.01171875,0.18816744914858258,5.314415455620969,50,0.0078125,0.15565660881896837,6.424397958990737,35,0.22265625,True,0.897155309242066,1.114634210708533,39,0.125,True,0.7689303520977329,1.3005079033125455,43,0.0390625,True,0.5145007199340411,1.94363187699368
n10_d25_s42,10,0.25,42,3,2,True,1,14,L-BFGS-B,60,0.008206546000110393,27.499999999999886,0.5499999999999977,0.007812500000000186,4096,36,0.0087890625,0.006355424717037815,0.012143207384338531,"[4.720051632570991, 0.06690382423528668, 1.023904674760067, 1.5945088726648609, 0.45959698386428804, 1.1069253632189793]","[6.283185307179586, 6.283185307179586, 6.283185307179586, 3.141592653589793, 1.3606046084041534, 0.32836378771837416]",CONVERGENCE: NORM OF PROJECTED GRADIENT <= PGTOL,45,0.03125,0.03124999999999957,32.00000000000044,48,0.01171875,0.011718750000000151,85.33333333333223,50,0.0078125,0.007812500000000186,127.99999999999696,35,0.22265625,True,0.2226562499999954,4.491228070175532,39,0.125,True,0.12499999999999742,8.000000000000165,43,0.0390625,True,0.03906249999999893,25.6000000000007
n10_d25_s42,10,0.25,42,3,3,True,1,14,L-BFGS-B,60,0.03428632299983292,27.5,0.55,0.0078125,4096,25,0.006103515625,0.004137683601119058,0.00899488734375388,"[2.213297424586855, 3.908467324805233, 0.7951225125685473, 0.3868057317805171, 0.45034778382900514, 2.0113743703302034]","[6.283185307179586, 6.283185307179586, 6.283185307179586, 3.141592653589793, 3.141592653589793, 3.141592653589793]",CONVERGENCE: NORM OF PROJECTED GRADIENT <= PGTOL,45,0.03125,0.03125,32.0,48,0.01171875,0.01171875,85.33333333333333,50,0.0078125,0.0078125,128.0,35,0.22265625,True,0.22265625,4.491228070175438,39,0.125,True,0.125,8.0,43,0.0390625,True,0.0390625,25.6
n10_d25_s42,10,0.25,42,3,4,True,42,448,L-BFGS-B,60,0.32103535599981115,37.9375491757209,0.758750983514418,0.07700070047674401,4096,336,0.08203125,0.07401396766391984,0.09083178688754949,"[4.6359422719493875, 3.4598176821962383, 0.703940392347476, 2.600835638798667, 1.541516877142316, 2.8171894845242798]","[4.698340616237103, 3.5217707937683276, 1.0499226348964554, 1.9058936165185585, 1.416087814233883, 2.704426139446688]",CONVERGENCE: NORM OF PROJECTED GRADIENT <= PGTOL,45,0.03125,0.26343254128264326,3.7960382385981517,48,0.01171875,0.0999464333754892,10.005359533372197,50,0.0078125,0.07700070047674401,12.98689484392448,35,0.22265625,True,0.6737111794986629,1.4843155797772905,39,0.125,True,0.5068993169192846,1.9727783538505608,43,0.0390625,True,0.2952193244453867,3.387312134389063
n10_d25_s42,10,0.25,42,3,5,True,9,84,L-BFGS-B,60,0.7518223629995191,31.2558502225585,0.62511700445117,0.020151047996095385,4096,76,0.0185546875,0.014850524581988338,0.02316105717940041,"[4.4185918023381, 5.480759799896707, 5.260948818385523, 0.27495229185046055, 0.795282020634811, 0.11046905739291765]","[0.0, 0.0, 5.347652046856334, 9.192182958443179e-05, 3.140794549046878, 2.7118093455864343]",CONVERGENCE: NORM OF PROJECTED GRADIENT <= PGTOL,45,0.03125,0.04891117257636964,20.44522646515181,48,0.01171875,0.024106947987358122,41.48181679922353,50,0.0078125,0.020151047996095385,49.62521056938415,35,0.22265625,True,0.3604036700375253,2.774666528495339,39,0.125,True,0.21943740910602974,4.557108125154772,43,0.0390625,True,0.0651835612081853,15.341291292848647
n10_d25_s42,10,0.25,42,3,6,True,31,266,L-BFGS-B,60,2.2212106179995317,36.88820812802716,0.7377641625605432,0.05159758249297222,4096,219,0.053466796875,0.04698636991961872,0.06078400687631435,"[5.7138638618458035, 4.185815170443866, 5.819684559770514, 1.6244542114813738, 1.630203928569612, 0.41998853381810375]","[5.83285330609278, 4.169307427077034, 5.849245067125936, 1.6972288566787124, 1.6315388937025075, 0.3657064394615717]",CONVERGENCE: RELATIVE REDUCTION OF F <= FACTR*EPSMCH,45,0.03125,0.1729472084721344,5.78211125137138,48,0.01171875,0.06512579708061375,15.35489844004802,50,0.0078125,0.05159758249297222,19.380752967180268,35,0.22265625,True,0.6507496888119628,1.5366891712628306,39,0.125,True,0.46081594029407585,2.170063820626163,43,0.0390625,True,0.20756418362898688,4.817786876889426
n10_d25_s42,10,0.25,42,3,7,True,18,154,L-BFGS-B,60,1.167498114999944,36.491478186126216,0.7298295637225243,0.046935805579430265,4096,185,0.045166015625,0.0392211761167171,0.05196319346820543,"[3.0899192584037833, 6.190072296120385, 2.7365042932369468, 2.2351439444726995, 2.3464828169066285, 0.28980185797245855]","[3.008683342818976, 6.283185307179586, 2.7286917699288953, 1.99207533327131, 2.3281676714516, 0.09597063025468452]",CONVERGENCE: RELATIVE REDUCTION OF F <= FACTR*EPSMCH,45,0.03125,0.1570432172032697,6.367673929563255,48,0.01171875,0.06398239489351,15.629299304353394,50,0.0078125,0.046935805579430265,21.305695889413954,35,0.22265625,True,0.6193020315352062,1.6147210070037559,39,0.125,True,0.41613879783110186,2.4030443813745763,43,0.0390625,True,0.19540143176681365,5.117669768118028
n10_d25_s42,10,0.25,42,3,8,True,1,14,L-BFGS-B,60,0.060869844000080775,27.5,0.55,0.007812499999999998,4096,26,0.00634765625,0.004335565780323295,0.009284828906049952,"[0.8194961321088294, 3.295739866203108, 3.095912960710427, 0.23239525620336515, 2.807254819072811, 2.6637619187021904]","[0.0, 0.0, 3.9156092765196107, 3.141592653589793, 0.0, 0.0]",CONVERGENCE: NORM OF PROJECTED GRADIENT <= PGTOL,45,0.03125,0.03125,32.0,48,0.01171875,0.011718749999999998,85.33333333333334,50,0.0078125,0.007812499999999998,128.00000000000003,35,0.22265625,True,0.22265625,4.491228070175438,39,0.125,True,0.125,8.0,43,0.0390625,True,0.0390625,25.6
n10_d25_s42,10,0.25,42,3,9,True,12,140,L-BFGS-B,60,0.7967888159992071,31.091426214344015,0.6218285242868803,0.01994618358697161,4096,83,0.020263671875,0.01637682567489716,0.025049522276993755,"[5.656403158004003, 4.649735671897804, 3.2577924604082806, 2.988233862338268, 2.9094206411868413, 0.009728386797550701]","[0.0, 0.0, 3.529887914985887, 3.141592300402762, 2.657758390263847, 2.723227177285701]",CONVERGENCE: NORM OF PROJECTED GRADIENT <= PGTOL,45,0.03125,0.06279337186052175,15.925247687307278,48,0.01171875,0.03473563612278132,28.7888782708704,50,0.0078125,0.01994618358697161,50.134904035134674,35,0.22265625,True,0.3157979520615771,3.1665816496650714,39,0.125,True,0.23391784207833294,4.275005237373583,43,0.0390625,True,0.0661475311176869,15.117722205245153
n10_d25_s42,10,0.25,42,3,10,True,21,189,L-BFGS-B,60,1.1961851169999136,38.661796062052616,0.7732359212410523,0.12265233870521364,4096,479,0.116943359375,0.10745909249111046,0.12714545709490319,"[2.663961685087527, 4.520649195497071, 4.980220342139257, 2.329470434980762, 1.8822501531774805, 0.7405656686551663]","[3.0203758900626174, 4.755403642462158, 5.1930341443682035, 2.573182865518487, 1.8022467447068315, 1.4126611125305135]",CONVERGENCE: NORM OF PROJECTED GRADIENT <= PGTOL,45,0.03125,0.2784428502068008,3.5914012489718994,48,0.01171875,0.13384640098156675,7.471250572794403,50,0.0078125,0.12265233870521364,8.15312623107359,35,0.22265625,True,0.7360484174760059,1.3586062767842286,39,0.125,True,0.5391528654025777,1.8547615419855266,43,0.0390625,True,0.3190890453196039,3.13392143875822
n10_d25_s42,10,0.25,42,3,11,True,1,14,L-BFGS-B,60,0.05443606600056228,27.5,0.55,0.0078125,4096,25,0.006103515625,0.004137683601119058,0.00899488734375388,"[3.8364306258849536, 5.772069314979351, 1.9919587555038147, 2.4816608009849594, 1.042982578940667, 2.9225200630398485]","[6.283185307179586, 0.0, 0.0, 0.0, 0.0, 0.0]",CONVERGENCE: NORM OF PROJECTED GRADIENT <= PGTOL,45,0.03125,0.03125,32.0,48,0.01171875,0.01171875,85.33333333333333,50,0.0078125,0.0078125,128.0,35,0.22265625,True,0.22265625,4.491228070175438,39,0.125,True,0.125,8.0,43,0.0390625,True,0.0390625,25.6
n10_d25_s42,10,0.25,42,3,12,True,19,182,L-BFGS-B,60,1.7500975309994828,42.82665342886678,0.8565330685773356,0.1832827689080028,4096,784,0.19140625,0.1796496698931473,0.20374112085046087,"[1.9633909356874022, 6.201752395022257, 1.3152001333055798, 0.7789890888902307, 1.4713219823384516, 2.462579122764979]","[1.5735512537396978, 4.845208394825399, 0.9284144039387217, 1.6995869243131134, 1.9547513631905078, 1.6884323364163525]",CONVERGENCE: NORM OF PROJECTED GRADIENT <= PGTOL,45,0.03125,0.5164691123966817,1.936224211665799,48,0.01171875,0.21048576073655628,4.750915199682313,50,0.0078125,0.1832827689080028,5.456050265706873,35,0.22265625,True,0.9005553598091145,1.110425904535135,39,0.125,True,0.7953417323133024,1.257321173241389,43,0.0390625,True,0.5680426543070358,1.7604311796266703
n10_d25_s42,10,0.25,42,3,13,True,39,378,L-BFGS-B,60,2.516696873000001,39.69070803323493,0.7938141606646986,0.18133698496093636,4096,727,0.177490234375,0.16609292051017271,0.18949191696791778,"[0.8381531235640579, 6.025320134524118, 0.8727437844432429, 1.235630752721277, 0.9537437514695376, 2.5918462562102165]","[0.8621851774853707, 5.86164540080071, 0.9142831761004294, 1.807788442226956, 1.1401482105804472, 2.734408075088491]",CONVERGENCE: RELATIVE REDUCTION OF F <= FACTR*EPSMCH,45,0.03125,0.32893968893176484,3.040070972425099,48,0.01171875,0.2219173728305604,4.506181680347873,50,0.0078125,0.18133698496093636,5.514594831360078,35,0.22265625,True,0.7322796063551598,1.3655985928344894,39,0.125,True,0.6289383309955296,1.5899810056371135,43,0.0390625,True,0.34146225371949623,2.928581385225314
n10_d25_s42,10,0.25,42,3,14,True,1,14,L-BFGS-B,60,0.06653287200060731,27.499999999999996,0.5499999999999999,0.007812499999999993,4096,22,0.00537109375,0.0035497403427024827,0.008119359377669524,"[4.902551700088648, 3.6447255120901527, 0.03204074937180552, 2.395456100977202, 2.438242118728216, 1.2106014986231053]","[0.0, 4.744161794125531, 0.09496676931154586, 0.0, 3.141592653589793, 3.141592653589793]",CONVERGENCE: NORM OF PROJECTED GRADIENT <= PGTOL,45,0.03125,0.031249999999999972,32.00000000000003,48,0.01171875,0.011718749999999993,85.33333333333339,50,0.0078125,0.007812499999999993,128.0000000000001,35,0.22265625,True,0.2226562499999999,4.491228070175441,39,0.125,True,0.12499999999999989,8.000000000000007,43,0.0390625,True,0.03906249999999997,25.60000000000002
n10_d25_s42,10,0.25,42,3,15,True,24,224,L-BFGS-B,60,2.000431671000115,35.53138023724613,0.7106276047449227,0.051375614704251275,4096,206,0.05029296875,0.044011278822729566,0.05741738933369947,"[4.166055243338298, 4.092146406965266, 0.5823362963957386, 0.4837896232714844, 1.9285151724240377, 2.9240924934739203]","[4.222128786987797, 3.8209092861892353, 0.972394433093698, 0.5594431023712968, 1.922321587533065, 3.03524121619367]",CONVERGENCE: RELATIVE REDUCTION OF F <= FACTR*EPSMCH,45,0.03125,0.1385918905253563,7.215429389189574,48,0.01171875,0.05916898661798328,16.900745764945537,50,0.0078125,0.051375614704251275,19.464487301156343,35,0.22265625,True,0.5437552174470086,1.8390628134017941,39,0.125,True,0.3742868145461409,2.6717478712484093,43,0.0390625,True,0.14628069876434593,6.836171883557732
n10_d25_s42,10,0.25,42,3,16,True,24,231,L-BFGS-B,60,1.7696331280003506,36.795098327196854,0.735901966543937,0.030038824636785595,4096,125,0.030517578125,0.02567399262204792,0.03624095247285601,"[0.4512784978828414, 4.209658099472129, 4.813513524355585, 0.891915768988647, 2.839782111174095, 2.056356886001795]","[0.4693355655288932, 4.8156673648285615, 5.158202370479133, 1.3496506846195409, 2.7416164228182165, 1.9681974761758885]",CONVERGENCE: NORM OF PROJECTED GRADIENT <= PGTOL,45,0.03125,0.17688260436569725,5.653467188511893,48,0.01171875,0.04935680151098114,20.260632159835463,50,0.0078125,0.030038824636785595,33.29025060372696,35,0.22265625,True,0.6407766725538795,1.5606061250862957,39,0.125,True,0.5183970751454867,1.9290232293832923,43,0.0390625,True,0.2093666630838245,4.776309586591768
n10_d25_s42,10,0.25,42,3,17,True,1,14,L-BFGS-B,60,0.09976653999910923,27.5,0.55,0.0078125,4096,34,0.00830078125,0.00594629450988538,0.011576690108490348,"[0.2884035152389554, 2.113151734108109, 2.585794794312017, 2.626372592424619, 0.9504747416570308, 2.651787249693441]","[0.0, 6.283185307179586, 6.283185307179586, 0.0, 0.0, 0.0]",CONVERGENCE: NORM OF PROJECTED GRADIENT <= PGTOL,45,0.03125,0.03125,32.0,48,0.01171875,0.01171875,85.33333333333333,50,0.0078125,0.0078125,128.0,35,0.22265625,True,0.22265625,4.491228070175438,39,0.125,True,0.125,8.0,43,0.0390625,True,0.0390625,25.6
n10_d25_s42,10,0.25,42,3,18,True,25,224,L-BFGS-B,60,1.9961214130007647,41.96131513021446,0.8392263026042892,0.14340343633027647,4096,607,0.148193359375,0.13764249456715064,0.15940349393090267,"[4.731647972881813, 2.275604906378445, 5.810557305572179, 1.3453784866410088, 0.33322858971377467, 0.6600412789577771]","[4.47475932898191, 2.1036241690600126, 6.129955547225307, 1.5029023939499517, 0.0, 0.3699832911771625]",CONVERGENCE: RELATIVE REDUCTION OF F <= FACTR*EPSMCH,45,0.03125,0.4412002187366838,2.2665446605247896,48,0.01171875,0.1797600808229587,5.562970351492418,50,0.0078125,0.14340343633027647,6.9733335936028205,35,0.22265625,True,0.8913947414439315,1.1218374458661755,39,0.125,True,0.7538934812261477,1.3264473362650377,43,0.0390625,True,0.5011544535867452,1.9953928231965903
n10_d25_s42,10,0.25,42,3,19,True,1,14,L-BFGS-B,60,0.08403634800015425,27.5,0.55,0.0078125,4096,42,0.01025390625,0.007595138472931719,0.013830436077446488,"[5.889254539588841, 3.713018943886954, 5.262838862215089, 3.1057881388486512, 3.1024182725855263, 1.094635255283701]","[0.0, 0.0, 0.0, 3.141592653589793, 3.141592653589793, 0.0]",CONVERGENCE: NORM OF PROJECTED GRADIENT <= PGTOL,45,0.03125,0.03125,32.0,48,0.01171875,0.01171875,85.33333333333333,50,0.0078125,0.0078125,128.0,35,0.22265625,True,0.22265625,4.491228070175438,39,0.125,True,0.125,8.0,43,0.0390625,True,0.0390625,25.6
n10_d50_s17,10,0.5,17,1,0,True,9,42,L-BFGS-B,60,0.0099450159996195,46.158109909804566,0.6594015701400652,0.0031183899972976113,4096,13,0.003173828125,0.0018557872990695213,0.005422898747799697,"[5.341850898120179, 2.558423947697893]","[5.26194815245268, 2.716125518289349]",CONVERGENCE: NORM OF PROJECTED GRADIENT <= PGTOL,63,0.02734375,0.0404347624162394,24.731195146045426,67,0.01171875,0.006187414120534834,161.61840480034994,70,0.00390625,0.0031183899972976113,320.6782990153885,56,0.158203125,True,0.19065967418968988,5.244947597073341,63,0.02734375,True,0.0404347624162394,24.731195146045426,69,0.00390625,True,0.0031183899972976113,320.6782990153885
n10_d50_s17,10,0.5,17,1,1,True,1,6,L-BFGS-B,60,0.0017153759999928297,44.5,0.6357142857142857,0.00390625,4096,16,0.00390625,0.002405923039438864,0.0063362342319312846,"[3.2552448223875228, 0.5162222288491574]","[6.283185307179586, 3.141592653589793]",CONVERGENCE: NORM OF PROJECTED GRADIENT <= PGTOL,63,0.02734375,0.02734375,36.57142857142857,67,0.01171875,0.01171875,85.33333333333333,70,0.00390625,0.00390625,256.0,56,0.158203125,True,0.158203125,6.320987654320987,63,0.02734375,True,0.02734375,36.57142857142857,69,0.00390625,True,0.00390625,256.0
n10_d50_s17,10,0.5,17,1,2,True,8,45,L-BFGS-B,60,0.01098124399959488,47.941412251475825,0.684877317878226,0.004601771269551386,4096,14,0.00341796875,0.0020371496844209867,0.00572936010394854,"[3.9391871339714037, 1.3910380002039626]","[4.092446341967188, 1.172903117794497]",CONVERGENCE: NORM OF PROJECTED GRADIENT <= PGTOL,63,0.02734375,0.047764334391748396,20.936123422097904,67,0.01171875,0.018958706124058224,52.74621556220125,70,0.00390625,0.004601771269551386,217.30762817715782,56,0.158203125,True,0.26132423105131175,3.826663895563696,63,0.02734375,True,0.047764334391748396,20.936123422097904,69,0.00390625,True,0.004601771269551386,217.30762817715782
n10_d50_s17,10,0.5,17,1,3,True,1,6,L-BFGS-B,60,0.0015184769999905257,44.50000000000004,0.6357142857142863,0.003906250000000005,4096,15,0.003662109375,0.0022205922771783033,0.006033741252691535,"[5.799111380216412, 1.7946107850194553]","[0.0, 1.1937801072656067]",CONVERGENCE: NORM OF PROJECTED GRADIENT <= PGTOL,63,0.02734375,0.02734375000000003,36.57142857142853,67,0.01171875,0.011718750000000017,85.3333333333332,70,0.00390625,0.003906250000000005,255.99999999999966,56,0.158203125,True,0.15820312500000025,6.3209876543209775,63,0.02734375,True,0.02734375000000003,36.57142857142853,69,0.00390625,True,0.003906250000000005,255.99999999999966
n10_d50_s17,10,0.5,17,1,4,True,13,57,L-BFGS-B,60,0.012979426999663701,47.94141225147591,0.6848773178782273,0.004601773085951746,4096,24,0.005859375,0.003940714277798989,0.008704032925573639,"[2.020839959539625, 0.7605353592866495]","[2.190738916314714, 0.3978932063102947]",CONVERGENCE: NORM OF PROJECTED GRADIENT <= PGTOL,63,0.02734375,0.04776434457001339,20.93611896074888,67,0.01171875,0.018958707538492853,52.74621162701349,70,0.00390625,0.004601773085951746,217.30754240203447,56,0.158203125,True,0.2613242389961933,3.8266637792239666,63,0.02734375,True,0.04776434457001339,20.93611896074888,69,0.00390625,True,0.004601773085951746,217.30754240203447
n10_d50_s17,10,0.5,17,1,5,True,8,45,L-BFGS-B,60,0.20377650699992955,46.148813038796206,0.6592687576970887,0.004200388831518961,4096,14,0.00341796875,0.0020371496844209867,0.00572936010394854,"[5.686918428746322, 0.033745781198557666]","[5.64146432806522, 0.41155052444825546]",CONVERGENCE: NORM OF PROJECTED GRADIENT <= PGTOL,63,0.02734375,0.04188326533562607,23.875884365429265,67,0.01171875,0.01656915127959565,60.353121480124706,70,0.00390625,0.004200388831518961,238.0731975326142,56,0.158203125,True,0.21873577570444758,4.571725849507054,63,0.02734375,True,0.04188326533562607,23.875884365429265,69,0.00390625,True,0.004200388831518961,238.0731975326142
n10_d50_s17,10,0.5,17,1,6,True,9,36,L-BFGS-B,60,0.2723637199997029,47.898340243493166,0.6842620034784738,0.0019401849117901377,4096,12,0.0029296875,0.0016767322242621596,0.005114130081106749,"[3.092236740904741, 1.645112566672987]","[2.112062835629407, 2.0219264514530964]",CONVERGENCE: NORM OF PROJECTED GRADIENT <= PGTOL,63,0.02734375,0.04637420285885226,21.56371297731347,67,0.01171875,0.014149145490243218,70.67564615047367,70,0.00390625,0.0019401849117901377,515.4147905816546,56,0.158203125,True,0.27920854869103906,3.581552229285643,63,0.02734375,True,0.04637420285885226,21.56371297731347,69,0.00390625,True,0.0019401849117901377,515.4147905816546
n10_d50_s17,10,0.5,17,1,7,True,1,6,L-BFGS-B,60,0.0020187220006846474,44.5,0.6357142857142857,0.00390625,4096,18,0.00439453125,0.002781615150444107,0.006936189603926662,"[4.671644254445509, 1.843268009402004]","[0.0, 1.0888187017860327]",CONVERGENCE: NORM OF PROJECTED GRADIENT <= PGTOL,63,0.02734375,0.02734375,36.57142857142857,67,0.01171875,0.01171875,85.33333333333333,70,0.00390625,0.00390625,256.0,56,0.158203125,True,0.158203125,6.320987654320987,63,0.02734375,True,0.02734375,36.57142857142857,69,0.00390625,True,0.00390625,256.0
n10_d50_s17,10,0.5,17,1,8,True,10,48,L-BFGS-B,60,0.49149111099995935,47.310161442684176,0.6758594491812026,0.00705699812170776,4096,33,0.008056640625,0.00574259628340602,0.011292564593469397,"[1.666972845509991, 1.2083111429407318]","[1.9104294484178124, 1.1752905607099302]",CONVERGENCE: NORM OF PROJECTED GRADIENT <= PGTOL,63,0.02734375,0.062175276586781146,16.083563353421514,67,0.01171875,0.02032702816407966,49.195582941490784,70,0.00390625,0.00705699812170776,141.70331106139005,56,0.158203125,True,0.20456078544107503,4.888522489018581,63,0.02734375,True,0.062175276586781146,16.083563353421514,69,0.00390625,True,0.00705699812170776,141.70331106139005
n10_d50_s17,10,0.5,17,1,9,True,1,6,L-BFGS-B,60,0.0019950969999626977,44.49999999999997,0.6357142857142853,0.0039062499999999957,4096,15,0.003662109375,0.0022205922771783033,0.006033741252691535,"[2.120303830581898, 1.225943424216249]","[0.0, 1.1599808994840617]",CONVERGENCE: NORM OF PROJECTED GRADIENT <= PGTOL,63,0.02734375,0.027343749999999972,36.57142857142861,67,0.01171875,0.011718749999999984,85.33333333333344,70,0.00390625,0.0039062499999999957,256.0000000000003,56,0.158203125,True,0.15820312499999983,6.320987654320994,63,0.02734375,True,0.027343749999999972,36.57142857142861,69,0.00390625,True,0.0039062499999999957,256.0000000000003
n10_d50_s17,10,0.5,17,1,10,True,1,6,L-BFGS-B,60,0.027211130000068806,44.5,0.6357142857142857,0.00390625,4096,23,0.005615234375,0.003744712895050349,0.00841221056682197,"[3.6788487631567452, 0.8761050550788394]","[6.283185307179586, 0.0]",CONVERGENCE: NORM OF PROJECTED GRADIENT <= PGTOL,63,0.02734375,0.02734375,36.57142857142857,67,0.01171875,0.01171875,85.33333333333333,70,0.00390625,0.00390625,256.0,56,0.158203125,True,0.158203125,6.320987654320987,63,0.02734375,True,0.02734375,36.57142857142857,69,0.00390625,True,0.00390625,256.0
n10_d50_s17,10,0.5,17,1,11,True,8,33,L-BFGS-B,60,0.2878479379996861,46.15810990980328,0.6594015701400469,0.003118382095826149,4096,11,0.002685546875,0.0015002563109177591,0.004802782252950839,"[1.0807627637838189, 0.4824498551148624]","[1.021237142065545, 0.4254675613789751]",CONVERGENCE: NORM OF PROJECTED GRADIENT <= PGTOL,63,0.02734375,0.040434735980662134,24.731211314901348,67,0.01171875,0.006187405093500496,161.6186405914235,70,0.00390625,0.003118382095826149,320.6791115618791,56,0.158203125,True,0.19065964180307476,5.24494848801228,63,0.02734375,True,0.040434735980662134,24.731211314901348,69,0.00390625,True,0.003118382095826149,320.6791115618791
n10_d50_s17,10,0.5,17,1,12,True,6,36,L-BFGS-B,60,0.3221762140001374,46.15810990980459,0.6594015701400655,0.003118389985915361,4096,11,0.002685546875,0.0015002563109177591,0.004802782252950839,"[1.5858088486693764, 0.7189780329275297]","[1.0212371461859964, 0.425467141547778]",CONVERGENCE: NORM OF PROJECTED GRADIENT <= PGTOL,63,0.02734375,0.040434761687583205,24.731195591714894,67,0.01171875,0.006187414655821428,161.61839081839298,70,0.00390625,0.003118389985915361,320.67830018587733,56,0.158203125,True,0.1906596740500894,5.244947600913677,63,0.02734375,True,0.040434761687583205,24.731195591714894,69,0.00390625,True,0.003118389985915361,320.67830018587733
n10_d50_s17,10,0.5,17,1,13,True,8,39,L-BFGS-B,60,0.30598134599949844,55.68918288363223,0.7955597554804604,0.04020231602589126,4096,150,0.03662109375,0.031289416276572425,0.04282112235583926,"[0.025617174800180324, 1.9690094300250338]","[0.087782995218788, 1.898043594972519]",CONVERGENCE: NORM OF PROJECTED GRADIENT <= PGTOL,63,0.02734375,0.17592232578568667,5.684326850124907,67,0.01171875,0.09642433654047874,10.370825829641067,70,0.00390625,0.04020231602589126,24.874188824245245,56,0.158203125,True,0.5667192286250364,1.7645422097749908,63,0.02734375,True,0.17592232578568667,5.684326850124907,69,0.00390625,True,0.04020231602589126,24.874188824245245
n10_d50_s17,10,0.5,17,1,14,True,11,48,L-BFGS-B,60,0.510671225999431,46.42352570015013,0.663193224287859,0.0033606079445915892,4096,7,0.001708984375,0.0008280858168609898,0.0035236577810063684,"[2.8183573504009196, 0.7912706627265838]","[2.7690698488726997, 1.175775735839091]",CONVERGENCE: NORM OF PROJECTED GRADIENT <= PGTOL,63,0.02734375,0.03372493366027558,29.651652100294406,67,0.01171875,0.01266036603965908,78.98665780021382,70,0.00390625,0.0033606079445915892,297.56520739330955,56,0.158203125,True,0.18021031065128756,5.549072061337436,63,0.02734375,True,0.03372493366027558,29.651652100294406,69,0.00390625,True,0.0033606079445915892,297.56520739330955
n10_d50_s17,10,0.5,17,1,15,True,11,48,L-BFGS-B,60,0.4427292739992481,47.89834024349287,0.6842620034784695,0.0019401921295052534,4096,14,0.00341796875,0.0020371496844209867,0.00572936010394854,"[2.168321412080525, 0.5708660907849074]","[2.112063037526177, 0.4511298487127918]",CONVERGENCE: NORM OF PROJECTED GRADIENT <= PGTOL,63,0.02734375,0.04637424897822103,21.56369153211807,67,0.01171875,0.014149153504374276,70.67560611953537,70,0.00390625,0.0019401921295052534,515.4128731853988,56,0.158203125,True,0.2792085117309229,3.5815527033922008,63,0.02734375,True,0.04637424897822103,21.56369153211807,69,0.00390625,True,0.0019401921295052534,515.4128731853988
n10_d50_s17,10,0.5,17,1,16,True,10,48,L-BFGS-B,60,0.3421429330001047,47.94141225147587,0.6848773178782267,0.004601773260844228,4096,14,0.00341796875,0.0020371496844209867,0.00572936010394854,"[2.1162729149411525, 1.9796287399675736]","[2.1907389156585233, 1.9686895225501713]",CONVERGENCE: NORM OF PROJECTED GRADIENT <= PGTOL,63,0.02734375,0.04776434484839968,20.9361188387263,67,0.01171875,0.01895870735468622,52.74621213839348,70,0.00390625,0.004601773260844228,217.30753414316266,56,0.158203125,True,0.26132423881727185,3.8266637818439766,63,0.02734375,True,0.04776434484839968,20.9361188387263,69,0.00390625,True,0.004601773260844228,217.30753414316266
n10_d50_s17,10,0.5,17,1,17,True,1,6,L-BFGS-B,60,0.038105964999886055,44.5,0.6357142857142857,0.00390625,4096,21,0.005126953125,0.0033558642108143656,0.007825411768057332,"[5.5140901659047294, 0.6667465495799041]","[6.283185307179586, 0.0]",CONVERGENCE: NORM OF PROJECTED GRADIENT <= PGTOL,63,0.02734375,0.02734375,36.57142857142857,67,0.01171875,0.01171875,85.33333333333333,70,0.00390625,0.00390625,256.0,56,0.158203125,True,0.158203125,6.320987654320987,63,0.02734375,True,0.02734375,36.57142857142857,69,0.00390625,True,0.00390625,256.0
n10_d50_s17,10,0.5,17,1,18,True,6,36,L-BFGS-B,60,0.19875221399979637,46.89003245323481,0.669857606474783,0.0066997533476542345,4096,37,0.009033203125,0.006560810170804027,0.01242564567207263,"[1.7912001325958653, 2.6109247543734506]","[1.7318010249578264, 2.5695091757051287]",CONVERGENCE: NORM OF PROJECTED GRADIENT <= PGTOL,63,0.02734375,0.03337256442610465,29.964733522779,67,0.01171875,0.014722844036641836,67.92165953203238,70,0.00390625,0.0066997533476542345,149.259226140038,56,0.158203125,True,0.23599703616458362,4.23734135077274,63,0.02734375,True,0.03337256442610465,29.964733522779,69,0.00390625,True,0.0066997533476542345,149.259226140038
n10_d50_s17,10,0.5,17,1,19,True,1,6,L-BFGS-B,60,0.0015462890005437657,44.5,0.6357142857142857,0.00390625,4096,16,0.00390625,0.002405923039438864,0.0063362342319312846,"[0.719540654894461, 0.07570463662226178]","[1.9893281236806797, 0.0]",CONVERGENCE: NORM OF PROJECTED GRADIENT <= PGTOL,63,0.02734375,0.02734375,36.57142857142857,67,0.01171875,0.01171875,85.33333333333333,70,0.00390625,0.00390625,256.0,56,0.158203125,True,0.158203125,6.320987654320987,63,0.02734375,True,0.02734375,36.57142857142857,69,0.00390625,True,0.00390625,256.0
n10_d50_s17,10,0.5,17,2,0,True,16,135,L-BFGS-B,60,0.07642076000047382,53.03725181211384,0.7576750258873405,0.013676442079055339,4096,70,0.01708984375,0.0135493413532538,0.021535297959133087,"[2.79506755034082, 5.5764866256846055, 2.5962283974370544, 1.9016386314282654]","[3.227053327133001, 5.769689568284926, 2.788690111028306, 1.4536800993896049]",CONVERGENCE: RELATIVE REDUCTION OF F <= FACTR*EPSMCH,63,0.02734375,0.08440388775229879,11.847795482297133,67,0.01171875,0.04281204427183068,23.357912872616,70,0.00390625,0.013676442079055339,73.11843198834883,56,0.158203125,True,0.39134097234468945,2.5553163881833703,63,0.02734375,True,0.08440388775229879,11.847795482297133,69,0.00390625,True,0.013676442079055339,73.11843198834883
n10_d50_s17,10,0.5,17,2,1,True,1,10,L-BFGS-B,60,0.0040573489995949785,44.49999999999996,0.6357142857142851,0.003906249999999935,4096,14,0.00341796875,0.0020371496844209867,0.00572936010394854,"[6.268162369158887, 3.6410510638557185, 0.43342868886261854, 1.692841288956732]","[6.283185307179586, 6.283185307179586, 2.222529823709669, 3.141592653589793]",CONVERGENCE: NORM OF PROJECTED GRADIENT <= PGTOL,63,0.02734375,0.027343749999999813,36.571428571428825,67,0.01171875,0.01171874999999994,85.33333333333377,70,0.00390625,0.003906249999999935,256.00000000000426,56,0.158203125,True,0.15820312499999892,6.320987654321031,63,0.02734375,True,0.027343749999999813,36.571428571428825,69,0.00390625,True,0.003906249999999935,256.00000000000426
n10_d50_s17,10,0.5,17,2,2,True,1,10,L-BFGS-B,60,0.00407100999927934,44.5,0.6357142857142857,0.00390625,4096,18,0.00439453125,0.002781615150444107,0.006936189603926662,"[0.5492389356209572, 5.599529528834232, 2.025030604149659, 1.644620871303248]","[0.0, 5.9920262330262215, 3.141592653589793, 0.0]",CONVERGENCE: NORM OF PROJECTED GRADIENT <= PGTOL,63,0.02734375,0.02734375,36.57142857142857,67,0.01171875,0.01171875,85.33333333333333,70,0.00390625,0.00390625,256.0,56,0.158203125,True,0.158203125,6.320987654320987,63,0.02734375,True,0.02734375,36.57142857142857,69,0.00390625,True,0.00390625,256.0
n10_d50_s17,10,0.5,17,2,3,True,20,140,L-BFGS-B,60,0.08131945100012672,55.736624237054286,0.7962374891007755,0.04300598491782805,4096,174,0.04248046875,0.036720765859421654,0.04909754256899746,"[5.293321746798957, 0.8454355323779833, 1.828806892207914, 1.053955407975336]","[5.275740195789201, 0.9194684770716006, 1.5977337410805426, 1.2406043906096726]",CONVERGENCE: RELATIVE REDUCTION OF F <= FACTR*EPSMCH,63,0.02734375,0.1788910117404243,5.589995776037239,67,0.01171875,0.0980394637358777,10.199974192984579,70,0.00390625,0.04300598491782805,23.2525775635812,56,0.158203125,True,0.5712112889600005,1.7506656806812964,63,0.02734375,True,0.1788910117404243,5.589995776037239,69,0.00390625,True,0.04300598491782805,23.2525775635812
n10_d50_s17,10,0.5,17,2,4,True,1,10,L-BFGS-B,60,0.004054303999510012,44.5,0.6357142857142857,0.00390625,4096,23,0.005615234375,0.003744712895050349,0.00841221056682197,"[1.2181622960168175, 4.890248942909295, 0.8512136505861835, 1.6441617172345364]","[6.283185307179586, 4.737356487727239, 3.141592653589793, 0.0]",CONVERGENCE: NORM OF PROJECTED GRADIENT <= PGTOL,63,0.02734375,0.02734375,36.57142857142857,67,0.01171875,0.01171875,85.33333333333333,70,0.00390625,0.00390625,256.0,56,0.158203125,True,0.158203125,6.320987654320987,63,0.02734375,True,0.02734375,36.57142857142857,69,0.00390625,True,0.00390625,256.0
n10_d50_s17,10,0.5,17,2,5,True,12,80,L-BFGS-B,60,0.4617557930005205,53.38525173305757,0.7626464533293938,0.012546064344405791,4096,47,0.011474609375,0.008640294920605456,0.015224398337274302,"[3.2159007775923474, 5.25898620996776, 2.9089019244500203, 1.8667526173462725]","[3.2218405560614767, 5.289429280462136, 2.797144989002532, 1.7115287546371631]",CONVERGENCE: NORM OF PROJECTED GRADIENT <= PGTOL,63,0.02734375,0.09279888876532312,10.775991106196066,67,0.01171875,0.03843483086840916,26.018066878549284,70,0.00390625,0.012546064344405791,79.70627063186501,56,0.158203125,True,0.42509699272318274,2.352404315057543,63,0.02734375,True,0.09279888876532312,10.775991106196066,69,0.00390625,True,0.012546064344405791,79.70627063186501
n10_d50_s17,10,0.5,17,2,6,True,1,10,L-BFGS-B,60,0.0531577110004946,44.5,0.6357142857142857,0.0039062499999999965,4096,12,0.0029296875,0.0016767322242621596,0.005114130081106749,"[1.9437787955440673, 3.041994045844077, 2.3419604278822446, 2.6414422602879584]","[0.20738713230650835, 5.575778088279822, 3.141592653589793, 0.0]",CONVERGENCE: NORM OF PROJECTED GRADIENT <= PGTOL,63,0.02734375,0.027343749999999976,36.571428571428605,67,0.01171875,0.011718749999999984,85.33333333333344,70,0.00390625,0.0039062499999999965,256.0000000000002,56,0.158203125,True,0.1582031249999999,6.320987654320992,63,0.02734375,True,0.027343749999999976,36.571428571428605,69,0.00390625,True,0.0039062499999999965,256.0000000000002
n10_d50_s17,10,0.5,17,2,7,True,24,215,L-BFGS-B,60,1.3868770570006745,46.89003245323433,0.6698576064747762,0.006699747922302307,4096,34,0.00830078125,0.00594629450988538,0.011576690108490348,"[4.129611044843171, 1.038654145105263, 1.0331660928808095, 0.6658419842664011]","[4.551384300217274, 0.8955081535684836, 0.5720832401848465, 0.0]",CONVERGENCE: NORM OF PROJECTED GRADIENT <= PGTOL,63,0.02734375,0.03337255049081996,29.964746035070874,67,0.01171875,0.014722835012767981,67.9217011623629,70,0.00390625,0.006699747922302307,149.2593470078437,56,0.158203125,True,0.23599704504318558,4.2373411913569,63,0.02734375,True,0.03337255049081996,29.964746035070874,69,0.00390625,True,0.006699747922302307,149.2593470078437
n10_d50_s17,10,0.5,17,2,8,True,16,110,L-BFGS-B,60,0.6994969979996313,57.34676905901052,0.8192395579858646,0.056464302279116974,4096,235,0.057373046875,0.0506572079640723,0.06491834869586573,"[3.035972582981008, 3.143337099995067, 0.8299124965426955, 0.5914922796236224]","[3.1980669760900455, 3.2704841245972376, 1.1595962443731618, 0.24975236035274256]",CONVERGENCE: NORM OF PROJECTED GRADIENT <= PGTOL,63,0.02734375,0.2261556904529837,4.421732647969313,67,0.01171875,0.1313924658875296,7.61078645754307,70,0.00390625,0.056464302279116974,17.710304734781868,56,0.158203125,True,0.6504669413662241,1.537357145160407,63,0.02734375,True,0.2261556904529837,4.421732647969313,69,0.00390625,True,0.056464302279116974,17.710304734781868
n10_d50_s17,10,0.5,17,2,9,True,23,190,L-BFGS-B,60,1.3103799569998955,49.03109433856039,0.7004442048365771,0.0013975427691591824,4096,8,0.001953125,0.0009900179449591885,0.0038495493944084797,"[4.537371776914713, 5.497520835215416, 1.912197635923205, 1.3136390056573044]","[4.5907132142820775, 5.870193317226317, 1.773913449657598, 1.141951807919858]",CONVERGENCE: NORM OF PROJECTED GRADIENT <= PGTOL,63,0.02734375,0.05423074230848601,18.439725466260494,67,0.01171875,0.01808185835202842,55.304050088846104,70,0.00390625,0.0013975427691591824,715.5416077903934,56,0.158203125,True,0.3096934350227829,3.228999671647654,63,0.02734375,True,0.05423074230848601,18.439725466260494,69,0.00390625,True,0.0013975427691591824,715.5416077903934
n10_d50_s17,10,0.5,17,2,10,True,16,120,L-BFGS-B,60,0.6798622169999362,47.19179559000857,0.6741685084286938,0.00277349278537209,4096,12,0.0029296875,0.0016767322242621596,0.005114130081106749,"[3.4825145015172194, 5.1870811791615, 2.3369891077791283, 0.2994212160576789]","[1.4493918538511144, 2.237355894571248, 0.9928821721047211, 0.3129018615527305]",CONVERGENCE: NORM OF PROJECTED GRADIENT <= PGTOL,63,0.02734375,0.02130865072411221,46.92929707034106,67,0.01171875,0.007127619993788469,140.29928656009628,70,0.00390625,0.00277349278537209,360.55619299757456,56,0.158203125,True,0.2191361614160588,4.563372806833869,63,0.02734375,True,0.02130865072411221,46.92929707034106,69,0.00390625,True,0.00277349278537209,360.55619299757456
n10_d50_s17,10,0.5,17,2,11,True,21,160,L-BFGS-B,60,1.0181960149993756,54.82360633193022,0.7831943761704317,0.022639713449702253,4096,99,0.024169921875,0.019893679877499695,0.02933784793839618,"[3.825579567136081, 6.172007596434079, 1.7000465348276483, 0.011661671615157139]","[3.2512138698903263, 6.229692184388717, 1.97801173082734, 0.7828856161734246]",CONVERGENCE: NORM OF PROJECTED GRADIENT <= PGTOL,63,0.02734375,0.11236077766471605,8.899902802239358,67,0.01171875,0.055071454147536114,18.158227624079178,70,0.00390625,0.022639713449702253,44.17017036110727,56,0.158203125,True,0.48684116532703686,2.05405801978197,63,0.02734375,True,0.11236077766471605,8.899902802239358,69,0.00390625,True,0.022639713449702253,44.17017036110727
n10_d50_s17,10,0.5,17,2,12,True,26,205,L-BFGS-B,60,1.3314646600001652,46.70966945150522,0.6672809921643603,0.001144986169648885,4096,4,0.0009765625,0.000379829567061715,0.0025084428063047127,"[5.636979441073646, 3.126387420056591, 0.7646211970946292, 1.1567844865906072]","[5.68374381079526, 6.157970772803724, 1.2361886140445, 2.1406378704246185]",CONVERGENCE: NORM OF PROJECTED GRADIENT <= PGTOL,63,0.02734375,0.05677725142627169,17.612687738126134,67,0.01171875,0.030520766135987514,32.76457725682332,70,0.00390625,0.001144986169648885,873.372994808011,56,0.158203125,True,0.22672604636084737,4.410609261930335,63,0.02734375,True,0.05677725142627169,17.612687738126134,69,0.00390625,True,0.001144986169648885,873.372994808011
n10_d50_s17,10,0.5,17,2,13,True,1,10,L-BFGS-B,60,0.056906400000116264,44.5,0.6357142857142857,0.00390625,4096,18,0.00439453125,0.002781615150444107,0.006936189603926662,"[3.13688691633966, 3.6848254223076133, 0.8470682683363103, 0.19562470020730027]","[6.283185307179586, 0.0, 0.0, 0.0]",CONVERGENCE: NORM OF PROJECTED GRADIENT <= PGTOL,63,0.02734375,0.02734375,36.57142857142857,67,0.01171875,0.01171875,85.33333333333333,70,0.00390625,0.00390625,256.0,56,0.158203125,True,0.158203125,6.320987654320987,63,0.02734375,True,0.02734375,36.57142857142857,69,0.00390625,True,0.00390625,256.0
n10_d50_s17,10,0.5,17,2,14,True,19,145,L-BFGS-B,60,0.9321031990002666,55.97160618467086,0.7995943740667266,0.04248773006573706,4096,174,0.04248046875,0.036720765859421654,0.04909754256899746,"[3.838089729256907, 2.3554583871012333, 1.8353916464066102, 0.9479472836739782]","[3.7489731231929344, 2.4425542550795027, 1.6291554766298266, 1.246025484428137]",CONVERGENCE: RELATIVE REDUCTION OF F <= FACTR*EPSMCH,63,0.02734375,0.17762311370839468,5.629897928946951,67,0.01171875,0.10268896317545523,9.738144870460825,70,0.00390625,0.04248773006573706,23.536206769643822,56,0.158203125,True,0.5832880525490894,1.714418794675792,63,0.02734375,True,0.17762311370839468,5.629897928946951,69,0.00390625,True,0.04248773006573706,23.536206769643822
n10_d50_s17,10,0.5,17,2,15,True,8,60,L-BFGS-B,60,0.3951580550001381,46.44787056959133,0.663541008137019,0.0034637467600341174,4096,14,0.00341796875,0.0020371496844209867,0.00572936010394854,"[2.4083170062378603, 1.9154529282334205, 1.4664862473905629, 3.14078820305063]","[2.5406407677257516, 1.9159220071340473, 1.130041263294104, 3.141592653589793]",CONVERGENCE: NORM OF PROJECTED GRADIENT <= PGTOL,63,0.02734375,0.02959589226043309,33.78847277859926,67,0.01171875,0.010874145025170963,91.96125283277414,70,0.00390625,0.0034637467600341174,288.70470888297564,56,0.158203125,True,0.17489635555181252,5.7176720283559765,63,0.02734375,True,0.02959589226043309,33.78847277859926,69,0.00390625,True,0.0034637467600341174,288.70470888297564
n10_d50_s17,10,0.5,17,2,16,True,22,185,L-BFGS-B,60,1.1882153900005505,59.5470389178076,0.8506719845401085,0.09565955712817881,4096,400,0.09765625,0.08893883728444325,0.10712763672304591,"[3.703194558698412, 5.856293121657649, 1.003901853268482, 3.0567746401153943]","[0.08032941105987468, 6.0701166117725185, 0.2356534748127854, 2.9177828334307354]",CONVERGENCE: NORM OF PROJECTED GRADIENT <= PGTOL,63,0.02734375,0.32612658963873536,3.066293984516085,67,0.01171875,0.20796088033421561,4.8085966860348535,70,0.00390625,0.09565955712817881,10.453738549720153,56,0.158203125,True,0.7699425583671211,1.2987981884269135,63,0.02734375,True,0.32612658963873536,3.066293984516085,69,0.00390625,True,0.09565955712817881,10.453738549720153
n10_d50_s17,10,0.5,17,2,17,True,29,235,L-BFGS-B,60,1.6927762699997402,46.83510993680045,0.6690729990971492,0.012390766318966004,4096,47,0.011474609375,0.008640294920605456,0.015224398337274302,"[1.4535643750986906, 5.780802024231455, 1.1460489173242825, 0.2419035910024509]","[1.4021902909594781, 5.803648805491207, 0.4491785783840682, 0.44530341495648956]",CONVERGENCE: NORM OF PROJECTED GRADIENT <= PGTOL,63,0.02734375,0.045073906323079865,22.18578511549941,67,0.01171875,0.025351049229698705,39.44609909196586,70,0.00390625,0.012390766318966004,80.70525859803713,56,0.158203125,True,0.2058045540722464,4.858978969187223,63,0.02734375,True,0.045073906323079865,22.18578511549941,69,0.00390625,True,0.012390766318966004,80.70525859803713
n10_d50_s17,10,0.5,17,2,18,True,1,10,L-BFGS-B,60,0.044083784000577,44.49999999999993,0.6357142857142847,0.0039062499999998794,4096,22,0.00537109375,0.0035497403427024827,0.008119359377669524,"[5.738892057719737, 4.261419407347078, 0.3273371519734335, 1.3024492168164865]","[6.283185307179586, 6.283185307179586, 1.8016692758020458, 3.141592653589793]",CONVERGENCE: NORM OF PROJECTED GRADIENT <= PGTOL,63,0.02734375,0.027343749999999663,36.571428571429024,67,0.01171875,0.011718749999999833,85.33333333333455,70,0.00390625,0.0039062499999998794,256.0000000000079,56,0.158203125,True,0.1582031249999986,6.320987654321043,63,0.02734375,True,0.027343749999999663,36.571428571429024,69,0.00390625,True,0.0039062499999998794,256.0000000000079
n10_d50_s17,10,0.5,17,2,19,True,17,110,L-BFGS-B,60,0.9226313680001113,48.51237048288108,0.6930338640411583,0.0034428292674614455,4096,16,0.00390625,0.002405923039438864,0.0063362342319312846,"[4.183704806714591, 5.595144040937933, 2.433600654437665, 1.8217636608521175]","[4.206113290002145, 5.60073242146391, 2.815626972014029, 1.861130609813377]",CONVERGENCE: NORM OF PROJECTED GRADIENT <= PGTOL,63,0.02734375,0.03171423931440052,31.531577664103988,67,0.01171875,0.009115264491958245,109.70608706771257,70,0.00390625,0.0034428292674614455,290.4587832603577,56,0.158203125,True,0.2683356949859076,3.7266752753580468,63,0.02734375,True,0.03171423931440052,31.531577664103988,69,0.00390625,True,0.0034428292674614455,290.4587832603577
n10_d50_s17,10,0.5,17,3,0,True,27,266,L-BFGS-B,60,0.20736253700033558,49.39655231609983,0.7056650330871405,0.0005265043806015927,4096,4,0.0009765625,0.000379829567061715,0.0025084428063047127,"[3.9090783701794063, 0.8824268396785018, 2.967832394671265, 1.3848839678825704, 1.9956076076677332, 2.145251132904566]","[4.0561019905583295, 1.8699135069079773, 2.5360068141573597, 1.4448481412339824, 1.8774064580678094, 1.9686398221050139]",CONVERGENCE: RELATIVE REDUCTION OF F <= FACTR*EPSMCH,63,0.02734375,0.06401532500381464,15.621259439679648,67,0.01171875,0.013103741206284946,76.31408345582787,70,0.00390625,0.0005265043806015927,1899.3194298922704,56,0.158203125,True,0.3301596451374202,3.0288377599381553,63,0.02734375,True,0.06401532500381464,15.621259439679648,69,0.00390625,True,0.0005265043806015927,1899.3194298922704
n10_d50_s17,10,0.5,17,3,1,True,1,14,L-BFGS-B,60,0.009969743000510789,44.5,0.6357142857142857,0.00390625,4096,18,0.00439453125,0.002781615150444107,0.006936189603926662,"[3.9011582918136916, 5.919089357946517, 0.08337034356422554, 1.7572613877288958, 0.8831650945076857, 1.5359106921618964]","[0.0, 0.0, 0.0, 3.141592653589793, 0.0, 0.0]",CONVERGENCE: NORM OF PROJECTED GRADIENT <= PGTOL,63,0.02734375,0.02734375,36.57142857142857,67,0.01171875,0.01171875,85.33333333333333,70,0.00390625,0.00390625,256.0,56,0.158203125,True,0.158203125,6.320987654320987,63,0.02734375,True,0.02734375,36.57142857142857,69,0.00390625,True,0.00390625,256.0
n10_d50_s17,10,0.5,17,3,2,True,34,336,L-BFGS-B,60,0.2502073980003843,57.37159692509581,0.819594241787083,0.051349147619225606,4096,200,0.048828125,0.042640595911991576,0.05586112979543561,"[1.2580558001787252, 2.921176306253207, 0.041593723200600626, 0.7960729696519969, 1.6845284523619026, 2.970852567333774]","[6.201595717846295, 3.3472059264653975, 4.017695120474817, 2.8646928036945267, 1.4053233512382104, 0.01508160510865684]",CONVERGENCE: NORM OF PROJECTED GRADIENT <= PGTOL,63,0.02734375,0.21449452257740995,4.662123712921878,67,0.01171875,0.11448215844913072,8.734985551869572,70,0.00390625,0.051349147619225606,19.474519955333992,56,0.158203125,True,0.6362194390973075,1.571784731096614,63,0.02734375,True,0.21449452257740995,4.662123712921878,69,0.00390625,True,0.051349147619225606,19.474519955333992
n10_d50_s17,10,0.5,17,3,3,True,30,287,L-BFGS-B,60,0.20668638400002237,47.74099872841679,0.6820142675488113,0.0032174839977383847,4096,12,0.0029296875,0.0016767322242621596,0.005114130081106749,"[3.637437690222947, 0.47850273991690506, 1.4358065292275857, 0.93329839244848, 2.4730148557531453, 1.0625675531452974]","[3.552818930228893, 0.48156766939840817, 1.324914833387275, 1.0610528943568536, 2.7849682071801767, 1.3401700222319617]",CONVERGENCE: RELATIVE REDUCTION OF F <= FACTR*EPSMCH,63,0.02734375,0.016509510621717842,60.57114731702134,67,0.01171875,0.005605554262737617,178.3944910938431,70,0.00390625,0.0032174839977383847,310.8018565757947,56,0.158203125,True,0.2366524325639607,4.225606257944242,63,0.02734375,True,0.016509510621717842,60.57114731702134,69,0.00390625,True,0.0032174839977383847,310.8018565757947
n10_d50_s17,10,0.5,17,3,4,True,37,371,L-BFGS-B,60,0.2924335899997459,58.893071269425256,0.8413295895632179,0.0796599917680942,4096,337,0.082275390625,0.0742465308281957,0.09108704746477393,"[0.3929449597103782, 4.710837502917278, 4.307101017973976, 2.929160082738926, 2.77265398631899, 1.9251346292045504]","[0.11537393696140363, 3.196490926204083, 3.0492140234142724, 2.6703228427107497, 3.0793793307315513, 2.3763179288826994]",CONVERGENCE: RELATIVE REDUCTION OF F <= FACTR*EPSMCH,63,0.02734375,0.30600423362784146,3.267928643157884,67,0.01171875,0.18595338563012279,5.377691815674094,70,0.00390625,0.0796599917680942,12.553353042154402,56,0.158203125,True,0.7375825258124165,1.355780492357166,63,0.02734375,True,0.30600423362784146,3.267928643157884,69,0.00390625,True,0.0796599917680942,12.553353042154402
n10_d50_s17,10,0.5,17,3,5,True,20,182,L-BFGS-B,60,1.688168861000122,48.92166659799791,0.6988809513999702,0.010088554721839362,4096,49,0.011962890625,0.009061008054248611,0.015779332686631765,"[5.8169604729571684, 1.6142385900673384, 3.2314873880742416, 1.793770156572825, 1.351334241352955, 2.032162756172475]","[5.915067827521742, 1.5837950013289919, 3.267110956308596, 1.724571246122761, 1.1692705590838057, 1.9007324862536856]",CONVERGENCE: NORM OF PROJECTED GRADIENT <= PGTOL,63,0.02734375,0.04784197026525988,20.902149189414615,67,0.01171875,0.02720647989612967,36.7559494582854,70,0.00390625,0.010088554721839362,99.12222588585794,56,0.158203125,True,0.2336076628966131,4.280681496490834,63,0.02734375,True,0.04784197026525988,20.902149189414615,69,0.00390625,True,0.010088554721839362,99.12222588585794
n10_d50_s17,10,0.5,17,3,6,True,1,14,L-BFGS-B,60,0.07099181800003862,44.49999999999987,0.6357142857142839,0.0039062499999999983,4096,12,0.0029296875,0.0016767322242621596,0.005114130081106749,"[1.8055561051298648, 6.0404833442303705, 3.0569979788489423, 2.577120039715874, 0.07167882545336682, 2.2064396724986253]","[6.283185307179586, 6.283185307179586, 4.430437305027052, 3.141592653589793, 1.943049440464466, 3.141592653589793]",CONVERGENCE: NORM OF PROJECTED GRADIENT <= PGTOL,63,0.02734375,0.027343749999999237,36.57142857142959,67,0.01171875,0.011718749999999641,85.33333333333594,70,0.00390625,0.0039062499999999983,256.0000000000001,56,0.158203125,True,0.1582031249999982,6.32098765432106,63,0.02734375,True,0.027343749999999237,36.57142857142959,69,0.00390625,True,0.0039062499999999983,256.0000000000001
n10_d50_s17,10,0.5,17,3,7,True,22,252,L-BFGS-B,60,1.215112027000032,47.9338330471184,0.6847690435302628,0.01240848979908619,4096,46,0.01123046875,0.008430482402087882,0.014946387114291566,"[1.057306557571281, 4.795572413084776, 0.872060593942916, 1.633176358814176, 2.3055169094303087, 3.1311193807661954]","[0.0, 0.10462529767602276, 1.3763958582844236, 0.07083801028871671, 2.770034826185728, 2.3462396238006744]",CONVERGENCE: NORM OF PROJECTED GRADIENT <= PGTOL,63,0.02734375,0.055321458705438406,18.076168333241988,67,0.01171875,0.02837091318966506,35.2473673763973,70,0.00390625,0.01240848979908619,80.58998445351858,56,0.158203125,True,0.24653569123790814,4.056207825239369,63,0.02734375,True,0.055321458705438406,18.076168333241988,69,0.00390625,True,0.01240848979908619,80.58998445351858
n10_d50_s17,10,0.5,17,3,8,True,25,273,L-BFGS-B,60,0.819594724000126,48.15782722536217,0.6879689603623167,0.005452805606453862,4096,24,0.005859375,0.003940714277798989,0.008704032925573639,"[1.5039195830137237, 3.9138361402068873, 2.9432878503577515, 0.43198562253176653, 1.2114202349891823, 1.3174549151020782]","[2.8591937936823117, 3.8520795628931253, 3.5978813273736896, 0.9839662401582662, 1.2920777679546662, 0.9731242614771756]",CONVERGENCE: RELATIVE REDUCTION OF F <= FACTR*EPSMCH,63,0.02734375,0.04628462073376975,21.605448724577954,67,0.01171875,0.013531469898020006,73.90180132214056,70,0.00390625,0.005452805606453862,183.39183021973395,56,0.158203125,True,0.24180713157021672,4.135527325047553,63,0.02734375,True,0.04628462073376975,21.605448724577954,69,0.00390625,True,0.005452805606453862,183.39183021973395
n10_d50_s17,10,0.5,17,3,9,True,23,217,L-BFGS-B,60,1.7507909519999885,57.48245670571299,0.8211779529387571,0.06334728240346088,4096,278,0.06787109375,0.06056616071189464,0.07598581683255672,"[3.0992509797304377, 2.852294516234021, 2.3700151689062996, 0.18562684351731967, 1.5875105411074384, 0.5087859119058207]","[3.084348166587357, 3.011551948960184, 2.5494324927337924, 0.40591280047616646, 1.3125049673825506, 0.054828000131175]",CONVERGENCE: RELATIVE REDUCTION OF F <= FACTR*EPSMCH,63,0.02734375,0.2394851772398477,4.175623775656421,67,0.01171875,0.14222380631529682,7.031171685723935,70,0.00390625,0.06334728240346088,15.785996842468597,56,0.158203125,True,0.6535436981698963,1.5301195662972153,63,0.02734375,True,0.2394851772398477,4.175623775656421,69,0.00390625,True,0.06334728240346088,15.785996842468597
n10_d50_s17,10,0.5,17,3,10,True,41,434,L-BFGS-B,60,0.7322597939992193,47.535183680041314,0.6790740525720188,0.0023864646203427776,4096,8,0.001953125,0.0009900179449591885,0.0038495493944084797,"[2.7251207635974333, 4.759485087090219, 0.19837095645295486, 2.674658847462626, 0.015346535550392205, 2.1670262699232823]","[2.769584893243734, 4.79252694813105, 0.17531980418195925, 2.5791745421150347, 0.29780258562510603, 1.7709199808570932]",CONVERGENCE: NORM OF PROJECTED GRADIENT <= PGTOL,63,0.02734375,0.043768123041612775,22.847678413105463,67,0.01171875,0.025859447743191284,38.6705860825391,70,0.00390625,0.0023864646203427776,419.02988691965857,56,0.158203125,True,0.21438058467034807,4.664601514813922,63,0.02734375,True,0.043768123041612775,22.847678413105463,69,0.00390625,True,0.0023864646203427776,419.02988691965857
n10_d50_s17,10,0.5,17,3,11,True,21,189,L-BFGS-B,60,1.6198223890005465,47.91539219691623,0.684505602813089,0.008993317016554031,4096,35,0.008544921875,0.006150578678096599,0.011860229681779438,"[2.62719627408036, 1.3881506799180923, 5.820825246658634, 1.5409930152866327, 2.5009414232631535, 2.559033953960259]","[1.2371703685615882, 0.14502703879836615, 6.283185307179586, 2.7710365160821633, 1.254417769856241, 3.1415920666401744]",CONVERGENCE: NORM OF PROJECTED GRADIENT <= PGTOL,63,0.02734375,0.048734291784842156,20.519432280147146,67,0.01171875,0.021987421668837676,45.48054860917502,70,0.00390625,0.008993317016554031,111.1936783902198,56,0.158203125,True,0.20008517672341358,4.9978714884128745,63,0.02734375,True,0.048734291784842156,20.519432280147146,69,0.00390625,True,0.008993317016554031,111.1936783902198
n10_d50_s17,10,0.5,17,3,12,True,20,273,L-BFGS-B,60,0.5773700489999101,55.81267543766702,0.7973239348238146,0.03887629826832888,4096,146,0.03564453125,0.030387788741492207,0.04177145492491823,"[0.8217983908204529, 4.507305910923283, 2.1539258455098036, 0.8868592627782773, 0.42905518274382853, 1.3462119738001008]","[0.08616178468019069, 0.8185239229388236, 0.13136363476530652, 0.3269702683435235, 0.0, 0.05021936865264574]",CONVERGENCE: NORM OF PROJECTED GRADIENT <= PGTOL,63,0.02734375,0.17855884720905,5.600394579324527,67,0.01171875,0.09360377012839155,10.68333036829981,70,0.00390625,0.03887629826832888,25.722613637180164,56,0.158203125,True,0.5718532151674491,1.7487004942469049,63,0.02734375,True,0.17855884720905,5.600394579324527,69,0.00390625,True,0.03887629826832888,25.722613637180164
n10_d50_s17,10,0.5,17,3,13,True,9,126,L-BFGS-B,60,0.7438583560006009,45.3997690336364,0.6485681290519486,0.0028100532418392334,4096,9,0.002197265625,0.0011564392881765655,0.0041709517926914125,"[2.8986133573754085, 4.171560845312588, 2.894392714534055, 1.769318048105259, 2.7631767302169745, 2.708776920005423]","[0.0, 0.0, 5.80382656796867, 3.141592650393878, 3.141592108094074, 2.649945458789825]",CONVERGENCE: NORM OF PROJECTED GRADIENT <= PGTOL,63,0.02734375,0.022642546971812862,44.16464284008662,67,0.01171875,0.00735427908115286,135.975258616816,70,0.00390625,0.0028100532418392334,355.865143446706,56,0.158203125,True,0.16740364532598578,5.973585569493998,63,0.02734375,True,0.022642546971812862,44.16464284008662,69,0.00390625,True,0.0028100532418392334,355.865143446706
n10_d50_s17,10,0.5,17,3,14,True,10,98,L-BFGS-B,60,0.7139224249995095,47.94141225147595,0.6848773178782279,0.004601770520688261,4096,21,0.005126953125,0.0033558642108143656,0.007825411768057332,"[4.084215200700924, 5.0069592029488055, 5.75770068313129, 2.871329876466266, 0.6843583455534739, 2.5851619287567087]","[6.283185307179586, 4.0924463793036505, 0.0, 0.011730918579958156, 2.474495976726298, 0.269203320656216]",CONVERGENCE: NORM OF PROJECTED GRADIENT <= PGTOL,63,0.02734375,0.04776434015142396,20.936120897509934,67,0.01171875,0.018958710081579663,52.74620455173281,70,0.00390625,0.004601770520688261,217.3076635404313,56,0.158203125,True,0.2613242411694448,3.826663747400272,63,0.02734375,True,0.04776434015142396,20.936120897509934,69,0.00390625,True,0.004601770520688261,217.3076635404313
n10_d50_s17,10,0.5,17,3,15,True,32,504,L-BFGS-B,60,2.862591252999664,48.54536329727789,0.6935051899611127,0.019376204885967946,4096,92,0.0224609375,0.018350651411753346,0.02746611021364036,"[0.06656938852668084, 5.798269866529703, 1.9354154892983586, 1.4316872383450288, 0.8250848165877916, 2.800041059348767]","[0.4053807959096006, 1.6249472003652188, 1.5268943443134655, 2.333138781747696, 2.549840462394881, 1.998950485795792]",CONVERGENCE: NORM OF PROJECTED GRADIENT <= PGTOL,63,0.02734375,0.06951666957427392,14.385038957189494,67,0.01171875,0.04892308617073653,20.440247708619673,70,0.00390625,0.019376204885967946,51.60969373957178,56,0.158203125,True,0.2643416465927496,3.7829831692794946,63,0.02734375,True,0.06951666957427392,14.385038957189494,69,0.00390625,True,0.019376204885967946,51.60969373957178
n10_d50_s17,10,0.5,17,3,16,False,60,616,L-BFGS-B,60,4.408928412000023,61.17846986384471,0.8739781409120673,0.14734343491103863,4096,603,0.147216796875,0.1366964866285547,0.1583982069034974,"[3.3831403992929276, 2.473320014147512, 2.49478745728679, 1.8845655838724167, 2.813671608415012, 2.987987256294708]","[6.17194116179612, 0.028969672917032594, 0.24787781089899757, 0.42812893239723326, 0.8722703023315738, 1.7683974142764116]",STOP: TOTAL NO. OF ITERATIONS REACHED LIMIT,63,0.02734375,0.43351021974947396,2.3067506933928827,67,0.01171875,0.30213840863774655,3.3097414013289694,70,0.00390625,0.14734343491103863,6.786864990651051,56,0.158203125,True,0.838034004835395,1.1932690012935907,63,0.02734375,True,0.43351021974947396,2.3067506933928827,69,0.00390625,True,0.14734343491103863,6.786864990651051
n10_d50_s17,10,0.5,17,3,17,True,24,210,L-BFGS-B,60,1.796243583999967,47.630095117106116,0.680429930244373,0.034340934904949494,4096,134,0.03271484375,0.02768989995031263,0.03861545881809409,"[0.6858242936579846, 4.289199845443173, 1.8855247054850524, 0.9992084868826138, 2.9354005885867336, 2.6659069588948587]","[0.7553329706630826, 4.218330806119852, 1.9127194292939786, 0.9160862326901144, 2.755378910496187, 2.9786540084466533]",CONVERGENCE: RELATIVE REDUCTION OF F <= FACTR*EPSMCH,63,0.02734375,0.07331847106998977,13.639127840587408,67,0.01171875,0.044454008925849,22.495159023071206,70,0.00390625,0.034340934904949494,29.119766330411462,56,0.158203125,True,0.2624422903679756,3.810361503086564,63,0.02734375,True,0.07331847106998977,13.639127840587408,69,0.00390625,True,0.034340934904949494,29.119766330411462
n10_d50_s17,10,0.5,17,3,18,True,21,224,L-BFGS-B,60,1.0432390509995457,55.89450852278987,0.7984929788969981,0.04749309842656389,4096,172,0.0419921875,0.03626684581905941,0.0485758151263591,"[6.121695785639132, 4.9623664726623264, 6.023105301704833, 0.9664009060117235, 0.0642071885927651, 0.17763749344984173]","[6.197665635018818, 5.0300163340779225, 6.10114466292281, 1.2399509021019364, 0.0747755675588538, 0.028949582639774898]",CONVERGENCE: RELATIVE REDUCTION OF F <= FACTR*EPSMCH,63,0.02734375,0.18568423151621957,5.385486919564571,67,0.01171875,0.10086059921448975,9.914674390079757,70,0.00390625,0.04749309842656389,21.05569089256722,56,0.158203125,True,0.5698559402359143,1.7548294742457375,63,0.02734375,True,0.18568423151621957,5.385486919564571,69,0.00390625,True,0.04749309842656389,21.05569089256722
n10_d50_s17,10,0.5,17,3,19,True,23,238,L-BFGS-B,60,2.1522071249992223,47.90725910659813,0.6843894158085447,0.005095548926364208,4096,21,0.005126953125,0.0033558642108143656,0.007825411768057332,"[5.753881837223936, 1.708167261310395, 1.0820383168750456, 1.0351518756007392, 0.41747372345588524, 1.7422238903667913]","[5.6008933903382765, 1.7335420514240898, 1.4504914617326863, 0.34572033212716435, 0.3375344944252, 1.8687258760420267]",CONVERGENCE: RELATIVE REDUCTION OF F <= FACTR*EPSMCH,63,0.02734375,0.04687532156697674,21.333186985633212,67,0.01171875,0.024976915440402394,40.03696943227868,70,0.00390625,0.005095548926364208,196.24971017862902,56,0.158203125,True,0.25828335597061036,3.871716767199619,63,0.02734375,True,0.04687532156697674,21.333186985633212,69,0.00390625,True,0.005095548926364208,196.24971017862902
n10_d50_s42,10,0.5,42,1,0,True,8,39,L-BFGS-B,60,0.009172066999781237,56.766789386984684,0.6170303194237465,0.004050239844450159,4096,16,0.00390625,0.002405923039438864,0.0063362342319312846,"[3.336514698471005, 2.6008842617154477]","[3.3142914671303383, 2.743959157508982]",CONVERGENCE: NORM OF PROJECTED GRADIENT <= PGTOL,83,0.00390625,0.007046564108183315,141.91313449326037,88,0.00390625,0.007046564108183315,141.91313449326037,92,0.001953125,0.004050239844450159,246.8989586802495,67,0.140625,True,0.17853539111439237,5.601130362770894,75,0.046875,True,0.07651857869441367,13.068721571445057,83,0.00390625,True,0.007046564108183315,141.91313449326037
n10_d50_s42,10,0.5,42,1,1,True,8,48,L-BFGS-B,60,0.010333404000448354,57.77523786124702,0.6279917158831197,0.01126926145714358,4096,51,0.012451171875,0.009483101104023409,0.016332887119857586,"[4.500197943945747, 2.762655781243209]","[5.542813921815453, 2.794855206450739]",CONVERGENCE: NORM OF PROJECTED GRADIENT <= PGTOL,83,0.00390625,0.015891047106586467,62.92851523833967,88,0.00390625,0.015891047106586467,62.92851523833967,92,0.001953125,0.01126926145714358,88.73695972029297,67,0.140625,True,0.21641487349063937,4.620754497464118,75,0.046875,True,0.10720716943236272,9.327734379097683,83,0.00390625,True,0.015891047106586467,62.92851523833967
n10_d50_s42,10,0.5,42,1,2,True,1,6,L-BFGS-B,60,0.0017011740001180442,53.5,0.5815217391304348,0.001953125,4096,3,0.000732421875,0.0002491200948151938,0.0021513285370509242,"[3.882765466230621, 0.3283174378599414]","[6.283185307179586, 0.0]",CONVERGENCE: NORM OF PROJECTED GRADIENT <= PGTOL,83,0.00390625,0.00390625,256.0,88,0.00390625,0.00390625,256.0,92,0.001953125,0.001953125,512.0,67,0.140625,True,0.140625,7.111111111111111,75,0.046875,True,0.046875,21.333333333333332,83,0.00390625,True,0.00390625,256.0
n10_d50_s42,10,0.5,42,1,3,True,5,27,L-BFGS-B,60,0.006465853000008792,56.44699601354101,0.613554304495011,0.00025224052073353603,4096,0,0.0,0.0,0.0009369774073651883,"[2.3841236212912182, 0.32314732780441424]","[2.387311345187079, 0.35944754210399593]",CONVERGENCE: NORM OF PROJECTED GRADIENT <= PGTOL,83,0.00390625,0.0007585676621258859,1318.2739654330899,88,0.00390625,0.0007585676621258859,1318.2739654330899,92,0.001953125,0.00025224052073353603,3964.4700902611457,67,0.140625,True,0.19995122079625643,5.001219777592488,75,0.046875,True,0.06889533909624065,14.514769984702289,83,0.00390625,True,0.0007585676621258859,1318.2739654330899
n10_d50_s42,10,0.5,42,1,4,True,1,6,L-BFGS-B,60,0.0016094350003186264,53.5,0.5815217391304348,0.001953125,4096,6,0.00146484375,0.0006715185421635897,0.0031924013142034585,"[4.0259554734570475, 1.6263723653494087]","[6.283185307179586, 0.0]",CONVERGENCE: NORM OF PROJECTED GRADIENT <= PGTOL,83,0.00390625,0.00390625,256.0,88,0.00390625,0.00390625,256.0,92,0.001953125,0.001953125,512.0,67,0.140625,True,0.140625,7.111111111111111,75,0.046875,True,0.046875,21.333333333333332,83,0.00390625,True,0.00390625,256.0
n10_d50_s42,10,0.5,42,1,5,True,1,6,L-BFGS-B,60,0.025986374999774853,53.5,0.5815217391304348,0.001953125,4096,8,0.001953125,0.0009900179449591885,0.0038495493944084797,"[5.968552111119817, 0.25482724372374815]","[6.283185307179586, 0.0]",CONVERGENCE: NORM OF PROJECTED GRADIENT <= PGTOL,83,0.00390625,0.00390625,256.0,88,0.00390625,0.00390625,256.0,92,0.001953125,0.001953125,512.0,67,0.140625,True,0.140625,7.111111111111111,75,0.046875,True,0.046875,21.333333333333332,83,0.00390625,True,0.00390625,256.0
n10_d50_s42,10,0.5,42,1,6,True,1,6,L-BFGS-B,60,0.003158590000566619,53.5,0.5815217391304348,0.001953125,4096,8,0.001953125,0.0009900179449591885,0.0038495493944084797,"[3.433261574398807, 0.12180098507685204]","[6.283185307179586, 0.0]",CONVERGENCE: NORM OF PROJECTED GRADIENT <= PGTOL,83,0.00390625,0.00390625,256.0,88,0.00390625,0.00390625,256.0,92,0.001953125,0.001953125,512.0,67,0.140625,True,0.140625,7.111111111111111,75,0.046875,True,0.046875,21.333333333333332,83,0.00390625,True,0.00390625,256.0
n10_d50_s42,10,0.5,42,1,7,True,1,6,L-BFGS-B,60,0.0074811510003200965,53.5,0.5815217391304348,0.001953125,4096,9,0.002197265625,0.0011564392881765655,0.0041709517926914125,"[0.4253227837017201, 0.8759629262764279]","[6.283185307179586, 0.0]",CONVERGENCE: NORM OF PROJECTED GRADIENT <= PGTOL,83,0.00390625,0.00390625,256.0,88,0.00390625,0.00390625,256.0,92,0.001953125,0.001953125,512.0,67,0.140625,True,0.140625,7.111111111111111,75,0.046875,True,0.046875,21.333333333333332,83,0.00390625,True,0.00390625,256.0
n10_d50_s42,10,0.5,42,1,8,True,7,48,L-BFGS-B,60,0.15995951700006117,57.77523786124745,0.6279917158831244,0.011269259563252037,4096,40,0.009765625,0.007179999699176743,0.013269927368200842,"[4.45069324947119, 2.9631073254646436]","[5.542813927226133, 2.7948553032134775]",CONVERGENCE: NORM OF PROJECTED GRADIENT <= PGTOL,83,0.00390625,0.0158910457253619,62.92852070798671,88,0.00390625,0.0158910457253619,62.92852070798671,92,0.001953125,0.011269259563252037,88.73697463326721,67,0.140625,True,0.21641486740199367,4.620754627465062,75,0.046875,True,0.1072071595113947,9.327735242287744,83,0.00390625,True,0.0158910457253619,62.92852070798671
n10_d50_s42,10,0.5,42,1,9,True,1,6,L-BFGS-B,60,0.025837959999989835,53.5,0.5815217391304348,0.001953125,4096,8,0.001953125,0.0009900179449591885,0.0038495493944084797,"[0.21851292664143776, 2.935000452584931]","[6.283185307179586, 3.141592653589793]",CONVERGENCE: NORM OF PROJECTED GRADIENT <= PGTOL,83,0.00390625,0.00390625,256.0,88,0.00390625,0.00390625,256.0,92,0.001953125,0.001953125,512.0,67,0.140625,True,0.140625,7.111111111111111,75,0.046875,True,0.046875,21.333333333333332,83,0.00390625,True,0.00390625,256.0
n10_d50_s42,10,0.5,42,1,10,True,8,39,L-BFGS-B,60,0.19951113099978102,55.613030094705785,0.6044894575511498,0.0016073545119382204,4096,7,0.001708984375,0.0008280858168609898,0.0035236577810063684,"[4.344557136900246, 0.4454129117294394]","[4.372909352604631, 0.3710128213963847]",CONVERGENCE: NORM OF PROJECTED GRADIENT <= PGTOL,83,0.00390625,0.0029126183241990505,343.3336910956203,88,0.00390625,0.0029126183241990505,343.3336910956203,92,0.001953125,0.0016073545119382204,622.1402886374799,67,0.140625,True,0.1721822777868463,5.807798647186871,75,0.046875,True,0.05250882889364053,19.044416359495543,83,0.00390625,True,0.0029126183241990505,343.3336910956203
n10_d50_s42,10,0.5,42,1,11,True,12,45,L-BFGS-B,60,0.3005345290002879,55.57365043159342,0.6040614177347111,0.004577444225402208,4096,26,0.00634765625,0.004335565780323295,0.009284828906049952,"[0.4377047969247467, 2.7229109821962347]","[0.8940345727770443, 2.7712647885047206]",CONVERGENCE: NORM OF PROJECTED GRADIENT <= PGTOL,83,0.00390625,0.0194291905804741,51.46894801706138,88,0.00390625,0.0194291905804741,51.46894801706138,92,0.001953125,0.004577444225402208,218.46251986000607,67,0.140625,True,0.19172987447205622,5.2156712810331785,75,0.046875,True,0.07825770263591059,12.778294868333177,83,0.00390625,True,0.0194291905804741,51.46894801706138
n10_d50_s42,10,0.5,42,1,12,True,8,36,L-BFGS-B,60,0.1865499710002041,56.446996013540385,0.6135543044950041,0.0002522396168017543,4096,1,0.000244140625,4.309811523941186e-05,0.0013817030336260863,"[3.9476404647921512, 1.1935892235659966]","[3.8958739423358733, 1.2113489151779313]",CONVERGENCE: RELATIVE REDUCTION OF F <= FACTR*EPSMCH,83,0.00390625,0.000758567896706892,1318.2735577674948,88,0.00390625,0.000758567896706892,1318.2735577674948,92,0.001953125,0.0002522396168017543,3964.4842974287503,67,0.140625,True,0.1999512106846211,5.0012200305067385,75,0.046875,True,0.06889533026100253,14.514771846097664,83,0.00390625,True,0.000758567896706892,1318.2735577674948
n10_d50_s42,10,0.5,42,1,13,True,7,33,L-BFGS-B,60,0.27543401999992057,56.766789386984684,0.6170303194237465,0.0040502408839532475,4096,18,0.00439453125,0.002781615150444107,0.006936189603926662,"[2.9750748088904584, 0.3609647457685507]","[2.9688938609996987, 0.39763343257922873]",CONVERGENCE: NORM OF PROJECTED GRADIENT <= PGTOL,83,0.00390625,0.007046566377599193,141.91308878874224,88,0.00390625,0.007046566377599193,141.91308878874224,92,0.001953125,0.0040502408839532475,246.89889531309743,67,0.140625,True,0.17853538264749086,5.60113062840014,75,0.046875,True,0.07651857442068755,13.068722301361122,83,0.00390625,True,0.007046566377599193,141.91308878874224
n10_d50_s42,10,0.5,42,1,14,True,1,6,L-BFGS-B,60,0.005147711000063282,53.5,0.5815217391304348,0.001953125,4096,9,0.002197265625,0.0011564392881765655,0.0041709517926914125,"[1.4410014689570063, 1.8492054232247992]","[0.0, 0.0]",CONVERGENCE: NORM OF PROJECTED GRADIENT <= PGTOL,83,0.00390625,0.00390625,256.0,88,0.00390625,0.00390625,256.0,92,0.001953125,0.001953125,512.0,67,0.140625,True,0.140625,7.111111111111111,75,0.046875,True,0.046875,21.333333333333332,83,0.00390625,True,0.00390625,256.0
n10_d50_s42,10,0.5,42,1,15,True,1,6,L-BFGS-B,60,0.0015934619996187394,53.5,0.5815217391304348,0.001953125,4096,10,0.00244140625,0.0013266895763215114,0.004488525246046777,"[5.2861591654261035, 2.0190866005855126]","[6.283185307179586, 3.141592653589793]",CONVERGENCE: NORM OF PROJECTED GRADIENT <= PGTOL,83,0.00390625,0.00390625,256.0,88,0.00390625,0.00390625,256.0,92,0.001953125,0.001953125,512.0,67,0.140625,True,0.140625,7.111111111111111,75,0.046875,True,0.046875,21.333333333333332,83,0.00390625,True,0.00390625,256.0
n10_d50_s42,10,0.5,42,1,16,True,1,6,L-BFGS-B,60,0.054269446000034804,53.5,0.5815217391304348,0.0019531249999999991,4096,6,0.00146484375,0.0006715185421635897,0.0031924013142034585,"[0.557381471814514, 2.2312785464794325]","[0.20250232530778073, 3.141592653589793]",CONVERGENCE: NORM OF PROJECTED GRADIENT <= PGTOL,83,0.00390625,0.003906250000000001,255.99999999999994,88,0.00390625,0.003906250000000001,255.99999999999994,92,0.001953125,0.0019531249999999991,512.0000000000002,67,0.140625,True,0.14062499999999994,7.111111111111114,75,0.046875,True,0.046875,21.333333333333332,83,0.00390625,True,0.003906250000000001,255.99999999999994
n10_d50_s42,10,0.5,42,1,17,True,9,51,L-BFGS-B,60,0.3137692979998974,55.573650431593634,0.6040614177347134,0.0045774418782184535,4096,16,0.00390625,0.002405923039438864,0.0063362342319312846,"[2.64943253733374, 3.0018460696396363]","[0.8940345673789745, 1.2004682636643396]",CONVERGENCE: NORM OF PROJECTED GRADIENT <= PGTOL,83,0.00390625,0.019429195663514597,51.4689345518232,88,0.00390625,0.019429195663514597,51.4689345518232,92,0.001953125,0.0045774418782184535,218.4626318814563,67,0.140625,True,0.1917298847894174,5.215671000367676,75,0.046875,True,0.07825771293368464,12.77829318686322,83,0.00390625,True,0.019429195663514597,51.4689345518232
n10_d50_s42,10,0.5,42,1,18,True,1,6,L-BFGS-B,60,0.0015856589998293202,53.5,0.5815217391304348,0.001953125,4096,8,0.001953125,0.0009900179449591885,0.0038495493944084797,"[3.3660464040112097, 0.5403210316117649]","[5.80644665628941, 3.141592653589793]",CONVERGENCE: NORM OF PROJECTED GRADIENT <= PGTOL,83,0.00390625,0.003906249999999999,256.00000000000006,88,0.00390625,0.003906249999999999,256.00000000000006,92,0.001953125,0.001953125,512.0,67,0.140625,True,0.140625,7.111111111111111,75,0.046875,True,0.046875,21.333333333333332,83,0.00390625,True,0.003906249999999999,256.00000000000006
n10_d50_s42,10,0.5,42,1,19,True,1,6,L-BFGS-B,60,0.011056802999519277,53.5,0.5815217391304348,0.0019531249999999978,4096,9,0.002197265625,0.0011564392881765655,0.0041709517926914125,"[2.030011201068114, 3.0678409514585656]","[5.36051402818445, 3.141592653589793]",CONVERGENCE: NORM OF PROJECTED GRADIENT <= PGTOL,83,0.00390625,0.0039062499999999965,256.0000000000002,88,0.00390625,0.0039062499999999965,256.0000000000002,92,0.001953125,0.0019531249999999978,512.0000000000006,67,0.140625,True,0.14062499999999994,7.111111111111114,75,0.046875,True,0.046874999999999986,21.33333333333334,83,0.00390625,True,0.0039062499999999965,256.0000000000002
n10_d50_s42,10,0.5,42,2,0,True,22,170,L-BFGS-B,60,0.08841586799917422,56.337634194716856,0.6123655890730093,0.004382241701983014,4096,17,0.004150390625,0.0025929778542005417,0.0066370031586699164,"[1.7111701536961863, 0.02816343168866939, 1.8329098346588402, 2.4099886383838247]","[0.14535280905720036, 1.5222951348683493, 1.2905654145259744, 0.8049760133297665]",CONVERGENCE: RELATIVE REDUCTION OF F <= FACTR*EPSMCH,83,0.00390625,0.004541300792625688,220.20122552195454,88,0.00390625,0.004541300792625688,220.20122552195454,92,0.001953125,0.004382241701983014,228.19371180450608,67,0.140625,True,0.18452342342658873,5.419366178179772,75,0.046875,True,0.07676562010913912,13.026664782728014,83,0.00390625,True,0.004541300792625688,220.20122552195454
n10_d50_s42,10,0.5,42,2,1,True,20,180,L-BFGS-B,60,0.09861281999928906,58.63799205356551,0.6373694788431034,0.004218840141578361,4096,15,0.003662109375,0.0022205922771783033,0.006033741252691535,"[3.8173575312949515, 4.002575364520628, 0.6207431703542191, 1.0173695032022256]","[1.6226358059369017, 5.376781589689785, 0.24637031784064484, 0.33660099118831266]",CONVERGENCE: RELATIVE REDUCTION OF F <= FACTR*EPSMCH,83,0.00390625,0.004800427784096073,208.31476796985112,88,0.00390625,0.004800427784096073,208.31476796985112,92,0.001953125,0.004218840141578361,237.0319724003285,67,0.140625,True,0.25220604704597727,3.9650119880658514,75,0.046875,True,0.09723624628741515,10.28423081084554,83,0.00390625,True,0.004800427784096073,208.31476796985112
n10_d50_s42,10,0.5,42,2,2,True,12,90,L-BFGS-B,60,0.0572041960003844,69.05486367792741,0.750596344325298,0.04412689112079588,4096,189,0.046142578125,0.040131960884305345,0.053003703666618426,"[2.870790940346388, 2.2422470721377827, 0.17553953884921486, 2.5378845419233076]","[0.0876486452642957, 0.0, 3.1415873134149233, 0.3630689193530083]",CONVERGENCE: RELATIVE REDUCTION OF F <= FACTR*EPSMCH,83,0.00390625,0.07842041494573357,12.751781544282744,88,0.00390625,0.07842041494573357,12.751781544282744,92,0.001953125,0.04412689112079588,22.661918267990682,67,0.140625,True,0.604037462147601,1.6555264576547781,75,0.046875,True,0.3378110869170241,2.9602343994281872,83,0.00390625,True,0.07842041494573357,12.751781544282744
n10_d50_s42,10,0.5,42,2,3,True,1,10,L-BFGS-B,60,0.003951949000111199,53.49999999999996,0.5815217391304344,0.0019531249999997593,4096,9,0.002197265625,0.0011564392881765655,0.0041709517926914125,"[4.756137850309047, 2.4662456086137423, 3.1104855870162242, 0.43356650730781154]","[6.283185307179586, 6.283185307179586, 0.0, 0.20145635386663055]",CONVERGENCE: NORM OF PROJECTED GRADIENT <= PGTOL,83,0.00390625,0.003906249999999955,256.00000000000296,88,0.00390625,0.003906249999999955,256.00000000000296,92,0.001953125,0.0019531249999997593,512.0000000000631,67,0.140625,True,0.1406250000000002,7.111111111111101,75,0.046875,True,0.046874999999999264,21.33333333333367,83,0.00390625,True,0.003906249999999955,256.00000000000296
n10_d50_s42,10,0.5,42,2,4,True,19,140,L-BFGS-B,60,0.05879643499974918,57.86859473831654,0.6290064645469189,0.0015148053376633636,4096,10,0.00244140625,0.0013266895763215114,0.004488525246046777,"[2.712386399266546, 3.3620508590190954, 2.489191725300937, 0.49516065189411207]","[2.0134410519256747, 2.0950916129552692, 1.8921171781352395, 0.4707619669818222]",CONVERGENCE: NORM OF PROJECTED GRADIENT <= PGTOL,83,0.00390625,0.004165962399218723,240.0405726627629,88,0.00390625,0.004165962399218723,240.0405726627629,92,0.001953125,0.0015148053376633636,660.1508293749034,67,0.140625,True,0.2640273943647027,3.787485773611407,75,0.046875,True,0.086533819351489,11.556175464047547,83,0.00390625,True,0.004165962399218723,240.0405726627629
n10_d50_s42,10,0.5,42,2,5,True,16,105,L-BFGS-B,60,0.6278386889998728,55.66122867738834,0.6050133551890037,0.0012621918364278636,4096,5,0.001220703125,0.0005215205909937573,0.0028545755238729804,"[4.3980183195425795, 0.578816652874384, 0.7178183318728416, 3.0443991129172976]","[4.370618955780876, 0.5561412434510296, 0.3934728881981992, 3.0732975739276833]",CONVERGENCE: NORM OF PROJECTED GRADIENT <= PGTOL,83,0.00390625,0.003004095138965329,332.8789381631969,88,0.00390625,0.003004095138965329,332.8789381631969,92,0.001953125,0.0012621918364278636,792.2725937050154,67,0.140625,True,0.1743099653003402,5.7369066552045735,75,0.046875,True,0.057166073619691754,17.49289284152505,83,0.00390625,True,0.003004095138965329,332.8789381631969
n10_d50_s42,10,0.5,42,2,6,True,1,10,L-BFGS-B,60,0.024117617999763752,53.5,0.5815217391304348,0.001953125,4096,6,0.00146484375,0.0006715185421635897,0.0031924013142034585,"[4.3062948969600505, 3.730642823615877, 0.7129131270029874, 3.074937149235944]","[0.0, 6.283185307179586, 0.0, 3.141592653589793]",CONVERGENCE: NORM OF PROJECTED GRADIENT <= PGTOL,83,0.00390625,0.00390625,256.0,88,0.00390625,0.00390625,256.0,92,0.001953125,0.001953125,512.0,67,0.140625,True,0.140625,7.111111111111111,75,0.046875,True,0.046875,21.333333333333332,83,0.00390625,True,0.00390625,256.0
n10_d50_s42,10,0.5,42,2,7,True,16,130,L-BFGS-B,60,0.8880473989993334,58.79704806893963,0.6390983485754308,0.012610646155557627,4096,48,0.01171875,0.00885047381719605,0.015502043182184016,"[2.2916376174850175, 3.1483871727227215, 1.6421799726683965, 2.36812969465565]","[3.0166680610879744, 3.9985938644862316, 1.8188193994937094, 1.9045798720329083]",CONVERGENCE: RELATIVE REDUCTION OF F <= FACTR*EPSMCH,83,0.00390625,0.014488391312594037,69.0207752140674,88,0.00390625,0.014488391312594037,69.0207752140674,92,0.001953125,0.012610646155557627,79.29807780383172,67,0.140625,True,0.2057229837317392,4.860905582158921,75,0.046875,True,0.0928994763236951,10.7643233263839,83,0.00390625,True,0.014488391312594037,69.0207752140674
n10_d50_s42,10,0.5,42,2,8,True,19,145,L-BFGS-B,60,0.8808320879998064,69.23460735993388,0.7525500799992813,0.04661914178437067,4096,185,0.045166015625,0.0392211761167171,0.05196319346820543,"[5.818401007734916, 0.8263181352532731, 0.3500373761281153, 2.821423342163418]","[5.429628451531622, 0.7659406660213895, 0.042867435375219594, 2.7746709600994603]",CONVERGENCE: NORM OF PROJECTED GRADIENT <= PGTOL,83,0.00390625,0.08499901938729465,11.764841608860683,88,0.00390625,0.08499901938729465,11.764841608860683,92,0.001953125,0.04661914178437067,21.450416325236937,67,0.140625,True,0.6081305843188689,1.6443836665772054,75,0.046875,True,0.3495543024883523,2.860785843233389,83,0.00390625,True,0.08499901938729465,11.764841608860683
n10_d50_s42,10,0.5,42,2,9,True,9,60,L-BFGS-B,60,0.3788641330002065,69.05486367792713,0.7505963443252949,0.044126895236517756,4096,168,0.041015625,0.03535968232460542,0.04753168365481184,"[1.0274030551873377, 6.230264851891898, 2.2121998593072902, 1.0404136748713149]","[0.0, 6.19553665204905, 1.304384637934277, 2.7785290727937695]",CONVERGENCE: NORM OF PROJECTED GRADIENT <= PGTOL,83,0.00390625,0.07842042104247322,12.751780552904592,88,0.00390625,0.07842042104247322,12.751780552904592,92,0.001953125,0.044126895236517756,22.6619161543103,67,0.140625,True,0.6040374647296758,1.6555264505779106,75,0.046875,True,0.3378110959332389,2.96023432041921,83,0.00390625,True,0.07842042104247322,12.751780552904592
n10_d50_s42,10,0.5,42,2,10,True,1,10,L-BFGS-B,60,0.024088163000669738,53.50000000000004,0.5815217391304353,0.0019531250000000026,4096,8,0.001953125,0.0009900179449591885,0.0038495493944084797,"[0.5562807091405799, 6.221683455401526, 0.008386599480944, 2.2355709210158343]","[0.0, 0.0, 2.486231018031476, 3.141592653589793]",CONVERGENCE: NORM OF PROJECTED GRADIENT <= PGTOL,83,0.00390625,0.003906250000000005,255.99999999999966,88,0.00390625,0.003906250000000005,255.99999999999966,92,0.001953125,0.0019531250000000026,511.9999999999993,67,0.140625,True,0.14062500000000022,7.1111111111111,75,0.046875,True,0.04687500000000007,21.3333333333333,83,0.00390625,True,0.003906250000000005,255.99999999999966
n10_d50_s42,10,0.5,42,2,11,True,11,80,L-BFGS-B,60,0.42573005800022656,69.05486367792727,0.7505963443252964,0.04412689342037539,4096,190,0.04638671875,0.04035978058165302,0.053263707710771054,"[0.1722834697574835, 3.3712586387666423, 2.1547433808491627, 3.0674963056665576]","[0.08764864146630644, 3.0760349998623644, 1.933859937548043, 3.141592653589793]",CONVERGENCE: RELATIVE REDUCTION OF F <= FACTR*EPSMCH,83,0.00390625,0.07842041820241452,12.75178101472061,88,0.00390625,0.07842041820241452,12.75178101472061,92,0.001953125,0.04412689342037539,22.661917087012853,67,0.140625,True,0.6040374656177283,1.6555264481439649,75,0.046875,True,0.3378110929702103,2.9602343463841922,83,0.00390625,True,0.07842041820241452,12.75178101472061
n10_d50_s42,10,0.5,42,2,12,True,11,70,L-BFGS-B,60,0.5370307989996945,55.28365415872564,0.6009092843339744,0.0006076545603270371,4096,5,0.001220703125,0.0005215205909937573,0.0028545755238729804,"[0.8003516200888066, 4.001178861417131, 2.8835091446690693, 2.9455841374852607]","[5.88414403800905, 0.0, 3.0084872321889353, 2.9043505474806564]",CONVERGENCE: NORM OF PROJECTED GRADIENT <= PGTOL,83,0.00390625,0.000998321445172457,1001.6813771112099,88,0.00390625,0.000998321445172457,1001.6813771112099,92,0.001953125,0.0006076545603270371,1645.6718426696318,67,0.140625,True,0.15502327716216902,6.450644176189782,75,0.046875,True,0.05545179476607756,18.033681402351046,83,0.00390625,True,0.000998321445172457,1001.6813771112099
n10_d50_s42,10,0.5,42,2,13,True,17,125,L-BFGS-B,60,0.7301196170001276,55.28365415872523,0.6009092843339698,0.0006076540959879189,4096,3,0.000732421875,0.0002491200948151938,0.0021513285370509242,"[5.815416450693568, 1.0068302718268762, 0.7466463109434042, 0.4214145073576926]","[5.978211208725751, 0.7040153553694237, 0.0, 0.37034763315944685]",CONVERGENCE: NORM OF PROJECTED GRADIENT <= PGTOL,83,0.00390625,0.0009983209569336038,1001.6818669935103,88,0.00390625,0.0009983209569336038,1001.6818669935103,92,0.001953125,0.0006076540959879189,1645.6731002104223,67,0.140625,True,0.15502325999171152,6.450644890666511,75,0.046875,True,0.05545178364232404,18.03368501994842,83,0.00390625,True,0.0009983209569336038,1001.6818669935103
n10_d50_s42,10,0.5,42,2,14,True,1,10,L-BFGS-B,60,0.0802676760004033,53.5,0.5815217391304348,0.001953125,4096,14,0.00341796875,0.0020371496844209867,0.00572936010394854,"[6.151212190245963, 1.4874355811832978, 1.9085712018097003, 0.42409945401642307]","[0.0, 0.0, 0.0, 3.141592653589793]",CONVERGENCE: NORM OF PROJECTED GRADIENT <= PGTOL,83,0.00390625,0.00390625,256.0,88,0.00390625,0.00390625,256.0,92,0.001953125,0.001953125,512.0,67,0.140625,True,0.140625,7.111111111111111,75,0.046875,True,0.046875,21.333333333333332,83,0.00390625,True,0.00390625,256.0
n10_d50_s42,10,0.5,42,2,15,True,1,10,L-BFGS-B,60,0.028333944999758387,53.5,0.5815217391304348,0.001953125,4096,8,0.001953125,0.0009900179449591885,0.0038495493944084797,"[5.425156779528082, 2.4015072077653756, 1.065139490375054, 3.1066017590391386]","[6.283185307179586, 3.395407287159771, 0.0, 0.0]",CONVERGENCE: NORM OF PROJECTED GRADIENT <= PGTOL,83,0.00390625,0.0039062499999999996,256.00000000000006,88,0.00390625,0.0039062499999999996,256.00000000000006,92,0.001953125,0.001953125,512.0,67,0.140625,True,0.140625,7.111111111111111,75,0.046875,True,0.04687500000000001,21.33333333333333,83,0.00390625,True,0.0039062499999999996,256.00000000000006
n10_d50_s42,10,0.5,42,2,16,True,25,200,L-BFGS-B,60,1.2233591359999991,69.47272798029462,0.755138347611898,0.06238587304273591,4096,261,0.063720703125,0.056641661662199916,0.07161731227674617,"[2.914592411760174, 5.036674835394798, 1.0747827689429916, 1.9046497434136056]","[0.08506055770694128, 5.538958012000178, 0.37996998499288287, 3.060971150267211]",CONVERGENCE: RELATIVE REDUCTION OF F <= FACTR*EPSMCH,83,0.00390625,0.09733144638667955,10.274171782336285,88,0.00390625,0.09733144638667955,10.274171782336285,92,0.001953125,0.06238587304273591,16.02926994890293,67,0.140625,True,0.6179697991267292,1.618202056820784,75,0.046875,True,0.34988343251338816,2.8580947454885144,83,0.00390625,True,0.09733144638667955,10.274171782336285
n10_d50_s42,10,0.5,42,2,17,True,17,135,L-BFGS-B,60,0.9052635299995018,56.40401748600857,0.6130871465870497,0.0006307390479921763,4096,2,0.00048828125,0.00013391454481334652,0.0017787103455524616,"[5.523503280320483, 1.9657226198312552, 1.2222856402655582, 0.9322548969379222]","[3.6828364615887943, 1.374098822294527, 1.8669220249093155, 1.8528214671758632]",CONVERGENCE: RELATIVE REDUCTION OF F <= FACTR*EPSMCH,83,0.00390625,0.0011667950813463316,857.0485220473578,88,0.00390625,0.0011667950813463316,857.0485220473578,92,0.001953125,0.0006307390479921763,1585.441718224498,67,0.140625,True,0.16492749786813865,6.063270303169888,75,0.046875,True,0.05327160421913892,18.77172678874817,83,0.00390625,True,0.0011667950813463316,857.0485220473578
n10_d50_s42,10,0.5,42,2,18,True,13,85,L-BFGS-B,60,0.621952933999637,55.286481919579174,0.600940020864991,0.00558099439373983,4096,14,0.00341796875,0.0020371496844209867,0.00572936010394854,"[4.7754186223296164, 5.123585838444883, 1.8223997139431607, 3.0288536302269398]","[4.8393292140920705, 5.029913902303776, 1.9192704695843972, 3.141592653589793]",CONVERGENCE: NORM OF PROJECTED GRADIENT <= PGTOL,83,0.00390625,0.0066986981719730325,149.28273738081563,88,0.00390625,0.0066986981719730325,149.28273738081563,92,0.001953125,0.00558099439373983,179.17953852841964,67,0.140625,True,0.14331832103263034,6.977474985716046,75,0.046875,True,0.04531853733651539,22.066025489182117,83,0.00390625,True,0.0066986981719730325,149.28273738081563
n10_d50_s42,10,0.5,42,2,19,True,23,210,L-BFGS-B,60,1.2971035159998792,77.28170558605632,0.840018538978873,0.15648069242687232,4096,677,0.165283203125,0.1542228138704255,0.17697083653264953,"[2.379065876282308, 3.98060986793548, 2.550605857269818, 2.024561123494637]","[6.216122352330392, 6.1653872195693635, 2.6524867972136366, 2.8302552692891387]",CONVERGENCE: RELATIVE REDUCTION OF F <= FACTR*EPSMCH,83,0.00390625,0.24177793456394087,4.136026729666428,88,0.00390625,0.24177793456394087,4.136026729666428,92,0.001953125,0.15648069242687232,6.3905647686683595,67,0.140625,True,0.8552829613407094,1.1692036965549246,75,0.046875,True,0.6412173159003414,1.5595336794607415,83,0.00390625,True,0.24177793456394087,4.136026729666428
n10_d50_s42,10,0.5,42,3,0,True,42,490,L-BFGS-B,60,0.40216674900057114,74.39137727602093,0.808601926913271,0.10691194584871756,4096,458,0.11181640625,0.10252679472753717,0.12183345628696998,"[6.180008833224416, 0.21933017928274587, 3.7738528610426423, 1.5587275039458108, 1.9944264124466007, 0.8156152385676987]","[6.19651635911056, 2.356663131272173, 4.11611434132363, 1.3822115955617893, 1.6006192831208796, 1.8753819777967244]",CONVERGENCE: RELATIVE REDUCTION OF F <= FACTR*EPSMCH,83,0.00390625,0.1753538042040779,5.702756233541381,88,0.00390625,0.1753538042040779,5.702756233541381,92,0.001953125,0.10691194584871756,9.353491717520688,67,0.140625,True,0.773894189486389,1.292166311086624,75,0.046875,True,0.5288063451210934,1.8910514392012565,83,0.00390625,True,0.1753538042040779,5.702756233541381
n10_d50_s42,10,0.5,42,3,1,True,1,14,L-BFGS-B,60,0.02780465700016066,53.5,0.5815217391304348,0.001953125,4096,13,0.003173828125,0.0018557872990695213,0.005422898747799697,"[2.462263378371455, 1.2215010039435095, 2.0775486151640083, 2.8647534860018022, 1.0466113535510944, 0.15071367096114077]","[0.0, 0.0, 0.0, 0.0, 0.0, 3.141592653589793]",CONVERGENCE: NORM OF PROJECTED GRADIENT <= PGTOL,83,0.00390625,0.00390625,256.0,88,0.00390625,0.00390625,256.0,92,0.001953125,0.001953125,512.0,67,0.140625,True,0.140625,7.111111111111111,75,0.046875,True,0.046875,21.333333333333332,83,0.00390625,True,0.00390625,256.0
n10_d50_s42,10,0.5,42,3,2,True,29,294,L-BFGS-B,60,0.2396371659997385,57.87787410046802,0.6291073271790002,0.018849685506960815,4096,83,0.020263671875,0.01637682567489716,0.025049522276993755,"[1.9157900948392104, 3.9778660342229077, 0.34873043347774885, 2.639795964818803, 2.3662678828732764, 3.0725001847319344]","[4.632496445220711, 5.56647051968816, 0.5995609677525782, 2.4730687386996695, 2.9892551154776004, 2.7583890534103137]",CONVERGENCE: NORM OF PROJECTED GRADIENT <= PGTOL,83,0.00390625,0.02039141901427793,49.04023595904762,88,0.00390625,0.02039141901427793,49.04023595904762,92,0.001953125,0.018849685506960815,53.05128298457392,67,0.140625,True,0.23736158901402538,4.212981570244339,75,0.046875,True,0.12221423103097048,8.182353164310207,83,0.00390625,True,0.02039141901427793,49.04023595904762
n10_d50_s42,10,0.5,42,3,3,True,18,189,L-BFGS-B,60,0.17009724599938636,57.77689592035336,0.6280097382647104,0.01082687107497712,4096,50,0.01220703125,0.009271887142588631,0.016056277339792056,"[2.4109071024051545, 5.135332037943616, 4.58603570216033, 1.0298548797639033, 2.764300661046798, 2.7138746162339835]","[6.283185307179586, 0.7405444315829808, 0.28859029153271876, 0.006474916604947714, 1.9160567309750915, 0.01001030964410814]",CONVERGENCE: RELATIVE REDUCTION OF F <= FACTR*EPSMCH,83,0.00390625,0.015154490174585275,65.98704334356576,88,0.00390625,0.015154490174585275,65.98704334356576,92,0.001953125,0.01082687107497712,92.36278820306478,67,0.140625,True,0.2148016964137237,4.655456715173828,75,0.046875,True,0.10605987237113149,9.42863665251959,83,0.00390625,True,0.015154490174585275,65.98704334356576
n10_d50_s42,10,0.5,42,3,4,True,13,154,L-BFGS-B,60,0.12564168799963227,55.2836541587255,0.6009092843339728,0.0006076545083377619,4096,3,0.000732421875,0.0002491200948151938,0.0021513285370509242,"[1.5058356999062326, 0.17107271104931415, 5.825772125067715, 2.465957844641698, 3.100679553647646, 1.5918127172339156]","[0.0, 0.0, 5.884144025573722, 3.1415925972596193, 3.141592626033702, 1.2004487543423492]",CONVERGENCE: NORM OF PROJECTED GRADIENT <= PGTOL,83,0.00390625,0.0009983211293327111,1001.6816940140404,88,0.00390625,0.0009983211293327111,1001.6816940140404,92,0.001953125,0.0006076545083377619,1645.6719834688608,67,0.140625,True,0.15502327666656796,6.450644196812144,75,0.046875,True,0.055451794897986614,18.03368135945242,83,0.00390625,True,0.0009983211293327111,1001.6816940140404
n10_d50_s42,10,0.5,42,3,5,True,28,266,L-BFGS-B,60,2.3845561339994674,59.04597998180628,0.6418041302370249,0.031184079579102856,4096,129,0.031494140625,0.026569107431640225,0.03729713262926495,"[4.3541413089595835, 4.926294785879172, 1.461980078146423, 1.4248900220497218, 0.8187050535653818, 0.6878608672365152]","[4.393065412422037, 4.921049426076868, 1.5898475996476167, 1.6477232517305036, 0.8322435067945262, 0.5369415499255936]",CONVERGENCE: NORM OF PROJECTED GRADIENT <= PGTOL,83,0.00390625,0.03266916913706701,30.609899988713902,88,0.00390625,0.03266916913706701,30.609899988713902,92,0.001953125,0.031184079579102856,32.06764520541187,67,0.140625,True,0.24756863241339683,4.039283936141687,75,0.046875,True,0.1384535367097694,7.222639621667672,83,0.00390625,True,0.03266916913706701,30.609899988713902
n10_d50_s42,10,0.5,42,3,6,True,30,266,L-BFGS-B,60,1.9562192630000936,58.80945452113441,0.6392332013166784,0.00609659654061166,4096,28,0.0068359375,0.004733873030895345,0.009862169138478523,"[4.619056569445011, 0.619915156552373, 0.43983044158543305, 2.4836461461913237, 1.983773771093409, 3.016605042125873]","[4.536921921252244, 0.5468125835514143, 0.46464014099823897, 3.008661260243484, 1.7172070211701793, 2.8303256301348942]",CONVERGENCE: RELATIVE REDUCTION OF F <= FACTR*EPSMCH,83,0.00390625,0.012955321178938935,77.18836038010922,88,0.00390625,0.012955321178938935,77.18836038010922,92,0.001953125,0.00609659654061166,164.02594354713062,67,0.140625,True,0.22996564531777858,4.34847561085982,75,0.046875,True,0.08768575103007151,11.404361464122644,83,0.00390625,True,0.012955321178938935,77.18836038010922
n10_d50_s42,10,0.5,42,3,7,True,29,273,L-BFGS-B,60,2.383134064000842,58.04123914968862,0.6308830342357459,0.0037122846438290653,4096,13,0.003173828125,0.0018557872990695213,0.005422898747799697,"[0.7142777389212354, 0.5733902496028718, 2.0512703207941576, 0.8618348836179127, 0.9557574934044382, 1.0272524916509185]","[0.6148563610399038, 0.5487499202919442, 2.052738990494687, 1.1936228950911434, 1.2206855169866693, 1.3756103006420763]",CONVERGENCE: RELATIVE REDUCTION OF F <= FACTR*EPSMCH,83,0.00390625,0.004268542122370286,234.27202340566532,88,0.00390625,0.004268542122370286,234.27202340566532,92,0.001953125,0.0037122846438290653,269.3758954239409,67,0.140625,True,0.21626700594898282,4.623913831016364,75,0.046875,True,0.07508417293471789,13.318386031493645,83,0.00390625,True,0.004268542122370286,234.27202340566532
n10_d50_s42,10,0.5,42,3,8,True,10,98,L-BFGS-B,60,0.5971172749996185,55.2836541587256,0.6009092843339738,0.0006076550957609486,4096,2,0.00048828125,0.00013391454481334652,0.0017787103455524616,"[6.045740245275043, 4.278789198681106, 3.823310577230433, 0.5031378741031738, 0.268470667281657, 1.4637046421298994]","[5.8841440458237155, 6.283185307179586, 6.283185307179586, 0.0013828364078432524, 2.767203557836253, 0.0026589062927425094]",CONVERGENCE: RELATIVE REDUCTION OF F <= FACTR*EPSMCH,83,0.00390625,0.0009983224232842157,1001.6803957084982,88,0.00390625,0.0009983224232842157,1001.6803957084982,92,0.001953125,0.0006076550957609486,1645.6703925896145,67,0.140625,True,0.1550232946936393,6.450643446691181,75,0.046875,True,0.05545180540374493,18.033677942836917,83,0.00390625,True,0.0009983224232842157,1001.6803957084982
n10_d50_s42,10,0.5,42,3,9,True,32,329,L-BFGS-B,60,2.8320410029991763,69.29873912886518,0.7532471644441867,0.04159098095118683,4096,180,0.0439453125,0.03808383545489272,0.050661415422528264,"[6.033494114210232, 0.01838059907697885, 1.0117394694255137, 1.0595719715033391, 0.7585840020975738, 0.3575603545065562]","[5.102949008247208, 0.003920266674090672, 1.2667381780972236, 0.791830202970215, 0.8212041376852175, 0.3645930953484532]",CONVERGENCE: RELATIVE REDUCTION OF F <= FACTR*EPSMCH,83,0.00390625,0.07531650250873655,13.277302671934377,88,0.00390625,0.07531650250873655,13.277302671934377,92,0.001953125,0.04159098095118683,24.043674304620225,67,0.140625,True,0.6175745016309568,1.6192378366643911,75,0.046875,True,0.34065521200023974,2.9355194483250595,83,0.00390625,True,0.07531650250873655,13.277302671934377
n10_d50_s42,10,0.5,42,3,10,True,20,224,L-BFGS-B,60,1.5132512399995903,75.229482420382,0.8177117654389348,0.09177045756965115,4096,370,0.09033203125,0.08193289769526046,0.09949886406721942,"[3.418999434222617, 1.6993429202174721, 5.0625600173314185, 0.4539919905793353, 0.5283756428810279, 0.3708768808173622]","[6.162989866115139, 0.046869361120957076, 6.283185307179586, 0.3567710836449907, 2.389055913910668, 0.008140164451214788]",CONVERGENCE: NORM OF PROJECTED GRADIENT <= PGTOL,83,0.00390625,0.17724404169693106,5.641938597348713,88,0.00390625,0.17724404169693106,5.641938597348713,92,0.001953125,0.09177045756965115,10.896752903743874,67,0.140625,True,0.8207877510721031,1.2183417682510638,75,0.046875,True,0.5628535485053101,1.776661091780548,83,0.00390625,True,0.17724404169693106,5.641938597348713
n10_d50_s42,10,0.5,42,3,11,True,27,210,L-BFGS-B,60,1.3375223499997446,58.81854698085323,0.6393320324005786,0.003101723676601958,4096,11,0.002685546875,0.0015002563109177591,0.004802782252950839,"[2.0793023209816583, 5.920043026445379, 0.3141693460534555, 2.758623098193554, 1.8369764709384664, 1.2598900937904314]","[2.144913466176302, 5.894708664004773, 0.22331756570628947, 2.574290718870111, 1.6532324279928328, 1.2618167584004596]",CONVERGENCE: RELATIVE REDUCTION OF F <= FACTR*EPSMCH,83,0.00390625,0.0036385063070403408,274.83805595308337,88,0.00390625,0.0036385063070403408,274.83805595308337,92,0.001953125,0.003101723676601958,322.401382026246,67,0.140625,True,0.2926768391234569,3.416737733655037,75,0.046875,True,0.09901275669172802,10.09970869827872,83,0.00390625,True,0.0036385063070403408,274.83805595308337
n10_d50_s42,10,0.5,42,3,12,True,1,14,L-BFGS-B,60,0.08036269999956858,53.5,0.5815217391304348,0.001953125,4096,7,0.001708984375,0.0008280858168609898,0.0035236577810063684,"[5.237487215290846, 5.554145442024111, 2.5091155982168956, 0.25637431530962285, 1.310130030764577, 0.926393758693082]","[6.283185307179586, 6.283185307179586, 6.283185307179586, 3.141592653589793, 0.0, 0.0]",CONVERGENCE: NORM OF PROJECTED GRADIENT <= PGTOL,83,0.00390625,0.00390625,256.0,88,0.00390625,0.00390625,256.0,92,0.001953125,0.001953125,512.0,67,0.140625,True,0.140625,7.111111111111111,75,0.046875,True,0.046875,21.333333333333332,83,0.00390625,True,0.00390625,256.0
n10_d50_s42,10,0.5,42,3,13,True,23,280,L-BFGS-B,60,2.2153453619994252,69.26942122228522,0.7529284915465785,0.05158433547446473,4096,235,0.057373046875,0.0506572079640723,0.06491834869586573,"[4.896400469541053, 0.2252377501054619, 5.644186843636964, 0.43886019538930504, 0.8250963053772806, 2.108186107035007]","[2.300536373768261, 0.1760001524505136, 3.7165669223802653, 1.6122422382176127, 1.606611115997721, 2.7780574153327486]",CONVERGENCE: NORM OF PROJECTED GRADIENT <= PGTOL,83,0.00390625,0.08532206201154727,11.720298084974347,88,0.00390625,0.08532206201154727,11.720298084974347,92,0.001953125,0.05158433547446473,19.385730005090785,67,0.140625,True,0.6099838329775689,1.6393877115047626,75,0.046875,True,0.3442007498596995,2.9052812941506154,83,0.00390625,True,0.08532206201154727,11.720298084974347
n10_d50_s42,10,0.5,42,3,14,True,46,504,L-BFGS-B,60,4.384206866000568,69.20866856376816,0.7522681365626973,0.048735526537804615,4096,203,0.049560546875,0.04332573797753958,0.05663945895438853,"[6.03769863195943, 4.326752308930642, 6.251451996621207, 2.563414292750247, 3.125558026008199, 0.6501222260311287]","[6.195064305600986, 4.308597684062419, 6.27700234544039, 2.7726077567867367, 2.40276724923509, 0.7781475166710856]",CONVERGENCE: RELATIVE REDUCTION OF F <= FACTR*EPSMCH,83,0.00390625,0.08593689485279848,11.636445576872452,88,0.00390625,0.08593689485279848,11.636445576872452,92,0.001953125,0.048735526537804615,20.51891240416353,67,0.140625,True,0.6084675304474375,1.6434730695730773,75,0.046875,True,0.3475492324642361,2.8772901983114094,83,0.00390625,True,0.08593689485279848,11.636445576872452
n10_d50_s42,10,0.5,42,3,15,True,23,252,L-BFGS-B,60,1.9069229570004609,69.26953352380582,0.7529297122152806,0.052486566226970045,4096,192,0.046875,0.04081556560417523,0.05378357017124947,"[5.9266346096781986, 0.22999668524786765, 3.9559089226770086, 1.618821256502143, 2.622298200096233, 1.8606166157250426]","[5.915386295021694, 0.281034085884448, 3.959607279640053, 1.5407431341963165, 2.7837790091419077, 1.5223268338339784]",CONVERGENCE: NORM OF PROJECTED GRADIENT <= PGTOL,83,0.00390625,0.08630846756811034,11.586348688335242,88,0.00390625,0.08630846756811034,11.586348688335242,92,0.001953125,0.052486566226970045,19.052494226344596,67,0.140625,True,0.6078292740222855,1.645198812789224,75,0.046875,True,0.34746568374010317,2.877982047712022,83,0.00390625,True,0.08630846756811034,11.586348688335242
n10_d50_s42,10,0.5,42,3,16,True,23,252,L-BFGS-B,60,1.7423093569996126,69.15952060302877,0.7517339195981387,0.04865351419431061,4096,209,0.051025390625,0.04469721025882503,0.058194929122104944,"[0.1963257106874419, 1.1923450092808725, 1.2330465418177206, 1.0108167006542546, 2.3038499711684755, 3.1380007570437045]","[0.08725260818344908, 0.0, 1.31756574383342, 2.9799538635088156, 0.5215069849711016, 3.100019181454864]",CONVERGENCE: RELATIVE REDUCTION OF F <= FACTR*EPSMCH,83,0.00390625,0.07982716348064779,12.527064177125952,88,0.00390625,0.07982716348064779,12.527064177125952,92,0.001953125,0.04865351419431061,20.553499917934744,67,0.140625,True,0.6009584657788876,1.6640085079822022,75,0.046875,True,0.3388095417227076,2.951510736431477,83,0.00390625,True,0.07982716348064779,12.527064177125952
n10_d50_s42,10,0.5,42,3,17,True,32,308,L-BFGS-B,60,2.3702444680002372,58.05655574947679,0.6310495190160521,0.0024248480174581173,4096,7,0.001708984375,0.0008280858168609898,0.0035236577810063684,"[5.091787229219062, 4.009032764286509, 4.673010655215202, 0.6635453881403185, 0.4677116798334024, 1.8563621942327464]","[5.267314975809045, 4.106980961312934, 4.750823288658011, 0.49435145955204374, 0.38052472887961225, 2.0744822876143902]",CONVERGENCE: RELATIVE REDUCTION OF F <= FACTR*EPSMCH,83,0.00390625,0.0039471303553476,253.3486127827506,88,0.00390625,0.0039471303553476,253.3486127827506,92,0.001953125,0.0024248480174581173,412.39698026446405,67,0.140625,True,0.2517648967373731,3.971959605802962,75,0.046875,True,0.13171065071330712,7.59240042156262,83,0.00390625,True,0.0039471303553476,253.3486127827506
n10_d50_s42,10,0.5,42,3,18,True,42,511,L-BFGS-B,60,4.14223542200034,77.30991466887716,0.840325159444317,0.15554066476372777,4096,625,0.152587890625,0.14190152060111494,0.16392529524394395,"[5.843977469563913, 5.836680410207721, 6.00329477153208, 0.8041567442697825, 2.3113217993993675, 1.9988295814114871]","[6.216050237127926, 6.165094369972533, 2.2717995703190716, 2.6530682673878196, 2.832765717179969, 1.5538386350161097]",CONVERGENCE: RELATIVE REDUCTION OF F <= FACTR*EPSMCH,83,0.00390625,0.24132163551073865,4.143847267915191,88,0.00390625,0.24132163551073865,4.143847267915191,92,0.001953125,0.15554066476372777,6.429186872250021,67,0.140625,True,0.8566582414353736,1.167326655638601,75,0.046875,True,0.6431732139320764,1.5547911174447744,83,0.00390625,True,0.24132163551073865,4.143847267915191
n10_d50_s42,10,0.5,42,3,19,True,1,14,L-BFGS-B,60,0.06490538900015963,53.5,0.5815217391304348,0.001953125,4096,5,0.001220703125,0.0005215205909937573,0.0028545755238729804,"[5.396706002459808, 4.127397748988821, 2.4242147698029277, 1.116202624969937, 1.8358410340354998, 1.4214351063557826]","[0.0, 4.705243790186818, 0.0, 0.0, 0.0, 0.0]",CONVERGENCE: NORM OF PROJECTED GRADIENT <= PGTOL,83,0.00390625,0.0039062499999999996,256.00000000000006,88,0.00390625,0.0039062499999999996,256.00000000000006,92,0.001953125,0.001953125,512.0,67,0.140625,True,0.140625,7.111111111111111,75,0.046875,True,0.046875,21.333333333333332,83,0.00390625,True,0.0039062499999999996,256.00000000000006
n10_d75_s17,10,0.75,17,1,0,True,2,15,L-BFGS-B,60,0.00433646100009355,81.0,0.7043478260869566,0.00390625,4096,12,0.0029296875,0.0016767322242621596,0.005114130081106749,"[4.164214315736457, 1.2445205486657653]","[0.0, 2.3774104376176446]",CONVERGENCE: NORM OF PROJECTED GRADIENT <= PGTOL,104,0.04296875,0.04296875,23.272727272727273,110,0.009765625,0.009765625,102.4,115,0.00390625,0.00390625,256.0,101,0.09765625,True,0.09765625,10.24,113,0.005859375,True,0.005859375,170.66666666666666,125,0.0,False,0.0,inf
n10_d75_s17,10,0.75,17,1,1,True,1,6,L-BFGS-B,60,0.0019894200004273443,81.0,0.7043478260869566,0.00390625,4096,23,0.005615234375,0.003744712895050349,0.00841221056682197,"[4.1333739757427015, 0.09007583966714469]","[6.283185307179586, 0.0]",CONVERGENCE: NORM OF PROJECTED GRADIENT <= PGTOL,104,0.04296875,0.04296875,23.272727272727273,110,0.009765625,0.009765625,102.4,115,0.00390625,0.00390625,256.0,101,0.09765625,True,0.09765625,10.24,113,0.005859375,True,0.005859375,170.66666666666666,125,0.0,False,0.0,inf
n10_d75_s17,10,0.75,17,1,2,True,8,42,L-BFGS-B,60,0.01209244499932538,83.61846275670605,0.7271170674496178,0.0026556631710589313,4096,11,0.002685546875,0.0015002563109177591,0.004802782252950839,"[5.655385010129342, 2.032077179645707]","[5.503283035598601, 1.9395826257897424]",CONVERGENCE: NORM OF PROJECTED GRADIENT <= PGTOL,104,0.04296875,0.06391450030600962,15.645901872223103,110,0.009765625,0.011056851465537514,90.44165991709706,115,0.00390625,0.0026556631710589313,376.5537779406172,101,0.09765625,True,0.11782699515693751,8.487019453123356,113,0.005859375,True,0.00456371575074857,219.11969426140826,125,0.0,False,0.0,inf
n10_d75_s17,10,0.75,17,1,3,True,11,45,L-BFGS-B,60,0.0396445100004712,82.21187394684037,0.7148858604073076,0.0005588759289741025,4096,4,0.0009765625,0.000379829567061715,0.0025084428063047127,"[3.121959121244931, 1.4018660158239578]","[2.841077540869498, 1.228833289568782]",CONVERGENCE: NORM OF PROJECTED GRADIENT <= PGTOL,104,0.04296875,0.04941188067615224,20.238047739045726,110,0.009765625,0.005585127725552528,179.04693484893787,115,0.00390625,0.0005588759289741025,1789.305905222371,101,0.09765625,True,0.10334584327770724,9.676247909776457,113,0.005859375,True,0.001610010618498907,621.1139159643243,125,0.0,False,0.0,inf
n10_d75_s17,10,0.75,17,1,4,True,11,48,L-BFGS-B,60,0.013898298000640352,81.75063982163239,0.7108751288837599,0.006354892881434989,4096,23,0.005615234375,0.003744712895050349,0.00841221056682197,"[0.669301201482005, 1.6423813681947872]","[0.6774524866977787, 1.9430449424941652]",CONVERGENCE: NORM OF PROJECTED GRADIENT <= PGTOL,104,0.04296875,0.05344410404470365,18.711137886483115,110,0.009765625,0.014748599376240899,67.80304858039194,115,0.00390625,0.006354892881434989,157.35906468563346,101,0.09765625,True,0.11261097996276025,8.880128743491033,113,0.005859375,True,0.009217129836396692,108.49364365587975,125,0.0,False,0.0,inf
n10_d75_s17,10,0.75,17,1,5,True,7,51,L-BFGS-B,60,0.2517144670000562,82.94530752276694,0.7212635436762342,0.0012922961038102153,4096,7,0.001708984375,0.0008280858168609898,0.0035236577810063684,"[1.8397284582355655, 1.9605400902328218]","[2.457465885438204, 2.0306053015609966]",CONVERGENCE: RELATIVE REDUCTION OF F <= FACTR*EPSMCH,104,0.04296875,0.04909108522370174,20.370297283979955,110,0.009765625,0.006339481794494328,157.74159977373444,115,0.00390625,0.0012922961038102153,773.8164628459319,101,0.09765625,True,0.11194888666394026,8.932648012855218,113,0.005859375,True,0.001318190942117812,758.6154388175321,125,0.0,False,0.0,inf
n10_d75_s17,10,0.75,17,1,6,True,9,39,L-BFGS-B,60,0.29236296099952597,83.03767248034049,0.7220667172203521,0.0016547064549016946,4096,8,0.001953125,0.0009900179449591885,0.0038495493944084797,"[1.531673309825566, 2.1290975033007262]","[1.5069990288663009, 1.9993264114831675]",CONVERGENCE: NORM OF PROJECTED GRADIENT <= PGTOL,104,0.04296875,0.0640384218250292,15.61562529964087,110,0.009765625,0.012404722487317967,80.61445961587252,115,0.00390625,0.0016547064549016946,604.3367976463292,101,0.09765625,True,0.14789470435857685,6.761567321406306,113,0.005859375,True,0.0018108966241093857,552.2126369260909,125,0.0,False,0.0,inf
n10_d75_s17,10,0.75,17,1,7,True,1,6,L-BFGS-B,60,0.0021762220003438415,81.0,0.7043478260869566,0.00390625,4096,5,0.001220703125,0.0005215205909937573,0.0028545755238729804,"[4.056439414198272, 2.3758149478024504]","[6.283185307179586, 3.141592653589793]",CONVERGENCE: NORM OF PROJECTED GRADIENT <= PGTOL,104,0.04296875,0.04296875,23.272727272727273,110,0.009765625,0.009765625,102.4,115,0.00390625,0.00390625,256.0,101,0.09765625,True,0.09765625,10.24,113,0.005859375,True,0.005859375,170.66666666666666,125,0.0,False,0.0,inf
n10_d75_s17,10,0.75,17,1,8,True,10,42,L-BFGS-B,60,0.48840112800007773,88.0385984585781,0.7655530300745921,0.0007808836543030759,4096,3,0.000732421875,0.0002491200948151938,0.0021513285370509242,"[3.2400696262591593, 1.8475406353313073]","[3.2296607408137703, 2.0126177564564958]",CONVERGENCE: RELATIVE REDUCTION OF F <= FACTR*EPSMCH,104,0.04296875,0.07773921400819499,12.863520846693712,110,0.009765625,0.02443075491308027,40.932013912701414,115,0.00390625,0.0007808836543030759,1280.6005023789123,101,0.09765625,True,0.1928041658767991,5.186609923350904,113,0.005859375,True,0.023724542855811152,42.15044336481524,125,0.0,False,0.0,inf
n10_d75_s17,10,0.75,17,1,9,True,8,42,L-BFGS-B,60,0.2896628660000715,88.03859845857806,0.7655530300745919,0.000780883494543592,4096,4,0.0009765625,0.000379829567061715,0.0025084428063047127,"[3.2084361695070602, 2.008016772053148]","[3.2296607445052627, 2.012617743566559]",CONVERGENCE: RELATIVE REDUCTION OF F <= FACTR*EPSMCH,104,0.04296875,0.07773921441921397,12.86352077868233,110,0.009765625,0.02443075341133315,40.93201642877339,115,0.00390625,0.000780883494543592,1280.6007643745581,101,0.09765625,True,0.1928041659502741,5.186609921374359,113,0.005859375,True,0.02372454153763696,42.15044570676257,125,0.0,False,0.0,inf
n10_d75_s17,10,0.75,17,1,10,True,7,33,L-BFGS-B,60,0.24040026900001976,84.21646352733251,0.7323170741507175,0.006706853889080782,4096,40,0.009765625,0.007179999699176743,0.013269927368200842,"[5.884666222168553, 0.4323451898921075]","[3.9220188200068886, 0.3992558607791722]",CONVERGENCE: NORM OF PROJECTED GRADIENT <= PGTOL,104,0.04296875,0.05220616032941954,19.154827585289272,110,0.009765625,0.010714018278842436,93.33566305134603,115,0.00390625,0.006706853889080782,149.10120550383073,101,0.09765625,True,0.11578940472002881,8.636368780182734,113,0.005859375,True,0.008429911282837474,118.62521044983099,125,0.0,False,0.0,inf
n10_d75_s17,10,0.75,17,1,11,True,1,6,L-BFGS-B,60,0.025773634999495698,81.0,0.7043478260869566,0.00390625,4096,20,0.0048828125,0.0031631598704827783,0.007530292366888611,"[0.9373718973718792, 0.2667236240839596]","[6.283185307179586, 0.0]",CONVERGENCE: NORM OF PROJECTED GRADIENT <= PGTOL,104,0.04296875,0.04296875,23.272727272727273,110,0.009765625,0.009765625,102.4,115,0.00390625,0.00390625,256.0,101,0.09765625,True,0.09765625,10.24,113,0.005859375,True,0.005859375,170.66666666666666,125,0.0,False,0.0,inf
n10_d75_s17,10,0.75,17,1,12,True,9,54,L-BFGS-B,60,0.3436023140002362,82.74707521187136,0.7195397844510554,0.004535127683078197,4096,21,0.005126953125,0.0033558642108143656,0.007825411768057332,"[2.4716956117288973, 1.2866918618046765]","[4.383196867174018, 2.438387877108937]",CONVERGENCE: RELATIVE REDUCTION OF F <= FACTR*EPSMCH,104,0.04296875,0.04102611633114373,24.374717604963266,110,0.009765625,0.005830470962731653,171.51273137144426,115,0.00390625,0.004535127683078197,220.5009582709818,101,0.09765625,True,0.10749198309154666,9.303019362368072,113,0.005859375,True,0.005826585426978625,171.6271069106336,125,0.0,False,0.0,inf
n10_d75_s17,10,0.75,17,1,13,True,11,48,L-BFGS-B,60,0.440979605999928,88.03859845857806,0.7655530300745919,0.0007808831185885512,4096,4,0.0009765625,0.000379829567061715,0.0025084428063047127,"[3.0337532074274303, 3.1018195746014494]","[3.053524553053386, 2.699771285272991]",CONVERGENCE: NORM OF PROJECTED GRADIENT <= PGTOL,104,0.04296875,0.07773921541726561,12.863520613534561,110,0.009765625,0.024430748648252055,40.93202440898376,115,0.00390625,0.0007808831185885512,1280.6013809179321,101,0.09765625,True,0.19280416537035322,5.186609936974766,113,0.005859375,True,0.023724537268595643,42.150453291399195,125,0.0,False,0.0,inf
n10_d75_s17,10,0.75,17,1,14,True,1,6,L-BFGS-B,60,0.054345613000805315,81.0,0.7043478260869566,0.0039062499999999965,4096,15,0.003662109375,0.0022205922771783033,0.006033741252691535,"[4.207190530254496, 3.110439899598594]","[3.2987900587738612, 3.141592653589793]",CONVERGENCE: NORM OF PROJECTED GRADIENT <= PGTOL,104,0.04296875,0.042968749999999986,23.27272727272728,110,0.009765625,0.009765624999999997,102.40000000000003,115,0.00390625,0.0039062499999999965,256.0000000000002,101,0.09765625,True,0.09765625,10.24,113,0.005859375,True,0.0058593749999999965,170.66666666666677,125,0.0,False,0.0,inf
n10_d75_s17,10,0.75,17,1,15,True,1,6,L-BFGS-B,60,0.001703777999864542,81.0,0.7043478260869566,0.00390625,4096,11,0.002685546875,0.0015002563109177591,0.004802782252950839,"[3.966581564367124, 1.268703851135943]","[6.283185307179586, 3.141592653589793]",CONVERGENCE: NORM OF PROJECTED GRADIENT <= PGTOL,104,0.04296875,0.04296875,23.272727272727273,110,0.009765625,0.009765625,102.4,115,0.00390625,0.00390625,256.0,101,0.09765625,True,0.09765625,10.24,113,0.005859375,True,0.005859375,170.66666666666666,125,0.0,False,0.0,inf
n10_d75_s17,10,0.75,17,1,16,True,10,51,L-BFGS-B,60,0.33840578200033633,83.73183629427254,0.728102924298022,0.004364294032351722,4096,13,0.003173828125,0.0018557872990695213,0.005422898747799697,"[3.6182271832360757, 2.482633829017996]","[3.635186385146118, 2.691759933497452]",CONVERGENCE: NORM OF PROJECTED GRADIENT <= PGTOL,104,0.04296875,0.057202125451043355,17.48186788716188,110,0.009765625,0.012320737594782336,81.16397190566629,115,0.00390625,0.004364294032351722,229.1321328460413,101,0.09765625,True,0.12529757199429686,7.9810006218278255,113,0.005859375,True,0.007003988964922245,142.77578177353703,125,0.0,False,0.0,inf
n10_d75_s17,10,0.75,17,1,17,True,8,48,L-BFGS-B,60,0.25814036300016596,82.74707521188503,0.7195397844511742,0.004535115484610344,4096,16,0.00390625,0.002405923039438864,0.0063362342319312846,"[1.7066607206177071, 0.008110382604293281]","[1.8999884008971586, 0.7032056152160647]",CONVERGENCE: RELATIVE REDUCTION OF F <= FACTR*EPSMCH,104,0.04296875,0.04102610490215169,24.374724395236292,110,0.009765625,0.005830470202466303,171.5127537358818,115,0.00390625,0.004535115484610344,220.5015513702888,101,0.09765625,True,0.10749195573030496,9.30302173037933,113,0.005859375,True,0.0058265847883933325,171.62712572071703,125,0.0,False,0.0,inf
n10_d75_s17,10,0.75,17,1,18,True,12,45,L-BFGS-B,60,0.4703438870001264,82.39033338797168,0.7164376816345364,0.005733933533402673,4096,15,0.003662109375,0.0022205922771783033,0.006033741252691535,"[3.8497619283235904, 1.87999133236097]","[4.226435362362087, 1.9964343217599068]",CONVERGENCE: RELATIVE REDUCTION OF F <= FACTR*EPSMCH,104,0.04296875,0.02928048457061555,34.15244025720635,110,0.009765625,0.009825094162466741,101.78019502552377,115,0.00390625,0.005733933533402673,174.40034736617756,101,0.09765625,True,0.08747324972622038,11.432066410358216,113,0.005859375,True,0.006954080395564621,143.80046578664945,125,0.0,False,0.0,inf
n10_d75_s17,10,0.75,17,1,19,True,8,48,L-BFGS-B,60,0.3738743430003524,88.03859845857792,0.7655530300745906,0.0007808831150487353,4096,1,0.000244140625,4.309811523941186e-05,0.0013817030336260863,"[4.41470502351242, 0.47984624708495344]","[3.053524557459189, 1.12897487168594]",CONVERGENCE: NORM OF PROJECTED GRADIENT <= PGTOL,104,0.04296875,0.07773921527828201,12.8635206365322,110,0.009765625,0.024430754520982628,40.93201456963348,115,0.00390625,0.0007808831150487353,1280.6013867230174,101,0.09765625,True,0.19280416898946162,5.186609839617413,113,0.005859375,True,0.0237245428472513,42.150443380023184,125,0.0,False,0.0,inf
n10_d75_s17,10,0.75,17,2,0,True,16,110,L-BFGS-B,60,0.044163315999867336,83.83521141041402,0.7290018383514263,0.006086660984168107,4096,21,0.005126953125,0.0033558642108143656,0.007825411768057332,"[3.0654586859471253, 4.861686213576437, 0.39974275922089286, 3.05433471439794]","[4.67518074924638, 2.3896790753962303, 1.7278661700061433, 1.2327724740887325]",CONVERGENCE: RELATIVE REDUCTION OF F <= FACTR*EPSMCH,104,0.04296875,0.07223323220720856,13.84404337786513,110,0.009765625,0.013230000378543123,75.58578770880725,115,0.00390625,0.006086660984168107,164.293691171741,101,0.09765625,True,0.13652184691815503,7.324834981169724,113,0.005859375,True,0.007764623693308286,128.78924201591647,125,0.0,False,0.0,inf
n10_d75_s17,10,0.75,17,2,1,True,14,110,L-BFGS-B,60,0.06517008900027577,83.09894947889245,0.7225995606860213,0.00834513621037468,4096,36,0.0087890625,0.006355424717037815,0.012143207384338531,"[5.772296304793225, 5.553816608870411, 1.3020770933683954, 0.5226445428364604]","[6.025590242995418, 5.9005843279219174, 0.5063001260426936, 1.2470521649568753]",CONVERGENCE: RELATIVE REDUCTION OF F <= FACTR*EPSMCH,104,0.04296875,0.05530463501265922,18.0816671111038,110,0.009765625,0.01737515928458027,57.5534292158955,115,0.00390625,0.00834513621037468,119.83027895420078,101,0.09765625,True,0.11437970853158859,8.742809479391417,113,0.005859375,True,0.015066701299205633,66.37152885301597,125,0.0,False,0.0,inf
n10_d75_s17,10,0.75,17,2,2,True,16,100,L-BFGS-B,60,0.039330675000201154,84.01615484924396,0.7305752595586431,0.0032125027799424616,4096,14,0.00341796875,0.0020371496844209867,0.00572936010394854,"[2.7264688062350437, 3.203525147179287, 1.1352040477726812, 2.566468677967126]","[2.756311008244331, 3.1811313213429036, 1.1244301885729393, 2.6626621265088883]",CONVERGENCE: RELATIVE REDUCTION OF F <= FACTR*EPSMCH,104,0.04296875,0.05045964933352196,19.817815090040032,110,0.009765625,0.015517521316289296,64.44328186295219,115,0.00390625,0.0032125027799424616,311.283777322649,101,0.09765625,True,0.12009085691923119,8.327028598626491,113,0.005859375,True,0.0036640623623071552,272.92111899818445,125,0.0,False,0.0,inf
n10_d75_s17,10,0.75,17,2,3,True,1,10,L-BFGS-B,60,0.004026411999802804,81.00000000000003,0.7043478260869568,0.0039062499999999523,4096,20,0.0048828125,0.0031631598704827783,0.007530292366888611,"[3.037312778258744, 3.5279287064880944, 2.1602785927415957, 2.5141485031063424]","[6.283185307179586, 6.283185307179586, 3.141592653589793, 0.7772267749846132]",CONVERGENCE: NORM OF PROJECTED GRADIENT <= PGTOL,104,0.04296875,0.04296874999999991,23.272727272727323,110,0.009765625,0.00976562499999992,102.40000000000083,115,0.00390625,0.0039062499999999523,256.0000000000031,101,0.09765625,True,0.09765624999999988,10.240000000000013,113,0.005859375,True,0.005859374999999945,170.66666666666825,125,0.0,False,0.0,inf
n10_d75_s17,10,0.75,17,2,4,True,17,120,L-BFGS-B,60,0.06548381199991127,83.69484146089414,0.7277812300947316,0.003915044584520192,4096,20,0.0048828125,0.0031631598704827783,0.007530292366888611,"[4.181087515967021, 4.889745997030493, 2.1604679173144725, 2.787872560670411]","[4.201961124542994, 4.88227483823266, 2.3246844348234728, 2.7108318537830627]",CONVERGENCE: RELATIVE REDUCTION OF F <= FACTR*EPSMCH,104,0.04296875,0.054766040623890726,18.259490527488808,110,0.009765625,0.014297791828651893,69.94087002973856,115,0.00390625,0.003915044584520192,255.42493282296934,101,0.09765625,True,0.10548314531854833,9.480187540673935,113,0.005859375,True,0.004121222219202156,242.64646427961702,125,0.0,False,0.0,inf
n10_d75_s17,10,0.75,17,2,5,True,1,10,L-BFGS-B,60,0.08169851599996036,81.0,0.7043478260869566,0.00390625,4096,11,0.002685546875,0.0015002563109177591,0.004802782252950839,"[3.1712758577868816, 2.7143139480015894, 0.6078823091785244, 1.1975036124104383]","[6.283185307179586, 6.283185307179586, 0.0, 3.141592653589793]",CONVERGENCE: NORM OF PROJECTED GRADIENT <= PGTOL,104,0.04296875,0.04296875,23.272727272727273,110,0.009765625,0.009765625,102.4,115,0.00390625,0.00390625,256.0,101,0.09765625,True,0.09765625,10.24,113,0.005859375,True,0.005859375,170.66666666666666,125,0.0,False,0.0,inf
n10_d75_s17,10,0.75,17,2,6,True,18,120,L-BFGS-B,60,0.7858830369996213,83.85814233405935,0.7292012376874726,0.003736685102762436,4096,19,0.004638671875,0.00297171178976659,0.007233916706104488,"[4.930656544804636, 2.8223380990816604, 1.8163574715621185, 0.6549766385756886]","[5.024366760902926, 2.7302504366195977, 1.8286849608118163, 0.6951692662353822]",CONVERGENCE: RELATIVE REDUCTION OF F <= FACTR*EPSMCH,104,0.04296875,0.07185731461852818,13.91646772925958,110,0.009765625,0.011807168477648577,84.69431107831132,115,0.00390625,0.003736685102762436,267.61687766002154,101,0.09765625,True,0.14692790121616978,6.806059242136289,113,0.005859375,True,0.01117573333032094,89.47958674773447,125,0.0,False,0.0,inf
n10_d75_s17,10,0.75,17,2,7,True,16,130,L-BFGS-B,60,0.6754951160000928,82.77540523343792,0.7197861324646776,0.0052400641044007224,4096,17,0.004150390625,0.0025929778542005417,0.0066370031586699164,"[3.659493049259715, 5.221797191897276, 0.1677226742662268, 2.53335735723053]","[3.4039664664558615, 4.78233535421934, 0.03780624287665104, 2.2534795779018406]",CONVERGENCE: RELATIVE REDUCTION OF F <= FACTR*EPSMCH,104,0.04296875,0.04382804233001779,22.816442324075716,110,0.009765625,0.006191559388149846,161.51020079269864,115,0.00390625,0.0052400641044007224,190.83736001629785,101,0.09765625,True,0.10853502854040552,9.213615304184668,113,0.005859375,True,0.006024771129627658,165.98140883433058,125,0.0,False,0.0,inf
n10_d75_s17,10,0.75,17,2,8,True,1,10,L-BFGS-B,60,0.01220442500016361,81.0,0.7043478260869566,0.00390625,4096,17,0.004150390625,0.0025929778542005417,0.0066370031586699164,"[5.749530750254906, 0.015185628918179376, 2.7687740909866423, 2.6246038876756193]","[0.0, 0.0, 3.141592653589793, 3.141592653589793]",CONVERGENCE: NORM OF PROJECTED GRADIENT <= PGTOL,104,0.04296875,0.04296875,23.272727272727273,110,0.009765625,0.009765625,102.4,115,0.00390625,0.00390625,256.0,101,0.09765625,True,0.09765625,10.24,113,0.005859375,True,0.005859375,170.66666666666666,125,0.0,False,0.0,inf
n10_d75_s17,10,0.75,17,2,9,True,20,175,L-BFGS-B,60,1.0642352160002702,83.11936853463544,0.7227771176924821,0.0018088439588141935,4096,5,0.001220703125,0.0005215205909937573,0.0028545755238729804,"[5.8145459081468225, 4.312272615329153, 2.2310511578629004, 2.546077157310399]","[5.244988925085117, 5.815584325922415, 1.4990106546426023, 1.151195576199523]",CONVERGENCE: NORM OF PROJECTED GRADIENT <= PGTOL,104,0.04296875,0.06748512860400052,14.818079489304255,110,0.009765625,0.013372123890645151,74.78243607207217,115,0.00390625,0.0018088439588141935,552.8392845204627,101,0.09765625,True,0.14941643686979292,6.692704102370193,113,0.005859375,True,0.002215156870241272,451.4352971720153,125,0.0,False,0.0,inf
n10_d75_s17,10,0.75,17,2,10,True,11,185,L-BFGS-B,60,0.807165907000126,95.83231133509561,0.8333244463921358,0.030891098963537124,4096,142,0.03466796875,0.029487295514351152,0.04072065318605805,"[4.539594295521618, 4.4475825478938384, 2.354544809860496, 2.3812570416798367]","[0.0, 6.2207044233451425, 2.813606578874135, 2.8431955987668975]",CONVERGENCE: RELATIVE REDUCTION OF F <= FACTR*EPSMCH,104,0.04296875,0.22172282699145768,4.5101355307837885,110,0.009765625,0.07364038327154507,13.57950564043851,115,0.00390625,0.030891098963537124,32.37178454480912,101,0.09765625,True,0.39959723268698655,2.5025198329722227,113,0.005859375,True,0.04872482845401705,20.52341756202851,125,0.0,False,0.0,inf
n10_d75_s17,10,0.75,17,2,11,True,1,10,L-BFGS-B,60,0.02561425300064002,81.0,0.7043478260869566,0.00390625,4096,13,0.003173828125,0.0018557872990695213,0.005422898747799697,"[5.500161006140558, 4.038850749063996, 1.4174607489909004, 0.009454048449754766]","[0.0, 0.9835610203767486, 3.141592653589793, 3.141592653589793]",CONVERGENCE: NORM OF PROJECTED GRADIENT <= PGTOL,104,0.04296875,0.04296875,23.272727272727273,110,0.009765625,0.009765625,102.4,115,0.00390625,0.00390625,256.0,101,0.09765625,True,0.09765625,10.24,113,0.005859375,True,0.005859375,170.66666666666666,125,0.0,False,0.0,inf
n10_d75_s17,10,0.75,17,2,12,True,16,120,L-BFGS-B,60,0.5291023159998076,84.19152945139834,0.732100256099116,0.0008677748161342613,4096,1,0.000244140625,4.309811523941186e-05,0.0013817030336260863,"[0.45414076671428494, 4.638453291508469, 2.81157900632488, 0.8928333733545193]","[0.43578464887036494, 4.702754102158251, 2.749905619651688, 1.119689321265204]",CONVERGENCE: RELATIVE REDUCTION OF F <= FACTR*EPSMCH,104,0.04296875,0.052750837188603725,18.9570451066896,110,0.009765625,0.014531394350003765,68.81652069402004,115,0.00390625,0.0008677748161342613,1152.3726909416105,101,0.09765625,True,0.1368354856952362,7.308045825387924,113,0.005859375,True,0.005664190505976122,176.5477342163773,125,0.0,False,0.0,inf
n10_d75_s17,10,0.75,17,2,13,True,15,110,L-BFGS-B,60,0.7043314189995726,84.27707286455555,0.7328441118657004,0.005470457504509342,4096,26,0.00634765625,0.004335565780323295,0.009284828906049952,"[0.6172232207417835, 1.8603459919082774, 1.3070625608762538, 2.046511386537388]","[0.2504886706552773, 0.8848469179833985, 2.131719620579227, 1.7956236706427564]",CONVERGENCE: RELATIVE REDUCTION OF F <= FACTR*EPSMCH,104,0.04296875,0.0683296986940725,14.63492477081197,110,0.009765625,0.019238443553780557,51.979256908414996,115,0.00390625,0.005470457504509342,182.80006730254132,101,0.09765625,True,0.13038581352435183,7.669546041626933,113,0.005859375,True,0.008077625008884625,123.79876497115109,125,0.0,False,0.0,inf
n10_d75_s17,10,0.75,17,2,14,True,23,180,L-BFGS-B,60,1.1800589459999173,84.43230143916512,0.7341939255579575,0.007956966923194616,4096,33,0.008056640625,0.00574259628340602,0.011292564593469397,"[2.5245565170711357, 0.4108986443444916, 2.3791948001996066, 2.1813667191535933]","[3.639448106781122, 0.2826068811259116, 3.0189724315660715, 1.926643837694028]",CONVERGENCE: RELATIVE REDUCTION OF F <= FACTR*EPSMCH,104,0.04296875,0.050451365060620645,19.821069237639733,110,0.009765625,0.013353902279783964,74.8844778888241,115,0.00390625,0.007956966923194616,125.67602827215391,101,0.09765625,True,0.11839233732099796,8.446492590890347,113,0.005859375,True,0.010780748350035263,92.75793920157028,125,0.0,False,0.0,inf
n10_d75_s17,10,0.75,17,2,15,True,26,200,L-BFGS-B,60,1.0359514749998198,84.36884152434047,0.7336421002116562,0.002106030494506525,4096,14,0.00341796875,0.0020371496844209867,0.00572936010394854,"[2.6201245279227954, 2.590748952080557, 0.11418870174584239, 1.6903667469455428]","[2.635993316555367, 2.4861591848071756, 0.4614169426057709, 1.3485745501669686]",CONVERGENCE: RELATIVE REDUCTION OF F <= FACTR*EPSMCH,104,0.04296875,0.061397989278445024,16.28717832215834,110,0.009765625,0.013526688675266095,73.92792308649243,115,0.00390625,0.002106030494506525,474.8269327573602,101,0.09765625,True,0.11961730614288531,8.35999432060006,113,0.005859375,True,0.0052847813311034594,189.22258790813595,125,0.0,False,0.0,inf
n10_d75_s17,10,0.75,17,2,16,True,18,160,L-BFGS-B,60,0.8968921689993294,95.83231133509504,0.8333244463921308,0.030891099438467795,4096,137,0.033447265625,0.028363344734976974,0.039405485257930674,"[1.4965619253894826, 2.0855442511449587, 2.4780249573921673, 0.441963153008908]","[0.062480870638319294, 5.965953578242216, 0.29839711763482313, 0.0]",CONVERGENCE: NORM OF PROJECTED GRADIENT <= PGTOL,104,0.04296875,0.22172282506684346,4.510135569932987,110,0.009765625,0.07364038220405911,13.5795058372861,115,0.00390625,0.030891099438467795,32.37178404711387,101,0.09765625,True,0.3995972294108387,2.5025198534894444,113,0.005859375,True,0.04872482797044739,20.523417765713212,125,0.0,False,0.0,inf
n10_d75_s17,10,0.75,17,2,17,True,11,75,L-BFGS-B,60,0.4605174700000134,82.61382189395623,0.7183810599474455,0.00484755290721103,4096,16,0.00390625,0.002405923039438864,0.0063362342319312846,"[6.2019858834633625, 1.479661363217668, 1.8248532714131234, 1.548824566602544]","[1.0312252456445943, 0.0, 2.2825895020953832, 2.940379052617836]",CONVERGENCE: NORM OF PROJECTED GRADIENT <= PGTOL,104,0.04296875,0.06407922011565341,15.60568306223374,110,0.009765625,0.01683657266580417,59.39451097615874,115,0.00390625,0.00484755290721103,206.28965152962832,101,0.09765625,True,0.11861575908870006,8.430582982251176,113,0.005859375,True,0.008400429507736822,119.04153223105995,125,0.0,False,0.0,inf
n10_d75_s17,10,0.75,17,2,18,True,33,270,L-BFGS-B,60,1.6605588870006613,88.36961182806289,0.7684314072005468,0.0010487668460520292,4096,2,0.00048828125,0.00013391454481334652,0.0017787103455524616,"[3.0863352915246107, 4.196087439979895, 2.229235874384856, 0.50588083812229]","[3.052393038845347, 4.328673945903661, 2.691060345585476, 0.11117598945864282]",CONVERGENCE: NORM OF PROJECTED GRADIENT <= PGTOL,104,0.04296875,0.07298874685478351,13.700742143026153,110,0.009765625,0.023286998644786734,42.94241672161003,115,0.00390625,0.0010487668460520292,953.5007745185626,101,0.09765625,True,0.19155010154992233,5.220566274350824,113,0.005859375,True,0.021926115864119113,45.60771302118517,125,0.0,False,0.0,inf
n10_d75_s17,10,0.75,17,2,19,True,23,180,L-BFGS-B,60,1.1341545670002233,88.37635397753135,0.7684900345872292,0.0015300722023957353,4096,4,0.0009765625,0.000379829567061715,0.0025084428063047127,"[3.078686518356651, 5.700747869589973, 1.0856654090332858, 2.3727895131465844]","[3.228987226291022, 5.473397382204141, 0.4669905883075356, 1.465740138926315]",CONVERGENCE: NORM OF PROJECTED GRADIENT <= PGTOL,104,0.04296875,0.08949225826657077,11.174150919527564,110,0.009765625,0.03164242013513776,31.603145262885132,115,0.00390625,0.0015300722023957353,653.5639288356679,101,0.09765625,True,0.1970782348453662,5.07412703784683,113,0.005859375,True,0.03104988347322359,32.20624002864189,125,0.0,False,0.0,inf
n10_d75_s17,10,0.75,17,3,0,True,2,28,L-BFGS-B,60,0.015642235999621334,80.99999999999977,0.7043478260869546,0.003906250000000012,4096,23,0.005615234375,0.003744712895050349,0.00841221056682197,"[5.121618340482637, 6.124201596142994, 4.694362256879786, 0.861842469084762, 0.3976073141025148, 0.35587976897956514]","[6.283185307179586, 6.283185307179586, 6.283185307179586, 3.1415906747493905, 1.95690821901696, 2.6384538538976538e-06]",CONVERGENCE: NORM OF PROJECTED GRADIENT <= PGTOL,104,0.04296875,0.042968749999999424,23.272727272727586,110,0.009765625,0.009765624999999953,102.40000000000049,115,0.00390625,0.003906250000000012,255.9999999999992,101,0.09765625,True,0.0976562499999991,10.240000000000094,113,0.005859375,True,0.005859375000000186,170.66666666666126,125,0.0,False,0.0,inf
n10_d75_s17,10,0.75,17,3,1,True,1,14,L-BFGS-B,60,0.007872130000578181,81.0,0.7043478260869566,0.00390625,4096,13,0.003173828125,0.0018557872990695213,0.005422898747799697,"[1.0568126327817087, 5.698750780891922, 1.7930694286555224, 0.3627238906946187, 1.8000170096730455, 1.0871914072100402]","[0.0, 6.283185307179586, 6.283185307179586, 3.141592653589793, 3.141592653589793, 3.141592653589793]",CONVERGENCE: NORM OF PROJECTED GRADIENT <= PGTOL,104,0.04296875,0.04296875,23.272727272727273,110,0.009765625,0.009765625,102.4,115,0.00390625,0.00390625,256.0,101,0.09765625,True,0.09765625,10.24,113,0.005859375,True,0.005859375,170.66666666666666,125,0.0,False,0.0,inf
n10_d75_s17,10,0.75,17,3,2,True,31,329,L-BFGS-B,60,0.2553321519999372,84.22235099240902,0.7323682694992089,0.006184676051683901,4096,29,0.007080078125,0.004934210809760133,0.010149655101114045,"[1.4652926069820487, 3.9926364486037307, 5.72831551970023, 0.9666309847061497, 2.329465602362861, 2.197009979045669]","[1.3212842104962002, 3.4102982428011313, 5.13229040840323, 1.068404674552601, 2.5853475597624085, 2.6883573093158257]",CONVERGENCE: RELATIVE REDUCTION OF F <= FACTR*EPSMCH,104,0.04296875,0.0727650463258495,13.742862136332535,110,0.009765625,0.009752230099014058,102.54064863595652,115,0.00390625,0.006184676051683901,161.68995621488213,101,0.09765625,True,0.1393021838572774,7.178638355193009,113,0.005859375,True,0.006276461160896124,159.32545018046835,125,0.0,False,0.0,inf
n10_d75_s17,10,0.75,17,3,3,True,31,287,L-BFGS-B,60,0.23228107999966596,84.2102044072476,0.7322626470195444,0.010558406435233219,4096,43,0.010498046875,0.007803362608721715,0.014110035683156804,"[4.06443011446133, 0.5590918521680842, 5.044725543883444, 1.1248827499767953, 0.21385447451636908, 2.4051390717713597]","[4.079787157184293, 0.6533871463512151, 5.03797695757343, 1.2209653448566333, 0.20568941939650115, 2.5730793916761403]",CONVERGENCE: RELATIVE REDUCTION OF F <= FACTR*EPSMCH,104,0.04296875,0.04676072723702646,21.385467230461973,110,0.009765625,0.013404971409808182,74.59918931780172,115,0.00390625,0.010558406435233219,94.7112621714407,101,0.09765625,True,0.10924688929168151,9.15357871042049,113,0.005859375,True,0.01174723762336674,85.12639584397898,125,0.0,False,0.0,inf
n10_d75_s17,10,0.75,17,3,4,True,33,336,L-BFGS-B,60,0.2939808040000571,84.399246708622,0.7339064931184522,0.00037685798565856424,4096,3,0.000732421875,0.0002491200948151938,0.0021513285370509242,"[4.755626930803235, 5.911442158010319, 3.803596599914999, 2.8091376190370014, 1.2178868810678787, 1.52357979765072]","[4.771423722759652, 6.004922063648355, 3.752602484148203, 2.9178725016397946, 1.3821940794181389, 2.0072301551945526]",CONVERGENCE: RELATIVE REDUCTION OF F <= FACTR*EPSMCH,104,0.04296875,0.0556916254038268,17.956021084837754,110,0.009765625,0.01321347231243908,75.68033415853955,115,0.00390625,0.00037685798565856424,2653.5194637112095,101,0.09765625,True,0.15085483390818843,6.628889337471338,113,0.005859375,True,0.012192302768267698,82.01896056933974,125,0.0,False,0.0,inf
n10_d75_s17,10,0.75,17,3,5,True,42,413,L-BFGS-B,60,3.00760788900061,83.2319700140989,0.7237562609921644,0.0016496546885653377,4096,7,0.001708984375,0.0008280858168609898,0.0035236577810063684,"[4.925747257793177, 4.909483026645945, 6.014821026889543, 0.5049480071055737, 2.934134695362117, 1.1322174783076366]","[5.679204445917475, 5.563013390276992, 5.341853907903838, 0.4443909839254012, 2.9886183762788265, 2.5700504005578395]",CONVERGENCE: RELATIVE REDUCTION OF F <= FACTR*EPSMCH,104,0.04296875,0.04394130991162212,22.757628345883884,110,0.009765625,0.005510658022087265,181.46653194444303,115,0.00390625,0.0016496546885653377,606.1874687663721,101,0.09765625,True,0.1142460542433512,8.753037526092042,113,0.005859375,True,0.0031446478454948356,318.0006312734334,125,0.0,False,0.0,inf
n10_d75_s17,10,0.75,17,3,6,True,42,448,L-BFGS-B,60,3.5417001079995316,84.01659154378518,0.7305790569024798,0.005398743801931311,4096,23,0.005615234375,0.003744712895050349,0.00841221056682197,"[0.7216225952230095, 2.2474557026924002, 6.257016330741634, 0.588607874280919, 2.9561653033716166, 1.4268668757220848]","[0.2654944316763527, 0.6219267358198213, 6.2626914451723605, 2.180266987228049, 0.8013266131148703, 0.7039822124313484]",CONVERGENCE: RELATIVE REDUCTION OF F <= FACTR*EPSMCH,104,0.04296875,0.06815365993768639,14.672726320410533,110,0.009765625,0.014862246813030514,67.28457766716991,115,0.00390625,0.005398743801931311,185.22827470387955,101,0.09765625,True,0.13814428492603859,7.238808326637562,113,0.005859375,True,0.011980419073869226,83.46953423199724,125,0.0,False,0.0,inf
n10_d75_s17,10,0.75,17,3,7,True,28,350,L-BFGS-B,60,2.5268589229999634,96.02801969920574,0.8350262582539629,0.03783203761886872,4096,151,0.036865234375,0.03151499527812255,0.043083367095789436,"[0.16089639920467938, 3.6419397325345644, 0.5283521527017215, 2.4770678071462293, 2.427438392020345, 2.1222005988729618]","[0.061930721551152576, 4.345232635442143, 1.3146009289917213, 1.8721085398335895, 1.5269263982436574, 1.5292498071544516]",CONVERGENCE: RELATIVE REDUCTION OF F <= FACTR*EPSMCH,104,0.04296875,0.23278583392272453,4.295794048756246,110,0.009765625,0.07970951984525416,12.545552926944888,115,0.00390625,0.03783203761886872,26.432623325084933,101,0.09765625,True,0.4153596791543373,2.407551936759911,113,0.005859375,True,0.05510520469803519,18.14710616682739,125,0.0,False,0.0,inf
n10_d75_s17,10,0.75,17,3,8,True,24,245,L-BFGS-B,60,1.94191318600042,85.14401154551776,0.7403827090914588,0.002798962286873795,4096,11,0.002685546875,0.0015002563109177591,0.004802782252950839,"[1.852761562686775, 1.699936013775307, 1.2122664890187898, 2.163421289427416, 2.9563016912273037, 0.5107256862831389]","[1.8017287777769082, 1.7090229695640835, 1.4049873246988742, 2.3439479502000595, 3.044390852934264, 0.4022827881895689]",CONVERGENCE: NORM OF PROJECTED GRADIENT <= PGTOL,104,0.04296875,0.06937689160667279,14.414021395905523,110,0.009765625,0.006636327736251996,150.685746657348,115,0.00390625,0.002798962286873795,357.2752675838715,101,0.09765625,True,0.16611799954236142,6.019817254932642,113,0.005859375,True,0.00448344311422578,223.04286561081622,125,0.0,False,0.0,inf
n10_d75_s17,10,0.75,17,3,9,True,35,336,L-BFGS-B,60,2.9854038459998264,83.61721813704676,0.7271062446699719,0.0024693582483852573,4096,13,0.003173828125,0.0018557872990695213,0.005422898747799697,"[0.5141795948374839, 0.728248234013938, 1.0491700891288414, 0.8472978504780257, 1.8720718464270305, 1.242959728407754]","[0.4423763909290568, 0.8120485838583913, 2.732273104641837, 1.1026253506706558, 2.2255275800481735, 1.2291254396118507]",CONVERGENCE: RELATIVE REDUCTION OF F <= FACTR*EPSMCH,104,0.04296875,0.053302624294534286,18.760802366395705,110,0.009765625,0.008534142447246788,117.17638956479001,115,0.00390625,0.0024693582483852573,404.96351659541983,101,0.09765625,True,0.10456397953945673,9.563522777197425,113,0.005859375,True,0.0040511528645035995,246.8433143468984,125,0.0,False,0.0,inf
n10_d75_s17,10,0.75,17,3,10,True,23,210,L-BFGS-B,60,1.3517059380001228,95.88654123921725,0.8337960107758022,0.030405788098465468,4096,138,0.03369140625,0.02858798275530406,0.039668670979103905,"[2.670224912456765, 1.0277582495642617, 3.8297657594512153, 2.5287321154783213, 2.0402252480054797, 1.7236281635934976]","[6.283185307179586, 0.062162122010083525, 4.745815748350637, 1.729943183880714, 1.8697905083129034, 3.1108770224704836]",CONVERGENCE: RELATIVE REDUCTION OF F <= FACTR*EPSMCH,104,0.04296875,0.22726112031134862,4.400224722248997,110,0.009765625,0.07585170104021827,13.183619962191456,115,0.00390625,0.030405788098465468,32.88847494304772,101,0.09765625,True,0.40414598741119123,2.4743534048318225,113,0.005859375,True,0.048246762093639824,20.726779510283986,125,0.0,False,0.0,inf
n10_d75_s17,10,0.75,17,3,11,True,31,301,L-BFGS-B,60,2.6177603229998567,83.73781409338935,0.7281549051599073,0.0015628979296115875,4096,5,0.001220703125,0.0005215205909937573,0.0028545755238729804,"[0.3740436577048024, 5.568475787933553, 1.3665267680936872, 1.0420424754715998, 0.12769909983027783, 2.6247298263755785]","[0.5951448668798266, 5.2852321702243685, 1.2190097585097592, 1.1847020191599094, 0.27579955167415937, 2.5611359504791955]",CONVERGENCE: RELATIVE REDUCTION OF F <= FACTR*EPSMCH,104,0.04296875,0.05036515237096305,19.854998008037967,110,0.009765625,0.01022323164475171,97.81642779398128,115,0.00390625,0.0015628979296115875,639.8370495304966,101,0.09765625,True,0.12167425804645826,8.218665279373843,113,0.005859375,True,0.0049557358198102424,201.786381752345,125,0.0,False,0.0,inf
n10_d75_s17,10,0.75,17,3,12,True,25,371,L-BFGS-B,60,2.4414330419995167,88.12421424451938,0.7662975151697338,0.00038417528232572573,4096,3,0.000732421875,0.0002491200948151938,0.0021513285370509242,"[5.253233822880312, 1.1957085294492231, 0.2615659099471875, 1.8724738896498323, 1.9434988373022153, 0.7313739947537998]","[3.2292827499915626, 5.18473985347726, 0.0, 2.018444971460597, 3.1130779222633644, 3.1143238758552516]",CONVERGENCE: RELATIVE REDUCTION OF F <= FACTR*EPSMCH,104,0.04296875,0.06961756599568177,14.364190785728244,110,0.009765625,0.01954661583156636,51.15975105957077,115,0.00390625,0.00038417528232572573,2602.978499673862,101,0.09765625,True,0.18746557881921905,5.334312604472004,113,0.005859375,True,0.018751070107065494,53.33028964694635,125,0.0,False,0.0,inf
n10_d75_s17,10,0.75,17,3,13,True,1,14,L-BFGS-B,60,0.05627667400040082,81.0,0.7043478260869566,0.00390625,4096,13,0.003173828125,0.0018557872990695213,0.005422898747799697,"[0.05101942243691176, 1.4606372783199821, 1.8201709906552062, 2.579620485406526, 0.34120031690872693, 3.0499591821196086]","[0.0, 0.0, 6.283185307179586, 0.0, 3.141592653589793, 0.0]",CONVERGENCE: NORM OF PROJECTED GRADIENT <= PGTOL,104,0.04296875,0.04296875,23.272727272727273,110,0.009765625,0.009765625,102.4,115,0.00390625,0.00390625,256.0,101,0.09765625,True,0.09765625,10.24,113,0.005859375,True,0.005859375,170.66666666666666,125,0.0,False,0.0,inf
n10_d75_s17,10,0.75,17,3,14,True,40,441,L-BFGS-B,60,3.590266561000135,88.16032146194416,0.7666114909734275,0.0010796966977865304,4096,0,0.0,0.0,0.0009369774073651883,"[2.715712401458775, 5.633517741245666, 1.5640109561212796, 0.3553150135080984, 0.8465015022575435, 2.678364413709919]","[3.6202741482031846, 4.27333819853549, 1.4447834249292903, 0.0, 1.6101342471027438, 2.6895310763742826]",CONVERGENCE: RELATIVE REDUCTION OF F <= FACTR*EPSMCH,104,0.04296875,0.0826551704181713,12.098456695942584,110,0.009765625,0.02662736339341237,37.555351809537434,115,0.00390625,0.0010796966977865304,926.1860317347313,101,0.09765625,True,0.19698856062204584,5.07643691005317,113,0.005859375,True,0.02586652083982746,38.66001176548915,125,0.0,False,0.0,inf
n10_d75_s17,10,0.75,17,3,15,True,1,14,L-BFGS-B,60,0.04826091599989013,81.0,0.7043478260869566,0.00390625,4096,19,0.004638671875,0.00297171178976659,0.007233916706104488,"[5.260820198418241, 1.1932622587320014, 4.649200589876012, 0.012844022803722287, 1.3894678560290408, 1.4742277208793044]","[6.283185307179586, 6.283185307179586, 0.0, 0.0, 3.141592653589793, 0.0]",CONVERGENCE: NORM OF PROJECTED GRADIENT <= PGTOL,104,0.04296875,0.04296875,23.272727272727273,110,0.009765625,0.009765625,102.4,115,0.00390625,0.00390625,256.0,101,0.09765625,True,0.09765625,10.24,113,0.005859375,True,0.005859375,170.66666666666666,125,0.0,False,0.0,inf
n10_d75_s17,10,0.75,17,3,16,True,35,315,L-BFGS-B,60,2.571705729000314,82.58121963668043,0.7180975620580907,0.0017613744264984767,4096,4,0.0009765625,0.000379829567061715,0.0025084428063047127,"[0.4671357194036043, 1.9304664534883975, 0.7554649956595043, 2.2784509996937605, 2.2755433124863904, 2.102139268167005]","[0.49709102735452215, 2.2028123347629025, 1.119941384713123, 2.326782754051687, 2.157056931973767, 2.2014913691113662]",CONVERGENCE: RELATIVE REDUCTION OF F <= FACTR*EPSMCH,104,0.04296875,0.05337385016337499,18.73576661490682,110,0.009765625,0.007568314479877337,132.12981604540929,115,0.00390625,0.0017613744264984767,567.7384575112455,101,0.09765625,True,0.13076506611583502,7.647302369840692,113,0.005859375,True,0.003602919694482081,277.5526752737546,125,0.0,False,0.0,inf
n10_d75_s17,10,0.75,17,3,17,True,30,294,L-BFGS-B,60,2.496053247000418,84.60969428547969,0.7357364720476495,0.005557470146975954,4096,25,0.006103515625,0.004137683601119058,0.00899488734375388,"[0.6654651170578267, 0.9728905296764625, 0.3290065697856064, 2.0655033996338417, 0.42279849067150327, 1.465073221878723]","[1.3574423584716773, 0.08525093517238166, 6.125612490973379, 0.9806873491991288, 1.0357524613943796, 2.6821349051065444]",CONVERGENCE: RELATIVE REDUCTION OF F <= FACTR*EPSMCH,104,0.04296875,0.0802387829161283,12.462801199829716,110,0.009765625,0.011670612784976886,85.68530362752333,115,0.00390625,0.005557470146975954,179.93798860874506,101,0.09765625,True,0.16295313382983231,6.136733774290428,113,0.005859375,True,0.006648251161113292,150.41549661197573,125,0.0,False,0.0,inf
n10_d75_s17,10,0.75,17,3,18,True,28,273,L-BFGS-B,60,2.239043672000662,84.60237192464379,0.7356727993447286,0.004079117064430727,4096,15,0.003662109375,0.0022205922771783033,0.006033741252691535,"[3.441431441374774, 3.8527930432813156, 3.470978423912862, 0.3439279957534356, 0.5514565399928893, 2.129255258912802]","[5.2046961130872065, 2.2516158484080666, 2.4564611463320523, 0.12805971587817208, 0.14344729050358254, 2.632488908184868]",CONVERGENCE: NORM OF PROJECTED GRADIENT <= PGTOL,104,0.04296875,0.0544092598785791,18.379224459800078,110,0.009765625,0.010851631381137676,92.15204284751155,115,0.00390625,0.004079117064430727,245.1510913280342,101,0.09765625,True,0.12457254326879087,8.0274511040711,113,0.005859375,True,0.007553961374862126,132.38087281300824,125,0.0,False,0.0,inf
n10_d75_s17,10,0.75,17,3,19,True,30,294,L-BFGS-B,60,1.9726903579994541,84.01624965888851,0.7305760839903349,0.0008356639348206026,4096,4,0.0009765625,0.000379829567061715,0.0025084428063047127,"[1.1752157593039751, 1.4370096309292548, 2.8266026164341436, 0.03673960367471487, 1.8198012826428955, 0.89369656132851]","[1.0786466986052266, 1.3762016665751124, 2.816888518545393, 0.0913788758066345, 1.8806456899726232, 1.2289122115647462]",CONVERGENCE: NORM OF PROJECTED GRADIENT <= PGTOL,104,0.04296875,0.06508380823274094,15.364804659616427,110,0.009765625,0.02011190090442259,49.72180425670757,115,0.00390625,0.0008356639348206026,1196.6532936648468,101,0.09765625,True,0.13481962346720722,7.41731785242105,113,0.005859375,True,0.001378986044615287,725.1705003867407,125,0.0,False,0.0,inf
n10_d75_s42,10,0.75,42,1,0,True,12,66,L-BFGS-B,60,0.016019730000152776,93.18972888607249,0.6954457379557648,0.003681933299282259,4096,17,0.004150390625,0.0025929778542005417,0.0066370031586699164,"[5.462088010941584, 3.1285215519764336]","[0.9727364542618362, 2.530259252957837]",CONVERGENCE: RELATIVE REDUCTION OF F <= FACTR*EPSMCH,121,0.017578125,0.020526878045918014,48.71661427339461,128,0.001953125,0.003681933299282259,271.59644640899273,134,0.001953125,0.003681933299282259,271.59644640899273,106,0.17578125,True,0.1950385413643584,5.127191748895746,115,0.05859375,True,0.0595441212970492,16.794269160699773,124,0.009765625,True,0.010723028056415321,93.2572399082482
n10_d75_s42,10,0.75,42,1,1,True,5,30,L-BFGS-B,60,0.029843146000530396,99.15711242783158,0.739978450953967,0.0026248234679384576,4096,6,0.00146484375,0.0006715185421635897,0.0031924013142034585,"[1.8253165235399285, 3.072013946334654]","[3.0682817646489644, 2.0823613049152607]",CONVERGENCE: NORM OF PROJECTED GRADIENT <= PGTOL,121,0.017578125,0.011024409819395448,90.70780353617492,128,0.001953125,0.0026248234679384576,380.9780018407875,134,0.001953125,0.0026248234679384576,380.9780018407875,106,0.17578125,True,0.27392865557986995,3.6505855799683866,115,0.05859375,True,0.0891783185684823,11.213487942498878,124,0.009765625,True,0.006758157549000028,147.96932340649047
n10_d75_s42,10,0.75,42,1,2,True,8,36,L-BFGS-B,60,0.008445037999990745,92.05637737607506,0.6869878908662318,0.008477981435808302,4096,29,0.007080078125,0.004934210809760133,0.010149655101114045,"[2.7200697019401296, 1.6625503735313212]","[2.7451576975535117, 1.9785185665261016]",CONVERGENCE: NORM OF PROJECTED GRADIENT <= PGTOL,121,0.017578125,0.04147676681503875,24.10988311744245,128,0.001953125,0.008477981435808302,117.95260553134942,134,0.001953125,0.008477981435808302,117.95260553134942,106,0.17578125,True,0.21463573059010782,4.659056519856477,115,0.05859375,True,0.08699933159128811,11.494341182963035,124,0.009765625,True,0.01723568571774011,58.0191595725567
n10_d75_s42,10,0.75,42,1,3,True,14,84,L-BFGS-B,60,0.019641189000140002,93.5346210789157,0.6980195602904157,0.0019089737051060593,4096,11,0.002685546875,0.0015002563109177591,0.004802782252950839,"[4.273887821434153, 2.2788429669781625]","[4.4450706840196235, 2.0594054290972283]",CONVERGENCE: RELATIVE REDUCTION OF F <= FACTR*EPSMCH,121,0.017578125,0.015604711517982666,64.0832096670043,128,0.001953125,0.0019089737051060593,523.8416837933562,134,0.001953125,0.0019089737051060593,523.8416837933562,106,0.17578125,True,0.22255884749876492,4.493193648504805,115,0.05859375,True,0.06765675246630869,14.780490690829037,124,0.009765625,True,0.007741998453219001,129.1656160928598
n10_d75_s42,10,0.75,42,1,4,True,1,6,L-BFGS-B,60,0.0015067399999679765,91.0,0.6791044776119403,0.001953125,4096,12,0.0029296875,0.0016767322242621596,0.005114130081106749,"[3.343519270699475, 0.18583003406864762]","[0.0, 0.0]",CONVERGENCE: NORM OF PROJECTED GRADIENT <= PGTOL,121,0.017578125,0.017578125,56.888888888888886,128,0.001953125,0.001953125,512.0,134,0.001953125,0.001953125,512.0,106,0.17578125,True,0.17578125,5.688888888888889,115,0.05859375,True,0.05859375,17.066666666666666,124,0.009765625,True,0.009765625,102.4
n10_d75_s42,10,0.75,42,1,5,True,8,48,L-BFGS-B,60,0.23101136199966277,93.05713016933149,0.6944561952935185,0.0010186193999046256,4096,4,0.0009765625,0.000379829567061715,0.0025084428063047127,"[4.149708338279546, 2.380549952120716]","[4.099517889301034, 2.315145598166811]",CONVERGENCE: NORM OF PROJECTED GRADIENT <= PGTOL,121,0.017578125,0.008968079578986895,111.5065930439667,128,0.001953125,0.0010186193999046256,981.7209451279164,134,0.001953125,0.0010186193999046256,981.7209451279164,106,0.17578125,True,0.21092783950729294,4.74095786661402,115,0.05859375,True,0.06887551256950243,14.518948210961012,124,0.009765625,True,0.005117405475641479,195.41152342919392
n10_d75_s42,10,0.75,42,1,6,True,10,42,L-BFGS-B,60,0.41150472099980107,93.61518786731367,0.6986208049799527,0.005103173902980244,4096,16,0.00390625,0.002405923039438864,0.0063362342319312846,"[1.0683016718017357, 0.4233900933979251]","[1.3630168768445532, 0.4338602407106107]",CONVERGENCE: RELATIVE REDUCTION OF F <= FACTR*EPSMCH,121,0.017578125,0.026614156588786596,37.573987988833444,128,0.001953125,0.005103173902980244,195.95648100802558,134,0.001953125,0.005103173902980244,195.95648100802558,106,0.17578125,True,0.2356551033675411,4.243489683481809,115,0.05859375,True,0.07389658688911213,13.532424731612865,124,0.009765625,True,0.016105772476921906,62.08953972452475
n10_d75_s42,10,0.75,42,1,7,True,11,63,L-BFGS-B,60,0.383057344000008,92.87457808244098,0.693093866286873,0.00015462363169459474,4096,0,0.0,0.0,0.0009369774073651883,"[2.4266702459283436, 1.8796700269090818]","[2.4698801847550045, 1.879600499355454]",CONVERGENCE: RELATIVE REDUCTION OF F <= FACTR*EPSMCH,121,0.017578125,0.01987466418054898,50.31531556536609,128,0.001953125,0.00015462363169459474,6467.316729276884,134,0.001953125,0.00015462363169459474,6467.316729276884,106,0.17578125,True,0.2012123903458195,4.969872870558921,115,0.05859375,True,0.059325124842536985,16.85626457009974,124,0.009765625,True,0.008164866974540969,122.47596967814903
n10_d75_s42,10,0.75,42,1,8,True,1,6,L-BFGS-B,60,0.0015972560004229308,91.0,0.6791044776119403,0.001953125,4096,7,0.001708984375,0.0008280858168609898,0.0035236577810063684,"[6.101472212225299, 2.0681616855564044]","[0.0, 0.0]",CONVERGENCE: NORM OF PROJECTED GRADIENT <= PGTOL,121,0.017578125,0.017578125,56.888888888888886,128,0.001953125,0.001953125,512.0,134,0.001953125,0.001953125,512.0,106,0.17578125,True,0.17578125,5.688888888888889,115,0.05859375,True,0.05859375,17.066666666666666,124,0.009765625,True,0.009765625,102.4
n10_d75_s42,10,0.75,42,1,9,True,13,54,L-BFGS-B,60,0.5258518419996108,92.53860855785751,0.6905866310287875,0.000928061125733137,4096,3,0.000732421875,0.0002491200948151938,0.0021513285370509242,"[5.695006739314289, 0.22295517814121915]","[5.7006860052969275, 0.7778578283525099]",CONVERGENCE: NORM OF PROJECTED GRADIENT <= PGTOL,121,0.017578125,0.01982994802183396,50.42877565281262,128,0.001953125,0.000928061125733137,1077.5152328571394,134,0.001953125,0.000928061125733137,1077.5152328571394,106,0.17578125,True,0.19563357770701134,5.1115969544739395,115,0.05859375,True,0.0713213051080004,14.021055818955084,124,0.009765625,True,0.012183161687544679,82.08049976241709
n10_d75_s42,10,0.75,42,1,10,True,11,66,L-BFGS-B,60,0.47420762999990984,92.9394892537023,0.6935782780127038,0.0003978051064020938,4096,0,0.0,0.0,0.0009369774073651883,"[1.5672696580791685, 0.6702562448774848]","[5.613070570220174, 1.2158071627355198]",CONVERGENCE: NORM OF PROJECTED GRADIENT <= PGTOL,121,0.017578125,0.008875227905248553,112.6731629515259,128,0.001953125,0.0003978051064020938,2513.7937746561233,134,0.001953125,0.0003978051064020938,2513.7937746561233,106,0.17578125,True,0.20138219743013108,4.9656822338873665,115,0.05859375,True,0.06752146231300671,14.810105790723808,124,0.009765625,True,0.003418818010008021,292.4987516365792
n10_d75_s42,10,0.75,42,1,11,True,1,6,L-BFGS-B,60,0.002655015000527783,91.0,0.6791044776119403,0.001953125,4096,10,0.00244140625,0.0013266895763215114,0.004488525246046777,"[3.9435163842053664, 1.2856340119020226]","[6.283185307179586, 3.141592653589793]",CONVERGENCE: NORM OF PROJECTED GRADIENT <= PGTOL,121,0.017578125,0.017578125,56.888888888888886,128,0.001953125,0.001953125,512.0,134,0.001953125,0.001953125,512.0,106,0.17578125,True,0.17578125,5.688888888888889,115,0.05859375,True,0.05859375,17.066666666666666,124,0.009765625,True,0.009765625,102.4
n10_d75_s42,10,0.75,42,1,12,True,11,51,L-BFGS-B,60,0.3514860810000755,93.5346210789136,0.6980195602904,0.0019089794895609667,4096,4,0.0009765625,0.000379829567061715,0.0025084428063047127,"[4.4192165615689625, 1.6654685321994493]","[4.445070706171359, 2.059405035070074]",CONVERGENCE: NORM OF PROJECTED GRADIENT <= PGTOL,121,0.017578125,0.015604717631552625,64.08318456067461,128,0.001953125,0.0019089794895609667,523.8400964852605,134,0.001953125,0.0019089794895609667,523.8400964852605,106,0.17578125,True,0.22255885991155866,4.493193397905543,115,0.05859375,True,0.06765676969307413,14.780486927420771,124,0.009765625,True,0.007742003763283133,129.16552750110424
n10_d75_s42,10,0.75,42,1,13,True,11,51,L-BFGS-B,60,0.4817800399996486,93.5346210789144,0.6980195602904059,0.0019089685025254727,4096,11,0.002685546875,0.0015002563109177591,0.004802782252950839,"[4.268423006371334, 0.43820575166014386]","[4.445070685695947, 0.48860943811429736]",CONVERGENCE: NORM OF PROJECTED GRADIENT <= PGTOL,121,0.017578125,0.015604704660275928,64.08323782927127,128,0.001953125,0.0019089685025254727,523.8431114379564,134,0.001953125,0.0019089685025254727,523.8431114379564,106,0.17578125,True,0.2225588417414235,4.493193764738559,115,0.05859375,True,0.06765673951946992,14.780493519233586,124,0.009765625,True,0.007741992322701791,129.16571837299642
n10_d75_s42,10,0.75,42,1,14,True,8,39,L-BFGS-B,60,0.3001314130005994,99.15711242783166,0.7399784509539676,0.0026248218665187255,4096,11,0.002685546875,0.0015002563109177591,0.004802782252950839,"[3.2167086498661397, 2.445274860876527]","[3.2149035311895378, 2.630027534964058]",CONVERGENCE: NORM OF PROJECTED GRADIENT <= PGTOL,121,0.017578125,0.011024404883423803,90.70784414890197,128,0.001953125,0.0026248218665187255,380.97823427777587,134,0.001953125,0.0026248218665187255,380.97823427777587,106,0.17578125,True,0.27392866071110755,3.650585511585539,115,0.05859375,True,0.08917830803963443,11.213489266420705,124,0.009765625,True,0.006758154876046104,147.96938193062772
n10_d75_s42,10,0.75,42,1,15,True,11,45,L-BFGS-B,60,0.350065748999441,91.94828012582437,0.6861811949688386,3.151592533162626e-06,4096,0,0.0,0.0,0.0009369774073651883,"[2.649815276563811, 2.1509458765109977]","[2.6474607546975917, 2.160396317566591]",CONVERGENCE: RELATIVE REDUCTION OF F <= FACTR*EPSMCH,121,0.017578125,0.020862734366956757,47.93235548183178,128,0.001953125,3.151592533162626e-06,317299.901391916,134,0.001953125,3.151592533162626e-06,317299.901391916,106,0.17578125,True,0.211802230229854,4.721385600684047,115,0.05859375,True,0.06767484782130673,14.776538584031515,124,0.009765625,True,0.0030028847249015545,333.0131162569964
n10_d75_s42,10,0.75,42,1,16,True,10,42,L-BFGS-B,60,0.34691575200031366,92.0563773760758,0.6869878908662373,0.008477981883869027,4096,25,0.006103515625,0.004137683601119058,0.00899488734375388,"[3.5475102105093375, 2.637974091081476]","[3.5380275994460373, 2.7338700901058415]",CONVERGENCE: RELATIVE REDUCTION OF F <= FACTR*EPSMCH,121,0.017578125,0.04147675275459526,24.1098912905907,128,0.001953125,0.008477981883869027,117.9525992975628,134,0.001953125,0.008477981883869027,117.9525992975628,106,0.17578125,True,0.21463571074735965,4.659056950579234,115,0.05859375,True,0.08699931682369846,11.494343134055528,124,0.009765625,True,0.0172356863269184,58.019157521926886
n10_d75_s42,10,0.75,42,1,17,True,8,57,L-BFGS-B,60,0.30605243100035295,94.19383047265916,0.7029390333780534,0.0007427282060670084,4096,2,0.00048828125,0.00013391454481334652,0.0017787103455524616,"[6.050183095153538, 0.15304554004359155]","[5.487239380271681, 0.3271446945651241]",CONVERGENCE: RELATIVE REDUCTION OF F <= FACTR*EPSMCH,121,0.017578125,0.032205497982862555,31.050598892528473,128,0.001953125,0.0007427282060670084,1346.3875369636637,134,0.001953125,0.0007427282060670084,1346.3875369636637,106,0.17578125,True,0.19952523430472033,5.011897384732665,115,0.05859375,True,0.07233976443621148,13.823655741674283,124,0.009765625,True,0.021598740133980984,46.298996783924196
n10_d75_s42,10,0.75,42,1,18,True,11,57,L-BFGS-B,60,0.4450833499995497,93.18972888606883,0.6954457379557376,0.003681934925924203,4096,13,0.003173828125,0.0018557872990695213,0.005422898747799697,"[3.3870977754223617, 1.9018118636609527]","[5.310448809675881, 0.6113337434742684]",CONVERGENCE: RELATIVE REDUCTION OF F <= FACTR*EPSMCH,121,0.017578125,0.0205268720355479,48.716628537861304,128,0.001953125,0.003681934925924203,271.5963264204051,134,0.001953125,0.003681934925924203,271.5963264204051,106,0.17578125,True,0.19503855600885775,5.127191363919781,115,0.05859375,True,0.05954410057263532,16.794275005970448,124,0.009765625,True,0.010723024501972472,93.25727082093795
n10_d75_s42,10,0.75,42,1,19,True,7,78,L-BFGS-B,60,0.3850116430003254,99.15711242783195,0.7399784509539697,0.002624822956999159,4096,14,0.00341796875,0.0020371496844209867,0.00572936010394854,"[3.005379919620881, 2.085067432935474]","[3.0682817645376232, 2.0823613829499825]",CONVERGENCE: RELATIVE REDUCTION OF F <= FACTR*EPSMCH,121,0.017578125,0.011024406874127134,90.70782776957113,128,0.001953125,0.002624822956999159,380.97807600069706,134,0.001953125,0.002624822956999159,380.97807600069706,106,0.17578125,True,0.27392866550994166,3.6505854476325594,115,0.05859375,True,0.08917831410504813,11.213488503741436,124,0.009765625,True,0.0067581562553858995,147.9693517300746
n10_d75_s42,10,0.75,42,2,0,True,26,180,L-BFGS-B,60,0.09704052300003241,94.9254210915668,0.7083986648624389,0.0048344443137568515,4096,23,0.005615234375,0.003744712895050349,0.00841221056682197,"[3.9788593246508936, 3.352700131126649, 1.8534304379174287, 1.2865173798849052]","[3.9348040353973106, 3.344711876492015, 1.9384635443725813, 1.5288630955802185]",CONVERGENCE: RELATIVE REDUCTION OF F <= FACTR*EPSMCH,121,0.017578125,0.03328237033989029,30.04593692659741,128,0.001953125,0.0048344443137568515,206.84900582149822,134,0.001953125,0.0048344443137568515,206.84900582149822,106,0.17578125,True,0.22704705205180487,4.404373414951153,115,0.05859375,True,0.07409477053613506,13.496229123380752,124,0.009765625,True,0.026886429449728695,37.19348461162405
n10_d75_s42,10,0.75,42,2,1,True,12,90,L-BFGS-B,60,0.03499842600012926,93.61518786731494,0.6986208049799623,0.005103174500504299,4096,20,0.0048828125,0.0031631598704827783,0.007530292366888611,"[5.393562097239297, 3.5244209328267306, 2.1822522402926148, 1.3187578854405508]","[1.3630168579653092, 0.0, 2.01202603506019, 1.5634265296554613]",CONVERGENCE: NORM OF PROJECTED GRADIENT <= PGTOL,121,0.017578125,0.026614155213014405,37.57398993115501,128,0.001953125,0.005103174500504299,195.95645806373648,134,0.001953125,0.005103174500504299,195.95645806373648,106,0.17578125,True,0.2356551030566738,4.24348968907966,115,0.05859375,True,0.07389659333707126,13.532423550820658,124,0.009765625,True,0.01610577067016908,62.08954668975812
n10_d75_s42,10,0.75,42,2,2,True,1,10,L-BFGS-B,60,0.003984598999522859,91.0,0.6791044776119403,0.001953125,4096,11,0.002685546875,0.0015002563109177591,0.004802782252950839,"[2.338932354851095, 3.9623404886794003, 2.307827435181916, 1.2695582267890704]","[0.0, 0.0, 3.141592653589793, 0.0]",CONVERGENCE: NORM OF PROJECTED GRADIENT <= PGTOL,121,0.017578125,0.017578125,56.888888888888886,128,0.001953125,0.001953125,512.0,134,0.001953125,0.001953125,512.0,106,0.17578125,True,0.17578125,5.688888888888889,115,0.05859375,True,0.05859375,17.066666666666666,124,0.009765625,True,0.009765625,102.4
n10_d75_s42,10,0.75,42,2,3,True,19,125,L-BFGS-B,60,0.06958789399959642,94.67721158180075,0.7065463550880653,0.001606630948489903,4096,4,0.0009765625,0.000379829567061715,0.0025084428063047127,"[0.8124962826764472, 0.25228052175002325, 3.0123910998772128, 0.24010285188720348]","[0.7877427912234648, 0.5764370727453508, 2.883725042334524, 0.21288589194356053]",CONVERGENCE: RELATIVE REDUCTION OF F <= FACTR*EPSMCH,121,0.017578125,0.02695325413334454,37.1012715219004,128,0.001953125,0.001606630948489903,622.4204761771304,134,0.001953125,0.001606630948489903,622.4204761771304,106,0.17578125,True,0.22617932584389228,4.421270583723441,115,0.05859375,True,0.07299392667127028,13.699769906933787,124,0.009765625,True,0.017148820129982235,58.31304966874335
n10_d75_s42,10,0.75,42,2,4,True,14,105,L-BFGS-B,60,0.06805967099990085,92.54460291396154,0.6906313650295637,0.0003127528453602666,4096,0,0.0,0.0,0.0009369774073651883,"[0.24940856606367354, 4.746069727295479, 0.46855041004497155, 2.616614484361655]","[0.24485121808066437, 4.392298633544755, 0.656185769602718, 2.6901641966905863]",CONVERGENCE: RELATIVE REDUCTION OF F <= FACTR*EPSMCH,121,0.017578125,0.023232904972210613,43.04240047450467,128,0.001953125,0.0003127528453602666,3197.4129567009336,134,0.001953125,0.0003127528453602666,3197.4129567009336,106,0.17578125,True,0.180624940852804,5.536333992850556,115,0.05859375,True,0.0562952795595887,17.763478711238967,124,0.009765625,True,0.015065135222161886,66.37842842120187
n10_d75_s42,10,0.75,42,2,5,True,20,170,L-BFGS-B,60,1.0447979600003237,93.90311492296036,0.7007695143504504,0.007609086177244811,4096,36,0.0087890625,0.006355424717037815,0.012143207384338531,"[4.313279137728487, 2.04625515345191, 0.7899682433730101, 1.8751349028799464]","[4.938416112354127, 0.3635996868055475, 0.22293176241504747, 0.7107295238264842]",CONVERGENCE: RELATIVE REDUCTION OF F <= FACTR*EPSMCH,121,0.017578125,0.020688888659269464,48.33512405954968,128,0.001953125,0.007609086177244811,131.42182605192835,134,0.001953125,0.007609086177244811,131.42182605192835,106,0.17578125,True,0.2144795230990228,4.662449755347093,115,0.05859375,True,0.06222849825983446,16.069807692040232,124,0.009765625,True,0.015526807843755463,64.40473856976196
n10_d75_s42,10,0.75,42,2,6,True,23,145,L-BFGS-B,60,0.9260313669992684,92.91119080697712,0.6933670955744561,0.002263187240533485,4096,6,0.00146484375,0.0006715185421635897,0.0031924013142034585,"[0.5739830762340831, 2.877672507729975, 2.644090956244936, 1.048703769673665]","[0.5406681367193205, 2.9054529099571553, 2.5476499519666613, 0.7906984107080522]",CONVERGENCE: NORM OF PROJECTED GRADIENT <= PGTOL,121,0.017578125,0.020267422455230135,49.34026525617438,128,0.001953125,0.002263187240533485,441.8547356975542,134,0.001953125,0.002263187240533485,441.8547356975542,106,0.17578125,True,0.2281641473918561,4.382809531782263,115,0.05859375,True,0.0713449472280813,14.016409554598438,124,0.009765625,True,0.012012962172969505,83.24341537094911
n10_d75_s42,10,0.75,42,2,7,True,12,160,L-BFGS-B,60,0.9131160510005429,92.89815024123442,0.6932697779196598,0.0025101010313392917,4096,9,0.002197265625,0.0011564392881765655,0.0041709517926914125,"[0.3467411236916073, 4.655393170607794, 2.358892459405396, 0.16313811518461444]","[5.799187650964777, 6.283185307179586, 2.726667890632968, 0.043616433922057225]",CONVERGENCE: RELATIVE REDUCTION OF F <= FACTR*EPSMCH,121,0.017578125,0.026165929591148784,38.217637042724164,128,0.001953125,0.0025101010313392917,398.39033868148294,134,0.001953125,0.0025101010313392917,398.39033868148294,106,0.17578125,True,0.1955290146976712,5.114330482083232,115,0.05859375,True,0.05797787909437608,17.247957593829973,124,0.009765625,True,0.01514723413687494,66.01865337022593
n10_d75_s42,10,0.75,42,2,8,True,21,150,L-BFGS-B,60,0.8481306949997816,93.84565496698869,0.7003407087088708,0.003775405300190907,4096,18,0.00439453125,0.002781615150444107,0.006936189603926662,"[4.977630484493746, 2.4251514324270813, 2.443930106440362, 2.9076235317714727]","[4.926239936028199, 2.2270090664530855, 2.676986193527676, 2.9916577246323284]",CONVERGENCE: RELATIVE REDUCTION OF F <= FACTR*EPSMCH,121,0.017578125,0.029386225136463513,34.029549401333725,128,0.001953125,0.003775405300190907,264.8722244336082,134,0.001953125,0.003775405300190907,264.8722244336082,106,0.17578125,True,0.24088300342875912,4.151392940829671,115,0.05859375,True,0.07900254050606505,12.657820794044335,124,0.009765625,True,0.020072186916323963,49.82018173549077
n10_d75_s42,10,0.75,42,2,9,True,20,125,L-BFGS-B,60,0.8626040789995386,99.41341132721939,0.7418911293076074,0.0030104095938488225,4096,19,0.004638671875,0.00297171178976659,0.007233916706104488,"[3.064298248231177, 5.150437903654491, 1.8009205320705424, 1.4603771626389093]","[3.0692592266385144, 5.276651662595086, 2.080838973285126, 1.6612160287223372]",CONVERGENCE: RELATIVE REDUCTION OF F <= FACTR*EPSMCH,121,0.017578125,0.01078056271081061,92.75953647551373,128,0.001953125,0.0030104095938488225,332.18071123720256,134,0.001953125,0.0030104095938488225,332.18071123720256,106,0.17578125,True,0.29462394361331745,3.3941572695546474,115,0.05859375,True,0.09820140704250845,10.183153481366412,124,0.009765625,True,0.006317757454587399,158.2840125136314
n10_d75_s42,10,0.75,42,2,10,True,13,120,L-BFGS-B,60,0.6424583640000492,93.27144798894794,0.6960555820070742,0.002287278394807895,4096,9,0.002197265625,0.0011564392881765655,0.0041709517926914125,"[2.1914052056298687, 3.0251101457466705, 1.6849451777453515, 2.1807246518361607]","[2.226070440512078, 3.0831718347836397, 1.6756377731661802, 2.1889983539703812]",CONVERGENCE: RELATIVE REDUCTION OF F <= FACTR*EPSMCH,121,0.017578125,0.02273819108601837,43.978872207424466,128,0.001953125,0.002287278394807895,437.2008244689377,134,0.001953125,0.002287278394807895,437.2008244689377,106,0.17578125,True,0.21554753508643687,4.639347880266825,115,0.05859375,True,0.06402964528072913,15.617765733601026,124,0.009765625,True,0.011018913889843437,90.75304608031641
n10_d75_s42,10,0.75,42,2,11,True,14,140,L-BFGS-B,60,0.7299683360006384,95.19205226785999,0.7103884497601491,0.0009209828597691799,4096,8,0.001953125,0.0009900179449591885,0.0038495493944084797,"[4.328456070446426, 5.025254551417274, 2.2544784285243686, 1.9803318024698935]","[2.456010575237922, 3.0346878884200947, 1.7685989694020248, 1.880424849209873]",CONVERGENCE: RELATIVE REDUCTION OF F <= FACTR*EPSMCH,121,0.017578125,0.027699837207291852,36.10129519955282,128,0.001953125,0.0009209828597691799,1085.7965372456808,134,0.001953125,0.0009209828597691799,1085.7965372456808,106,0.17578125,True,0.21983867538326002,4.548790144666905,115,0.05859375,True,0.07768164128918338,12.873054474703059,124,0.009765625,True,0.016402661665982258,60.96571522132386
n10_d75_s42,10,0.75,42,2,12,True,23,155,L-BFGS-B,60,0.9975339040001927,113.22108642025388,0.8449334807481633,0.07377007155113693,4096,305,0.074462890625,0.0668158810089637,0.08290733755599604,"[5.931425606955777, 0.1725195557050548, 2.0732459728717516, 1.6867649076272848]","[6.2019106224279605, 0.021337864607305676, 1.9912611980805044, 0.8066620016670966]",CONVERGENCE: RELATIVE REDUCTION OF F <= FACTR*EPSMCH,121,0.017578125,0.2551280358780913,3.919600590183015,128,0.001953125,0.07377007155113693,13.555632778623599,134,0.001953125,0.07377007155113693,13.555632778623599,106,0.17578125,True,0.7848008019400748,1.274208687768845,115,0.05859375,True,0.5077183653046452,1.9695958790066064,124,0.009765625,True,0.1792784867173619,5.577914106205788
n10_d75_s42,10,0.75,42,2,13,True,1,10,L-BFGS-B,60,0.021394848999989335,91.0,0.6791044776119403,0.001953125,4096,7,0.001708984375,0.0008280858168609898,0.0035236577810063684,"[5.6511845043773725, 2.3368049184312283, 0.3696743896877385, 2.6269285328370477]","[0.0, 0.0, 3.141592653589793, 3.141592653589793]",CONVERGENCE: NORM OF PROJECTED GRADIENT <= PGTOL,121,0.017578125,0.017578125,56.888888888888886,128,0.001953125,0.001953125,512.0,134,0.001953125,0.001953125,512.0,106,0.17578125,True,0.17578125,5.688888888888889,115,0.05859375,True,0.05859375,17.066666666666666,124,0.009765625,True,0.009765625,102.4
n10_d75_s42,10,0.75,42,2,14,True,15,115,L-BFGS-B,60,0.5603023690000555,99.15711242783159,0.7399784509539671,0.0026248233887897175,4096,9,0.002197265625,0.0011564392881765655,0.0041709517926914125,"[2.989557589273759, 6.19703336174955, 2.0238516174891528, 3.1025805425209545]","[3.0682817665177415, 6.283185307179586, 2.0823613002122703, 3.141592653589793]",CONVERGENCE: NORM OF PROJECTED GRADIENT <= PGTOL,121,0.017578125,0.01102441005613166,90.70780158833176,128,0.001953125,0.0026248233887897175,380.97801332877145,134,0.001953125,0.0026248233887897175,380.97801332877145,106,0.17578125,True,0.2739286529246434,3.650585615353994,115,0.05859375,True,0.08917831843540086,11.213487959232845,124,0.009765625,True,0.0067581575715063655,147.96932291371598
n10_d75_s42,10,0.75,42,2,15,True,10,75,L-BFGS-B,60,0.4996826550004698,92.87457808244153,0.6930938662868771,0.00015462392377135756,4096,0,0.0,0.0,0.0009369774073651883,"[2.8481142721810104, 2.826874648418657, 1.3019617865159274, 2.037275833016778]","[3.813305105728088, 6.283185307179586, 1.2376986797435723, 1.5950899364054254]",CONVERGENCE: NORM OF PROJECTED GRADIENT <= PGTOL,121,0.017578125,0.0198746674452667,50.31530730030693,128,0.001953125,0.00015462392377135756,6467.304512843047,134,0.001953125,0.00015462392377135756,6467.304512843047,106,0.17578125,True,0.20121238759726584,4.969872938447198,115,0.05859375,True,0.05932512456807861,16.8562646480826,124,0.009765625,True,0.008164869858762176,122.47592641379879
n10_d75_s42,10,0.75,42,2,16,True,1,10,L-BFGS-B,60,0.06168355600038922,91.0,0.6791044776119403,0.001953125,4096,7,0.001708984375,0.0008280858168609898,0.0035236577810063684,"[0.02525151744766019, 5.026073247789341, 0.8193534463996561, 0.22482144645289004]","[0.0, 6.283185307179586, 0.0, 3.141592653589793]",CONVERGENCE: NORM OF PROJECTED GRADIENT <= PGTOL,121,0.017578125,0.017578125,56.888888888888886,128,0.001953125,0.001953125,512.0,134,0.001953125,0.001953125,512.0,106,0.17578125,True,0.17578125,5.688888888888889,115,0.05859375,True,0.05859375,17.066666666666666,124,0.009765625,True,0.009765625,102.4
n10_d75_s42,10,0.75,42,2,17,True,16,125,L-BFGS-B,60,0.5432472080001389,99.15711242783186,0.7399784509539691,0.0026248227581866833,4096,10,0.00244140625,0.0013266895763215114,0.004488525246046777,"[2.9451946925192347, 6.106525182444284, 0.83586120967038, 2.673168423595571]","[3.2149035437347537, 6.1262435156624715, 1.0592312309322252, 3.141592653589793]",CONVERGENCE: RELATIVE REDUCTION OF F <= FACTR*EPSMCH,121,0.017578125,0.011024405342483414,90.70784037179958,128,0.001953125,0.0026248227581866833,380.9781048571958,134,0.001953125,0.0026248227581866833,380.9781048571958,106,0.17578125,True,0.27392867170728163,3.6505853650420113,115,0.05859375,True,0.08917831205758667,11.213488761194006,124,0.009765625,True,0.006758155627995524,147.96936546674362
n10_d75_s42,10,0.75,42,2,18,True,1,10,L-BFGS-B,60,0.04437120300008246,90.99999999999991,0.6791044776119397,0.001953125000000052,4096,6,0.00146484375,0.0006715185421635897,0.0031924013142034585,"[4.718759735472583, 2.65772630902094, 1.645540959564256, 2.9521852105746564]","[6.283185307179586, 3.8998203886100775, 2.006013502460832, 3.141592653589793]",CONVERGENCE: NORM OF PROJECTED GRADIENT <= PGTOL,121,0.017578125,0.017578124999999944,56.88888888888907,128,0.001953125,0.001953125000000052,511.99999999998636,134,0.001953125,0.001953125000000052,511.99999999998636,106,0.17578125,True,0.17578124999999892,5.688888888888924,115,0.05859375,True,0.05859375000000018,17.066666666666613,124,0.009765625,True,0.009765625000000173,102.39999999999819
n10_d75_s42,10,0.75,42,2,19,True,1,10,L-BFGS-B,60,0.021664719000000332,90.99999999999986,0.6791044776119393,0.0019531249999999354,4096,6,0.00146484375,0.0006715185421635897,0.0031924013142034585,"[5.538737216847832, 4.847814886613867, 2.8884437639305705, 0.16025468613378427]","[6.283185307179586, 6.283185307179586, 3.141592653589793, 0.3524422854064734]",CONVERGENCE: NORM OF PROJECTED GRADIENT <= PGTOL,121,0.017578125,0.017578124999999514,56.88888888889046,128,0.001953125,0.0019531249999999354,512.0000000000169,134,0.001953125,0.0019531249999999354,512.0000000000169,106,0.17578125,True,0.17578124999999883,5.688888888888926,115,0.05859375,True,0.05859375000000003,17.06666666666666,124,0.009765625,True,0.00976562499999995,102.40000000000053
n10_d75_s42,10,0.75,42,3,0,True,1,14,L-BFGS-B,60,0.007794032999299816,90.99999999999999,0.6791044776119401,0.0019531249999999991,4096,5,0.001220703125,0.0005215205909937573,0.0028545755238729804,"[2.7281255593839577, 0.894726886855421, 1.005035226087483, 1.6221101935391702, 2.9870792165615776, 1.0101056083440192]","[0.0, 0.0, 0.0, 0.0, 0.0, 3.0328587856025058]",CONVERGENCE: NORM OF PROJECTED GRADIENT <= PGTOL,121,0.017578125,0.017578124999999993,56.888888888888914,128,0.001953125,0.0019531249999999991,512.0000000000002,134,0.001953125,0.0019531249999999991,512.0000000000002,106,0.17578125,True,0.17578124999999997,5.68888888888889,115,0.05859375,True,0.058593749999999986,17.06666666666667,124,0.009765625,True,0.009765624999999997,102.40000000000003
n10_d75_s42,10,0.75,42,3,1,True,1,14,L-BFGS-B,60,0.007277030999830458,91.0,0.6791044776119403,0.001953125,4096,9,0.002197265625,0.0011564392881765655,0.0041709517926914125,"[0.011248122375155928, 5.456408986876442, 6.019743339887902, 0.8293110894151917, 2.0626887845717152, 1.161219681684083]","[0.0, 6.283185307179586, 0.0, 0.0, 0.0, 3.141592653589793]",CONVERGENCE: NORM OF PROJECTED GRADIENT <= PGTOL,121,0.017578125,0.017578125,56.888888888888886,128,0.001953125,0.001953125,512.0,134,0.001953125,0.001953125,512.0,106,0.17578125,True,0.17578125,5.688888888888889,115,0.05859375,True,0.05859375,17.066666666666666,124,0.009765625,True,0.009765625,102.4
n10_d75_s42,10,0.75,42,3,2,True,9,84,L-BFGS-B,60,0.07432913800039387,94.90796100969564,0.7082683657439973,0.004169786113659013,4096,14,0.00341796875,0.0020371496844209867,0.00572936010394854,"[2.5841314402897564, 5.728794610463876, 0.5610721829720273, 2.1166997181667964, 1.8138921927642946, 2.1260119752311217]","[0.0, 0.0, 2.348245858737936, 3.1415919761382245, 1.4457605029244929, 2.765487085966462]",CONVERGENCE: RELATIVE REDUCTION OF F <= FACTR*EPSMCH,121,0.017578125,0.031128773414626738,32.12461945352854,128,0.001953125,0.004169786113659013,239.8204542732514,134,0.001953125,0.004169786113659013,239.8204542732514,106,0.17578125,True,0.232726321589115,4.296892561063758,115,0.05859375,True,0.07596772096106523,13.163485587681606,124,0.009765625,True,0.025395739601124612,39.376683479449305
n10_d75_s42,10,0.75,42,3,3,True,1,14,L-BFGS-B,60,0.008005633999346173,91.0,0.6791044776119403,0.001953125,4096,7,0.001708984375,0.0008280858168609898,0.0035236577810063684,"[6.148643088512096, 5.48916608658194, 5.291525093173981, 1.9816598993124979, 1.5450744192903958, 2.173246442206945]","[0.0, 6.283185307179586, 6.283185307179586, 0.0, 3.141592653589793, 3.141592653589793]",CONVERGENCE: NORM OF PROJECTED GRADIENT <= PGTOL,121,0.017578125,0.017578125,56.888888888888886,128,0.001953125,0.001953125,512.0,134,0.001953125,0.001953125,512.0,106,0.17578125,True,0.17578125,5.688888888888889,115,0.05859375,True,0.05859375,17.066666666666666,124,0.009765625,True,0.009765625,102.4
n10_d75_s42,10,0.75,42,3,4,True,37,364,L-BFGS-B,60,0.2542143130003751,95.69934861263424,0.7141742433778675,0.006619540409016595,4096,27,0.006591796875,0.004534310788919747,0.009573907638953811,"[5.301680713708263, 4.885831027783461, 4.879134635455918, 2.287541179465155, 1.6938378100513578, 1.7664160601571264]","[5.293544111033431, 4.929262794936027, 4.958741127916512, 1.7216816689384773, 1.9477434145213146, 1.6701547549305806]",CONVERGENCE: NORM OF PROJECTED GRADIENT <= PGTOL,121,0.017578125,0.034304076158509875,29.15105468455906,128,0.001953125,0.006619540409016595,151.06788964349883,134,0.001953125,0.006619540409016595,151.06788964349883,106,0.17578125,True,0.2663753707526867,3.7541008283698987,115,0.05859375,True,0.08071945993383112,12.388586356000634,124,0.009765625,True,0.025548624443618592,39.14105051748784
n10_d75_s42,10,0.75,42,3,5,True,25,217,L-BFGS-B,60,1.8654049299993858,93.374561549627,0.6968250861912463,0.0025058166738581807,4096,8,0.001953125,0.0009900179449591885,0.0038495493944084797,"[4.358410271788881, 4.181087276677527, 1.6502191873975776, 2.616640558508578, 0.1688551530927347, 1.6557030399711468]","[4.366788817192541, 4.094824172424673, 1.7660424905381447, 2.581738141971462, 0.3128197018569891, 1.9262876334718309]",CONVERGENCE: RELATIVE REDUCTION OF F <= FACTR*EPSMCH,121,0.017578125,0.01715090458579039,58.30596252214621,128,0.001953125,0.0025058166738581807,399.0714925127823,134,0.001953125,0.0025058166738581807,399.0714925127823,106,0.17578125,True,0.20530988755682292,4.87068602442848,115,0.05859375,True,0.09263149106269879,10.795464787705269,124,0.009765625,True,0.01096011322712516,91.23993331794257
n10_d75_s42,10,0.75,42,3,6,True,28,287,L-BFGS-B,60,2.1748191810002027,94.4859882180157,0.7051193150598187,0.000660578032249184,4096,1,0.000244140625,4.309811523941186e-05,0.0013817030336260863,"[4.426122612594512, 3.6965252517929867, 0.3511825037268898, 1.0376316075467331, 0.7234744518063433, 2.4880439563512278]","[1.1001223681826766, 4.213162463920581, 0.2907029329361669, 0.19435336084387003, 0.1672073141798844, 2.858724218491497]",CONVERGENCE: RELATIVE REDUCTION OF F <= FACTR*EPSMCH,121,0.017578125,0.006978503373878555,143.297200907451,128,0.001953125,0.000660578032249184,1513.825696859957,134,0.001953125,0.000660578032249184,1513.825696859957,106,0.17578125,True,0.22433660064042282,4.457587380504382,115,0.05859375,True,0.08157950556021859,12.257980642722107,124,0.009765625,True,0.0030052086286709995,332.7555998806753
n10_d75_s42,10,0.75,42,3,7,True,27,231,L-BFGS-B,60,1.7227648699999918,93.54888121891264,0.6981259792456167,0.00047083779138975504,4096,2,0.00048828125,0.00013391454481334652,0.0017787103455524616,"[3.6862444617207037, 3.422966248259264, 1.0483801368921943, 2.36268447666835, 2.4311866333765417, 2.679323707965414]","[3.736155205769224, 3.46640470882329, 1.0207410067371618, 2.565578344513984, 2.555431412631905, 2.771269958388652]",CONVERGENCE: RELATIVE REDUCTION OF F <= FACTR*EPSMCH,121,0.017578125,0.0195838424040241,51.062502412423385,128,0.001953125,0.00047083779138975504,2123.873695542441,134,0.001953125,0.00047083779138975504,2123.873695542441,106,0.17578125,True,0.1987263363512131,5.032045668233322,115,0.05859375,True,0.07683805638715827,13.014384369138302,124,0.009765625,True,0.014135962273277132,70.74155835081828
n10_d75_s42,10,0.75,42,3,8,True,1,14,L-BFGS-B,60,0.1035639789997731,91.0,0.6791044776119403,0.001953125,4096,6,0.00146484375,0.0006715185421635897,0.0031924013142034585,"[3.5362280960807175, 1.6640238674662264, 3.788669644664652, 2.0044964505544733, 2.7735852362466864, 2.4985197822135077]","[0.0, 0.0, 4.933047044467222, 3.141592653589793, 3.141592653589793, 0.0]",CONVERGENCE: NORM OF PROJECTED GRADIENT <= PGTOL,121,0.017578125,0.017578125,56.888888888888886,128,0.001953125,0.001953125,512.0,134,0.001953125,0.001953125,512.0,106,0.17578125,True,0.17578125,5.688888888888889,115,0.05859375,True,0.05859375,17.066666666666666,124,0.009765625,True,0.009765625,102.4
n10_d75_s42,10,0.75,42,3,9,True,1,14,L-BFGS-B,60,0.05767376600033458,91.0,0.6791044776119403,0.001953125,4096,6,0.00146484375,0.0006715185421635897,0.0031924013142034585,"[1.103647715907738, 0.6784357565795488, 2.7867774434629564, 1.4477039987763707, 0.5751555057590119, 0.5888849654228641]","[0.0, 0.0, 6.283185307179586, 0.0, 2.986888173870383, 3.141592653589793]",CONVERGENCE: NORM OF PROJECTED GRADIENT <= PGTOL,121,0.017578125,0.017578125,56.888888888888886,128,0.001953125,0.001953125,512.0,134,0.001953125,0.001953125,512.0,106,0.17578125,True,0.17578125,5.688888888888889,115,0.05859375,True,0.05859375,17.066666666666666,124,0.009765625,True,0.009765625,102.4
n10_d75_s42,10,0.75,42,3,10,True,22,238,L-BFGS-B,60,2.0208328219996474,99.26565623554475,0.740788479369737,0.002760484499724574,4096,11,0.002685546875,0.0015002563109177591,0.004802782252950839,"[3.0265304905519574, 1.3926599608682995, 4.473202401490768, 0.18764182528033277, 1.7026969010753692, 2.624471251561694]","[3.0671986147925563, 1.3679066857385043, 4.434091230154651, 0.5146465833128148, 1.6298101163741299, 3.141592653589793]",CONVERGENCE: NORM OF PROJECTED GRADIENT <= PGTOL,121,0.017578125,0.012226154480260504,81.79186690422816,128,0.001953125,0.002760484499724574,362.2552490694204,134,0.001953125,0.002760484499724574,362.2552490694204,106,0.17578125,True,0.27601262411142147,3.623022690427078,115,0.05859375,True,0.09732320642807762,10.275041654520553,124,0.009765625,True,0.00782417163868834,127.80905713459553
n10_d75_s42,10,0.75,42,3,11,True,26,245,L-BFGS-B,60,1.7803137399996558,94.32187137099456,0.7038945624701086,0.004689421907631271,4096,24,0.005859375,0.003940714277798989,0.008704032925573639,"[2.4833514077202983, 4.382538649345508, 2.730333293274684, 1.1260571424158563, 1.0233818709042057, 1.193912250381771]","[2.090726966938964, 5.252933652760114, 1.2513318262528106, 0.47237443937254403, 0.7218187061143212, 0.6324454575269762]",CONVERGENCE: RELATIVE REDUCTION OF F <= FACTR*EPSMCH,121,0.017578125,0.03309345863149635,30.217452069160903,128,0.001953125,0.004689421907631271,213.2459010294345,134,0.001953125,0.004689421907631271,213.2459010294345,106,0.17578125,True,0.21813893148748506,4.58423442886155,115,0.05859375,True,0.09007935270653894,11.101323110722232,124,0.009765625,True,0.018269398609418577,54.73633924022335
n10_d75_s42,10,0.75,42,3,12,True,36,329,L-BFGS-B,60,2.944984206999834,93.69751967008935,0.6992352214185772,0.00026796439650541556,4096,3,0.000732421875,0.0002491200948151938,0.0021513285370509242,"[3.303424898263789, 0.3509952822566802, 5.628702217830813, 3.128262732997501, 0.7244176341461768, 2.6881384426706023]","[2.095402323730126, 0.16381706647012872, 5.878188983086459, 2.0851079382609496, 0.6743927068998192, 2.732154738828279]",CONVERGENCE: RELATIVE REDUCTION OF F <= FACTR*EPSMCH,121,0.017578125,0.01332875676774685,75.02575202060981,128,0.001953125,0.00026796439650541556,3731.839054147591,134,0.001953125,0.00026796439650541556,3731.839054147591,106,0.17578125,True,0.23001691062637183,4.347506438882448,115,0.05859375,True,0.08155414957821988,12.261791768681054,124,0.009765625,True,0.007686103403857187,130.10493711262862
n10_d75_s42,10,0.75,42,3,13,True,27,238,L-BFGS-B,60,2.0649681510003575,95.46692821291265,0.7124397627829302,0.001157141509885874,4096,5,0.001220703125,0.0005215205909937573,0.0028545755238729804,"[3.843715142907488, 2.2432443381813734, 3.085276456840446, 2.0685724326488497, 1.1360552891415254, 2.9979970547285624]","[6.283185307179586, 0.708009428621501, 0.07451884128392634, 0.010512362020392216, 0.2160873061218876, 2.768856972550094]",CONVERGENCE: RELATIVE REDUCTION OF F <= FACTR*EPSMCH,121,0.017578125,0.027508440175588966,36.35247922517256,128,0.001953125,0.001157141509885874,864.1985370472343,134,0.001953125,0.001157141509885874,864.1985370472343,106,0.17578125,True,0.22425309534886295,4.4592472556257645,115,0.05859375,True,0.07987900238341275,12.518934515482314,124,0.009765625,True,0.01833705154618821,54.534394337124155
n10_d75_s42,10,0.75,42,3,14,True,41,420,L-BFGS-B,60,3.187878757999897,94.57701410179357,0.705798612699952,0.0009876220910285268,4096,2,0.00048828125,0.00013391454481334652,0.0017787103455524616,"[5.469231796320679, 3.718466078761779, 3.3858552498297265, 1.8614694411946622, 1.7212123544299505, 2.845072384210575]","[5.302605623779061, 3.443374832849557, 3.2823738565579923, 1.7413143126516577, 1.8081621704592261, 2.8597019519987406]",CONVERGENCE: RELATIVE REDUCTION OF F <= FACTR*EPSMCH,121,0.017578125,0.037862486143781834,26.411366549003816,128,0.001953125,0.0009876220910285268,1012.5330418222851,134,0.001953125,0.0009876220910285268,1012.5330418222851,106,0.17578125,True,0.23175389953469538,4.314922001346053,115,0.05859375,True,0.09083863885723129,11.008531309806104,124,0.009765625,True,0.022612054967801363,44.22419817322923
n10_d75_s42,10,0.75,42,3,15,True,46,469,L-BFGS-B,60,3.4728067850001025,99.7181152058052,0.7441650388492925,0.0032063557729334544,4096,13,0.003173828125,0.0018557872990695213,0.005422898747799697,"[4.891572826038206, 2.2734681570133084, 6.117525844883206, 3.09398764647016, 1.6950947602004929, 0.5823348784814667]","[3.2139584399309924, 1.2835945228271548, 4.257133972569484, 2.633391050629917, 1.6741378731044019, 0.06545632865101902]",CONVERGENCE: RELATIVE REDUCTION OF F <= FACTR*EPSMCH,121,0.017578125,0.01278912978344223,78.19140292834274,128,0.001953125,0.0032063557729334544,311.8805493892877,134,0.001953125,0.0032063557729334544,311.8805493892877,106,0.17578125,True,0.30432963101834687,3.2859107299338652,115,0.05859375,True,0.08956118196812547,11.165551615385075,124,0.009765625,True,0.0076397175796022255,130.8948910192655
n10_d75_s42,10,0.75,42,3,16,True,1,14,L-BFGS-B,60,0.07776593000016874,91.00000000000001,0.6791044776119404,0.001953125000000001,4096,9,0.002197265625,0.0011564392881765655,0.0041709517926914125,"[1.705606513599763, 0.03722147091558675, 3.9738958650362624, 1.2261233323468734, 1.3455504395003626, 0.12511808958859488]","[0.0, 0.0, 0.0, 1.16330566977996, 3.141592653589793, 3.141592653589793]",CONVERGENCE: NORM OF PROJECTED GRADIENT <= PGTOL,121,0.017578125,0.017578125000000007,56.888888888888864,128,0.001953125,0.001953125000000001,511.9999999999998,134,0.001953125,0.001953125000000001,511.9999999999998,106,0.17578125,True,0.17578125000000003,5.688888888888888,115,0.05859375,True,0.058593750000000014,17.066666666666663,124,0.009765625,True,0.009765625000000003,102.39999999999996
n10_d75_s42,10,0.75,42,3,17,True,28,308,L-BFGS-B,60,2.642119567000009,100.03141546059089,0.7465031004521708,0.0005493179984546749,4096,1,0.000244140625,4.309811523941186e-05,0.0013817030336260863,"[5.553280807691099, 4.396595545867714, 1.6512715399318654, 1.4190622623634337, 2.3064324758503525, 1.5222400050812286]","[5.350047789660321, 4.144223525543214, 1.7763347279651396, 1.5449030951016471, 2.6084317604890206, 1.4020107048429744]",CONVERGENCE: RELATIVE REDUCTION OF F <= FACTR*EPSMCH,121,0.017578125,0.01198824025572944,83.41507833245821,128,0.001953125,0.0005493179984546749,1820.4391678648258,134,0.001953125,0.0005493179984546749,1820.4391678648258,106,0.17578125,True,0.336164170586506,2.974737010953008,115,0.05859375,True,0.09479492571666427,10.549087859290417,124,0.009765625,True,0.0074366947221220486,134.46834075698774
n10_d75_s42,10,0.75,42,3,18,True,54,553,L-BFGS-B,60,5.157575708999502,94.69610711602908,0.7066873665375305,0.0012969386305179765,4096,6,0.00146484375,0.0006715185421635897,0.0031924013142034585,"[5.146411504797114, 3.122253420864435, 1.5841180487052653, 0.7420888932021171, 3.126796973697899, 0.846381013004942]","[5.109602308912522, 3.018438450094774, 1.7119439548192008, 0.06140986290300834, 2.745102915396954, 1.2744376396465684]",CONVERGENCE: RELATIVE REDUCTION OF F <= FACTR*EPSMCH,121,0.017578125,0.025641103089101794,38.99988220183198,128,0.001953125,0.0012969386305179765,771.0465063413341,134,0.001953125,0.0012969386305179765,771.0465063413341,106,0.17578125,True,0.23467746816294452,4.261167498643995,115,0.05859375,True,0.08607649131001455,11.617573913397365,124,0.009765625,True,0.007075030510344046,141.34214665759396
n10_d75_s42,10,0.75,42,3,19,True,27,280,L-BFGS-B,60,1.774290447999192,99.23524764066701,0.7405615495572165,0.002027102474274417,4096,8,0.001953125,0.0009900179449591885,0.0038495493944084797,"[1.8293333507517802, 3.831335765311537, 2.0795994132732387, 1.178197381255001, 0.23225764541402397, 2.5302099647757412]","[3.0676400022697075, 4.8372918052364415, 1.190181471446451, 2.086738673576379, 0.04712609636219651, 3.141592653589793]",CONVERGENCE: RELATIVE REDUCTION OF F <= FACTR*EPSMCH,121,0.017578125,0.009664757406719862,103.46871193111423,128,0.001953125,0.002027102474274417,493.31497183335097,134,0.001953125,0.002027102474274417,493.31497183335097,106,0.17578125,True,0.2759612731900842,3.6236968631145303,115,0.05859375,True,0.08724461058478476,11.462026058654876,124,0.009765625,True,0.0048555098973020105,205.95159337552894
n12_d25_s17,12,0.25,17,1,0,True,8,36,L-BFGS-B,60,0.019009103000826144,46.25572435565162,0.571058325378415,0.00010924526170935859,4096,0,0.0,0.0,0.0009369774073651883,"[5.37246560887662, 3.0805989650990186]","[5.690909598026204, 2.1365972833865907]",CONVERGENCE: NORM OF PROJECTED GRADIENT <= PGTOL,73,0.0078125,0.004915584895341627,203.4345904487733,77,0.00390625,0.0020620105231138387,484.963577436017,81,0.0009765625,0.00010924526170935859,9153.71508432511,55,0.1884765625,True,0.20877912769638712,4.789750829183605,61,0.0732421875,True,0.07982442815898255,12.527493438579317,68,0.0224609375,True,0.01334437227983813,74.93795729237031
n12_d25_s17,12,0.25,17,1,1,True,8,42,L-BFGS-B,60,0.021909821999543055,59.46699909446231,0.7341604826476829,0.022244335369769892,4096,93,0.022705078125,0.01857068652760418,0.02773389883928984,"[6.237037762041773, 1.4040741465174675]","[6.189270889626405, 1.1895625382782464]",CONVERGENCE: RELATIVE REDUCTION OF F <= FACTR*EPSMCH,73,0.0078125,0.11523307588253298,8.67806393556123,77,0.00390625,0.07154272616160613,13.977661373164956,81,0.0009765625,0.022244335369769892,44.95526539125114,55,0.1884765625,True,0.7142053470084249,1.4001575375887012,61,0.0732421875,True,0.4667358574890675,2.142539476996201,68,0.0224609375,True,0.24073288113362784,4.153981771376351
n12_d25_s17,12,0.25,17,1,2,True,6,30,L-BFGS-B,60,0.015592483000546054,46.25572435565237,0.5710583253784243,0.00010924488820600689,4096,1,0.000244140625,4.309811523941186e-05,0.0013817030336260863,"[5.652787441481528, 2.1143437352881596]","[5.690909590878444, 2.136597134980764]",CONVERGENCE: NORM OF PROJECTED GRADIENT <= PGTOL,73,0.0078125,0.004915585255089217,203.43457556039277,77,0.00390625,0.00206201099960793,484.96346536955417,81,0.0009765625,0.00010924488820600689,9153.746380464641,55,0.1884765625,True,0.20877910959898413,4.789751244369067,61,0.0732421875,True,0.07982442032968318,12.527494667294743,68,0.0224609375,True,0.0133443745941683,74.93794429579454
n12_d25_s17,12,0.25,17,1,3,True,1,6,L-BFGS-B,60,0.0031623549994037603,43.5,0.5370370370370371,0.0009765625,4096,0,0.0,0.0,0.0009369774073651883,"[5.129071889878461, 1.0798112418410513]","[6.283185307179586, 0.0]",CONVERGENCE: NORM OF PROJECTED GRADIENT <= PGTOL,73,0.0078125,0.0078125,128.0,77,0.00390625,0.00390625,256.0,81,0.0009765625,0.0009765625,1024.0,55,0.1884765625,True,0.1884765625,5.305699481865285,61,0.0732421875,True,0.0732421875,13.653333333333334,68,0.0224609375,True,0.0224609375,44.52173913043478
n12_d25_s17,12,0.25,17,1,4,True,9,39,L-BFGS-B,60,0.05448622400035674,51.343967893641214,0.6338761468350768,0.003290606006690105,4096,11,0.002685546875,0.0015002563109177591,0.004802782252950839,"[3.205133000476411, 0.4432248109211725]","[3.2177064005749685, 0.4028843619281235]",CONVERGENCE: NORM OF PROJECTED GRADIENT <= PGTOL,73,0.0078125,0.023840316173392065,41.94575242739817,77,0.00390625,0.012953860905479096,77.1970617329255,81,0.0009765625,0.003290606006690105,303.89539129476697,55,0.1884765625,True,0.3760849466833669,2.6589737473377766,61,0.0732421875,True,0.18754998664281525,5.3319118700044354,68,0.0224609375,True,0.07022710136083157,14.239516947480613
n12_d25_s17,12,0.25,17,1,5,True,13,69,L-BFGS-B,60,0.43683714700000564,51.082945927092595,0.6306536534208962,0.011318808345699958,4096,32,0.0078125,0.005539509852396457,0.011007827282978652,"[5.887834125193433, 0.8122282748533576]","[5.046629140078557, 0.3833352171888975]",CONVERGENCE: NORM OF PROJECTED GRADIENT <= PGTOL,73,0.0078125,0.02967976646899454,33.69298747834376,77,0.00390625,0.025247956261754037,39.60716620516387,81,0.0009765625,0.011318808345699958,88.34852304747278,55,0.1884765625,True,0.3955242544889397,2.528289956053665,61,0.0732421875,True,0.20755727222899656,4.8179473032229225,68,0.0224609375,True,0.08402071694000046,11.901826554444948
n12_d25_s17,12,0.25,17,1,6,True,9,36,L-BFGS-B,60,0.3987591320001229,48.67700703901423,0.6009507041853608,0.003325207458623376,4096,13,0.003173828125,0.0018557872990695213,0.005422898747799697,"[0.5182113922995361, 0.5876207591922417]","[0.4816806803056726, 0.4622265136593805]",CONVERGENCE: NORM OF PROJECTED GRADIENT <= PGTOL,73,0.0078125,0.018815939181834503,53.14643028637291,77,0.00390625,0.004122212650171542,242.58816438263707,81,0.0009765625,0.003325207458623376,300.733115886248,55,0.1884765625,True,0.3201057385640689,3.123967737928731,61,0.0732421875,True,0.1374218215550559,7.276864683381931,68,0.0224609375,True,0.04270841754570967,23.41458797741047
n12_d25_s17,12,0.25,17,1,7,True,8,42,L-BFGS-B,60,0.3251319789997069,46.13335090777008,0.5695475420712356,0.004347746666017013,4096,17,0.004150390625,0.0025929778542005417,0.0066370031586699164,"[3.816781488452085, 2.626760381808652]","[3.7525340376317007, 2.8098143490301606]",CONVERGENCE: RELATIVE REDUCTION OF F <= FACTR*EPSMCH,73,0.0078125,0.015527769435804757,64.40075016145892,77,0.00390625,0.011216424003177778,89.15497485800155,81,0.0009765625,0.004347746666017013,230.00420144444703,55,0.1884765625,True,0.26509005491419696,3.772302964453627,61,0.0732421875,True,0.11967370473141196,8.356054508752246,68,0.0224609375,True,0.04268846012230025,23.425534609003257
n12_d25_s17,12,0.25,17,1,8,True,10,51,L-BFGS-B,60,0.4795981319994098,48.83251151114474,0.6028705124832684,0.0008037775477032102,4096,7,0.001708984375,0.0008280858168609898,0.0035236577810063684,"[3.5992457111988774, 0.6126668883024106]","[3.590747497864978, 0.36780184092191515]",CONVERGENCE: RELATIVE REDUCTION OF F <= FACTR*EPSMCH,73,0.0078125,0.020167899570070192,49.58374552221749,77,0.00390625,0.008625380285251713,115.93691720582696,81,0.0009765625,0.0008037775477032102,1244.125321561288,55,0.1884765625,True,0.3013465181376186,3.318438872896886,61,0.0732421875,True,0.12083317552743227,8.27587287708891,68,0.0224609375,True,0.03563477946208786,28.062471975276523
n12_d25_s17,12,0.25,17,1,9,True,9,48,L-BFGS-B,60,0.4298207990004812,46.03098154328653,0.5682837227566239,0.0008679552625288314,4096,3,0.000732421875,0.0002491200948151938,0.0021513285370509242,"[1.9524496746855997, 1.2849749317687291]","[3.3701995879866855, 1.1326277510106142]",CONVERGENCE: NORM OF PROJECTED GRADIENT <= PGTOL,73,0.0078125,0.01628863363495981,61.39250365688929,77,0.00390625,0.006943033323549577,144.02926694996142,81,0.0009765625,0.0008679552625288314,1152.1331146566813,55,0.1884765625,True,0.23725301639297441,4.214909530775568,61,0.0732421875,True,0.08341499545983208,11.988252166021434,68,0.0224609375,True,0.030259230544174644,33.04776697940573
n12_d25_s17,12,0.25,17,1,10,True,1,6,L-BFGS-B,60,0.03248278499995649,43.5,0.5370370370370371,0.0009765625,4096,2,0.00048828125,0.00013391454481334652,0.0017787103455524616,"[5.3207009847501805, 2.304849227162734]","[0.0, 3.141592653589793]",CONVERGENCE: NORM OF PROJECTED GRADIENT <= PGTOL,73,0.0078125,0.0078125,128.0,77,0.00390625,0.00390625,256.0,81,0.0009765625,0.0009765625,1024.0,55,0.1884765625,True,0.1884765625,5.305699481865285,61,0.0732421875,True,0.0732421875,13.653333333333334,68,0.0224609375,True,0.0224609375,44.52173913043478
n12_d25_s17,12,0.25,17,1,11,True,1,6,L-BFGS-B,60,0.023785585000041465,43.5,0.5370370370370371,0.0009765625,4096,2,0.00048828125,0.00013391454481334652,0.0017787103455524616,"[1.607037329674217, 2.853340742758747]","[6.283185307179586, 3.141592653589793]",CONVERGENCE: NORM OF PROJECTED GRADIENT <= PGTOL,73,0.0078125,0.0078125,128.0,77,0.00390625,0.00390625,256.0,81,0.0009765625,0.0009765625,1024.0,55,0.1884765625,True,0.1884765625,5.305699481865285,61,0.0732421875,True,0.0732421875,13.653333333333334,68,0.0224609375,True,0.0224609375,44.52173913043478
n12_d25_s17,12,0.25,17,1,12,True,1,6,L-BFGS-B,60,0.02366606000032334,43.5,0.5370370370370371,0.0009765625000000004,4096,6,0.00146484375,0.0006715185421635897,0.0031924013142034585,"[1.2335764853343123, 0.5846568154195202]","[5.689199582911642, 3.141592653589793]",CONVERGENCE: NORM OF PROJECTED GRADIENT <= PGTOL,73,0.0078125,0.007812499999999998,128.00000000000003,77,0.00390625,0.003906249999999999,256.00000000000006,81,0.0009765625,0.0009765625000000004,1023.9999999999995,55,0.1884765625,True,0.1884765625,5.305699481865285,61,0.0732421875,True,0.0732421875,13.653333333333334,68,0.0224609375,True,0.0224609375,44.52173913043478
n12_d25_s17,12,0.25,17,1,13,True,1,6,L-BFGS-B,60,0.023370803000034357,43.5,0.5370370370370371,0.0009765625,4096,5,0.001220703125,0.0005215205909937573,0.0028545755238729804,"[5.443233696895535, 2.201129367806686]","[6.283185307179586, 3.141592653589793]",CONVERGENCE: NORM OF PROJECTED GRADIENT <= PGTOL,73,0.0078125,0.0078125,128.0,77,0.00390625,0.00390625,256.0,81,0.0009765625,0.0009765625,1024.0,55,0.1884765625,True,0.1884765625,5.305699481865285,61,0.0732421875,True,0.0732421875,13.653333333333334,68,0.0224609375,True,0.0224609375,44.52173913043478
n12_d25_s17,12,0.25,17,1,14,True,1,6,L-BFGS-B,60,0.015665826999793353,43.5,0.5370370370370371,0.0009765625,4096,4,0.0009765625,0.000379829567061715,0.0025084428063047127,"[4.113786112780034, 0.2759845064157203]","[6.283185307179586, 0.0]",CONVERGENCE: NORM OF PROJECTED GRADIENT <= PGTOL,73,0.0078125,0.0078125,128.0,77,0.00390625,0.00390625,256.0,81,0.0009765625,0.0009765625,1024.0,55,0.1884765625,True,0.1884765625,5.305699481865285,61,0.0732421875,True,0.0732421875,13.653333333333334,68,0.0224609375,True,0.0224609375,44.52173913043478
n12_d25_s17,12,0.25,17,1,15,True,8,42,L-BFGS-B,60,0.41213007800070045,51.34396789364132,0.633876146835078,0.0032906055810156326,4096,12,0.0029296875,0.0016767322242621596,0.005114130081106749,"[2.9680075815868445, 2.6136171963597885]","[3.0654788964536817, 2.7387082389001143]",CONVERGENCE: NORM OF PROJECTED GRADIENT <= PGTOL,73,0.0078125,0.023840313578932015,41.9457569922114,77,0.00390625,0.012953859334953483,77.19707109229552,81,0.0009765625,0.0032906055810156326,303.89543060683496,55,0.1884765625,True,0.37608494093053857,2.658973788011087,61,0.0732421875,True,0.18754998437281606,5.331911934538889,68,0.0224609375,True,0.0702270988962481,14.239517447209046
n12_d25_s17,12,0.25,17,1,16,True,7,39,L-BFGS-B,60,0.40633001500009414,48.8325115111446,0.6028705124832667,0.0008037772585281224,4096,2,0.00048828125,0.00013391454481334652,0.0017787103455524616,"[3.550826471889642, 1.9832051381661369]","[3.59074749060428, 1.9385982117241167]",CONVERGENCE: NORM OF PROJECTED GRADIENT <= PGTOL,73,0.0078125,0.02016790157677821,49.58374058863036,77,0.00390625,0.008625380099480173,115.9369197028508,81,0.0009765625,0.0008037772585281224,1244.1257691604771,55,0.1884765625,True,0.30134652508375387,3.318438796405792,61,0.0732421875,True,0.12083318122683434,8.27587248673647,68,0.0224609375,True,0.03563478195349363,28.062470013288806
n12_d25_s17,12,0.25,17,1,17,True,11,48,L-BFGS-B,60,0.39988238099977025,46.71184522847576,0.5766894472651328,0.0028034669306833434,4096,16,0.00390625,0.002405923039438864,0.0063362342319312846,"[5.63612480909068, 2.726091857335298]","[5.419916791469272, 2.757538122112376]",CONVERGENCE: NORM OF PROJECTED GRADIENT <= PGTOL,73,0.0078125,0.011446962556133675,87.3594191556227,77,0.00390625,0.008636220627869902,115.79139105975423,81,0.0009765625,0.0028034669306833434,356.7011934598603,55,0.1884765625,True,0.28040708462492725,3.566243703641086,61,0.0732421875,True,0.10845560656072126,9.220362429489784,68,0.0224609375,True,0.03249089600316332,30.77785235293726
n12_d25_s17,12,0.25,17,1,18,True,8,51,L-BFGS-B,60,0.41751051299979736,59.46699909446234,0.7341604826476832,0.022244326956039995,4096,89,0.021728515625,0.01769138325529709,0.026661907145595683,"[1.5529217701639975, 0.5140180952354376]","[0.09391441320734832, 0.38123367127934377]",CONVERGENCE: RELATIVE REDUCTION OF F <= FACTR*EPSMCH,73,0.0078125,0.11523304860615546,8.678065989712803,77,0.00390625,0.07154270430783784,13.977665642846622,81,0.0009765625,0.022244326956039995,44.95528239520281,55,0.1884765625,True,0.7142053448529545,1.400157541814374,61,0.0732421875,True,0.46673582576415124,2.1425396226286586,68,0.0224609375,True,0.24073284664307631,4.153982366530375
n12_d25_s17,12,0.25,17,1,19,True,7,42,L-BFGS-B,60,0.2939575230002447,46.80297094939921,0.5778144561654224,0.0017473835201513002,4096,5,0.001220703125,0.0005215205909937573,0.0028545755238729804,"[0.9996249931472406, 2.072679625379635]","[1.0779657770986284, 1.9798668194346167]",CONVERGENCE: NORM OF PROJECTED GRADIENT <= PGTOL,73,0.0078125,0.020202511719823547,49.49879568780343,77,0.00390625,0.010890446015150379,91.82360379077566,81,0.0009765625,0.0017473835201513002,572.2842114897669,55,0.1884765625,True,0.26880550453996943,3.7201619130210455,61,0.0732421875,True,0.11749444983828047,8.511040320427062,68,0.0224609375,True,0.047094898116554956,21.23372254729386
n12_d25_s17,12,0.25,17,2,0,True,1,10,L-BFGS-B,60,0.012691853999967861,43.5,0.5370370370370371,0.0009765624999999996,4096,2,0.00048828125,0.00013391454481334652,0.0017787103455524616,"[1.2759954498239845, 2.2274389558246437, 0.6777850079334876, 3.0729954782809377]","[6.283185307179586, 3.57545790493328, 3.141592653589793, 3.141592653589793]",CONVERGENCE: NORM OF PROJECTED GRADIENT <= PGTOL,73,0.0078125,0.007812499999999993,128.0000000000001,77,0.00390625,0.0039062499999999965,256.0000000000002,81,0.0009765625,0.0009765624999999996,1024.0000000000005,55,0.1884765625,True,0.18847656249999994,5.305699481865287,61,0.0732421875,True,0.07324218749999997,13.653333333333338,68,0.0224609375,True,0.02246093749999999,44.5217391304348
n12_d25_s17,12,0.25,17,2,1,True,14,115,L-BFGS-B,60,0.1735114760003853,51.87452785806831,0.6404262698526952,0.003630826950656327,4096,18,0.00439453125,0.002781615150444107,0.006936189603926662,"[3.173986562125554, 3.9806390551653967, 3.010253390331687, 0.27550665826623083]","[3.0623939743098183, 4.100753269530158, 2.7603804859755865, 0.13825310596603707]",CONVERGENCE: RELATIVE REDUCTION OF F <= FACTR*EPSMCH,73,0.0078125,0.026014624101920424,38.43991733581033,77,0.00390625,0.015355106613231013,65.12491415320629,81,0.0009765625,0.003630826950656327,275.4193503546719,55,0.1884765625,True,0.4058847189717907,2.463753753857141,61,0.0732421875,True,0.2061813668984404,4.850098799144027,68,0.0224609375,True,0.07183302592390844,13.92117326449931
n12_d25_s17,12,0.25,17,2,2,True,1,10,L-BFGS-B,60,0.009378670999467431,43.49999999999997,0.5370370370370366,0.0009765625000000121,4096,6,0.00146484375,0.0006715185421635897,0.0031924013142034585,"[3.155119120824573, 1.6143961430458567, 1.2646620986028976, 2.298097885348563]","[6.283185307179586, 6.283185307179586, 0.7366449986813071, 3.141592653589793]",CONVERGENCE: NORM OF PROJECTED GRADIENT <= PGTOL,73,0.0078125,0.007812499999999976,128.0000000000004,77,0.00390625,0.00390625000000003,255.999999999998,81,0.0009765625,0.0009765625000000121,1023.9999999999873,55,0.1884765625,True,0.18847656249999956,5.305699481865298,61,0.0732421875,True,0.07324218749999985,13.653333333333363,68,0.0224609375,True,0.02246093749999988,44.52173913043502
n12_d25_s17,12,0.25,17,2,3,True,19,155,L-BFGS-B,60,0.2111975950001579,59.69135156060589,0.7369302661803196,0.0253131056598139,4096,98,0.02392578125,0.01967285964881211,0.029070844425583456,"[0.46430794079344373, 3.5069226097742283, 1.73642564432983, 2.9780626523577]","[0.09572464339222077, 3.9896473892309277, 1.9423280473622577, 3.0806612301544987]",CONVERGENCE: NORM OF PROJECTED GRADIENT <= PGTOL,73,0.0078125,0.11611984103146847,8.611792705856358,77,0.00390625,0.07440998234955315,13.439057078421753,81,0.0009765625,0.0253131056598139,39.505227586023196,55,0.1884765625,True,0.7238567193035697,1.3814888683524424,61,0.0732421875,True,0.47786993720607845,2.0926196065954996,68,0.0224609375,True,0.24435234503700273,4.092451004914924
n12_d25_s17,12,0.25,17,2,4,True,13,110,L-BFGS-B,60,0.16907209300006798,49.09590215804067,0.6061222488646997,0.004747165086065701,4096,23,0.005615234375,0.003744712895050349,0.00841221056682197,"[1.5940793515055798, 3.8837624503272763, 0.5948157386960488, 0.08317746485022869]","[0.4796074621638949, 1.0941094496719665, 0.46583255820205965, 0.11898082292583641]",CONVERGENCE: NORM OF PROJECTED GRADIENT <= PGTOL,73,0.0078125,0.02679171923873881,37.324965639161945,77,0.00390625,0.006398905522321043,156.27672521679534,81,0.0009765625,0.004747165086065701,210.65203797847445,55,0.1884765625,True,0.33341498925027857,2.9992652767309997,61,0.0732421875,True,0.1566747419812818,6.382649732523393,68,0.0224609375,True,0.051449364798356545,19.436585931026755
n12_d25_s17,12,0.25,17,2,5,True,1,10,L-BFGS-B,60,0.10601249399951485,43.5,0.5370370370370371,0.0009765624999999996,4096,2,0.00048828125,0.00013391454481334652,0.0017787103455524616,"[5.684529799013104, 4.2936823268964295, 2.7730867965140407, 0.01718491238250841]","[6.283185307179586, 1.7367452492752329, 0.0, 3.141592653589793]",CONVERGENCE: NORM OF PROJECTED GRADIENT <= PGTOL,73,0.0078125,0.0078125,128.0,77,0.00390625,0.00390625,256.0,81,0.0009765625,0.0009765624999999996,1024.0000000000005,55,0.1884765625,True,0.1884765625,5.305699481865285,61,0.0732421875,True,0.07324218749999999,13.653333333333336,68,0.0224609375,True,0.022460937499999997,44.52173913043479
n12_d25_s17,12,0.25,17,2,6,True,16,120,L-BFGS-B,60,1.503026836000572,48.604623211626595,0.6000570766867481,0.0004174094569028404,4096,0,0.0,0.0,0.0009369774073651883,"[4.66975197361332, 0.7091359634980716, 2.102654202729943, 1.289465079999116]","[4.343832207047176, 1.059412533186002, 1.9224521362124092, 1.1105258409434]",CONVERGENCE: RELATIVE REDUCTION OF F <= FACTR*EPSMCH,73,0.0078125,0.01549681186767542,64.52940182398973,77,0.00390625,0.009783421684373543,102.21372769787062,81,0.0009765625,0.0004174094569028404,2395.7291418837403,55,0.1884765625,True,0.3207705649210732,3.1174930288446316,61,0.0732421875,True,0.12354507833631562,8.094211549874858,68,0.0224609375,True,0.030340450062669326,32.95930014005932
n12_d25_s17,12,0.25,17,2,7,True,17,150,L-BFGS-B,60,1.6940543629998501,52.01926265176483,0.6422131191575905,0.009275294110462115,4096,36,0.0087890625,0.006355424717037815,0.012143207384338531,"[1.0459307676029672, 0.456118423899126, 1.2958716023796375, 0.5903419469186855]","[1.2308169425837485, 0.9686066915436491, 1.2475040304741936, 0.1997477851480439]",CONVERGENCE: RELATIVE REDUCTION OF F <= FACTR*EPSMCH,73,0.0078125,0.029378478740563402,34.03852217233024,77,0.00390625,0.02477442617198774,40.36420432335554,81,0.0009765625,0.009275294110462115,107.81329282831527,55,0.1884765625,True,0.4116024028405923,2.429529062752546,61,0.0732421875,True,0.22318920785123392,4.480503379296668,68,0.0224609375,True,0.0914705637327978,10.932478812759724
n12_d25_s17,12,0.25,17,2,8,True,18,125,L-BFGS-B,60,1.3000738000000638,52.273338259199065,0.6453498550518403,0.018646916263883196,4096,79,0.019287109375,0.015503626084669948,0.023971426901219724,"[1.1315342966038202, 1.424009737841987, 3.1137420429232217, 1.7519488290651388]","[1.2225718674546668, 1.2976477363858365, 2.7773946825557214, 1.7445493161092214]",CONVERGENCE: NORM OF PROJECTED GRADIENT <= PGTOL,73,0.0078125,0.04280302392015261,23.362835342322107,77,0.00390625,0.03704201870930924,26.996368849322035,81,0.0009765625,0.018646916263883196,53.62817024801458,55,0.1884765625,True,0.4367425832466838,2.2896782644049467,61,0.0732421875,True,0.22397290681265045,4.464825742680042,68,0.0224609375,True,0.09230398295167098,10.833768684971973
n12_d25_s17,12,0.25,17,2,9,True,1,10,L-BFGS-B,60,0.09848118500030978,43.50000000000001,0.5370370370370371,0.0009765625000000009,4096,3,0.000732421875,0.0002491200948151938,0.0021513285370509242,"[4.01214104823757, 1.6318084857591748, 1.9150918319997652, 1.5082475548358676]","[0.0, 0.0, 1.2327619019590177, 3.141592653589793]",CONVERGENCE: NORM OF PROJECTED GRADIENT <= PGTOL,73,0.0078125,0.007812500000000007,127.99999999999989,77,0.00390625,0.0039062500000000035,255.99999999999977,81,0.0009765625,0.0009765625000000009,1023.9999999999991,55,0.1884765625,True,0.1884765625000001,5.305699481865282,61,0.0732421875,True,0.07324218750000006,13.653333333333324,68,0.0224609375,True,0.022460937500000014,44.52173913043475
n12_d25_s17,12,0.25,17,2,10,True,17,125,L-BFGS-B,60,1.5156617039992852,51.3562402772025,0.6340276577432408,0.004321723428520541,4096,17,0.004150390625,0.0025929778542005417,0.0066370031586699164,"[2.0473495300750812, 0.9082538778579912, 0.8185685498994137, 2.05314954365462]","[2.1916505806939104, 0.9153715552645979, 0.6317507047939452, 1.9010220456137172]",CONVERGENCE: RELATIVE REDUCTION OF F <= FACTR*EPSMCH,73,0.0078125,0.012535353388946659,79.77437643535231,77,0.00390625,0.007065319104921287,141.53642392506498,81,0.0009765625,0.004321723428520541,231.38917067220353,55,0.1884765625,True,0.42142693436033674,2.372890573588636,61,0.0732421875,True,0.2147872478522552,4.655769883917251,68,0.0224609375,True,0.07970116639321338,12.54686782206428
n12_d25_s17,12,0.25,17,2,11,True,1,10,L-BFGS-B,60,0.09200302600038412,43.5,0.5370370370370371,0.0009765625,4096,4,0.0009765625,0.000379829567061715,0.0025084428063047127,"[4.541130817177596, 2.217227421372329, 2.395493551827286, 2.7562741311924315]","[6.283185307179586, 0.0, 3.141592653589793, 0.0]",CONVERGENCE: NORM OF PROJECTED GRADIENT <= PGTOL,73,0.0078125,0.0078125,128.0,77,0.00390625,0.00390625,256.0,81,0.0009765625,0.0009765625,1024.0,55,0.1884765625,True,0.1884765625,5.305699481865285,61,0.0732421875,True,0.0732421875,13.653333333333334,68,0.0224609375,True,0.0224609375,44.52173913043478
n12_d25_s17,12,0.25,17,2,12,True,1,10,L-BFGS-B,60,0.09395860899985564,43.5,0.5370370370370371,0.0009765625000000004,4096,2,0.00048828125,0.00013391454481334652,0.0017787103455524616,"[1.6845547196730335, 2.0773080192317277, 2.391966426325398, 2.0801862616139832]","[0.0, 2.2776881773612736, 3.141592653589793, 3.141592653589793]",CONVERGENCE: NORM OF PROJECTED GRADIENT <= PGTOL,73,0.0078125,0.007812500000000003,127.99999999999994,77,0.00390625,0.003906250000000002,255.9999999999999,81,0.0009765625,0.0009765625000000004,1023.9999999999995,55,0.1884765625,True,0.18847656249999997,5.305699481865286,61,0.0732421875,True,0.0732421875,13.653333333333334,68,0.0224609375,True,0.0224609375,44.52173913043478
n12_d25_s17,12,0.25,17,2,13,True,16,105,L-BFGS-B,60,1.4315017420003642,47.673725533718255,0.5885645127619538,0.0019942051674832167,4096,7,0.001708984375,0.0008280858168609898,0.0035236577810063684,"[2.567234235106098, 6.033982777688401, 0.9875373582437921, 2.542289942089469]","[2.4410836635626496, 5.655530177867276, 0.6826057651825878, 2.7245091826850794]",CONVERGENCE: NORM OF PROJECTED GRADIENT <= PGTOL,73,0.0078125,0.014619023398870109,68.40402212348118,77,0.00390625,0.010158844180778434,98.43639514543413,81,0.0009765625,0.0019942051674832167,501.4529178369587,55,0.1884765625,True,0.28605344219574524,3.495850259042518,61,0.0732421875,True,0.11417639652324793,8.758377654670385,68,0.0224609375,True,0.03160952074270504,31.636038019677464
n12_d25_s17,12,0.25,17,2,14,True,18,115,L-BFGS-B,60,1.5399527279996619,59.69617887427562,0.736989862645378,0.026516657457163428,4096,115,0.028076171875,0.02344256118222798,0.03359414649767285,"[2.6119323956540166, 3.6353843064448985, 0.381052101474421, 2.6320295071714277]","[2.570611928979502, 3.617808217315157, 0.061159968974118836, 2.7600760787059584]",CONVERGENCE: RELATIVE REDUCTION OF F <= FACTR*EPSMCH,73,0.0078125,0.1232487795040238,8.113670610160908,77,0.00390625,0.07891479852086779,12.67189448295386,81,0.0009765625,0.026516657457163428,37.71214383319085,55,0.1884765625,True,0.7211403728555164,1.3866925742075384,61,0.0732421875,True,0.47617490157851416,2.1000686862852533,68,0.0224609375,True,0.2523460964022404,3.9628114492644935
n12_d25_s17,12,0.25,17,2,15,True,1,10,L-BFGS-B,60,0.07821087800039095,43.5,0.5370370370370371,0.0009765625,4096,8,0.001953125,0.0009900179449591885,0.0038495493944084797,"[3.1302298729099025, 4.444388783747763, 0.8863836645507114, 1.664265642484939]","[0.0, 6.283185307179586, 3.141592653589793, 0.0]",CONVERGENCE: NORM OF PROJECTED GRADIENT <= PGTOL,73,0.0078125,0.0078125,128.0,77,0.00390625,0.00390625,256.0,81,0.0009765625,0.0009765625,1024.0,55,0.1884765625,True,0.1884765625,5.305699481865285,61,0.0732421875,True,0.0732421875,13.653333333333334,68,0.0224609375,True,0.0224609375,44.52173913043478
n12_d25_s17,12,0.25,17,2,16,True,15,105,L-BFGS-B,60,0.9416532610002832,46.6954408614993,0.5764869242160408,0.0037518121040794154,4096,18,0.00439453125,0.002781615150444107,0.006936189603926662,"[5.545127483060876, 5.015312825576118, 0.24422906703028324, 0.1905057812617439]","[5.570611362947649, 4.967849299044962, 0.0, 0.372706569039188]",CONVERGENCE: NORM OF PROJECTED GRADIENT <= PGTOL,73,0.0078125,0.015168869681257862,65.92449015733624,77,0.00390625,0.008635745722655595,115.7977587710269,81,0.0009765625,0.0037518121040794154,266.53786817113826,55,0.1884765625,True,0.2513724840657552,3.9781601543087564,61,0.0732421875,True,0.10724653437897272,9.324310624960063,68,0.0224609375,True,0.03516621546827649,28.436383804282322
n12_d25_s17,12,0.25,17,2,17,True,1,10,L-BFGS-B,60,0.09389571399970009,43.5,0.5370370370370371,0.0009765625,4096,5,0.001220703125,0.0005215205909937573,0.0028545755238729804,"[3.381939618786845, 1.393184733458087, 0.44751228666234444, 1.6481824169813626]","[6.283185307179586, 6.283185307179586, 3.141592653589793, 0.0]",CONVERGENCE: NORM OF PROJECTED GRADIENT <= PGTOL,73,0.0078125,0.0078125,128.0,77,0.00390625,0.00390625,256.0,81,0.0009765625,0.0009765625,1024.0,55,0.1884765625,True,0.1884765625,5.305699481865285,61,0.0732421875,True,0.0732421875,13.653333333333334,68,0.0224609375,True,0.0224609375,44.52173913043478
n12_d25_s17,12,0.25,17,2,18,True,15,115,L-BFGS-B,60,0.8588166010003988,50.76858052614877,0.6267725990882563,0.005014793698212245,4096,21,0.005126953125,0.0033558642108143656,0.007825411768057332,"[4.065593366789672, 1.805495350695683, 1.577936830240095, 1.3819942683736766]","[2.6792712488359003, 1.0691237729615433, 1.2518837897576847, 1.2677432563156346]",CONVERGENCE: RELATIVE REDUCTION OF F <= FACTR*EPSMCH,73,0.0078125,0.030578317202940387,32.70291145726753,77,0.00390625,0.020768800224173677,48.14914627740789,81,0.0009765625,0.005014793698212245,199.40999773460197,55,0.1884765625,True,0.3829293641322113,2.6114476811309175,61,0.0732421875,True,0.18400176064317508,5.434730605318757,68,0.0224609375,True,0.07304642652619141,13.689923621950783
n12_d25_s17,12,0.25,17,2,19,True,15,125,L-BFGS-B,60,1.1709300269994856,59.46699909446283,0.7341604826476892,0.022244330525620144,4096,100,0.0244140625,0.020114624238054088,0.0296047273193421,"[0.1309666374546387, 2.754281058751992, 3.012819213243256, 0.2123554661346752]","[6.189270891448344, 5.752474946917569, 2.760358934210539, 0.0]",CONVERGENCE: RELATIVE REDUCTION OF F <= FACTR*EPSMCH,73,0.0078125,0.1152330601362001,8.678065121398726,77,0.00390625,0.07154271357753107,13.977663831779273,81,0.0009765625,0.022244330525620144,44.9552751811631,55,0.1884765625,True,0.7142053458769717,1.4001575398068484,61,0.0732421875,True,0.46673583948207875,2.1425395596568433,68,0.0224609375,True,0.24073286142754086,4.153982111416036
n12_d25_s17,12,0.25,17,3,0,True,1,14,L-BFGS-B,60,0.024538690000554197,43.49999999999994,0.5370370370370363,0.0009765624999999653,4096,5,0.001220703125,0.0005215205909937573,0.0028545755238729804,"[1.5927614107934425, 2.253274763108392, 4.23130708025238, 0.33042088420180565, 2.1066112684207163, 2.5343828059884594]","[6.283185307179586, 6.283185307179586, 6.283185307179586, 0.0, 3.141592653589793, 1.5918933360099636]",CONVERGENCE: NORM OF PROJECTED GRADIENT <= PGTOL,73,0.0078125,0.007812499999999912,128.00000000000145,77,0.00390625,0.0039062499999999315,256.0000000000045,81,0.0009765625,0.0009765624999999653,1024.0000000000364,55,0.1884765625,True,0.18847656249999947,5.305699481865299,61,0.0732421875,True,0.07324218749999999,13.653333333333336,68,0.0224609375,True,0.0224609375000002,44.52173913043438
n12_d25_s17,12,0.25,17,3,1,True,13,147,L-BFGS-B,60,0.2447693120002441,51.34396789364126,0.6338761468350773,0.0032906059602350324,4096,11,0.002685546875,0.0015002563109177591,0.004802782252950839,"[2.3995086509215895, 4.937959866882136, 2.1638618770366915, 2.924880028449537, 2.7798426862794288, 2.080000944041852]","[2.4507816239723414, 4.815140776351634, 2.234969308184489, 3.141592653589793, 3.141592653589793, 1.973680706669035]",CONVERGENCE: NORM OF PROJECTED GRADIENT <= PGTOL,73,0.0078125,0.02384031575457922,41.94575316427683,77,0.00390625,0.012953860675954006,77.1970631007542,81,0.0009765625,0.0032906059602350324,303.8953955850049,55,0.1884765625,True,0.376084945238107,2.6589737575559687,61,0.0732421875,True,0.1875499862756121,5.331911880443759,68,0.0224609375,True,0.07022710098914145,14.23951702284593
n12_d25_s17,12,0.25,17,3,2,True,30,287,L-BFGS-B,60,0.5544059330004529,53.00000407759127,0.654321037994954,0.0005901663617194959,4096,3,0.000732421875,0.0002491200948151938,0.0021513285370509242,"[2.2290479172721183, 2.8191445964745743, 5.261117915625196, 0.059532589901471644, 0.14122287781191137, 0.529811103389498]","[2.1523762025186812, 2.950612667559691, 4.885391737674436, 0.5123888665270865, 0.3154765247304087, 0.0]",CONVERGENCE: RELATIVE REDUCTION OF F <= FACTR*EPSMCH,73,0.0078125,0.02792756262289805,35.806919977330615,77,0.00390625,0.004415614344716496,226.46905321261812,81,0.0009765625,0.0005901663617194959,1694.4374753695242,55,0.1884765625,True,0.481358158559708,2.0774551801347716,61,0.0732421875,True,0.24135111242839913,4.14334116772164,68,0.0224609375,True,0.09199820268809575,10.869777569354587
n12_d25_s17,12,0.25,17,3,3,True,21,224,L-BFGS-B,60,0.47849176799991255,63.96715724387206,0.7897179906650872,0.055260100900910505,4096,214,0.05224609375,0.04584127596794985,0.05948998212048167,"[3.1322779678221377, 2.9015381047445925, 5.788104032597248, 2.5235097775985893, 2.673880165571928, 0.8898551342828027]","[0.4820951622159497, 5.888725458896755, 6.095228743285799, 3.141592653589793, 0.24591196539349686, 2.8836183032198917]",CONVERGENCE: NORM OF PROJECTED GRADIENT <= PGTOL,73,0.0078125,0.2178808235477674,4.589665045858263,77,0.00390625,0.15171212220704194,6.59143109629234,81,0.0009765625,0.055260100900910505,18.096239125461373,55,0.1884765625,True,0.8442330557184696,1.1845070424883655,61,0.0732421875,True,0.6562084606159964,1.5239059841765519,68,0.0224609375,True,0.4029919561282679,2.4814391076374513
n12_d25_s17,12,0.25,17,3,4,True,1,14,L-BFGS-B,60,0.02401864300009038,43.5,0.5370370370370371,0.0009765625,4096,2,0.00048828125,0.00013391454481334652,0.0017787103455524616,"[1.631174801390193, 3.571376404450904, 2.6347260430647097, 0.9620036361956736, 2.299609831951923, 2.752958556817384]","[0.0, 6.283185307179586, 0.0, 3.141592653589793, 0.0, 0.0]",CONVERGENCE: NORM OF PROJECTED GRADIENT <= PGTOL,73,0.0078125,0.0078125,128.0,77,0.00390625,0.00390625,256.0,81,0.0009765625,0.0009765625,1024.0,55,0.1884765625,True,0.1884765625,5.305699481865285,61,0.0732421875,True,0.0732421875,13.653333333333334,68,0.0224609375,True,0.0224609375,44.52173913043478
n12_d25_s17,12,0.25,17,3,5,True,15,189,L-BFGS-B,60,2.316973407999285,51.213012383092945,0.6322594121369499,0.0018163203956434442,4096,9,0.002197265625,0.0011564392881765655,0.0041709517926914125,"[4.212679337977891, 1.6562143979144506, 4.450826040605832, 0.04311556766227527, 1.3562637702476408, 2.230900217174093]","[0.6683690146231202, 0.26521305273840745, 3.171271917095771, 0.0, 0.2661643721547938, 2.654602727522073]",CONVERGENCE: NORM OF PROJECTED GRADIENT <= PGTOL,73,0.0078125,0.015895133171640145,62.91233858827838,77,0.00390625,0.005293637996761203,188.90600388840872,81,0.0009765625,0.0018163203956434442,550.5636573803616,55,0.1884765625,True,0.4011394112409965,2.4928989074055856,61,0.0732421875,True,0.17404707845952694,5.745571881188117,68,0.0224609375,True,0.05565987239437249,17.966264689121086
n12_d25_s17,12,0.25,17,3,6,True,26,287,L-BFGS-B,60,3.2882896219998656,64.00130126551039,0.7901395217964245,0.05638978714448062,4096,238,0.05810546875,0.05134654530083021,0.06569248258360874,"[3.8616181598141797, 3.882135835074571, 5.264119439241434, 0.9060338126404665, 0.9858113981214448, 1.6273379306332876]","[0.4348819586500823, 5.937205400523238, 6.094038825038101, 0.021059765828754694, 0.24739550224434623, 2.887598497590153]",CONVERGENCE: RELATIVE REDUCTION OF F <= FACTR*EPSMCH,73,0.0078125,0.21656433917840384,4.617565402474729,77,0.00390625,0.15181882161431548,6.58679858904732,81,0.0009765625,0.05638978714448062,17.733707655923986,55,0.1884765625,True,0.8450031816852046,1.1834274966937788,61,0.0732421875,True,0.6579158149405075,1.5199513027216494,68,0.0224609375,True,0.40409210395920503,2.4746833462030593
n12_d25_s17,12,0.25,17,3,7,True,12,126,L-BFGS-B,60,1.4662007169999924,51.082945927092865,0.6306536534208995,0.011318808986985257,4096,40,0.009765625,0.007179999699176743,0.013269927368200842,"[6.08217317927476, 2.382784224863816, 3.411898879381244, 2.3574991867114052, 0.6148219322601978, 0.06362745043566428]","[0.0, 4.353650658751242, 3.1660908023490872, 2.552681431252246, 3.141592653589793, 2.7582573771593326]",CONVERGENCE: RELATIVE REDUCTION OF F <= FACTR*EPSMCH,73,0.0078125,0.02967976557273142,33.69298849579728,77,0.00390625,0.025247956327012707,39.60716610279079,81,0.0009765625,0.011318808986985257,88.34851804194534,55,0.1884765625,True,0.39552424749144544,2.5282900007833993,61,0.0732421875,True,0.20755726707608846,4.817947422835404,68,0.0224609375,True,0.08402071455454845,11.901826892352526
n12_d25_s17,12,0.25,17,3,8,True,31,308,L-BFGS-B,60,3.5120345200002703,49.37935787365572,0.6096217021438978,9.034433563918122e-05,4096,0,0.0,0.0,0.0009369774073651883,"[1.5656465026326527, 5.502401154773281, 2.5785564830844274, 2.0306713463157537, 1.9097258968966777, 2.2682785690193574]","[1.6598327463095477, 5.599469570877698, 2.6002522346847288, 2.0012682889892193, 2.210469187417373, 1.8877299894927606]",CONVERGENCE: RELATIVE REDUCTION OF F <= FACTR*EPSMCH,73,0.0078125,0.015215485339742508,65.72251740061307,77,0.00390625,0.0031653816901968533,315.91766740073945,81,0.0009765625,9.034433563918122e-05,11068.762561870148,55,0.1884765625,True,0.3411572464789675,2.93119964567908,61,0.0732421875,True,0.15236472258348294,6.563199033503867,68,0.0224609375,True,0.053178173393902226,18.80470757415423
n12_d25_s17,12,0.25,17,3,9,True,29,259,L-BFGS-B,60,3.1795935370000734,53.035914558953245,0.6547643772710278,0.00852651457543948,4096,41,0.010009765625,0.0073873457194077235,0.013550405089470172,"[3.2361778036091993, 1.5902509258780229, 3.3574589565474273, 1.1398682175387642, 2.128193919321426, 1.3402326839419811]","[3.4306337743927364, 1.646402823070154, 3.3686263877918496, 1.38739612950222, 1.9092542450161778, 1.8047693487112721]",CONVERGENCE: NORM OF PROJECTED GRADIENT <= PGTOL,73,0.0078125,0.04007281869734513,24.954571016144946,77,0.00390625,0.020278684346588333,49.31286383814338,81,0.0009765625,0.00852651457543948,117.28121627569695,55,0.1884765625,True,0.4628211195549756,2.160661987425179,61,0.0732421875,True,0.24747757728754807,4.040770121319251,68,0.0224609375,True,0.1053050580824526,9.496220012689344
n12_d25_s17,12,0.25,17,3,10,True,11,112,L-BFGS-B,60,1.0057214610005758,49.24122407479387,0.6079163466023935,0.0007007623336330944,4096,3,0.000732421875,0.0002491200948151938,0.0021513285370509242,"[0.8771512652861628, 1.3341680832277127, 6.249419627964948, 0.2206250784201762, 1.5629374110003675, 1.4382704001830355]","[0.0, 0.20791009976742927, 3.901476426666832, 3.141582528077913, 3.141592653589793, 2.7392278139122297]",CONVERGENCE: NORM OF PROJECTED GRADIENT <= PGTOL,73,0.0078125,0.010577154962399778,94.5433818030323,77,0.00390625,0.0031740331059040925,315.05657522597255,81,0.0009765625,0.0007007623336330944,1427.017338125911,55,0.1884765625,True,0.3325053333315444,3.007470556879429,61,0.0732421875,True,0.13505532252424646,7.404373121396013,68,0.0224609375,True,0.04220671882319847,23.692910225714126
n12_d25_s17,12,0.25,17,3,11,True,1,14,L-BFGS-B,60,0.1366371980002441,43.49999999999996,0.5370370370370365,0.0009765625000000178,4096,8,0.001953125,0.0009900179449591885,0.0038495493944084797,"[6.272911271321725, 1.1708639537857664, 5.607414996979254, 0.4332749807706106, 0.06637440911098734, 2.5748753686545385]","[6.283185307179586, 6.283185307179586, 6.283185307179586, 2.283287391676587, 0.0, 0.0]",CONVERGENCE: NORM OF PROJECTED GRADIENT <= PGTOL,73,0.0078125,0.007812499999999968,128.00000000000054,77,0.00390625,0.0039062500000000425,255.99999999999721,81,0.0009765625,0.0009765625000000178,1023.9999999999814,55,0.1884765625,True,0.18847656249999942,5.305699481865301,61,0.0732421875,True,0.0732421874999998,13.65333333333337,68,0.0224609375,True,0.022460937499999844,44.521739130435094
n12_d25_s17,12,0.25,17,3,12,True,7,70,L-BFGS-B,60,1.0944461139997657,46.80297094939887,0.5778144561654182,0.001747382997776297,4096,9,0.002197265625,0.0011564392881765655,0.0041709517926914125,"[1.1206741891448293, 6.029445402503996, 2.620684808546049, 0.9507088781749281, 1.504229438814325, 0.054429435339970626]","[6.283185307179586, 5.205219516369862, 6.283185307179586, 0.010839166789357261, 2.732521949562227, 3.126158189308154e-09]",CONVERGENCE: NORM OF PROJECTED GRADIENT <= PGTOL,73,0.0078125,0.020202510273144028,49.49879923235769,77,0.00390625,0.010890445258593236,91.8236101697438,81,0.0009765625,0.001747382997776297,572.2843825724473,55,0.1884765625,True,0.26880550885561444,3.7201618532942256,61,0.0732421875,True,0.11749445199949832,8.511040163873183,68,0.0224609375,True,0.04709489843845936,21.233722402156506
n12_d25_s17,12,0.25,17,3,13,True,19,203,L-BFGS-B,60,3.0699648980007623,61.507049483498434,0.7593462899197337,0.037892789116174046,4096,136,0.033203125,0.028138784376593545,0.0391422218748138,"[2.7460813077428434, 0.45607194106857685, 2.1751647167010786, 1.7409870498100737, 2.0112306401995506, 2.568865933751509]","[2.992692287317982, 0.7923620844290176, 2.398433074184705, 1.7352381205657104, 1.5128237193257013, 2.6881324153743416]",CONVERGENCE: RELATIVE REDUCTION OF F <= FACTR*EPSMCH,73,0.0078125,0.15663556024503159,6.384246325902356,77,0.00390625,0.10590379234837809,9.442532489397816,81,0.0009765625,0.037892789116174046,26.390245303245916,55,0.1884765625,True,0.7757682551964353,1.2890447544115944,61,0.0732421875,True,0.5408613793475772,1.8489025805581945,68,0.0224609375,True,0.2928778984156635,3.414392159359058
n12_d25_s17,12,0.25,17,3,14,True,1,14,L-BFGS-B,60,0.10149550899950555,43.5,0.5370370370370371,0.0009765625,4096,2,0.00048828125,0.00013391454481334652,0.0017787103455524616,"[3.7480475031987313, 1.620481770644049, 3.863208015696393, 1.048839826048424, 2.51292079606292, 0.32629768604218795]","[6.283185307179586, 0.0, 0.0, 3.141592653589793, 3.141592653589793, 0.0]",CONVERGENCE: NORM OF PROJECTED GRADIENT <= PGTOL,73,0.0078125,0.0078125,128.0,77,0.00390625,0.00390625,256.0,81,0.0009765625,0.0009765625,1024.0,55,0.1884765625,True,0.1884765625,5.305699481865285,61,0.0732421875,True,0.0732421875,13.653333333333334,68,0.0224609375,True,0.0224609375,44.52173913043478
n12_d25_s17,12,0.25,17,3,15,True,20,182,L-BFGS-B,60,2.4286869810002827,54.22958573437738,0.6695010584491035,0.005078872320787165,4096,19,0.004638671875,0.00297171178976659,0.007233916706104488,"[1.1981304635107308, 0.46992174018705474, 1.5926099658629957, 1.1308963834560186, 2.1332427656028767, 1.4215083569794686]","[1.2299134343675417, 0.34489304426722334, 1.4817559969092928, 1.3395277306578723, 1.7766512067256766, 1.3071037594220185]",CONVERGENCE: RELATIVE REDUCTION OF F <= FACTR*EPSMCH,73,0.0078125,0.054019596358729785,18.511800668765936,77,0.00390625,0.028839087721854582,34.675160658504076,81,0.0009765625,0.005078872320787165,196.89410106001876,55,0.1884765625,True,0.5002613758164661,1.9989550429871203,61,0.0732421875,True,0.2800795748497502,3.5704138744728313,68,0.0224609375,True,0.12294948707852665,8.133421486836376
n12_d25_s17,12,0.25,17,3,16,True,25,238,L-BFGS-B,60,1.9765099659998668,60.09170236708391,0.741872868729431,0.029865583818662444,4096,110,0.02685546875,0.022330520952623504,0.032267068019775774,"[4.55500655170917, 2.034355982073007, 6.0959439814669425, 1.0524373250364845, 0.23642530063145262, 0.31543063177554914]","[4.446848601358067, 2.279125374953284, 5.936169298211987, 1.6142619570948495, 0.08929735159464404, 0.3789734523487716]",CONVERGENCE: NORM OF PROJECTED GRADIENT <= PGTOL,73,0.0078125,0.13207850333235965,7.5712547823442575,77,0.00390625,0.08915752512222913,11.216103168286304,81,0.0009765625,0.029865583818662444,33.483356832124564,55,0.1884765625,True,0.7315842752769202,1.3668965200509249,61,0.0732421875,True,0.4832242098448984,2.0694327387300655,68,0.0224609375,True,0.25509777012316165,3.920065626278106
n12_d25_s17,12,0.25,17,3,17,True,24,273,L-BFGS-B,60,3.1367406270001084,52.29391841420447,0.6456039310395614,0.01719321439599692,4096,63,0.015380859375,0.012040724876904885,0.019629148244979834,"[0.48298167164580685, 6.193524585423958, 4.538889193537506, 1.5879407616758938, 1.5853306781868797, 1.903199979558589]","[0.5681952556735606, 6.220340603101342, 4.520141872012029, 1.28607822603191, 1.7950824848060536, 1.9137119289185218]",CONVERGENCE: RELATIVE REDUCTION OF F <= FACTR*EPSMCH,73,0.0078125,0.03823519660657044,26.15391285390062,77,0.00390625,0.03350926477983984,29.84249301111582,81,0.0009765625,0.01719321439599692,58.1624806721906,55,0.1884765625,True,0.44288119556522,2.2579418815101557,61,0.0732421875,True,0.22010776728878204,4.543229038746266,68,0.0224609375,True,0.09902897402179543,10.098054734767913
n12_d25_s17,12,0.25,17,3,18,True,28,301,L-BFGS-B,60,1.4089244799997687,52.59823057516353,0.6493608712983151,0.0024885332535712996,4096,12,0.0029296875,0.0016767322242621596,0.005114130081106749,"[3.1725487823703586, 4.949340941676173, 0.3374834357809428, 1.6691130118856337, 2.5559756883952405, 2.587959172166447]","[3.2074280831357234, 5.165209381432596, 0.6498586005931006, 1.981478897919203, 3.141592653589793, 2.976236795101399]",CONVERGENCE: NORM OF PROJECTED GRADIENT <= PGTOL,73,0.0078125,0.038333193948625784,26.087051377461577,77,0.00390625,0.015656465484800233,63.87137639531924,81,0.0009765625,0.0024885332535712996,401.84313332558355,55,0.1884765625,True,0.4261033894775249,2.3468482642819852,61,0.0732421875,True,0.23194023381001394,4.31145551409212,68,0.0224609375,True,0.08820809226466629,11.33682833769405
n12_d25_s17,12,0.25,17,3,19,True,1,14,L-BFGS-B,60,0.12046366599952307,43.5,0.5370370370370371,0.0009765625,4096,4,0.0009765625,0.000379829567061715,0.0025084428063047127,"[4.577978555481265, 4.810173945661515, 0.4209725601107972, 0.9303846587748478, 1.2755493194079937, 2.036186296399165]","[6.283185307179586, 6.283185307179586, 6.283185307179586, 3.141592653589793, 3.141592653589793, 3.141592653589793]",CONVERGENCE: NORM OF PROJECTED GRADIENT <= PGTOL,73,0.0078125,0.0078125,128.0,77,0.00390625,0.00390625,256.0,81,0.0009765625,0.0009765625,1024.0,55,0.1884765625,True,0.1884765625,5.305699481865285,61,0.0732421875,True,0.0732421875,13.653333333333334,68,0.0224609375,True,0.0224609375,44.52173913043478
n12_d25_s42,12,0.25,42,1,0,True,8,48,L-BFGS-B,60,0.0490455760000259,35.52176281321253,0.5729316582776215,0.0004600841631872924,4096,3,0.000732421875,0.0002491200948151938,0.0021513285370509242,"[4.862938468165065, 0.038399097513111255]","[4.382969861519254, 0.46576255903933494]",CONVERGENCE: NORM OF PROJECTED GRADIENT <= PGTOL,56,0.00732421875,0.01737942285195521,57.53931005180063,59,0.00244140625,0.003057270300417113,327.08916835504107,62,0.00048828125,0.0004600841631872924,2173.515369606228,41,0.2119140625,True,0.3044260329667475,3.2848701875283783,46,0.09521484375,True,0.1596845876398911,6.262345131611112,51,0.0341796875,True,0.056711558895369774,17.633089611325165
n12_d25_s42,12,0.25,42,1,1,True,1,6,L-BFGS-B,60,0.0035128549998262315,32.5,0.5241935483870968,0.00048828125,4096,0,0.0,0.0,0.0009369774073651883,"[1.4174610509752488, 2.269727149001797]","[0.0, 3.141592653589793]",CONVERGENCE: NORM OF PROJECTED GRADIENT <= PGTOL,56,0.00732421875,0.00732421875,136.53333333333333,59,0.00244140625,0.00244140625,409.6,62,0.00048828125,0.00048828125,2048.0,41,0.2119140625,True,0.2119140625,4.71889400921659,46,0.09521484375,True,0.09521484375,10.502564102564103,51,0.0341796875,True,0.0341796875,29.257142857142856
n12_d25_s42,12,0.25,42,1,2,True,7,33,L-BFGS-B,60,0.018580023999675177,35.02301953356039,0.5648874118316192,0.0004447236167707628,4096,1,0.000244140625,4.309811523941186e-05,0.0013817030336260863,"[1.2893944609606376, 2.3286107180489033]","[1.2670475619459427, 2.075610670709203]",CONVERGENCE: NORM OF PROJECTED GRADIENT <= PGTOL,56,0.00732421875,0.013532109263939853,73.89830960534614,59,0.00244140625,0.0031530614021429595,317.1520856905469,62,0.00048828125,0.0004447236167707628,2248.5875772940117,41,0.2119140625,True,0.2943834770919791,3.3969297797496747,46,0.09521484375,True,0.1468058793952133,6.811716289018093,51,0.0341796875,True,0.053189709015863174,18.800629266495186
n12_d25_s42,12,0.25,42,1,3,True,1,6,L-BFGS-B,60,0.003141723000226193,32.5,0.5241935483870968,0.00048828125,4096,1,0.000244140625,4.309811523941186e-05,0.0013817030336260863,"[0.8658324403019799, 2.812365102812536]","[0.0, 3.141592653589793]",CONVERGENCE: NORM OF PROJECTED GRADIENT <= PGTOL,56,0.00732421875,0.00732421875,136.53333333333333,59,0.00244140625,0.00244140625,409.6,62,0.00048828125,0.00048828125,2048.0,41,0.2119140625,True,0.2119140625,4.71889400921659,46,0.09521484375,True,0.09521484375,10.502564102564103,51,0.0341796875,True,0.0341796875,29.257142857142856
n12_d25_s42,12,0.25,42,1,4,True,1,6,L-BFGS-B,60,0.0033196829999724287,32.5,0.5241935483870968,0.00048828125,4096,0,0.0,0.0,0.0009369774073651883,"[0.5448208224744084, 2.845304927058941]","[0.0, 3.141592653589793]",CONVERGENCE: NORM OF PROJECTED GRADIENT <= PGTOL,56,0.00732421875,0.00732421875,136.53333333333333,59,0.00244140625,0.00244140625,409.6,62,0.00048828125,0.00048828125,2048.0,41,0.2119140625,True,0.2119140625,4.71889400921659,46,0.09521484375,True,0.09521484375,10.502564102564103,51,0.0341796875,True,0.0341796875,29.257142857142856
n12_d25_s42,12,0.25,42,1,5,True,10,60,L-BFGS-B,60,0.3788653510000586,36.5280421175875,0.5891619696385081,6.335150258395165e-05,4096,0,0.0,0.0,0.0009369774073651883,"[2.5323660677069952, 2.90032113625652]","[4.6251734003491585, 2.763089695984858]",CONVERGENCE: NORM OF PROJECTED GRADIENT <= PGTOL,56,0.00732421875,0.03671215628436109,27.238933944775866,59,0.00244140625,0.014432854722222844,69.28636220942902,62,0.00048828125,6.335150258395165e-05,15784.9452532689,41,0.2119140625,True,0.3454946172438735,2.894401099436326,46,0.09521484375,True,0.1860491421827346,5.374924002701476,51,0.0341796875,True,0.09968348529369568,10.031751970285928
n12_d25_s42,12,0.25,42,1,6,True,7,33,L-BFGS-B,60,0.23190450299989607,47.21516979310799,0.761534996663032,0.015450002423795546,4096,65,0.015869140625,0.012470639018872916,0.020174881586012418,"[6.091184327696518, 2.9186189728082894]","[6.154373872041008, 2.7512511076945185]",CONVERGENCE: NORM OF PROJECTED GRADIENT <= PGTOL,56,0.00732421875,0.13565143168245927,7.371835207319138,59,0.00244140625,0.05941692404176684,16.83022162670445,62,0.00048828125,0.015450002423795546,64.72490893980932,41,0.2119140625,True,0.814740494875537,1.2273846780535487,46,0.09521484375,True,0.6327936756141715,1.5802939228642392,51,0.0341796875,True,0.38877703800972907,2.5721683696118265
n12_d25_s42,12,0.25,42,1,7,True,1,6,L-BFGS-B,60,0.02831423400039057,32.5,0.5241935483870968,0.00048828125,4096,3,0.000732421875,0.0002491200948151938,0.0021513285370509242,"[2.314371135547695, 0.7075748123713819]","[6.283185307179586, 3.141592653589793]",CONVERGENCE: NORM OF PROJECTED GRADIENT <= PGTOL,56,0.00732421875,0.00732421875,136.53333333333333,59,0.00244140625,0.00244140625,409.6,62,0.00048828125,0.00048828125,2048.0,41,0.2119140625,True,0.2119140625,4.71889400921659,46,0.09521484375,True,0.09521484375,10.502564102564103,51,0.0341796875,True,0.0341796875,29.257142857142856
n12_d25_s42,12,0.25,42,1,8,True,10,54,L-BFGS-B,60,0.4068107630000668,34.19564176291074,0.5515426090792055,1.5676270016226555e-05,4096,0,0.0,0.0,0.0009369774073651883,"[6.252967363611593, 2.373283426194869]","[5.41493949540096, 2.713099487405083]",CONVERGENCE: RELATIVE REDUCTION OF F <= FACTR*EPSMCH,56,0.00732421875,0.0020476477013628043,488.3652589917952,59,0.00244140625,0.00022090493987731255,4526.834033477865,62,0.00048828125,1.5676270016226555e-05,63790.68483541665,41,0.2119140625,True,0.23628581353893982,4.232162672073414,46,0.09521484375,True,0.09731418436278927,10.275994260733661,51,0.0341796875,True,0.022234235848355148,44.97568555179189
n12_d25_s42,12,0.25,42,1,9,True,8,30,L-BFGS-B,60,0.26635184999940975,34.19564176291221,0.5515426090792291,1.5676250723453308e-05,4096,0,0.0,0.0,0.0009369774073651883,"[5.358903837747207, 2.7920112490411895]","[5.414939497381719, 2.713099178262898]",CONVERGENCE: NORM OF PROJECTED GRADIENT <= PGTOL,56,0.00732421875,0.002047649183774704,488.36490543588474,59,0.00244140625,0.00022090492988544703,4526.834238233444,62,0.00048828125,1.5676250723453308e-05,63790.7633426592,41,0.2119140625,True,0.23628583171496925,4.232162346518924,46,0.09521484375,True,0.09731419070707713,10.275993590801917,51,0.0341796875,True,0.022234233327169804,44.97569065167717
n12_d25_s42,12,0.25,42,1,10,True,1,6,L-BFGS-B,60,0.011283300999821222,32.5,0.5241935483870968,0.00048828125,4096,1,0.000244140625,4.309811523941186e-05,0.0013817030336260863,"[4.677260654371483, 1.6547890179440146]","[6.283185307179586, 0.0]",CONVERGENCE: NORM OF PROJECTED GRADIENT <= PGTOL,56,0.00732421875,0.00732421875,136.53333333333333,59,0.00244140625,0.00244140625,409.6,62,0.00048828125,0.00048828125,2048.0,41,0.2119140625,True,0.2119140625,4.71889400921659,46,0.09521484375,True,0.09521484375,10.502564102564103,51,0.0341796875,True,0.0341796875,29.257142857142856
n12_d25_s42,12,0.25,42,1,11,True,1,6,L-BFGS-B,60,0.030408055999942007,32.5,0.5241935483870968,0.00048828125,4096,4,0.0009765625,0.000379829567061715,0.0025084428063047127,"[2.475995537572055, 1.5197582143021597]","[6.283185307179586, 3.141592653589793]",CONVERGENCE: NORM OF PROJECTED GRADIENT <= PGTOL,56,0.00732421875,0.00732421875,136.53333333333333,59,0.00244140625,0.00244140625,409.6,62,0.00048828125,0.00048828125,2048.0,41,0.2119140625,True,0.2119140625,4.71889400921659,46,0.09521484375,True,0.09521484375,10.502564102564103,51,0.0341796875,True,0.0341796875,29.257142857142856
n12_d25_s42,12,0.25,42,1,12,True,1,6,L-BFGS-B,60,0.01970648600035929,32.5,0.5241935483870968,0.00048828125,4096,3,0.000732421875,0.0002491200948151938,0.0021513285370509242,"[5.741398942062613, 2.102735651624685]","[6.283185307179586, 3.141592653589793]",CONVERGENCE: NORM OF PROJECTED GRADIENT <= PGTOL,56,0.00732421875,0.00732421875,136.53333333333333,59,0.00244140625,0.00244140625,409.6,62,0.00048828125,0.00048828125,2048.0,41,0.2119140625,True,0.2119140625,4.71889400921659,46,0.09521484375,True,0.09521484375,10.502564102564103,51,0.0341796875,True,0.0341796875,29.257142857142856
n12_d25_s42,12,0.25,42,1,13,True,9,36,L-BFGS-B,60,0.2770184770006381,35.02301953356034,0.5648874118316184,0.0004447234783553952,4096,2,0.00048828125,0.00013391454481334652,0.0017787103455524616,"[1.3334310377067595, 1.8130821820507346]","[1.2670475781158106, 2.075610433422107]",CONVERGENCE: NORM OF PROJECTED GRADIENT <= PGTOL,56,0.00732421875,0.01353210493341277,73.8983332541896,59,0.00244140625,0.0031530578389891016,317.15244409237,62,0.00048828125,0.0004447234783553952,2248.5882771425495,41,0.2119140625,True,0.2943834700055484,3.396929861520936,46,0.09521484375,True,0.14680585574244892,6.811717386494209,51,0.0341796875,True,0.05318968948350951,18.800636170474952
n12_d25_s42,12,0.25,42,1,14,True,1,6,L-BFGS-B,60,0.01955010800065793,32.5,0.5241935483870968,0.00048828125,4096,3,0.000732421875,0.0002491200948151938,0.0021513285370509242,"[1.4485710663384856, 0.05882426107079762]","[0.0, 0.0]",CONVERGENCE: NORM OF PROJECTED GRADIENT <= PGTOL,56,0.00732421875,0.00732421875,136.53333333333333,59,0.00244140625,0.00244140625,409.6,62,0.00048828125,0.00048828125,2048.0,41,0.2119140625,True,0.2119140625,4.71889400921659,46,0.09521484375,True,0.09521484375,10.502564102564103,51,0.0341796875,True,0.0341796875,29.257142857142856
n12_d25_s42,12,0.25,42,1,15,True,9,45,L-BFGS-B,60,0.3808490180008448,47.215169793107975,0.7615349966630318,0.01545000145567532,4096,66,0.01611328125,0.01268594169611479,0.020447402650270854,"[0.32987437718039797, 0.4916778117957525]","[0.1288114247748518, 0.39034153833927027]",CONVERGENCE: NORM OF PROJECTED GRADIENT <= PGTOL,56,0.00732421875,0.13565142625852036,7.371835502077438,59,0.00244140625,0.05941692102495344,16.830222481236078,62,0.00048828125,0.01545000145567532,64.72491299556903,41,0.2119140625,True,0.8147405009864466,1.2273846688476278,46,0.09521484375,True,0.6327936694257628,1.5802939383187313,51,0.0341796875,True,0.38877702680734816,2.5721684437273424
n12_d25_s42,12,0.25,42,1,16,True,10,54,L-BFGS-B,60,0.4305324009992546,34.57270472958923,0.5576242698320845,0.0006801238382650388,4096,4,0.0009765625,0.000379829567061715,0.0025084428063047127,"[1.5614634559304879, 1.717437415099323]","[2.4385889744996345, 1.9413329636801333]",CONVERGENCE: RELATIVE REDUCTION OF F <= FACTR*EPSMCH,56,0.00732421875,0.00809016588339925,123.6068597866413,59,0.00244140625,0.004462861109492371,224.07150378778988,62,0.00048828125,0.0006801238382650388,1470.3204677415056,41,0.2119140625,True,0.26108028532960537,3.830239417493866,46,0.09521484375,True,0.11319285377871718,8.834479974812885,51,0.0341796875,True,0.03675238712411358,27.20911696491929
n12_d25_s42,12,0.25,42,1,17,True,1,6,L-BFGS-B,60,0.004479958000047191,32.5,0.5241935483870968,0.00048828125,4096,4,0.0009765625,0.000379829567061715,0.0025084428063047127,"[0.5923134961511349, 2.8958282987851893]","[6.283185307179586, 3.141592653589793]",CONVERGENCE: NORM OF PROJECTED GRADIENT <= PGTOL,56,0.00732421875,0.00732421875,136.53333333333333,59,0.00244140625,0.00244140625,409.6,62,0.00048828125,0.00048828125,2048.0,41,0.2119140625,True,0.2119140625,4.71889400921659,46,0.09521484375,True,0.09521484375,10.502564102564103,51,0.0341796875,True,0.0341796875,29.257142857142856
n12_d25_s42,12,0.25,42,1,18,True,9,36,L-BFGS-B,60,0.3576571650000915,33.28830886924759,0.5369082075685094,0.0009711968823441399,4096,3,0.000732421875,0.0002491200948151938,0.0021513285370509242,"[2.525223610572831, 1.4573883685584594]","[2.57345933589304, 1.1943924419279774]",CONVERGENCE: NORM OF PROJECTED GRADIENT <= PGTOL,56,0.00732421875,0.011903770898505672,84.00699312228312,59,0.00244140625,0.00678748883416945,147.32989245828568,62,0.00048828125,0.0009711968823441399,1029.657341554,41,0.2119140625,True,0.23138838912347437,4.32173802578476,46,0.09521484375,True,0.11442065974774435,8.739680423138914,51,0.0341796875,True,0.050733733801992996,19.710751112915656
n12_d25_s42,12,0.25,42,1,19,True,7,42,L-BFGS-B,60,0.1978719419994377,36.62636608024548,0.5907478400039594,0.00014208295231899347,4096,0,0.0,0.0,0.0009369774073651883,"[2.1401482511309458, 1.00999137237984]","[2.254856823177032, 1.1761927204841907]",CONVERGENCE: NORM OF PROJECTED GRADIENT <= PGTOL,56,0.00732421875,0.007489221027785273,133.525235306845,59,0.00244140625,0.0014307370269160155,698.940462983279,62,0.00048828125,0.00014208295231899347,7038.142040819075,41,0.2119140625,True,0.3345325388162157,2.989245839996977,46,0.09521484375,True,0.12530919395987358,7.980260413455531,51,0.0341796875,True,0.04477409447641382,22.33434336738584
n12_d25_s42,12,0.25,42,2,0,True,16,110,L-BFGS-B,60,0.22374394399957964,35.73761900691819,0.576413209789003,0.005420106698568826,4096,21,0.005126953125,0.0033558642108143656,0.007825411768057332,"[5.708374745615713, 1.0749226025829044, 1.401184839986774, 2.1756248779467993]","[5.729942391980119, 1.1042235980700514, 1.3077426959322869, 1.80451040043164]",CONVERGENCE: RELATIVE REDUCTION OF F <= FACTR*EPSMCH,56,0.00732421875,0.02725222677543176,36.694249179722554,59,0.00244140625,0.017795473558295652,56.19406512134282,62,0.00048828125,0.005420106698568826,184.49821297135148,41,0.2119140625,True,0.3078105743626969,3.2487512882571994,46,0.09521484375,True,0.1777166477592853,5.626934857304342,51,0.0341796875,True,0.07468435946213554,13.389684362319437
n12_d25_s42,12,0.25,42,2,1,True,16,105,L-BFGS-B,60,0.1663506260001668,40.20362623145931,0.648445584378376,0.004494064633458034,4096,17,0.004150390625,0.0025929778542005417,0.0066370031586699164,"[1.2297037718616968, 1.4066010884603395, 2.1569036954609007, 1.69705122581608]","[1.2825236609062516, 1.4824007754624855, 2.064703713851465, 1.95443032758337]",CONVERGENCE: RELATIVE REDUCTION OF F <= FACTR*EPSMCH,56,0.00732421875,0.05180829272730862,19.30192923483253,59,0.00244140625,0.01816493792714401,55.05111022183522,62,0.00048828125,0.004494064633458034,222.5157138495654,41,0.2119140625,True,0.4727764445990108,2.1151646014178183,46,0.09521484375,True,0.3023243205147323,3.3077061028283032,51,0.0341796875,True,0.1429373835443042,6.996070413518132
n12_d25_s42,12,0.25,42,2,2,True,1,10,L-BFGS-B,60,0.011635494999609364,32.5,0.5241935483870968,0.00048828125,4096,3,0.000732421875,0.0002491200948151938,0.0021513285370509242,"[4.723065400709077, 2.283150252803088, 0.6445432413867054, 0.4144647296482272]","[6.283185307179586, 0.0, 3.141592653589793, 0.0]",CONVERGENCE: NORM OF PROJECTED GRADIENT <= PGTOL,56,0.00732421875,0.00732421875,136.53333333333333,59,0.00244140625,0.00244140625,409.6,62,0.00048828125,0.00048828125,2048.0,41,0.2119140625,True,0.2119140625,4.71889400921659,46,0.09521484375,True,0.09521484375,10.502564102564103,51,0.0341796875,True,0.0341796875,29.257142857142856
n12_d25_s42,12,0.25,42,2,3,True,17,115,L-BFGS-B,60,0.16522929399980057,34.98223705551318,0.5642296299276319,0.0007821109075932461,4096,2,0.00048828125,0.00013391454481334652,0.0017787103455524616,"[1.2716957841775254, 2.6894234588567496, 1.256373255724373, 1.7148905561092092]","[2.0909307662892687, 3.466516186686533, 1.2296404407291457, 1.9035822672385512]",CONVERGENCE: NORM OF PROJECTED GRADIENT <= PGTOL,56,0.00732421875,0.02166063180874298,46.16670505411414,59,0.00244140625,0.010442773375892092,95.76000206119318,62,0.00048828125,0.0007821109075932461,1278.5910416174272,41,0.2119140625,True,0.30453346563959893,3.2837113579610757,46,0.09521484375,True,0.15083266994338496,6.6298634133795415,51,0.0341796875,True,0.0759064795435305,13.17410589996503
n12_d25_s42,12,0.25,42,2,4,True,1,10,L-BFGS-B,60,0.010124489000190806,32.5,0.5241935483870968,0.0004882812499999999,4096,3,0.000732421875,0.0002491200948151938,0.0021513285370509242,"[4.695711804348512, 0.4642640918115328, 2.937938073202829, 1.978141198407168]","[0.0, 3.43727544159376, 3.141592653589793, 0.0]",CONVERGENCE: NORM OF PROJECTED GRADIENT <= PGTOL,56,0.00732421875,0.00732421875,136.53333333333333,59,0.00244140625,0.00244140625,409.6,62,0.00048828125,0.0004882812499999999,2048.0000000000005,41,0.2119140625,True,0.2119140625,4.71889400921659,46,0.09521484375,True,0.09521484375,10.502564102564103,51,0.0341796875,True,0.0341796875,29.257142857142856
n12_d25_s42,12,0.25,42,2,5,True,14,95,L-BFGS-B,60,0.8148437449999619,38.9776853857681,0.6286723449317435,0.00016728030527271792,4096,1,0.000244140625,4.309811523941186e-05,0.0013817030336260863,"[0.7033813033914327, 2.915141523724276, 0.6858946258400426, 1.293362659512939]","[0.6742723523093771, 2.9381356567218093, 0.8571032225764619, 1.1581969510968233]",CONVERGENCE: NORM OF PROJECTED GRADIENT <= PGTOL,56,0.00732421875,0.05073040596230213,19.71204410907143,59,0.00244140625,0.002887580136820511,346.31073515455444,62,0.00048828125,0.00016728030527271792,5977.990047122971,41,0.2119140625,True,0.4544318206296969,2.2005501256807247,46,0.09521484375,True,0.24713935818359517,4.04630006062053,51,0.0341796875,True,0.1069348156359875,9.35149131788902
n12_d25_s42,12,0.25,42,2,6,True,1,10,L-BFGS-B,60,0.10492226099995605,32.5,0.5241935483870968,0.00048828125,4096,0,0.0,0.0,0.0009369774073651883,"[1.0556143890784304, 4.951775198793831, 1.5418695310628876, 0.5226890645162545]","[0.0, 0.0, 3.141592653589793, 3.141592653589793]",CONVERGENCE: NORM OF PROJECTED GRADIENT <= PGTOL,56,0.00732421875,0.00732421875,136.53333333333333,59,0.00244140625,0.00244140625,409.6,62,0.00048828125,0.00048828125,2048.0,41,0.2119140625,True,0.2119140625,4.71889400921659,46,0.09521484375,True,0.09521484375,10.502564102564103,51,0.0341796875,True,0.0341796875,29.257142857142856
n12_d25_s42,12,0.25,42,2,7,True,17,130,L-BFGS-B,60,1.2896882170007302,36.9101795556351,0.5953254767037919,0.0001261708297130837,4096,0,0.0,0.0,0.0009369774073651883,"[3.1802885359566906, 5.3879913706361, 0.26343566382165595, 1.6710073552424627]","[4.244560465993496, 5.664698335590051, 0.829100704047323, 1.1133671684370292]",CONVERGENCE: NORM OF PROJECTED GRADIENT <= PGTOL,56,0.00732421875,0.011307571419949513,88.43631960048808,59,0.00244140625,0.0028835588088729327,346.793690117546,62,0.00048828125,0.0001261708297130837,7925.762256410856,41,0.2119140625,True,0.3577059287046182,2.795592467872589,46,0.09521484375,True,0.17049361941117858,5.865322136122321,51,0.0341796875,True,0.06158787788925686,16.236961465016414
n12_d25_s42,12,0.25,42,2,8,True,1,10,L-BFGS-B,60,0.06340475600063655,32.5,0.5241935483870968,0.00048828125,4096,1,0.000244140625,4.309811523941186e-05,0.0013817030336260863,"[4.795554842639674, 2.143292412685592, 3.0432213077076886, 1.7562996561036075]","[0.0, 0.0, 3.141592653589793, 3.141592653589793]",CONVERGENCE: NORM OF PROJECTED GRADIENT <= PGTOL,56,0.00732421875,0.00732421875,136.53333333333333,59,0.00244140625,0.00244140625,409.6,62,0.00048828125,0.00048828125,2048.0,41,0.2119140625,True,0.2119140625,4.71889400921659,46,0.09521484375,True,0.09521484375,10.502564102564103,51,0.0341796875,True,0.0341796875,29.257142857142856
n12_d25_s42,12,0.25,42,2,9,True,28,185,L-BFGS-B,60,1.7136645250002402,42.098390617506965,0.6790063002823704,0.0037770146926717147,4096,18,0.00439453125,0.002781615150444107,0.006936189603926662,"[4.673265826416466, 4.9763654537186435, 1.7447524238173977, 2.711906152996665]","[4.718186593473451, 4.819952952588651, 1.741564046901725, 2.0632344240123364]",CONVERGENCE: NORM OF PROJECTED GRADIENT <= PGTOL,56,0.00732421875,0.047391914990619594,21.100645546775915,59,0.00244140625,0.015408764369609924,64.89813044141677,62,0.00048828125,0.0037770146926717147,264.7593619215282,41,0.2119140625,True,0.600961428617528,1.6640003041466969,46,0.09521484375,True,0.3577248342837871,2.795444722204243,51,0.0341796875,True,0.1657233554803289,6.034152501327421
n12_d25_s42,12,0.25,42,2,10,True,23,170,L-BFGS-B,60,1.9935311460003504,48.328193639790086,0.7794869941901627,0.020026217079883068,4096,86,0.02099609375,0.017033419158058095,0.025856400018333753,"[3.7880027112666825, 3.826295852268214, 1.681779489930337, 0.11204728641777635]","[3.195834787728753, 3.2965280318664054, 2.0809980830492263, 0.3422938653337753]",CONVERGENCE: RELATIVE REDUCTION OF F <= FACTR*EPSMCH,56,0.00732421875,0.1699920086133691,5.882629472744253,59,0.00244140625,0.07614965975612048,13.132035037354525,62,0.00048828125,0.020026217079883068,49.934543104724945,41,0.2119140625,True,0.8522557745139752,1.173356672848923,46,0.09521484375,True,0.6981586016813606,1.4323392959590002,51,0.0341796875,True,0.45586179960321505,2.1936472871172934
n12_d25_s42,12,0.25,42,2,11,True,18,115,L-BFGS-B,60,1.2961153930000364,47.243175580745024,0.7619867029152423,0.01576802778084482,4096,73,0.017822265625,0.014199063362519719,0.022349047174368093,"[6.031706904918741, 1.1692399614719802, 2.9894949280240937, 0.25097573707969356]","[6.153737461703648, 1.0720136243661995, 2.7498434771990317, 0.021119732833915245]",CONVERGENCE: NORM OF PROJECTED GRADIENT <= PGTOL,56,0.00732421875,0.13585951838645013,7.360544273059445,59,0.00244140625,0.0588084990634192,17.00434488085809,62,0.00048828125,0.01576802778084482,63.41947223195607,41,0.2119140625,True,0.8143324870154652,1.227999638900577,46,0.09521484375,True,0.636154389497914,1.5719454530357824,51,0.0341796875,True,0.38876308806619275,2.5722606664492154
n12_d25_s42,12,0.25,42,2,12,True,1,10,L-BFGS-B,60,0.07039480100047513,32.5,0.5241935483870968,0.00048828125,4096,1,0.000244140625,4.309811523941186e-05,0.0013817030336260863,"[0.6630836238346818, 5.787901061864828, 3.01602404003373, 2.7889647306193983]","[6.283185307179586, 6.283185307179586, 0.0, 3.141592653589793]",CONVERGENCE: NORM OF PROJECTED GRADIENT <= PGTOL,56,0.00732421875,0.00732421875,136.53333333333333,59,0.00244140625,0.00244140625,409.6,62,0.00048828125,0.00048828125,2048.0,41,0.2119140625,True,0.2119140625,4.71889400921659,46,0.09521484375,True,0.09521484375,10.502564102564103,51,0.0341796875,True,0.0341796875,29.257142857142856
n12_d25_s42,12,0.25,42,2,13,True,1,10,L-BFGS-B,60,0.023085413000444532,32.5,0.5241935483870968,0.00048828125,4096,2,0.00048828125,0.00013391454481334652,0.0017787103455524616,"[0.7846192483254234, 5.423563889070565, 1.7372918283657175, 1.94379422893648]","[6.283185307179586, 6.283185307179586, 3.141592653589793, 0.0]",CONVERGENCE: NORM OF PROJECTED GRADIENT <= PGTOL,56,0.00732421875,0.00732421875,136.53333333333333,59,0.00244140625,0.00244140625,409.6,62,0.00048828125,0.00048828125,2048.0,41,0.2119140625,True,0.2119140625,4.71889400921659,46,0.09521484375,True,0.09521484375,10.502564102564103,51,0.0341796875,True,0.0341796875,29.257142857142856
n12_d25_s42,12,0.25,42,2,14,True,15,165,L-BFGS-B,60,1.60216020200005,41.819949942738205,0.6745153216570678,0.0038563339143134878,4096,19,0.004638671875,0.00297171178976659,0.007233916706104488,"[0.6673677479846205, 2.0953062183935223, 1.357046894824542, 1.7110345319070834]","[1.5892579262669895, 1.6641659811221263, 1.7219480705970736, 2.0167591816702264]",CONVERGENCE: NORM OF PROJECTED GRADIENT <= PGTOL,56,0.00732421875,0.03478314339087882,28.749558047770634,59,0.00244140625,0.012282986173975252,81.41342714516475,62,0.00048828125,0.0038563339143134878,259.313644051496,41,0.2119140625,True,0.5813736543636394,1.7200641833255774,46,0.09521484375,True,0.3464206998340199,2.886663529284274,51,0.0341796875,True,0.14593622576528287,6.852308224061887
n12_d25_s42,12,0.25,42,2,15,True,12,95,L-BFGS-B,60,1.0922725890004585,39.94727110338759,0.644310824248187,0.002623679719540984,4096,12,0.0029296875,0.0016767322242621596,0.005114130081106749,"[3.448897839703805, 4.9552902620214, 3.0641200057455835, 1.6999515593320669]","[4.374041368417138, 3.7340396741551025, 2.1486540979145565, 1.1636911759335455]",CONVERGENCE: RELATIVE REDUCTION OF F <= FACTR*EPSMCH,56,0.00732421875,0.03289368603166522,30.400971147999243,59,0.00244140625,0.00787688011191611,126.9538174749168,62,0.00048828125,0.002623679719540984,381.1440826988407,41,0.2119140625,True,0.4921575149591062,2.031869817294349,46,0.09521484375,True,0.29311044843119155,3.4116832250514353,51,0.0341796875,True,0.1220179030243347,8.19551865106684
n12_d25_s42,12,0.25,42,2,16,True,21,130,L-BFGS-B,60,1.2880655480003043,36.69103075732501,0.5917908186665324,0.00018691454054920034,4096,0,0.0,0.0,0.0009369774073651883,"[0.3359417741828032, 4.219350341232873, 3.0762378817838583, 2.880849545964174]","[0.40140109602216306, 4.224252416291975, 3.065524393712749, 2.762116686960597]",CONVERGENCE: NORM OF PROJECTED GRADIENT <= PGTOL,56,0.00732421875,0.03571339074020775,28.00070167726065,59,0.00244140625,0.013253079987780548,75.45415865006538,62,0.00048828125,0.00018691454054920034,5350.0385634084805,41,0.2119140625,True,0.3519469738840427,2.841337116680178,46,0.09521484375,True,0.19641627993282995,5.091227673907571,51,0.0341796875,True,0.1049486626236967,9.5284682529552
n12_d25_s42,12,0.25,42,2,17,True,1,10,L-BFGS-B,60,0.024117935000504076,32.5,0.5241935483870968,0.00048828125,4096,1,0.000244140625,4.309811523941186e-05,0.0013817030336260863,"[3.95129449766205, 2.525483172900458, 2.053192630391197, 1.0089175185986052]","[6.283185307179586, 6.283185307179586, 3.141592653589793, 0.0]",CONVERGENCE: NORM OF PROJECTED GRADIENT <= PGTOL,56,0.00732421875,0.00732421875,136.53333333333333,59,0.00244140625,0.00244140625,409.6,62,0.00048828125,0.00048828125,2048.0,41,0.2119140625,True,0.2119140625,4.71889400921659,46,0.09521484375,True,0.09521484375,10.502564102564103,51,0.0341796875,True,0.0341796875,29.257142857142856
n12_d25_s42,12,0.25,42,2,18,True,12,80,L-BFGS-B,60,0.8445719889996326,37.52946502433498,0.6053139520054029,0.00029589290287053107,4096,0,0.0,0.0,0.0009369774073651883,"[1.7107987977458377, 5.346716776353559, 2.779334665843784, 0.8232359380211298]","[1.5989572376466494, 5.285288101959258, 2.80242200085859, 0.6852182726666148]",CONVERGENCE: NORM OF PROJECTED GRADIENT <= PGTOL,56,0.00732421875,0.02830693779284092,35.327028565163594,59,0.00244140625,0.0023492417694768826,425.6692576271854,62,0.00048828125,0.00029589290287053107,3379.6011675128057,41,0.2119140625,True,0.3776093549533554,2.6482394752204326,46,0.09521484375,True,0.2123578135320528,4.7090332273037,51,0.0341796875,True,0.09488985668211067,10.53853420129074
n12_d25_s42,12,0.25,42,2,19,True,1,10,L-BFGS-B,60,0.023050128999784647,32.5,0.5241935483870968,0.00048828125,4096,2,0.00048828125,0.00013391454481334652,0.0017787103455524616,"[0.13285394702515682, 4.346981661647094, 2.766554106249387, 2.634725513461247]","[6.283185307179586, 6.283185307179586, 3.141592653589793, 0.0]",CONVERGENCE: NORM OF PROJECTED GRADIENT <= PGTOL,56,0.00732421875,0.00732421875,136.53333333333333,59,0.00244140625,0.00244140625,409.6,62,0.00048828125,0.00048828125,2048.0,41,0.2119140625,True,0.2119140625,4.71889400921659,46,0.09521484375,True,0.09521484375,10.502564102564103,51,0.0341796875,True,0.0341796875,29.257142857142856
n12_d25_s42,12,0.25,42,3,0,True,22,245,L-BFGS-B,60,0.4254581289997077,41.80294902830813,0.6742411133598085,0.0016308276067258727,4096,12,0.0029296875,0.0016767322242621596,0.005114130081106749,"[0.4549382551090021, 4.878205442757431, 1.103625295033128, 2.8576143783461077, 1.8307411424468565, 0.05576879123035447]","[0.19077704600420659, 2.863142445303215, 0.37837345308746667, 3.141592653589793, 1.1673664561178154, 1.3337779359039654]",CONVERGENCE: NORM OF PROJECTED GRADIENT <= PGTOL,56,0.00732421875,0.049141569772694925,20.349370291293404,59,0.00244140625,0.011230252045102921,89.04519649103169,62,0.00048828125,0.0016308276067258727,613.1855972242508,41,0.2119140625,True,0.5749767817354852,1.7392006629931092,46,0.09521484375,True,0.34585071690431896,2.8914209256262846,51,0.0341796875,True,0.16981311282845465,5.88882674219747
n12_d25_s42,12,0.25,42,3,1,True,31,301,L-BFGS-B,60,0.5705987909996111,40.696667695819215,0.6563978660616002,0.00043925854882977946,4096,2,0.00048828125,0.00013391454481334652,0.0017787103455524616,"[1.0559796467485294, 3.792331983002636, 5.842670477464843, 2.66422922343747, 0.3837556343837479, 0.29228232381933467]","[1.169436788125576, 3.9058094248136292, 5.886338866323204, 2.272542754460225, 0.4176780928165479, 0.214077980735202]",CONVERGENCE: RELATIVE REDUCTION OF F <= FACTR*EPSMCH,56,0.00732421875,0.01398809295464543,71.48937337222235,59,0.00244140625,0.010289045093847446,97.1907490810757,62,0.00048828125,0.00043925854882977946,2276.563547059201,41,0.2119140625,True,0.5269949464586015,1.8975514029498495,46,0.09521484375,True,0.30130955948572546,3.3188459128439134,51,0.0341796875,True,0.09812335851846958,10.191253286665395
n12_d25_s42,12,0.25,42,3,2,True,22,196,L-BFGS-B,60,0.3940168460003406,48.16950922420489,0.7769275681323369,0.01383578896800359,4096,51,0.012451171875,0.009483101104023409,0.016332887119857586,"[0.027312230484075814, 3.358434780143442, 5.778654702095667, 2.5714716180772768, 2.1801024574667394, 1.4445548284961007]","[0.13637117592435263, 2.540934868570212, 5.802000378448531, 1.9602264786977288, 1.6805645918445378, 1.4767087862962083]",CONVERGENCE: NORM OF PROJECTED GRADIENT <= PGTOL,56,0.00732421875,0.16193944907954544,6.175147597969135,59,0.00244140625,0.06528940841680096,15.31641998677797,62,0.00048828125,0.01383578896800359,72.276326439539,41,0.2119140625,True,0.841636736705573,1.1881610633042348,46,0.09521484375,True,0.6838521721410065,1.4623043411110284,51,0.0341796875,True,0.4272562490559333,2.3405157963390892
n12_d25_s42,12,0.25,42,3,3,True,26,224,L-BFGS-B,60,0.43837105199963844,47.22160213787228,0.7616387441592304,0.015524483522110938,4096,66,0.01611328125,0.01268594169611479,0.020447402650270854,"[5.095539962150782, 1.4190305122794842, 1.2999247359842916, 2.648617449530094, 0.09283812334875069, 3.003250452227263]","[4.8802099993450065, 1.5317568141098825, 1.0685719643131217, 3.141592653589793, 0.3916818822190855, 3.1314636967633187]",CONVERGENCE: NORM OF PROJECTED GRADIENT <= PGTOL,56,0.00732421875,0.13675492835770275,7.312350728482355,59,0.00244140625,0.06075098077541393,16.46063960180051,62,0.00048828125,0.015524483522110938,64.41438123050841,41,0.2119140625,True,0.8147209534205204,1.2274141174369027,46,0.09521484375,True,0.6323432390805146,1.5814196123201891,51,0.0341796875,True,0.38907808318078796,2.5701781807518125
n12_d25_s42,12,0.25,42,3,4,True,1,14,L-BFGS-B,60,0.04023441799927241,32.5,0.5241935483870968,0.00048828125,4096,2,0.00048828125,0.00013391454481334652,0.0017787103455524616,"[4.872619247429786, 0.298812003382128, 4.392922943957069, 0.9326256598764914, 2.7761161723503522, 1.96671087689271]","[6.283185307179586, 0.0, 0.0, 3.141592653589793, 3.141592653589793, 3.141592653589793]",CONVERGENCE: NORM OF PROJECTED GRADIENT <= PGTOL,56,0.00732421875,0.00732421875,136.53333333333333,59,0.00244140625,0.00244140625,409.6,62,0.00048828125,0.00048828125,2048.0,41,0.2119140625,True,0.2119140625,4.71889400921659,46,0.09521484375,True,0.09521484375,10.502564102564103,51,0.0341796875,True,0.0341796875,29.257142857142856
n12_d25_s42,12,0.25,42,3,5,True,29,287,L-BFGS-B,60,3.915476789999957,47.24152227345081,0.7619600366685615,0.015066774378167518,4096,68,0.0166015625,0.013117213150496153,0.020991778678890113,"[4.05164683507003, 1.6237822187470436, 0.779941192255269, 1.717381788812638, 2.5337297791375835, 0.2654151881742668]","[4.176867800206307, 1.9781295106625043, 0.8666691190591467, 1.549292203617306, 2.7481847033486746, 0.0]",CONVERGENCE: RELATIVE REDUCTION OF F <= FACTR*EPSMCH,56,0.00732421875,0.13663527427501904,7.318754291715353,59,0.00244140625,0.05944236077787372,16.823019592657747,62,0.00048828125,0.015066774378167518,66.37120692860763,41,0.2119140625,True,0.8143497312466987,1.2279736354417246,46,0.09521484375,True,0.6334159984052047,1.578741305110337,51,0.0341796875,True,0.3923946917195481,2.54845445441122
n12_d25_s42,12,0.25,42,3,6,True,25,217,L-BFGS-B,60,2.753686111999741,40.68601267109754,0.6562260108241538,0.0008286431172894351,4096,2,0.00048828125,0.00013391454481334652,0.0017787103455524616,"[5.873358473581363, 3.6705901169512374, 3.8100675345412527, 0.3261797319617148, 2.1137873709068677, 1.2240682002406535]","[5.84645056806534, 3.689524558035939, 3.9348969404392706, 0.08672891795943506, 1.9837153610288198, 1.5151887799182062]",CONVERGENCE: RELATIVE REDUCTION OF F <= FACTR*EPSMCH,56,0.00732421875,0.020338774925532595,49.16716978585738,59,0.00244140625,0.005670027799211316,176.36597833596107,62,0.00048828125,0.0008286431172894351,1206.7921390225124,41,0.2119140625,True,0.5202464685036059,1.922165858955886,46,0.09521484375,True,0.29666729464218805,3.370779381684473,51,0.0341796875,True,0.11044398456846188,9.054363656900854
n12_d25_s42,12,0.25,42,3,7,True,27,294,L-BFGS-B,60,3.9893462160007402,47.21516979310792,0.7615349966630309,0.01545000179374249,4096,59,0.014404296875,0.011183814817094736,0.01853476333878874,"[3.1033275841599117, 0.7408932022816567, 2.3506022649692575, 0.7611764207703726, 0.19197247695931685, 2.4165375746408237]","[3.8237268457113953, 0.5151944510189175, 1.8154525759680786, 0.0, 0.0, 2.7512511264795925]",CONVERGENCE: NORM OF PROJECTED GRADIENT <= PGTOL,56,0.00732421875,0.1356514280263596,7.371835406006057,59,0.00244140625,0.05941692191866993,16.830222228085177,62,0.00048828125,0.01545000179374249,64.72491157929942,41,0.2119140625,True,0.8147404982868749,1.22738467291446,46,0.09521484375,True,0.6327936720854327,1.5802939316766607,51,0.0341796875,True,0.38877703185334195,2.572168410342793
n12_d25_s42,12,0.25,42,3,8,True,17,217,L-BFGS-B,60,3.1109669320003377,40.038326758580844,0.6457794638480782,0.004873188726120776,4096,20,0.0048828125,0.0031631598704827783,0.007530292366888611,"[4.512756639860435, 1.5255670482539097, 2.100522976446799, 1.8994487426865583, 0.10685343924083891, 2.0253914161376403]","[4.68057858495994, 1.2390807682429634, 1.7826901009419545, 1.958456979484776, 0.0, 2.408266708161479]",CONVERGENCE: NORM OF PROJECTED GRADIENT <= PGTOL,56,0.00732421875,0.05322213611323313,18.789174449376535,59,0.00244140625,0.029644765040173018,33.732768623561455,62,0.00048828125,0.004873188726120776,205.20444747807542,41,0.2119140625,True,0.47084564283609553,2.123838279518935,46,0.09521484375,True,0.2516456514835491,3.973841765612124,51,0.0341796875,True,0.1226775261507024,8.151452277995535
n12_d25_s42,12,0.25,42,3,9,True,1,14,L-BFGS-B,60,0.08304547800071305,32.49999999999997,0.5241935483870963,0.0004882812499999768,4096,2,0.00048828125,0.00013391454481334652,0.0017787103455524616,"[5.091918132534464, 0.6581439756212819, 0.23298964834271896, 1.6735844957640225, 0.31963446983859806, 1.5900936711911808]","[6.283185307179586, 6.283185307179586, 0.0, 3.141592653589793, 0.07829472152589528, 0.0]",CONVERGENCE: NORM OF PROJECTED GRADIENT <= PGTOL,56,0.00732421875,0.007324218749999758,136.53333333333785,59,0.00244140625,0.0024414062499998317,409.6000000000282,62,0.00048828125,0.0004882812499999768,2048.0000000000973,41,0.2119140625,True,0.21191406249999745,4.718894009216647,46,0.09521484375,True,0.09521484374999999,10.502564102564104,51,0.0341796875,True,0.0341796875000003,29.2571428571426
n12_d25_s42,12,0.25,42,3,10,True,1,14,L-BFGS-B,60,0.035408424999332055,32.5,0.5241935483870968,0.00048828125,4096,1,0.000244140625,4.309811523941186e-05,0.0013817030336260863,"[1.450238104353637, 2.3947605785186465, 3.5431547416026463, 0.6913031921424239, 2.9719646903178525, 0.0904353904262846]","[0.0, 6.283185307179586, 0.0, 3.141592653589793, 0.0, 0.0]",CONVERGENCE: NORM OF PROJECTED GRADIENT <= PGTOL,56,0.00732421875,0.00732421875,136.53333333333333,59,0.00244140625,0.00244140625,409.6,62,0.00048828125,0.00048828125,2048.0,41,0.2119140625,True,0.2119140625,4.71889400921659,46,0.09521484375,True,0.09521484375,10.502564102564103,51,0.0341796875,True,0.0341796875,29.257142857142856
n12_d25_s42,12,0.25,42,3,11,True,1,14,L-BFGS-B,60,0.07883696099997906,32.5,0.5241935483870968,0.00048828125,4096,4,0.0009765625,0.000379829567061715,0.0025084428063047127,"[2.870795336281882, 0.4475310055153135, 0.9704615195815658, 1.6972372312615167, 0.8553242838530106, 2.858393769817311]","[6.283185307179586, 6.283185307179586, 0.0, 0.0, 0.0, 3.141592653589793]",CONVERGENCE: NORM OF PROJECTED GRADIENT <= PGTOL,56,0.00732421875,0.00732421875,136.53333333333333,59,0.00244140625,0.00244140625,409.6,62,0.00048828125,0.00048828125,2048.0,41,0.2119140625,True,0.2119140625,4.71889400921659,46,0.09521484375,True,0.09521484375,10.502564102564103,51,0.0341796875,True,0.0341796875,29.257142857142856
n12_d25_s42,12,0.25,42,3,12,True,1,14,L-BFGS-B,60,0.10213212100006785,32.5,0.5241935483870968,0.00048828125,4096,3,0.000732421875,0.0002491200948151938,0.0021513285370509242,"[2.2485131737285773, 5.531225788370075, 3.917837822629253, 3.124179957327427, 2.1769222976624176, 1.2299726461817637]","[6.283185307179586, 6.283185307179586, 0.0, 0.0, 0.0, 0.0]",CONVERGENCE: NORM OF PROJECTED GRADIENT <= PGTOL,56,0.00732421875,0.00732421875,136.53333333333333,59,0.00244140625,0.00244140625,409.6,62,0.00048828125,0.00048828125,2048.0,41,0.2119140625,True,0.2119140625,4.71889400921659,46,0.09521484375,True,0.09521484375,10.502564102564103,51,0.0341796875,True,0.0341796875,29.257142857142856
n12_d25_s42,12,0.25,42,3,13,True,1,14,L-BFGS-B,60,0.13050748700061376,32.5,0.5241935483870968,0.00048828125,4096,1,0.000244140625,4.309811523941186e-05,0.0013817030336260863,"[6.092012006707718, 1.132019531064847, 3.9664776403324744, 0.19145134083269258, 0.1772929759897074, 0.948771824612424]","[6.283185307179586, 6.283185307179586, 6.283185307179586, 0.0, 0.0, 0.0]",CONVERGENCE: NORM OF PROJECTED GRADIENT <= PGTOL,56,0.00732421875,0.00732421875,136.53333333333333,59,0.00244140625,0.00244140625,409.6,62,0.00048828125,0.00048828125,2048.0,41,0.2119140625,True,0.2119140625,4.71889400921659,46,0.09521484375,True,0.09521484375,10.502564102564103,51,0.0341796875,True,0.0341796875,29.257142857142856
n12_d25_s42,12,0.25,42,3,14,True,25,301,L-BFGS-B,60,4.147642877999715,48.034522780094804,0.7747503674208839,0.014107698158704392,4096,57,0.013916015625,0.01075691476118927,0.017986015911693586,"[3.870930470894995, 2.5708626807271937, 1.0514598464923655, 2.0192029116765013, 0.02253068444677891, 3.120895424931078]","[6.161489893468808, 1.576375210361948, 1.4033287410142286, 1.1153207030405885, 1.6378872064727321, 3.025636882860726]",CONVERGENCE: NORM OF PROJECTED GRADIENT <= PGTOL,56,0.00732421875,0.14370217463327434,6.958836931674723,59,0.00244140625,0.0662067409284514,15.104202169997833,62,0.00048828125,0.014107698158704392,70.8832857600518,41,0.2119140625,True,0.852720604233679,1.1727170600019425,46,0.09521484375,True,0.6848987167432052,1.4600698987364846,51,0.0341796875,True,0.42866797849027083,2.3328077910598966
n12_d25_s42,12,0.25,42,3,15,True,1,14,L-BFGS-B,60,0.20352376499977254,32.5,0.5241935483870968,0.00048828125,4096,3,0.000732421875,0.0002491200948151938,0.0021513285370509242,"[2.6911453260290488, 0.4798554393203047, 4.537464425178158, 2.392626882631525, 3.014237137439986, 1.6619405227295232]","[0.0, 0.0, 0.0, 0.0, 3.141592653589793, 0.0]",CONVERGENCE: NORM OF PROJECTED GRADIENT <= PGTOL,56,0.00732421875,0.00732421875,136.53333333333333,59,0.00244140625,0.00244140625,409.6,62,0.00048828125,0.00048828125,2048.0,41,0.2119140625,True,0.2119140625,4.71889400921659,46,0.09521484375,True,0.09521484375,10.502564102564103,51,0.0341796875,True,0.0341796875,29.257142857142856
n12_d25_s42,12,0.25,42,3,16,True,1,14,L-BFGS-B,60,0.09025987099994381,32.49999999999983,0.524193548387094,0.0004882812499999857,4096,1,0.000244140625,4.309811523941186e-05,0.0013817030336260863,"[5.1445751075721775, 1.1144964198127072, 5.999011891996985, 0.5584006034687385, 1.7503120701652286, 1.6503562859617429]","[6.283185307179586, 6.283185307179586, 2.163861715680268, 3.141592653589793, 0.25152660975263796, 0.0]",CONVERGENCE: NORM OF PROJECTED GRADIENT <= PGTOL,56,0.00732421875,0.007324218749999765,136.5333333333377,59,0.00244140625,0.00244140624999997,409.600000000005,62,0.00048828125,0.0004882812499999857,2048.00000000006,41,0.2119140625,True,0.21191406249999473,4.718894009216707,46,0.09521484375,True,0.09521484374999731,10.5025641025644,51,0.0341796875,True,0.034179687499998765,29.257142857143915
n12_d25_s42,12,0.25,42,3,17,True,1,14,L-BFGS-B,60,0.08758852899973135,32.5,0.5241935483870968,0.00048828125,4096,1,0.000244140625,4.309811523941186e-05,0.0013817030336260863,"[5.074790159785212, 0.9720815831564878, 6.177864077233124, 1.4723079174506737, 2.0630744078474916, 0.15867489751057895]","[0.0, 0.0, 6.283185307179586, 0.0, 3.141592653589793, 3.141592653589793]",CONVERGENCE: NORM OF PROJECTED GRADIENT <= PGTOL,56,0.00732421875,0.00732421875,136.53333333333333,59,0.00244140625,0.00244140625,409.6,62,0.00048828125,0.00048828125,2048.0,41,0.2119140625,True,0.2119140625,4.71889400921659,46,0.09521484375,True,0.09521484375,10.502564102564103,51,0.0341796875,True,0.0341796875,29.257142857142856
n12_d25_s42,12,0.25,42,3,18,True,18,154,L-BFGS-B,60,1.9333873929999754,39.634550372209844,0.6392669414872556,0.0035972884382513416,4096,17,0.004150390625,0.0025929778542005417,0.0066370031586699164,"[0.7739631789637703, 3.3091626034731387, 4.132483273481093, 1.137695251305822, 1.9920581061785871, 0.44375234808454456]","[0.6779344530639551, 3.3387779013360404, 4.142317258690352, 1.3154329627129848, 2.0705949518358624, 0.3890936730971894]",CONVERGENCE: RELATIVE REDUCTION OF F <= FACTR*EPSMCH,56,0.00732421875,0.05037256019988953,19.852078116176294,59,0.00244140625,0.013994547059565057,71.4564033936715,62,0.00048828125,0.0035972884382513416,277.98716093116644,41,0.2119140625,True,0.476709124764906,2.097715248251563,46,0.09521484375,True,0.27085375497463915,3.692029302283932,51,0.0341796875,True,0.1447907430545807,6.906518876162113
n12_d25_s42,12,0.25,42,3,19,True,1,14,L-BFGS-B,60,0.13334423800006334,32.500000000000014,0.524193548387097,0.0004882812500000007,4096,1,0.000244140625,4.309811523941186e-05,0.0013817030336260863,"[5.408576726427258, 0.45184624973041876, 0.40901856579605206, 2.0549522822807766, 0.6767223476487133, 2.775901779602417]","[0.0, 0.0, 0.0, 2.825664136860226, 0.0, 0.0]",CONVERGENCE: NORM OF PROJECTED GRADIENT <= PGTOL,56,0.00732421875,0.007324218750000008,136.5333333333332,59,0.00244140625,0.0024414062500000035,409.5999999999994,62,0.00048828125,0.0004882812500000007,2047.9999999999973,41,0.2119140625,True,0.21191406250000033,4.718894009216583,46,0.09521484375,True,0.09521484375000015,10.502564102564087,51,0.0341796875,True,0.034179687500000056,29.25714285714281
n12_d50_s17,12,0.5,17,1,0,True,1,6,L-BFGS-B,60,0.003674881000733876,80.0,0.6722689075630253,0.00048828125,4096,2,0.00048828125,0.00013391454481334652,0.0017787103455524616,"[0.15301460085530358, 1.0064545266239238]","[6.283185307179586, 0.0]",CONVERGENCE: NORM OF PROJECTED GRADIENT <= PGTOL,108,0.02490234375,0.02490234375,40.15686274509804,114,0.00537109375,0.00537109375,186.1818181818182,119,0.00048828125,0.00048828125,2048.0,100,0.10009765625,True,0.10009765625,9.990243902439024,112,0.0107421875,True,0.0107421875,93.0909090909091,124,0.0,False,0.0,inf
n12_d50_s17,12,0.5,17,1,1,True,7,30,L-BFGS-B,60,0.016140222000103677,80.55277022184487,0.6769140354776879,6.730486063082989e-05,4096,0,0.0,0.0,0.0009369774073651883,"[3.766652007944303, 0.09989732355897907]","[3.773936778434482, 0.3082772286333545]",CONVERGENCE: RELATIVE REDUCTION OF F <= FACTR*EPSMCH,108,0.02490234375,0.023361378709446504,42.805692781977626,114,0.00537109375,0.004466762962950836,223.8757705063846,119,0.00048828125,6.730486063082989e-05,14857.767932765568,100,0.10009765625,True,0.09293058830394961,10.760719567698027,112,0.0107421875,True,0.009596789987927819,104.2015091773332,124,0.0,False,0.0,inf
n12_d50_s17,12,0.5,17,1,2,True,15,111,L-BFGS-B,60,0.08617094300007011,82.7636210452146,0.6954926138253328,0.00036045445428864773,4096,1,0.000244140625,4.309811523941186e-05,0.0013817030336260863,"[1.005106804452663, 1.5381663185855097]","[0.5931803087585515, 1.092219565252414]",CONVERGENCE: NORM OF PROJECTED GRADIENT <= PGTOL,108,0.02490234375,0.04512441629081604,22.160951480352452,114,0.00537109375,0.009659306616167805,103.52709979474034,119,0.00048828125,0.00036045445428864773,2774.2756070901864,100,0.10009765625,True,0.14345516051235274,6.970819288957481,112,0.0107421875,True,0.018312839849638222,54.606495126410195,124,0.0,False,0.0,inf
n12_d50_s17,12,0.5,17,1,3,True,10,42,L-BFGS-B,60,0.025449116000345384,81.37066490321752,0.6837871000270379,0.0010599248189910445,4096,6,0.00146484375,0.0006715185421635897,0.0031924013142034585,"[4.078447047041114, 1.854375418773703]","[4.110086370216019, 2.0913572559387155]",CONVERGENCE: NORM OF PROJECTED GRADIENT <= PGTOL,108,0.02490234375,0.035188909235229375,28.41804482529541,114,0.00537109375,0.012217160373768679,81.85208095877077,119,0.00048828125,0.0010599248189910445,943.4631419914408,100,0.10009765625,True,0.12298170890816859,8.131290489276807,112,0.0107421875,True,0.019412059665512117,51.51436875998385,124,0.0,False,0.0,inf
n12_d50_s17,12,0.5,17,1,4,True,9,54,L-BFGS-B,60,0.05136411799958296,85.86428492956813,0.7215486128535137,0.0012877047784470841,4096,3,0.000732421875,0.0002491200948151938,0.0021513285370509242,"[2.960628161393253, 0.8479599966740963]","[2.993021321765269, 1.083620561412466]",CONVERGENCE: NORM OF PROJECTED GRADIENT <= PGTOL,108,0.02490234375,0.04741176792178019,21.091809983753347,114,0.00537109375,0.01056516007263037,94.6507192626977,119,0.00048828125,0.0012877047784470841,776.5755138425101,100,0.10009765625,True,0.16990296115248438,5.885712604517356,112,0.0107421875,True,0.02320466459196579,43.094783638727215,124,0.0,False,0.0,inf
n12_d50_s17,12,0.5,17,1,5,True,9,39,L-BFGS-B,60,0.2939415490000101,81.6879237808391,0.6864531410154546,0.0002695101306943711,4096,1,0.000244140625,4.309811523941186e-05,0.0013817030336260863,"[0.7111202900745721, 0.445298651896714]","[0.7451738335792697, 0.5234448965382672]",CONVERGENCE: RELATIVE REDUCTION OF F <= FACTR*EPSMCH,108,0.02490234375,0.031422244272651584,31.824588699743263,114,0.00537109375,0.0064214762229362655,155.72743171238324,119,0.00048828125,0.0002695101306943711,3710.4356612628276,100,0.10009765625,True,0.11582147926814845,8.633977102682417,112,0.0107421875,True,0.014631802175838418,68.34428103814211,124,0.0,False,0.0,inf
n12_d50_s17,12,0.5,17,1,6,True,1,6,L-BFGS-B,60,0.02875764300006267,80.0,0.6722689075630253,0.00048828125,4096,1,0.000244140625,4.309811523941186e-05,0.0013817030336260863,"[2.509292841937674, 0.28015889084148604]","[0.0, 0.0]",CONVERGENCE: NORM OF PROJECTED GRADIENT <= PGTOL,108,0.02490234375,0.02490234375,40.15686274509804,114,0.00537109375,0.00537109375,186.1818181818182,119,0.00048828125,0.00048828125,2048.0,100,0.10009765625,True,0.10009765625,9.990243902439024,112,0.0107421875,True,0.0107421875,93.0909090909091,124,0.0,False,0.0,inf
n12_d50_s17,12,0.5,17,1,7,True,9,108,L-BFGS-B,60,0.9160883249996914,81.15584690653996,0.6819819067776468,2.1668598379063946e-05,4096,0,0.0,0.0,0.0009369774073651883,"[5.863255849231001, 0.9247693709744316]","[1.382091820003849, 1.9337701752570127]",CONVERGENCE: NORM OF PROJECTED GRADIENT <= PGTOL,108,0.02490234375,0.026742773587417928,37.393279224802804,114,0.00537109375,0.005185056127161535,192.8619431449495,119,0.00048828125,2.1668598379063946e-05,46149.7316303667,100,0.10009765625,True,0.09568873756807354,10.450550664738303,112,0.0107421875,True,0.01047357998805708,95.47833702900918,124,0.0,False,0.0,inf
n12_d50_s17,12,0.5,17,1,8,True,8,39,L-BFGS-B,60,0.34652113300035126,80.64844399859416,0.677718016794909,8.245446414977796e-05,4096,1,0.000244140625,4.309811523941186e-05,0.0013817030336260863,"[1.9585087736892615, 1.2185263670083637]","[1.9450136103021816, 1.2476369279245954]",CONVERGENCE: NORM OF PROJECTED GRADIENT <= PGTOL,108,0.02490234375,0.023173555830583677,43.1526351549482,114,0.00537109375,0.0045246797115697296,221.01011867049345,119,0.00048828125,8.245446414977796e-05,12127.906115350006,100,0.10009765625,True,0.10200842492435395,9.803111858080023,112,0.0107421875,True,0.010572807587107338,94.58225658238754,124,0.0,False,0.0,inf
n12_d50_s17,12,0.5,17,1,9,True,12,108,L-BFGS-B,60,0.8012046429994371,83.47885695551977,0.7015029996262165,0.0004782990595830634,4096,3,0.000732421875,0.0002491200948151938,0.0021513285370509242,"[0.8482325068548217, 0.07611011590976592]","[2.733337116634992, 1.1125985480330285]",CONVERGENCE: NORM OF PROJECTED GRADIENT <= PGTOL,108,0.02490234375,0.05188907793298492,19.271878395902633,114,0.00537109375,0.00851637165711396,117.42089709819938,119,0.00048828125,0.0004782990595830634,2090.7421412697468,100,0.10009765625,True,0.15985734134500282,6.255577576770829,112,0.0107421875,True,0.01768258954724101,56.55280281931492,124,0.0,False,0.0,inf
n12_d50_s17,12,0.5,17,1,10,True,1,6,L-BFGS-B,60,0.023390084999846295,80.0,0.6722689075630253,0.00048828125,4096,1,0.000244140625,4.309811523941186e-05,0.0013817030336260863,"[3.5301626371868213, 3.0614921351490136]","[0.0, 3.141592653589793]",CONVERGENCE: NORM OF PROJECTED GRADIENT <= PGTOL,108,0.02490234375,0.02490234375,40.15686274509804,114,0.00537109375,0.00537109375,186.1818181818182,119,0.00048828125,0.00048828125,2048.0,100,0.10009765625,True,0.10009765625,9.990243902439024,112,0.0107421875,True,0.0107421875,93.0909090909091,124,0.0,False,0.0,inf
n12_d50_s17,12,0.5,17,1,11,True,10,45,L-BFGS-B,60,0.32897788400077843,85.86428492956813,0.7215486128535137,0.0012877045357334862,4096,4,0.0009765625,0.000379829567061715,0.0025084428063047127,"[3.2552393650653646, 0.6923306690848007]","[3.290163975534851, 0.48717574929496515]",CONVERGENCE: NORM OF PROJECTED GRADIENT <= PGTOL,108,0.02490234375,0.04741176661113593,21.0918105668124,114,0.00537109375,0.010565159436449645,94.65072496208762,119,0.00048828125,0.0012877045357334862,776.5756602157128,100,0.10009765625,True,0.16990295917086284,5.885712673163923,112,0.0107421875,True,0.023204663530750094,43.09478560957505,124,0.0,False,0.0,inf
n12_d50_s17,12,0.5,17,1,12,True,9,42,L-BFGS-B,60,0.25697277800009033,81.99121406048286,0.689001798827587,0.0002564366021221454,4096,1,0.000244140625,4.309811523941186e-05,0.0013817030336260863,"[5.20066010360584, 0.7141640823088615]","[5.129418870436351, 0.4937403725357266]",CONVERGENCE: RELATIVE REDUCTION OF F <= FACTR*EPSMCH,108,0.02490234375,0.03411210072819993,29.315110434500912,114,0.00537109375,0.010753613006234557,92.9920017969994,119,0.00048828125,0.0002564366021221454,3899.5993228910506,100,0.10009765625,True,0.12297208765673887,8.1319266758435,112,0.0107421875,True,0.016536623619721507,60.47183651246704,124,0.0,False,0.0,inf
n12_d50_s17,12,0.5,17,1,13,True,1,6,L-BFGS-B,60,0.003726156999618979,80.0,0.6722689075630253,0.0004882812500000002,4096,2,0.00048828125,0.00013391454481334652,0.0017787103455524616,"[2.913260089984404, 0.006962307304747994]","[0.9054524687207377, 0.0]",CONVERGENCE: NORM OF PROJECTED GRADIENT <= PGTOL,108,0.02490234375,0.02490234375,40.15686274509804,114,0.00537109375,0.00537109375,186.1818181818182,119,0.00048828125,0.0004882812500000002,2047.999999999999,100,0.10009765625,True,0.10009765625,9.990243902439024,112,0.0107421875,True,0.0107421875,93.0909090909091,124,0.0,False,0.0,inf
n12_d50_s17,12,0.5,17,1,14,True,13,51,L-BFGS-B,60,0.4972850029998881,80.97908233179132,0.6804964901831203,0.0001210701752290074,4096,0,0.0,0.0,0.0009369774073651883,"[4.5457197698735, 0.4073624984682104]","[4.687118763309006, 0.46621992159506037]",CONVERGENCE: RELATIVE REDUCTION OF F <= FACTR*EPSMCH,108,0.02490234375,0.021073707230767093,47.45249561690905,114,0.00537109375,0.0030976442395006256,322.82596795596226,119,0.00048828125,0.0001210701752290074,8259.672525528884,100,0.10009765625,True,0.10324203658874198,9.685977079117837,112,0.0107421875,True,0.007032706593038391,142.19276558329483,124,0.0,False,0.0,inf
n12_d50_s17,12,0.5,17,1,15,True,1,6,L-BFGS-B,60,0.0033763970004656585,80.0,0.6722689075630253,0.00048828125,4096,1,0.000244140625,4.309811523941186e-05,0.0013817030336260863,"[3.6788636553847365, 2.409705010551084]","[0.0, 3.141592653589793]",CONVERGENCE: NORM OF PROJECTED GRADIENT <= PGTOL,108,0.02490234375,0.02490234375,40.15686274509804,114,0.00537109375,0.00537109375,186.1818181818182,119,0.00048828125,0.00048828125,2048.0,100,0.10009765625,True,0.10009765625,9.990243902439024,112,0.0107421875,True,0.0107421875,93.0909090909091,124,0.0,False,0.0,inf
n12_d50_s17,12,0.5,17,1,16,True,8,48,L-BFGS-B,60,0.3159149619996242,81.99121406048664,0.6890017988276188,0.00025643420427951956,4096,1,0.000244140625,4.309811523941186e-05,0.0013817030336260863,"[4.660613705804527, 1.2955070889980924]","[5.129418857229054, 2.0645358243806644]",CONVERGENCE: RELATIVE REDUCTION OF F <= FACTR*EPSMCH,108,0.02490234375,0.034112104580228154,29.315107124161838,114,0.00537109375,0.010753622246816382,92.99192188902215,119,0.00048828125,0.00025643420427951956,3899.635786924803,100,0.10009765625,True,0.1229721047770938,8.131925543704863,112,0.0107421875,True,0.01653662527959307,60.47183044257793,124,0.0,False,0.0,inf
n12_d50_s17,12,0.5,17,1,17,True,9,33,L-BFGS-B,60,0.2851705539997056,81.3706649032188,0.6837871000270487,0.0010599245955355894,4096,6,0.00146484375,0.0006715185421635897,0.0031924013142034585,"[2.2144438210926793, 2.9338340938617837]","[2.17309892317784, 2.6210315174655907]",CONVERGENCE: NORM OF PROJECTED GRADIENT <= PGTOL,108,0.02490234375,0.03518890955227032,28.418044569257816,114,0.00537109375,0.012217156156881338,81.85210921092697,119,0.00048828125,0.0010599245955355894,943.4633408942558,100,0.10009765625,True,0.12298171179383775,8.131290298482469,112,0.0107421875,True,0.01941205614336261,51.514378106820025,124,0.0,False,0.0,inf
n12_d50_s17,12,0.5,17,1,18,True,11,42,L-BFGS-B,60,0.3769165329995303,80.6529257164931,0.6777556782898579,0.00018988734455663514,4096,0,0.0,0.0,0.0009369774073651883,"[4.382110682557405, 2.2689024302370857]","[4.39310680555493, 2.019079976355906]",CONVERGENCE: RELATIVE REDUCTION OF F <= FACTR*EPSMCH,108,0.02490234375,0.03403846692404834,29.37852642515739,114,0.00537109375,0.007421546025461315,134.742814579236,119,0.00048828125,0.00018988734455663514,5266.280395541281,100,0.10009765625,True,0.09877780970664612,10.123731260794663,112,0.0107421875,True,0.016697267765576777,59.89003794151329,124,0.0,False,0.0,inf
n12_d50_s17,12,0.5,17,1,19,True,1,6,L-BFGS-B,60,0.003450369000347564,79.99999999999983,0.6722689075630238,0.0004882812499999936,4096,0,0.0,0.0,0.0009369774073651883,"[5.59752100716445, 1.7448590325588815]","[6.283185307179586, 0.46935665441675295]",CONVERGENCE: NORM OF PROJECTED GRADIENT <= PGTOL,108,0.02490234375,0.024902343749999657,40.15686274509859,114,0.00537109375,0.00537109374999993,186.18181818182063,119,0.00048828125,0.0004882812499999936,2048.000000000027,100,0.10009765625,True,0.10009765624999875,9.990243902439149,112,0.0107421875,True,0.010742187499999944,93.09090909090958,124,0.0,False,0.0,inf
n12_d50_s17,12,0.5,17,2,0,True,17,115,L-BFGS-B,60,0.14807005100010429,80.93595326855376,0.6801340610802837,0.00011562606331854039,4096,0,0.0,0.0,0.0009369774073651883,"[1.4234426461923309, 5.899864511490063, 2.364994865018139, 2.433261008122661]","[1.4266632724264858, 5.831819249139059, 2.47603685488398, 2.5220629117908677]",CONVERGENCE: RELATIVE REDUCTION OF F <= FACTR*EPSMCH,108,0.02490234375,0.03044928618800748,32.84149236949444,114,0.00537109375,0.0061771357100839155,161.8873288419974,119,0.00048828125,0.00011562606331854039,8648.569114085303,100,0.10009765625,True,0.11614148596488946,8.610187752396318,112,0.0107421875,True,0.012728889631741624,78.56144792915259,124,0.0,False,0.0,inf
n12_d50_s17,12,0.5,17,2,1,True,1,10,L-BFGS-B,60,0.011297713999738335,80.0,0.6722689075630253,0.00048828124999999957,4096,2,0.00048828125,0.00013391454481334652,0.0017787103455524616,"[5.901719741244093, 5.243344578283616, 2.4904514017694095, 0.47762140210585374]","[6.283185307179586, 3.313374072024578, 3.141592653589793, 3.141592653589793]",CONVERGENCE: NORM OF PROJECTED GRADIENT <= PGTOL,108,0.02490234375,0.024902343749999997,40.156862745098046,114,0.00537109375,0.005371093749999999,186.18181818181822,119,0.00048828125,0.00048828124999999957,2048.000000000002,100,0.10009765625,True,0.10009765624999997,9.990243902439028,112,0.0107421875,True,0.0107421875,93.0909090909091,124,0.0,False,0.0,inf
n12_d50_s17,12,0.5,17,2,2,True,1,10,L-BFGS-B,60,0.029426624999359774,79.99999999999997,0.6722689075630249,0.00048828124999999913,4096,3,0.000732421875,0.0002491200948151938,0.0021513285370509242,"[3.255651572153272, 1.4853377477091092, 1.4860526159063092, 1.0135031784022595]","[0.0, 0.0, 3.141592653589793, 0.9731429296836694]",CONVERGENCE: NORM OF PROJECTED GRADIENT <= PGTOL,108,0.02490234375,0.02490234374999996,40.15686274509811,114,0.00537109375,0.005371093749999993,186.18181818181841,119,0.00048828125,0.00048828124999999913,2048.0000000000036,100,0.10009765625,True,0.10009765624999983,9.99024390243904,112,0.0107421875,True,0.010742187499999983,93.09090909090924,124,0.0,False,0.0,inf
n12_d50_s17,12,0.5,17,2,3,True,19,135,L-BFGS-B,60,0.16945413099983853,83.14658747658623,0.6987108191309768,4.2963233315442265e-05,4096,0,0.0,0.0,0.0009369774073651883,"[5.542708559506358, 3.883875553328463, 1.9711030604323647, 1.2215563968012249]","[5.696025954956455, 3.969053716255591, 2.142104290525316, 1.370628965536094]",CONVERGENCE: RELATIVE REDUCTION OF F <= FACTR*EPSMCH,108,0.02490234375,0.05040113383751815,19.840823486705155,114,0.00537109375,0.009149419987811866,109.29654571897683,119,0.00048828125,4.2963233315442265e-05,23275.715602172106,100,0.10009765625,True,0.15043316945734214,6.647470126484086,112,0.0107421875,True,0.01895479246201407,52.75710625711295,124,0.0,False,0.0,inf
n12_d50_s17,12,0.5,17,2,4,True,23,190,L-BFGS-B,60,0.28523656300058065,82.9679400071326,0.6972095798918706,0.002644862308308633,4096,15,0.003662109375,0.0022205922771783033,0.006033741252691535,"[1.3626227712054793, 1.1424446410665265, 2.563394062486277, 2.4553516606602592]","[2.306727731823763, 2.216495551021484, 1.8537214380853284, 2.776461134632756]",CONVERGENCE: RELATIVE REDUCTION OF F <= FACTR*EPSMCH,108,0.02490234375,0.03686789895085816,27.12386733328408,114,0.00537109375,0.010018259544296658,99.81773736030773,119,0.00048828125,0.002644862308308633,378.09151609086655,100,0.10009765625,True,0.13330925705407637,7.50135453529948,112,0.0107421875,True,0.01660676574046855,60.216421164003584,124,0.0,False,0.0,inf
n12_d50_s17,12,0.5,17,2,5,True,1,10,L-BFGS-B,60,0.06218730399996275,80.0,0.6722689075630253,0.00048828125,4096,1,0.000244140625,4.309811523941186e-05,0.0013817030336260863,"[0.13797699625483897, 4.797244253422209, 2.156775147577663, 2.398042995154524]","[6.283185307179586, 0.8625683555026816, 3.141592653589793, 0.0]",CONVERGENCE: NORM OF PROJECTED GRADIENT <= PGTOL,108,0.02490234375,0.02490234375,40.15686274509804,114,0.00537109375,0.00537109375,186.1818181818182,119,0.00048828125,0.00048828125,2048.0,100,0.10009765625,True,0.10009765625,9.990243902439024,112,0.0107421875,True,0.0107421875,93.0909090909091,124,0.0,False,0.0,inf
n12_d50_s17,12,0.5,17,2,6,True,1,10,L-BFGS-B,60,0.04570338800022,80.00000000000003,0.6722689075630255,0.0004882812500000072,4096,1,0.000244140625,4.309811523941186e-05,0.0013817030336260863,"[1.0521150601975005, 1.7670461671433024, 2.1670986454611922, 1.9933149971545592]","[6.283185307179586, 6.283185307179586, 0.7504981110797747, 3.141592653589793]",CONVERGENCE: NORM OF PROJECTED GRADIENT <= PGTOL,108,0.02490234375,0.024902343750000045,40.15686274509797,114,0.00537109375,0.005371093749999988,186.1818181818186,119,0.00048828125,0.0004882812500000072,2047.99999999997,100,0.10009765625,True,0.1000976562499998,9.990243902439044,112,0.0107421875,True,0.01074218749999998,93.09090909090928,124,0.0,False,0.0,inf
n12_d50_s17,12,0.5,17,2,7,True,32,230,L-BFGS-B,60,2.0200267030004397,83.85607937926999,0.7046729359602519,0.000668441004974762,4096,4,0.0009765625,0.000379829567061715,0.0025084428063047127,"[3.6377291415759307, 6.02475655695204, 1.1664632011075322, 0.08265300525982211]","[3.539691304913628, 6.098253746972637, 0.5158138718642786, 0.18831779972532237]",CONVERGENCE: RELATIVE REDUCTION OF F <= FACTR*EPSMCH,108,0.02490234375,0.05024205425995651,19.90364475994389,114,0.00537109375,0.008590057534217127,116.41365567304517,119,0.00048828125,0.000668441004974762,1496.0183360351398,100,0.10009765625,True,0.16110970915444114,6.206950563366678,112,0.0107421875,True,0.021246085986060464,47.0674928387327,124,0.0,False,0.0,inf
n12_d50_s17,12,0.5,17,2,8,True,13,100,L-BFGS-B,60,1.0032268350005324,82.22117145100748,0.6909342138740124,0.000186684463285903,4096,1,0.000244140625,4.309811523941186e-05,0.0013817030336260863,"[5.836875943670664, 1.3001845812975557, 1.4582063823905593, 0.40845542505532506]","[5.778312874767437, 1.2493519277740766, 1.4226693347166928, 0.47782831057640834]",CONVERGENCE: RELATIVE REDUCTION OF F <= FACTR*EPSMCH,108,0.02490234375,0.03246923474403563,30.798385237080247,114,0.00537109375,0.01009738988468304,99.03549446148679,119,0.00048828125,0.000186684463285903,5356.632161019864,100,0.10009765625,True,0.12324791960378903,8.113727219207819,112,0.0107421875,True,0.016514920511853482,60.55130566824443,124,0.0,False,0.0,inf
n12_d50_s17,12,0.5,17,2,9,True,15,110,L-BFGS-B,60,1.0693744230002267,83.47885695551443,0.7015029996261717,0.00047830094445140583,4096,0,0.0,0.0,0.0009369774073651883,"[2.4677205500007675, 1.0906452288817499, 1.1287384632573145, 0.12240032564197922]","[2.733337182146497, 0.0, 2.684008210541023, 3.140979833891851]",CONVERGENCE: RELATIVE REDUCTION OF F <= FACTR*EPSMCH,108,0.02490234375,0.05188907834525247,19.27187824278428,114,0.00537109375,0.008516377612544677,117.42081498676079,119,0.00048828125,0.00047830094445140583,2090.733902160625,100,0.10009765625,True,0.15985735851278943,6.2555769049567695,112,0.0107421875,True,0.017682595882347166,56.552782558262095,124,0.0,False,0.0,inf
n12_d50_s17,12,0.5,17,2,10,True,20,150,L-BFGS-B,60,1.5108152319999135,84.05070374266072,0.7063084348122749,0.001581214802954085,4096,8,0.001953125,0.0009900179449591885,0.0038495493944084797,"[5.477708496462332, 3.087197462432993, 0.8267229739535157, 2.126126186509639]","[5.563962450579587, 3.1075127688029585, 1.102902462398862, 1.9780811686565198]",CONVERGENCE: RELATIVE REDUCTION OF F <= FACTR*EPSMCH,108,0.02490234375,0.04049958773640729,24.69160936917502,114,0.00537109375,0.011591684228598086,86.26874061431721,119,0.00048828125,0.001581214802954085,632.4251443458297,100,0.10009765625,True,0.15174584612245745,6.589966220182459,112,0.0107421875,True,0.017613379164389875,56.77502259315269,124,0.0,False,0.0,inf
n12_d50_s17,12,0.5,17,2,11,True,25,220,L-BFGS-B,60,1.8155549650000466,86.25300204654732,0.7248151432482969,0.0011713505345884966,4096,4,0.0009765625,0.000379829567061715,0.0025084428063047127,"[1.2009289913470238, 4.7865756405334725, 0.3782001736214205, 1.1793026707888783]","[1.1748924676880634, 2.1163749485982524, 1.4904610262254037, 2.0514379861143763]",CONVERGENCE: RELATIVE REDUCTION OF F <= FACTR*EPSMCH,108,0.02490234375,0.05303126228667931,18.856801759576175,114,0.00537109375,0.012362582414946317,80.88924841390774,119,0.00048828125,0.0011713505345884966,853.7154083865312,100,0.10009765625,True,0.17406881180986336,5.744854518179324,112,0.0107421875,True,0.025259956237594323,39.58835045453098,124,0.0,False,0.0,inf
n12_d50_s17,12,0.5,17,2,12,True,1,10,L-BFGS-B,60,0.05208845100059989,79.99999999999999,0.672268907563025,0.00048828124999999957,4096,1,0.000244140625,4.309811523941186e-05,0.0013817030336260863,"[2.166862479658025, 6.099328292264194, 1.7692898020729595, 1.1550497325639784]","[0.0, 0.0, 0.0, 2.844925004779579]",CONVERGENCE: NORM OF PROJECTED GRADIENT <= PGTOL,108,0.02490234375,0.024902343749999986,40.15686274509806,114,0.00537109375,0.0053710937499999965,186.1818181818183,119,0.00048828125,0.00048828124999999957,2048.000000000002,100,0.10009765625,True,0.10009765624999994,9.99024390243903,112,0.0107421875,True,0.010742187499999991,93.09090909090916,124,0.0,False,0.0,inf
n12_d50_s17,12,0.5,17,2,13,True,15,140,L-BFGS-B,60,1.2482383799997478,98.91238012526861,0.8311964716409127,0.007449691383872466,4096,33,0.008056640625,0.00574259628340602,0.011292564593469397,"[4.3102480988049905, 5.332823605609404, 0.2515617165823612, 0.8149840903112636]","[2.8276140658942506, 3.529266503560314, 0.027547908805069864, 0.33164987354311004]",CONVERGENCE: RELATIVE REDUCTION OF F <= FACTR*EPSMCH,108,0.02490234375,0.24098190860735388,4.149689102302527,114,0.00537109375,0.07863786135587034,12.716520805093712,119,0.00048828125,0.007449691383872466,134.2337485502902,100,0.10009765625,True,0.5350508802296139,1.8689811323567134,112,0.0107421875,True,0.1349578610882609,7.409720278139347,124,0.0,False,0.0,inf
n12_d50_s17,12,0.5,17,2,14,True,1,10,L-BFGS-B,60,0.04129637400001229,80.0,0.6722689075630253,0.00048828125,4096,1,0.000244140625,4.309811523941186e-05,0.0013817030336260863,"[2.9431643801169707, 3.4664399088575473, 2.864744354647898, 2.782158120412128]","[6.283185307179586, 6.283185307179586, 0.0, 3.141592653589793]",CONVERGENCE: NORM OF PROJECTED GRADIENT <= PGTOL,108,0.02490234375,0.02490234375,40.15686274509804,114,0.00537109375,0.00537109375,186.1818181818182,119,0.00048828125,0.00048828125,2048.0,100,0.10009765625,True,0.10009765625,9.990243902439024,112,0.0107421875,True,0.0107421875,93.0909090909091,124,0.0,False,0.0,inf
n12_d50_s17,12,0.5,17,2,15,True,17,110,L-BFGS-B,60,1.4215467160001936,81.01618728193742,0.680808296486869,0.0002507389147721684,4096,0,0.0,0.0,0.0009369774073651883,"[2.5230563603171854, 2.212956510638465, 2.7610470393466655, 1.8854809933499215]","[2.554131849888396, 2.2429582142487865, 2.7303065315166757, 2.094216858234627]",CONVERGENCE: NORM OF PROJECTED GRADIENT <= PGTOL,108,0.02490234375,0.02443397532299386,40.92661905322213,114,0.00537109375,0.004836960112535205,206.74141955573583,119,0.00048828125,0.0002507389147721684,3988.212204350652,100,0.10009765625,True,0.11336531504930523,8.821040188218738,112,0.0107421875,True,0.011388508510587777,87.80781074802819,124,0.0,False,0.0,inf
n12_d50_s17,12,0.5,17,2,16,True,1,10,L-BFGS-B,60,0.04157933300029981,80.00000000000001,0.6722689075630254,0.0004882812500000004,4096,1,0.000244140625,4.309811523941186e-05,0.0013817030336260863,"[1.265773966249899, 1.2018773095283362, 1.3418657838870527, 2.1719784032593696]","[0.0, 0.0, 3.141592653589793, 2.883541482712518]",CONVERGENCE: NORM OF PROJECTED GRADIENT <= PGTOL,108,0.02490234375,0.024902343750000014,40.15686274509802,114,0.00537109375,0.0053710937500000035,186.18181818181807,119,0.00048828125,0.0004882812500000004,2047.9999999999982,100,0.10009765625,True,0.10009765625000006,9.990243902439019,112,0.0107421875,True,0.010742187500000009,93.09090909090902,124,0.0,False,0.0,inf
n12_d50_s17,12,0.5,17,2,17,True,14,125,L-BFGS-B,60,1.2851394210001672,83.67267281959005,0.7031317043663029,0.0001831267540898143,4096,0,0.0,0.0,0.0009369774073651883,"[5.616192535275046, 5.926540623413955, 3.086133640861783, 0.7900015531746446]","[3.5537752195980623, 4.24722769657122, 2.02031595175933, 1.4444445716527172]",CONVERGENCE: RELATIVE REDUCTION OF F <= FACTR*EPSMCH,108,0.02490234375,0.054276384320912974,18.424219161089084,114,0.00537109375,0.007719094565521524,129.54887280001049,119,0.00048828125,0.0001831267540898143,5460.698547136106,100,0.10009765625,True,0.15542883855191042,6.433812472104513,112,0.0107421875,True,0.01912178703668019,52.29636738876755,124,0.0,False,0.0,inf
n12_d50_s17,12,0.5,17,2,18,True,29,190,L-BFGS-B,60,1.8799554870001884,83.61024700453014,0.7026071176851272,0.0003452966675921357,4096,0,0.0,0.0,0.0009369774073651883,"[5.978672833416234, 1.4215544457003286, 2.568119468544773, 2.4339096801654914]","[3.469666391842693, 0.07833169895566469, 3.0600374822230156, 2.0558912212466787]",CONVERGENCE: NORM OF PROJECTED GRADIENT <= PGTOL,108,0.02490234375,0.05436516044227836,18.39413315190598,114,0.00537109375,0.010047435489399806,99.52788460846699,119,0.00048828125,0.0003452966675921357,2896.0603847506563,100,0.10009765625,True,0.16531707597822362,6.048981897863503,112,0.0107421875,True,0.019418478716653052,51.497339961158346,124,0.0,False,0.0,inf
n12_d50_s17,12,0.5,17,2,19,True,1,10,L-BFGS-B,60,0.026093716000104905,80.0,0.6722689075630253,0.00048828125,4096,2,0.00048828125,0.00013391454481334652,0.0017787103455524616,"[6.0893642876052745, 3.479016308838385, 0.07303035744671652, 2.954320419464303]","[0.0, 0.0, 0.0, 3.141592653589793]",CONVERGENCE: NORM OF PROJECTED GRADIENT <= PGTOL,108,0.02490234375,0.02490234375,40.15686274509804,114,0.00537109375,0.00537109375,186.1818181818182,119,0.00048828125,0.00048828125,2048.0,100,0.10009765625,True,0.10009765625,9.990243902439024,112,0.0107421875,True,0.0107421875,93.0909090909091,124,0.0,False,0.0,inf
n12_d50_s17,12,0.5,17,3,0,True,31,329,L-BFGS-B,60,0.6560759780004446,86.3414110869592,0.7255580763610017,0.0012772816194577567,4096,3,0.000732421875,0.0002491200948151938,0.0021513285370509242,"[4.922718492972661, 3.8275809161472374, 0.519328026767994, 1.8837830354641205, 1.311572490789098, 1.142452895307122]","[5.112020823376573, 3.75572665163555, 0.40878813856596674, 1.651433507211657, 1.6228104793220532, 1.0973099445503234]",CONVERGENCE: RELATIVE REDUCTION OF F <= FACTR*EPSMCH,108,0.02490234375,0.05200239248518515,19.22988447665918,114,0.00537109375,0.011446169042359535,87.36547540921676,119,0.00048828125,0.0012772816194577567,782.9126989430328,100,0.10009765625,True,0.17366231512100386,5.758301674737108,112,0.0107421875,True,0.024664976088695455,40.543319255773525,124,0.0,False,0.0,inf
n12_d50_s17,12,0.5,17,3,1,True,38,413,L-BFGS-B,60,0.8917702660000941,85.89647591596616,0.7218191253442535,0.0012198737233855182,4096,6,0.00146484375,0.0006715185421635897,0.0031924013142034585,"[2.195621037813854, 4.453622879805838, 5.703353681980651, 2.223750182784002, 2.5059375562095947, 2.6177519949724557]","[2.992893280990685, 4.548221025204897, 4.244803370345353, 1.0838506209112049, 3.1039760018197073, 3.141592653589793]",CONVERGENCE: RELATIVE REDUCTION OF F <= FACTR*EPSMCH,108,0.02490234375,0.0469349917786933,21.306065306566474,114,0.00537109375,0.010480822671130091,95.41235753893118,119,0.00048828125,0.0012198737233855182,819.7569804394982,100,0.10009765625,True,0.1732014646651897,5.773623230802745,112,0.0107421875,True,0.022398611707926938,44.64562415920166,124,0.0,False,0.0,inf
n12_d50_s17,12,0.5,17,3,2,True,31,273,L-BFGS-B,60,0.5159684519994698,84.93248926516097,0.7137183971862266,5.171741506802544e-05,4096,0,0.0,0.0,0.0009369774073651883,"[4.842018545805113, 3.341039025621501, 1.6701213649381166, 2.4589763416881363, 0.11421537882158302, 0.48622799796968263]","[4.880066106992803, 3.1781677870990586, 1.7826142955771922, 2.9010664512090814, 0.08054545477288712, 0.42402414850932163]",CONVERGENCE: RELATIVE REDUCTION OF F <= FACTR*EPSMCH,108,0.02490234375,0.05145343870413837,19.435047009201554,114,0.00537109375,0.00964385725908518,103.69294911099298,119,0.00048828125,5.171741506802544e-05,19335.84651678106,100,0.10009765625,True,0.1890761094376704,5.288875484978464,112,0.0107421875,True,0.020760638400890673,48.16807560007875,124,0.0,False,0.0,inf
n12_d50_s17,12,0.5,17,3,3,True,26,273,L-BFGS-B,60,0.5183787290006876,82.85924602418231,0.6962961850771623,0.0011423198315966914,4096,5,0.001220703125,0.0005215205909937573,0.0028545755238729804,"[4.676577966389918, 5.0000310383611035, 3.9639407919880876, 2.95569738499821, 2.2159054185399056, 3.074532531321736]","[2.166050992989188, 2.368741685914762, 3.529943186525209, 1.4267616501272808, 2.902326948808778, 1.9444881152937876]",CONVERGENCE: RELATIVE REDUCTION OF F <= FACTR*EPSMCH,108,0.02490234375,0.039752797403891454,25.15546239022939,114,0.00537109375,0.00637394828782241,156.88862771455572,119,0.00048828125,0.0011423198315966914,875.4115724334732,100,0.10009765625,True,0.1330599897798917,7.515407160741583,112,0.0107421875,True,0.013351812412881593,74.89619903850789,124,0.0,False,0.0,inf
n12_d50_s17,12,0.5,17,3,4,True,38,399,L-BFGS-B,60,0.7166629319999629,82.96041553773642,0.6971463490566085,0.00017028493803803978,4096,1,0.000244140625,4.309811523941186e-05,0.0013817030336260863,"[5.571537399571941, 1.7970159806033177, 3.370370462405014, 0.7732070550583916, 2.9446009636159487, 0.8100642981651831]","[5.688589055138961, 1.8911348315584007, 3.2997932259801463, 0.5141436880483098, 3.0232425115149146, 1.5147563510711874]",CONVERGENCE: RELATIVE REDUCTION OF F <= FACTR*EPSMCH,108,0.02490234375,0.037926599497785,26.366719221911847,114,0.00537109375,0.007642335895819315,130.85004554000864,119,0.00048828125,0.00017028493803803978,5872.509991321787,100,0.10009765625,True,0.13921476182088693,7.183146290812144,112,0.0107421875,True,0.019331958742312194,51.72781575471101,124,0.0,False,0.0,inf
n12_d50_s17,12,0.5,17,3,5,True,1,14,L-BFGS-B,60,0.12690707700039638,80.0,0.6722689075630253,0.00048828125,4096,2,0.00048828125,0.00013391454481334652,0.0017787103455524616,"[2.6797427311870043, 0.647400345155239, 6.0826068833286895, 1.8648768097368689, 3.0660048782653946, 2.3902610027147384]","[0.0, 0.0, 0.0, 3.141592653589793, 3.141592653589793, 0.0]",CONVERGENCE: NORM OF PROJECTED GRADIENT <= PGTOL,108,0.02490234375,0.02490234375,40.15686274509804,114,0.00537109375,0.00537109375,186.1818181818182,119,0.00048828125,0.00048828125,2048.0,100,0.10009765625,True,0.10009765625,9.990243902439024,112,0.0107421875,True,0.0107421875,93.0909090909091,124,0.0,False,0.0,inf
n12_d50_s17,12,0.5,17,3,6,True,1,14,L-BFGS-B,60,0.10063662500033388,80.0,0.6722689075630253,0.00048828125,4096,1,0.000244140625,4.309811523941186e-05,0.0013817030336260863,"[2.064281781306055, 6.25435112248642, 4.219909465219125, 0.23710886691475302, 1.584923050800401, 1.9496610862751693]","[6.283185307179586, 6.283185307179586, 6.283185307179586, 3.141592653589793, 3.141592653589793, 0.0]",CONVERGENCE: NORM OF PROJECTED GRADIENT <= PGTOL,108,0.02490234375,0.02490234375,40.15686274509804,114,0.00537109375,0.00537109375,186.1818181818182,119,0.00048828125,0.00048828125,2048.0,100,0.10009765625,True,0.10009765625,9.990243902439024,112,0.0107421875,True,0.0107421875,93.0909090909091,124,0.0,False,0.0,inf
n12_d50_s17,12,0.5,17,3,7,True,27,322,L-BFGS-B,60,4.058432896999875,84.65023345225279,0.711346499598763,0.0024376616508031117,4096,12,0.0029296875,0.0016767322242621596,0.005114130081106749,"[5.1760267822555655, 6.15242319865138, 2.604323504132179, 0.7619400300481886, 0.06684500084175579, 1.1654489989948882]","[3.8668577502397654, 4.153689974050045, 1.8097507690011039, 1.4370392605529865, 0.28037904859575624, 1.8850354242454208]",CONVERGENCE: RELATIVE REDUCTION OF F <= FACTR*EPSMCH,108,0.02490234375,0.05213696363876279,19.180250060755746,114,0.00537109375,0.014966623188990539,66.81533886251648,119,0.00048828125,0.0024376616508031117,410.2292045618965,100,0.10009765625,True,0.1860514532389527,5.3748572375603185,112,0.0107421875,True,0.023548790740407558,42.46502553033825,124,0.0,False,0.0,inf
n12_d50_s17,12,0.5,17,3,8,True,39,392,L-BFGS-B,60,5.561823877999814,81.54333683356833,0.6852381246518348,0.0005173636615163,4096,3,0.000732421875,0.0002491200948151938,0.0021513285370509242,"[2.164331706559319, 1.745670510107146, 0.462617191943226, 2.3823925139387394, 0.945812079544207, 2.179610940285645]","[1.9014205974000207, 2.2962214689199034, 1.0716033899764872, 2.8689386710015987, 0.6570751851361472, 2.237014650306764]",CONVERGENCE: RELATIVE REDUCTION OF F <= FACTR*EPSMCH,108,0.02490234375,0.03356953462316495,29.788914598474694,114,0.00537109375,0.00600738767876178,166.4617057319857,119,0.00048828125,0.0005173636615163,1932.8763776512242,100,0.10009765625,True,0.10687775686809226,9.356483793294732,112,0.0107421875,True,0.015448231661424883,64.73232806943575,124,0.0,False,0.0,inf
n12_d50_s17,12,0.5,17,3,9,True,34,371,L-BFGS-B,60,5.38983323299999,85.55283002736427,0.718931344767767,4.789662114602523e-05,4096,0,0.0,0.0,0.0009369774073651883,"[3.5740392701136705, 4.790167986094074, 5.152744957677476, 0.7149352730178299, 1.516987741413189, 0.9046721599313742]","[3.5365429295444044, 4.901597499748067, 4.549657637049154, 0.6123273180983003, 1.5181691004840807, 1.2257668475954795]",CONVERGENCE: RELATIVE REDUCTION OF F <= FACTR*EPSMCH,108,0.02490234375,0.06312799325371635,15.840833019686238,114,0.00537109375,0.008644242204109871,115.68394040654644,119,0.00048828125,4.789662114602523e-05,20878.299472341514,100,0.10009765625,True,0.17883146229271957,5.59185719995486,112,0.0107421875,True,0.02018335180242794,49.545784554957116,124,0.0,False,0.0,inf
n12_d50_s17,12,0.5,17,3,10,True,42,399,L-BFGS-B,60,5.729314680000243,98.86471677846617,0.8307959393148419,0.008645666375073913,4096,32,0.0078125,0.005539509852396457,0.011007827282978652,"[5.4962893128619426, 0.941390406318288, 4.554711175187174, 1.3396122684962122, 1.9902112022289358, 2.981830437246065]","[5.289291305479237, 1.0677165986665615, 4.542422606057436, 1.5854671782648375, 1.901898787188723, 3.1264791980340982]",CONVERGENCE: RELATIVE REDUCTION OF F <= FACTR*EPSMCH,108,0.02490234375,0.2424135357294426,4.125182189150109,114,0.00537109375,0.08037248898922407,12.442068331790432,119,0.00048828125,0.008645666375073913,115.66488418788319,100,0.10009765625,True,0.5339777669842776,1.872737147180594,112,0.0107421875,True,0.13732504805649165,7.281992718390517,124,0.0,False,0.0,inf
n12_d50_s17,12,0.5,17,3,11,True,10,105,L-BFGS-B,60,1.2385651969998435,81.35164467318708,0.6836272661612359,0.00012091915055193305,4096,0,0.0,0.0,0.0009369774073651883,"[5.029454926050405, 2.834103408749495, 1.9415525638396853, 1.1736009901291746, 2.5388082128046463, 2.0917902470996443]","[0.0, 0.0, 4.2065374128189825, 3.60343815032356e-07, 1.501734078441994, 2.787459660052127]",CONVERGENCE: RELATIVE REDUCTION OF F <= FACTR*EPSMCH,108,0.02490234375,0.02740161595990221,36.49419805982745,114,0.00537109375,0.004458369539986639,224.29724387606436,119,0.00048828125,0.00012091915055193305,8269.988628232335,100,0.10009765625,True,0.10264819963546996,9.742012071826451,112,0.0107421875,True,0.013140017387071143,76.10340005972367,124,0.0,False,0.0,inf
n12_d50_s17,12,0.5,17,3,12,True,28,266,L-BFGS-B,60,3.642651834999924,98.98021809237869,0.8317665385914176,0.009060602147958076,4096,45,0.010986328125,0.008221047888752987,0.01466799788612615,"[0.1768671756456663, 4.904538670393158, 2.7445432735695605, 0.41864241612609654, 2.6045156383893953, 0.40392667429582296]","[0.07304169185980076, 0.58504181759402, 5.095600614641831, 0.33010396029486205, 3.1072194281705117, 0.03207071344116975]",CONVERGENCE: RELATIVE REDUCTION OF F <= FACTR*EPSMCH,108,0.02490234375,0.24585188521448054,4.0674896559267895,114,0.00537109375,0.07894709912156095,12.666709874421386,119,0.00048828125,0.009060602147958076,110.36794063685524,100,0.10009765625,True,0.5389900889803247,1.8553216848417855,112,0.0107421875,True,0.13402254699938804,7.461431097892552,124,0.0,False,0.0,inf
n12_d50_s17,12,0.5,17,3,13,True,29,371,L-BFGS-B,60,4.748222220000571,88.3062526921898,0.7420693503545361,0.0006798716154976135,4096,5,0.001220703125,0.0005215205909937573,0.0028545755238729804,"[1.8605488178524794, 2.9220782086954946, 0.3734038726058818, 0.19282838554376402, 2.7863089751366665, 1.344714719975087]","[3.209524289767431, 6.283185307179586, 6.22845692604234, 2.0856521976710067, 3.0475772036028594, 0.760087007012793]",CONVERGENCE: RELATIVE REDUCTION OF F <= FACTR*EPSMCH,108,0.02490234375,0.04004042215085574,24.974761660414416,114,0.00537109375,0.007310202154198019,136.79512261172306,119,0.00048828125,0.0006798716154976135,1470.865935869491,100,0.10009765625,True,0.17406896815858464,5.744849358151852,112,0.0107421875,True,0.015465721614834298,64.65912324717053,124,0.0,False,0.0,inf
n12_d50_s17,12,0.5,17,3,14,True,22,203,L-BFGS-B,60,2.538348713999767,83.00632271565658,0.6975321236609797,0.0006473339972509672,4096,0,0.0,0.0,0.0009369774073651883,"[0.8483586298977381, 0.7020489439287553, 2.3560762353308813, 2.072083689315446, 2.7867477402433356, 0.16057742119148669]","[0.7497367670188781, 0.9572033941095406, 2.051090154059362, 2.1573602678306245, 3.0166041093550438, 0.33591519831676864]",CONVERGENCE: RELATIVE REDUCTION OF F <= FACTR*EPSMCH,108,0.02490234375,0.036831097435090096,27.15096941551543,114,0.00537109375,0.005743453394551311,174.11127614418848,119,0.00048828125,0.0006473339972509672,1544.7975917327055,100,0.10009765625,True,0.13646611272873704,7.327826520476683,112,0.0107421875,True,0.013902097420471325,71.9315920292333,124,0.0,False,0.0,inf
n12_d50_s17,12,0.5,17,3,15,False,60,630,L-BFGS-B,60,8.349747074999868,98.96207190149532,0.8316140495923977,0.007893348205379565,4096,31,0.007568359375,0.005337063044036356,0.010722450349838443,"[5.775480152427381, 5.7612445216745956, 1.094763495390679, 2.5460275075777634, 0.28633238974771885, 0.4415715810589787]","[5.896953822078648, 6.282044781624787, 0.46020859555280785, 2.176411487144201, 1.0010751859474505, 0.3350953572206046]",STOP: TOTAL NO. OF ITERATIONS REACHED LIMIT,108,0.02490234375,0.2462984615226467,4.060114682884659,114,0.00537109375,0.07857025659200614,12.727462571399334,119,0.00048828125,0.007893348205379565,126.68895049105632,100,0.10009765625,True,0.5391011919269135,1.8549393230344982,112,0.0107421875,True,0.13766656386940282,7.263927942217316,124,0.0,False,0.0,inf
n12_d50_s17,12,0.5,17,3,16,True,24,238,L-BFGS-B,60,3.5402727279997634,81.92929047902115,0.6884814325968164,0.00030233905985935846,4096,0,0.0,0.0,0.0009369774073651883,"[0.44629193331988315, 2.1213863913015163, 4.105707889886308, 1.5882085064872955, 1.2114829656331398, 0.7071097126332916]","[5.536205221983575, 5.916838239507088, 6.283185307179586, 2.6334927143042512, 0.09992880631598089, 0.0480757121234502]",CONVERGENCE: RELATIVE REDUCTION OF F <= FACTR*EPSMCH,108,0.02490234375,0.03276674521667732,30.51874677778582,114,0.00537109375,0.006628982342802299,150.8527173987411,119,0.00048828125,0.00030233905985935846,3307.544848704558,100,0.10009765625,True,0.11966970597115131,8.356333726106666,112,0.0107421875,True,0.01626294784598202,61.489467313704964,124,0.0,False,0.0,inf
n12_d50_s17,12,0.5,17,3,17,True,39,490,L-BFGS-B,60,6.400639340000453,98.92387535269239,0.8312930701906923,0.00933646901023868,4096,37,0.009033203125,0.006560810170804027,0.01242564567207263,"[0.8239538421343585, 2.0979211735444245, 0.0642315269349898, 2.768856460389247, 2.791531056718432, 1.9471399714038284]","[0.07333149653471771, 2.363554336895429, 0.0033376445932925174, 0.3303020962860033, 2.4331572608053733, 0.7427956867389177]",CONVERGENCE: RELATIVE REDUCTION OF F <= FACTR*EPSMCH,108,0.02490234375,0.24357829638183565,4.105456088880721,114,0.00537109375,0.07787646805694844,12.840849424099892,119,0.00048828125,0.00933646901023868,107.10687294129794,100,0.10009765625,True,0.5395932975291853,1.8532476303523997,112,0.0107421875,True,0.13441801926334201,7.439478765424096,124,0.0,False,0.0,inf
n12_d50_s17,12,0.5,17,3,18,True,23,224,L-BFGS-B,60,2.7934307220002665,83.35214289749123,0.70043817560917,0.000268339801970898,4096,1,0.000244140625,4.309811523941186e-05,0.0013817030336260863,"[2.0403396478745974, 2.2856918723497928, 0.7575043168325861, 3.053137515245655, 0.31930711337393536, 1.8870004255445143]","[1.98395209825177, 2.433587226451041, 0.7155245451292124, 2.810380761187099, 0.0, 2.147608266674121]",CONVERGENCE: RELATIVE REDUCTION OF F <= FACTR*EPSMCH,108,0.02490234375,0.030903005583329316,32.359312019134215,114,0.00537109375,0.008084162467046485,123.69865203430848,119,0.00048828125,0.000268339801970898,3726.6182379774286,100,0.10009765625,True,0.12337918925901903,8.105094595010073,112,0.0107421875,True,0.013694693298458446,73.02098544350503,124,0.0,False,0.0,inf
n12_d50_s17,12,0.5,17,3,19,True,26,259,L-BFGS-B,60,3.5354331419994196,82.12228559064982,0.6901032402575615,7.088386780000301e-06,4096,0,0.0,0.0,0.0009369774073651883,"[1.4870151740099242, 4.332777988529129, 5.171545177068894, 0.669553532606989, 2.698669573989051, 1.6870312826362603]","[4.82654016258517, 5.845729635767704, 5.975287201366383, 1.9019088307305452, 0.5120507345412462, 2.9745934144382034]",CONVERGENCE: RELATIVE REDUCTION OF F <= FACTR*EPSMCH,108,0.02490234375,0.0312589521237661,31.990835650556008,114,0.00537109375,0.008177030301118136,122.29378676305735,119,0.00048828125,7.088386780000301e-06,141075.82317904462,100,0.10009765625,True,0.11656041019041355,8.579242286179296,112,0.0107421875,True,0.01627060089588429,61.46054508982233,124,0.0,False,0.0,inf
n12_d50_s42,12,0.5,42,1,0,True,1,6,L-BFGS-B,60,0.003923356000086642,78.0,0.609375,0.0004882812499999999,4096,3,0.000732421875,0.0002491200948151938,0.0021513285370509242,"[0.3617474694486359, 2.2988750051194042]","[2.5287251789736005, 0.0]",CONVERGENCE: NORM OF PROJECTED GRADIENT <= PGTOL,116,0.005859375,0.005859375,170.66666666666666,122,0.001953125,0.001953125,512.0,128,0.00048828125,0.0004882812499999999,2048.0000000000005,98,0.0859375,True,0.0859375,11.636363636363637,110,0.015625,True,0.015625,64.0,121,0.00244140625,True,0.00244140625,409.6
n12_d50_s42,12,0.5,42,1,1,True,6,39,L-BFGS-B,60,0.032969349999802944,80.63285394426262,0.6299441714395517,0.0002244769247727494,4096,1,0.000244140625,4.309811523941186e-05,0.0013817030336260863,"[1.33655020563686, 1.8465465725784314]","[1.2218898340349553, 1.9849643679751947]",CONVERGENCE: NORM OF PROJECTED GRADIENT <= PGTOL,116,0.005859375,0.006320481208528595,158.2158014568007,122,0.001953125,0.0013990133924887843,714.789440450633,128,0.00048828125,0.0002244769247727494,4454.800871013162,98,0.0859375,True,0.11297220152168745,8.85173508642326,110,0.015625,True,0.018528009313370487,53.97233901854548,121,0.00244140625,True,0.0016636379154563094,601.0923354831787
n12_d50_s42,12,0.5,42,1,2,True,1,6,L-BFGS-B,60,0.0041959390000556596,78.0,0.609375,0.00048828125,4096,0,0.0,0.0,0.0009369774073651883,"[0.14719874706534453, 2.7161326767976424]","[6.283185307179586, 3.141592653589793]",CONVERGENCE: NORM OF PROJECTED GRADIENT <= PGTOL,116,0.005859375,0.005859375,170.66666666666666,122,0.001953125,0.001953125,512.0,128,0.00048828125,0.00048828125,2048.0,98,0.0859375,True,0.0859375,11.636363636363637,110,0.015625,True,0.015625,64.0,121,0.00244140625,True,0.00244140625,409.6
n12_d50_s42,12,0.5,42,1,3,True,1,6,L-BFGS-B,60,0.004233745999954408,78.0,0.609375,0.00048828125,4096,0,0.0,0.0,0.0009369774073651883,"[0.16044175746329897, 2.5970051968570433]","[6.283185307179586, 0.0]",CONVERGENCE: NORM OF PROJECTED GRADIENT <= PGTOL,116,0.005859375,0.005859375,170.66666666666666,122,0.001953125,0.001953125,512.0,128,0.00048828125,0.00048828125,2048.0,98,0.0859375,True,0.0859375,11.636363636363637,110,0.015625,True,0.015625,64.0,121,0.00244140625,True,0.00244140625,409.6
n12_d50_s42,12,0.5,42,1,4,True,1,6,L-BFGS-B,60,0.0040415049998046015,78.0,0.609375,0.00048828125,4096,2,0.00048828125,0.00013391454481334652,0.0017787103455524616,"[5.420719563120803, 2.227064162344504]","[0.0, 0.0]",CONVERGENCE: NORM OF PROJECTED GRADIENT <= PGTOL,116,0.005859375,0.005859375,170.66666666666666,122,0.001953125,0.001953125,512.0,128,0.00048828125,0.00048828125,2048.0,98,0.0859375,True,0.0859375,11.636363636363637,110,0.015625,True,0.015625,64.0,121,0.00244140625,True,0.00244140625,409.6
n12_d50_s42,12,0.5,42,1,5,True,1,6,L-BFGS-B,60,0.008360738000192214,78.0,0.609375,0.00048828125,4096,1,0.000244140625,4.309811523941186e-05,0.0013817030336260863,"[5.010290243697968, 1.768868303137734]","[0.0, 0.0]",CONVERGENCE: NORM OF PROJECTED GRADIENT <= PGTOL,116,0.005859375,0.005859375,170.66666666666666,122,0.001953125,0.001953125,512.0,128,0.00048828125,0.00048828125,2048.0,98,0.0859375,True,0.0859375,11.636363636363637,110,0.015625,True,0.015625,64.0,121,0.00244140625,True,0.00244140625,409.6
n12_d50_s42,12,0.5,42,1,6,True,1,6,L-BFGS-B,60,0.024026887999752944,77.99999999999989,0.6093749999999991,0.00048828124999998634,4096,0,0.0,0.0,0.0009369774073651883,"[5.10472531348208, 0.3711631280809647]","[6.283185307179586, 0.3003845450492052]",CONVERGENCE: NORM OF PROJECTED GRADIENT <= PGTOL,116,0.005859375,0.005859374999999832,170.66666666667157,122,0.001953125,0.0019531249999999822,512.0000000000047,128,0.00048828125,0.00048828124999998634,2048.0000000000573,98,0.0859375,True,0.08593749999999889,11.636363636363786,110,0.015625,True,0.015624999999999709,64.0000000000012,121,0.00244140625,True,0.002441406249999947,409.6000000000089
n12_d50_s42,12,0.5,42,1,7,True,11,45,L-BFGS-B,60,0.4414207219997479,81.19595943194153,0.6343434330620432,0.0008023940329629138,4096,3,0.000732421875,0.0002491200948151938,0.0021513285370509242,"[2.289915290256771, 1.9068878895615393]","[3.466774151605529, 2.0068686208677926]",CONVERGENCE: NORM OF PROJECTED GRADIENT <= PGTOL,116,0.005859375,0.007353251091957617,135.99426804474527,122,0.001953125,0.002227193639412899,448.9955351451191,128,0.00048828125,0.0008023940329629138,1246.2704842250735,98,0.0859375,True,0.12701103168365502,7.873331841683556,110,0.015625,True,0.02600493176559139,38.45424433388274,121,0.00244140625,True,0.0022342477890369256,447.577929765369
n12_d50_s42,12,0.5,42,1,8,True,8,51,L-BFGS-B,60,0.4632191059999968,81.06200918255263,0.6332969467386924,0.0006710216457844463,4096,5,0.001220703125,0.0005215205909937573,0.0028545755238729804,"[1.1408257392166483, 1.5547109087954682]","[0.5144511158360444, 1.1353885376617905]",CONVERGENCE: NORM OF PROJECTED GRADIENT <= PGTOL,116,0.005859375,0.01007350792540377,99.27028473151448,122,0.001953125,0.003940032741011755,253.8049975044653,128,0.00048828125,0.0006710216457844463,1490.2648912777877,98,0.0859375,True,0.1198423890523488,8.34429293263827,110,0.015625,True,0.01911077699705748,52.32649620441763,121,0.00244140625,True,0.00406977913810936,245.71357954932068
n12_d50_s42,12,0.5,42,1,9,True,8,33,L-BFGS-B,60,0.30672573699939676,80.40873263789277,0.6281932237335373,0.0002879523680179247,4096,2,0.00048828125,0.00013391454481334652,0.0017787103455524616,"[0.642776364150236, 2.1485137979650033]","[0.6395470439909043, 1.975127065983885]",CONVERGENCE: NORM OF PROJECTED GRADIENT <= PGTOL,116,0.005859375,0.006792041629701932,147.2311352785223,122,0.001953125,0.0015708964849053722,636.5791824024853,128,0.00048828125,0.0002879523680179247,3472.796583974441,98,0.0859375,True,0.09664803490742399,10.346821856832035,110,0.015625,True,0.02458092967047658,40.68194382416179,121,0.00244140625,True,0.0018620784823033915,537.0342923263898
n12_d50_s42,12,0.5,42,1,10,True,9,39,L-BFGS-B,60,0.31289285000002565,81.01011458367631,0.6328915201849712,0.0005237832147837466,4096,1,0.000244140625,4.309811523941186e-05,0.0013817030336260863,"[1.3874687965606165, 1.050163337995774]","[4.170662819202816, 1.186906870223593]",CONVERGENCE: RELATIVE REDUCTION OF F <= FACTR*EPSMCH,116,0.005859375,0.0048833438026059835,204.77771797806918,122,0.001953125,0.0010590603193411934,944.2332808976047,128,0.00048828125,0.0005237832147837466,1909.1868005217925,98,0.0859375,True,0.10884614321421507,9.18728004934402,110,0.015625,True,0.014338505933191316,69.74227333443174,121,0.00244140625,True,0.0019097291539819888,523.6344629891069
n12_d50_s42,12,0.5,42,1,11,True,11,48,L-BFGS-B,60,0.4860840740002459,80.40873263789298,0.6281932237335389,0.00028795221014521515,4096,2,0.00048828125,0.00013391454481334652,0.0017787103455524616,"[5.554065908166905, 1.42382532449891]","[5.643638261780766, 1.1664655271165543]",CONVERGENCE: RELATIVE REDUCTION OF F <= FACTR*EPSMCH,116,0.005859375,0.006792041309720931,147.23114221475305,122,0.001953125,0.001570895923159734,636.5794100404681,128,0.00048828125,0.00028795221014521515,3472.798487970268,98,0.0859375,True,0.09664803339247457,10.346822019017557,110,0.015625,True,0.024580932340275138,40.68193940559078,121,0.00244140625,True,0.0018620778609889546,537.0344715171562
n12_d50_s42,12,0.5,42,1,12,True,9,51,L-BFGS-B,60,0.3380978109998978,79.05816293163565,0.6176418979034035,0.0005398398283245172,4096,5,0.001220703125,0.0005215205909937573,0.0028545755238729804,"[2.5654908635351097, 1.542702581971358]","[2.4935478942404075, 1.1491502067644066]",CONVERGENCE: NORM OF PROJECTED GRADIENT <= PGTOL,116,0.005859375,0.005224742859168407,191.39697913461802,122,0.001953125,0.0010175085545399622,982.7927200593629,128,0.00048828125,0.0005398398283245172,1852.40130040732,98,0.0859375,True,0.07634804089136568,13.09791303516069,110,0.015625,True,0.015252890237902224,65.5613450567604,121,0.00244140625,True,0.0010828767203580575,923.466153810515
n12_d50_s42,12,0.5,42,1,13,True,9,54,L-BFGS-B,60,0.43840290599928267,81.63152483366733,0.637746287763026,0.0025949693395874865,4096,10,0.00244140625,0.0013266895763215114,0.004488525246046777,"[5.122780151302547, 3.088128418362135]","[4.50859057127418, 2.7658889689544273]",CONVERGENCE: NORM OF PROJECTED GRADIENT <= PGTOL,116,0.005859375,0.014951762581779202,66.88174685295223,122,0.001953125,0.007368851396983102,135.7063599368298,128,0.00048828125,0.0025949693395874865,385.3610078333205,98,0.0859375,True,0.14012462513717808,7.136504372597094,110,0.015625,True,0.04180734751009957,23.919240505713166,121,0.00244140625,True,0.008646675972173237,115.65137900601381
n12_d50_s42,12,0.5,42,1,14,True,5,39,L-BFGS-B,60,0.21283772500009945,81.1959594319412,0.6343434330620407,0.0008023953063357341,4096,5,0.001220703125,0.0005215205909937573,0.0028545755238729804,"[3.6326709975980584, 1.4745246845637288]","[2.816411167311211, 1.1347241445039151]",CONVERGENCE: RELATIVE REDUCTION OF F <= FACTR*EPSMCH,116,0.005859375,0.007353253501209437,135.99422348699437,122,0.001953125,0.0022271946805885205,448.99532524734525,128,0.00048828125,0.0008023953063357341,1246.2685064381285,98,0.0859375,True,0.12701102462643576,7.8733322791560445,110,0.015625,True,0.026004931096667964,38.454245323039174,121,0.00244140625,True,0.0022342487345601643,447.5777403525578
n12_d50_s42,12,0.5,42,1,15,True,7,39,L-BFGS-B,60,0.3662317329999496,81.19595943194093,0.6343434330620386,0.000802392386650161,4096,4,0.0009765625,0.000379829567061715,0.0025084428063047127,"[2.907547026839749, 2.673282284344467]","[2.816411141483725, 2.7055202068451387]",CONVERGENCE: NORM OF PROJECTED GRADIENT <= PGTOL,116,0.005859375,0.007353248043834131,135.99432441810842,122,0.001953125,0.002227192308343133,448.99580348493856,128,0.00048828125,0.000802392386650161,1246.2730412670217,98,0.0859375,True,0.1270110408711827,7.873331272154688,110,0.015625,True,0.026004932468323427,38.45424329473259,121,0.00244140625,True,0.0022342465850381777,447.578170957756
n12_d50_s42,12,0.5,42,1,16,True,8,48,L-BFGS-B,60,0.3133348740002475,80.26142351246855,0.6270423711911606,7.950923469894073e-05,4096,1,0.000244140625,4.309811523941186e-05,0.0013817030336260863,"[5.874163606029952, 1.5455993182363044]","[5.886115846298661, 1.2215777908619185]",CONVERGENCE: RELATIVE REDUCTION OF F <= FACTR*EPSMCH,116,0.005859375,0.012498027374211726,80.0126267976807,122,0.001953125,0.004553725194910489,219.60042760543806,128,0.00048828125,7.950923469894073e-05,12577.155393162433,98,0.0859375,True,0.10412074853677301,9.604233681117107,110,0.015625,True,0.027307679229056848,36.619735848367,121,0.00244140625,True,0.004637004243013902,215.65647724101123
n12_d50_s42,12,0.5,42,1,17,True,1,6,L-BFGS-B,60,0.023622746999535593,78.0,0.609375,0.00048828125,4096,3,0.000732421875,0.0002491200948151938,0.0021513285370509242,"[2.809505126587964, 2.04278875018011]","[0.0, 3.141592653589793]",CONVERGENCE: NORM OF PROJECTED GRADIENT <= PGTOL,116,0.005859375,0.005859375,170.66666666666666,122,0.001953125,0.001953125,512.0,128,0.00048828125,0.00048828125,2048.0,98,0.0859375,True,0.0859375,11.636363636363637,110,0.015625,True,0.015625,64.0,121,0.00244140625,True,0.00244140625,409.6
n12_d50_s42,12,0.5,42,1,18,True,1,6,L-BFGS-B,60,0.004263038999852142,78.0,0.609375,0.00048828125,4096,2,0.00048828125,0.00013391454481334652,0.0017787103455524616,"[1.5154166941165355, 0.347973858527921]","[6.283185307179586, 0.0]",CONVERGENCE: NORM OF PROJECTED GRADIENT <= PGTOL,116,0.005859375,0.005859375,170.66666666666666,122,0.001953125,0.001953125,512.0,128,0.00048828125,0.00048828125,2048.0,98,0.0859375,True,0.0859375,11.636363636363637,110,0.015625,True,0.015625,64.0,121,0.00244140625,True,0.00244140625,409.6
n12_d50_s42,12,0.5,42,1,19,True,1,6,L-BFGS-B,60,0.008658298999762337,78.0,0.609375,0.00048828125,4096,2,0.00048828125,0.00013391454481334652,0.0017787103455524616,"[3.639291225780678, 0.04956826727988419]","[6.2185272662137585, 0.0]",CONVERGENCE: NORM OF PROJECTED GRADIENT <= PGTOL,116,0.005859375,0.005859375,170.66666666666666,122,0.001953125,0.001953125,512.0,128,0.00048828125,0.00048828125,2048.0,98,0.0859375,True,0.0859375,11.636363636363637,110,0.015625,True,0.015625,64.0,121,0.00244140625,True,0.00244140625,409.6
n12_d50_s42,12,0.5,42,2,0,True,15,105,L-BFGS-B,60,0.17849276299966732,81.83800780812591,0.6393594360009837,0.0006512231751393627,4096,3,0.000732421875,0.0002491200948151938,0.0021513285370509242,"[3.4273366899058373, 0.8347256114361751, 1.5329366868958134, 2.8815234557293192]","[1.4835119615642454, 0.4598075015611509, 2.7159430809829685, 1.4724022905114946]",CONVERGENCE: RELATIVE REDUCTION OF F <= FACTR*EPSMCH,116,0.005859375,0.013345004896401245,74.93440487756362,122,0.001953125,0.003952738534314984,252.98915962153356,128,0.00048828125,0.0006512231751393627,1535.5718871429883,98,0.0859375,True,0.14384801512385506,6.951781706122164,110,0.015625,True,0.02897405547329393,34.51363586025172,121,0.00244140625,True,0.004079867934347194,245.10597305890653
n12_d50_s42,12,0.5,42,2,1,True,1,10,L-BFGS-B,60,0.01049558100021386,78.0,0.609375,0.00048828125,4096,2,0.00048828125,0.00013391454481334652,0.0017787103455524616,"[5.717449029427444, 5.223045594593664, 1.1743785674168192, 1.225410993886905]","[0.0, 6.283185307179586, 0.0, 0.0]",CONVERGENCE: NORM OF PROJECTED GRADIENT <= PGTOL,116,0.005859375,0.005859375,170.66666666666666,122,0.001953125,0.001953125,512.0,128,0.00048828125,0.00048828125,2048.0,98,0.0859375,True,0.0859375,11.636363636363637,110,0.015625,True,0.015625,64.0,121,0.00244140625,True,0.00244140625,409.6
n12_d50_s42,12,0.5,42,2,2,True,23,180,L-BFGS-B,60,0.2782633930000884,81.11906422715127,0.6337426892746193,0.0004960497957134729,4096,0,0.0,0.0,0.0009369774073651883,"[0.32346418137369853, 0.0234968435911121, 1.3409972665213978, 2.7333642829295024]","[0.5014075269925184, 0.029734799530765955, 1.2571759418739312, 2.9750480933452654]",CONVERGENCE: RELATIVE REDUCTION OF F <= FACTR*EPSMCH,116,0.005859375,0.009722598300653527,102.85316425474275,122,0.001953125,0.003413459360133186,292.9579334323705,128,0.00048828125,0.0004960497957134729,2015.926644142028,98,0.0859375,True,0.12030157812498968,8.312442908779056,110,0.015625,True,0.019295125287192523,51.82656163750165,121,0.00244140625,True,0.0034811270812150044,287.2632847551701
n12_d50_s42,12,0.5,42,2,3,True,17,120,L-BFGS-B,60,0.1417743950005388,82.3522558722272,0.643376999001775,7.949816322392384e-05,4096,0,0.0,0.0,0.0009369774073651883,"[1.2077027717354607, 2.3629449820744868, 1.5423107894649573, 2.56873662155958]","[1.2602892534940078, 2.3734060672045127, 1.9117965952456137, 2.8275064555753295]",CONVERGENCE: NORM OF PROJECTED GRADIENT <= PGTOL,116,0.005859375,0.01619131113480156,61.76152083512266,122,0.001953125,0.002374321267583096,421.1729952694796,128,0.00048828125,7.949816322392384e-05,12578.906976545895,98,0.0859375,True,0.12931552710827016,7.733023422336162,110,0.015625,True,0.03575704868395098,27.966513926772574,121,0.00244140625,True,0.0032893079063214823,304.01532130153356
n12_d50_s42,12,0.5,42,2,4,True,20,150,L-BFGS-B,60,0.19677287099966634,97.23329552139334,0.7596351212608855,0.015838041609971404,4096,67,0.016357421875,0.012901468019013623,0.020719700068872332,"[0.19686313496574004, 2.0508996338766883, 1.837807593916108, 1.1173256495146746]","[0.07833136011218515, 2.1595644636683557, 1.9206112524856604, 1.5977295762974326]",CONVERGENCE: RELATIVE REDUCTION OF F <= FACTR*EPSMCH,116,0.005859375,0.1077497094997969,9.280767480880169,122,0.001953125,0.04741337700871221,21.09109418247618,128,0.00048828125,0.015838041609971404,63.13911938269024,98,0.0859375,True,0.49193945155067054,2.032770490042713,110,0.015625,True,0.2006559627486197,4.9836545413444435,121,0.00244140625,True,0.05728157837313819,17.45761950702363
n12_d50_s42,12,0.5,42,2,5,True,18,140,L-BFGS-B,60,1.3989544870000827,80.54660249305124,0.6292703319769628,0.00014246855033547712,4096,1,0.000244140625,4.309811523941186e-05,0.0013817030336260863,"[2.5774263093308987, 0.3535929215273818, 1.4377123108206158, 0.21894543391030188]","[2.686089808930033, 0.33474071074253303, 1.4917566028118323, 0.9103073715252782]",CONVERGENCE: NORM OF PROJECTED GRADIENT <= PGTOL,116,0.005859375,0.004195746198704034,238.33662777526345,122,0.001953125,0.0008061094670802139,1240.5263067087792,128,0.00048828125,0.00014246855033547712,7019.092969257109,98,0.0859375,True,0.08200969085097451,12.19368088848389,110,0.015625,True,0.014911678056104726,67.0615336676081,121,0.00244140625,True,0.002469013226445522,405.02010653042754
n12_d50_s42,12,0.5,42,2,6,True,18,125,L-BFGS-B,60,1.4794044929994925,81.57339409499542,0.6372921413671517,0.0003805994258219067,4096,0,0.0,0.0,0.0009369774073651883,"[1.3248006131438876, 2.565355425857258, 0.35360518411729075, 0.2942347546100298]","[1.2337951500933337, 2.5621329413177185, 0.3950022479932076, 0.246214366168184]",CONVERGENCE: RELATIVE REDUCTION OF F <= FACTR*EPSMCH,116,0.005859375,0.010419954361250256,95.96971016675484,122,0.001953125,0.0016592915570350151,602.6668404116381,128,0.00048828125,0.0003805994258219067,2627.43433687661,98,0.0859375,True,0.11719488401255117,8.53279567982595,110,0.015625,True,0.02127260287962673,47.00882189446236,121,0.00244140625,True,0.002126523438438067,470.2511065358869
n12_d50_s42,12,0.5,42,2,7,True,1,10,L-BFGS-B,60,0.05397468399951322,78.0,0.609375,0.00048828125,4096,3,0.000732421875,0.0002491200948151938,0.0021513285370509242,"[4.622254626881034, 4.547123671325421, 0.3415083522788403, 0.782664141900152]","[0.0, 0.0, 0.0, 3.141592653589793]",CONVERGENCE: NORM OF PROJECTED GRADIENT <= PGTOL,116,0.005859375,0.005859375,170.66666666666666,122,0.001953125,0.001953125,512.0,128,0.00048828125,0.00048828125,2048.0,98,0.0859375,True,0.0859375,11.636363636363637,110,0.015625,True,0.015625,64.0,121,0.00244140625,True,0.00244140625,409.6
n12_d50_s42,12,0.5,42,2,8,True,32,315,L-BFGS-B,60,3.29298758799996,82.12804062967572,0.6416253174193416,0.00041069888750545945,4096,2,0.00048828125,0.00013391454481334652,0.0017787103455524616,"[0.7156620083480196, 3.8547095990854285, 1.9502667627279349, 2.9556442782160226]","[0.4990537698478739, 3.15464783212684, 1.1297679489716639, 2.799249931970163]",CONVERGENCE: RELATIVE REDUCTION OF F <= FACTR*EPSMCH,116,0.005859375,0.011444447845944297,87.378614806164,122,0.001953125,0.0031981264744873825,312.68306865827964,128,0.00048828125,0.00041069888750545945,2434.873895261542,98,0.0859375,True,0.12743319637194855,7.847248821109589,110,0.015625,True,0.02713981067567174,36.84624082128933,121,0.00244140625,True,0.004041020388261344,247.46225060008956
n12_d50_s42,12,0.5,42,2,9,True,13,135,L-BFGS-B,60,1.5708750859994325,97.17896965481243,0.7592107004282221,0.015503402073525727,4096,59,0.014404296875,0.011183814817094736,0.01853476333878874,"[5.561774351524358, 0.4206812972757436, 0.8395063716763249, 3.0003092008977004]","[5.9287382200845835, 0.27598380273923423, 0.0, 2.7943078873784692]",CONVERGENCE: NORM OF PROJECTED GRADIENT <= PGTOL,116,0.005859375,0.10818490432969752,9.243433787697985,122,0.001953125,0.04819329497427337,20.749774435091474,128,0.00048828125,0.015503402073525727,64.50197158387854,98,0.0859375,True,0.4905824478399763,2.038393351419273,110,0.015625,True,0.20095381445186983,4.976267819188417,121,0.00244140625,True,0.05857191535140196,17.073028839854462
n12_d50_s42,12,0.5,42,2,10,True,19,160,L-BFGS-B,60,1.5724663089995374,81.17360365240444,0.6341687785344097,0.0009511893140960204,4096,2,0.00048828125,0.00013391454481334652,0.0017787103455524616,"[0.5597576802239657, 5.862336771310619, 2.328841186843105, 2.0910360947688416]","[0.6349629187355135, 6.037589562627875, 1.8718090668845202, 1.816501577180215]",CONVERGENCE: RELATIVE REDUCTION OF F <= FACTR*EPSMCH,116,0.005859375,0.013470371130021218,74.23700433697144,122,0.001953125,0.0019094145188652085,523.7207479674522,128,0.00048828125,0.0009511893140960204,1051.315427098093,98,0.0859375,True,0.12455934462636598,8.028301714332608,110,0.015625,True,0.027365074034724594,36.54293055195325,121,0.00244140625,True,0.002270714645987779,440.3899898945656
n12_d50_s42,12,0.5,42,2,11,True,22,135,L-BFGS-B,60,1.3752663989998837,81.97695510249102,0.6404449617382111,0.0011865054831647049,4096,6,0.00146484375,0.0006715185421635897,0.0031924013142034585,"[4.894132496223681, 0.6879424058904193, 0.7262931632092916, 2.4473384834142475]","[4.815301110877628, 0.6752540711311793, 0.4468674821875217, 1.7196231345357473]",CONVERGENCE: RELATIVE REDUCTION OF F <= FACTR*EPSMCH,116,0.005859375,0.017754168263070455,56.32480131891333,122,0.001953125,0.008963029261911485,111.56942265596673,128,0.00048828125,0.0011865054831647049,842.8111072295693,98,0.0859375,True,0.14716430539336078,6.795126014607034,110,0.015625,True,0.03302015663988535,30.2845322905613,121,0.00244140625,True,0.009168664782898918,109.06713503858992
n12_d50_s42,12,0.5,42,2,12,True,10,95,L-BFGS-B,60,0.8212780169997131,80.63285394426279,0.6299441714395531,0.00022447687508103783,4096,1,0.000244140625,4.309811523941186e-05,0.0013817030336260863,"[5.962328341027196, 5.541291174226189, 2.485563525461396, 2.8063123990736596]","[0.0, 5.061295461450915, 3.1415903284765996, 2.7274245306899045]",CONVERGENCE: NORM OF PROJECTED GRADIENT <= PGTOL,116,0.005859375,0.00632048198585803,158.21578199850626,122,0.001953125,0.0013990133865442774,714.789443487824,128,0.00048828125,0.00022447687508103783,4454.801857157859,98,0.0859375,True,0.11297219645845405,8.851735483143887,110,0.015625,True,0.018528011733269477,53.97233196934827,121,0.00244140625,True,0.00166363773657938,601.092400113566
n12_d50_s42,12,0.5,42,2,13,True,1,10,L-BFGS-B,60,0.08987334399989777,78.0,0.609375,0.00048828125,4096,2,0.00048828125,0.00013391454481334652,0.0017787103455524616,"[4.042691293239344, 2.260488309940039, 2.6665594571283076, 2.6825174878132323]","[0.0, 0.0, 0.0, 0.0]",CONVERGENCE: NORM OF PROJECTED GRADIENT <= PGTOL,116,0.005859375,0.005859375,170.66666666666666,122,0.001953125,0.001953125,512.0,128,0.00048828125,0.00048828125,2048.0,98,0.0859375,True,0.0859375,11.636363636363637,110,0.015625,True,0.015625,64.0,121,0.00244140625,True,0.00244140625,409.6
n12_d50_s42,12,0.5,42,2,14,True,25,160,L-BFGS-B,60,1.7311336800003119,81.80080005190771,0.639068750405529,3.180671729325521e-05,4096,0,0.0,0.0,0.0009369774073651883,"[3.028397371226056, 4.406367674486676, 0.062186441994584424, 0.49175068795455235]","[3.264286963309644, 4.272902548353532, 0.34383267231886133, 0.34086734780835437]",CONVERGENCE: RELATIVE REDUCTION OF F <= FACTR*EPSMCH,116,0.005859375,0.004776799970805582,209.34516959297238,122,0.001953125,0.00027785236814973485,3599.0335682908385,128,0.00048828125,3.180671729325521e-05,31439.899653274046,98,0.0859375,True,0.11901718460334151,8.40214800352389,110,0.015625,True,0.02118113145984018,47.21183105331359,121,0.00244140625,True,0.0005505571961504389,1816.3417116189169
n12_d50_s42,12,0.5,42,2,15,True,1,10,L-BFGS-B,60,0.1281244309993781,78.00000000000001,0.6093750000000001,0.0004882812500000004,4096,1,0.000244140625,4.309811523941186e-05,0.0013817030336260863,"[3.812131140999177, 5.070232495893559, 2.605626847718315, 2.831353560325556]","[0.0, 0.0, 3.141592653589793, 2.754364833352243]",CONVERGENCE: NORM OF PROJECTED GRADIENT <= PGTOL,116,0.005859375,0.005859375000000005,170.66666666666652,122,0.001953125,0.0019531250000000017,511.99999999999955,128,0.00048828125,0.0004882812500000004,2047.9999999999982,98,0.0859375,True,0.08593750000000006,11.63636363636363,110,0.015625,True,0.015625000000000014,63.99999999999994,121,0.00244140625,True,0.0024414062500000017,409.5999999999997
n12_d50_s42,12,0.5,42,2,16,True,22,140,L-BFGS-B,60,1.8536986899998737,80.35774963277265,0.6277949190060363,0.00010866469626231195,4096,0,0.0,0.0,0.0009369774073651883,"[4.418682374173385, 5.725316464920267, 1.7841463980625938, 1.0983249689518417]","[4.336070588873581, 5.900919402234962, 1.9800455395248993, 1.2702304595070113]",CONVERGENCE: RELATIVE REDUCTION OF F <= FACTR*EPSMCH,116,0.005859375,0.008513354720189343,117.46250836095307,122,0.001953125,0.0016770632284911085,596.2804401237289,128,0.00048828125,0.00010866469626231195,9202.620854762641,98,0.0859375,True,0.10579100343859796,9.452599630368464,110,0.015625,True,0.016128053907127113,62.00376100913776,121,0.00244140625,True,0.002438204242771463,410.13791316486186
n12_d50_s42,12,0.5,42,2,17,True,16,135,L-BFGS-B,60,1.2123896709999826,81.29420963527792,0.6351110127756088,0.0009357479553303848,4096,7,0.001708984375,0.0008280858168609898,0.0035236577810063684,"[5.717687307376359, 2.8540071296087652, 2.622061330908909, 0.19189904243024586]","[2.814615219396691, 4.8392820702304205, 1.1440254531198453, 1.671032719989904]",CONVERGENCE: RELATIVE REDUCTION OF F <= FACTR*EPSMCH,116,0.005859375,0.006473103289799808,154.48540757503142,122,0.001953125,0.0016249901948676253,615.3883285932453,128,0.00048828125,0.0009357479553303848,1068.6638365636927,98,0.0859375,True,0.1264745095243202,7.906731591694425,110,0.015625,True,0.028538523714425813,35.0403549253851,121,0.00244140625,True,0.0016353464021474477,611.49124044108
n12_d50_s42,12,0.5,42,2,18,True,1,10,L-BFGS-B,60,0.058222831999955815,77.99999999999999,0.6093749999999999,0.0004882812499999997,4096,2,0.00048828125,0.00013391454481334652,0.0017787103455524616,"[4.164600949486742, 1.2979922873581358, 1.974688359274123, 1.98657296059329]","[0.0, 0.0, 0.931667039172739, 3.141592653589793]",CONVERGENCE: NORM OF PROJECTED GRADIENT <= PGTOL,116,0.005859375,0.0058593749999999965,170.66666666666677,122,0.001953125,0.0019531249999999987,512.0000000000003,128,0.00048828125,0.0004882812499999997,2048.0000000000014,98,0.0859375,True,0.08593749999999994,11.636363636363644,110,0.015625,True,0.015624999999999988,64.00000000000006,121,0.00244140625,True,0.0024414062499999987,409.6000000000002
n12_d50_s42,12,0.5,42,2,19,True,18,110,L-BFGS-B,60,1.1243840509996517,81.94293116379546,0.6401791497171521,0.0012751901804779076,4096,3,0.000732421875,0.0002491200948151938,0.0021513285370509242,"[2.250763211445552, 5.746089974097395, 2.808935409580744, 2.97497722029958]","[2.2247892065482344, 5.5401543976428576, 3.0387835128830627, 2.7218683643686874]",CONVERGENCE: RELATIVE REDUCTION OF F <= FACTR*EPSMCH,116,0.005859375,0.015273457266565642,65.47306104617518,122,0.001953125,0.00387044290613164,258.3683635833455,128,0.00048828125,0.0012751901804779076,784.1967537934039,98,0.0859375,True,0.15146280613920354,6.602280952598615,110,0.015625,True,0.033294133781803084,30.035321133555072,121,0.00244140625,True,0.00426040164476398,234.71965400938123
n12_d50_s42,12,0.5,42,3,0,True,53,679,L-BFGS-B,60,1.4695202180000706,82.68969574800018,0.6460132480312514,0.0013694363116931018,4096,5,0.001220703125,0.0005215205909937573,0.0028545755238729804,"[0.23596166211857847, 0.2783251508553925, 5.182159430605729, 1.2901914522303572, 0.9145912897773866, 0.666212052833691]","[1.776720923858909, 1.3807948829013164, 5.387183102920985, 0.28128489728516454, 1.2072307851444086, 3.087777047956336]",CONVERGENCE: RELATIVE REDUCTION OF F <= FACTR*EPSMCH,116,0.005859375,0.010467028797418506,95.5380958010387,122,0.001953125,0.00471759868001884,211.97224855845656,128,0.00048828125,0.0013694363116931018,730.2274603509312,98,0.0859375,True,0.12988200093124974,7.699296229115908,110,0.015625,True,0.02628741956738343,38.04101035617688,121,0.00244140625,True,0.005691413352776861,175.70328106850585
n12_d50_s42,12,0.5,42,3,1,True,17,168,L-BFGS-B,60,0.3671843120000631,81.63152483366942,0.6377462877630423,0.002594966970304106,4096,14,0.00341796875,0.0020371496844209867,0.00572936010394854,"[5.244816415435973, 3.4243106949585553, 5.1088381431252845, 2.925993261466834, 0.23654100842952716, 2.6045161847664025]","[5.291807722823549, 3.7901339408882193, 5.259023670820017, 3.141592653589793, 0.0, 1.9465003330400181]",CONVERGENCE: NORM OF PROJECTED GRADIENT <= PGTOL,116,0.005859375,0.014951756302948784,66.88177493922771,122,0.001953125,0.007368847150944677,135.70643813283618,128,0.00048828125,0.002594966970304106,385.36135967958364,98,0.0859375,True,0.1401246330780222,7.1365039681723506,110,0.015625,True,0.041807349513888134,23.919239359285534,121,0.00244140625,True,0.008646669935796679,115.65145974406423
n12_d50_s42,12,0.5,42,3,2,True,23,231,L-BFGS-B,60,0.5057967460006694,82.79577162371169,0.6468419658102476,0.0017167824414678558,4096,6,0.00146484375,0.0006715185421635897,0.0031924013142034585,"[3.3126457639938316, 2.8507226669134624, 4.7655390251603755, 2.302380563913927, 0.3117397233764603, 0.7162687375654506]","[3.4770486954330893, 3.163497699997138, 4.378989014883291, 1.859214000494921, 0.20042512664434148, 0.2695933897910798]",CONVERGENCE: RELATIVE REDUCTION OF F <= FACTR*EPSMCH,116,0.005859375,0.01195879380143974,83.62047348618121,122,0.001953125,0.004299979802949067,232.55923186294206,128,0.00048828125,0.0017167824414678558,582.4849881065862,98,0.0859375,True,0.1459858809352189,6.849977501891085,110,0.015625,True,0.03260714997561353,30.66812035850687,121,0.00244140625,True,0.004683987162044531,213.49332639150666
n12_d50_s42,12,0.5,42,3,3,True,14,189,L-BFGS-B,60,0.412150813000153,81.69513038655529,0.6382432061449632,0.0005359602903794787,4096,4,0.0009765625,0.000379829567061715,0.0025084428063047127,"[0.8556620075584485, 3.220666101239942, 3.5669735624342422, 2.4126399823330327, 1.649059668759212, 1.6350833540148642]","[1.481289322316746, 0.0, 0.0, 2.9340898087437055, 0.029688942534527807, 2.898048439108993]",CONVERGENCE: RELATIVE REDUCTION OF F <= FACTR*EPSMCH,116,0.005859375,0.012702846093388821,78.72251561958612,122,0.001953125,0.003300693141217746,302.9666670652891,128,0.00048828125,0.0005359602903794787,1865.8098705259765,98,0.0859375,True,0.1423953496370876,7.022701250768549,110,0.015625,True,0.02978435389498217,33.57467492919066,121,0.00244140625,True,0.003638022004686748,274.8746430647566
n12_d50_s42,12,0.5,42,3,4,True,24,238,L-BFGS-B,60,0.5700432809999256,82.02794872561387,0.6408433494188583,0.00041287607267460425,4096,3,0.000732421875,0.0002491200948151938,0.0021513285370509242,"[5.195114252871592, 4.1047382911840495, 0.32576587597451845, 1.0714465623176588, 1.4370734696246887, 1.212913398122097]","[5.014306867770164, 4.079880970561818, 0.21876142324489534, 1.364701776907893, 1.2930831192471548, 1.3799213314240897]",CONVERGENCE: RELATIVE REDUCTION OF F <= FACTR*EPSMCH,116,0.005859375,0.012883555102476813,77.61832755368539,122,0.001953125,0.001379852649361216,724.7150632083334,128,0.00048828125,0.00041287607267460425,2422.0342765857486,98,0.0859375,True,0.1328150558964321,7.529266868507666,110,0.015625,True,0.02972828307729463,33.638000465750515,121,0.00244140625,True,0.003878617707888611,257.8238112939381
n12_d50_s42,12,0.5,42,3,5,True,36,378,L-BFGS-B,60,4.990594902000339,84.71847371734268,0.6618630759167397,0.00497321082166259,4096,32,0.0078125,0.005539509852396457,0.011007827282978652,"[1.2960185531106982, 4.008391695076641, 0.21722739476540692, 2.200728895432094, 2.079178099980044, 0.4870137119167753]","[1.4345055442876105, 3.2441255716337634, 0.1272638180201655, 2.4982097221252175, 1.9958056358177096, 0.20400645495475273]",CONVERGENCE: RELATIVE REDUCTION OF F <= FACTR*EPSMCH,116,0.005859375,0.018055152548814634,55.38585161750142,122,0.001953125,0.01227450497451538,81.46968061654819,128,0.00048828125,0.00497321082166259,201.07733934064166,98,0.0859375,True,0.20846027944467777,4.79707694273424,110,0.015625,True,0.044085781630844784,22.6830502490251,121,0.00244140625,True,0.01246096889250954,80.25058152589673
n12_d50_s42,12,0.5,42,3,6,True,24,210,L-BFGS-B,60,3.2030742110000574,81.47365494976847,0.6365129292950662,0.0007299695395100859,4096,5,0.001220703125,0.0005215205909937573,0.0028545755238729804,"[3.418852010535176, 5.358798005329509, 6.018147210234584, 1.7074115260170462, 1.2582093002732613, 3.1218331266686508]","[3.4797452759317724, 5.184425730293126, 6.114893023888089, 2.055408006197555, 1.4401888293624083, 3.006657977590752]",CONVERGENCE: RELATIVE REDUCTION OF F <= FACTR*EPSMCH,116,0.005859375,0.0059405245933586565,168.33530175398525,122,0.001953125,0.0018459662471170262,541.7217143389104,128,0.00048828125,0.0007299695395100859,1369.9201759447978,98,0.0859375,True,0.13505485406861337,7.404398804444003,110,0.015625,True,0.034836266258444194,28.705716984167424,121,0.00244140625,True,0.002002032953604626,499.49227768679685
n12_d50_s42,12,0.5,42,3,7,True,11,98,L-BFGS-B,60,1.3115892719997646,80.4087326378925,0.6281932237335351,0.0002879528250281747,4096,2,0.00048828125,0.00013391454481334652,0.0017787103455524616,"[5.629469745504918, 6.274222892695811, 6.169117449757554, 3.018025333037139, 1.4853451323406164, 3.1224197047314353]","[5.643638253740489, 6.283185307179586, 6.150355070956425, 2.886952573149272, 1.4211057471757547, 3.141592653589793]",CONVERGENCE: NORM OF PROJECTED GRADIENT <= PGTOL,116,0.005859375,0.006792042588763765,147.23111448893494,122,0.001953125,0.0015708975548288661,636.5787488344141,128,0.00048828125,0.0002879528250281747,3472.7910722951065,98,0.0859375,True,0.09664803728192292,10.346821602625967,110,0.015625,True,0.024580926142686227,40.68194966272817,121,0.00244140625,True,0.001862079661028073,537.0339523755337
n12_d50_s42,12,0.5,42,3,8,True,26,273,L-BFGS-B,60,3.815469609000502,81.73174385965453,0.638529248903551,0.0021080220091970114,4096,9,0.002197265625,0.0011564392881765655,0.0041709517926914125,"[3.7717051905169265, 0.5619023142763947, 5.759430833936811, 2.837373378275274, 2.7909367047764437, 3.011454897567583]","[1.774007566218012, 0.0, 5.423302926156203, 1.1877974906319886, 2.3238823788084906, 3.0526202961795437]",CONVERGENCE: RELATIVE REDUCTION OF F <= FACTR*EPSMCH,116,0.005859375,0.01290439496579322,77.49297837293304,122,0.001953125,0.006787115210605362,147.3380028141304,128,0.00048828125,0.0021080220091970114,474.3783488204283,98,0.0859375,True,0.13967508953569072,7.159472768724972,110,0.015625,True,0.04267703733825859,23.431804604288505,121,0.00244140625,True,0.007627237321351704,131.10907106569215
n12_d50_s42,12,0.5,42,3,9,True,37,329,L-BFGS-B,60,4.7992535720004526,82.13267165855441,0.6416614973324564,0.000937825599820307,4096,6,0.00146484375,0.0006715185421635897,0.0031924013142034585,"[2.656568875366768, 3.2999658842270985, 1.4242111942383047, 0.10326150134115754, 2.6464388247272055, 1.3182015513919043]","[2.683086674408555, 3.2200773008252717, 1.3447292222577, 0.4078900507756666, 2.7901052089559526, 1.559420927065395]",CONVERGENCE: NORM OF PROJECTED GRADIENT <= PGTOL,116,0.005859375,0.01862598263448826,53.68844262467952,122,0.001953125,0.006974261909570421,143.38434847532056,128,0.00048828125,0.000937825599820307,1066.2963350452428,98,0.0859375,True,0.12072581490547446,8.283232552896637,110,0.015625,True,0.030664908846811226,32.61056489668932,121,0.00244140625,True,0.008227307275973001,121.54645091722738
n12_d50_s42,12,0.5,42,3,10,True,26,224,L-BFGS-B,60,3.117392344000109,80.2845716766414,0.627223216223761,0.00017373660968193934,4096,2,0.00048828125,0.00013391454481334652,0.0017787103455524616,"[0.7848050570678, 1.9881732743795675, 5.05899205606012, 0.7913682145834222, 1.0099312292336369, 0.5236736020635508]","[0.7080550831553436, 2.0489772676884126, 5.05420397280169, 0.6975298062376789, 1.29076424958003, 0.33521102838252087]",CONVERGENCE: RELATIVE REDUCTION OF F <= FACTR*EPSMCH,116,0.005859375,0.0065245711125657725,153.26677918707708,122,0.001953125,0.0006748013029368471,1481.9177076983021,128,0.00048828125,0.00017373660968193934,5755.83926629342,98,0.0859375,True,0.10279039745249713,9.728535201570102,110,0.015625,True,0.018925725814513933,52.838132064299,121,0.00244140625,True,0.000694002433790879,1440.9171370446895
n12_d50_s42,12,0.5,42,3,11,True,29,336,L-BFGS-B,60,4.609155267999995,82.41832620267465,0.6438931734583957,0.0010893524455224313,4096,7,0.001708984375,0.0008280858168609898,0.0035236577810063684,"[1.5952612911546484, 6.079747398675616, 4.129129479815389, 2.6313104445960898, 1.7570347342950556, 2.375938200745777]","[1.4920380276464211, 5.8703726883527905, 4.406770272507598, 2.7955482648765835, 1.3902708652408737, 1.6990739020657024]",CONVERGENCE: RELATIVE REDUCTION OF F <= FACTR*EPSMCH,116,0.005859375,0.01274326247125927,78.47284023658516,122,0.001953125,0.0022228468475214993,449.8735489199411,128,0.00048828125,0.0010893524455224313,917.976550298577,98,0.0859375,True,0.14988565832114448,6.67175239579896,110,0.015625,True,0.03559942539589722,28.09034103441592,121,0.00244140625,True,0.002832999905401899,352.9827156341315
n12_d50_s42,12,0.5,42,3,12,True,29,287,L-BFGS-B,60,4.415774457000225,81.63887325030342,0.6378036972679955,0.0026897319652640713,4096,11,0.002685546875,0.0015002563109177591,0.004802782252950839,"[1.0392396745224637, 0.7546309974850637, 6.235318775270191, 1.062274103863875, 2.0037015026381946, 0.2580014372564356]","[1.076202887341375, 0.6981179765347777, 6.072328547108442, 1.5474610353830234, 1.9376063646348527, 0.0]",CONVERGENCE: RELATIVE REDUCTION OF F <= FACTR*EPSMCH,116,0.005859375,0.015152716311332838,65.99476816259616,122,0.001953125,0.007364116570298005,135.7936135928838,128,0.00048828125,0.0026897319652640713,371.7842569126855,98,0.0859375,True,0.13988577647033218,7.1486896325881,110,0.015625,True,0.0424598805778454,23.551644196610795,121,0.00244140625,True,0.008676721677532155,115.25090203013418
n12_d50_s42,12,0.5,42,3,13,True,9,77,L-BFGS-B,60,1.0403826270003265,81.63152483366946,0.6377462877630427,0.0025949677633475346,4096,7,0.001708984375,0.0008280858168609898,0.0035236577810063684,"[1.740899669522853, 0.6768926454231665, 2.3304330584023436, 1.3018406665135358, 1.6846575042537593, 3.091594099915754]","[0.0, 0.0, 4.508590570660073, 3.126986551098468, 3.1300379463002668, 2.7658886912997653]",CONVERGENCE: RELATIVE REDUCTION OF F <= FACTR*EPSMCH,116,0.005859375,0.01495175872392657,66.88176410977987,122,0.001953125,0.007368848885348752,135.7064061916466,128,0.00048828125,0.0025949677633475346,385.3612419099919,98,0.0859375,True,0.14012463817102666,7.136503708787227,110,0.015625,True,0.04180735164099533,23.91923814230373,121,0.00244140625,True,0.008646671611883538,115.6514373259708
n12_d50_s42,12,0.5,42,3,14,True,46,511,L-BFGS-B,60,6.9860845789999075,82.09312901448641,0.6413525704256751,0.001247022307813751,4096,3,0.000732421875,0.0002491200948151938,0.0021513285370509242,"[2.5283999224035463, 5.396011965538015, 0.7259614076666223, 2.8837079427551804, 1.2438100729312676, 0.8689037835425142]","[3.5742294144249707, 5.787228957858685, 2.5161818060528405, 2.980430645594423, 0.8940130693843455, 1.2280026217997644]",CONVERGENCE: RELATIVE REDUCTION OF F <= FACTR*EPSMCH,116,0.005859375,0.00719566224378203,138.972615184117,122,0.001953125,0.003540055763937365,282.48142591058155,128,0.00048828125,0.001247022307813751,801.9102735645328,98,0.0859375,True,0.14106743191278304,7.088808426159373,110,0.015625,True,0.024227065528299264,41.276150379496656,121,0.00244140625,True,0.0037291500375349882,268.1576203517442
n12_d50_s42,12,0.5,42,3,15,True,56,560,L-BFGS-B,60,5.390629644999535,82.8439363627939,0.6472182528343273,0.0017647075002970648,4096,10,0.00244140625,0.0013266895763215114,0.004488525246046777,"[0.5108852468731487, 5.41333031073091, 4.139966596300371, 1.732415808063547, 1.020948520837116, 1.6303268264354756]","[0.5209248142246357, 3.974096255770323, 4.609943046205155, 1.3478285485183266, 1.3267271615013017, 1.433699876714683]",CONVERGENCE: RELATIVE REDUCTION OF F <= FACTR*EPSMCH,116,0.005859375,0.02053246812717658,48.70335089800575,122,0.001953125,0.010915799564924498,91.6103299673327,128,0.00048828125,0.0017647075002970648,566.6661471273078,98,0.0859375,True,0.15151000192185016,6.600224323908375,110,0.015625,True,0.04221511676272162,23.688196946622156,121,0.00244140625,True,0.01336794820256063,74.80579553775127
n12_d50_s42,12,0.5,42,3,16,True,35,322,L-BFGS-B,60,4.411740262999956,97.26173927699372,0.7598573381015135,0.01742905149812298,4096,63,0.015380859375,0.012040724876904885,0.019629148244979834,"[2.782355975772204, 3.7006828706173382, 2.717709617856029, 1.4721526616202973, 0.14915276539948902, 1.4300485305035866]","[2.6734100828962974, 3.6887613225009694, 2.721659601177446, 1.5877880586852402, 0.3451548511744161, 1.5475306030512481]",CONVERGENCE: RELATIVE REDUCTION OF F <= FACTR*EPSMCH,116,0.005859375,0.1113854972371012,8.977829473359048,122,0.001953125,0.04958338348381585,20.1680468281557,128,0.00048828125,0.01742905149812298,57.375468774516776,98,0.0859375,True,0.4905951798884863,2.038340450526446,110,0.015625,True,0.2054650596482035,4.86700756669867,121,0.00244140625,True,0.06083967603449527,16.436642421189315
n12_d50_s42,12,0.5,42,3,17,True,28,252,L-BFGS-B,60,3.676226483999926,82.82018338437052,0.6470326826903947,0.0004109863246492499,4096,0,0.0,0.0,0.0009369774073651883,"[4.452026175506934, 2.137927523800578, 5.416608680559321, 1.6236759888240193, 1.593243467031627, 0.2749284952998937]","[5.038154018430458, 3.5773687816761646, 5.577363733548044, 1.2338308866295054, 1.6828779731047934, 1.2678844820759787]",CONVERGENCE: RELATIVE REDUCTION OF F <= FACTR*EPSMCH,116,0.005859375,0.020859629091044884,47.9394909485377,122,0.001953125,0.005176276089783314,193.18907698407975,128,0.00048828125,0.0004109863246492499,2433.170984103753,98,0.0859375,True,0.1421565685150557,7.034497318314846,110,0.015625,True,0.03695573889009392,27.059396727907195,121,0.00244140625,True,0.005177029468626411,193.16096345600363
n12_d50_s42,12,0.5,42,3,18,True,39,455,L-BFGS-B,60,7.0392059590003555,97.23991517359075,0.7596868372936777,0.01506061415642256,4096,70,0.01708984375,0.0135493413532538,0.021535297959133087,"[0.34474544930496964, 2.8900980392064337, 2.4309360491920744, 2.073505827505129, 0.8265569720576881, 2.944706813315581]","[0.0785684312614455, 3.0534548415204297, 2.1361027836999993, 1.9192359441353966, 1.5334627602992388, 3.141592653589793]",CONVERGENCE: RELATIVE REDUCTION OF F <= FACTR*EPSMCH,116,0.005859375,0.10716453088579925,9.331445691351536,122,0.001953125,0.046720712678613996,21.403783090358154,128,0.00048828125,0.01506061415642256,66.39835464967095,98,0.0859375,True,0.49151407435208877,2.0345297361386745,110,0.015625,True,0.19990912227632324,5.002272975906301,121,0.00244140625,True,0.05718041426489988,17.488505686008097
n12_d50_s42,12,0.5,42,3,19,True,31,287,L-BFGS-B,60,3.367586858999857,78.9973590607542,0.6171668676621422,0.0006308659482595096,4096,1,0.000244140625,4.309811523941186e-05,0.0013817030336260863,"[0.985360471078971, 0.3757735217748653, 4.535709535071587, 0.642411156467722, 2.248768505463925, 1.0183588946609174]","[1.0591362569108482, 0.3385867205260305, 4.56500225225713, 0.5077752477414822, 2.4147562640410207, 1.1722899080875449]",CONVERGENCE: RELATIVE REDUCTION OF F <= FACTR*EPSMCH,116,0.005859375,0.007044047798463865,141.96382940758517,122,0.001953125,0.003343766752088865,299.06392225931904,128,0.00048828125,0.0006308659482595096,1585.1228026475212,98,0.0859375,True,0.09978250142429759,10.021797266314016,110,0.015625,True,0.01689806888366014,59.17835978091947,121,0.00244140625,True,0.003584786724532049,278.9566233206072
n12_d75_s17,12,0.75,17,1,0,True,8,45,L-BFGS-B,60,0.029682704000151716,121.72488481996781,0.7422249074388281,0.0020555809903446093,4096,11,0.002685546875,0.0015002563109177591,0.004802782252950839,"[4.5861460354357755, 1.7878992337458968]","[2.1252050362700223, 1.9816927779570745]",CONVERGENCE: RELATIVE REDUCTION OF F <= FACTR*EPSMCH,148,0.046875,0.04841243919460134,20.65584830337394,156,0.01123046875,0.010917269616951976,91.59799428670635,164,0.00048828125,0.0020555809903446093,486.4804669322975,139,0.13916015625,True,0.15562474358623202,6.425713398498856,150,0.0322265625,True,0.03332518390480712,30.0073362792681,161,0.001953125,True,0.003273789785034753,305.45638714227476
n12_d75_s17,12,0.75,17,1,1,True,8,36,L-BFGS-B,60,0.05568993799988675,122.00943396129061,0.7439599631786012,0.0005308020975353293,4096,3,0.000732421875,0.0002491200948151938,0.0021513285370509242,"[1.1000262895556248, 1.8756479245382305]","[1.0422023934515885, 1.9521858901330675]",CONVERGENCE: RELATIVE REDUCTION OF F <= FACTR*EPSMCH,148,0.046875,0.04494364347165887,22.250087504156014,156,0.01123046875,0.013323914025253196,75.05302106458143,164,0.00048828125,0.0005308020975353293,1883.9413119188769,139,0.13916015625,True,0.14674661195380018,6.814467378059994,150,0.0322265625,True,0.03338815929363674,29.950737661377588,161,0.001953125,True,0.003004918490362765,332.78772892081884
n12_d75_s17,12,0.75,17,1,2,True,1,6,L-BFGS-B,60,0.004343630999755987,120.49999999999993,0.7347560975609752,0.0004882812500000254,4096,2,0.00048828125,0.00013391454481334652,0.0017787103455524616,"[3.5766843435353546, 2.3617776251217473]","[6.283185307179586, 1.904622952668184]",CONVERGENCE: NORM OF PROJECTED GRADIENT <= PGTOL,148,0.046875,0.04687499999999935,21.33333333333363,156,0.01123046875,0.011230468749999733,89.04347826087168,164,0.00048828125,0.0004882812500000254,2047.9999999998936,139,0.13916015625,True,0.13916015624999958,7.185964912280723,150,0.0322265625,True,0.032226562499999695,31.030303030303326,161,0.001953125,True,0.0019531250000000503,511.9999999999868
n12_d75_s17,12,0.75,17,1,3,True,10,48,L-BFGS-B,60,0.03253724200021679,120.83445414527829,0.7367954521053554,0.002204398668516531,4096,15,0.003662109375,0.0022205922771783033,0.006033741252691535,"[3.1591841101039746, 1.506118694044927]","[4.846776028997025, 1.0111636561733153]",CONVERGENCE: NORM OF PROJECTED GRADIENT <= PGTOL,148,0.046875,0.04543436458143463,22.009771881097674,156,0.01123046875,0.01171957587425521,85.32731992432713,164,0.00048828125,0.002204398668516531,453.63845219202506,139,0.13916015625,True,0.1301569166780896,7.683033875742836,150,0.0322265625,True,0.030962523479037725,32.29710913831106,161,0.001953125,True,0.003624808096824722,275.8766735474866
n12_d75_s17,12,0.75,17,1,4,True,1,6,L-BFGS-B,60,0.004288498000278196,120.49999999999991,0.734756097560975,0.0004882812499999744,4096,0,0.0,0.0,0.0009369774073651883,"[3.6260023842638054, 2.3822437797648646]","[6.283185307179586, 0.24757585768760562]",CONVERGENCE: NORM OF PROJECTED GRADIENT <= PGTOL,148,0.046875,0.04687499999999922,21.333333333333687,156,0.01123046875,0.011230468749999596,89.04347826087277,164,0.00048828125,0.0004882812499999744,2048.0000000001073,139,0.13916015625,True,0.13916015624999897,7.185964912280755,150,0.0322265625,True,0.03222656249999928,31.030303030303724,161,0.001953125,True,0.0019531249999999375,512.0000000000164
n12_d75_s17,12,0.75,17,1,5,True,11,39,L-BFGS-B,60,0.34931543200036685,120.89966576972103,0.7371930839617136,0.00024121868022691757,4096,0,0.0,0.0,0.0009369774073651883,"[4.466836766872456, 0.6800912650073494]","[4.56413435167864, 0.3011921276162662]",CONVERGENCE: NORM OF PROJECTED GRADIENT <= PGTOL,148,0.046875,0.04774460523914109,20.94477470263381,156,0.01123046875,0.01250991711670461,79.93658076796453,164,0.00048828125,0.00024121868022691757,4145.615916061256,139,0.13916015625,True,0.13388828298334698,7.468913468136566,150,0.0322265625,True,0.0349823968848271,28.585805692283184,161,0.001953125,True,0.0008008302723442045,1248.7040444572385
n12_d75_s17,12,0.75,17,1,6,True,12,42,L-BFGS-B,60,0.47198070400008874,121.56590223957687,0.7412555014608346,0.000452986803996167,4096,4,0.0009765625,0.000379829567061715,0.0025084428063047127,"[4.2674902789679985, 2.052072408342945]","[4.289575985151846, 2.108330216910836]",CONVERGENCE: RELATIVE REDUCTION OF F <= FACTR*EPSMCH,148,0.046875,0.05394912036207815,18.535983409711324,156,0.01123046875,0.01420897744463238,70.37804119942231,164,0.00048828125,0.000452986803996167,2207.5698258275565,139,0.13916015625,True,0.14516437660208334,6.888742427084197,150,0.0322265625,True,0.03967734356017438,25.20330017767966,161,0.001953125,True,0.002151225134466635,464.8513928078176
n12_d75_s17,12,0.75,17,1,7,True,13,72,L-BFGS-B,60,0.6047273770000174,120.94597211770686,0.737475439742115,8.640099776604199e-05,4096,1,0.000244140625,4.309811523941186e-05,0.0013817030336260863,"[0.7974559440913527, 1.6184562213630869]","[0.8155511770759001, 1.192137407446244]",CONVERGENCE: NORM OF PROJECTED GRADIENT <= PGTOL,148,0.046875,0.0401683865728764,24.895199566597665,156,0.01123046875,0.009655087202779303,103.57234264151866,164,0.00048828125,8.640099776604199e-05,11573.940415686126,139,0.13916015625,True,0.13858823789910762,7.215619558768046,150,0.0322265625,True,0.02780373639177159,35.96638904604009,161,0.001953125,True,0.00222776744098093,448.8798882704203
n12_d75_s17,12,0.75,17,1,8,True,8,42,L-BFGS-B,60,0.27750632100014627,121.5209825657494,0.7409816010106671,6.493555267599696e-05,4096,0,0.0,0.0,0.0009369774073651883,"[1.2106759701717054, 1.8735071362624955]","[1.218605446365341, 2.130107251349372]",CONVERGENCE: NORM OF PROJECTED GRADIENT <= PGTOL,148,0.046875,0.053664139232911245,18.634417961309964,156,0.01123046875,0.013806200450171722,72.43122418866241,164,0.00048828125,6.493555267599696e-05,15399.884328229396,139,0.13916015625,True,0.14374281923481136,6.956869256657948,150,0.0322265625,True,0.03674314404006994,27.215961674631274,161,0.001953125,True,0.0029920126940897913,334.2231809294555
n12_d75_s17,12,0.75,17,1,9,True,1,6,L-BFGS-B,60,0.02165134700044291,120.50000000000003,0.7347560975609758,0.0004882812500000004,4096,1,0.000244140625,4.309811523941186e-05,0.0013817030336260863,"[5.323533352683277, 2.8698062096045063]","[0.0, 2.8055873567560834]",CONVERGENCE: NORM OF PROJECTED GRADIENT <= PGTOL,148,0.046875,0.04687500000000003,21.33333333333332,156,0.01123046875,0.011230468750000009,89.04347826086949,164,0.00048828125,0.0004882812500000004,2047.9999999999982,139,0.13916015625,True,0.1391601562500001,7.185964912280696,150,0.0322265625,True,0.03222656250000003,31.030303030303003,161,0.001953125,True,0.0019531250000000017,511.99999999999955
n12_d75_s17,12,0.75,17,1,10,True,10,51,L-BFGS-B,60,0.4207420880002246,121.93391781782027,0.743499498889148,0.00018923742524754652,4096,1,0.000244140625,4.309811523941186e-05,0.0013817030336260863,"[4.905414704009882, 0.7953639843763168]","[4.946255733096489, 0.4299294864023921]",CONVERGENCE: RELATIVE REDUCTION OF F <= FACTR*EPSMCH,148,0.046875,0.05455042758561988,18.331661991658,156,0.01123046875,0.017327855294618794,57.71054657355965,164,0.00048828125,0.00018923742524754652,5284.366972821964,139,0.13916015625,True,0.15480458494511518,6.459756992046086,150,0.0322265625,True,0.0394038075234272,25.37825816465727,161,0.001953125,True,0.003154016855732994,317.05601007880466
n12_d75_s17,12,0.75,17,1,11,True,10,54,L-BFGS-B,60,0.5300747749997754,123.01175391376462,0.7500716702058818,0.0012571709790217113,4096,4,0.0009765625,0.000379829567061715,0.0025084428063047127,"[3.477178581580386, 1.8533584842380044]","[3.2803240913736254, 2.2707724579045525]",CONVERGENCE: RELATIVE REDUCTION OF F <= FACTR*EPSMCH,148,0.046875,0.04599678754762235,21.740648713014128,156,0.01123046875,0.011358801597632012,88.03745636410021,164,0.00048828125,0.0012571709790217113,795.436751791842,139,0.13916015625,True,0.13084565718963367,7.642592207326432,150,0.0322265625,True,0.031645692240033954,31.599877557266133,161,0.001953125,True,0.0022502880053468484,444.38756178050414
n12_d75_s17,12,0.75,17,1,12,True,7,30,L-BFGS-B,60,0.24542405200008943,121.34944602681345,0.7399356465049601,4.486114119299509e-05,4096,0,0.0,0.0,0.0009369774073651883,"[0.38277994560860745, 1.9832262593660845]","[0.34401805121910867, 2.080095880948037]",CONVERGENCE: NORM OF PROJECTED GRADIENT <= PGTOL,148,0.046875,0.054071906221331636,18.493892112971135,156,0.01123046875,0.01080032532934513,92.58980350183899,164,0.00048828125,4.486114119299509e-05,22291.00672445993,139,0.13916015625,True,0.14270810686340635,7.007310390272041,150,0.0322265625,True,0.03046369909510147,32.82595448695194,161,0.001953125,True,0.001263189956822769,791.6465727096532
n12_d75_s17,12,0.75,17,1,13,True,6,36,L-BFGS-B,60,0.2900439689992709,123.01175391376492,0.7500716702058836,0.0012571709075458693,4096,1,0.000244140625,4.309811523941186e-05,0.0013817030336260863,"[3.265529531851062, 2.1345491172033975]","[3.280324102542049, 2.270772747370435]",CONVERGENCE: RELATIVE REDUCTION OF F <= FACTR*EPSMCH,148,0.046875,0.04599678180829929,21.740651425738832,156,0.01123046875,0.011358801750733836,88.03745517747019,164,0.00048828125,0.0012571709075458693,795.4367970160126,139,0.13916015625,True,0.13084565580721308,7.642592288072535,150,0.0322265625,True,0.03164569147230382,31.599878323884816,161,0.001953125,True,0.0022502887563339478,444.3874134753921
n12_d75_s17,12,0.75,17,1,14,True,10,42,L-BFGS-B,60,0.37407725599950936,121.28808205413931,0.7395614759398739,0.000499439538800475,4096,1,0.000244140625,4.309811523941186e-05,0.0013817030336260863,"[5.783399558469025, 0.46889286801705293]","[5.876880235012008, 0.4980501082194085]",CONVERGENCE: RELATIVE REDUCTION OF F <= FACTR*EPSMCH,148,0.046875,0.047700125823382025,20.964305287216078,156,0.01123046875,0.01294359741846781,77.25827431662923,164,0.00048828125,0.000499439538800475,2002.2443605521144,139,0.13916015625,True,0.13431386045069016,7.445247993353031,150,0.0322265625,True,0.0342464272901552,29.200126235867803,161,0.001953125,True,0.0025831500553696075,387.1242392292677
n12_d75_s17,12,0.75,17,1,15,True,11,51,L-BFGS-B,60,0.5862915739999153,138.76463385959323,0.8461258162170319,0.00668315282512191,4096,23,0.005615234375,0.003744712895050349,0.00841221056682197,"[6.129664058826493, 1.4289614938483766]","[6.22399126867108, 1.2879403726005016]",CONVERGENCE: RELATIVE REDUCTION OF F <= FACTR*EPSMCH,148,0.046875,0.2746525260520457,3.640964146131696,156,0.01123046875,0.09479725851528498,10.548828264255778,164,0.00048828125,0.00668315282512191,149.6299764747275,139,0.13916015625,True,0.5273984215191829,1.8960997211927135,150,0.0322265625,True,0.2130825395209019,4.693017092101566,161,0.001953125,True,0.024419646313567335,40.950634057480556
n12_d75_s17,12,0.75,17,1,16,True,9,48,L-BFGS-B,60,0.3641171019999092,121.34944602681412,0.7399356465049641,4.4860754927663664e-05,4096,1,0.000244140625,4.309811523941186e-05,0.0013817030336260863,"[5.380161718364664, 2.8710340353694797]","[5.939167264673445, 2.63229230578143]",CONVERGENCE: RELATIVE REDUCTION OF F <= FACTR*EPSMCH,148,0.046875,0.054071929206671185,18.49388425143566,156,0.01123046875,0.010800325904258608,92.58979857317975,164,0.00048828125,4.4860754927663664e-05,22291.198657099365,139,0.13916015625,True,0.1427081747372041,7.007307057507333,150,0.0322265625,True,0.0304636990737635,32.82595450994453,161,0.001953125,True,0.0012631837519551533,791.6504613459459
n12_d75_s17,12,0.75,17,1,17,True,1,6,L-BFGS-B,60,0.05161265700007789,120.5,0.7347560975609756,0.00048828125,4096,0,0.0,0.0,0.0009369774073651883,"[0.0877540593901215, 0.7227901654602003]","[6.283185307179586, 0.0]",CONVERGENCE: NORM OF PROJECTED GRADIENT <= PGTOL,148,0.046875,0.046875,21.333333333333332,156,0.01123046875,0.01123046875,89.04347826086956,164,0.00048828125,0.00048828125,2048.0,139,0.13916015625,True,0.13916015625,7.185964912280702,150,0.0322265625,True,0.0322265625,31.03030303030303,161,0.001953125,True,0.001953125,512.0
n12_d75_s17,12,0.75,17,1,18,True,7,39,L-BFGS-B,60,0.3232450199993764,121.93391781782096,0.7434994988891521,0.00018923767394325247,4096,1,0.000244140625,4.309811523941186e-05,0.0013817030336260863,"[4.262262368888874, 0.5456521386944019]","[4.946255689699206, 0.4299295325198636]",CONVERGENCE: NORM OF PROJECTED GRADIENT <= PGTOL,148,0.046875,0.05455043414766439,18.331659786484312,156,0.01123046875,0.017327855890344458,57.71054458949111,164,0.00048828125,0.00018923767394325247,5284.3600281193185,139,0.13916015625,True,0.15480458925425172,6.459756812232457,150,0.0322265625,True,0.03940381412077989,25.378253915593483,161,0.001953125,True,0.0031540180148888052,317.0558935552735
n12_d75_s17,12,0.75,17,1,19,True,11,54,L-BFGS-B,60,0.497343450999324,121.56590223958057,0.7412555014608571,0.00045298725917434937,4096,3,0.000732421875,0.0002491200948151938,0.0021513285370509242,"[0.6176806932968348, 2.5000406740083294]","[1.9936092994559036, 2.6040582525678]",CONVERGENCE: RELATIVE REDUCTION OF F <= FACTR*EPSMCH,148,0.046875,0.053949133095539004,18.53597903471574,156,0.01123046875,0.01420898508509095,70.37800335572659,164,0.00048828125,0.00045298725917434937,2207.567607580574,139,0.13916015625,True,0.14516438418495348,6.888742067240841,150,0.0322265625,True,0.03967735702176124,25.203291626797245,161,0.001953125,True,0.002151231553856473,464.85000566643726
n12_d75_s17,12,0.75,17,2,0,True,19,170,L-BFGS-B,60,0.2655242350001572,121.42373427903743,0.7403886236526672,0.00012049529568965305,4096,2,0.00048828125,0.00013391454481334652,0.0017787103455524616,"[3.464294654275212, 4.644617131255864, 0.6959761483499511, 0.6885281047734088]","[3.4265322563660865, 4.593440317966919, 0.8999974642527319, 0.4761665005172294]",CONVERGENCE: NORM OF PROJECTED GRADIENT <= PGTOL,148,0.046875,0.05121119144244779,19.526981736478852,156,0.01123046875,0.014373256512878367,69.57365570592891,164,0.00048828125,0.00012049529568965305,8299.079182108437,139,0.13916015625,True,0.16181656725751703,6.1798369409764256,150,0.0322265625,True,0.03701476145481699,27.016248672051432,161,0.001953125,True,0.0021672216562547844,461.4202691791657
n12_d75_s17,12,0.75,17,2,1,True,23,165,L-BFGS-B,60,0.20717819800029247,121.609523637647,0.7415214855954085,0.00033680301529905943,4096,3,0.000732421875,0.0002491200948151938,0.0021513285370509242,"[4.562400991484008, 1.3146890360737755, 2.710766133791034, 2.882179916873236]","[3.074135533429836, 3.880431783395911, 2.7613350033853297, 2.346115114852706]",CONVERGENCE: RELATIVE REDUCTION OF F <= FACTR*EPSMCH,148,0.046875,0.050265069760507826,19.894531227442528,156,0.01123046875,0.01759602907328334,56.831004076842234,164,0.00048828125,0.00033680301529905943,2969.0945584678457,139,0.13916015625,True,0.1523150141290117,6.565340952881994,150,0.0322265625,True,0.034476611777303795,29.005170416958062,161,0.001953125,True,0.0038307288516687766,261.0469283317641
n12_d75_s17,12,0.75,17,2,2,True,17,110,L-BFGS-B,60,0.183962547000192,121.78296588207579,0.7425790602565596,7.357723800607376e-05,4096,1,0.000244140625,4.309811523941186e-05,0.0013817030336260863,"[5.883246376169683, 3.862347759050913, 2.1818573676471895, 2.947579394110963]","[5.888681558143882, 3.913808991281173, 2.159085903043077, 2.834177839372499]",CONVERGENCE: RELATIVE REDUCTION OF F <= FACTR*EPSMCH,148,0.046875,0.05668420202207643,17.641599675523995,156,0.01123046875,0.012919563420418972,77.40199629497779,164,0.00048828125,7.357723800607376e-05,13591.159808383274,139,0.13916015625,True,0.15495390905133466,6.453531931670792,150,0.0322265625,True,0.040157037207827435,24.902235561469144,161,0.001953125,True,0.0017146517362589759,583.208810776816
n12_d75_s17,12,0.75,17,2,3,True,18,165,L-BFGS-B,60,0.2379760609992445,122.34658119246451,0.7460157389784422,0.00015572245677066793,4096,0,0.0,0.0,0.0009369774073651883,"[1.3915163918688205, 3.3034396249145, 1.395815731774455, 1.0624143194199882]","[1.0285196954637723, 0.02835587518145416, 2.6446097182804165, 2.436307099542533]",CONVERGENCE: RELATIVE REDUCTION OF F <= FACTR*EPSMCH,148,0.046875,0.04935492571994315,20.261402188595007,156,0.01123046875,0.012690530076547038,78.79891493642712,164,0.00048828125,0.00015572245677066793,6421.681372987183,139,0.13916015625,True,0.15154895261098633,6.598527952660403,150,0.0322265625,True,0.035800588362034515,27.932501831742826,161,0.001953125,True,0.0023882185558126746,418.7221464995758
n12_d75_s17,12,0.75,17,2,4,True,19,145,L-BFGS-B,60,0.21430128599968157,123.04996275458282,0.7503046509425781,0.001197544650671737,4096,8,0.001953125,0.0009900179449591885,0.0038495493944084797,"[2.9835173188790303, 0.6203590766467192, 2.751865840377645, 1.8953152634981814]","[3.004973619174093, 0.586924666623244, 2.4372193993134736, 1.6261788782733984]",CONVERGENCE: RELATIVE REDUCTION OF F <= FACTR*EPSMCH,148,0.046875,0.04537125360297664,22.040387262616736,156,0.01123046875,0.011875598808556228,84.20628013128162,164,0.00048828125,0.001197544650671737,835.0419330411366,139,0.13916015625,True,0.12738780260173754,7.850045134433932,150,0.0322265625,True,0.030833484857757512,32.43227305032977,161,0.001953125,True,0.0021325755049884385,468.9165741896775
n12_d75_s17,12,0.75,17,2,5,True,20,160,L-BFGS-B,60,2.018813312999555,123.1002431204491,0.7506112385393238,0.0012298065088872038,4096,3,0.000732421875,0.0002491200948151938,0.0021513285370509242,"[1.9056943627952838, 3.3820348790737893, 2.190848158310412, 0.5917107518678624]","[3.0048373642114297, 4.197162488696395, 2.4326589731519728, 0.08880978197409527]",CONVERGENCE: RELATIVE REDUCTION OF F <= FACTR*EPSMCH,148,0.046875,0.04358036968523695,22.946110994986686,156,0.01123046875,0.010761119746862734,92.92713244748876,164,0.00048828125,0.0012298065088872038,813.1360443886857,139,0.13916015625,True,0.12880718077468034,7.763542327265735,150,0.0322265625,True,0.02903596635023406,34.44004542290492,161,0.001953125,True,0.0018521344090118212,539.9176189019322
n12_d75_s17,12,0.75,17,2,6,True,25,185,L-BFGS-B,60,2.1511688569999023,121.52103004407306,0.7409818905126406,6.479361350013156e-05,4096,0,0.0,0.0,0.0009369774073651883,"[5.067798674040066, 2.146357692863146, 1.5314443408339147, 1.0766447327745718]","[5.064683830018131, 2.1318585810157984, 1.0110479116660878, 1.5739003879421705]",CONVERGENCE: RELATIVE REDUCTION OF F <= FACTR*EPSMCH,148,0.046875,0.05371390928147583,18.617151746668107,156,0.01123046875,0.013838004165215172,72.26475639555862,164,0.00048828125,6.479361350013156e-05,15433.619858197439,139,0.13916015625,True,0.1437056367368258,6.958669281924844,150,0.0322265625,True,0.036836403596193446,27.147058408908755,161,0.001953125,True,0.002987839132327081,334.69004043104195
n12_d75_s17,12,0.75,17,2,7,True,18,120,L-BFGS-B,60,1.5138742309991358,123.02122625647502,0.7501294283931403,0.0011533354430899175,4096,4,0.0009765625,0.000379829567061715,0.0025084428063047127,"[2.14806040488543, 1.0887491076699805, 1.9833027983400071, 1.9847419008528133]","[3.2798830049389096, 0.8661422289381528, 2.2809273917480444, 1.6062416581234333]",CONVERGENCE: NORM OF PROJECTED GRADIENT <= PGTOL,148,0.046875,0.04570697567715844,21.878498526423815,156,0.01123046875,0.010219288288502075,97.85417259684512,164,0.00048828125,0.0011533354430899175,867.0504370531488,139,0.13916015625,True,0.13116568450795638,7.62394527007055,150,0.0322265625,True,0.03090499141269754,32.35723274102392,161,0.001953125,True,0.00221670158003436,451.1207142210362
n12_d75_s17,12,0.75,17,2,8,True,20,145,L-BFGS-B,60,1.6791766110000026,121.61779151921884,0.741571899507432,0.0002990889292783593,4096,0,0.0,0.0,0.0009369774073651883,"[0.3378595757670591, 2.0545528298415885, 2.2465221797959583, 0.5903098359688563]","[0.43955282336335666, 3.5150789644441263, 1.320650689084105, 0.43497867840962495]",CONVERGENCE: NORM OF PROJECTED GRADIENT <= PGTOL,148,0.046875,0.052142664709631734,19.178152968758443,156,0.01123046875,0.010716618922400792,93.3130129232938,164,0.00048828125,0.0002990889292783593,3343.4871775855977,139,0.13916015625,True,0.1462302333186518,6.838531111558099,150,0.0322265625,True,0.030756518359879387,32.51343303227907,161,0.001953125,True,0.0016928553156451902,590.717937178745
n12_d75_s17,12,0.75,17,2,9,True,19,110,L-BFGS-B,60,1.1462136400004965,120.88803193458413,0.7371221459425862,0.0005979018169560537,4096,1,0.000244140625,4.309811523941186e-05,0.0013817030336260863,"[1.5209533331190883, 2.5115130944850543, 1.2280625591440186, 1.735787763934877]","[1.5354916746421605, 2.5226925021978976, 1.3390916226397098, 1.892515247627687]",CONVERGENCE: RELATIVE REDUCTION OF F <= FACTR*EPSMCH,148,0.046875,0.04520525396222682,22.121322464764663,156,0.01123046875,0.011563681886283473,86.47764698423371,164,0.00048828125,0.0005979018169560537,1672.5154057752277,139,0.13916015625,True,0.131207429119303,7.621519655649451,150,0.0322265625,True,0.028797277514378813,34.725504850265395,161,0.001953125,True,0.004115504456621424,242.98357845077845
n12_d75_s17,12,0.75,17,2,10,True,24,175,L-BFGS-B,60,1.9580861730000834,138.78217098178288,0.84623274988892,0.0065415539017937,4096,33,0.008056640625,0.00574259628340602,0.011292564593469397,"[6.176933420028729, 5.151952049837201, 2.7299067338943512, 0.94328367501474]","[6.223976825247447, 3.5308175424472394, 2.8586293516757486, 1.5556729056811138]",CONVERGENCE: RELATIVE REDUCTION OF F <= FACTR*EPSMCH,148,0.046875,0.2754723748855219,3.630128067889095,156,0.01123046875,0.09516879890828223,10.507645483303177,164,0.00048828125,0.0065415539017937,152.86887718311075,139,0.13916015625,True,0.5287697871900499,1.8911821821631067,150,0.0322265625,True,0.2136932803664194,4.679604329557308,161,0.001953125,True,0.024140547140566807,41.42408182288285
n12_d75_s17,12,0.75,17,2,11,True,10,95,L-BFGS-B,60,0.901630164999915,120.8148040325309,0.7366756343447006,0.000229488524953141,4096,0,0.0,0.0,0.0009369774073651883,"[5.890166330742589, 0.9954535957670836, 2.6262035447910903, 1.948442763894465]","[6.2589857713019175, 5.36542823112251, 0.0, 0.5223588325902159]",CONVERGENCE: RELATIVE REDUCTION OF F <= FACTR*EPSMCH,148,0.046875,0.051431649960081774,19.443280563157924,156,0.01123046875,0.011689933193885081,85.54368818147675,164,0.00048828125,0.000229488524953141,4357.516351652828,139,0.13916015625,True,0.14843465153913465,6.736971385258724,150,0.0322265625,True,0.03338630989890579,29.952396746690898,161,0.001953125,True,0.0013614222135424562,734.5259905800816
n12_d75_s17,12,0.75,17,2,12,True,22,210,L-BFGS-B,60,2.399073020999822,123.22539707374581,0.7513743724008891,0.0007404770360346767,4096,4,0.0009765625,0.000379829567061715,0.0025084428063047127,"[2.401897245334654, 6.07277410425108, 0.9709349246284763, 0.24262448186459928]","[3.275301015311893, 5.200018863389548, 0.7222393414508315, 0.16161812900031486]",CONVERGENCE: NORM OF PROJECTED GRADIENT <= PGTOL,148,0.046875,0.04707288626074818,21.243651694964196,156,0.01123046875,0.012725204802937783,78.58419691360383,164,0.00048828125,0.0007404770360346767,1350.480772982634,139,0.13916015625,True,0.13160498035567764,7.598496632098456,150,0.0322265625,True,0.03302091680034663,30.283835123242334,161,0.001953125,True,0.0018133812661625974,551.4560112977007
n12_d75_s17,12,0.75,17,2,13,True,25,180,L-BFGS-B,60,1.546952675999819,122.52184897711143,0.7470844449823868,0.0009296830961564602,4096,4,0.0009765625,0.000379829567061715,0.0025084428063047127,"[6.088195892018147, 1.5337377377959354, 3.097643932719744, 0.12061275487524113]","[6.218769302322261, 3.6579631035872473, 0.369405097273461, 0.7986945278352433]",CONVERGENCE: RELATIVE REDUCTION OF F <= FACTR*EPSMCH,148,0.046875,0.061366676146959925,16.295489063237124,156,0.01123046875,0.018664186588688864,53.578547087931184,164,0.00048828125,0.0009296830961564602,1075.6353472858086,139,0.13916015625,True,0.15800370127655286,6.328965662960682,150,0.0322265625,True,0.04412603525401741,22.6623578176323,161,0.001953125,True,0.0027697793959257856,361.0395836834344
n12_d75_s17,12,0.75,17,2,14,True,16,125,L-BFGS-B,60,1.1777399430002333,121.56238091057995,0.7412340299425606,0.0004381236760702658,4096,0,0.0,0.0,0.0009369774073651883,"[1.0659340688914882, 0.24389200101786943, 1.016241827753216, 3.08309104166389]","[5.65624291319734, 0.22026704464549604, 0.16011801962045188, 2.0458122239289884]",CONVERGENCE: RELATIVE REDUCTION OF F <= FACTR*EPSMCH,148,0.046875,0.052221364920025465,19.149250532448786,156,0.01123046875,0.014773764507003814,67.68755516076685,164,0.00048828125,0.0004381236760702658,2282.460534818532,139,0.13916015625,True,0.1423672944583393,7.024085158074198,150,0.0322265625,True,0.03675153485892593,27.209747942190436,161,0.001953125,True,0.003214592177846202,311.0814512931487
n12_d75_s17,12,0.75,17,2,15,True,18,140,L-BFGS-B,60,1.518021604999376,121.9643931291271,0.7436853239580921,0.0010602741391836825,4096,3,0.000732421875,0.0002491200948151938,0.0021513285370509242,"[4.478667329168322, 0.843509829901518, 0.38058256462916745, 1.6363067740467367]","[6.054330710770248, 1.126623588812111, 0.5104322725593599, 2.16860685296783]",CONVERGENCE: RELATIVE REDUCTION OF F <= FACTR*EPSMCH,148,0.046875,0.05391127972907958,18.548993921593055,156,0.01123046875,0.016358268115223094,61.131165778447816,164,0.00048828125,0.0010602741391836825,943.1523066005474,139,0.13916015625,True,0.16016111867740784,6.243712632990362,150,0.0322265625,True,0.0415522286559962,24.066097832653675,161,0.001953125,True,0.002775531879414132,360.291303953995
n12_d75_s17,12,0.75,17,2,16,True,10,60,L-BFGS-B,60,0.6606969829999798,123.01175391375591,0.7500716702058288,0.0012571721609402082,4096,3,0.000732421875,0.0002491200948151938,0.0021513285370509242,"[5.397687237191363, 3.80608097734378, 0.09750962163458494, 1.0825570837146024]","[5.434995524875811, 3.851050947292542, 0.0, 0.8708209630783788]",CONVERGENCE: NORM OF PROJECTED GRADIENT <= PGTOL,148,0.046875,0.0459968192408029,21.740633733058637,156,0.01123046875,0.01135880063291467,88.03746384123302,164,0.00048828125,0.0012571721609402082,795.4360039695157,139,0.13916015625,True,0.1308457205855206,7.642588504424195,150,0.0322265625,True,0.03164570333349444,31.599866479869963,161,0.001953125,True,0.0022502868809508225,444.3877838266853
n12_d75_s17,12,0.75,17,2,17,True,15,100,L-BFGS-B,60,1.223108950999631,121.55808028659422,0.7412078066255745,0.00018011211347461999,4096,0,0.0,0.0,0.0009369774073651883,"[0.3418309626107674, 1.4499089016154438, 2.26318134347048, 0.927746611054865]","[0.44574689245978244, 1.41373550134502, 2.2201022348379946, 1.0191247218788764]",CONVERGENCE: RELATIVE REDUCTION OF F <= FACTR*EPSMCH,148,0.046875,0.05254512888949062,19.03125981674025,156,0.01123046875,0.012036502579732248,83.08061194485659,164,0.00048828125,0.00018011211347461999,5552.097417039706,139,0.13916015625,True,0.1551542679503271,6.445198145114201,150,0.0322265625,True,0.03766109822321641,26.552597963899633,161,0.001953125,True,0.0015500978273403736,645.1205739161506
n12_d75_s17,12,0.75,17,2,18,True,16,115,L-BFGS-B,60,1.4320204109999395,121.18831111776022,0.7389531165717087,0.0007928278688454135,4096,4,0.0009765625,0.000379829567061715,0.0025084428063047127,"[4.784163517874812, 2.9367269964475855, 3.031250225760279, 1.591304300696326]","[4.847828513615543, 2.938841195024476, 2.902110057722231, 2.010212129160405]",CONVERGENCE: RELATIVE REDUCTION OF F <= FACTR*EPSMCH,148,0.046875,0.046798473868349774,21.368218177651066,156,0.01123046875,0.01015678832023878,98.45631989862034,164,0.00048828125,0.0007928278688454135,1261.3078314922116,139,0.13916015625,True,0.13425426894146847,7.448552719288019,150,0.0322265625,True,0.028968340433214983,34.52044490796594,161,0.001953125,True,0.0042354031948049035,236.10503038449525
n12_d75_s17,12,0.75,17,2,19,True,32,250,L-BFGS-B,60,1.3051546909991885,122.052169888821,0.7442205481025671,0.00045898757266739067,4096,1,0.000244140625,4.309811523941186e-05,0.0013817030336260863,"[5.311743922010349, 3.937116543847326, 1.0183897998069462, 1.1387214188655916]","[5.243734511195698, 3.8241130993524353, 1.2282565840477477, 1.655363260469642]",CONVERGENCE: RELATIVE REDUCTION OF F <= FACTR*EPSMCH,148,0.046875,0.04601913501002987,21.7300911845051,156,0.01123046875,0.013291079177050823,75.23843524509735,164,0.00048828125,0.00045898757266739067,2178.7082255594287,139,0.13916015625,True,0.15232136020544662,6.565067424891881,150,0.0322265625,True,0.0345037931728628,28.982320726015107,161,0.001953125,True,0.002381534512752077,419.8973370511478
n12_d75_s17,12,0.75,17,3,0,True,29,287,L-BFGS-B,60,0.6607698870002423,138.7678771686487,0.8461455924917605,0.0066612800989014325,4096,30,0.00732421875,0.0051352858767219015,0.010436403775652586,"[1.344068461612773, 2.2672153741921126, 2.7045573785008004, 2.8782081996134368, 0.32549251235660265, 2.123767638201711]","[1.3670903398927792, 2.255747921072501, 2.7195289804514005, 3.141592653589793, 0.004746428467744545, 1.8536234387663444]",CONVERGENCE: RELATIVE REDUCTION OF F <= FACTR*EPSMCH,148,0.046875,0.274496276057548,3.6430366719814824,156,0.01123046875,0.09491944250105068,10.53524940360802,164,0.00048828125,0.0066612800989014325,150.12129577990848,139,0.13916015625,True,0.5276689077414656,1.8951277691918809,150,0.0322265625,True,0.21293226512293012,4.696329132753459,161,0.001953125,True,0.024453361542997907,40.89417310751473
n12_d75_s17,12,0.75,17,3,1,True,10,133,L-BFGS-B,60,0.22159431299951393,121.34944602681168,0.7399356465049493,4.486069507747213e-05,4096,0,0.0,0.0,0.0009369774073651883,"[0.7194577384483911, 4.376981137600729, 2.2030847797600246, 1.326790763504774, 1.3746850554342736, 0.3432389262894251]","[0.0, 0.0, 0.3440181078795672, 3.141590657570341, 1.2235863514898884, 2.0800957986555395]",CONVERGENCE: RELATIVE REDUCTION OF F <= FACTR*EPSMCH,148,0.046875,0.05407190914132677,18.49389111426264,156,0.01123046875,0.010800324539963664,92.58981026910551,164,0.00048828125,4.486069507747213e-05,22291.22839655184,139,0.13916015625,True,0.14270809816726027,7.007310817273701,150,0.0322265625,True,0.030463701400877893,32.82595200237822,161,0.001953125,True,0.0012631905085016299,791.6462269702921
n12_d75_s17,12,0.75,17,3,2,True,22,217,L-BFGS-B,60,0.40571131800061266,121.84120606169154,0.7429341833029972,0.0008552910991217742,4096,4,0.0009765625,0.000379829567061715,0.0025084428063047127,"[1.7358221587063398, 4.966701525675141, 4.253656300539142, 1.7096208922745255, 2.5579080637095326, 1.3075362335445748]","[1.5964061601134116, 5.071021580110312, 4.133585968593124, 1.5556821065391955, 2.5126318974771737, 1.1434463489386901]",CONVERGENCE: RELATIVE REDUCTION OF F <= FACTR*EPSMCH,148,0.046875,0.05010326272059478,19.958780041463314,156,0.01123046875,0.015086563427899073,66.28414779675627,164,0.00048828125,0.0008552910991217742,1169.1925720106467,139,0.13916015625,True,0.14447741576329345,6.921497001568492,150,0.0322265625,True,0.03534152935444785,28.29532332827998,161,0.001953125,True,0.0025060478284686643,399.0346826744548
n12_d75_s17,12,0.75,17,3,3,True,29,280,L-BFGS-B,60,0.5577007980000417,121.7379653696193,0.7423046668879226,6.795046515409378e-05,4096,0,0.0,0.0,0.0009369774073651883,"[0.7073331368941088, 5.070832843308253, 3.263514427031121, 0.6026593383315775, 2.0562102465023715, 0.56885985911852]","[1.9948524764480504, 5.707129851810264, 4.966476990543677, 2.1085131479650934, 0.763209373093047, 0.6617071173992821]",CONVERGENCE: RELATIVE REDUCTION OF F <= FACTR*EPSMCH,148,0.046875,0.04553319591042964,21.96199893297945,156,0.01123046875,0.005913568979330437,169.10261865470366,164,0.00048828125,6.795046515409378e-05,14716.602715408395,139,0.13916015625,True,0.14347182087379412,6.970009817326123,150,0.0322265625,True,0.030776697453746206,32.492115227856516,161,0.001953125,True,0.0007159631545369957,1396.7199201007588
n12_d75_s17,12,0.75,17,3,4,False,9,329,L-BFGS-B,60,0.5510168289993089,138.76463385959357,0.846125816217034,0.006683152497088022,4096,28,0.0068359375,0.004733873030895345,0.009862169138478523,"[5.669504977844998, 0.415516456838484, 4.961820959358, 1.1700033263005032, 2.5391440240994014, 2.870488000124736]","[0.0, 0.05919403134755424, 0.0, 2.812776766387107, 1.8537718554238378, 3.141473099446715]",ABNORMAL: ,148,0.046875,0.27465252156666176,3.640964205592727,156,0.01123046875,0.09479725615051872,10.548828527401719,164,0.00048828125,0.006683152497088022,149.62998381912118,139,0.13916015625,True,0.5273984165029795,1.8960997392269392,150,0.0322265625,True,0.21308253550658135,4.693017180514607,161,0.001953125,True,0.02441964516038808,40.9506359913097
n12_d75_s17,12,0.75,17,3,5,True,29,322,L-BFGS-B,60,4.655672854999466,123.5462781195749,0.7533309641437493,0.0004904286013915653,4096,7,0.001708984375,0.0008280858168609898,0.0035236577810063684,"[3.16235462433172, 5.265349768024132, 1.0234868920963296, 1.810357793612789, 1.5483998867057267, 0.12309911321851517]","[1.0871149774645157, 2.105740459172668, 1.9470692913859973, 1.8799873242586074, 2.710082285137367, 0.19267665977138834]",CONVERGENCE: RELATIVE REDUCTION OF F <= FACTR*EPSMCH,148,0.046875,0.048119943253648434,20.781404390458842,156,0.01123046875,0.017083179435779604,58.537112705470115,164,0.00048828125,0.0004904286013915653,2039.0327912412788,139,0.13916015625,True,0.1452137717374298,6.886399189521523,150,0.0322265625,True,0.03768236766199482,26.537610613267454,161,0.001953125,True,0.002383441078227083,419.56145219408893
n12_d75_s17,12,0.75,17,3,6,True,31,322,L-BFGS-B,60,4.547632718000386,123.0388109287892,0.7502366520048123,0.0013723389943232265,4096,4,0.0009765625,0.000379829567061715,0.0025084428063047127,"[0.3783803334422364, 2.2980497400145223, 0.7348574417215584, 2.765301218153508, 2.8437565539271823, 1.5795105690960123]","[1.1777764138315576, 2.1020749231845133, 0.6171148242524569, 3.1390087745805837, 2.2796041382219765, 1.6354255971892908]",CONVERGENCE: RELATIVE REDUCTION OF F <= FACTR*EPSMCH,148,0.046875,0.0463402744705481,21.579501015591898,156,0.01123046875,0.011759271328017839,85.03928280125514,164,0.00048828125,0.0013723389943232265,728.6829304833338,139,0.13916015625,True,0.13185982652783157,7.583810978159679,150,0.0322265625,True,0.03211559792611329,31.13751773517182,161,0.001953125,True,0.0023038067166611604,434.06419156953876
n12_d75_s17,12,0.75,17,3,7,True,24,224,L-BFGS-B,60,3.449824233999607,122.3362147316936,0.7459525288517903,0.002342776541322803,4096,14,0.00341796875,0.0020371496844209867,0.00572936010394854,"[3.3534758414887635, 4.627790601930116, 3.433405321743613, 0.07478120603206985, 1.8642206645669384, 0.5454411432491013]","[3.885936763076344, 4.544017421229182, 3.8484518494331827, 0.607982061352669, 1.9101659592823663, 0.7473617754342885]",CONVERGENCE: RELATIVE REDUCTION OF F <= FACTR*EPSMCH,148,0.046875,0.04998540753259262,20.00583869098111,156,0.01123046875,0.011652571740448663,85.8179655336322,164,0.00048828125,0.002342776541322803,426.84395304529113,139,0.13916015625,True,0.1521430471421047,6.572761744846478,150,0.0322265625,True,0.03745263697566945,26.70038963210081,161,0.001953125,True,0.004132468651110659,241.98610671401852
n12_d75_s17,12,0.75,17,3,8,True,15,140,L-BFGS-B,60,1.8315449529991383,123.01175391375762,0.7500716702058391,0.0012571724951585639,4096,4,0.0009765625,0.000379829567061715,0.0025084428063047127,"[4.76123526987072, 4.130092739352633, 0.3789633955506217, 1.1059254698267984, 0.6665934185007515, 3.0851608420017964]","[6.283185307179586, 6.283185307179586, 3.2803241765978486, 2.0579771788173623e-06, 1.8533615482911057, 0.6999754886782019]",CONVERGENCE: RELATIVE REDUCTION OF F <= FACTR*EPSMCH,148,0.046875,0.045996822824791964,21.74063203906786,156,0.01123046875,0.011358800493444678,88.03746492220846,164,0.00048828125,0.0012571724951585639,795.4357925034565,139,0.13916015625,True,0.13084574196166246,7.64258725586193,150,0.0322265625,True,0.031645706334276685,31.599863483434447,161,0.001953125,True,0.0022502875239074527,444.3876568553232
n12_d75_s17,12,0.75,17,3,9,True,36,427,L-BFGS-B,60,5.703544822999902,121.80512718549218,0.7427141901554402,0.0006035402256848866,4096,0,0.0,0.0,0.0009369774073651883,"[3.6650584577284553, 3.2731021353308876, 5.327381746382242, 0.7328011980270743, 2.416093186954763, 1.215503806471195]","[4.3675217589765065, 2.420368049104495, 5.537770570423139, 1.6076876242870015, 2.312585498750083, 0.6283980118490923]",CONVERGENCE: RELATIVE REDUCTION OF F <= FACTR*EPSMCH,148,0.046875,0.051142798718461696,19.553094962693482,156,0.01123046875,0.012569485797501792,79.55774930735447,164,0.00048828125,0.0006035402256848866,1656.890390139643,139,0.13916015625,True,0.15817936308670488,6.32193720145312,150,0.0322265625,True,0.03545696253432047,28.203205478530563,161,0.001953125,True,0.002871352844493477,348.26789118507156
n12_d75_s17,12,0.75,17,3,10,True,44,385,L-BFGS-B,60,5.699541744000271,138.77473848797365,0.8461874298047174,0.007012251502362644,4096,29,0.007080078125,0.004934210809760133,0.010149655101114045,"[6.175878221993743, 1.6897919749464523, 2.167188468410424, 3.0128033053644585, 1.9730289143175757, 0.9789389518600528]","[6.22404784379473, 1.6897783528865105, 2.102746352104546, 2.8587057561676206, 1.5608970856346631, 1.5773291370136777]",CONVERGENCE: RELATIVE REDUCTION OF F <= FACTR*EPSMCH,148,0.046875,0.2756194612396966,3.628190823326278,156,0.01123046875,0.09549528532393488,10.471721159927888,164,0.00048828125,0.007012251502362644,142.60754903943035,139,0.13916015625,True,0.5273158804870277,1.8963965186794722,150,0.0322265625,True,0.21450898812689517,4.661809319656288,161,0.001953125,True,0.024809575028618424,40.307018513879285
n12_d75_s17,12,0.75,17,3,11,True,32,315,L-BFGS-B,60,4.731084615999862,122.66737936545483,0.7479718253991149,0.0014608839099547965,4096,7,0.001708984375,0.0008280858168609898,0.0035236577810063684,"[5.864357981222669, 4.131500382877312, 0.26831470258976226, 1.5489544604780552, 2.4804341613372363, 0.0460577703284712]","[5.893465918483287, 4.234234172478015, 0.4506827081707319, 1.7711252527384305, 2.886369594661506, 0.38271336227170677]",CONVERGENCE: RELATIVE REDUCTION OF F <= FACTR*EPSMCH,148,0.046875,0.05630230905569206,17.761260892707593,156,0.01123046875,0.013890240444323092,71.99299421837566,164,0.00048828125,0.0014608839099547965,684.5170880353817,139,0.13916015625,True,0.16374377212610638,6.107102499323488,150,0.0322265625,True,0.03648393163254905,27.409326661160947,161,0.001953125,True,0.0019343420870771605,516.9716394430652
n12_d75_s17,12,0.75,17,3,12,True,40,441,L-BFGS-B,60,6.554359247999855,122.49013627142014,0.7468910748257326,8.734266601479967e-06,4096,0,0.0,0.0,0.0009369774073651883,"[5.693605977962042, 4.584629163407523, 5.5551684828266445, 2.601102629814529, 2.4727712174076806, 0.3463901013968281]","[5.774934021953353, 4.5538962738653055, 5.522946615928142, 2.750587712063998, 2.1071518662445006, 0.42123292629207854]",CONVERGENCE: RELATIVE REDUCTION OF F <= FACTR*EPSMCH,148,0.046875,0.05335967080713215,18.74074530209317,156,0.01123046875,0.011199626772557961,89.28868973118495,164,0.00048828125,8.734266601479967e-06,114491.58190689488,139,0.13916015625,True,0.15789795960632116,6.333204067318213,150,0.0322265625,True,0.03694944316261745,27.064007313964655,161,0.001953125,True,0.0019182934100319656,521.2966873421811
n12_d75_s17,12,0.75,17,3,13,True,1,14,L-BFGS-B,60,0.034103108000635984,120.5,0.7347560975609756,0.0004882812500000004,4096,6,0.00146484375,0.0006715185421635897,0.0031924013142034585,"[2.756888934965452, 5.271145026521074, 2.4441074731105688, 2.5838630555580084, 1.9680796456959664, 3.045763841425858]","[6.283185307179586, 4.452271519204829, 6.283185307179586, 3.141592653589793, 3.141592653589793, 3.141592653589793]",CONVERGENCE: NORM OF PROJECTED GRADIENT <= PGTOL,148,0.046875,0.046875,21.333333333333332,156,0.01123046875,0.01123046875,89.04347826086956,164,0.00048828125,0.0004882812500000004,2047.9999999999982,139,0.13916015625,True,0.13916015625,7.185964912280702,150,0.0322265625,True,0.0322265625,31.03030303030303,161,0.001953125,True,0.001953125,512.0
n12_d75_s17,12,0.75,17,3,14,True,1,14,L-BFGS-B,60,0.02323231599984865,120.49999999999999,0.7347560975609755,0.0004882812499999998,4096,0,0.0,0.0,0.0009369774073651883,"[2.0009536283137046, 0.5230965557656799, 5.012731732843934, 1.7911567585883308, 2.8116537924023497, 0.6374012428312574]","[0.0, 0.0, 0.0, 0.0, 3.0032786428886524, 1.287340364307249]",CONVERGENCE: NORM OF PROJECTED GRADIENT <= PGTOL,148,0.046875,0.04687499999999999,21.333333333333336,156,0.01123046875,0.011230468749999997,89.04347826086959,164,0.00048828125,0.0004882812499999998,2048.000000000001,139,0.13916015625,True,0.13916015624999997,7.185964912280703,150,0.0322265625,True,0.03222656249999999,31.03030303030304,161,0.001953125,True,0.0019531249999999991,512.0000000000002
n12_d75_s17,12,0.75,17,3,15,True,57,546,L-BFGS-B,60,7.037321963000068,138.9239578970516,0.8470973042503146,0.007094273720239862,4096,24,0.005859375,0.003940714277798989,0.008704032925573639,"[4.296135222830139, 5.190474240625157, 2.9927421945145114, 0.910432746374005, 0.23785589427743623, 1.3714843083803716]","[4.294443472628892, 5.12371157237577, 3.0830844515874096, 1.585853146976817, 0.7162199797338731, 1.2852556530026114]",CONVERGENCE: RELATIVE REDUCTION OF F <= FACTR*EPSMCH,148,0.046875,0.27902789080398743,3.583871121695443,156,0.01123046875,0.09687342937385253,10.322748006998024,164,0.00048828125,0.007094273720239862,140.95875623561216,139,0.13916015625,True,0.5302068744753712,1.8860562699974033,150,0.0322265625,True,0.21620945598458163,4.625144610101199,161,0.001953125,True,0.024081755011046993,41.525212740569415
n12_d75_s17,12,0.75,17,3,16,True,32,287,L-BFGS-B,60,4.402739502999793,122.21383118954387,0.7452062877411212,0.000195340579392623,4096,0,0.0,0.0,0.0009369774073651883,"[5.372494374260055, 5.146059337848216, 3.6819459599728384, 0.8954417131505271, 0.5193897347452616, 2.0582335887662295]","[5.411988617620928, 5.1356759817109925, 3.7418219458648245, 0.9386992544601956, 0.42668186766582517, 2.036976020784375]",CONVERGENCE: RELATIVE REDUCTION OF F <= FACTR*EPSMCH,148,0.046875,0.059362652346930445,16.845608483861966,156,0.01123046875,0.013406759913854562,74.58923755072236,164,0.00048828125,0.000195340579392623,5119.264021379086,139,0.13916015625,True,0.15997769598924283,6.250871371889502,150,0.0322265625,True,0.04038793429898013,24.759869930392846,161,0.001953125,True,0.002240792745018546,446.2706344542915
n12_d75_s17,12,0.75,17,3,17,True,17,210,L-BFGS-B,60,3.2731483249999656,138.76463385959295,0.8461258162170302,0.0066831525091344875,4096,34,0.00830078125,0.00594629450988538,0.011576690108490348,"[0.043685456118818196, 0.30287787471208794, 2.464827632275195, 0.4198386740837328, 2.4013622613341976, 2.787892888780249]","[0.059194026955528334, 0.3471440839436126, 1.9954017252803187, 0.28285599962085867, 3.141592653589793, 3.141592653589793]",CONVERGENCE: RELATIVE REDUCTION OF F <= FACTR*EPSMCH,148,0.046875,0.2746525238532973,3.640964175279668,156,0.01123046875,0.0947972570788969,10.548828424093855,164,0.00048828125,0.0066831525091344875,149.62998354941126,139,0.13916015625,True,0.5273984167588734,1.8960997383069507,150,0.0322265625,True,0.21308253758638562,4.693017134708144,161,0.001953125,True,0.02441964516326664,40.95063598648249
n12_d75_s17,12,0.75,17,3,18,True,35,322,L-BFGS-B,60,3.4906614949995856,138.7673098025124,0.8461421329421487,0.006628259829984176,4096,28,0.0068359375,0.004733873030895345,0.009862169138478523,"[1.261370890433515, 1.2945817646556979, 2.9454192222880398, 1.8310918195630719, 0.8316729185621755, 1.5151445223075926]","[6.283185307179586, 0.05917988503161278, 2.4911807094603784, 1.581279956936515, 0.28281199921307587, 3.135481150755891]",CONVERGENCE: RELATIVE REDUCTION OF F <= FACTR*EPSMCH,148,0.046875,0.27460752493102514,3.641560806650059,156,0.01123046875,0.09525216794075661,10.498448713754879,164,0.00048828125,0.006628259829984176,150.86916108452968,139,0.13916015625,True,0.5274632270460282,1.8958667613671136,150,0.0322265625,True,0.2132678861609714,4.688938489525868,161,0.001953125,True,0.024547172723296103,40.73788909510405
n12_d75_s17,12,0.75,17,3,19,True,16,217,L-BFGS-B,60,2.5469199830004072,138.7776012870582,0.8462048858966963,0.006560392873804329,4096,31,0.007568359375,0.005337063044036356,0.010722450349838443,"[4.340688197209419, 1.3886406389284691, 1.882475615440005, 2.8663851772472113, 0.010257589741927909, 0.35223864155007956]","[6.224006174493168, 4.112880765102436, 4.894901124141617, 2.85843596304512, 0.0, 0.013055072853681984]",CONVERGENCE: RELATIVE REDUCTION OF F <= FACTR*EPSMCH,148,0.046875,0.27549298124974525,3.6298565410400077,156,0.01123046875,0.09517347262399789,10.507129480823957,164,0.00048828125,0.006560392873804329,152.4298954705904,139,0.13916015625,True,0.5284881908850818,1.8921898677154114,150,0.0322265625,True,0.21379437913614086,4.677391445184889,161,0.001953125,True,0.0241374149036218,41.429457296603495
n12_d75_s42,12,0.75,42,1,0,True,10,69,L-BFGS-B,60,0.041605682000408706,143.56381899994736,0.8203646799996992,0.006956094928764651,4096,27,0.006591796875,0.004534310788919747,0.009573907638953811,"[6.10773799226435, 2.966296864051115]","[6.226839467303771, 2.8546567454557157]",CONVERGENCE: NORM OF PROJECTED GRADIENT <= PGTOL,158,0.021484375,0.15600240377696645,6.410157637248207,167,0.005859375,0.065496809349424,15.267919306801993,175,0.00048828125,0.006956094928764651,143.75882017722728,148,0.08935546875,True,0.40716682645166496,2.4559957615277646,161,0.01318359375,True,0.1124217996016444,8.895071983755836,175,0.00048828125,True,0.006956094928764651,143.75882017722728
n12_d75_s42,12,0.75,42,1,1,True,1,6,L-BFGS-B,60,0.00408452000010584,124.5,0.7114285714285714,0.00048828125,4096,2,0.00048828125,0.00013391454481334652,0.0017787103455524616,"[6.176664326661413, 0.46151173441131305]","[0.0, 0.0]",CONVERGENCE: NORM OF PROJECTED GRADIENT <= PGTOL,158,0.021484375,0.021484375,46.54545454545455,167,0.005859375,0.005859375,170.66666666666666,175,0.00048828125,0.00048828125,2048.0,148,0.08935546875,True,0.08935546875,11.191256830601093,161,0.01318359375,True,0.01318359375,75.85185185185185,175,0.00048828125,True,0.00048828125,2048.0
n12_d75_s42,12,0.75,42,1,2,True,7,33,L-BFGS-B,60,0.022007798999766237,125.53127975894017,0.7173215986225153,0.00025718366006324025,4096,1,0.000244140625,4.309811523941186e-05,0.0013817030336260863,"[0.31233878719860075, 2.166501329030886]","[0.3036999948029144, 1.9787051938172395]",CONVERGENCE: NORM OF PROJECTED GRADIENT <= PGTOL,158,0.021484375,0.022749640677533822,43.95673822609163,167,0.005859375,0.006588362716481536,151.78277867100223,175,0.00048828125,0.00025718366006324025,3888.271905587255,148,0.08935546875,True,0.1020341628010224,9.800639046258533,161,0.01318359375,True,0.01303773545520276,76.700436470426,175,0.00048828125,True,0.00025718366006324025,3888.271905587255
n12_d75_s42,12,0.75,42,1,3,True,1,6,L-BFGS-B,60,0.004340618000242102,124.5,0.7114285714285714,0.00048828125,4096,3,0.000732421875,0.0002491200948151938,0.0021513285370509242,"[4.529774601564588, 0.10897903740873245]","[3.0604049000484945, 0.0]",CONVERGENCE: NORM OF PROJECTED GRADIENT <= PGTOL,158,0.021484375,0.021484375,46.54545454545455,167,0.005859375,0.005859375,170.66666666666666,175,0.00048828125,0.00048828125,2048.0,148,0.08935546875,True,0.08935546875,11.191256830601093,161,0.01318359375,True,0.01318359375,75.85185185185185,175,0.00048828125,True,0.00048828125,2048.0
n12_d75_s42,12,0.75,42,1,4,True,10,48,L-BFGS-B,60,0.047034436999638274,125.53127975894019,0.7173215986225153,0.0002571835261082044,4096,1,0.000244140625,4.309811523941186e-05,0.0013817030336260863,"[0.27016988221041904, 2.5816852643964108]","[0.30369998642023077, 1.9787054235556738]",CONVERGENCE: NORM OF PROJECTED GRADIENT <= PGTOL,158,0.021484375,0.022749640733513522,43.95673811792794,167,0.005859375,0.0065883632976413975,151.7827652822356,175,0.00048828125,0.0002571835261082044,3888.27393080874,148,0.08935546875,True,0.10203416075215371,9.800639243057548,161,0.01318359375,True,0.013037736861465567,76.70042819744334,175,0.00048828125,True,0.0002571835261082044,3888.27393080874
n12_d75_s42,12,0.75,42,1,5,True,8,54,L-BFGS-B,60,0.34926043700033915,125.67432966395847,0.7181390266511912,3.7515158756822856e-05,4096,0,0.0,0.0,0.0009369774073651883,"[4.243906517590347, 0.7495609735603982]","[2.817623913700923, 0.5132598862584367]",CONVERGENCE: NORM OF PROJECTED GRADIENT <= PGTOL,158,0.021484375,0.02131966936708101,46.90504260558874,167,0.005859375,0.006707660939230874,149.0832659938628,175,0.00048828125,3.7515158756822856e-05,26655.89146195818,148,0.08935546875,True,0.09596601649189188,10.42035541909244,161,0.01318359375,True,0.013724820985816335,72.86069530767881,175,0.00048828125,True,3.7515158756822856e-05,26655.89146195818
n12_d75_s42,12,0.75,42,1,6,True,8,60,L-BFGS-B,60,0.22525591399971745,124.56242019533789,0.7117852582590737,0.0004096903718123952,4096,2,0.00048828125,0.00013391454481334652,0.0017787103455524616,"[1.864082522233109, 2.5229333642303113]","[1.857362451114932, 2.8750696271639398]",CONVERGENCE: RELATIVE REDUCTION OF F <= FACTR*EPSMCH,158,0.021484375,0.02335250743110955,42.821954042837746,167,0.005859375,0.006556379239029709,152.5232088539149,175,0.00048828125,0.0004096903718123952,2440.867710842662,148,0.08935546875,True,0.09716043709390863,10.292255056793007,161,0.01318359375,True,0.01229003914731889,81.36670583495685,175,0.00048828125,True,0.0004096903718123952,2440.867710842662
n12_d75_s42,12,0.75,42,1,7,True,8,66,L-BFGS-B,60,0.2864141079999172,125.17767418422557,0.7153009953384318,5.4117018710578257e-05,4096,0,0.0,0.0,0.0009369774073651883,"[0.6652102555655413, 0.35660814530512097]","[1.6131475149059151, 1.1941976993747503]",CONVERGENCE: NORM OF PROJECTED GRADIENT <= PGTOL,158,0.021484375,0.0184872155724118,54.0914339470507,167,0.005859375,0.0037977985747005205,263.3104363832292,175,0.00048828125,5.4117018710578257e-05,18478.475419129656,148,0.08935546875,True,0.08486086067470053,11.783995496266854,161,0.01318359375,True,0.009829991059623216,101.72949231942944,175,0.00048828125,True,5.4117018710578257e-05,18478.475419129656
n12_d75_s42,12,0.75,42,1,8,True,11,45,L-BFGS-B,60,0.3224629040005311,125.44156523081918,0.7168089441761096,0.00019604015023518418,4096,1,0.000244140625,4.309811523941186e-05,0.0013817030336260863,"[5.116279209081347, 1.1197426365022751]","[5.133401540953126, 1.146189874403932]",CONVERGENCE: NORM OF PROJECTED GRADIENT <= PGTOL,158,0.021484375,0.026228751364324586,38.12610009945668,167,0.005859375,0.007096622778117359,140.91209738293105,175,0.00048828125,0.00019604015023518418,5100.995886813627,148,0.08935546875,True,0.0957105873252398,10.448164909926223,161,0.01318359375,True,0.014024032428016853,71.3061671193961,175,0.00048828125,True,0.00019604015023518418,5100.995886813627
n12_d75_s42,12,0.75,42,1,9,True,10,63,L-BFGS-B,60,0.3863838039997063,126.4360576264209,0.7224917578652623,0.0005924128328025463,4096,1,0.000244140625,4.309811523941186e-05,0.0013817030336260863,"[1.003588880415433, 1.2102406938041839]","[2.033875629920015, 1.1555418871702556]",CONVERGENCE: NORM OF PROJECTED GRADIENT <= PGTOL,158,0.021484375,0.026924075469364955,37.14147960764078,167,0.005859375,0.0075870283500128035,131.80390976110067,175,0.00048828125,0.0005924128328025463,1688.012049417073,148,0.08935546875,True,0.10575917736072776,9.455444198371161,161,0.01318359375,True,0.01841935229664831,54.29072553121022,175,0.00048828125,True,0.0005924128328025463,1688.012049417073
n12_d75_s42,12,0.75,42,1,10,True,9,39,L-BFGS-B,60,0.3338694680005574,126.4360576264146,0.7224917578652262,0.0005924109954425514,4096,3,0.000732421875,0.0002491200948151938,0.0021513285370509242,"[4.249337707586431, 0.11294741804112164]","[4.249309652707649, 0.41525503361483995]",CONVERGENCE: RELATIVE REDUCTION OF F <= FACTR*EPSMCH,158,0.021484375,0.026924083383079195,37.14146869075824,167,0.005859375,0.0075870347923999385,131.80379784230288,175,0.00048828125,0.0005924109954425514,1688.0172847787296,148,0.08935546875,True,0.10575917618814298,9.455444303206603,161,0.01318359375,True,0.018419359422466444,54.2907045279914,175,0.00048828125,True,0.0005924109954425514,1688.0172847787296
n12_d75_s42,12,0.75,42,1,11,True,11,51,L-BFGS-B,60,0.35597013300048275,125.94190950878006,0.719668054335886,0.0013121846274217208,4096,8,0.001953125,0.0009900179449591885,0.0038495493944084797,"[1.7484587881768947, 1.2960462639143946]","[5.306879062220261, 2.3871135137230257]",CONVERGENCE: NORM OF PROJECTED GRADIENT <= PGTOL,158,0.021484375,0.027929827384387908,35.804016481640545,167,0.005859375,0.008971952810975823,111.45845515110732,175,0.00048828125,0.0013121846274217208,762.0878793290509,148,0.08935546875,True,0.09939809708237149,10.060554772706535,161,0.01318359375,True,0.02032962206808783,49.18930596204922,175,0.00048828125,True,0.0013121846274217208,762.0878793290509
n12_d75_s42,12,0.75,42,1,12,True,10,54,L-BFGS-B,60,0.5130489040002431,125.50709489296052,0.7171833993883459,0.0006473247864496082,4096,3,0.000732421875,0.0002491200948151938,0.0021513285370509242,"[1.5192733243357304, 1.9943296441747416]","[2.1269122957133737, 1.899694549686331]",CONVERGENCE: RELATIVE REDUCTION OF F <= FACTR*EPSMCH,158,0.021484375,0.02154232511677854,46.420244545521975,167,0.005859375,0.005889567812887757,169.79174563739045,175,0.00048828125,0.0006473247864496082,1544.8195726981423,148,0.08935546875,True,0.1072594309786788,9.323189493693862,161,0.01318359375,True,0.01287836801814719,77.64959027346308,175,0.00048828125,True,0.0006473247864496082,1544.8195726981423
n12_d75_s42,12,0.75,42,1,13,True,7,36,L-BFGS-B,60,0.5007724549996055,126.43605762642096,0.7224917578652627,0.0005924128448294541,4096,2,0.00048828125,0.00013391454481334652,0.0017787103455524616,"[1.9851292289989761, 2.8497900602826136]","[2.033875623724773, 2.726338219319616]",CONVERGENCE: RELATIVE REDUCTION OF F <= FACTR*EPSMCH,158,0.021484375,0.02692407585053161,37.141479081825395,167,0.005859375,0.007587028317439426,131.80391032697418,175,0.00048828125,0.0005924128448294541,1688.012015147787,148,0.08935546875,True,0.10575917893721078,9.45544405742503,161,0.01318359375,True,0.018419352472109254,54.290725014042096,175,0.00048828125,True,0.0005924128448294541,1688.012015147787
n12_d75_s42,12,0.75,42,1,14,True,1,6,L-BFGS-B,60,0.015873254999860364,124.50000000000014,0.7114285714285722,0.00048828124999996346,4096,2,0.00048828125,0.00013391454481334652,0.0017787103455524616,"[4.87051830596335, 2.1939686648331183]","[6.283185307179586, 0.03369988783083454]",CONVERGENCE: NORM OF PROJECTED GRADIENT <= PGTOL,158,0.021484375,0.021484375000000094,46.54545454545434,167,0.005859375,0.005859375000000111,170.66666666666345,175,0.00048828125,0.00048828124999996346,2048.0000000001532,148,0.08935546875,True,0.08935546874999963,11.191256830601139,161,0.01318359375,True,0.013183593749999946,75.85185185185216,175,0.00048828125,True,0.00048828124999996346,2048.0000000001532
n12_d75_s42,12,0.75,42,1,15,True,1,6,L-BFGS-B,60,0.0033878549993460183,124.5,0.7114285714285714,0.00048828125,4096,1,0.000244140625,4.309811523941186e-05,0.0013817030336260863,"[5.135332949666873, 0.6636098119510075]","[0.0, 3.141592653589793]",CONVERGENCE: NORM OF PROJECTED GRADIENT <= PGTOL,158,0.021484375,0.021484375,46.54545454545455,167,0.005859375,0.005859375,170.66666666666666,175,0.00048828125,0.00048828125,2048.0,148,0.08935546875,True,0.08935546875,11.191256830601093,161,0.01318359375,True,0.01318359375,75.85185185185185,175,0.00048828125,True,0.00048828125,2048.0
n12_d75_s42,12,0.75,42,1,16,True,1,6,L-BFGS-B,60,0.011686851000376919,124.5,0.7114285714285714,0.00048828125,4096,3,0.000732421875,0.0002491200948151938,0.0021513285370509242,"[3.1990702601633014, 1.4442806216327344]","[6.283185307179586, 3.141592653589793]",CONVERGENCE: NORM OF PROJECTED GRADIENT <= PGTOL,158,0.021484375,0.021484375,46.54545454545455,167,0.005859375,0.005859375,170.66666666666666,175,0.00048828125,0.00048828125,2048.0,148,0.08935546875,True,0.08935546875,11.191256830601093,161,0.01318359375,True,0.01318359375,75.85185185185185,175,0.00048828125,True,0.00048828125,2048.0
n12_d75_s42,12,0.75,42,1,17,True,2,36,L-BFGS-B,60,0.17379936299948895,124.50000000000001,0.7114285714285715,0.0004882812500000048,4096,2,0.00048828125,0.00013391454481334652,0.0017787103455524616,"[5.185617158783266, 0.46623009532242965]","[6.283185307179586, 0.4746783156954496]",CONVERGENCE: RELATIVE REDUCTION OF F <= FACTR*EPSMCH,158,0.021484375,0.021484374999999774,46.54545454545504,167,0.005859375,0.005859374999999951,170.66666666666808,175,0.00048828125,0.0004882812500000048,2047.99999999998,148,0.08935546875,True,0.08935546874999978,11.191256830601121,161,0.01318359375,True,0.013183593750000023,75.85185185185172,175,0.00048828125,True,0.0004882812500000048,2047.99999999998
n12_d75_s42,12,0.75,42,1,18,True,8,45,L-BFGS-B,60,0.3323275269995065,125.67432966395776,0.7181390266511872,3.7515307052405145e-05,4096,0,0.0,0.0,0.0009369774073651883,"[2.846789057950592, 0.8096197179644269]","[2.8176239236048084, 0.5132595135811548]",CONVERGENCE: NORM OF PROJECTED GRADIENT <= PGTOL,158,0.021484375,0.02131966395561298,46.905054511270706,167,0.005859375,0.006707664907342634,149.08317779937647,175,0.00048828125,3.7515307052405145e-05,26655.786092943334,148,0.08935546875,True,0.09596601653654979,10.420355414243314,161,0.01318359375,True,0.013724822256303948,72.86068856306609,175,0.00048828125,True,3.7515307052405145e-05,26655.786092943334
n12_d75_s42,12,0.75,42,1,19,True,6,36,L-BFGS-B,60,0.288347414000782,126.79379086005963,0.7245359477717693,0.000543509698841611,4096,1,0.000244140625,4.309811523941186e-05,0.0013817030336260863,"[2.5832578948055764, 0.39806323949664535]","[2.9971449202349087, 0.335631708909059]",CONVERGENCE: RELATIVE REDUCTION OF F <= FACTR*EPSMCH,158,0.021484375,0.025946670893020607,38.5405898168227,167,0.005859375,0.009255715399101815,108.04135141158739,175,0.00048828125,0.000543509698841611,1839.8935697583918,148,0.08935546875,True,0.1110064476541682,9.008485733328039,161,0.01318359375,True,0.01690167182166752,59.16574469976545,175,0.00048828125,True,0.000543509698841611,1839.8935697583918
n12_d75_s42,12,0.75,42,2,0,True,1,10,L-BFGS-B,60,0.012379060000057507,124.5,0.7114285714285714,0.00048828125,4096,3,0.000732421875,0.0002491200948151938,0.0021513285370509242,"[3.3860828982905593, 0.7624583122969136, 1.397702200571814, 0.06545400702173362]","[5.6993158952914476, 0.0, 0.0, 0.0]",CONVERGENCE: NORM OF PROJECTED GRADIENT <= PGTOL,158,0.021484375,0.021484375,46.54545454545455,167,0.005859375,0.005859375,170.66666666666666,175,0.00048828125,0.00048828125,2048.0,148,0.08935546875,True,0.08935546875,11.191256830601093,161,0.01318359375,True,0.01318359375,75.85185185185185,175,0.00048828125,True,0.00048828125,2048.0
n12_d75_s42,12,0.75,42,2,1,True,18,110,L-BFGS-B,60,0.17910614799984614,124.98514818554824,0.7142008467745614,0.0010359693318770032,4096,5,0.001220703125,0.0005215205909937573,0.0028545755238729804,"[1.2940385871287854, 2.404224799011715, 2.615271658674069, 2.163705777286121]","[1.258881944572189, 2.444257168158204, 2.691650319265298, 2.001818560605146]",CONVERGENCE: RELATIVE REDUCTION OF F <= FACTR*EPSMCH,158,0.021484375,0.022175404026736435,45.09500700840987,167,0.005859375,0.007882277459023541,126.86688653102554,175,0.00048828125,0.0010359693318770032,965.2795398761151,148,0.08935546875,True,0.09282252071242778,10.773247616255615,161,0.01318359375,True,0.015649032742460024,63.901713061583145,175,0.00048828125,True,0.0010359693318770032,965.2795398761151
n12_d75_s42,12,0.75,42,2,2,True,1,10,L-BFGS-B,60,0.009874270999716828,124.5,0.7114285714285714,0.00048828125,4096,1,0.000244140625,4.309811523941186e-05,0.0013817030336260863,"[6.165197613157776, 2.8566423398349383, 0.8318993756484125, 1.3014169108313094]","[0.0, 6.283185307179586, 3.141592653589793, 0.0]",CONVERGENCE: NORM OF PROJECTED GRADIENT <= PGTOL,158,0.021484375,0.021484375,46.54545454545455,167,0.005859375,0.005859375,170.66666666666666,175,0.00048828125,0.00048828125,2048.0,148,0.08935546875,True,0.08935546875,11.191256830601093,161,0.01318359375,True,0.01318359375,75.85185185185185,175,0.00048828125,True,0.00048828125,2048.0
n12_d75_s42,12,0.75,42,2,3,True,29,220,L-BFGS-B,60,0.3094217790003313,143.57155653886085,0.8204088945077763,0.00693069733072726,4096,20,0.0048828125,0.0031631598704827783,0.007530292366888611,"[5.946934779060695, 3.0675214040549887, 1.0811426651370126, 2.000200187564522]","[6.22684662261344, 3.7991500744768225, 1.2839457594412589, 1.580807630534359]",CONVERGENCE: RELATIVE REDUCTION OF F <= FACTR*EPSMCH,158,0.021484375,0.15571805437974623,6.421862923879859,167,0.005859375,0.06521495685452075,15.333905720903337,175,0.00048828125,0.00693069733072726,144.285625569955,148,0.08935546875,True,0.40803414795357024,2.450775272156361,161,0.01318359375,True,0.11250223127582719,8.888712594048481,175,0.00048828125,True,0.00693069733072726,144.285625569955
n12_d75_s42,12,0.75,42,2,4,True,17,135,L-BFGS-B,60,0.1769219529996917,125.22770319169064,0.7155868753810893,3.203883550334603e-05,4096,0,0.0,0.0,0.0009369774073651883,"[6.179852263919783, 2.8780163182162104, 0.3344616073053707, 0.7275975934944601]","[6.200129617202268, 2.9172345995442495, 0.308306878360231, 0.750786270117343]",CONVERGENCE: RELATIVE REDUCTION OF F <= FACTR*EPSMCH,158,0.021484375,0.021998850050822746,45.45692150679488,167,0.005859375,0.006308024810646362,158.52822872735868,175,0.00048828125,3.203883550334603e-05,31212.120674472186,148,0.08935546875,True,0.0785882623508957,12.72454651732865,161,0.01318359375,True,0.015335311952374895,65.20897671371696,175,0.00048828125,True,3.203883550334603e-05,31212.120674472186
n12_d75_s42,12,0.75,42,2,5,True,2,20,L-BFGS-B,60,0.11966075600048498,124.49999999999986,0.7114285714285706,0.0004882812499999743,4096,1,0.000244140625,4.309811523941186e-05,0.0013817030336260863,"[3.7504006439004023, 1.0647871225865109, 2.1372037595519098, 0.15604187943196304]","[6.283185307179586, 0.698139963278601, 1.8132640410499137, 0.0]",CONVERGENCE: NORM OF PROJECTED GRADIENT <= PGTOL,158,0.021484375,0.021484374999999785,46.54545454545501,167,0.005859375,0.0058593749999999774,170.6666666666673,175,0.00048828125,0.0004882812499999743,2048.000000000108,148,0.08935546875,True,0.08935546874999904,11.191256830601214,161,0.01318359375,True,0.013183593749999693,75.85185185185362,175,0.00048828125,True,0.0004882812499999743,2048.000000000108
n12_d75_s42,12,0.75,42,2,6,True,21,195,L-BFGS-B,60,2.039647448999858,125.69765490036241,0.7182723137163566,0.00012462898217541335,4096,1,0.000244140625,4.309811523941186e-05,0.0013817030336260863,"[4.930473964445465, 1.140873699089438, 2.739528508409589, 0.2005631188835628]","[5.083988511496476, 1.0212032468565626, 2.3743046965610546, 0.6835616621084409]",CONVERGENCE: RELATIVE REDUCTION OF F <= FACTR*EPSMCH,158,0.021484375,0.020180988670176585,49.551586215287735,167,0.005859375,0.005576924897408405,179.31028629499738,175,0.00048828125,0.00012462898217541335,8023.815829551714,148,0.08935546875,True,0.08893527612506151,11.244132177582626,161,0.01318359375,True,0.013618222193938871,73.4310239441588,175,0.00048828125,True,0.00012462898217541335,8023.815829551714
n12_d75_s42,12,0.75,42,2,7,True,18,145,L-BFGS-B,60,1.5799097910003184,126.23992996151397,0.7213710283515083,9.139828202066235e-05,4096,1,0.000244140625,4.309811523941186e-05,0.0013817030336260863,"[4.8903005063233165, 4.231788234013071, 1.440758098566773, 0.30706872815867]","[5.065049109924035, 4.01807408138782, 1.3791861864072261, 0.48794423832250344]",CONVERGENCE: RELATIVE REDUCTION OF F <= FACTR*EPSMCH,158,0.021484375,0.025949445298986344,38.53646921844078,167,0.005859375,0.008762365059319141,114.1244393756978,175,0.00048828125,9.139828202066235e-05,10941.124689563974,148,0.08935546875,True,0.11377955409894791,8.78892528556013,161,0.01318359375,True,0.017159640015596347,58.276280801409754,175,0.00048828125,True,9.139828202066235e-05,10941.124689563974
n12_d75_s42,12,0.75,42,2,8,True,25,205,L-BFGS-B,60,1.9724692600002527,125.93399161762365,0.7196228092435637,0.0002106117385572309,4096,1,0.000244140625,4.309811523941186e-05,0.0013817030336260863,"[4.575174840678276, 1.4278620031941405, 1.2218900598438132, 0.2667772499191254]","[4.434868986161057, 1.5721740497628447, 1.3946257639372714, 1.0279523578215588]",CONVERGENCE: NORM OF PROJECTED GRADIENT <= PGTOL,158,0.021484375,0.025432695966974,39.319465042108185,167,0.005859375,0.007083753242461157,141.16810196123703,175,0.00048828125,0.0002106117385572309,4748.073430523738,148,0.08935546875,True,0.10163579834411862,9.839052935012116,161,0.01318359375,True,0.013776443906408753,72.58767260938822,175,0.00048828125,True,0.0002106117385572309,4748.073430523738
n12_d75_s42,12,0.75,42,2,9,True,18,120,L-BFGS-B,60,1.2948458799992295,125.17233853932095,0.7152705059389768,0.0002605043019504557,4096,3,0.000732421875,0.0002491200948151938,0.0021513285370509242,"[0.7961363530228412, 6.1597415016792345, 2.967349576575515, 1.2329254981800912]","[0.8016387183659844, 6.148042423696214, 3.0746507092737234, 1.2020795366140493]",CONVERGENCE: RELATIVE REDUCTION OF F <= FACTR*EPSMCH,158,0.021484375,0.02375320093122616,42.099589141495095,167,0.005859375,0.009557110425691875,104.63413683196052,175,0.00048828125,0.0002605043019504557,3838.7081998752797,148,0.08935546875,True,0.08265772282570219,12.098083104813684,161,0.01318359375,True,0.01847300391303535,54.1330475924577,175,0.00048828125,True,0.0002605043019504557,3838.7081998752797
n12_d75_s42,12,0.75,42,2,10,True,1,10,L-BFGS-B,60,0.09449894399949699,124.5,0.7114285714285714,0.00048828125,4096,1,0.000244140625,4.309811523941186e-05,0.0013817030336260863,"[4.2368203197327405, 5.037966731360817, 1.7569580986771827, 2.4170032114947757]","[0.0, 0.0, 3.141592653589793, 0.0]",CONVERGENCE: NORM OF PROJECTED GRADIENT <= PGTOL,158,0.021484375,0.021484375,46.54545454545455,167,0.005859375,0.005859375,170.66666666666666,175,0.00048828125,0.00048828125,2048.0,148,0.08935546875,True,0.08935546875,11.191256830601093,161,0.01318359375,True,0.01318359375,75.85185185185185,175,0.00048828125,True,0.00048828125,2048.0
n12_d75_s42,12,0.75,42,2,11,True,1,10,L-BFGS-B,60,0.06705022100049973,124.5,0.7114285714285714,0.00048828125,4096,1,0.000244140625,4.309811523941186e-05,0.0013817030336260863,"[6.242495416837305, 4.970724906295914, 0.9274629232601993, 0.2843925202597027]","[6.283185307179586, 0.0, 3.141592653589793, 3.141592653589793]",CONVERGENCE: NORM OF PROJECTED GRADIENT <= PGTOL,158,0.021484375,0.021484375,46.54545454545455,167,0.005859375,0.005859375,170.66666666666666,175,0.00048828125,0.00048828125,2048.0,148,0.08935546875,True,0.08935546875,11.191256830601093,161,0.01318359375,True,0.01318359375,75.85185185185185,175,0.00048828125,True,0.00048828125,2048.0
n12_d75_s42,12,0.75,42,2,12,True,2,20,L-BFGS-B,60,0.15712276899921562,124.49999999999999,0.7114285714285713,0.0004882812499999997,4096,1,0.000244140625,4.309811523941186e-05,0.0013817030336260863,"[5.961950434407069, 1.8407792858961927, 0.24424540508917264, 2.758526744190383]","[0.0, 3.7052486397040343, 1.1064535910836304, 0.0]",CONVERGENCE: NORM OF PROJECTED GRADIENT <= PGTOL,158,0.021484375,0.021484374999999993,46.54545454545456,167,0.005859375,0.0058593749999999965,170.66666666666677,175,0.00048828125,0.0004882812499999997,2048.0000000000014,148,0.08935546875,True,0.08935546874999997,11.191256830601096,161,0.01318359375,True,0.013183593749999993,75.85185185185189,175,0.00048828125,True,0.0004882812499999997,2048.0000000000014
n12_d75_s42,12,0.75,42,2,13,True,26,165,L-BFGS-B,60,2.0531928549999066,143.5710065782859,0.8204057518759195,0.007050601668020856,4096,29,0.007080078125,0.004934210809760133,0.010149655101114045,"[1.8442388858230103, 4.234876523199537, 1.0919815868546339, 3.0014463264075917]","[2.451976763355507, 3.774921524964753, 1.5774526798249733, 2.854540248930347]",CONVERGENCE: RELATIVE REDUCTION OF F <= FACTR*EPSMCH,158,0.021484375,0.1558195615784456,6.41767946123094,167,0.005859375,0.065211026220461,15.334829981348063,175,0.00048828125,0.007050601668020856,141.8318672767548,148,0.08935546875,True,0.4071227459734622,2.456261680022132,161,0.01318359375,True,0.1124114036709908,8.895894609828298,175,0.00048828125,True,0.007050601668020856,141.8318672767548
n12_d75_s42,12,0.75,42,2,14,True,26,225,L-BFGS-B,60,2.3267111680006565,126.19152730348492,0.7210944417341996,0.0015376855276747977,4096,10,0.00244140625,0.0013266895763215114,0.004488525246046777,"[4.173054944580049, 4.555578818006243, 2.302603757807338, 0.22059250601859745]","[4.81174327919037, 3.2327502460549655, 2.2259785637700396, 0.5444098180057985]",CONVERGENCE: RELATIVE REDUCTION OF F <= FACTR*EPSMCH,158,0.021484375,0.029956843126156527,33.38135449682479,167,0.005859375,0.011615754906115508,86.08997074081825,175,0.00048828125,0.0015376855276747977,650.328030018039,148,0.08935546875,True,0.10368707278177466,9.644403812080347,161,0.01318359375,True,0.01779515515507868,56.19507058440023,175,0.00048828125,True,0.0015376855276747977,650.328030018039
n12_d75_s42,12,0.75,42,2,15,True,22,180,L-BFGS-B,60,2.0982079799996427,125.9161088193204,0.719520621824688,0.0018651426905233058,4096,3,0.000732421875,0.0002491200948151938,0.0021513285370509242,"[2.6705337890019973, 1.169016485246321, 2.6055195369729844, 1.250668732875247]","[2.7598816952654563, 1.072366252548491, 2.88107334985017, 1.0533707421492493]",CONVERGENCE: RELATIVE REDUCTION OF F <= FACTR*EPSMCH,158,0.021484375,0.023828538766546916,41.96648438232848,167,0.005859375,0.008665333187001897,115.40237154412156,175,0.00048828125,0.0018651426905233058,536.1520086805951,148,0.08935546875,True,0.09984050765232563,10.015974713212573,161,0.01318359375,True,0.017553845848027546,56.967573297470075,175,0.00048828125,True,0.0018651426905233058,536.1520086805951
n12_d75_s42,12,0.75,42,2,16,True,1,10,L-BFGS-B,60,0.09191634499984502,124.5,0.7114285714285714,0.0004882812499999999,4096,1,0.000244140625,4.309811523941186e-05,0.0013817030336260863,"[3.053860435391652, 2.295032612438078, 0.2521496771652529, 0.6197633856388963]","[0.0, 4.256430424090818, 0.0, 3.141592653589793]",CONVERGENCE: NORM OF PROJECTED GRADIENT <= PGTOL,158,0.021484375,0.021484375,46.54545454545455,167,0.005859375,0.005859375,170.66666666666666,175,0.00048828125,0.0004882812499999999,2048.0000000000005,148,0.08935546875,True,0.08935546875,11.191256830601093,161,0.01318359375,True,0.01318359375,75.85185185185185,175,0.00048828125,True,0.0004882812499999999,2048.0000000000005
n12_d75_s42,12,0.75,42,2,17,True,17,130,L-BFGS-B,60,1.3685717729995304,126.00121071451767,0.7200069183686724,0.00028484464909267254,4096,2,0.00048828125,0.00013391454481334652,0.0017787103455524616,"[0.41564051494024223, 2.193544181237042, 1.3147406850841301, 0.4351905393477738]","[0.4056905575650473, 2.1761140978346587, 1.1515738909242124, 0.27079891072678075]",CONVERGENCE: RELATIVE REDUCTION OF F <= FACTR*EPSMCH,158,0.021484375,0.031718644909409635,31.527198051999395,167,0.005859375,0.007452613543898463,134.18111567299917,175,0.00048828125,0.00028484464909267254,3510.685572593136,148,0.08935546875,True,0.1084147375235038,9.223838223868823,161,0.01318359375,True,0.01890918872996517,52.88434180231708,175,0.00048828125,True,0.00028484464909267254,3510.685572593136
n12_d75_s42,12,0.75,42,2,18,True,32,250,L-BFGS-B,60,2.8715020289992026,126.58538084434895,0.7233450333962796,0.0009748995848216286,4096,2,0.00048828125,0.00013391454481334652,0.0017787103455524616,"[4.253408945468674, 1.2534630978641503, 2.2487468990526693, 2.2605214985853794]","[4.241660472158289, 1.1616898972332756, 2.011915705467364, 1.7181320398097086]",CONVERGENCE: RELATIVE REDUCTION OF F <= FACTR*EPSMCH,158,0.021484375,0.02911778601056873,34.343270454595526,167,0.005859375,0.007662995985302193,130.4972626787256,175,0.00048828125,0.0009748995848216286,1025.7466672149253,148,0.08935546875,True,0.10315997835716392,9.693681754544059,161,0.01318359375,True,0.01876060706726949,53.3031791782815,175,0.00048828125,True,0.0009748995848216286,1025.7466672149253
n12_d75_s42,12,0.75,42,2,19,True,21,130,L-BFGS-B,60,1.7179262170002403,125.63501999486428,0.717914399970653,0.0006666528381751675,4096,2,0.00048828125,0.00013391454481334652,0.0017787103455524616,"[2.7154307130966457, 2.9306146831300706, 1.3494019672543796, 1.8992507975898218]","[2.6878704385434173, 2.950269878373234, 1.253559977683134, 1.7912465351771]",CONVERGENCE: RELATIVE REDUCTION OF F <= FACTR*EPSMCH,158,0.021484375,0.021694783631096597,46.09402965266879,167,0.005859375,0.006635536300522484,150.7037192941375,175,0.00048828125,0.0006666528381751675,1500.0311147512782,148,0.08935546875,True,0.08719411430463227,11.46866400301143,161,0.01318359375,True,0.013065405093324331,76.5380019109352,175,0.00048828125,True,0.0006666528381751675,1500.0311147512782
n12_d75_s42,12,0.75,42,3,0,True,40,441,L-BFGS-B,60,0.9284339480000199,143.57293805872905,0.8204167889070232,0.0069875602138299905,4096,20,0.0048828125,0.0031631598704827783,0.007530292366888611,"[2.6872997975773245, 3.40079644224884, 1.134566269106847, 2.928021266151553, 0.1794495164939947, 0.5844722436480574]","[2.275234143739599, 2.7226882382729745, 1.341635280489293, 3.134750830658867, 0.0, 0.287131913940793]",CONVERGENCE: RELATIVE REDUCTION OF F <= FACTR*EPSMCH,158,0.021484375,0.15618526166731983,6.4026527812210325,167,0.005859375,0.06559694662066584,15.244612005842315,175,0.00048828125,0.0069875602138299905,143.11146800864339,148,0.08935546875,True,0.407764109124252,2.4523982803383135,161,0.01318359375,True,0.1127089902451392,8.872406698214803,175,0.00048828125,True,0.0069875602138299905,143.11146800864339
n12_d75_s42,12,0.75,42,3,1,True,34,350,L-BFGS-B,60,0.6808860790006293,125.6429122621239,0.717959498640708,3.4814367362773904e-05,4096,0,0.0,0.0,0.0009369774073651883,"[2.3391279848511317, 0.3386326770285917, 2.218953323230961, 1.826712011170381, 0.31962033205168733, 0.9595140961710957]","[3.8427734030349194, 0.9291751937494823, 4.596196665178752, 0.7544349208777977, 0.2842058915691358, 1.6127685413991562]",CONVERGENCE: RELATIVE REDUCTION OF F <= FACTR*EPSMCH,158,0.021484375,0.02989028721685171,33.45568387299452,167,0.005859375,0.009555548042059284,104.65124507756579,175,0.00048828125,3.4814367362773904e-05,28723.773423189472,148,0.08935546875,True,0.10467987252563773,9.552934827610574,161,0.01318359375,True,0.02329580865900449,42.926176748686146,175,0.00048828125,True,3.4814367362773904e-05,28723.773423189472
n12_d75_s42,12,0.75,42,3,2,True,32,406,L-BFGS-B,60,0.7385720279999077,160.10783229618949,0.9149018988353685,0.08062798243759599,4096,347,0.084716796875,0.07657335223033533,0.09363846347763742,"[5.3737687941882895, 3.5575780492390963, 5.17321601932984, 1.0018016123648186, 1.0290045850494645, 3.0140780465018024]","[0.039238754452428554, 0.07801728946353155, 0.09583414169048658, 0.43907991636172566, 0.35086591795486516, 1.7692973735899509]",CONVERGENCE: RELATIVE REDUCTION OF F <= FACTR*EPSMCH,158,0.021484375,0.6495400386620049,1.5395509752715346,167,0.005859375,0.4337321803197997,2.305570223686606,175,0.00048828125,0.08062798243759599,12.402641983184617,148,0.08935546875,True,0.8734275569234743,1.1449146435479542,161,0.01318359375,True,0.5719315590675853,1.7484609550665304,175,0.00048828125,True,0.08062798243759599,12.402641983184617
n12_d75_s42,12,0.75,42,3,3,True,1,14,L-BFGS-B,60,0.04993909499989968,124.5,0.7114285714285714,0.00048828125,4096,0,0.0,0.0,0.0009369774073651883,"[0.15407585783453193, 2.188113613740972, 1.9457479905185076, 1.4432355277422828, 1.628835609524314, 0.9025458151433386]","[6.283185307179586, 3.2231825394953884, 1.8336698208695001, 3.141592653589793, 3.141592653589793, 0.0]",CONVERGENCE: NORM OF PROJECTED GRADIENT <= PGTOL,158,0.021484375,0.021484374999999997,46.545454545454554,167,0.005859375,0.005859375,170.66666666666666,175,0.00048828125,0.00048828125,2048.0,148,0.08935546875,True,0.08935546875,11.191256830601093,161,0.01318359375,True,0.013183593749999998,75.85185185185186,175,0.00048828125,True,0.00048828125,2048.0
n12_d75_s42,12,0.75,42,3,4,True,29,238,L-BFGS-B,60,0.42609113800062914,126.82490177389741,0.7247137244222709,4.224099322416663e-05,4096,0,0.0,0.0,0.0009369774073651883,"[2.2135599149753022, 3.8504802987569136, 4.0471499540946825, 0.28114030711229715, 2.871856317361646, 0.8402838558647145]","[2.267330353885735, 3.782856129340208, 4.062618655865812, 0.18076781599828962, 2.8853571695756446, 0.5579210562209892]",CONVERGENCE: RELATIVE REDUCTION OF F <= FACTR*EPSMCH,158,0.021484375,0.031325890915568824,31.922475970284523,167,0.005859375,0.008613488284728828,116.09698265602067,175,0.00048828125,4.224099322416663e-05,23673.68576522691,148,0.08935546875,True,0.11250642183117643,8.888381513906543,161,0.01318359375,True,0.01709904082442476,58.48281258978991,175,0.00048828125,True,4.224099322416663e-05,23673.68576522691
n12_d75_s42,12,0.75,42,3,5,True,43,567,L-BFGS-B,60,7.418332659999578,158.02769140509548,0.9030153794576885,0.06121733755664158,4096,226,0.05517578125,0.04859116651805456,0.06259397646838068,"[0.9073806573002795, 1.50037464366387, 3.6427112115223435, 2.065905702579159, 1.263320597385308, 0.8152809541214304]","[6.233090879290308, 0.11275649577529388, 0.08289903337028852, 3.0153566228863125, 0.33092948007211154, 0.24578088201923082]",CONVERGENCE: RELATIVE REDUCTION OF F <= FACTR*EPSMCH,158,0.021484375,0.5612937055025278,1.7815984576286978,167,0.005859375,0.35142882080774074,2.8455264360548242,175,0.00048828125,0.06121733755664158,16.335241614758992,148,0.08935546875,True,0.8245901294878415,1.2127237087122384,161,0.01318359375,True,0.4741015644188287,2.1092526898236184,175,0.00048828125,True,0.06121733755664158,16.335241614758992
n12_d75_s42,12,0.75,42,3,6,True,29,280,L-BFGS-B,60,3.645756892999998,126.477160218613,0.7227266298206457,0.0007301851987631529,4096,6,0.00146484375,0.0006715185421635897,0.0031924013142034585,"[5.5091783054133625, 5.043243191080774, 3.311899062655178, 2.9968555653138234, 2.3405064879087703, 3.0133874863027086]","[5.569046194750399, 4.96475881757187, 3.4686289367449903, 3.105401355029341, 1.9851548013249039, 3.141592653589793]",CONVERGENCE: NORM OF PROJECTED GRADIENT <= PGTOL,158,0.021484375,0.027483387037397576,36.38561719628174,167,0.005859375,0.007759416848091905,128.87566418678836,175,0.00048828125,0.0007301851987631529,1369.5155717945,148,0.08935546875,True,0.10699006474493541,9.3466622567619,161,0.01318359375,True,0.01874166793345531,53.357043970186005,175,0.00048828125,True,0.0007301851987631529,1369.5155717945
n12_d75_s42,12,0.75,42,3,7,True,33,294,L-BFGS-B,60,3.7824560930002917,143.64590902852234,0.8208337658772705,0.0070252660634698766,4096,32,0.0078125,0.005539509852396457,0.011007827282978652,"[3.2974771735126573, 3.102724292029212, 5.193264011906508, 0.3545833969328215, 0.4215625872268982, 0.35229807676114067]","[4.220715668913591, 3.9804682739559265, 4.421647743480723, 0.020917601738016833, 0.011252353346447488, 0.28787319326472494]",CONVERGENCE: RELATIVE REDUCTION OF F <= FACTR*EPSMCH,158,0.021484375,0.156139127744171,6.404544552333277,167,0.005859375,0.06611466605257388,15.125237102533463,175,0.00048828125,0.0070252660634698766,142.34336336381915,148,0.08935546875,True,0.40980398902139914,2.4401909859100517,161,0.01318359375,True,0.11296884231984676,8.851998298510637,175,0.00048828125,True,0.0070252660634698766,142.34336336381915
n12_d75_s42,12,0.75,42,3,8,True,1,14,L-BFGS-B,60,0.12739736200001062,124.5,0.7114285714285714,0.00048828125,4096,3,0.000732421875,0.0002491200948151938,0.0021513285370509242,"[3.610883069726975, 3.5754925024524953, 5.464833937880147, 1.4580970120521901, 1.7077012573411698, 2.8333659031389136]","[6.283185307179586, 6.283185307179586, 6.283185307179586, 0.0, 3.141592653589793, 3.141592653589793]",CONVERGENCE: NORM OF PROJECTED GRADIENT <= PGTOL,158,0.021484375,0.021484375,46.54545454545455,167,0.005859375,0.005859375,170.66666666666666,175,0.00048828125,0.00048828125,2048.0,148,0.08935546875,True,0.08935546875,11.191256830601093,161,0.01318359375,True,0.01318359375,75.85185185185185,175,0.00048828125,True,0.00048828125,2048.0
n12_d75_s42,12,0.75,42,3,9,True,33,301,L-BFGS-B,60,4.869036019000305,125.97374614935893,0.7198499779963368,0.0007411927876367355,4096,2,0.00048828125,0.00013391454481334652,0.0017787103455524616,"[4.707060842566099, 3.682800148284704, 3.8323134398537904, 2.4461990282887216, 1.7969648580288016, 2.7714614662893964]","[4.779947320861306, 3.4841694658243827, 1.6311498774242805, 0.9936848740158205, 2.044182050517279, 2.187180447886198]",CONVERGENCE: RELATIVE REDUCTION OF F <= FACTR*EPSMCH,158,0.021484375,0.018563745245574987,53.868440165023735,167,0.005859375,0.00576536412450517,173.44958243826932,175,0.00048828125,0.0007411927876367355,1349.17664699418,148,0.08935546875,True,0.09213560865613171,10.853566982253273,161,0.01318359375,True,0.011772915618565161,84.9407260188854,175,0.00048828125,True,0.0007411927876367355,1349.17664699418
n12_d75_s42,12,0.75,42,3,10,True,19,266,L-BFGS-B,60,3.6902492809995238,125.68073128519484,0.7181756073439705,0.002033436424203359,4096,13,0.003173828125,0.0018557872990695213,0.005422898747799697,"[1.0812514076826067, 4.571264206771135, 4.956009659516944, 1.6839837803182307, 2.5641211341298504, 0.7150182049386208]","[3.7652674918463287, 6.093678629145121, 6.283185307179586, 0.08498813339070527, 1.4815030841080432, 0.5301127687397463]",CONVERGENCE: RELATIVE REDUCTION OF F <= FACTR*EPSMCH,158,0.021484375,0.0260466645356258,38.39263175644742,167,0.005859375,0.008460419933645678,118.19744266158312,175,0.00048828125,0.002033436424203359,491.7783453159942,148,0.08935546875,True,0.0859743941942448,11.631370123302839,161,0.01318359375,True,0.016745575274708022,59.71726761220128,175,0.00048828125,True,0.002033436424203359,491.7783453159942
n12_d75_s42,12,0.75,42,3,11,True,31,252,L-BFGS-B,60,2.7016467929997816,125.82165453689171,0.7189808830679526,0.0007720783351883651,4096,2,0.00048828125,0.00013391454481334652,0.0017787103455524616,"[3.8091715758629414, 4.9746872407961265, 2.9562450236680338, 1.6162567928500047, 1.005525129355061, 3.045405050748032]","[3.8106122701939817, 4.900131728952544, 2.9369858350647897, 1.7761101657594465, 1.1204130319947962, 2.8789796600918027]",CONVERGENCE: RELATIVE REDUCTION OF F <= FACTR*EPSMCH,158,0.021484375,0.024741925867867803,40.41722561697165,167,0.005859375,0.007348433059367646,136.08343328721196,175,0.00048828125,0.0007720783351883651,1295.2053624921732,148,0.08935546875,True,0.10173630683536664,9.829332625748211,161,0.01318359375,True,0.016047877487772432,62.31353652605729,175,0.00048828125,True,0.0007720783351883651,1295.2053624921732
n12_d75_s42,12,0.75,42,3,12,True,44,469,L-BFGS-B,60,5.981754859999455,126.45542265989008,0.7226024151993719,0.0007059410167814378,4096,1,0.000244140625,4.309811523941186e-05,0.0013817030336260863,"[1.3288350344644528, 4.511471873774166, 2.7993575205579053, 2.7875183438273776, 0.5528004349422665, 0.8306496679221418]","[1.4122787868956848, 4.448090286027564, 2.684073262318566, 2.6318179130779376, 0.9220660267909634, 0.6089262519876795]",CONVERGENCE: RELATIVE REDUCTION OF F <= FACTR*EPSMCH,158,0.021484375,0.022473830451249587,44.49619757384964,167,0.005859375,0.005966596856178457,167.5997262936396,175,0.00048828125,0.0007059410167814378,1416.5489413821724,148,0.08935546875,True,0.1054959647851991,9.47903554449789,161,0.01318359375,True,0.015102849297137512,66.21267155129019,175,0.00048828125,True,0.0007059410167814378,1416.5489413821724
n12_d75_s42,12,0.75,42,3,13,True,25,224,L-BFGS-B,60,0.8784694630003287,125.78726012829821,0.7187843435902755,0.0003860777951449365,4096,2,0.00048828125,0.00013391454481334652,0.0017787103455524616,"[1.418691210378426, 4.695043000106998, 3.677836957082711, 0.6779909209519938, 2.7677737788356995, 0.3795119569489992]","[1.2905202455182936, 4.698887830371268, 3.5470872017196897, 0.6951191754652123, 2.7413426166083044, 0.5312628669199165]",CONVERGENCE: RELATIVE REDUCTION OF F <= FACTR*EPSMCH,158,0.021484375,0.028813164047550736,34.70635846690378,167,0.005859375,0.007757753805111848,128.90329148381403,175,0.00048828125,0.0003860777951449365,2590.1515512556025,148,0.08935546875,True,0.10469212343920732,9.55181695765948,161,0.01318359375,True,0.019013748872575145,52.59352096747053,175,0.00048828125,True,0.0003860777951449365,2590.1515512556025
n12_d75_s42,12,0.75,42,3,14,True,28,266,L-BFGS-B,60,3.7222017699996286,125.87242364711514,0.7192709922692294,0.0014289898919563487,4096,4,0.0009765625,0.000379829567061715,0.0025084428063047127,"[5.480252015859406, 3.6391767433778526, 3.2737703562512386, 0.10438178760815296, 0.9674027836175318, 0.22158365414302852]","[5.422898500710207, 3.562316541613504, 3.2496268102446075, 0.15571994470501105, 1.1495423066293478, 0.0]",CONVERGENCE: RELATIVE REDUCTION OF F <= FACTR*EPSMCH,158,0.021484375,0.02451627367262606,40.78923303571056,167,0.005859375,0.0056842517800728045,175.92464913424223,175,0.00048828125,0.0014289898919563487,699.7950129870807,148,0.08935546875,True,0.09323748760493515,10.725299723188476,161,0.01318359375,True,0.0141529068503684,70.65686297327464,175,0.00048828125,True,0.0014289898919563487,699.7950129870807
n12_d75_s42,12,0.75,42,3,15,True,25,245,L-BFGS-B,60,2.610248385999512,126.20579259159625,0.7211759576662643,0.000182673919967856,4096,2,0.00048828125,0.00013391454481334652,0.0017787103455524616,"[6.124948305894099, 5.972262533195255, 1.003504056605303, 0.9534976931660447, 2.226078395193651, 0.017685550127265817]","[6.168654674463576, 5.949550450978315, 1.0067136965870058, 0.9326347352397242, 2.397481472599036, 0.11872944367316257]",CONVERGENCE: RELATIVE REDUCTION OF F <= FACTR*EPSMCH,158,0.021484375,0.026731686257317394,37.408788595454396,167,0.005859375,0.006105497209392084,163.7868245131126,175,0.00048828125,0.000182673919967856,5474.235184617289,148,0.08935546875,True,0.09229333205347312,10.83501893095178,161,0.01318359375,True,0.013134762802319363,76.13384535755895,175,0.00048828125,True,0.000182673919967856,5474.235184617289
n12_d75_s42,12,0.75,42,3,16,True,33,301,L-BFGS-B,60,4.19349466299991,125.91277206456168,0.7195015546546382,0.00022977778781390633,4096,0,0.0,0.0,0.0009369774073651883,"[1.3941658616009767, 2.654147363076754, 1.1314636823354018, 0.42317130588353685, 1.7388522089231433, 2.540463237943356]","[1.3499108234544823, 2.5123131807606285, 1.0002053581798618, 1.1239925477448296, 1.9317403890346716, 2.9132026578641232]",CONVERGENCE: RELATIVE REDUCTION OF F <= FACTR*EPSMCH,158,0.021484375,0.024949767598308067,40.080533658670774,167,0.005859375,0.0069861813466428075,143.13971401279863,175,0.00048828125,0.00022977778781390633,4352.030757689622,148,0.08935546875,True,0.09194897297986013,10.875597275230394,161,0.01318359375,True,0.017306008999810774,57.783397663258704,175,0.00048828125,True,0.00022977778781390633,4352.030757689622
n12_d75_s42,12,0.75,42,3,17,True,18,175,L-BFGS-B,60,1.8185537859999386,125.97084068687222,0.7198333753535555,0.0009595700249583291,4096,4,0.0009765625,0.000379829567061715,0.0025084428063047127,"[3.5002695299911952, 1.8203790736801364, 4.027535109416715, 3.0728261767939666, 0.8050720765116625, 1.8688607790667724]","[3.4967572147900676, 1.8085478275645153, 4.08662539319547, 3.141592653589793, 0.7865538968318715, 1.6434525191437361]",CONVERGENCE: RELATIVE REDUCTION OF F <= FACTR*EPSMCH,158,0.021484375,0.026449760723688955,37.807525385451946,167,0.005859375,0.008895932592194823,112.41092371556267,175,0.00048828125,0.0009595700249583291,1042.133428504529,148,0.08935546875,True,0.10018022876187371,9.982009547781917,161,0.01318359375,True,0.018773953604588806,53.26528556859627,175,0.00048828125,True,0.0009595700249583291,1042.133428504529
n12_d75_s42,12,0.75,42,3,18,True,26,210,L-BFGS-B,60,2.65340627400019,126.02127458145688,0.7201215690368965,0.004109522024598877,4096,19,0.004638671875,0.00297171178976659,0.007233916706104488,"[5.064279991293881, 1.6132660492096644, 0.05999858873999822, 1.3369255966882088, 0.47277055997047757, 2.017273685822141]","[5.075133764140647, 1.5860500524630996, 0.06889523200178854, 1.2803798930510923, 0.3607334495414259, 2.2596862344602218]",CONVERGENCE: RELATIVE REDUCTION OF F <= FACTR*EPSMCH,158,0.021484375,0.02777019862274479,36.00982526574239,167,0.005859375,0.009394162873334846,106.44908050705413,175,0.00048828125,0.004109522024598877,243.33730151929487,148,0.08935546875,True,0.10144925005506299,9.857145316079086,161,0.01318359375,True,0.0181666708778826,55.045858799449675,175,0.00048828125,True,0.004109522024598877,243.33730151929487
n12_d75_s42,12,0.75,42,3,19,True,32,259,L-BFGS-B,60,3.1275418149998586,126.50760162264694,0.7229005807008397,0.0011687034159428473,4096,6,0.00146484375,0.0006715185421635897,0.0031924013142034585,"[3.873109322425381, 1.911363468259185, 1.9249280174725598, 1.3816390788890256, 2.9943357220951152, 2.3204979399963084]","[3.595162169209604, 1.7135845653192576, 1.8001534375093542, 1.1480885709265816, 2.8705823326509163, 2.604810688180889]",CONVERGENCE: RELATIVE REDUCTION OF F <= FACTR*EPSMCH,158,0.021484375,0.023350736533820367,42.825201618442996,167,0.005859375,0.005655907425584732,176.80628849695427,175,0.00048828125,0.0011687034159428473,855.6490777373604,148,0.08935546875,True,0.10158619075630959,9.843857640049263,161,0.01318359375,True,0.013802416940664515,72.45107898847861,175,0.00048828125,True,0.0011687034159428473,855.6490777373604
n8_d25_s17,8,0.25,17,1,0,True,8,54,L-BFGS-B,60,0.009510959999715851,24.03386120269071,0.6008465300672677,0.03130934378217429,4096,128,0.03125,0.02634519929104107,0.03703321702836379,"[2.657024240036159, 2.3732357557580244]","[2.4323142721562614, 2.7488936199327196]",CONVERGENCE: NORM OF PROJECTED GRADIENT <= PGTOL,36,0.03125,0.06784032181773605,14.740496112130202,38,0.0234375,0.06527107225298567,15.320722725744057,40,0.0078125,0.03130934378217429,31.939347146884042,25,0.28125,True,0.43163566201012893,2.3167687195793696,28,0.1875,True,0.3583752634396904,2.790371161229118,31,0.1328125,True,0.2850817715324897,3.507765489965863
n8_d25_s17,8,0.25,17,1,1,True,10,39,L-BFGS-B,60,0.004998351999347506,26.253275952538118,0.656331898813453,0.022262316327554175,4096,82,0.02001953125,0.01615827811132198,0.024780246099068624,"[4.986685490242893, 1.274180904490846]","[5.142598974103095, 1.1780972262340996]",CONVERGENCE: NORM OF PROJECTED GRADIENT <= PGTOL,36,0.03125,0.16050770981339152,6.230230318298191,38,0.0234375,0.09923906152533751,10.076677314654795,40,0.0078125,0.022262316327554175,44.91895565971701,25,0.28125,True,0.6064517820630853,1.6489357102688444,28,0.1875,True,0.5522476830299226,1.8107817030819788,31,0.1328125,True,0.35120891998944453,2.8473080923743472
n8_d25_s17,8,0.25,17,1,2,True,8,48,L-BFGS-B,60,0.006316746999800671,27.50449219212571,0.6876123048031427,0.03911424517100617,4096,162,0.03955078125,0.03400068683769521,0.04596373669272019,"[1.7490315036767639, 0.7921142306722376]","[1.5754029696819594, 1.1780972538244254]",CONVERGENCE: NORM OF PROJECTED GRADIENT <= PGTOL,36,0.03125,0.15040197971281244,6.648848651523514,38,0.0234375,0.11445597894199741,8.736983504433331,40,0.0078125,0.03911424517100617,25.56613314734909,25,0.28125,True,0.6769776647236261,1.477153608026709,28,0.1875,True,0.5943181295917249,1.6826005302698133,31,0.1328125,True,0.42402805118536263,2.3583345422655846
n8_d25_s17,8,0.25,17,1,3,True,7,36,L-BFGS-B,60,0.004526278000412276,26.172581588730914,0.6543145397182728,0.03487437263120243,4096,150,0.03662109375,0.031289416276572425,0.04282112235583926,"[3.4403878422665652, 2.5372231696312806]","[5.27737057585731, 2.748893576836809]",CONVERGENCE: NORM OF PROJECTED GRADIENT <= PGTOL,36,0.03125,0.12767853366482082,7.8321701487047175,38,0.0234375,0.09757253389633044,10.248785801365855,40,0.0078125,0.03487437263120243,28.674350950339118,25,0.28125,True,0.5428725949782678,1.8420528301673285,28,0.1875,True,0.47579526515867476,2.1017443283436337,31,0.1328125,True,0.32675297537927916,3.0604158962569445
n8_d25_s17,8,0.25,17,1,4,True,8,39,L-BFGS-B,60,0.005393010000261711,27.410658486645865,0.6852664621661466,0.032410449419015046,4096,155,0.037841796875,0.03241798036019162,0.04413167697972161,"[1.8191744402384888, 1.8451611605434939]","[1.9032419453165452, 1.963495433795017]",CONVERGENCE: NORM OF PROJECTED GRADIENT <= PGTOL,36,0.03125,0.11076342116390411,9.028251289929303,38,0.0234375,0.09860549537166363,10.14142260764273,40,0.0078125,0.032410449419015046,30.854246637299177,25,0.28125,True,0.6217399066215414,1.6083896004582972,28,0.1875,True,0.527161373498165,1.8969523380746727,31,0.1328125,True,0.4077575691771361,2.4524376138940163
n8_d25_s17,8,0.25,17,1,5,True,8,36,L-BFGS-B,60,0.30358734899982665,31.33493380662303,0.7833733451655758,0.11406031387457,4096,493,0.120361328125,0.11075067121785265,0.13068341074916534,"[0.1412311980578029, 0.09431211062196251]","[0.16979511039182413, 0.3926991004942824]",CONVERGENCE: NORM OF PROJECTED GRADIENT <= PGTOL,36,0.03125,0.3805659580832418,2.627665398756629,38,0.0234375,0.30321450563064956,3.297995252305363,40,0.0078125,0.11406031387457,8.767291321849958,25,0.28125,True,0.8352783439979521,1.197205706559599,28,0.1875,True,0.7649746627527769,1.3072328387994965,31,0.1328125,True,0.6862772960262458,1.457136941277679
n8_d25_s17,8,0.25,17,1,6,True,10,51,L-BFGS-B,60,0.36657596199984255,26.172581588730676,0.6543145397182669,0.03487437804996152,4096,129,0.031494140625,0.026569107431640225,0.03729713262926495,"[1.1953190885648886, 0.7493385844633376]","[1.005814723789445, 0.3926991487221284]",CONVERGENCE: NORM OF PROJECTED GRADIENT <= PGTOL,36,0.03125,0.1276785460334962,7.832169389974507,38,0.0234375,0.09757254498398768,10.248784636744965,40,0.0078125,0.03487437804996152,28.674346494936373,25,0.28125,True,0.5428726014668925,1.8420528081503957,28,0.1875,True,0.4757952754492568,2.101744282886746,31,0.1328125,True,0.3267529836559221,3.060415818736705
n8_d25_s17,8,0.25,17,1,7,True,6,30,L-BFGS-B,60,0.13155530400035786,26.688456119146622,0.6672114029786655,0.013951806330448164,4096,60,0.0146484375,0.01139766303294143,0.018808738864442356,"[0.7216410447520094, 0.9052101037208297]","[0.6272237802688841, 1.1780972444955762]",CONVERGENCE: NORM OF PROJECTED GRADIENT <= PGTOL,36,0.03125,0.2734746514501253,3.6566460353725843,38,0.0234375,0.13869866966145472,7.209874488636906,40,0.0078125,0.013951806330448164,71.6753068609918,25,0.28125,True,0.6030877680374291,1.6581334475646958,28,0.1875,True,0.5950842113536297,1.6804344341875819,31,0.1328125,True,0.3698411270510789,2.703863704865602
n8_d25_s17,8,0.25,17,1,8,True,1,6,L-BFGS-B,60,0.0012555800003610784,20.0,0.5,0.0078125,4096,39,0.009521484375,0.006973116704285116,0.012988986621592162,"[1.0600119615801016, 0.940532778375274]","[2.6489105839176466, 0.0]",CONVERGENCE: NORM OF PROJECTED GRADIENT <= PGTOL,36,0.03125,0.03125,32.0,38,0.0234375,0.0234375,42.666666666666664,40,0.0078125,0.0078125,128.0,25,0.28125,True,0.28125,3.5555555555555554,28,0.1875,True,0.1875,5.333333333333333,31,0.1328125,True,0.1328125,7.529411764705882
n8_d25_s17,8,0.25,17,1,9,True,1,6,L-BFGS-B,60,0.0027838020005219732,20.0,0.5,0.0078125,4096,33,0.008056640625,0.00574259628340602,0.011292564593469397,"[4.205038122729716, 0.209980248038416]","[0.0, 0.0]",CONVERGENCE: NORM OF PROJECTED GRADIENT <= PGTOL,36,0.03125,0.03125,32.0,38,0.0234375,0.0234375,42.666666666666664,40,0.0078125,0.0078125,128.0,25,0.28125,True,0.28125,3.5555555555555554,28,0.1875,True,0.1875,5.333333333333333,31,0.1328125,True,0.1328125,7.529411764705882
n8_d25_s17,8,0.25,17,1,10,True,11,45,L-BFGS-B,60,0.42311822600004234,26.253275952538154,0.6563318988134539,0.02226231677699294,4096,98,0.02392578125,0.01967285964881211,0.029070844425583456,"[1.3977194823520562, 0.24206339214678954]","[1.1405863179465836, 0.3926990672458701]",CONVERGENCE: NORM OF PROJECTED GRADIENT <= PGTOL,36,0.03125,0.1605077018695005,6.230230626646452,38,0.0234375,0.09923905887656065,10.076677583610083,40,0.0078125,0.02226231677699294,44.91895475287878,25,0.28125,True,0.6064517685843225,1.6489357469174528,28,0.1875,True,0.5522476682675214,1.8107817514868658,31,0.1328125,True,0.3512089055286519,2.84730820961036
n8_d25_s17,8,0.25,17,1,11,True,6,39,L-BFGS-B,60,0.1717537189997529,26.688456119146636,0.6672114029786659,0.013951803494547822,4096,53,0.012939453125,0.009906496085844563,0.016885139621037056,"[5.427385594306827, 1.6038279704055363]","[5.655961517026985, 1.9634954173744004]",CONVERGENCE: NORM OF PROJECTED GRADIENT <= PGTOL,36,0.03125,0.2734746548804173,3.656645989505944,38,0.0234375,0.13869866682728468,7.209874635963558,40,0.0078125,0.013951803494547822,71.67532143000628,25,0.28125,True,0.6030877772293786,1.6581334222922905,28,0.1875,True,0.5950842232110681,1.6804344007038376,31,0.1328125,True,0.36984112073077485,2.7038637510725803
n8_d25_s17,8,0.25,17,1,12,True,8,39,L-BFGS-B,60,0.34445908299949224,26.688456119146643,0.6672114029786661,0.013951805889818559,4096,65,0.015869140625,0.012470639018872916,0.020174881586012418,"[0.37198504741842453, 0.9491918455962705]","[0.6272237830913119, 1.1780972572578419]",CONVERGENCE: NORM OF PROJECTED GRADIENT <= PGTOL,36,0.03125,0.27347464381205255,3.656646137501718,38,0.0234375,0.13869866519415025,7.209874720857631,40,0.0078125,0.013951805889818559,71.6753091246602,25,0.28125,True,0.6030877656401459,1.6581334541558022,28,0.1875,True,0.5950842087148431,1.6804344416391452,31,0.1328125,True,0.3698411194312617,2.703863760573164
n8_d25_s17,8,0.25,17,1,13,True,10,45,L-BFGS-B,60,0.39472564199968474,27.504492192125667,0.6876123048031417,0.03911424602903665,4096,156,0.0380859375,0.032643890796404854,0.044393590285008694,"[1.5375564361785503, 2.4130805803677466]","[1.5754029681395347, 2.7488935643443373]",CONVERGENCE: NORM OF PROJECTED GRADIENT <= PGTOL,36,0.03125,0.15040198299987603,6.648848506211678,38,0.0234375,0.11445598140218924,8.736983316634884,40,0.0078125,0.03911424602903665,25.566132586517075,25,0.28125,True,0.6769776689184382,1.4771535988737012,28,0.1875,True,0.5943181385914649,1.682600504790249,31,0.1328125,True,0.4240280561373363,2.358334514723986
n8_d25_s17,8,0.25,17,1,14,True,6,30,L-BFGS-B,60,0.1255954970001767,24.033861202690687,0.6008465300672672,0.03130934330772137,4096,122,0.02978515625,0.02500358363123029,0.03544789023917271,"[3.844022632774389, 2.0216915705592]","[3.8508710324830617, 1.9634954532185036]",CONVERGENCE: NORM OF PROJECTED GRADIENT <= PGTOL,36,0.03125,0.06784031470405273,14.740497657807309,38,0.0234375,0.06527106820981345,15.320723674775877,40,0.0078125,0.03130934330772137,31.93934763088386,25,0.28125,True,0.43163566193672215,2.3167687199733744,28,0.1875,True,0.3583752805554592,2.790371027962818,31,0.1328125,True,0.2850817875889273,3.5077652924007423
n8_d25_s17,8,0.25,17,1,15,True,8,42,L-BFGS-B,60,0.17981503600003634,27.504492192125667,0.6876123048031417,0.03911424599409697,4096,159,0.038818359375,0.03332200652318076,0.045178945782733716,"[1.4238258491456663, 1.1151365369358102]","[1.5754029717770646, 1.1780972150819078]",CONVERGENCE: NORM OF PROJECTED GRADIENT <= PGTOL,36,0.03125,0.15040198500470842,6.648848417583681,38,0.0234375,0.11445598248454478,8.736983234013408,40,0.0078125,0.03911424599409697,25.566132609354597,25,0.28125,True,0.6769776757996924,1.4771535838589236,28,0.1875,True,0.5943181512763032,1.6826004688776401,31,0.1328125,True,0.42402806410136507,2.358334470430116
n8_d25_s17,8,0.25,17,1,16,True,8,42,L-BFGS-B,60,0.2763829440000336,26.17258158873088,0.6543145397182719,0.03487437508930591,4096,148,0.0361328125,0.030838463484247167,0.042296427665163894,"[1.2603666747464057, 1.6530242690674273]","[1.005814725633865, 1.9634954344419235]",CONVERGENCE: NORM OF PROJECTED GRADIENT <= PGTOL,36,0.03125,0.12767853783468538,7.832169892913186,38,0.0234375,0.0975725380840303,10.248785361499888,40,0.0078125,0.03487437508930591,28.674348929241347,25,0.28125,True,0.5428725972456732,1.8420528224736623,28,0.1875,True,0.4757952673243343,2.1017443187772025,31,0.1328125,True,0.3267529788044487,3.060415864176309
n8_d25_s17,8,0.25,17,1,17,True,8,33,L-BFGS-B,60,0.29154357700008404,23.842250467591807,0.5960562616897952,0.004569685595517397,4096,22,0.00537109375,0.0035497403427024827,0.008119359377669524,"[3.5297678564953188, 2.726531343532949]","[2.5946149199794233, 2.748893562870267]",CONVERGENCE: NORM OF PROJECTED GRADIENT <= PGTOL,36,0.03125,0.05577340654392017,17.92969197986006,38,0.0234375,0.040361579021366986,24.776037614153072,40,0.0078125,0.004569685595517397,218.83343593286668,25,0.28125,True,0.37532447202593433,2.6643613047723185,28,0.1875,True,0.3100088951502291,3.225713892872022,31,0.1328125,True,0.21118995508746122,4.735073690346042
n8_d25_s17,8,0.25,17,1,18,True,8,36,L-BFGS-B,60,0.27827686500040727,27.410658486645787,0.6852664621661446,0.03241044448648121,4096,129,0.031494140625,0.026569107431640225,0.03729713262926495,"[3.239917846944826, 2.3638816108154734]","[4.379943356196222, 2.748893621884629]",CONVERGENCE: NORM OF PROJECTED GRADIENT <= PGTOL,36,0.03125,0.11076341485732123,9.028251803974623,38,0.0234375,0.09860548704653173,10.141423463869733,40,0.0078125,0.03241044448648121,30.85425133299582,25,0.28125,True,0.6217399064909499,1.6083896007961267,28,0.1875,True,0.5271613668592501,1.8969523619643316,31,0.1328125,True,0.40775756654855094,2.4524376297035113
n8_d25_s17,8,0.25,17,1,19,True,10,48,L-BFGS-B,60,0.3477007080000476,27.504492192125618,0.6876123048031404,0.03911424766665558,4096,159,0.038818359375,0.03332200652318076,0.045178945782733716,"[2.6944388757637205, 2.620455042381881]","[1.575402965034086, 2.748893534327945]",CONVERGENCE: NORM OF PROJECTED GRADIENT <= PGTOL,36,0.03125,0.1504019891768073,6.648848233146937,38,0.0234375,0.11445598604419763,8.736982962287758,40,0.0078125,0.03911424766665558,25.566131516124948,25,0.28125,True,0.6769776766057491,1.4771535821001216,28,0.1875,True,0.5943181551781387,1.6826004578309808,31,0.1328125,True,0.42402806521940595,2.3583344642118615
n8_d25_s17,8,0.25,17,2,0,True,18,155,L-BFGS-B,60,0.03483731899996201,27.424455605169896,0.6856113901292474,0.032825096015072205,4096,117,0.028564453125,0.023888085979904983,0.03412426918299647,"[2.0340925210880787, 0.9752644147487403, 2.3604328926507483, 0.8540803574971549]","[3.544095525476386, 0.8331376277616922, 3.1090297316150903, 1.1892436748991562]",CONVERGENCE: NORM OF PROJECTED GRADIENT <= PGTOL,36,0.03125,0.11233553036091991,8.901903046944506,38,0.0234375,0.10017137456233471,9.982891862761845,40,0.0078125,0.032825096015072205,30.464495809573044,25,0.28125,True,0.62050330464348,1.6115949625353982,28,0.1875,True,0.5330570841693925,1.8759716917714286,31,0.1328125,True,0.40848230824745224,2.4480864404884226
n8_d25_s17,8,0.25,17,2,1,True,24,220,L-BFGS-B,60,0.056974234000335855,29.195629459432062,0.7298907364858016,0.0629647025282339,4096,237,0.057861328125,0.05111673049421233,0.06543447364872632,"[1.1738966477262407, 1.5051072175387192, 2.52061518102863, 2.889819420574513]","[1.16272872815505, 6.153993733261588, 0.4247228350128156, 1.8403839500484105]",CONVERGENCE: NORM OF PROJECTED GRADIENT <= PGTOL,36,0.03125,0.31115566848600307,3.2138254297783546,38,0.0234375,0.22090647645591419,4.526802545780353,40,0.0078125,0.0629647025282339,15.8819141494648,25,0.28125,True,0.7184240122623264,1.3919356576779598,28,0.1875,True,0.6957937215472809,1.437207564587154,31,0.1328125,True,0.5154343219112631,1.9401113924504223
n8_d25_s17,8,0.25,17,2,2,True,31,260,L-BFGS-B,60,0.08043616200029646,34.01005112335737,0.8502512780839343,0.18209193633564588,4096,761,0.185791015625,0.17417635895507005,0.197994485734031,"[6.103186203556436, 1.8828429862732896, 0.19300374235126497, 2.712042243184191]","[6.037169552686532, 1.9163100705824136, 1.1098112231438806, 2.8850191461159826]",CONVERGENCE: NORM OF PROJECTED GRADIENT <= PGTOL,36,0.03125,0.6349438317958891,1.5749424593535746,38,0.0234375,0.514317254052047,1.9443252041838046,40,0.0078125,0.18209193633564588,5.491731375499918,25,0.28125,True,0.8706746009761899,1.1485347096134562,28,0.1875,True,0.8475744355161189,1.1798373784021265,31,0.1328125,True,0.7646259268325026,1.307829050660818
n8_d25_s17,8,0.25,17,2,3,True,14,90,L-BFGS-B,60,0.018933266999738407,28.55170019976203,0.7137925049940508,0.056527067621379976,4096,227,0.055419921875,0.04882057743485012,0.06285238929308543,"[1.6153069363688772, 2.8779421394647238, 1.3556986845230754, 2.0320574747466043]","[2.223422299640436, 3.404135918091135, 1.1240405669264217, 1.9145928933386267]",CONVERGENCE: NORM OF PROJECTED GRADIENT <= PGTOL,36,0.03125,0.2990249428622358,3.344202628811174,38,0.0234375,0.22633492867112248,4.418231007786946,40,0.0078125,0.056527067621379976,17.69063993727802,25,0.28125,True,0.6620749047300849,1.5104031173144685,28,0.1875,True,0.6188857531316163,1.6158071096965994,31,0.1328125,True,0.5113479185998602,1.955615665236568
n8_d25_s17,8,0.25,17,2,4,True,13,85,L-BFGS-B,60,0.018591799999740033,29.2317623474284,0.73079405868571,0.03883098032528147,4096,175,0.042724609375,0.036947808831559584,0.04935832333835985,"[3.7020015298283155, 1.148887066137631, 0.03932730296611384, 1.7384399593217341]","[3.6714003659964782, 1.0524691288591574, 0.3038815807451328, 1.9223849068518568]",CONVERGENCE: NORM OF PROJECTED GRADIENT <= PGTOL,36,0.03125,0.18677722546730433,5.353971810524896,38,0.0234375,0.13736317231345946,7.279971648572763,40,0.0078125,0.03883098032528147,25.75263337734833,25,0.28125,True,0.7537794405576423,1.3266480169055883,28,0.1875,True,0.704171808446874,1.420107973657177,31,0.1328125,True,0.5440022593828505,1.8382276594484392
n8_d25_s17,8,0.25,17,2,5,True,1,10,L-BFGS-B,60,0.031241747999956715,20.0,0.5,0.0078125,4096,36,0.0087890625,0.006355424717037815,0.012143207384338531,"[0.571955321830418, 6.042579516901154, 0.05815423706788709, 1.5207534571464216]","[6.283185307179586, 6.283185307179586, 0.0, 3.141592653589793]",CONVERGENCE: NORM OF PROJECTED GRADIENT <= PGTOL,36,0.03125,0.03125,32.0,38,0.0234375,0.0234375,42.666666666666664,40,0.0078125,0.0078125,128.0,25,0.28125,True,0.28125,3.5555555555555554,28,0.1875,True,0.1875,5.333333333333333,31,0.1328125,True,0.1328125,7.529411764705882
n8_d25_s17,8,0.25,17,2,6,True,15,105,L-BFGS-B,60,0.5376572080003825,28.414262446476506,0.7103565611619127,0.022170928622381087,4096,108,0.0263671875,0.021886441418738075,0.03173550007066059,"[0.7020617726231854, 4.682117497972669, 3.009225991722369, 2.7379148039415573]","[0.6869193997516365, 4.366389695149223, 2.6853977042383312, 2.837087828476138]",CONVERGENCE: NORM OF PROJECTED GRADIENT <= PGTOL,36,0.03125,0.31952689193471673,3.129627036851447,38,0.0234375,0.1339900002175513,7.463243513518633,40,0.0078125,0.022170928622381087,45.104109847276355,25,0.28125,True,0.7415951424898783,1.3484446468224385,28,0.1875,True,0.7390171633415816,1.3531485459395065,31,0.1328125,True,0.38112205727822673,2.623831344586755
n8_d25_s17,8,0.25,17,2,7,True,1,10,L-BFGS-B,60,0.051889659999687865,20.0,0.5,0.0078125,4096,34,0.00830078125,0.00594629450988538,0.011576690108490348,"[2.4671432503351136, 6.096053471883805, 0.43462183032715984, 1.9509129475065248]","[0.0, 6.283185307179586, 3.141592653589793, 3.141592653589793]",CONVERGENCE: NORM OF PROJECTED GRADIENT <= PGTOL,36,0.03125,0.03125,32.0,38,0.0234375,0.0234375,42.666666666666664,40,0.0078125,0.0078125,128.0,25,0.28125,True,0.28125,3.5555555555555554,28,0.1875,True,0.1875,5.333333333333333,31,0.1328125,True,0.1328125,7.529411764705882
n8_d25_s17,8,0.25,17,2,8,True,8,85,L-BFGS-B,60,0.3334807979999823,26.253275952537948,0.6563318988134487,0.02226231586874948,4096,92,0.0224609375,0.018350651411753346,0.02746611021364036,"[3.9007049887418948, 5.05694564166453, 0.9676742482107444, 2.86399594191104]","[5.142598996487664, 0.0, 0.04219536419110867, 2.706698145770793]",CONVERGENCE: NORM OF PROJECTED GRADIENT <= PGTOL,36,0.03125,0.16050772257704282,6.23022982286728,38,0.0234375,0.09923906817651384,10.076676639298215,40,0.0078125,0.02226231586874948,44.91895658545303,25,0.28125,True,0.6064517978475117,1.6489356673511641,28,0.1875,True,0.552247715179852,1.8107815976646047,31,0.1328125,True,0.3512089338461905,2.847307980035448
n8_d25_s17,8,0.25,17,2,9,True,28,220,L-BFGS-B,60,1.5870031750000635,30.450467165412924,0.761261679135323,0.052128106086818185,4096,216,0.052734375,0.0462991920465945,0.06000771352483764,"[1.951093708085954, 5.219002119628962, 2.9916185863712492, 1.0400961418713235]","[1.1803293028368995, 3.4708771785783066, 1.9775065793929039, 0.31054492988908344]",CONVERGENCE: NORM OF PROJECTED GRADIENT <= PGTOL,36,0.03125,0.3847552887408201,2.599054592004901,38,0.0234375,0.22700704098861108,4.40514970656866,40,0.0078125,0.052128106086818185,19.183509148299432,25,0.28125,True,0.7513226417521679,1.3309861095998503,28,0.1875,True,0.7264721861818733,1.3765151908371185,31,0.1328125,True,0.5548704497855408,1.8022224834400593
n8_d25_s17,8,0.25,17,2,10,True,15,105,L-BFGS-B,60,0.8555527459993755,32.03424483789944,0.800856120947486,0.07973581089302072,4096,339,0.082763671875,0.07471172274624185,0.09159750302972841,"[3.9736306430646136, 0.9393635952571187, 2.58266915681241, 0.41883659974407883]","[4.700592290305962, 0.45370230172461107, 1.9332203281977578, 1.2229291708729222]",CONVERGENCE: NORM OF PROJECTED GRADIENT <= PGTOL,36,0.03125,0.3039260416690648,3.290274155213286,38,0.0234375,0.23257918148738715,4.299610969497845,40,0.0078125,0.07973581089302072,12.541416319722035,25,0.28125,True,0.8631919373099084,1.1584908949873265,28,0.1875,True,0.8588437523126997,1.1643561443012118,31,0.1328125,True,0.6395016430348862,1.5637176399646058
n8_d25_s17,8,0.25,17,2,11,True,15,110,L-BFGS-B,60,0.7308393479997903,29.125851529270236,0.7281462882317559,0.06098903820032011,4096,230,0.05615234375,0.049509036332620285,0.0636274016198162,"[4.7908098554832454, 5.231607484977461, 1.6016315431189285, 2.0751775875519236]","[4.729058452220462, 5.261701505704317, 2.0021114262776636, 1.7754084215763433]",CONVERGENCE: NORM OF PROJECTED GRADIENT <= PGTOL,36,0.03125,0.19709525613693274,5.073688832496536,38,0.0234375,0.15672533025702487,6.380589521553598,40,0.0078125,0.06098903820032011,16.396389080861933,25,0.28125,True,0.757686133165911,1.319807709587618,28,0.1875,True,0.6981149124604229,1.4324289341931102,31,0.1328125,True,0.5221779184537532,1.9150560846409388
n8_d25_s17,8,0.25,17,2,12,True,18,135,L-BFGS-B,60,0.9829812620000666,27.893161713836598,0.6973290428459149,0.013395299802075657,4096,67,0.016357421875,0.012901468019013623,0.020719700068872332,"[0.29200177812642725, 3.8194599517387418, 0.9619278938215772, 2.8460276756729606]","[0.6350348759125518, 3.9266120158798685, 0.8991717909872499, 2.831802340305047]",CONVERGENCE: NORM OF PROJECTED GRADIENT <= PGTOL,36,0.03125,0.27164072376393966,3.681333145279854,38,0.0234375,0.15139823051769608,6.605097011904084,40,0.0078125,0.013395299802075657,74.65305105340352,25,0.28125,True,0.6741238568197812,1.4834069286874947,28,0.1875,True,0.6542937118589378,1.5283655977051398,31,0.1328125,True,0.43190216956566085,2.3153391449865657
n8_d25_s17,8,0.25,17,2,13,True,1,10,L-BFGS-B,60,0.02251825999974244,20.0,0.5,0.0078125,4096,35,0.008544921875,0.006150578678096599,0.011860229681779438,"[4.436905750356352, 0.9653119178441031, 2.934911556645537, 2.2725812972814605]","[6.283185307179586, 6.283185307179586, 3.141592653589793, 0.0]",CONVERGENCE: NORM OF PROJECTED GRADIENT <= PGTOL,36,0.03125,0.03125,32.0,38,0.0234375,0.0234375,42.666666666666664,40,0.0078125,0.0078125,128.0,25,0.28125,True,0.28125,3.5555555555555554,28,0.1875,True,0.1875,5.333333333333333,31,0.1328125,True,0.1328125,7.529411764705882
n8_d25_s17,8,0.25,17,2,14,True,1,10,L-BFGS-B,60,0.002279117999933078,20.0,0.5,0.0078125,4096,28,0.0068359375,0.004733873030895345,0.009862169138478523,"[5.137143795666129, 5.407779875148, 1.6051454546703798, 0.24040115728981548]","[0.0, 0.0, 0.0, 0.0]",CONVERGENCE: NORM OF PROJECTED GRADIENT <= PGTOL,36,0.03125,0.03125,32.0,38,0.0234375,0.0234375,42.666666666666664,40,0.0078125,0.0078125,128.0,25,0.28125,True,0.28125,3.5555555555555554,28,0.1875,True,0.1875,5.333333333333333,31,0.1328125,True,0.1328125,7.529411764705882
n8_d25_s17,8,0.25,17,2,15,True,8,55,L-BFGS-B,60,0.3498646910002208,27.410658486645872,0.6852664621661468,0.0324104474571533,4096,137,0.033447265625,0.028363344734976974,0.039405485257930674,"[6.243248763097321, 1.5687888237441265, 0.18843348983362632, 0.5511342258361095]","[1.903241944433357, 0.0, 0.4417002205965164, 3.092591505792714]",CONVERGENCE: NORM OF PROJECTED GRADIENT <= PGTOL,36,0.03125,0.11076341881263756,9.02825148157945,38,0.0234375,0.09860549164332127,10.141422991096984,40,0.0078125,0.0324104474571533,30.85424850496133,25,0.28125,True,0.6217399053277151,1.6083896038053187,28,0.1875,True,0.5271613673367269,1.8969523602461655,31,0.1328125,True,0.40775756665050344,2.452437629090323
n8_d25_s17,8,0.25,17,2,16,True,1,10,L-BFGS-B,60,0.05044963100044697,19.99999999999999,0.4999999999999997,0.007812499999999998,4096,35,0.008544921875,0.006150578678096599,0.011860229681779438,"[1.5010340769729893, 2.3643562199560266, 0.6545084858055298, 2.246843775614708]","[0.0, 6.283185307179586, 2.4325478814698447, 3.141592653589793]",CONVERGENCE: NORM OF PROJECTED GRADIENT <= PGTOL,36,0.03125,0.031249999999999986,32.000000000000014,38,0.0234375,0.023437499999999986,42.66666666666669,40,0.0078125,0.007812499999999998,128.00000000000003,25,0.28125,True,0.2812499999999999,3.555555555555557,28,0.1875,True,0.1874999999999999,5.333333333333337,31,0.1328125,True,0.13281249999999994,7.529411764705886
n8_d25_s17,8,0.25,17,2,17,True,1,10,L-BFGS-B,60,0.0021944199997960823,20.0,0.5,0.0078125,4096,25,0.006103515625,0.004137683601119058,0.00899488734375388,"[1.5849485959145282, 1.0374810917979798, 2.376743510710515, 0.21499033364616482]","[6.283185307179586, 6.283185307179586, 3.141592653589793, 0.0]",CONVERGENCE: NORM OF PROJECTED GRADIENT <= PGTOL,36,0.03125,0.03125,32.0,38,0.0234375,0.0234375,42.666666666666664,40,0.0078125,0.0078125,128.0,25,0.28125,True,0.28125,3.5555555555555554,28,0.1875,True,0.1875,5.333333333333333,31,0.1328125,True,0.1328125,7.529411764705882
n8_d25_s17,8,0.25,17,2,18,True,15,120,L-BFGS-B,60,0.9265627449995009,35.234829909527214,0.8808707477381803,0.2169600034763202,4096,914,0.22314453125,0.2106566522302668,0.23615122490838164,"[3.339582632536451, 5.581861970057165, 1.8837884962472915, 0.21734517213417015]","[6.177317525985115, 6.137623390724326, 1.1907548875568603, 2.9002405568653664]",CONVERGENCE: RELATIVE REDUCTION OF F <= FACTR*EPSMCH,36,0.03125,0.6559455332890312,1.5245168222822048,38,0.0234375,0.5430436407179585,1.841472627647198,40,0.0078125,0.2169600034763202,4.6091444689211745,25,0.28125,True,0.926094032732319,1.079803955813894,28,0.1875,True,0.916086532314365,1.0915999359510715,31,0.1328125,True,0.8560041909271798,1.168218579533882
n8_d25_s17,8,0.25,17,2,19,True,1,10,L-BFGS-B,60,0.0490242739997484,20.0,0.5,0.0078125,4096,35,0.008544921875,0.006150578678096599,0.011860229681779438,"[0.7121082235689155, 5.686089488102604, 2.4328382958610195, 0.3517210670997169]","[6.283185307179586, 0.0, 3.141592653589793, 0.0]",CONVERGENCE: NORM OF PROJECTED GRADIENT <= PGTOL,36,0.03125,0.03125,32.0,38,0.0234375,0.0234375,42.666666666666664,40,0.0078125,0.0078125,128.0,25,0.28125,True,0.28125,3.5555555555555554,28,0.1875,True,0.1875,5.333333333333333,31,0.1328125,True,0.1328125,7.529411764705882
n8_d25_s17,8,0.25,17,3,0,True,24,196,L-BFGS-B,60,0.10298085199974594,32.36362665513498,0.8090906663783745,0.11720121680852222,4096,513,0.125244140625,0.11545739343636477,0.1357331633606594,"[2.9390029270972136, 2.8466189248871507, 4.819305305496454, 0.9046749710258302, 2.047369458188658, 1.143288438411055]","[2.7814047356474383, 2.9876240334082733, 4.711047813360739, 0.5731278183030499, 1.967113007094455, 1.4197562009682805]",CONVERGENCE: NORM OF PROJECTED GRADIENT <= PGTOL,36,0.03125,0.4444632786597744,2.2499046558252904,38,0.0234375,0.326432266964899,3.0634226490469127,40,0.0078125,0.11720121680852222,8.53233462271772,25,0.28125,True,0.8491116349042904,1.1777014457147525,28,0.1875,True,0.813994320942093,1.2285097994819294,31,0.1328125,True,0.692230991592358,1.4446044920636572
n8_d25_s17,8,0.25,17,3,1,True,32,266,L-BFGS-B,60,0.1495273319997068,29.412750451260333,0.7353187612815083,0.0362719539802351,4096,170,0.04150390625,0.035813150049827366,0.04805386341259052,"[2.943588083618611, 0.3784052091821176, 4.338096777941077, 2.1837665822181296, 2.6044070241421937, 0.37181669731060685]","[2.940045232596559, 0.20970959683284338, 4.223957077059897, 1.800102134440394, 2.295333798899238, 0.38506110253024717]",CONVERGENCE: NORM OF PROJECTED GRADIENT <= PGTOL,36,0.03125,0.24568817584992533,4.070199945685762,38,0.0234375,0.15082763127733667,6.630084895792299,40,0.0078125,0.0362719539802351,27.569510055755714,25,0.28125,True,0.7547856409589567,1.3248794700565554,28,0.1875,True,0.7479194064307559,1.3370424559141083,31,0.1328125,True,0.41933976647017224,2.3847010943359463
n8_d25_s17,8,0.25,17,3,2,True,54,658,L-BFGS-B,60,0.2541333190001751,36.16151466480487,0.9040378666201218,0.21814737788355032,4096,861,0.210205078125,0.19800144646312154,0.22295177237601047,"[5.120661281182125, 1.5722560642719259, 1.8976656653454453, 0.559963587102773, 1.909687960216535, 2.7167648521931165]","[5.147835292660085, 1.3326273556033297, 2.2412937646209676, 1.3532349508745927, 1.9752919606459522, 3.006505996152573]",CONVERGENCE: NORM OF PROJECTED GRADIENT <= PGTOL,36,0.03125,0.7161750381658394,1.3963066941861737,38,0.0234375,0.577134753918856,1.7326975948161283,40,0.0078125,0.21814737788355032,4.584056932986891,25,0.28125,True,0.9718163142321434,1.0290010420231783,28,0.1875,True,0.9692043434391386,1.0317741627648775,31,0.1328125,True,0.8371784669300782,1.1944884388474373
n8_d25_s17,8,0.25,17,3,3,True,24,252,L-BFGS-B,60,0.09337375599989173,31.730291845120504,0.7932572961280127,0.13413406756325824,4096,535,0.130615234375,0.12064057602534856,0.14128210308468242,"[3.9113483529296325, 2.818568325363845, 2.078790590352894, 1.9740407822355375, 1.8550770833317833, 1.8628221272335583]","[1.935723477310912, 1.3549148437645686, 1.193381454005548, 2.008445987786878, 1.0955888596028178, 1.3478869657826869]",CONVERGENCE: RELATIVE REDUCTION OF F <= FACTR*EPSMCH,36,0.03125,0.24047613662213121,4.158416772851503,38,0.0234375,0.22452332794375834,4.45388017876919,40,0.0078125,0.13413406756325824,7.455227580632306,25,0.28125,True,0.8640118375318488,1.1573915501628047,28,0.1875,True,0.856002857512979,1.168220399293279,31,0.1328125,True,0.6763973831732075,1.478420858621102
n8_d25_s17,8,0.25,17,3,4,True,31,385,L-BFGS-B,60,0.16228021400002035,31.526563279566247,0.7881640819891562,0.11357961027494183,4096,463,0.113037109375,0.10370058414545652,0.12309878557655218,"[4.682930084380523, 0.153500378338494, 0.2941980284548746, 2.544806542827995, 2.7887683305106137, 2.1802621575356027]","[4.677112204344146, 0.0221984379407233, 1.757109276663393, 3.040187840355319, 3.141592653589793, 2.0379545397323136]",CONVERGENCE: RELATIVE REDUCTION OF F <= FACTR*EPSMCH,36,0.03125,0.38090244218985175,2.6253441544004956,38,0.0234375,0.30561803078609,3.2720582533297127,40,0.0078125,0.11357961027494183,8.804397176388465,25,0.28125,True,0.842383471808738,1.1871078119004792,28,0.1875,True,0.776499025926048,1.2878316219487926,31,0.1328125,True,0.6943444572246775,1.4402073633554155
n8_d25_s17,8,0.25,17,3,5,True,26,245,L-BFGS-B,60,1.4975287340002978,30.547575778998507,0.7636893944749626,0.04422616150924888,4096,195,0.047607421875,0.04149960185823609,0.05456300514168953,"[1.9763165906293656, 2.7139547030650704, 5.034141144468743, 0.7601196668268043, 1.0106872654385253, 1.259616708480078]","[3.6573995995014337, 0.21151359643424936, 0.45404993046912223, 0.21059882816746436, 0.30218960458589555, 1.2510877019982127]",CONVERGENCE: NORM OF PROJECTED GRADIENT <= PGTOL,36,0.03125,0.11359707479613322,8.803043580080281,38,0.0234375,0.10947033130087921,9.134895163982833,40,0.0078125,0.04422616150924888,22.611051148783805,25,0.28125,True,0.8589604190155743,1.1641979977914074,28,0.1875,True,0.8480677946151807,1.1791510140457109,31,0.1328125,True,0.5967014895994888,1.6758798451654757
n8_d25_s17,8,0.25,17,3,6,True,26,238,L-BFGS-B,60,1.1947908150004878,29.959938068282355,0.7489984517070589,0.010528492792562271,4096,48,0.01171875,0.00885047381719605,0.015502043182184016,"[0.3878243582469041, 1.5250137768665266, 2.326145836584884, 2.8109936944158926, 1.816351266252268, 2.659182645645508]","[0.41537435536717854, 1.6439338678345015, 2.2499267054408842, 2.497976474996436, 1.9563189881517637, 2.753830312984206]",CONVERGENCE: NORM OF PROJECTED GRADIENT <= PGTOL,36,0.03125,0.19278345086157447,5.187167236248076,38,0.0234375,0.1327508210527379,7.53291009479128,40,0.0078125,0.010528492792562271,94.98035660967903,25,0.28125,True,0.7764932485976335,1.2878412037786875,28,0.1875,True,0.7734054857518136,1.292982812279794,31,0.1328125,True,0.4882052783546703,2.0483186977620553
n8_d25_s17,8,0.25,17,3,7,True,30,294,L-BFGS-B,60,1.4400772039998628,31.326979235247347,0.7831744808811837,0.06279314365169614,4096,279,0.068115234375,0.060797277362726575,0.07624252392322509,"[5.221343958257122, 3.848060461487077, 5.417932838160536, 0.7251815716235277, 3.0534932821674086, 0.5752284192155166]","[5.267275969143403, 3.860063513465022, 5.343007642732395, 1.142958657270953, 2.9043522236933654, 0.39036154457532474]",CONVERGENCE: RELATIVE REDUCTION OF F <= FACTR*EPSMCH,36,0.03125,0.34689063347544397,2.8827529587096477,38,0.0234375,0.2767584130642784,3.6132596257073692,40,0.0078125,0.06279314365169614,15.925305564359789,25,0.28125,True,0.819667472022637,1.2200069346809248,28,0.1875,True,0.7895346397734477,1.2665688744029573,31,0.1328125,True,0.6102797880639479,1.6385926906942156
n8_d25_s17,8,0.25,17,3,8,True,39,357,L-BFGS-B,60,1.906893878000119,32.351326187426174,0.8087831546856543,0.1644522409101906,4096,666,0.16259765625,0.15161430493496733,0.17421328431160424,"[3.289086580185132, 1.5146289422849792, 2.4915452072808155, 2.751180509755808, 2.2474719330172057, 1.8692669882569966]","[3.42161795581687, 1.336283012498952, 2.353123849912969, 2.7160387546254006, 2.0405428617630523, 1.7444933695519105]",CONVERGENCE: NORM OF PROJECTED GRADIENT <= PGTOL,36,0.03125,0.19405527762255687,5.153170850344142,38,0.0234375,0.19187099975691538,5.211835041600434,40,0.0078125,0.1644522409101906,6.080792784977083,25,0.28125,True,0.920504798140708,1.086360442683038,28,0.1875,True,0.9145817263203985,1.0933959986531347,31,0.1328125,True,0.7882039809251727,1.2687071166859964
n8_d25_s17,8,0.25,17,3,9,True,28,266,L-BFGS-B,60,1.2298789830001624,33.10771832358148,0.827692958089537,0.1641823649431554,4096,731,0.178466796875,0.16704343331087437,0.19049269913321734,"[0.788712920352446, 0.24168670993711505, 0.26412775023795326, 2.636855346464478, 1.6374575011515922, 2.6401282512629454]","[0.7565550563318914, 0.31815632581734504, 0.23757543105162401, 2.33455212672721, 1.3846254142112957, 2.6943211716683857]",CONVERGENCE: NORM OF PROJECTED GRADIENT <= PGTOL,36,0.03125,0.5058321218535705,1.9769404843954974,38,0.0234375,0.4414576155195033,2.265223126399596,40,0.0078125,0.1641823649431554,6.09078813273416,25,0.28125,True,0.8440337245903851,1.1847867814586512,28,0.1875,True,0.8250670040025909,1.212022775300392,31,0.1328125,True,0.7260968620519234,1.3772267203772735
n8_d25_s17,8,0.25,17,3,10,True,1,14,L-BFGS-B,60,0.03364293100003124,20.0,0.5,0.0078125,4096,24,0.005859375,0.003940714277798989,0.008704032925573639,"[2.825647521809702, 0.09053962097858871, 3.8695336211033244, 2.8311298764491286, 1.3120098482074212, 1.755879132386834]","[0.0, 0.0, 0.0, 0.0, 0.0, 3.141592653589793]",CONVERGENCE: NORM OF PROJECTED GRADIENT <= PGTOL,36,0.03125,0.03125,32.0,38,0.0234375,0.0234375,42.666666666666664,40,0.0078125,0.0078125,128.0,25,0.28125,True,0.28125,3.5555555555555554,28,0.1875,True,0.1875,5.333333333333333,31,0.1328125,True,0.1328125,7.529411764705882
n8_d25_s17,8,0.25,17,3,11,True,39,385,L-BFGS-B,60,2.075276333000147,31.471654232126678,0.786791355803167,0.08888930803999148,4096,374,0.09130859375,0.08286605926824879,0.10051699746023234,"[5.431846628421818, 2.062097904901738, 4.3455313218722935, 1.6199405965433675, 2.211982571058295, 1.6048055506585714]","[5.8256723710374585, 1.6249187552271065, 4.350460834981851, 2.191057599806964, 1.9409412292626218, 1.846490889875943]",CONVERGENCE: NORM OF PROJECTED GRADIENT <= PGTOL,36,0.03125,0.4358062796274985,2.2945975006480883,38,0.0234375,0.27805549072353625,3.5964044349488336,40,0.0078125,0.08888930803999148,11.249946951438726,25,0.28125,True,0.7896253597981162,1.266423358357779,28,0.1875,True,0.7481964237945339,1.3365474201659846,31,0.1328125,True,0.6462834543244472,1.5473086821405457
n8_d25_s17,8,0.25,17,3,12,True,25,322,L-BFGS-B,60,1.6808754060002684,29.001507459750528,0.7250376864937632,0.06280273388343577,4096,264,0.064453125,0.05733358888561596,0.07238885627783107,"[0.19384076451184915, 1.827864443833441, 4.945314809630619, 0.1071119374776483, 0.7628310623396583, 0.44438081144306063]","[0.460349996465344, 2.1096764362490283, 5.937972304706453, 0.0, 1.19797240649766, 1.0315512661441213]",CONVERGENCE: NORM OF PROJECTED GRADIENT <= PGTOL,36,0.03125,0.113720880629573,8.793459868265836,38,0.0234375,0.11197093411705304,8.930889144450758,40,0.0078125,0.06280273388343577,15.922873705721754,25,0.28125,True,0.7107694264514086,1.4069260195850088,28,0.1875,True,0.601428646357415,1.662707631331753,31,0.1328125,True,0.5696343085317578,1.7555122383297403
n8_d25_s17,8,0.25,17,3,13,True,27,238,L-BFGS-B,60,1.315843749999658,30.66980757365333,0.7667451893413333,0.051403236744755464,4096,210,0.05126953125,0.04492593949542012,0.05845402362701016,"[1.6988574085527886, 0.17387698802484677, 1.3818517319447234, 1.0582328689692497, 0.7850904928161948, 1.1815900320535269]","[1.859657207980069, 0.3021875901387262, 1.3573003548929012, 0.7898005271266471, 0.42250503029132613, 1.174830558051304]",CONVERGENCE: NORM OF PROJECTED GRADIENT <= PGTOL,36,0.03125,0.1714247855807125,5.833462160168003,38,0.0234375,0.16324660989484502,6.125701480993376,40,0.0078125,0.051403236744755464,19.454027865317787,25,0.28125,True,0.792273591602602,1.2621902466510482,28,0.1875,True,0.7797046898781452,1.282536853993123,31,0.1328125,True,0.6554752445376383,1.5256106288276134
n8_d25_s17,8,0.25,17,3,14,True,22,210,L-BFGS-B,60,1.0588643170003706,28.843145974008355,0.7210786493502088,0.007222221852536598,4096,37,0.009033203125,0.006560810170804027,0.01242564567207263,"[3.0037274370462836, 2.5479517017443847, 3.72149007850699, 1.449814231245442, 2.539321845359143, 1.9318556610361188]","[2.887070353744665, 2.724720695245275, 3.710962483875093, 1.2597394431613214, 2.225330720821409, 1.81142691347633]",CONVERGENCE: RELATIVE REDUCTION OF F <= FACTR*EPSMCH,36,0.03125,0.2763603587228677,3.618463967195792,38,0.0234375,0.1480177370796863,6.755947089379184,40,0.0078125,0.007222221852536598,138.46154554900286,25,0.28125,True,0.768825328081414,1.3006855568812712,28,0.1875,True,0.7662316354423877,1.3050883750351092,31,0.1328125,True,0.3760198100508014,2.6594343523148343
n8_d25_s17,8,0.25,17,3,15,True,1,14,L-BFGS-B,60,0.04421072999957687,20.0,0.5,0.0078125,4096,32,0.0078125,0.005539509852396457,0.011007827282978652,"[1.2296974691216827, 5.669903147165266, 5.484850010893507, 1.168325750433494, 0.5896416763801658, 1.5473240056719872]","[0.0, 6.283185307179586, 6.283185307179586, 0.0, 3.141592653589793, 0.0]",CONVERGENCE: NORM OF PROJECTED GRADIENT <= PGTOL,36,0.03125,0.03125,32.0,38,0.0234375,0.0234375,42.666666666666664,40,0.0078125,0.0078125,128.0,25,0.28125,True,0.28125,3.5555555555555554,28,0.1875,True,0.1875,5.333333333333333,31,0.1328125,True,0.1328125,7.529411764705882
n8_d25_s17,8,0.25,17,3,16,True,1,14,L-BFGS-B,60,0.02844564899987745,19.999999999999975,0.4999999999999994,0.007812499999999972,4096,22,0.00537109375,0.0035497403427024827,0.008119359377669524,"[5.795773922651574, 4.842219764315388, 1.882753419254152, 2.4174990484086596, 1.3436124249226407, 0.5965889851219646]","[6.283185307179586, 6.283185307179586, 6.283185307179586, 1.771465773159144, 0.0, 0.0]",CONVERGENCE: NORM OF PROJECTED GRADIENT <= PGTOL,36,0.03125,0.031249999999999677,32.000000000000334,38,0.0234375,0.02343749999999959,42.66666666666741,40,0.0078125,0.007812499999999972,128.00000000000045,25,0.28125,True,0.28124999999999994,3.5555555555555562,28,0.1875,True,0.1874999999999984,5.333333333333379,31,0.1328125,True,0.13281249999999925,7.529411764705925
n8_d25_s17,8,0.25,17,3,17,True,1,14,L-BFGS-B,60,0.04812595500061434,20.0,0.5,0.0078125,4096,26,0.00634765625,0.004335565780323295,0.009284828906049952,"[0.9583192689718966, 5.44430315413667, 3.361619823902822, 1.2730971370810473, 2.866637655559315, 1.5840349023479876]","[0.0, 0.0, 3.3015658173214533, 0.0, 3.141592653589793, 0.0]",CONVERGENCE: NORM OF PROJECTED GRADIENT <= PGTOL,36,0.03125,0.03125,32.0,38,0.0234375,0.0234375,42.666666666666664,40,0.0078125,0.0078125,128.0,25,0.28125,True,0.28125,3.5555555555555554,28,0.1875,True,0.1875,5.333333333333333,31,0.1328125,True,0.1328125,7.529411764705882
n8_d25_s17,8,0.25,17,3,18,True,25,287,L-BFGS-B,60,1.3699224479996701,34.19601129462302,0.8549002823655755,0.14975003747932067,4096,603,0.147216796875,0.1366964866285547,0.1583982069034974,"[5.689694027133793, 1.0055422861885024, 4.280645140540288, 1.3356997221345357, 1.5598678582034629, 1.551415316139076]","[6.168377093941609, 2.9547766393245993, 4.963822942445254, 2.7752727197388776, 0.12625528731865743, 2.9146082349750126]",CONVERGENCE: NORM OF PROJECTED GRADIENT <= PGTOL,36,0.03125,0.5220889684759118,1.9153823589094625,38,0.0234375,0.4042055791493078,2.473988612687145,40,0.0078125,0.14975003747932067,6.677794655898449,25,0.28125,True,0.9259310361060087,1.0799940395188474,28,0.1875,True,0.9208641051708746,1.0859365615238539,31,0.1328125,True,0.8246600553790717,1.2126208775085265
n8_d25_s17,8,0.25,17,3,19,True,1,14,L-BFGS-B,60,0.02879535699958069,20.0,0.5,0.0078125,4096,23,0.005615234375,0.003744712895050349,0.00841221056682197,"[4.885600495366211, 1.5595525712159224, 6.188259035500785, 2.0352554096231614, 2.579313132580741, 0.06780847817722477]","[6.283185307179586, 6.283185307179586, 0.0, 3.141592653589793, 0.0, 3.141592653589793]",CONVERGENCE: NORM OF PROJECTED GRADIENT <= PGTOL,36,0.03125,0.03125,32.0,38,0.0234375,0.0234375,42.666666666666664,40,0.0078125,0.0078125,128.0,25,0.28125,True,0.28125,3.5555555555555554,28,0.1875,True,0.1875,5.333333333333333,31,0.1328125,True,0.1328125,7.529411764705882
n8_d25_s42,8,0.25,42,1,0,True,1,6,L-BFGS-B,60,0.0009981399998650886,19.0,0.6129032258064516,0.03125,4096,127,0.031005859375,0.026121376790622992,0.03676921578728156,"[0.20637564539658199, 0.6763555802320028]","[0.0, 0.0]",CONVERGENCE: NORM OF PROJECTED GRADIENT <= PGTOL,28,0.15625,0.15625,6.4,30,0.0625,0.0625,16.0,31,0.03125,0.03125,32.0,24,0.28125,True,0.28125,3.5555555555555554,27,0.21875,True,0.21875,4.571428571428571,30,0.0625,True,0.0625,16.0
n8_d25_s42,8,0.25,42,1,1,True,7,33,L-BFGS-B,60,0.004660811999201542,25.906134159267225,0.8356817470731362,0.09227099286982272,4096,378,0.09228515625,0.08379952506389676,0.10153482663058558,"[3.4964960501044855, 2.296238484281667]","[3.49402300431182, 2.1571690312663137]",CONVERGENCE: NORM OF PROJECTED GRADIENT <= PGTOL,28,0.15625,0.5045179614667743,1.982089987624467,30,0.0625,0.48172624802920494,2.075867786094509,31,0.03125,0.09227099286982272,10.837642133219642,24,0.28125,True,0.5378052534198796,1.859409133029186,27,0.21875,True,0.5109840784685987,1.9570081380949573,30,0.0625,True,0.48172624802920494,2.075867786094509
n8_d25_s42,8,0.25,42,1,2,True,1,6,L-BFGS-B,60,0.0009214040001097601,19.0,0.6129032258064516,0.03125,4096,123,0.030029296875,0.02522696294347733,0.035712334668425987,"[2.9328989319371384, 1.624370047100687]","[0.0, 0.0]",CONVERGENCE: NORM OF PROJECTED GRADIENT <= PGTOL,28,0.15625,0.15625,6.4,30,0.0625,0.0625,16.0,31,0.03125,0.03125,32.0,24,0.28125,True,0.28125,3.5555555555555554,27,0.21875,True,0.21875,4.571428571428571,30,0.0625,True,0.0625,16.0
n8_d25_s42,8,0.25,42,1,3,True,8,33,L-BFGS-B,60,0.0044131570002718945,21.829697428886423,0.7041837880285943,0.09046355615786296,4096,377,0.092041015625,0.0835661303323475,0.10128039762063454,"[4.8732428644638786, 2.606589830509879]","[4.915333909773417, 2.6146914021304584]",CONVERGENCE: NORM OF PROJECTED GRADIENT <= PGTOL,28,0.15625,0.21670604850088093,4.614545864860505,30,0.0625,0.11390857004410673,8.778970709691011,31,0.03125,0.09046355615786296,11.054175211230422,24,0.28125,True,0.36174279278284044,2.7643950894145797,27,0.21875,True,0.32841465378517076,3.0449311212956416,30,0.0625,True,0.11390857004410673,8.778970709691011
n8_d25_s42,8,0.25,42,1,4,True,8,39,L-BFGS-B,60,0.004887144999884185,23.846480434177447,0.7692413043283047,0.06292730122449824,4096,255,0.062255859375,0.055258652354816834,0.0700733791351274,"[2.041712925439864, 2.9847574871084217]","[2.150512419653358, 2.6306828456686815]",CONVERGENCE: NORM OF PROJECTED GRADIENT <= PGTOL,28,0.15625,0.17931429174348884,5.576800322366449,30,0.0625,0.131106975524523,7.627359230882069,31,0.03125,0.06292730122449824,15.89135368180528,24,0.28125,True,0.6421214940507138,1.5573376833902113,27,0.21875,True,0.3854169981602493,2.594592363007867,30,0.0625,True,0.131106975524523,7.627359230882069
n8_d25_s42,8,0.25,42,1,5,True,1,6,L-BFGS-B,60,0.0009699880001790007,19.0,0.6129032258064516,0.03125,4096,118,0.02880859375,0.0241109952204326,0.03438918368396916,"[5.273159237424534, 2.27705357744493]","[0.0, 3.141592653589793]",CONVERGENCE: NORM OF PROJECTED GRADIENT <= PGTOL,28,0.15625,0.15625,6.4,30,0.0625,0.0625,16.0,31,0.03125,0.03125,32.0,24,0.28125,True,0.28125,3.5555555555555554,27,0.21875,True,0.21875,4.571428571428571,30,0.0625,True,0.0625,16.0
n8_d25_s42,8,0.25,42,1,6,True,8,36,L-BFGS-B,60,0.248551296000187,25.088167792417618,0.809295735239278,0.20529118365372448,4096,830,0.20263671875,0.1906080334680903,0.21522264938453212,"[0.8720304258769855, 0.38040900337083855]","[0.7517220212540011, 0.4360847094200014]",CONVERGENCE: NORM OF PROJECTED GRADIENT <= PGTOL,28,0.15625,0.4124282690200489,2.4246640570396694,30,0.0625,0.287971913584715,3.4725608742597807,31,0.03125,0.20529118365372448,4.871129788441149,24,0.28125,True,0.43418788017596033,2.3031504232562567,27,0.21875,True,0.42847687048710126,2.3338482631820465,30,0.0625,True,0.287971913584715,3.4725608742597807
n8_d25_s42,8,0.25,42,1,7,True,11,45,L-BFGS-B,60,0.3995882030003486,21.614895781835266,0.6972547026398472,0.016135724044775226,4096,66,0.01611328125,0.01268594169611479,0.020447402650270854,"[4.1152683203301414, 0.8891250297632025]","[4.766152977984113, 0.6665156452415635]",CONVERGENCE: NORM OF PROJECTED GRADIENT <= PGTOL,28,0.15625,0.26378037366910656,3.791032615847409,30,0.0625,0.024014678268747286,41.64119913700449,31,0.03125,0.016135724044775226,61.97428743978809,24,0.28125,True,0.3825913992671739,2.6137545222277017,27,0.21875,True,0.35765729703212634,2.795972592473559,30,0.0625,True,0.024014678268747286,41.64119913700449
n8_d25_s42,8,0.25,42,1,8,True,6,36,L-BFGS-B,60,0.20010404500044388,25.088167792417586,0.809295735239277,0.20529117704116673,4096,821,0.200439453125,0.1884628085800003,0.21297746059911932,"[0.9610366000330304, 0.22302528374841604]","[0.7517220233990866, 0.43608467789325733]",CONVERGENCE: NORM OF PROJECTED GRADIENT <= PGTOL,28,0.15625,0.412428273670365,2.424664029700481,30,0.0625,0.2879719087281841,3.472560932823129,31,0.03125,0.20529117704116673,4.871129945343299,24,0.28125,True,0.4341878846587218,2.3031503994774405,27,0.21875,True,0.42847687499065745,2.333848238651862,30,0.0625,True,0.2879719087281841,3.472560932823129
n8_d25_s42,8,0.25,42,1,9,True,1,6,L-BFGS-B,60,0.0010600229998090072,19.0,0.6129032258064516,0.03125,4096,128,0.03125,0.02634519929104107,0.03703321702836379,"[5.859032820257315, 0.8040167650491349]","[0.0, 0.0]",CONVERGENCE: NORM OF PROJECTED GRADIENT <= PGTOL,28,0.15625,0.15625,6.4,30,0.0625,0.0625,16.0,31,0.03125,0.03125,32.0,24,0.28125,True,0.28125,3.5555555555555554,27,0.21875,True,0.21875,4.571428571428571,30,0.0625,True,0.0625,16.0
n8_d25_s42,8,0.25,42,1,10,True,1,6,L-BFGS-B,60,0.0011737759996321984,19.0,0.6129032258064516,0.03125,4096,129,0.031494140625,0.026569107431640225,0.03729713262926495,"[0.031971501329322735, 1.03898231618294]","[0.0, 0.0]",CONVERGENCE: NORM OF PROJECTED GRADIENT <= PGTOL,28,0.15625,0.15625,6.4,30,0.0625,0.0625,16.0,31,0.03125,0.03125,32.0,24,0.28125,True,0.28125,3.5555555555555554,27,0.21875,True,0.21875,4.571428571428571,30,0.0625,True,0.0625,16.0
n8_d25_s42,8,0.25,42,1,11,True,9,51,L-BFGS-B,60,0.3117187370007741,21.829697428886075,0.7041837880285831,0.09046356406290204,4096,366,0.08935546875,0.08100004478139437,0.09848042201508427,"[2.2687713066307977, 0.4796177515687755]","[4.915333938984791, 2.61469152464966]",CONVERGENCE: NORM OF PROJECTED GRADIENT <= PGTOL,28,0.15625,0.21670606460784256,4.614545521878349,30,0.0625,0.11390858449553876,8.778969595914566,31,0.03125,0.09046356406290204,11.05417424527592,24,0.28125,True,0.3617427952173706,2.764395070810192,27,0.21875,True,0.328414657555346,3.0449310863400645,30,0.0625,True,0.11390858449553876,8.778969595914566
n8_d25_s42,8,0.25,42,1,12,True,6,30,L-BFGS-B,60,0.14831866599979548,26.61926032607184,0.8586858169700593,0.12216505649577356,4096,468,0.1142578125,0.1048747316849151,0.12436375674459516,"[6.1731966968880245, 1.0771364141463322]","[6.160540844994696, 1.2284547886484665]",CONVERGENCE: NORM OF PROJECTED GRADIENT <= PGTOL,28,0.15625,0.5062808158791647,1.9751884105335573,30,0.0625,0.22482362803635872,4.447931068162813,31,0.03125,0.12216505649577356,8.185646769087331,24,0.28125,True,0.796513447356694,1.2554715847153561,27,0.21875,True,0.6656871357549532,1.5022071875640257,30,0.0625,True,0.22482362803635872,4.447931068162813
n8_d25_s42,8,0.25,42,1,13,True,5,39,L-BFGS-B,60,0.17494455999985803,25.684286294129564,0.8285253643267602,0.00034829214184037185,4096,2,0.00048828125,0.00013391454481334652,0.0017787103455524616,"[0.8168573858181685, 0.22237289221461914]","[0.5302504548739898, 1.188236975910875]",CONVERGENCE: NORM OF PROJECTED GRADIENT <= PGTOL,28,0.15625,0.19497838760686093,5.1287735644645975,30,0.0625,0.0015800456799523596,632.8930946035379,31,0.03125,0.00034829214184037185,2871.1529198333646,24,0.28125,True,0.8764713420720327,1.1409386160144586,27,0.21875,True,0.5231540984492895,1.9114826835231842,30,0.0625,True,0.0015800456799523596,632.8930946035379
n8_d25_s42,8,0.25,42,1,14,True,1,6,L-BFGS-B,60,0.0014026919998286758,19.0,0.6129032258064516,0.03125,4096,142,0.03466796875,0.029487295514351152,0.04072065318605805,"[6.075542630529117, 0.0801675106218514]","[0.0, 0.0]",CONVERGENCE: NORM OF PROJECTED GRADIENT <= PGTOL,28,0.15625,0.15625,6.4,30,0.0625,0.0625,16.0,31,0.03125,0.03125,32.0,24,0.28125,True,0.28125,3.5555555555555554,27,0.21875,True,0.21875,4.571428571428571,30,0.0625,True,0.0625,16.0
n8_d25_s42,8,0.25,42,1,15,True,1,6,L-BFGS-B,60,0.0013220910004747566,19.0,0.6129032258064516,0.03125,4096,139,0.033935546875,0.028812697629858053,0.03993177984605022,"[6.2695449906566125, 0.780616588048213]","[6.283185307179586, 3.141592653589793]",CONVERGENCE: NORM OF PROJECTED GRADIENT <= PGTOL,28,0.15625,0.15625,6.4,30,0.0625,0.0625,16.0,31,0.03125,0.03125,32.0,24,0.28125,True,0.28125,3.5555555555555554,27,0.21875,True,0.21875,4.571428571428571,30,0.0625,True,0.0625,16.0
n8_d25_s42,8,0.25,42,1,16,True,1,6,L-BFGS-B,60,0.0014390770002137288,19.0,0.6129032258064516,0.03125,4096,117,0.028564453125,0.023888085979904983,0.03412426918299647,"[5.453104086505926, 1.8254798683367397]","[0.0, 0.0]",CONVERGENCE: NORM OF PROJECTED GRADIENT <= PGTOL,28,0.15625,0.15625,6.4,30,0.0625,0.0625,16.0,31,0.03125,0.03125,32.0,24,0.28125,True,0.28125,3.5555555555555554,27,0.21875,True,0.21875,4.571428571428571,30,0.0625,True,0.0625,16.0
n8_d25_s42,8,0.25,42,1,17,True,1,6,L-BFGS-B,60,0.06132906300081231,19.0,0.6129032258064516,0.03125,4096,117,0.028564453125,0.023888085979904983,0.03412426918299647,"[5.706021673927773, 2.6939262460844975]","[0.0, 0.0]",CONVERGENCE: NORM OF PROJECTED GRADIENT <= PGTOL,28,0.15625,0.15625,6.4,30,0.0625,0.0625,16.0,31,0.03125,0.03125,32.0,24,0.28125,True,0.28125,3.5555555555555554,27,0.21875,True,0.21875,4.571428571428571,30,0.0625,True,0.0625,16.0
n8_d25_s42,8,0.25,42,1,18,True,8,36,L-BFGS-B,60,0.218827204000263,23.807105951333572,0.7679711597204378,0.00013737336546426013,4096,0,0.0,0.0,0.0009369774073651883,"[3.760259265582781, 1.4048450244539374]","[3.6865651970589903, 1.1321985094071567]",CONVERGENCE: NORM OF PROJECTED GRADIENT <= PGTOL,28,0.15625,0.2936671119479184,3.405216176121721,30,0.0625,0.0003456320210895468,2893.250448403676,31,0.03125,0.00013737336546426013,7279.431472181308,24,0.28125,True,0.6613787718036036,1.5119928891472645,27,0.21875,True,0.4568505781701915,2.1888994953344856,30,0.0625,True,0.0003456320210895468,2893.250448403676
n8_d25_s42,8,0.25,42,1,19,True,1,6,L-BFGS-B,60,0.0009907990006468026,19.0,0.6129032258064516,0.03125,4096,123,0.030029296875,0.02522696294347733,0.035712334668425987,"[0.5375616965186613, 2.065953805921259]","[6.283185307179586, 3.141592653589793]",CONVERGENCE: NORM OF PROJECTED GRADIENT <= PGTOL,28,0.15625,0.15625,6.4,30,0.0625,0.0625,16.0,31,0.03125,0.03125,32.0,24,0.28125,True,0.28125,3.5555555555555554,27,0.21875,True,0.21875,4.571428571428571,30,0.0625,True,0.0625,16.0
n8_d25_s42,8,0.25,42,2,0,True,16,105,L-BFGS-B,60,0.026592995000100927,26.838564718659853,0.8657601522148339,0.03283533646065646,4096,127,0.031005859375,0.026121376790622992,0.03676921578728156,"[1.25537711730846, 1.256598096980045, 1.8269227152026066, 1.8380949330873535]","[1.21853749194266, 1.303817237286109, 2.273778443806465, 1.9276167553533707]",CONVERGENCE: NORM OF PROJECTED GRADIENT <= PGTOL,28,0.15625,0.5116238122787915,1.9545610974320424,30,0.0625,0.04038652988903437,24.7607309354775,31,0.03125,0.03283533646065646,30.4549947645034,24,0.28125,True,0.8785119937087883,1.1382883866824964,27,0.21875,True,0.7919107288363969,1.2627685969974942,30,0.0625,True,0.04038652988903437,24.7607309354775
n8_d25_s42,8,0.25,42,2,1,True,16,110,L-BFGS-B,60,0.050023738000163576,27.824995394688514,0.8975804966028553,0.18608660404687094,4096,755,0.184326171875,0.17274920625467127,0.1964946959854279,"[3.805395254919548, 0.5930271977991752, 0.3216504977547977, 1.5685164990725524]","[6.172419190451959, 0.26623215746169576, 2.9027213891446086, 0.17932386311969006]",CONVERGENCE: NORM OF PROJECTED GRADIENT <= PGTOL,28,0.15625,0.6288270195563823,1.5902624551748246,30,0.0625,0.32496709738804064,3.077234612481115,31,0.03125,0.18608660404687094,5.37384195451341,24,0.28125,True,0.8843270432305594,1.1308033692454689,27,0.21875,True,0.7760053967286107,1.288650831831426,30,0.0625,True,0.32496709738804064,3.077234612481115
n8_d25_s42,8,0.25,42,2,2,True,32,255,L-BFGS-B,60,0.05268168899965531,26.828664231293583,0.8654407816546317,0.02638415457007482,4096,98,0.02392578125,0.01967285964881211,0.029070844425583456,"[0.7920878971385165, 4.002316674515592, 2.3460763147108263, 1.0427026702442903]","[0.6066818290786204, 4.364361607007488, 2.759854873503089, 0.6357853904403478]",CONVERGENCE: NORM OF PROJECTED GRADIENT <= PGTOL,28,0.15625,0.35112670302001514,2.8479747948506136,30,0.0625,0.03088284450863412,32.38043696785843,31,0.03125,0.02638415457007482,37.901536596295195,24,0.28125,True,0.9230198011073527,1.0834003764602813,27,0.21875,True,0.7720246454008801,1.2952954364309728,30,0.0625,True,0.03088284450863412,32.38043696785843
n8_d25_s42,8,0.25,42,2,3,True,19,140,L-BFGS-B,60,0.05203533099938795,25.95105066437138,0.8371306665926251,0.06330420032075254,4096,253,0.061767578125,0.05479790466622641,0.0695584793407172,"[1.4879881240734039, 0.781519005029696, 0.41846388947840785, 1.0343978248034107]","[1.1487639388424549, 1.0276117061605816, 0.6445519042755448, 1.2028342085584347]",CONVERGENCE: NORM OF PROJECTED GRADIENT <= PGTOL,28,0.15625,0.32111273652712446,3.1141710877467164,30,0.0625,0.10312633151256856,9.696844494833257,31,0.03125,0.06330420032075254,15.79674010465586,24,0.28125,True,0.8503367960614343,1.1760046191482851,27,0.21875,True,0.5552689793500438,1.8009289861114246,30,0.0625,True,0.10312633151256856,9.696844494833257
n8_d25_s42,8,0.25,42,2,4,True,1,10,L-BFGS-B,60,0.0023718479997114628,19.0,0.6129032258064516,0.03125,4096,142,0.03466796875,0.029487295514351152,0.04072065318605805,"[2.6342512448972086, 3.2751163230081075, 0.7959529143104379, 1.1773603523769838]","[6.283185307179586, 0.0, 0.0, 3.141592653589793]",CONVERGENCE: NORM OF PROJECTED GRADIENT <= PGTOL,28,0.15625,0.15625,6.4,30,0.0625,0.0625,16.0,31,0.03125,0.03125,32.0,24,0.28125,True,0.28125,3.5555555555555554,27,0.21875,True,0.21875,4.571428571428571,30,0.0625,True,0.0625,16.0
n8_d25_s42,8,0.25,42,2,5,True,18,145,L-BFGS-B,60,0.7519916310002372,25.68608212801584,0.8285832944521239,0.24811398356532677,4096,1060,0.2587890625,0.24560688236315428,0.2724232610345395,"[4.946686722581652, 2.308008793691342, 0.31965048607459984, 1.7558722969943241]","[4.782203833262447, 2.281134282208215, 0.20862404683483207, 2.0017235395043955]",CONVERGENCE: RELATIVE REDUCTION OF F <= FACTR*EPSMCH,28,0.15625,0.47605547750692867,2.1005955130207394,30,0.0625,0.3584927835834245,2.789456429231834,31,0.03125,0.24811398356532677,4.030405645140539,24,0.28125,True,0.5026822870960661,1.9893281018053715,27,0.21875,True,0.4955741143845912,2.0178616496985717,30,0.0625,True,0.3584927835834245,2.789456429231834
n8_d25_s42,8,0.25,42,2,6,True,18,145,L-BFGS-B,60,0.8638688410001123,27.13178964615194,0.875219020843611,0.4624180964835179,4096,1907,0.465576171875,0.4503396648464926,0.4808771876019637,"[4.8593006550429605, 5.27868341963867, 2.701140928847456, 2.6828970841810227]","[5.526872979418407, 5.38355316749336, 2.5747925835116376, 2.8700364064599255]",CONVERGENCE: NORM OF PROJECTED GRADIENT <= PGTOL,28,0.15625,0.5977142122098832,1.6730403587071758,30,0.0625,0.5078035566412696,1.969265451022501,31,0.03125,0.4624180964835179,2.162545124432956,24,0.28125,True,0.6032787944016911,1.6576084047372524,27,0.21875,True,0.6029518833925902,1.6585071338916215,30,0.0625,True,0.5078035566412696,1.969265451022501
n8_d25_s42,8,0.25,42,2,7,True,1,10,L-BFGS-B,60,0.02719735499977105,19.0,0.6129032258064516,0.03125,4096,117,0.028564453125,0.023888085979904983,0.03412426918299647,"[5.770176672607852, 1.7250289259127287, 2.545341879114681, 2.0281102376725455]","[0.0, 0.0, 0.0, 3.141592653589793]",CONVERGENCE: NORM OF PROJECTED GRADIENT <= PGTOL,28,0.15625,0.15625,6.4,30,0.0625,0.0625,16.0,31,0.03125,0.03125,32.0,24,0.28125,True,0.28125,3.5555555555555554,27,0.21875,True,0.21875,4.571428571428571,30,0.0625,True,0.0625,16.0
n8_d25_s42,8,0.25,42,2,8,True,1,10,L-BFGS-B,60,0.0021754810004495084,18.999999999999996,0.6129032258064515,0.031249999999999972,4096,140,0.0341796875,0.029037488565238835,0.04019481265216975,"[0.18391646558478297, 0.3085282506950134, 0.6306070826741892, 1.3484870268147837]","[6.283185307179586, 0.1176064833098713, 0.0, 3.141592653589793]",CONVERGENCE: NORM OF PROJECTED GRADIENT <= PGTOL,28,0.15625,0.15624999999999986,6.400000000000006,30,0.0625,0.062499999999999944,16.000000000000014,31,0.03125,0.031249999999999972,32.00000000000003,24,0.28125,True,0.2812499999999998,3.5555555555555585,27,0.21875,True,0.21874999999999978,4.5714285714285765,30,0.0625,True,0.062499999999999944,16.000000000000014
n8_d25_s42,8,0.25,42,2,9,True,13,100,L-BFGS-B,60,0.5059746039996753,25.875247072260084,0.8346853894277446,0.022893957139437288,4096,109,0.026611328125,0.022108427188659532,0.03200133804223944,"[0.42551985935853454, 0.9957759828869598, 1.736597678144326, 2.7220288241471704]","[2.538005009849517, 2.6995758035594206, 2.2041793619469834, 1.9197024030084535]",CONVERGENCE: NORM OF PROJECTED GRADIENT <= PGTOL,28,0.15625,0.31337510142701175,3.191063985129368,30,0.0625,0.10100402611949963,9.900595435838197,31,0.03125,0.022893957139437288,43.67964847271393,24,0.28125,True,0.8927296093023718,1.1201600009452528,27,0.21875,True,0.4521222173535243,2.211791329020396,30,0.0625,True,0.10100402611949963,9.900595435838197
n8_d25_s42,8,0.25,42,2,10,True,22,185,L-BFGS-B,60,0.9342330609997589,24.294825798802567,0.7837040580258893,0.05906016954815005,4096,254,0.06201171875,0.055028262343398096,0.06981594540504582,"[4.677560951639784, 6.087160235845123, 0.8047596819305679, 1.752923239349981]","[3.7905476910483342, 6.1447572426878425, 0.6032143730349397, 0.9110868790059795]",CONVERGENCE: NORM OF PROJECTED GRADIENT <= PGTOL,28,0.15625,0.5177886498874809,1.9312899195787838,30,0.0625,0.22458128184727544,4.452730841032608,31,0.03125,0.05906016954815005,16.93188501913678,24,0.28125,True,0.589299586807621,1.6969297491234347,27,0.21875,True,0.5495678470941139,1.8196115462132363,30,0.0625,True,0.22458128184727544,4.452730841032608
n8_d25_s42,8,0.25,42,2,11,True,1,10,L-BFGS-B,60,0.0030283919995781616,19.0,0.6129032258064516,0.03125,4096,147,0.035888671875,0.030613091018468288,0.04203397638944247,"[4.781606149005097, 1.8838413690506346, 2.93486027428888, 0.5197900196451875]","[0.0, 0.0, 3.141592653589793, 0.0]",CONVERGENCE: NORM OF PROJECTED GRADIENT <= PGTOL,28,0.15625,0.15625,6.4,30,0.0625,0.0625,16.0,31,0.03125,0.03125,32.0,24,0.28125,True,0.28125,3.5555555555555554,27,0.21875,True,0.21875,4.571428571428571,30,0.0625,True,0.0625,16.0
n8_d25_s42,8,0.25,42,2,12,True,17,125,L-BFGS-B,60,0.697192958999949,26.106134208435094,0.8421333615624224,0.0008242232790811017,4096,2,0.00048828125,0.00013391454481334652,0.0017787103455524616,"[2.961978109745375, 0.29570423045644983, 2.2666121976405322, 1.963873310904198]","[3.0549059005861614, 0.29074475870519284, 2.4568300893929464, 2.118820289893021]",CONVERGENCE: RELATIVE REDUCTION OF F <= FACTR*EPSMCH,28,0.15625,0.5409544999644176,1.8485843080439799,30,0.0625,0.506182931282236,1.9755703683386805,31,0.03125,0.0008242232790811017,1213.2634752986664,24,0.28125,True,0.5852334631967322,1.7087197894284452,27,0.21875,True,0.5414874784329711,1.8467647726479914,30,0.0625,True,0.506182931282236,1.9755703683386805
n8_d25_s42,8,0.25,42,2,13,True,14,95,L-BFGS-B,60,0.5204609229995185,25.747972609307705,0.8305797615905711,0.10793242646567389,4096,462,0.11279296875,0.10346579745033128,0.12284574853017712,"[2.6704414143275765, 0.4694413151408124, 2.447546296376351, 2.7720428546003695]","[4.215873780438346, 0.1920677139190215, 2.313180932464987, 2.822673426179801]",CONVERGENCE: NORM OF PROJECTED GRADIENT <= PGTOL,28,0.15625,0.2469717697185428,4.049045772071978,30,0.0625,0.13022636480185323,7.678936607971485,31,0.03125,0.10793242646567389,9.265056227731833,24,0.28125,True,0.7534089880940575,1.327300331961473,27,0.21875,True,0.5740914932388486,1.741882629819693,30,0.0625,True,0.13022636480185323,7.678936607971485
n8_d25_s42,8,0.25,42,2,14,True,14,90,L-BFGS-B,60,0.6430139539997981,27.12925027256835,0.875137105566721,0.22159392725998706,4096,901,0.219970703125,0.20755086071154094,0.2329153077876035,"[4.804211608357472, 4.170711768696945, 2.3901479201137454, 2.537418282863345]","[4.847714709440172, 4.275975219073271, 2.2360803476093514, 2.540777808262715]",CONVERGENCE: NORM OF PROJECTED GRADIENT <= PGTOL,28,0.15625,0.5282511077333012,1.8930390970516833,30,0.0625,0.33266003539013617,3.0060719461753878,31,0.03125,0.22159392725998706,4.512759046987515,24,0.28125,True,0.8167794999847344,1.224320639803876,27,0.21875,True,0.7166184643420475,1.3954426933698045,30,0.0625,True,0.33266003539013617,3.0060719461753878
n8_d25_s42,8,0.25,42,2,15,True,11,90,L-BFGS-B,60,0.5010771779998322,23.80710595133365,0.7679711597204403,0.0001373732373030017,4096,0,0.0,0.0,0.0009369774073651883,"[3.9613955970096564, 0.29267707907397905, 2.614927517626475, 0.0573035128880669]","[3.6865651911223947, 0.201102241610021, 2.702994877777051, 0.0]",CONVERGENCE: NORM OF PROJECTED GRADIENT <= PGTOL,28,0.15625,0.2936671154207088,3.40521613585299,30,0.0625,0.0003456317251166617,2893.252925964676,31,0.03125,0.0001373732373030017,7279.438263468435,24,0.28125,True,0.6613787707559696,1.5119928915422842,27,0.21875,True,0.4568505726266313,2.18889952189524,30,0.0625,True,0.0003456317251166617,2893.252925964676
n8_d25_s42,8,0.25,42,2,16,True,28,195,L-BFGS-B,60,1.1348747740003091,24.62139799899142,0.7942386451287554,0.09937659987595865,4096,389,0.094970703125,0.0863680897687127,0.10433232308227307,"[4.782449602758477, 6.207685141625842, 1.4228954375780363, 0.5643579431685194]","[5.138914341083059, 5.921470569631553, 2.410377828486015, 1.980920393553105]",CONVERGENCE: NORM OF PROJECTED GRADIENT <= PGTOL,28,0.15625,0.3398957439889556,2.9420786158254852,30,0.0625,0.11652837026854226,8.581601181716326,31,0.03125,0.09937659987595865,10.062731078022338,24,0.28125,True,0.5110919900154269,1.9565949369893583,27,0.21875,True,0.47237536136279057,2.116960539844894,30,0.0625,True,0.11652837026854226,8.581601181716326
n8_d25_s42,8,0.25,42,2,17,True,25,185,L-BFGS-B,60,1.0951451900000393,26.705793959132386,0.8614772244881415,0.17845804179068855,4096,758,0.18505859375,0.17346274762349081,0.19724462584110927,"[3.27163901046803, 0.5195811229769339, 0.7932194069513935, 1.4571010681456944]","[0.7970958610869072, 5.354710978268831, 0.10881815106932924, 1.276248078449687]",CONVERGENCE: NORM OF PROJECTED GRADIENT <= PGTOL,28,0.15625,0.557609831155202,1.7933686677085605,30,0.0625,0.2851764530621601,3.50660087557099,31,0.03125,0.17845804179068855,5.603558068696556,24,0.28125,True,0.7605118978793837,1.3149038204246462,27,0.21875,True,0.684244584635531,1.4614657133642628,30,0.0625,True,0.2851764530621601,3.50660087557099
n8_d25_s42,8,0.25,42,2,18,True,14,85,L-BFGS-B,60,0.5819049150004503,27.472712747872542,0.886216540253953,0.31730308074114144,4096,1322,0.32275390625,0.30860790008030436,0.33723206359047064,"[0.15914609715623074, 2.0561585464395327, 0.7361730003576403, 1.8646640611399574]","[0.24095048793366, 1.4173422159236637, 0.5893740653161721, 2.108893272293271]",CONVERGENCE: NORM OF PROJECTED GRADIENT <= PGTOL,28,0.15625,0.6655749793861321,1.5024603252398583,30,0.0625,0.3407652173472507,2.934571808075611,31,0.03125,0.31730308074114144,3.151560954480012,24,0.28125,True,0.8269628044467892,1.209244230360478,27,0.21875,True,0.795910884465741,1.2564220687486323,30,0.0625,True,0.3407652173472507,2.934571808075611
n8_d25_s42,8,0.25,42,2,19,True,16,105,L-BFGS-B,60,0.6100102680002237,24.77638707185944,0.7992382926406271,0.1431307654545482,4096,597,0.145751953125,0.13527778204924792,0.15688996903380228,"[1.09780585636211, 4.779564565905269, 0.8508180977443874, 0.5861613908694968]","[1.1836298127562244, 4.6710993997338806, 0.6761016607268039, 0.6991463811824139]",CONVERGENCE: NORM OF PROJECTED GRADIENT <= PGTOL,28,0.15625,0.3736829613776061,2.676065283558651,30,0.0625,0.3255019921110375,3.0721778183737602,31,0.03125,0.1431307654545482,6.986618123813181,24,0.28125,True,0.456980453993572,2.188277400621748,27,0.21875,True,0.40929631162865454,2.4432177168194906,30,0.0625,True,0.3255019921110375,3.0721778183737602
n8_d25_s42,8,0.25,42,3,0,True,43,399,L-BFGS-B,60,0.1712502520003909,29.311702612096536,0.945538793938598,0.6193479926406581,4096,2474,0.60400390625,0.588935861117659,0.618877052761473,"[2.0160065366212945, 2.604634308465068, 6.078264184281735, 1.185109391838461, 1.5788329013281883, 2.7781404786209194]","[1.963289430921398, 2.244293626628656, 6.1129417857874335, 0.8116532664390682, 2.1128276836044444, 1.890862171460554]",CONVERGENCE: NORM OF PROJECTED GRADIENT <= PGTOL,28,0.15625,0.8763361104034557,1.1411146797769303,30,0.0625,0.7234116580210339,1.382338795500755,31,0.03125,0.6193479926406581,1.6146011804064955,24,0.28125,True,0.8969459285038144,1.11489440803649,27,0.21875,True,0.8918332049505097,1.1212859023963935,30,0.0625,True,0.7234116580210339,1.382338795500755
n8_d25_s42,8,0.25,42,3,1,True,16,147,L-BFGS-B,60,0.04186808599934011,23.970570254570788,0.773244201760348,0.10423825061263228,4096,413,0.100830078125,0.09197969874241901,0.11042848390457419,"[1.191659708487728, 2.847209361209139, 0.6258605965245894, 3.119385442209426, 2.451572137036609, 0.9444187184961892]","[1.1259631395104395, 2.8114550772580773, 1.3170730760082252, 3.141592653589793, 2.410619315690809, 1.35692301290125]",CONVERGENCE: NORM OF PROJECTED GRADIENT <= PGTOL,28,0.15625,0.392812091729176,2.5457464804557217,30,0.0625,0.23316185784982377,4.288866151701733,31,0.03125,0.10423825061263228,9.593407354044881,24,0.28125,True,0.5467509860272581,1.8289861848555409,27,0.21875,True,0.454556235752787,2.199947820194146,30,0.0625,True,0.23316185784982377,4.288866151701733
n8_d25_s42,8,0.25,42,3,2,True,21,189,L-BFGS-B,60,0.10201826100001199,27.46460433794007,0.885954978643228,0.1941939987537882,4096,821,0.200439453125,0.1884628085800003,0.21297746059911932,"[1.2818887031058959, 3.295317247757951, 3.722389922895913, 2.1902986777620987, 2.1856832364292536, 2.018079592544931]","[0.7769338979070283, 2.2058402395051, 4.563323822083262, 1.1734041030003914, 1.115518343208024, 2.615477502429702]",CONVERGENCE: RELATIVE REDUCTION OF F <= FACTR*EPSMCH,28,0.15625,0.5313482298647692,1.8820049522974889,30,0.0625,0.1979275730169314,5.052353165137111,31,0.03125,0.1941939987537882,5.149489718618263,24,0.28125,True,0.9012425426608196,1.109579222755741,27,0.21875,True,0.8272040376217544,1.2088915848078317,30,0.0625,True,0.1979275730169314,5.052353165137111
n8_d25_s42,8,0.25,42,3,3,True,34,315,L-BFGS-B,60,0.12079206099951989,28.415738092910914,0.9166367126745456,0.004021208106862324,4096,10,0.00244140625,0.0013266895763215114,0.004488525246046777,"[3.017249343812345, 0.37864442644848934, 5.7744230536663315, 2.9072468852472726, 0.41249256918074007, 1.3621420453177522]","[2.9729395149600024, 0.2664451419284937, 5.836858550004711, 2.6577871134910036, 1.0929764553848327, 0.8627212132703168]",CONVERGENCE: RELATIVE REDUCTION OF F <= FACTR*EPSMCH,28,0.15625,0.8487837203414296,1.1781564325924425,30,0.0625,0.6729723059352924,1.4859452479403392,31,0.03125,0.004021208106862324,248.68148412748576,24,0.28125,True,0.8793586357443297,1.1371924483957037,27,0.21875,True,0.8546094297020081,1.1701251650694842,30,0.0625,True,0.6729723059352924,1.4859452479403392
n8_d25_s42,8,0.25,42,3,4,True,28,259,L-BFGS-B,60,0.08975847700003214,28.170833620398508,0.9087365683999519,0.15687603285384863,4096,615,0.150146484375,0.1395349961788309,0.1614135822512249,"[4.8137861002968005, 0.561427363105168, 4.991372358713859, 2.7613469107913735, 1.0385603372058132, 0.2343777390406778]","[4.73090482137475, 0.6847269339984925, 5.023823958838297, 2.443182180187728, 1.0739467266548064, 0.41254837977224534]",CONVERGENCE: NORM OF PROJECTED GRADIENT <= PGTOL,28,0.15625,0.841297621233611,1.1886399946474122,30,0.0625,0.5402141390187439,1.8511177841742916,31,0.03125,0.15687603285384863,6.374460023040205,24,0.28125,True,0.8674679951633322,1.152780281895834,27,0.21875,True,0.8668743086018702,1.1535697736997654,30,0.0625,True,0.5402141390187439,1.8511177841742916
n8_d25_s42,8,0.25,42,3,5,True,29,294,L-BFGS-B,60,1.3994729290006944,26.42607673423802,0.8524540882012265,0.10704368989140364,4096,447,0.109130859375,0.09994574402647086,0.11904844583153287,"[4.236213911806827, 5.884681984856956, 0.45709480604838854, 1.2957325764640566, 1.391183114097621, 0.7931441725142722]","[3.921131591796244, 5.554887825935443, 0.405119081462818, 1.2024018291292462, 1.0456146896045273, 0.8283552300126834]",CONVERGENCE: RELATIVE REDUCTION OF F <= FACTR*EPSMCH,28,0.15625,0.5211687180716325,1.9187644333299263,30,0.0625,0.4345045863285525,2.3014716793894685,31,0.03125,0.10704368989140364,9.341979905723589,24,0.28125,True,0.601043606365274,1.6637727935371582,27,0.21875,True,0.5421356309989209,1.8445568651472577,30,0.0625,True,0.4345045863285525,2.3014716793894685
n8_d25_s42,8,0.25,42,3,6,True,21,210,L-BFGS-B,60,1.1591461590005565,27.127388754834158,0.8750770566075535,0.2964089018152038,4096,1209,0.295166015625,0.2813948296735927,0.30932105120764725,"[0.945951521007714, 6.182153207271698, 3.4969258155302954, 2.0070434356658557, 1.1109088007723806, 1.122600604353906]","[0.9701318899033934, 6.181026697216933, 3.4558133902508206, 2.4896815624040873, 1.0135354434248267, 0.9663960811575962]",CONVERGENCE: NORM OF PROJECTED GRADIENT <= PGTOL,28,0.15625,0.5510377380782365,1.8147577396196768,30,0.0625,0.40369696872155125,2.477105545693971,31,0.03125,0.2964089018152038,3.3737178400379157,24,0.28125,True,0.7711295440387531,1.2967989720151936,27,0.21875,True,0.6961511729225311,1.4364696044421972,30,0.0625,True,0.40369696872155125,2.477105545693971
n8_d25_s42,8,0.25,42,3,7,True,23,203,L-BFGS-B,60,1.1622240309998233,28.16047940546651,0.9084025614666617,0.23995898194364412,4096,1014,0.24755859375,0.23458188020091308,0.26100837108776637,"[2.2627649566872647, 5.7665267972498695, 6.135935844694087, 1.2865872141415047, 2.3818139199561097, 0.9735353736863103]","[2.12920301885462, 5.457362348451761, 5.683984247320788, 0.9467006866562139, 2.1582658222380724, 1.0758970291115986]",CONVERGENCE: RELATIVE REDUCTION OF F <= FACTR*EPSMCH,28,0.15625,0.7594950258505022,1.3166643176894728,30,0.0625,0.3191604300706897,3.1332204928365135,31,0.03125,0.23995898194364412,4.167378907428672,24,0.28125,True,0.9140014698419803,1.0940901442673696,27,0.21875,True,0.8932804344272656,1.119469274664186,30,0.0625,True,0.3191604300706897,3.1332204928365135
n8_d25_s42,8,0.25,42,3,8,True,39,385,L-BFGS-B,60,2.1396639580007104,29.028283903029866,0.9363962549364473,0.08125289755700349,4096,323,0.078857421875,0.07099268004758715,0.08751136586437815,"[3.4800936001595875, 3.6317512416053472, 5.889389821491512, 0.3188730899926229, 2.381986479100019, 1.6044115691873084]","[3.434202077914471, 3.478174194553024, 5.776385647945851, 0.5807461585220898, 2.913192271476758, 1.7875513156814788]",CONVERGENCE: RELATIVE REDUCTION OF F <= FACTR*EPSMCH,28,0.15625,0.8729749179069549,1.145508283786206,30,0.0625,0.8058480472760758,1.2409287375953764,31,0.03125,0.08125289755700349,12.307253403467163,24,0.28125,True,0.9169133259063935,1.0906156249953867,27,0.21875,True,0.8784798544407111,1.1383300310701552,30,0.0625,True,0.8058480472760758,1.2409287375953764
n8_d25_s42,8,0.25,42,3,9,True,25,217,L-BFGS-B,60,1.2070545790002143,27.968430252549958,0.9022074275016115,0.08455867707925271,4096,360,0.087890625,0.07960135414733142,0.09695217020014534,"[2.3630829400559548, 2.684211815103765, 0.8142472997486045, 2.7165764442937803, 1.7870079538448194, 1.4076092401272124]","[2.7274679052954554, 3.039824359560345, 1.427645186841005, 2.2828074991803122, 2.000513803161302, 1.872087402968927]",CONVERGENCE: RELATIVE REDUCTION OF F <= FACTR*EPSMCH,28,0.15625,0.7369071659558573,1.3570230365488165,30,0.0625,0.42079916932674954,2.3764305466665556,31,0.03125,0.08455867707925271,11.826107438539381,24,0.28125,True,0.9044794290319659,1.1056083398936631,27,0.21875,True,0.811807028775887,1.2318198347061453,30,0.0625,True,0.42079916932674954,2.3764305466665556
n8_d25_s42,8,0.25,42,3,10,True,42,420,L-BFGS-B,60,2.013948543999504,29.574200486763573,0.954006467314954,0.34120174125357927,4096,1405,0.343017578125,0.32863278483856584,0.3576965493767349,"[0.25767864173058525, 4.975224290083711, 3.334014855507109, 1.7348729491053756, 2.5325700150243775, 2.504026376185109]","[0.2679045235165288, 4.5912915311928835, 3.088113835038344, 2.18746572049701, 2.8717853301805096, 2.201485779979801]",CONVERGENCE: RELATIVE REDUCTION OF F <= FACTR*EPSMCH,28,0.15625,0.9298622368473322,1.075428122977085,30,0.0625,0.6808276078816577,1.4688006015376234,31,0.03125,0.34120174125357927,2.9308173994833324,24,0.28125,True,0.967180713302116,1.0339329416380043,27,0.21875,True,0.9585465286968013,1.043246175393861,30,0.0625,True,0.6808276078816577,1.4688006015376234
n8_d25_s42,8,0.25,42,3,11,True,26,343,L-BFGS-B,60,1.3675909269995827,25.095314076362506,0.8095262605278227,0.20954443668486106,4096,897,0.218994140625,0.20659544963314697,0.2319194238999962,"[0.4626590441613149, 2.1496202788244223, 5.600149130555223, 2.551989954042247, 0.7303772303936688, 2.8327388678583896]","[5.538479320369601, 6.272801563665141, 6.2826805837420014, 2.916405035141664, 0.0, 2.926596737177415]",CONVERGENCE: RELATIVE REDUCTION OF F <= FACTR*EPSMCH,28,0.15625,0.4131073715464675,2.420678179274555,30,0.0625,0.29251436843642464,3.418635485652531,31,0.03125,0.20954443668486106,4.772257454412518,24,0.28125,True,0.43563049144075094,2.2955234301729486,27,0.21875,True,0.4297000703153093,2.3272046459434153,30,0.0625,True,0.29251436843642464,3.418635485652531
n8_d25_s42,8,0.25,42,3,12,True,34,329,L-BFGS-B,60,1.78600857299989,27.722342955195902,0.8942691275869646,0.12052445307070243,4096,509,0.124267578125,0.11451563935762342,0.13472362247339956,"[4.368083277903942, 1.2412247749486571, 1.1067217342523423, 2.1988641542329583, 0.6181664445141788, 0.22097040805030663]","[4.33634514812363, 1.3586960598991238, 0.758631447830581, 2.959535284389896, 0.18404832902922438, 0.23263812579958865]",CONVERGENCE: NORM OF PROJECTED GRADIENT <= PGTOL,28,0.15625,0.6196238937471734,1.613882243876206,30,0.0625,0.20515767242344307,4.87429979189865,31,0.03125,0.12052445307070243,8.297071461617643,24,0.28125,True,0.9254757760434806,1.0805253102086791,27,0.21875,True,0.835966722155636,1.1962198655723824,30,0.0625,True,0.20515767242344307,4.87429979189865
n8_d25_s42,8,0.25,42,3,13,True,20,189,L-BFGS-B,60,1.0829864900006214,29.396293482394917,0.9482675316901586,0.7176081807803756,4096,2931,0.715576171875,0.7015632832672241,0.7291850804775497,"[0.7769609551479545, 0.894640915137534, 1.7248029771249087, 0.26974474243570695, 2.063350094365442, 0.3659260707223504]","[0.8152937224541857, 0.8563200347452641, 1.7742270014367818, 0.6501205793593055, 1.9188205258368065, 0.32001351476365913]",CONVERGENCE: NORM OF PROJECTED GRADIENT <= PGTOL,28,0.15625,0.8384652003891724,1.1926553416120924,30,0.0625,0.7184248639051355,1.3919340076348543,31,0.03125,0.7176081807803756,1.3935181158505363,24,0.28125,True,0.865085911394055,1.1559545552979076,27,0.21875,True,0.8622785220260338,1.1597180892901888,30,0.0625,True,0.7184248639051355,1.3919340076348543
n8_d25_s42,8,0.25,42,3,14,True,25,245,L-BFGS-B,60,1.3353367760000765,28.042715692583712,0.9046037320188295,0.3639732465546747,4096,1434,0.35009765625,0.33563641524602106,0.36483980747278866,"[3.8712300592684414, 3.088850681452292, 5.394802411442052, 0.4699032362404952, 1.78065566712107, 2.746616006796892]","[4.8439474112112615, 3.487450897128897, 6.052128756389922, 0.9354400206389757, 2.2665781909646685, 1.9078981243228235]",CONVERGENCE: RELATIVE REDUCTION OF F <= FACTR*EPSMCH,28,0.15625,0.679026122726144,1.4726973919430593,30,0.0625,0.4335692971162636,2.306436379723275,31,0.03125,0.3639732465546747,2.7474546809851415,24,0.28125,True,0.8523490908795319,1.1732282121262174,27,0.21875,True,0.808641420458794,1.2366420698962417,30,0.0625,True,0.4335692971162636,2.306436379723275
n8_d25_s42,8,0.25,42,3,15,True,32,350,L-BFGS-B,60,1.744732643000134,28.96868948683823,0.9344738544141364,0.4118944919183076,4096,1739,0.424560546875,0.40950123174959063,0.4397612321268136,"[4.2456980638037916, 3.6670976405518707, 2.9900161076180356, 0.9184046339594892, 2.7519325910268355, 0.8437373025227125]","[5.497967673016746, 0.4960678683794955, 4.893306217412304, 0.9619664375924004, 2.7880127338458998, 1.184081584096518]",CONVERGENCE: NORM OF PROJECTED GRADIENT <= PGTOL,28,0.15625,0.8250512470098339,1.2120459227523364,30,0.0625,0.6731428876342842,1.4855686933192347,31,0.03125,0.4118944919183076,2.427806197025653,24,0.28125,True,0.8788254531458186,1.1378823820138897,27,0.21875,True,0.8549939469284209,1.1695989235859687,30,0.0625,True,0.6731428876342842,1.4855686933192347
n8_d25_s42,8,0.25,42,3,16,True,28,322,L-BFGS-B,60,1.502267302999826,28.114321408795362,0.9069135938321085,0.4721778196892172,4096,1919,0.468505859375,0.453260688557045,0.4838100487894151,"[2.7832222363349106, 4.081509398382438, 2.5517290862414663, 2.6056173188769645, 1.8218121760845556, 0.547020495349901]","[2.6948384531625154, 4.0628801880953604, 2.693914739174544, 2.4524645003769296, 1.9436207036223354, 0.6771557404038182]",CONVERGENCE: RELATIVE REDUCTION OF F <= FACTR*EPSMCH,28,0.15625,0.6859510212869351,1.4578300330012883,30,0.0625,0.5120373673068356,1.9529824654393935,31,0.03125,0.4721778196892172,2.117846197557925,24,0.28125,True,0.8028287430075345,1.2455956624744502,27,0.21875,True,0.7796013688003136,1.2827068294388013,30,0.0625,True,0.5120373673068356,1.9529824654393935
n8_d25_s42,8,0.25,42,3,17,True,17,161,L-BFGS-B,60,0.7310514420005347,27.435810482964367,0.8850261446117538,0.2456029665806748,4096,998,0.24365234375,0.23074988006650898,0.2570351913581655,"[0.5709101818766307, 3.9244444342482745, 0.8213065876294121, 3.0339859800328206, 1.0049072072552356, 2.440885427529292]","[0.7996530147267252, 3.8323272316979335, 1.4643850857525167, 3.141592653589793, 1.1649637648372693, 2.8136985505685606]",CONVERGENCE: NORM OF PROJECTED GRADIENT <= PGTOL,28,0.15625,0.6112017282503777,1.636121028097538,30,0.0625,0.35422939693935684,2.8230293946247422,31,0.03125,0.2456029665806748,4.071612057143144,24,0.28125,True,0.8392141957888755,1.1915909013669426,27,0.21875,True,0.7494068724595517,1.3343886168510868,30,0.0625,True,0.35422939693935684,2.8230293946247422
n8_d25_s42,8,0.25,42,3,18,True,26,231,L-BFGS-B,60,1.27570714400008,28.61258299442439,0.9229865482072384,0.2623110454079656,4096,1057,0.258056640625,0.2448875053493893,0.27167916682380355,"[6.133849630682698, 2.839022067624306, 1.6479066312523736, 1.1958900957312872, 3.0171536469633877, 1.6567712163208013]","[6.1355188019265325, 3.0067949034325925, 1.3131378212411855, 1.2873016756877405, 2.9005806288673446, 1.7656998772052677]",CONVERGENCE: RELATIVE REDUCTION OF F <= FACTR*EPSMCH,28,0.15625,0.7278761340502263,1.3738601297937267,30,0.0625,0.5072214364385081,1.9715255077182305,31,0.03125,0.2623110454079656,3.812267983015072,24,0.28125,True,0.9395845267569465,1.0643002002721165,27,0.21875,True,0.8238088451631085,1.2138738323476084,30,0.0625,True,0.5072214364385081,1.9715255077182305
n8_d25_s42,8,0.25,42,3,19,True,30,280,L-BFGS-B,60,1.5097400029999335,27.83240430850247,0.8978194938226602,0.11583861013657072,4096,477,0.116455078125,0.10698908389700948,0.12663981820600356,"[0.5004691949139035, 3.0953545695959166, 1.9363141016120125, 2.032091065620854, 2.3547301263898017, 2.363846598399277]","[0.5017924269420716, 3.0183001912760656, 1.742598724743773, 2.5250352038512833, 1.905383696764457, 2.5448238888817074]",CONVERGENCE: NORM OF PROJECTED GRADIENT <= PGTOL,28,0.15625,0.6052632644110123,1.6521736222883276,30,0.0625,0.1960303104976337,5.101251931201074,31,0.03125,0.11583861013657072,8.632700261346592,24,0.28125,True,0.9397014707939044,1.0641677501634137,27,0.21875,True,0.8022216643908662,1.2465382629117958,30,0.0625,True,0.1960303104976337,5.101251931201074
n8_d50_s17,8,0.5,17,1,0,True,1,6,L-BFGS-B,60,0.0009890270002870238,37.99999999999997,0.6666666666666662,0.015624999999999986,4096,55,0.013427734375,0.010331122163193216,0.017436161026689018,"[5.051676731497436, 3.031890193715183]","[0.0, 2.7288323463879225]",CONVERGENCE: NORM OF PROJECTED GRADIENT <= PGTOL,52,0.1171875,0.11718749999999992,8.533333333333339,55,0.03125,0.031249999999999972,32.00000000000003,57,0.015625,0.015624999999999986,64.00000000000006,48,0.1953125,True,0.19531249999999983,5.1200000000000045,54,0.0625,True,0.062499999999999944,16.000000000000014,59,0.0,False,0.0,inf
n8_d50_s17,8,0.5,17,1,1,True,9,39,L-BFGS-B,60,0.005297114000313741,42.30088184827137,0.7421207341801995,0.02017672489342444,4096,81,0.019775390625,0.015939893688042484,0.02451080678084781,"[2.789544461138636, 1.3130708465109493]","[2.880254690131251, 1.1246753004273329]",CONVERGENCE: NORM OF PROJECTED GRADIENT <= PGTOL,52,0.1171875,0.18565463125086637,5.3863455668323565,55,0.03125,0.058202365471286065,17.18143226486811,57,0.015625,0.02017672489342444,49.562057533227225,48,0.1953125,True,0.2653688760494588,3.768339433346443,54,0.0625,True,0.11186634191666761,8.939239299922118,59,0.0,False,0.0,inf
n8_d50_s17,8,0.5,17,1,2,True,1,6,L-BFGS-B,60,0.0009687559995654738,38.0,0.6666666666666666,0.015625,4096,39,0.009521484375,0.006973116704285116,0.012988986621592162,"[3.6123971605547465, 0.057052296819735886]","[6.283185307179586, 0.0]",CONVERGENCE: NORM OF PROJECTED GRADIENT <= PGTOL,52,0.1171875,0.1171875,8.533333333333333,55,0.03125,0.03125,32.0,57,0.015625,0.015625,64.0,48,0.1953125,True,0.1953125,5.12,54,0.0625,True,0.0625,16.0,59,0.0,False,0.0,inf
n8_d50_s17,8,0.5,17,1,3,True,9,39,L-BFGS-B,60,0.02758369399998628,41.63032532100537,0.7303565845790416,0.011901661287324467,4096,54,0.01318359375,0.010118659410882703,0.017160800037499223,"[1.2426304348677093, 0.9503366682941885]","[1.190527091722417, 0.9828273875491648]",CONVERGENCE: NORM OF PROJECTED GRADIENT <= PGTOL,52,0.1171875,0.17224582056592852,5.805656106571489,55,0.03125,0.07846969306377588,12.743773563473157,57,0.015625,0.011901661287324467,84.02188365627764,48,0.1953125,True,0.3406788190769038,2.935316033763353,54,0.0625,True,0.09144860504119776,10.935103925855383,59,0.0,False,0.0,inf
n8_d50_s17,8,0.5,17,1,4,True,1,6,L-BFGS-B,60,0.0010417469993626582,38.0,0.6666666666666666,0.015625,4096,63,0.015380859375,0.012040724876904885,0.019629148244979834,"[1.900794867965427, 1.6610116808692168]","[6.283185307179586, 0.0]",CONVERGENCE: NORM OF PROJECTED GRADIENT <= PGTOL,52,0.1171875,0.1171875,8.533333333333333,55,0.03125,0.03125,32.0,57,0.015625,0.015625,64.0,48,0.1953125,True,0.1953125,5.12,54,0.0625,True,0.0625,16.0,59,0.0,False,0.0,inf
n8_d50_s17,8,0.5,17,1,5,True,8,39,L-BFGS-B,60,0.22502111599987984,42.30088184827135,0.7421207341801992,0.020176729060627736,4096,78,0.01904296875,0.01528574904596704,0.023701480198422328,"[1.239541491573434, 0.40764120671035664]","[2.880254691803128, 1.1246752452397413]",CONVERGENCE: NORM OF PROJECTED GRADIENT <= PGTOL,52,0.1171875,0.18565462926237467,5.386345624523908,55,0.03125,0.05820236592383213,17.18143213127578,57,0.015625,0.020176729060627736,49.562047296921385,48,0.1953125,True,0.26536887635995554,3.7683394289372707,54,0.0625,True,0.11186634005123276,8.939239448989017,59,0.0,False,0.0,inf
n8_d50_s17,8,0.5,17,1,6,True,11,48,L-BFGS-B,60,0.38276316599967686,41.535036145109174,0.7286848446510381,0.01821735871164301,4096,87,0.021240234375,0.017252591636140006,0.026125051281752146,"[1.8791597171697738, 0.43469283126219727]","[2.3270494488340785, 1.1615174720481831]",CONVERGENCE: NORM OF PROJECTED GRADIENT <= PGTOL,52,0.1171875,0.19087984198924446,5.2388978824508206,55,0.03125,0.0656859237694139,15.22396188733577,57,0.015625,0.01821735871164301,54.892699640419536,48,0.1953125,True,0.29947803258389155,3.3391430796176147,54,0.0625,True,0.09354373091449521,10.69018725492211,59,0.0,False,0.0,inf
n8_d50_s17,8,0.5,17,1,7,True,1,6,L-BFGS-B,60,0.0011091080004916876,38.0,0.6666666666666666,0.015625,4096,67,0.016357421875,0.012901468019013623,0.020719700068872332,"[3.6030431810318504, 0.08244392583840486]","[6.283185307179586, 0.0]",CONVERGENCE: NORM OF PROJECTED GRADIENT <= PGTOL,52,0.1171875,0.1171875,8.533333333333333,55,0.03125,0.03125,32.0,57,0.015625,0.015625,64.0,48,0.1953125,True,0.1953125,5.12,54,0.0625,True,0.0625,16.0,59,0.0,False,0.0,inf
n8_d50_s17,8,0.5,17,1,8,True,8,36,L-BFGS-B,60,0.29019910999977583,41.473924916191514,0.7276127178279213,0.0010674343296499952,4096,6,0.00146484375,0.0006715185421635897,0.0031924013142034585,"[1.9997367000342368, 0.004070976054568034]","[2.0060224155160125, 0.42331835579346055]",CONVERGENCE: NORM OF PROJECTED GRADIENT <= PGTOL,52,0.1171875,0.12283934309967595,8.140714324632675,55,0.03125,0.006492141753722687,154.03237297253804,57,0.015625,0.0010674343296499952,936.8257814304076,48,0.1953125,True,0.23546085162387173,4.246990500133811,54,0.0625,True,0.03966246079794264,25.212757349939107,59,0.0,False,0.0,inf
n8_d50_s17,8,0.5,17,1,9,True,1,6,L-BFGS-B,60,0.001160275000074762,38.0,0.6666666666666666,0.015625,4096,69,0.016845703125,0.013333172427690648,0.02126364314319593,"[1.066720079326546, 2.5650351158224383]","[6.283185307179586, 0.0]",CONVERGENCE: NORM OF PROJECTED GRADIENT <= PGTOL,52,0.1171875,0.1171875,8.533333333333333,55,0.03125,0.03125,32.0,57,0.015625,0.015625,64.0,48,0.1953125,True,0.1953125,5.12,54,0.0625,True,0.0625,16.0,59,0.0,False,0.0,inf
n8_d50_s17,8,0.5,17,1,10,True,10,75,L-BFGS-B,60,0.38093837599990366,48.8544087466975,0.8570948902929386,0.08434827252409531,4096,347,0.084716796875,0.07657335223033533,0.09363846347763742,"[0.6461222915657939, 1.4407861042248629]","[0.08448730522348327, 0.33224935840172687]",CONVERGENCE: NORM OF PROJECTED GRADIENT <= PGTOL,52,0.1171875,0.4870878563588787,2.053017719380825,55,0.03125,0.17073710320894342,5.856957750865828,57,0.015625,0.08434827252409531,11.855607353598563,48,0.1953125,True,0.6522656941273546,1.5331175761709621,54,0.0625,True,0.2958404778048709,3.3802000572064226,59,0.0,False,0.0,inf
n8_d50_s17,8,0.5,17,1,11,True,9,39,L-BFGS-B,60,0.306579600999612,41.473924916191336,0.7276127178279181,0.0010674337553949241,4096,7,0.001708984375,0.0008280858168609898,0.0035236577810063684,"[4.233705253053648, 1.312475074709601]","[4.277162880388088, 1.147477882194827]",CONVERGENCE: NORM OF PROJECTED GRADIENT <= PGTOL,52,0.1171875,0.12283932902875298,8.14071525713015,55,0.03125,0.006492137699127754,154.03246917180363,57,0.015625,0.0010674337553949241,936.8262854213606,48,0.1953125,True,0.23546083698150827,4.246990764237087,54,0.0625,True,0.03966245635758196,25.21276017260181,59,0.0,False,0.0,inf
n8_d50_s17,8,0.5,17,1,12,True,1,6,L-BFGS-B,60,0.0011208750001969747,38.0,0.6666666666666666,0.015625,4096,63,0.015380859375,0.012040724876904885,0.019629148244979834,"[5.555377681197412, 2.470394233292631]","[0.0, 3.141592653589793]",CONVERGENCE: NORM OF PROJECTED GRADIENT <= PGTOL,52,0.1171875,0.1171875,8.533333333333333,55,0.03125,0.03125,32.0,57,0.015625,0.015625,64.0,48,0.1953125,True,0.1953125,5.12,54,0.0625,True,0.0625,16.0,59,0.0,False,0.0,inf
n8_d50_s17,8,0.5,17,1,13,True,1,6,L-BFGS-B,60,0.000989547999779461,38.0,0.6666666666666666,0.015625,4096,72,0.017578125,0.013982290939508705,0.022077995855878798,"[4.817486974190141, 2.869345357381691]","[0.0, 3.141592653589793]",CONVERGENCE: NORM OF PROJECTED GRADIENT <= PGTOL,52,0.1171875,0.1171875,8.533333333333333,55,0.03125,0.03125,32.0,57,0.015625,0.015625,64.0,48,0.1953125,True,0.1953125,5.12,54,0.0625,True,0.0625,16.0,59,0.0,False,0.0,inf
n8_d50_s17,8,0.5,17,1,14,True,8,36,L-BFGS-B,60,0.28494019499976275,41.27419731872966,0.7241087248899941,0.0075947001517893045,4096,39,0.009521484375,0.006973116704285116,0.012988986621592162,"[1.0532477735899777, 0.34339449084111345]","[1.0229358866822087, 0.374458176637967]",CONVERGENCE: NORM OF PROJECTED GRADIENT <= PGTOL,52,0.1171875,0.19474849454577425,5.134827883175021,55,0.03125,0.01231666228916119,81.19082723247287,57,0.015625,0.0075947001517893045,131.6707677740774,48,0.1953125,True,0.2276969263357948,4.391802806003869,54,0.0625,True,0.09238596923770065,10.824154449547327,59,0.0,False,0.0,inf
n8_d50_s17,8,0.5,17,1,15,True,10,108,L-BFGS-B,60,0.5169088650000049,40.0302360402913,0.7022848428121281,0.018490687392225286,4096,68,0.0166015625,0.013117213150496153,0.020991778678890113,"[4.413240090181893, 0.38987722429451493]","[4.384737809438312, 0.5061633913295859]",CONVERGENCE: RELATIVE REDUCTION OF F <= FACTR*EPSMCH,52,0.1171875,0.12379826577304774,8.077657580706685,55,0.03125,0.030783984164115687,32.484424195022854,57,0.015625,0.018490687392225286,54.08127771499001,48,0.1953125,True,0.20057956962385062,4.985552625700177,54,0.0625,True,0.08174698502418803,12.232867055636499,59,0.0,False,0.0,inf
n8_d50_s17,8,0.5,17,1,16,True,13,66,L-BFGS-B,60,0.5065645009999571,39.31814905771141,0.6897920887317791,0.005220592054503365,4096,23,0.005615234375,0.003744712895050349,0.00841221056682197,"[2.7725029670925587, 1.4275324318168297]","[3.068672546735711, 2.0408152713391012]",CONVERGENCE: NORM OF PROJECTED GRADIENT <= PGTOL,52,0.1171875,0.07573995270569918,13.203071355030742,55,0.03125,0.008441955918375248,118.45596087789825,57,0.015625,0.005220592054503365,191.54915564363705,48,0.1953125,True,0.1613949762593758,6.19597972115881,54,0.0625,True,0.039302106851842745,25.443928585551472,59,0.0,False,0.0,inf
n8_d50_s17,8,0.5,17,1,17,True,1,6,L-BFGS-B,60,0.0011255319996053004,38.0,0.6666666666666666,0.015625,4096,71,0.017333984375,0.01376571558724534,0.02180674746664186,"[3.9343182052375187, 1.5453713911456413]","[2.0009747525913313, 3.141592653589793]",CONVERGENCE: NORM OF PROJECTED GRADIENT <= PGTOL,52,0.1171875,0.11718749999999997,8.533333333333335,55,0.03125,0.03125,32.0,57,0.015625,0.015625,64.0,48,0.1953125,True,0.19531249999999994,5.120000000000002,54,0.0625,True,0.0625,16.0,59,0.0,False,0.0,inf
n8_d50_s17,8,0.5,17,1,18,True,9,54,L-BFGS-B,60,0.3401696440005253,41.63032532100527,0.7303565845790398,0.011901664374281673,4096,59,0.014404296875,0.011183814817094736,0.01853476333878874,"[3.7191631445686095, 1.502435672184289]","[5.092658203775949, 0.5879688656469201]",CONVERGENCE: NORM OF PROJECTED GRADIENT <= PGTOL,52,0.1171875,0.17224583320183212,5.8056556806702675,55,0.03125,0.07846969476309386,12.743773287497525,57,0.015625,0.011901664374281673,84.02186186336272,48,0.1953125,True,0.34067881329826005,2.9353160835526113,54,0.0625,True,0.09144860343631271,10.93510411776192,59,0.0,False,0.0,inf
n8_d50_s17,8,0.5,17,1,19,True,8,45,L-BFGS-B,60,0.23254247999921063,41.63032532100479,0.7303565845790314,0.011901669771896157,4096,41,0.010009765625,0.0073873457194077235,0.013550405089470172,"[2.7714678670809287, 1.0037036165695188]","[5.092658207201078, 0.5879687498524161]",CONVERGENCE: NORM OF PROJECTED GRADIENT <= PGTOL,52,0.1171875,0.17224583236329524,5.8056557089336875,55,0.03125,0.07846969140375382,12.743773833066996,57,0.015625,0.011901669771896157,84.0218237579853,48,0.1953125,True,0.340678796359542,2.935316229497977,54,0.0625,True,0.0914485958990354,10.93510501904325,59,0.0,False,0.0,inf
n8_d50_s17,8,0.5,17,2,0,True,12,80,L-BFGS-B,60,0.015987560000212397,44.04544594260218,0.7727271218000382,0.024052401975525092,4096,92,0.0224609375,0.018350651411753346,0.02746611021364036,"[3.5762104217106288, 4.923008700527674, 1.0528968216528032, 3.113557721285924]","[3.588343415718936, 4.9052518666424385, 0.9251936356396405, 2.916457116990519]",CONVERGENCE: NORM OF PROJECTED GRADIENT <= PGTOL,52,0.1171875,0.28740519007424314,3.479408286752504,55,0.03125,0.12129991557159378,8.244028821353785,57,0.015625,0.024052401975525092,41.57588921961167,48,0.1953125,True,0.3894290111719183,2.567862104034508,54,0.0625,True,0.15393583367691974,6.496213234527305,59,0.0,False,0.0,inf
n8_d50_s17,8,0.5,17,2,1,True,1,10,L-BFGS-B,60,0.003405712000130734,37.99999999999998,0.6666666666666663,0.015624999999999816,4096,72,0.017578125,0.013982290939508705,0.022077995855878798,"[2.07268407948154, 3.2390362622240674, 3.0982220222556887, 0.34059088751380107]","[6.283185307179586, 6.283185307179586, 3.1120115252123246, 0.033932011283558994]",CONVERGENCE: NORM OF PROJECTED GRADIENT <= PGTOL,52,0.1171875,0.1171875000000003,8.533333333333312,55,0.03125,0.031249999999999896,32.00000000000011,57,0.015625,0.015624999999999816,64.00000000000075,48,0.1953125,True,0.1953125000000001,5.119999999999997,54,0.0625,True,0.062499999999999674,16.000000000000085,59,0.0,False,0.0,inf
n8_d50_s17,8,0.5,17,2,2,True,9,80,L-BFGS-B,60,0.019451040000603825,48.85440874669753,0.8570948902929392,0.08434827756877702,4096,350,0.08544921875,0.07727181274010816,0.0944034741923655,"[6.092132923698238, 2.085644782161633, 0.37105992803543014, 2.462544533508908]","[5.812269361606355e-10, 6.198697986941927, 6.999035333533929e-09, 2.809343321351526]",CONVERGENCE: NORM OF PROJECTED GRADIENT <= PGTOL,52,0.1171875,0.48708788206207504,2.0530176110448974,55,0.03125,0.17073711566578476,5.856957323546946,57,0.015625,0.08434827756877702,11.85560664454122,48,0.1953125,True,0.6522657175997796,1.5331175210002144,54,0.0625,True,0.29584049550016556,3.3801998550243786,59,0.0,False,0.0,inf
n8_d50_s17,8,0.5,17,2,3,True,19,145,L-BFGS-B,60,0.06421701199997187,45.90844222180746,0.8054112670492537,0.04729839989842691,4096,201,0.049072265625,0.042868931773833364,0.056120617675094124,"[3.6018003109204035, 0.5054515992356343, 2.2272660364213923, 2.1574698854563636]","[3.5647397480062843, 0.6009497368807583, 2.610716634791835, 1.8706533163701071]",CONVERGENCE: NORM OF PROJECTED GRADIENT <= PGTOL,52,0.1171875,0.4031374267561956,2.480543689645485,55,0.03125,0.1422217481251143,7.031273438716892,57,0.015625,0.04729839989842691,21.142364269140085,48,0.1953125,True,0.49111535146054225,2.0361815142330024,54,0.0625,True,0.19584262733041113,5.106140647882926,59,0.0,False,0.0,inf
n8_d50_s17,8,0.5,17,2,4,True,18,125,L-BFGS-B,60,0.035498760000336915,43.24811827355046,0.7587389170798327,0.02780356800770854,4096,114,0.02783203125,0.023219948082791268,0.03332893585560926,"[1.6246089445158347, 6.03311563692547, 2.8606367985137204, 1.528373767329627]","[2.8722051145143137, 5.766821139145166, 2.747093326000439, 1.3786473685979466]",CONVERGENCE: NORM OF PROJECTED GRADIENT <= PGTOL,52,0.1171875,0.238129909567472,4.199388484278826,55,0.03125,0.08689438448195402,11.508223528617975,57,0.015625,0.02780356800770854,35.966606865807655,48,0.1953125,True,0.33489739676506236,2.9859891705922137,54,0.0625,True,0.13773522821181708,7.260306698458749,59,0.0,False,0.0,inf
n8_d50_s17,8,0.5,17,2,5,True,1,10,L-BFGS-B,60,0.022393295999791007,37.99999999999986,0.6666666666666642,0.015624999999999483,4096,54,0.01318359375,0.010118659410882703,0.017160800037499223,"[2.223197794404927, 5.855770120615655, 0.5318594188051559, 0.670029620743325]","[6.283185307179586, 6.283185307179586, 0.3998505267625413, 1.8557726740806841]",CONVERGENCE: NORM OF PROJECTED GRADIENT <= PGTOL,52,0.1171875,0.1171874999999989,8.533333333333413,55,0.03125,0.031249999999999264,32.00000000000075,57,0.015625,0.015624999999999483,64.00000000000212,48,0.1953125,True,0.1953124999999971,5.120000000000076,54,0.0625,True,0.062499999999998446,16.000000000000398,59,0.0,False,0.0,inf
n8_d50_s17,8,0.5,17,2,6,True,20,125,L-BFGS-B,60,0.873768151999684,42.916028865483156,0.7529127871137395,0.01142670866639697,4096,56,0.013671875,0.01054387645975476,0.017711230471627787,"[5.29970644590763, 3.825361837847821, 2.9981334561196284, 1.0883105208386301]","[5.236903529489744, 3.9349036786656444, 2.9325473676835765, 1.1961633419472333]",CONVERGENCE: NORM OF PROJECTED GRADIENT <= PGTOL,52,0.1171875,0.19087457754627324,5.239042374606291,55,0.03125,0.03874223620213628,25.811623128374276,57,0.015625,0.01142670866639697,87.51426409782762,48,0.1953125,True,0.2663936569676776,3.7538431334396725,54,0.0625,True,0.10248465534913234,9.757558305614834,59,0.0,False,0.0,inf
n8_d50_s17,8,0.5,17,2,7,True,16,115,L-BFGS-B,60,0.6107901140003378,43.66641968213173,0.7660775382830128,0.04377623554994007,4096,177,0.043212890625,0.03740205843684756,0.049879721216072495,"[5.009217930836264, 0.18891721146584678, 1.08293512247747, 1.9701833662791786]","[5.007459855100266, 0.12851049271106296, 1.0354442735702565, 2.5360019716546063]",CONVERGENCE: NORM OF PROJECTED GRADIENT <= PGTOL,52,0.1171875,0.2809555877816887,3.559281407768374,55,0.03125,0.07617084577772913,13.128382516823523,57,0.015625,0.04377623554994007,22.843444335436217,48,0.1953125,True,0.4302423318090604,2.3242715234348337,54,0.0625,True,0.12163054433670187,8.221619046871693,59,0.0,False,0.0,inf
n8_d50_s17,8,0.5,17,2,8,True,27,210,L-BFGS-B,60,1.1797148010000456,48.915086583415004,0.8581594137441229,0.08728305252440727,4096,361,0.088134765625,0.07983441964402371,0.09720692844495338,"[3.3950885493640603, 3.2446648186937925, 2.112596223757935, 0.5217665796002218]","[3.131618967185968, 3.2282100876608206, 2.520717179216954, 0.335194378044375]",CONVERGENCE: RELATIVE REDUCTION OF F <= FACTR*EPSMCH,52,0.1171875,0.48831029205735565,2.047878196027338,55,0.03125,0.17865759507251372,5.597299121787232,57,0.015625,0.08728305252440727,11.45697785627246,48,0.1953125,True,0.6526909161301331,1.532118764466795,54,0.0625,True,0.30055483402821054,3.327179891261168,59,0.0,False,0.0,inf
n8_d50_s17,8,0.5,17,2,9,True,1,10,L-BFGS-B,60,0.018915235999884317,38.0,0.6666666666666666,0.015625,4096,65,0.015869140625,0.012470639018872916,0.020174881586012418,"[2.4689963943999853, 5.210665303799074, 2.1335638654527656, 1.9555364627781473]","[6.283185307179586, 0.0, 3.141592653589793, 0.0]",CONVERGENCE: NORM OF PROJECTED GRADIENT <= PGTOL,52,0.1171875,0.1171875,8.533333333333333,55,0.03125,0.03125,32.0,57,0.015625,0.015625,64.0,48,0.1953125,True,0.1953125,5.12,54,0.0625,True,0.0625,16.0,59,0.0,False,0.0,inf
n8_d50_s17,8,0.5,17,2,10,True,11,105,L-BFGS-B,60,0.3951258600000074,43.98629588001704,0.7716894014038077,0.040066894850247156,4096,173,0.042236328125,0.036493778036933766,0.048836706649985046,"[1.778914635812697, 3.157410892899865, 1.052602648142898, 2.8132757253820073]","[3.7890961731757353, 5.33446387280319, 1.1826040790586911, 1.358860713438071]",CONVERGENCE: NORM OF PROJECTED GRADIENT <= PGTOL,52,0.1171875,0.2405017280795074,4.157974281454686,55,0.03125,0.060060756946152656,16.649806809736813,57,0.015625,0.040066894850247156,24.958260522497948,48,0.1953125,True,0.2753828285138884,3.6313084784426453,54,0.0625,True,0.12319150800301237,8.117442640409493,59,0.0,False,0.0,inf
n8_d50_s17,8,0.5,17,2,11,True,17,125,L-BFGS-B,60,0.6912945589992887,44.38273865891677,0.7786445378757328,0.026286188751570183,4096,105,0.025634765625,0.021221146731562557,0.030937323533335177,"[1.5521676811497884, 0.7830462553249437, 0.1306050831640111, 1.3860242369688571]","[1.7323187148057189, 0.5743982464137377, 0.3256380201565396, 1.1795521941244242]",CONVERGENCE: NORM OF PROJECTED GRADIENT <= PGTOL,52,0.1171875,0.248561858093866,4.023143404497579,55,0.03125,0.0792367553297666,12.620405717500821,57,0.015625,0.026286188751570183,38.04279157587141,48,0.1953125,True,0.3846274061556552,2.5999187369277297,54,0.0625,True,0.13235170246162475,7.555626270013028,59,0.0,False,0.0,inf
n8_d50_s17,8,0.5,17,2,12,True,1,10,L-BFGS-B,60,0.054588555000009364,38.0,0.6666666666666666,0.015625,4096,66,0.01611328125,0.01268594169611479,0.020447402650270854,"[4.49640279079612, 2.1895997081653666, 2.199134954421141, 1.3151068583648748]","[6.283185307179586, 0.0, 3.141592653589793, 0.0]",CONVERGENCE: NORM OF PROJECTED GRADIENT <= PGTOL,52,0.1171875,0.1171875,8.533333333333333,55,0.03125,0.03125,32.0,57,0.015625,0.015625,64.0,48,0.1953125,True,0.1953125,5.12,54,0.0625,True,0.0625,16.0,59,0.0,False,0.0,inf
n8_d50_s17,8,0.5,17,2,13,True,15,125,L-BFGS-B,60,0.7375549560001673,45.15756206025107,0.7922379308815977,0.018690505827962813,4096,55,0.013427734375,0.010331122163193216,0.017436161026689018,"[4.208299719974009, 4.43884644867102, 2.3500293224220976, 0.14231105474302283]","[4.319568334442333, 4.467215364645508, 2.7648252776489914, 0.3833234273366267]",CONVERGENCE: NORM OF PROJECTED GRADIENT <= PGTOL,52,0.1171875,0.3379852371055682,2.9587091097936162,55,0.03125,0.0456707102234499,21.895871448185712,57,0.015625,0.018690505827962813,53.50309987351454,48,0.1953125,True,0.42405554978591375,2.3581816120667547,54,0.0625,True,0.1163040735962209,8.598151114394787,59,0.0,False,0.0,inf
n8_d50_s17,8,0.5,17,2,14,True,1,10,L-BFGS-B,60,0.0029643249999935506,38.0,0.6666666666666666,0.015625,4096,62,0.01513671875,0.011826124044008677,0.01935592533637573,"[4.456368700134293, 5.957846597026557, 2.4983886159282216, 0.5344942406725309]","[0.0, 6.283185307179586, 0.0, 0.0]",CONVERGENCE: NORM OF PROJECTED GRADIENT <= PGTOL,52,0.1171875,0.1171875,8.533333333333333,55,0.03125,0.03125,32.0,57,0.015625,0.015625,64.0,48,0.1953125,True,0.1953125,5.12,54,0.0625,True,0.0625,16.0,59,0.0,False,0.0,inf
n8_d50_s17,8,0.5,17,2,15,True,17,140,L-BFGS-B,60,0.7617500839996865,43.831939348583134,0.7689813920804058,0.02556793111110374,4096,101,0.024658203125,0.020335690936602244,0.029871484362294254,"[0.9696894709492024, 5.01167767670978, 0.32252986639012027, 1.6054043088858567]","[1.0811901175064504, 4.906238489288856, 0.33587446215755073, 1.220623051309372]",CONVERGENCE: RELATIVE REDUCTION OF F <= FACTR*EPSMCH,52,0.1171875,0.3035489291648362,3.294361810965144,55,0.03125,0.03844988566984742,26.007879674508494,57,0.015625,0.02556793111110374,39.11149461622713,48,0.1953125,True,0.37840022470359874,2.64270456177266,54,0.0625,True,0.11620494446910735,8.60548580414189,59,0.0,False,0.0,inf
n8_d50_s17,8,0.5,17,2,16,True,30,195,L-BFGS-B,60,1.1452015390004817,41.9979678344923,0.736806453236707,0.07461915528123406,4096,312,0.076171875,0.06843926049750462,0.08469872425795727,"[4.7019067155615994, 0.08934125033058081, 1.794275518642542, 0.9955354170546963]","[4.365467055291182, 0.1803376928854601, 1.9350286646618005, 1.2036662983986304]",CONVERGENCE: NORM OF PROJECTED GRADIENT <= PGTOL,52,0.1171875,0.2146826888662889,4.6580374285456765,55,0.03125,0.08335459534052231,11.996939051947582,57,0.015625,0.07461915528123406,13.401384620759565,48,0.1953125,True,0.30221572279091147,3.308894688751359,54,0.0625,True,0.1474250058228193,6.783109788049363,59,0.0,False,0.0,inf
n8_d50_s17,8,0.5,17,2,17,True,22,135,L-BFGS-B,60,1.0824884519997795,43.81612050135016,0.7687038684447397,0.036172879279775395,4096,151,0.036865234375,0.03151499527812255,0.043083367095789436,"[3.1107114371124145, 5.877497153034448, 2.624765520591723, 2.2650767890071184]","[3.1753570074315567, 5.82427006817967, 2.6362770320728797, 2.0922027618325156]",CONVERGENCE: NORM OF PROJECTED GRADIENT <= PGTOL,52,0.1171875,0.21147897211484182,4.728602517781099,55,0.03125,0.09460853986616417,10.569870345897181,57,0.015625,0.036172879279775395,27.645020797642438,48,0.1953125,True,0.4007307563887124,2.49544110118164,54,0.0625,True,0.14018668163756337,7.1333452530489705,59,0.0,False,0.0,inf
n8_d50_s17,8,0.5,17,2,18,True,13,100,L-BFGS-B,60,0.5393084830002408,44.35444169867107,0.7781480999766854,0.023211480999168577,4096,106,0.02587890625,0.021442799690450102,0.031203494315947943,"[2.1227980485291913, 4.972983568696436, 1.8731759600279343, 2.3219124038321572]","[1.1619665248735598, 5.559005342357528, 1.4969645256813067, 1.152272609265871]",CONVERGENCE: RELATIVE REDUCTION OF F <= FACTR*EPSMCH,52,0.1171875,0.22732257081109603,4.399035240680061,55,0.03125,0.08630873350562938,11.586312988068308,57,0.015625,0.023211480999168577,43.08212819491438,48,0.1953125,True,0.41645710546326375,2.401207679930464,54,0.0625,True,0.10896788432401361,9.177015835477928,59,0.0,False,0.0,inf
n8_d50_s17,8,0.5,17,2,19,True,14,105,L-BFGS-B,60,0.511036249999961,41.83508479329246,0.7339488560226747,0.0027407908092882943,4096,5,0.001220703125,0.0005215205909937573,0.0028545755238729804,"[1.7436890925924096, 2.540564190645074, 0.390227938663512, 2.7969603135930847]","[1.7363104767606157, 2.5388330628567783, 0.12148387099737316, 2.7650107437481353]",CONVERGENCE: RELATIVE REDUCTION OF F <= FACTR*EPSMCH,52,0.1171875,0.15935812031588156,6.275174418584934,55,0.03125,0.012851065163749936,77.81456145913748,57,0.015625,0.0027407908092882943,364.85819954266105,48,0.1953125,True,0.265100938308045,3.7721480971825483,54,0.0625,True,0.04671029508420074,21.408556683219057,59,0.0,False,0.0,inf
n8_d50_s17,8,0.5,17,3,0,True,20,203,L-BFGS-B,60,0.08973690399943735,44.75300409040723,0.7851404226387233,0.06351515094826121,4096,290,0.07080078125,0.06334140319103769,0.07906445925141738,"[0.2978622891110668, 4.822057794337756, 2.176388370835876, 2.860556762835489, 2.3688318891588933, 2.6620089726762712]","[3.787949655537479, 6.063235443497482, 6.283185307179586, 1.2469755401819045, 1.2301757925109396, 3.141592653589793]",CONVERGENCE: RELATIVE REDUCTION OF F <= FACTR*EPSMCH,52,0.1171875,0.30891835402374956,3.2371012825062517,55,0.03125,0.12069021575875549,8.285675799924608,57,0.015625,0.06351515094826121,15.744274949682316,48,0.1953125,True,0.38488710339865256,2.598164477764367,54,0.0625,True,0.18345200061179456,5.4510171416234074,59,0.0,False,0.0,inf
n8_d50_s17,8,0.5,17,3,1,True,25,273,L-BFGS-B,60,0.09765427399997861,44.68312921352342,0.783914547605674,0.01922637105107576,4096,72,0.017578125,0.013982290939508705,0.022077995855878798,"[0.6660703380824209, 3.8136328004930355, 0.5158866340117982, 2.274821885358295, 1.1763446470411745, 2.6392840366332235]","[1.6312905939274542, 3.1315871544771063, 0.5220146596311815, 2.56394878419377, 1.2829741417375091, 2.7875237067864287]",CONVERGENCE: RELATIVE REDUCTION OF F <= FACTR*EPSMCH,52,0.1171875,0.34753393708729163,2.877416831234026,55,0.03125,0.03915041423843479,25.542513903167823,57,0.015625,0.01922637105107576,52.01189539843234,48,0.1953125,True,0.5054939768379626,1.9782629384732562,54,0.0625,True,0.06195931624417337,16.139622910929713,59,0.0,False,0.0,inf
n8_d50_s17,8,0.5,17,3,2,True,26,238,L-BFGS-B,60,0.09451924900076847,45.99581383281536,0.806944102330094,0.015301428109834116,4096,53,0.012939453125,0.009906496085844563,0.016885139621037056,"[0.8571750630774428, 5.74382692391775, 3.710629044744768, 2.105365695335248, 0.24172032505680913, 1.7791112781642884]","[0.8112018914754605, 5.713729159173724, 3.7186441392589855, 1.917993200403072, 0.3234556963213015, 1.8190354787153438]",CONVERGENCE: RELATIVE REDUCTION OF F <= FACTR*EPSMCH,52,0.1171875,0.3291411194850095,3.0382104841979314,55,0.03125,0.12034529918462548,8.309423025039546,57,0.015625,0.015301428109834116,65.35337700651009,48,0.1953125,True,0.511948732166413,1.9533205908495972,54,0.0625,True,0.22359906407006294,4.472290633947637,59,0.0,False,0.0,inf
n8_d50_s17,8,0.5,17,3,3,True,20,196,L-BFGS-B,60,0.07991860300080589,46.457214389024266,0.8150388489302502,0.02737795599200471,4096,97,0.023681640625,0.01945216539109278,0.028803714941802474,"[2.193581318800814, 3.088579212444594, 5.414724573109863, 0.77496584939203, 1.255104814848536, 1.8753828868354938]","[1.339969168885151, 4.502030741771984, 5.69876709137357, 0.0, 0.4336254308861096, 1.3205479716216528]",CONVERGENCE: NORM OF PROJECTED GRADIENT <= PGTOL,52,0.1171875,0.37246251534425634,2.6848339330891564,55,0.03125,0.05541173123862998,18.04672002925719,57,0.015625,0.02737795599200471,36.525736263584974,48,0.1953125,True,0.4934410846019438,2.026584391136977,54,0.0625,True,0.16307319611456575,6.132215617442477,59,0.0,False,0.0,inf
n8_d50_s17,8,0.5,17,3,4,True,15,168,L-BFGS-B,60,0.050396982000165735,48.854408746697516,0.8570948902929388,0.08434827844533635,4096,338,0.08251953125,0.07447911588500697,0.09134228614946299,"[3.3537127636467297, 2.744460284216726, 6.187554811344345, 0.38070190669169357, 2.5688363482417182, 1.834919555599627]","[3.5241016258767983, 2.6745963643899526, 6.283185307179586, 0.0, 2.661669747603144, 1.7184698733824608]",CONVERGENCE: NORM OF PROJECTED GRADIENT <= PGTOL,52,0.1171875,0.4870878843029342,2.053017601599942,55,0.03125,0.17073711698546795,5.856957278276601,57,0.015625,0.08434827844533635,11.855606521336066,48,0.1953125,True,0.6522657197280255,1.5331175159978803,54,0.0625,True,0.2958404977448007,3.3801998293777364,59,0.0,False,0.0,inf
n8_d50_s17,8,0.5,17,3,5,True,1,14,L-BFGS-B,60,0.030298005000076955,38.0,0.6666666666666666,0.015625,4096,50,0.01220703125,0.009271887142588631,0.016056277339792056,"[4.026698718190664, 3.5758439642976887, 0.4791377101041045, 3.093448817579828, 2.117156583756091, 1.3858486664026932]","[0.0, 0.0, 0.0, 3.141592653589793, 3.141592653589793, 3.141592653589793]",CONVERGENCE: NORM OF PROJECTED GRADIENT <= PGTOL,52,0.1171875,0.1171875,8.533333333333333,55,0.03125,0.03125,32.0,57,0.015625,0.015625,64.0,48,0.1953125,True,0.1953125,5.12,54,0.0625,True,0.0625,16.0,59,0.0,False,0.0,inf
n8_d50_s17,8,0.5,17,3,6,True,47,476,L-BFGS-B,60,2.573278661000586,45.85213061485027,0.8044233441201801,0.014018940573801937,4096,60,0.0146484375,0.01139766303294143,0.018808738864442356,"[4.814014936227783, 2.269651186490829, 1.699346553024481, 0.822268648601416, 1.155514819244508, 1.924887507848114]","[2.4634332641340424, 2.744200193611273, 2.1205219939066877, 0.3232056335565731, 1.3009777391201172, 1.8185055483055819]",CONVERGENCE: RELATIVE REDUCTION OF F <= FACTR*EPSMCH,52,0.1171875,0.3804907970220497,2.6281844602460893,55,0.03125,0.04880775669298547,20.488546652334005,57,0.015625,0.014018940573801937,71.33206640940914,48,0.1953125,True,0.4183709656390798,2.390223228020751,54,0.0625,True,0.1773352457173483,5.639036932307768,59,0.0,False,0.0,inf
n8_d50_s17,8,0.5,17,3,7,True,1,14,L-BFGS-B,60,0.0707650320000539,38.0,0.6666666666666666,0.015625,4096,55,0.013427734375,0.010331122163193216,0.017436161026689018,"[5.936086340832506, 4.153157653647039, 6.063271517798771, 2.6259913375720143, 2.4497179884612805, 2.2175825304686074]","[0.0, 0.0, 0.0, 0.0, 3.141592653589793, 3.141592653589793]",CONVERGENCE: NORM OF PROJECTED GRADIENT <= PGTOL,52,0.1171875,0.1171875,8.533333333333333,55,0.03125,0.03125,32.0,57,0.015625,0.015625,64.0,48,0.1953125,True,0.1953125,5.12,54,0.0625,True,0.0625,16.0,59,0.0,False,0.0,inf
n8_d50_s17,8,0.5,17,3,8,True,1,14,L-BFGS-B,60,0.028556931999446533,38.0,0.6666666666666666,0.015625,4096,62,0.01513671875,0.011826124044008677,0.01935592533637573,"[3.107093226031042, 1.5370746098288244, 2.2800362297442724, 0.6123763780476785, 2.901806738617578, 1.7446969518485285]","[0.0, 6.283185307179586, 6.283185307179586, 0.0, 3.141592653589793, 0.0]",CONVERGENCE: NORM OF PROJECTED GRADIENT <= PGTOL,52,0.1171875,0.1171875,8.533333333333333,55,0.03125,0.03125,32.0,57,0.015625,0.015625,64.0,48,0.1953125,True,0.1953125,5.12,54,0.0625,True,0.0625,16.0,59,0.0,False,0.0,inf
n8_d50_s17,8,0.5,17,3,9,True,21,196,L-BFGS-B,60,1.0753656200004116,43.858592639447465,0.7694489936745169,0.027660237116047183,4096,135,0.032958984375,0.027914302502552585,0.03887888000735444,"[3.2349698802813065, 5.151695725151621, 2.5870513040040946, 2.104604559962785, 1.267868531339907, 0.8901829517661479]","[3.2061706322263004, 5.204033056900384, 2.502448064445076, 2.375139431729417, 0.8699231160341244, 1.0428750735529713]",CONVERGENCE: RELATIVE REDUCTION OF F <= FACTR*EPSMCH,52,0.1171875,0.329061594121373,3.0389447382034933,55,0.03125,0.04925456863183081,20.30268516764045,57,0.015625,0.027660237116047183,36.15298002705286,48,0.1953125,True,0.4292093696565652,2.329865260863613,54,0.0625,True,0.17382841088908288,5.752799527334366,59,0.0,False,0.0,inf
n8_d50_s17,8,0.5,17,3,10,True,1,14,L-BFGS-B,60,0.03866159999961383,38.0,0.6666666666666666,0.015625,4096,68,0.0166015625,0.013117213150496153,0.020991778678890113,"[3.6854465465213915, 1.0074427527817906, 4.549528721507018, 1.310519271961051, 2.3132324101281827, 0.38127910096520656]","[0.0, 6.283185307179586, 6.283185307179586, 0.0, 3.141592653589793, 0.0]",CONVERGENCE: NORM OF PROJECTED GRADIENT <= PGTOL,52,0.1171875,0.1171875,8.533333333333333,55,0.03125,0.03125,32.0,57,0.015625,0.015625,64.0,48,0.1953125,True,0.1953125,5.12,54,0.0625,True,0.0625,16.0,59,0.0,False,0.0,inf
n8_d50_s17,8,0.5,17,3,11,True,27,273,L-BFGS-B,60,1.3453481400001692,45.107924590211546,0.7913670980738867,0.10402145044054466,4096,447,0.109130859375,0.09994574402647086,0.11904844583153287,"[2.2437282516023216, 0.23338270199468478, 0.9412174968329786, 2.406697586735799, 0.2298386495099883, 0.8237344168484488]","[2.1267906146951643, 0.7186602024745089, 0.9381936355006893, 2.7695189329343517, 0.0, 1.1259467323228305]",CONVERGENCE: NORM OF PROJECTED GRADIENT <= PGTOL,52,0.1171875,0.2704863672502822,3.6970439958428507,55,0.03125,0.13915550634773166,7.186205032383907,57,0.015625,0.10402145044054466,9.613401810538761,48,0.1953125,True,0.3659088085998045,2.732921363185063,54,0.0625,True,0.16392952783603051,6.100182274667708,59,0.0,False,0.0,inf
n8_d50_s17,8,0.5,17,3,12,True,17,161,L-BFGS-B,60,0.7077895860002172,45.9204837571714,0.8056225220556386,0.08913795488441076,4096,358,0.08740234375,0.07913528328083025,0.0964425935836459,"[3.9108949496748324, 4.115078547747926, 3.193049146426331, 0.6401799470307914, 1.9324444938023737, 0.00970690363562674]","[3.953947317509567, 4.099113281155647, 3.1444533411264683, 0.4065092371402377, 1.8513976022805223, 0.17047433472966095]",CONVERGENCE: RELATIVE REDUCTION OF F <= FACTR*EPSMCH,52,0.1171875,0.36418157031372955,2.7458830471254636,55,0.03125,0.14630565471997037,6.83500580967977,57,0.015625,0.08913795488441076,11.218565663714694,48,0.1953125,True,0.48954321699092285,2.0427205715293204,54,0.0625,True,0.21521198690643237,4.646581328366108,59,0.0,False,0.0,inf
n8_d50_s17,8,0.5,17,3,13,True,37,364,L-BFGS-B,60,1.676725964999605,44.183715806282656,0.7751529088821518,0.05570901144825869,4096,220,0.0537109375,0.047215509167164486,0.06104269137026889,"[1.0058488277405229, 3.525578979365886, 3.8886959834473345, 2.951475683732186, 0.2241098390826533, 1.3021932149214106]","[3.5427437736662757, 6.021089485009305, 0.1788871578397251, 2.575914122274048, 0.2408896212081192, 0.2758009238530717]",CONVERGENCE: RELATIVE REDUCTION OF F <= FACTR*EPSMCH,52,0.1171875,0.23471909095535015,4.260411864794699,55,0.03125,0.1451481541984061,6.889512343595349,57,0.015625,0.05570901144825869,17.950417248541164,48,0.1953125,True,0.38059492212418944,2.6274654281217567,54,0.0625,True,0.1757282745164519,5.6906038755099635,59,0.0,False,0.0,inf
n8_d50_s17,8,0.5,17,3,14,True,1,14,L-BFGS-B,60,0.04899665599987202,38.0,0.6666666666666666,0.015625,4096,66,0.01611328125,0.01268594169611479,0.020447402650270854,"[5.305930380330635, 0.6032904984362352, 1.4800093269950687, 2.823978505266161, 1.4818830681558786, 0.5372142799945132]","[0.0, 0.0, 0.0, 3.141592653589793, 0.0, 0.0]",CONVERGENCE: NORM OF PROJECTED GRADIENT <= PGTOL,52,0.1171875,0.1171875,8.533333333333333,55,0.03125,0.03125,32.0,57,0.015625,0.015625,64.0,48,0.1953125,True,0.1953125,5.12,54,0.0625,True,0.0625,16.0,59,0.0,False,0.0,inf
n8_d50_s17,8,0.5,17,3,15,True,40,455,L-BFGS-B,60,2.313814308000474,49.37674897138727,0.8662587538839872,0.06322777606188135,4096,265,0.064697265625,0.05756429279148446,0.07264597611346287,"[3.803665270120202, 2.231934137504798, 0.8598240757706549, 1.3565336782260735, 2.497085945405915, 0.8884628346050527]","[6.197724349285257, 3.885295944033158, 0.20466489619808162, 2.806708337037693, 1.5971785774939133, 0.10605312394287376]",CONVERGENCE: RELATIVE REDUCTION OF F <= FACTR*EPSMCH,52,0.1171875,0.5229138086367867,1.9123610497243437,55,0.03125,0.1922354089315993,5.2019552774266336,57,0.015625,0.06322777606188135,15.815833835770135,48,0.1953125,True,0.6777684465293639,1.4754301489257595,54,0.0625,True,0.29824058763083344,3.3529976853379013,59,0.0,False,0.0,inf
n8_d50_s17,8,0.5,17,3,16,True,22,182,L-BFGS-B,60,1.0026299320006729,40.95077863786787,0.7184347129450503,0.01986697082450719,4096,84,0.0205078125,0.016595533532573623,0.025318638160817603,"[2.4044581201318254, 4.520283110047093, 4.416858866679668, 1.8316707172716498, 0.3700559850108949, 1.2288180395958943]","[6.283185307179586, 1.7428694430454736, 3.910218845595458, 0.680220513214724, 0.2824724863517302, 0.1899501865625583]",CONVERGENCE: NORM OF PROJECTED GRADIENT <= PGTOL,52,0.1171875,0.23934326444166068,4.178099610752771,55,0.03125,0.02576445213021794,38.8131676523075,57,0.015625,0.01986697082450719,50.33479984610616,48,0.1953125,True,0.2823969320434444,3.5411149574605094,54,0.0625,True,0.07778187876655202,12.856464974333107,59,0.0,False,0.0,inf
n8_d50_s17,8,0.5,17,3,17,True,19,175,L-BFGS-B,60,1.0995050499996069,43.17219216405478,0.7574068800711364,0.03207283816080393,4096,127,0.031005859375,0.026121376790622992,0.03676921578728156,"[1.660929788132114, 1.9370954863216083, 1.2526376431809851, 3.055878399417016, 1.16906300990813, 3.0520410524483297]","[1.6362664480773155, 1.96141411533232, 1.1891987222654714, 3.0082440261986654, 1.1030888105549719, 3.141592653589793]",CONVERGENCE: RELATIVE REDUCTION OF F <= FACTR*EPSMCH,52,0.1171875,0.22000083360673314,4.545437322240196,55,0.03125,0.07845011590341398,12.74695376143456,57,0.015625,0.03207283816080393,31.17903052378119,48,0.1953125,True,0.39705856126118705,2.518520182070058,54,0.0625,True,0.12158906744143734,8.224423634811115,59,0.0,False,0.0,inf
n8_d50_s17,8,0.5,17,3,18,True,41,427,L-BFGS-B,60,2.4945646770001986,45.26534424393196,0.7941288463847713,0.0662530500541896,4096,265,0.064697265625,0.05756429279148446,0.07264597611346287,"[2.0402839044806007, 4.832485820782518, 3.4525441890559287, 0.2828417525803114, 3.04647043563916, 0.5749576549537602]","[2.0059559843330748, 4.958060717783792, 3.5253426057065367, 0.646247263309474, 2.6689023612549523, 0.2351196606969216]",CONVERGENCE: NORM OF PROJECTED GRADIENT <= PGTOL,52,0.1171875,0.29230149380591514,3.421125177909589,55,0.03125,0.10529615913487525,9.49702257153641,57,0.015625,0.0662530500541896,15.093644733066347,48,0.1953125,True,0.4598383233027265,2.1746773796877896,54,0.0625,True,0.1507334098170051,6.634229274147186,59,0.0,False,0.0,inf
n8_d50_s17,8,0.5,17,3,19,True,31,336,L-BFGS-B,60,1.9231311049998112,52.688170225593396,0.9243538636069016,0.15835387600989698,4096,681,0.166259765625,0.15517163016280286,0.17797331520627338,"[1.8639600312915554, 4.95025022788066, 4.191206639652592, 0.5762419279713225, 2.1588356560295052, 0.20852253556637773]","[6.214749162677109, 6.142078931920526, 1.4157927605811973, 2.7666832453270174, 2.9339373925955083, 1.5330692520989695]",CONVERGENCE: RELATIVE REDUCTION OF F <= FACTR*EPSMCH,52,0.1171875,0.7782706201328535,1.284900103037805,55,0.03125,0.31591187916151925,3.1654396873399007,57,0.015625,0.15835387600989698,6.314970149120321,48,0.1953125,True,0.9097200226217976,1.0992392990516104,54,0.0625,True,0.4994435722153541,2.002228190793117,59,0.0,False,0.0,inf
n8_d50_s42,8,0.5,42,1,0,True,10,60,L-BFGS-B,60,0.007849436999094905,40.798052612271036,0.6799675435378506,0.07865254671661989,4096,322,0.07861328125,0.07076043300550236,0.08725578916496263,"[3.018811885674506, 2.4123042933146874]","[3.9101739537432736, 1.9560847315298633]",CONVERGENCE: NORM OF PROJECTED GRADIENT <= PGTOL,54,0.046875,0.081764301397245,12.230276329783385,57,0.015625,0.07865254671661989,12.714146480252397,60,0.015625,0.07865254671661989,12.714146480252397,49,0.1875,True,0.15051082213102218,6.644040513774374,54,0.046875,True,0.081764301397245,12.230276329783385,60,0.015625,True,0.07865254671661989,12.714146480252397
n8_d50_s42,8,0.5,42,1,1,True,1,6,L-BFGS-B,60,0.000980232999609143,38.5,0.6416666666666667,0.015625,4096,57,0.013916015625,0.01075691476118927,0.017986015911693586,"[4.020409131541601, 1.1989126410044761]","[6.283185307179586, 0.0]",CONVERGENCE: NORM OF PROJECTED GRADIENT <= PGTOL,54,0.046875,0.046875,21.333333333333332,57,0.015625,0.015625,64.0,60,0.015625,0.015625,64.0,49,0.1875,True,0.1875,5.333333333333333,54,0.046875,True,0.046875,21.333333333333332,60,0.015625,True,0.015625,64.0
n8_d50_s42,8,0.5,42,1,2,True,12,60,L-BFGS-B,60,0.03091193000000203,40.426448037158345,0.6737741339526391,0.002916728152759042,4096,12,0.0029296875,0.0016767322242621596,0.005114130081106749,"[5.761984882806038, 1.453355953833506]","[2.717979187835195, 1.9152844203634158]",CONVERGENCE: NORM OF PROJECTED GRADIENT <= PGTOL,54,0.046875,0.05915694573838693,16.904185764125753,57,0.015625,0.002916728152759042,342.8499152566079,60,0.015625,0.002916728152759042,342.8499152566079,49,0.1875,True,0.235319325520583,4.249544731558954,54,0.046875,True,0.05915694573838693,16.904185764125753,60,0.015625,True,0.002916728152759042,342.8499152566079
n8_d50_s42,8,0.5,42,1,3,True,7,45,L-BFGS-B,60,0.0055393719994754065,41.728509495911325,0.6954751582651888,9.34835138091463e-05,4096,0,0.0,0.0,0.0009369774073651883,"[3.584130723048659, 1.3357041968923982]","[3.229264758710859, 1.100660091982946]",CONVERGENCE: NORM OF PROJECTED GRADIENT <= PGTOL,54,0.046875,0.0029764665225712325,335.9688383580898,57,0.015625,9.34835138091463e-05,10697.073304728105,60,0.015625,9.34835138091463e-05,10697.073304728105,49,0.1875,True,0.09948742436746716,10.051521650680149,54,0.046875,True,0.0029764665225712325,335.9688383580898,60,0.015625,True,9.34835138091463e-05,10697.073304728105
n8_d50_s42,8,0.5,42,1,4,True,9,39,L-BFGS-B,60,0.005127307000293513,41.531749047772045,0.6921958174628674,0.004795488854323691,4096,24,0.005859375,0.003940714277798989,0.008704032925573639,"[0.19907268504416242, 1.0422977673272638]","[5.230101069814839, 2.804999049630631]",CONVERGENCE: NORM OF PROJECTED GRADIENT <= PGTOL,54,0.046875,0.04793549782495279,20.861366740191666,57,0.015625,0.004795488854323691,208.5293137733776,60,0.015625,0.004795488854323691,208.5293137733776,49,0.1875,True,0.20137760517828493,4.9657954722158575,54,0.046875,True,0.04793549782495279,20.861366740191666,60,0.015625,True,0.004795488854323691,208.5293137733776
n8_d50_s42,8,0.5,42,1,5,True,1,6,L-BFGS-B,60,0.021403017999546137,38.500000000000014,0.6416666666666669,0.015625000000000007,4096,83,0.020263671875,0.01637682567489716,0.025049522276993755,"[0.2412439861879879, 0.606092459773787]","[0.0, 0.8127637610294258]",CONVERGENCE: NORM OF PROJECTED GRADIENT <= PGTOL,54,0.046875,0.046875000000000014,21.33333333333333,57,0.015625,0.015625000000000007,63.99999999999997,60,0.015625,0.015625000000000007,63.99999999999997,49,0.1875,True,0.18750000000000006,5.333333333333332,54,0.046875,True,0.046875000000000014,21.33333333333333,60,0.015625,True,0.015625000000000007,63.99999999999997
n8_d50_s42,8,0.5,42,1,6,True,9,48,L-BFGS-B,60,0.41946944299979805,43.63178910400964,0.7271964850668273,0.030342207037479092,4096,115,0.028076171875,0.02344256118222798,0.03359414649767285,"[0.7192836241944796, 0.36373175665066637]","[4.397552039936058, 0.4155661179971759]",CONVERGENCE: NORM OF PROJECTED GRADIENT <= PGTOL,54,0.046875,0.14830785805728366,6.742731053493818,57,0.015625,0.030342207037479092,32.95739162167033,60,0.015625,0.030342207037479092,32.95739162167033,49,0.1875,True,0.37092428917121034,2.695967962180073,54,0.046875,True,0.14830785805728366,6.742731053493818,60,0.015625,True,0.030342207037479092,32.95739162167033
n8_d50_s42,8,0.5,42,1,7,True,1,6,L-BFGS-B,60,0.0012654849997488782,38.5,0.6416666666666667,0.015625,4096,57,0.013916015625,0.01075691476118927,0.017986015911693586,"[0.3458502248513106, 0.4779574537551538]","[6.283185307179586, 0.0]",CONVERGENCE: NORM OF PROJECTED GRADIENT <= PGTOL,54,0.046875,0.046875,21.333333333333332,57,0.015625,0.015625,64.0,60,0.015625,0.015625,64.0,49,0.1875,True,0.1875,5.333333333333333,54,0.046875,True,0.046875,21.333333333333332,60,0.015625,True,0.015625,64.0
n8_d50_s42,8,0.5,42,1,8,True,1,6,L-BFGS-B,60,0.0013917559999754303,38.5,0.6416666666666667,0.015625,4096,61,0.014892578125,0.011611768142410793,0.019082457496473304,"[0.5956294001431008, 0.765720159370585]","[0.0, 3.141592653589793]",CONVERGENCE: NORM OF PROJECTED GRADIENT <= PGTOL,54,0.046875,0.046875,21.333333333333332,57,0.015625,0.015625,64.0,60,0.015625,0.015625,64.0,49,0.1875,True,0.1875,5.333333333333333,54,0.046875,True,0.046875,21.333333333333332,60,0.015625,True,0.015625,64.0
n8_d50_s42,8,0.5,42,1,9,True,1,6,L-BFGS-B,60,0.03348442700007581,38.5,0.6416666666666667,0.015625,4096,72,0.017578125,0.013982290939508705,0.022077995855878798,"[1.7475753286767637, 0.6146744504287079]","[0.0, 0.0]",CONVERGENCE: NORM OF PROJECTED GRADIENT <= PGTOL,54,0.046875,0.046875,21.333333333333332,57,0.015625,0.015625,64.0,60,0.015625,0.015625,64.0,49,0.1875,True,0.1875,5.333333333333333,54,0.046875,True,0.046875,21.333333333333332,60,0.015625,True,0.015625,64.0
n8_d50_s42,8,0.5,42,1,10,True,1,6,L-BFGS-B,60,0.0012474670002120547,38.5,0.6416666666666667,0.015625,4096,73,0.017822265625,0.014199063362519719,0.022349047174368093,"[0.25807165096473267, 1.6523720465661993]","[0.0, 0.0]",CONVERGENCE: NORM OF PROJECTED GRADIENT <= PGTOL,54,0.046875,0.046875,21.333333333333332,57,0.015625,0.015625,64.0,60,0.015625,0.015625,64.0,49,0.1875,True,0.1875,5.333333333333333,54,0.046875,True,0.046875,21.333333333333332,60,0.015625,True,0.015625,64.0
n8_d50_s42,8,0.5,42,1,11,True,12,63,L-BFGS-B,60,0.43766177500037884,43.03820937304848,0.717303489550808,0.04457405987094935,4096,184,0.044921875,0.03899360532121875,0.05170294052220348,"[2.8459397764675973, 1.9339606050976579]","[1.236557051323539, 1.175379742007308]",CONVERGENCE: NORM OF PROJECTED GRADIENT <= PGTOL,54,0.046875,0.14804144261288865,6.7548652752248906,57,0.015625,0.04457405987094935,22.434572998178677,60,0.015625,0.04457405987094935,22.434572998178677,49,0.1875,True,0.28941632823145425,3.455230069812344,54,0.046875,True,0.14804144261288865,6.7548652752248906,60,0.015625,True,0.04457405987094935,22.434572998178677
n8_d50_s42,8,0.5,42,1,12,True,1,6,L-BFGS-B,60,0.001327277999735088,38.500000000000014,0.6416666666666669,0.015624999999999476,4096,79,0.019287109375,0.015503626084669948,0.023971426901219724,"[0.4138417407083625, 0.9507755855758412]","[6.283185307179586, 1.6418466047327709]",CONVERGENCE: NORM OF PROJECTED GRADIENT <= PGTOL,54,0.046875,0.04687499999999925,21.333333333333673,57,0.015625,0.015624999999999476,64.00000000000215,60,0.015625,0.015624999999999476,64.00000000000215,49,0.1875,True,0.1874999999999999,5.333333333333337,54,0.046875,True,0.04687499999999925,21.333333333333673,60,0.015625,True,0.015624999999999476,64.00000000000215
n8_d50_s42,8,0.5,42,1,13,True,1,6,L-BFGS-B,60,0.053472315999897546,38.5,0.6416666666666667,0.015625,4096,82,0.02001953125,0.01615827811132198,0.024780246099068624,"[5.878630874750616, 2.0131250060306614]","[0.0, 0.0]",CONVERGENCE: NORM OF PROJECTED GRADIENT <= PGTOL,54,0.046875,0.046875,21.333333333333332,57,0.015625,0.015625,64.0,60,0.015625,0.015625,64.0,49,0.1875,True,0.1875,5.333333333333333,54,0.046875,True,0.046875,21.333333333333332,60,0.015625,True,0.015625,64.0
n8_d50_s42,8,0.5,42,1,14,True,8,36,L-BFGS-B,60,0.23444244199981767,39.627885712882524,0.6604647618813754,0.048525197346150295,4096,214,0.05224609375,0.04584127596794985,0.05948998212048167,"[4.163833298498994, 1.3338569455717681]","[4.179635429639111, 1.2821111457786207]",CONVERGENCE: NORM OF PROJECTED GRADIENT <= PGTOL,54,0.046875,0.06285022513802635,15.910841970794609,57,0.015625,0.048525197346150295,20.607850244618,60,0.015625,0.048525197346150295,20.607850244618,49,0.1875,True,0.22501058385806522,4.444235390415198,54,0.046875,True,0.06285022513802635,15.910841970794609,60,0.015625,True,0.048525197346150295,20.607850244618
n8_d50_s42,8,0.5,42,1,15,True,8,39,L-BFGS-B,60,0.27208933500060084,40.79805261227109,0.6799675435378515,0.07865252293313608,4096,301,0.073486328125,0.06588878523471378,0.08188313836424471,"[2.3454701743422555, 2.79139502736907]","[2.373011353224083, 2.756304392070494]",CONVERGENCE: NORM OF PROJECTED GRADIENT <= PGTOL,54,0.046875,0.08176427997099286,12.230279534715715,57,0.015625,0.07865252293313608,12.714150324842318,60,0.015625,0.07865252293313608,12.714150324842318,49,0.1875,True,0.15051080580263249,6.644041234563038,54,0.046875,True,0.08176427997099286,12.230279534715715,60,0.015625,True,0.07865252293313608,12.714150324842318
n8_d50_s42,8,0.5,42,1,16,True,1,6,L-BFGS-B,60,0.02130891700016946,38.5,0.6416666666666667,0.015625,4096,67,0.016357421875,0.012901468019013623,0.020719700068872332,"[2.953586229855876, 1.9062498264370886]","[6.283185307179586, 0.0]",CONVERGENCE: NORM OF PROJECTED GRADIENT <= PGTOL,54,0.046875,0.046875,21.333333333333332,57,0.015625,0.015625,64.0,60,0.015625,0.015625,64.0,49,0.1875,True,0.1875,5.333333333333333,54,0.046875,True,0.046875,21.333333333333332,60,0.015625,True,0.015625,64.0
n8_d50_s42,8,0.5,42,1,17,True,1,6,L-BFGS-B,60,0.001071321000381431,38.5,0.6416666666666667,0.015625,4096,63,0.015380859375,0.012040724876904885,0.019629148244979834,"[0.9140647437561219, 0.9252083956299164]","[0.0, 3.141592653589793]",CONVERGENCE: NORM OF PROJECTED GRADIENT <= PGTOL,54,0.046875,0.046875,21.333333333333332,57,0.015625,0.015625,64.0,60,0.015625,0.015625,64.0,49,0.1875,True,0.1875,5.333333333333333,54,0.046875,True,0.046875,21.333333333333332,60,0.015625,True,0.015625,64.0
n8_d50_s42,8,0.5,42,1,18,True,6,33,L-BFGS-B,60,0.10057197100013582,40.302673136935994,0.6717112189489333,0.018683395332092623,4096,61,0.014892578125,0.011611768142410793,0.019082457496473304,"[5.512932499732152, 2.839935464666824]","[5.553012873581097, 2.829888385621613]",CONVERGENCE: NORM OF PROJECTED GRADIENT <= PGTOL,54,0.046875,0.09919536641280433,10.081116045667613,57,0.015625,0.018683395332092623,53.52346199527726,60,0.015625,0.018683395332092623,53.52346199527726,49,0.1875,True,0.21022697496345882,4.756763494189163,54,0.046875,True,0.09919536641280433,10.081116045667613,60,0.015625,True,0.018683395332092623,53.52346199527726
n8_d50_s42,8,0.5,42,1,19,True,1,6,L-BFGS-B,60,0.000970889000200259,38.49999999999995,0.6416666666666658,0.01562500000000027,4096,67,0.016357421875,0.012901468019013623,0.020719700068872332,"[3.0800191257331493, 1.2436194302448034]","[6.283185307179586, 0.41084415421894954]",CONVERGENCE: NORM OF PROJECTED GRADIENT <= PGTOL,54,0.046875,0.04687500000000035,21.333333333333176,57,0.015625,0.01562500000000027,63.99999999999889,60,0.015625,0.01562500000000027,63.99999999999889,49,0.1875,True,0.1874999999999988,5.333333333333368,54,0.046875,True,0.04687500000000035,21.333333333333176,60,0.015625,True,0.01562500000000027,63.99999999999889
n8_d50_s42,8,0.5,42,2,0,True,18,115,L-BFGS-B,60,0.022508746000312385,42.07431684901813,0.7012386141503022,0.0021648373298326085,4096,8,0.001953125,0.0009900179449591885,0.0038495493944084797,"[4.506602886118095, 4.764891821658984, 2.754293642314336, 0.6726162490065178]","[4.60266083823163, 4.711930433039692, 2.9212782533244854, 0.3639113578316795]",CONVERGENCE: NORM OF PROJECTED GRADIENT <= PGTOL,54,0.046875,0.010211133907687332,97.93231672803367,57,0.015625,0.0021648373298326085,461.9284720470535,60,0.015625,0.0021648373298326085,461.9284720470535,49,0.1875,True,0.0818067509664266,12.223930032503048,54,0.046875,True,0.010211133907687332,97.93231672803367,60,0.015625,True,0.0021648373298326085,461.9284720470535
n8_d50_s42,8,0.5,42,2,1,True,1,10,L-BFGS-B,60,0.002151987000615918,38.5,0.6416666666666667,0.015625,4096,62,0.01513671875,0.011826124044008677,0.01935592533637573,"[5.2444083957538545, 2.3795622014392404, 0.10020866122443121, 1.8249134218371261]","[6.283185307179586, 6.283185307179586, 0.0, 3.141592653589793]",CONVERGENCE: NORM OF PROJECTED GRADIENT <= PGTOL,54,0.046875,0.046875,21.333333333333332,57,0.015625,0.015625,64.0,60,0.015625,0.015625,64.0,49,0.1875,True,0.1875,5.333333333333333,54,0.046875,True,0.046875,21.333333333333332,60,0.015625,True,0.015625,64.0
n8_d50_s42,8,0.5,42,2,2,True,1,10,L-BFGS-B,60,0.0021943400006421143,38.5,0.6416666666666667,0.015625,4096,79,0.019287109375,0.015503626084669948,0.023971426901219724,"[1.8493867483156932, 1.487965764372294, 0.6748575805596249, 2.379418266237311]","[6.283185307179586, 5.28148026774866, 0.0, 0.0]",CONVERGENCE: NORM OF PROJECTED GRADIENT <= PGTOL,54,0.046875,0.046875,21.333333333333332,57,0.015625,0.015625,64.0,60,0.015625,0.015625,64.0,49,0.1875,True,0.1875,5.333333333333333,54,0.046875,True,0.046875,21.333333333333332,60,0.015625,True,0.015625,64.0
n8_d50_s42,8,0.5,42,2,3,True,1,10,L-BFGS-B,60,0.0021518560006370535,38.5,0.6416666666666667,0.015625,4096,82,0.02001953125,0.01615827811132198,0.024780246099068624,"[5.128887712876984, 3.4256824942710558, 2.706233384613543, 2.6373335178561095]","[6.283185307179586, 0.0, 3.141592653589793, 0.0]",CONVERGENCE: NORM OF PROJECTED GRADIENT <= PGTOL,54,0.046875,0.046875,21.333333333333332,57,0.015625,0.015625,64.0,60,0.015625,0.015625,64.0,49,0.1875,True,0.1875,5.333333333333333,54,0.046875,True,0.046875,21.333333333333332,60,0.015625,True,0.015625,64.0
n8_d50_s42,8,0.5,42,2,4,True,16,100,L-BFGS-B,60,0.02258265799991932,48.86995078858408,0.8144991798097346,0.09926623606143802,4096,383,0.093505859375,0.08496677854948931,0.10280669185249458,"[6.171136635533389, 5.503092872638832, 1.4947799535459967, 0.35303875686984854]","[6.202880469367099, 5.619942747263569, 1.2528802714800662, 0.014325565138713945]",CONVERGENCE: NORM OF PROJECTED GRADIENT <= PGTOL,54,0.046875,0.23493213616203223,4.256548364717128,57,0.015625,0.09926623606143802,10.073918783231374,60,0.015625,0.09926623606143802,10.073918783231374,49,0.1875,True,0.5786732787306772,1.728090853259209,54,0.046875,True,0.23493213616203223,4.256548364717128,60,0.015625,True,0.09926623606143802,10.073918783231374
n8_d50_s42,8,0.5,42,2,5,True,19,125,L-BFGS-B,60,0.7859763610003938,41.376171121583965,0.6896028520263994,0.030935295772911656,4096,138,0.03369140625,0.02858798275530406,0.039668670979103905,"[1.4299113442568572, 4.333697109322811, 1.4707312318416166, 1.7365942708656412]","[1.6801830162490783, 4.074952677762818, 1.8685799276831248, 1.7232989607477964]",CONVERGENCE: NORM OF PROJECTED GRADIENT <= PGTOL,54,0.046875,0.0600331428542569,16.657465400865497,57,0.015625,0.030935295772911656,32.32553544471507,60,0.015625,0.030935295772911656,32.32553544471507,49,0.1875,True,0.18942492784966453,5.279136232764683,54,0.046875,True,0.0600331428542569,16.657465400865497,60,0.015625,True,0.030935295772911656,32.32553544471507
n8_d50_s42,8,0.5,42,2,6,True,1,10,L-BFGS-B,60,0.050346979000096326,38.5,0.6416666666666667,0.015625,4096,67,0.016357421875,0.012901468019013623,0.020719700068872332,"[2.1415239750676225, 4.898624398087639, 1.7877288881985864, 0.5528590231891918]","[0.0, 0.0, 0.0, 0.0]",CONVERGENCE: NORM OF PROJECTED GRADIENT <= PGTOL,54,0.046875,0.046875,21.333333333333332,57,0.015625,0.015625,64.0,60,0.015625,0.015625,64.0,49,0.1875,True,0.1875,5.333333333333333,54,0.046875,True,0.046875,21.333333333333332,60,0.015625,True,0.015625,64.0
n8_d50_s42,8,0.5,42,2,7,True,1,10,L-BFGS-B,60,0.002676138999959221,38.5,0.6416666666666667,0.015625,4096,63,0.015380859375,0.012040724876904885,0.019629148244979834,"[0.19812561557309621, 2.4619966201424934, 0.7587449937697271, 0.35510002971247434]","[6.283185307179586, 6.283185307179586, 0.0, 3.141592653589793]",CONVERGENCE: NORM OF PROJECTED GRADIENT <= PGTOL,54,0.046875,0.046875,21.333333333333332,57,0.015625,0.015625,64.0,60,0.015625,0.015625,64.0,49,0.1875,True,0.1875,5.333333333333333,54,0.046875,True,0.046875,21.333333333333332,60,0.015625,True,0.015625,64.0
n8_d50_s42,8,0.5,42,2,8,True,1,10,L-BFGS-B,60,0.0024475330001223483,38.5,0.6416666666666667,0.015625,4096,55,0.013427734375,0.010331122163193216,0.017436161026689018,"[0.27538364573289736, 4.782626132463174, 2.77793809129121, 1.2933972856513487]","[0.0, 6.283185307179586, 0.0, 3.141592653589793]",CONVERGENCE: NORM OF PROJECTED GRADIENT <= PGTOL,54,0.046875,0.046875,21.333333333333332,57,0.015625,0.015625,64.0,60,0.015625,0.015625,64.0,49,0.1875,True,0.1875,5.333333333333333,54,0.046875,True,0.046875,21.333333333333332,60,0.015625,True,0.015625,64.0
n8_d50_s42,8,0.5,42,2,9,True,1,10,L-BFGS-B,60,0.031132699999943725,38.5,0.6416666666666667,0.015625,4096,67,0.016357421875,0.012901468019013623,0.020719700068872332,"[2.882528843954539, 3.423049915847393, 2.964318089795949, 2.630962370069875]","[0.0, 0.0, 0.0, 3.0908910013656876]",CONVERGENCE: NORM OF PROJECTED GRADIENT <= PGTOL,54,0.046875,0.046875,21.333333333333332,57,0.015625,0.015625,64.0,60,0.015625,0.015625,64.0,49,0.1875,True,0.1875,5.333333333333333,54,0.046875,True,0.046875,21.333333333333332,60,0.015625,True,0.015625,64.0
n8_d50_s42,8,0.5,42,2,10,True,26,225,L-BFGS-B,60,1.2676784639998004,45.0236453309648,0.7503940888494133,0.09101816209766542,4096,383,0.093505859375,0.08496677854948931,0.10280669185249458,"[1.438023180560719, 4.662111849637853, 0.39216649420602945, 1.6564638492987234]","[1.230512649053356, 3.1348822894476185, 0.9299834398696584, 1.251324434994563]",CONVERGENCE: NORM OF PROJECTED GRADIENT <= PGTOL,54,0.046875,0.19949807797622543,5.012579620537356,57,0.015625,0.09101816209766542,10.986818201481237,60,0.015625,0.09101816209766542,10.986818201481237,49,0.1875,True,0.4189827220415143,2.386733264625925,54,0.046875,True,0.19949807797622543,5.012579620537356,60,0.015625,True,0.09101816209766542,10.986818201481237
n8_d50_s42,8,0.5,42,2,11,True,17,135,L-BFGS-B,60,0.6890709050003352,43.46694378388455,0.7244490630647425,0.031195202285994574,4096,139,0.033935546875,0.028812697629858053,0.03993177984605022,"[4.1973465579838685, 2.9055601027640647, 2.017346440071201, 3.1415652806453647]","[3.0205540805993536, 2.8532600010691533, 1.1614355611188052, 2.5374385072774874]",CONVERGENCE: RELATIVE REDUCTION OF F <= FACTR*EPSMCH,54,0.046875,0.11457495143207848,8.72791118391015,57,0.015625,0.031195202285994574,32.056211427388654,60,0.015625,0.031195202285994574,32.056211427388654,49,0.1875,True,0.4068937577747514,2.4576439940216064,54,0.046875,True,0.11457495143207848,8.72791118391015,60,0.015625,True,0.031195202285994574,32.056211427388654
n8_d50_s42,8,0.5,42,2,12,True,1,10,L-BFGS-B,60,0.026686256999710167,38.5,0.6416666666666667,0.015625000000000007,4096,63,0.015380859375,0.012040724876904885,0.019629148244979834,"[0.08632274038525158, 3.3641149336225835, 0.8172885870080432, 2.697376350972529]","[1.9561969523932092, 0.0, 0.0, 0.0]",CONVERGENCE: NORM OF PROJECTED GRADIENT <= PGTOL,54,0.046875,0.046875,21.333333333333332,57,0.015625,0.015625000000000007,63.99999999999997,60,0.015625,0.015625000000000007,63.99999999999997,49,0.1875,True,0.1875,5.333333333333333,54,0.046875,True,0.046875,21.333333333333332,60,0.015625,True,0.015625000000000007,63.99999999999997
n8_d50_s42,8,0.5,42,2,13,True,23,185,L-BFGS-B,60,1.101920388000508,43.40742005847946,0.7234570009746577,0.04169044229400319,4096,170,0.04150390625,0.035813150049827366,0.04805386341259052,"[3.778796878240719, 3.272213605670119, 2.9189669534418563, 0.5964426507535701]","[2.5361990994286625, 2.2135197385592353, 2.3119172475820533, 0.706507244465026]",CONVERGENCE: NORM OF PROJECTED GRADIENT <= PGTOL,54,0.046875,0.10919006315458842,9.158342536941538,57,0.015625,0.04169044229400319,23.98631304863468,60,0.015625,0.04169044229400319,23.98631304863468,49,0.1875,True,0.29029927877112105,3.4447209246717563,54,0.046875,True,0.10919006315458842,9.158342536941538,60,0.015625,True,0.04169044229400319,23.98631304863468
n8_d50_s42,8,0.5,42,2,14,True,1,10,L-BFGS-B,60,0.030545482999514206,38.5,0.6416666666666667,0.015625,4096,75,0.018310546875,0.014633183903943853,0.022890574115944584,"[3.7454789810797586, 3.183378256943706, 2.0061834497180238, 1.2977310846429893]","[6.283185307179586, 0.9485763886781552, 3.141592653589793, 3.141592653589793]",CONVERGENCE: NORM OF PROJECTED GRADIENT <= PGTOL,54,0.046875,0.04687499999999997,21.333333333333346,57,0.015625,0.015625,64.0,60,0.015625,0.015625,64.0,49,0.1875,True,0.18749999999999997,5.333333333333334,54,0.046875,True,0.04687499999999997,21.333333333333346,60,0.015625,True,0.015625,64.0
n8_d50_s42,8,0.5,42,2,15,True,1,10,L-BFGS-B,60,0.0029754399993180414,38.5,0.6416666666666667,0.015625,4096,70,0.01708984375,0.0135493413532538,0.021535297959133087,"[5.7946342422080965, 5.9235669258989905, 1.39134812670811, 1.116910243563073]","[6.283185307179586, 6.283185307179586, 3.141592653589793, 0.0]",CONVERGENCE: NORM OF PROJECTED GRADIENT <= PGTOL,54,0.046875,0.046875,21.333333333333332,57,0.015625,0.015625,64.0,60,0.015625,0.015625,64.0,49,0.1875,True,0.1875,5.333333333333333,54,0.046875,True,0.046875,21.333333333333332,60,0.015625,True,0.015625,64.0
n8_d50_s42,8,0.5,42,2,16,True,1,10,L-BFGS-B,60,0.002929279999989376,38.5,0.6416666666666667,0.015625,4096,64,0.015625,0.012255565007829483,0.01990213185555554,"[2.9984018473945806, 5.674496464904488, 2.185284662616479, 1.0712112316928297]","[0.0, 0.0, 0.0, 3.141592653589793]",CONVERGENCE: NORM OF PROJECTED GRADIENT <= PGTOL,54,0.046875,0.046875,21.333333333333332,57,0.015625,0.015625,64.0,60,0.015625,0.015625,64.0,49,0.1875,True,0.1875,5.333333333333333,54,0.046875,True,0.046875,21.333333333333332,60,0.015625,True,0.015625,64.0
n8_d50_s42,8,0.5,42,2,17,True,11,85,L-BFGS-B,60,0.41872177500044927,41.72850949591172,0.6954751582651953,9.348486171689414e-05,4096,1,0.000244140625,4.309811523941186e-05,0.0013817030336260863,"[1.593193377406295, 1.643874203500788, 3.123604930781997, 2.8575030708696016]","[1.5835000547892557, 1.64576470162205, 3.141592653589793, 2.6714566557967045]",CONVERGENCE: NORM OF PROJECTED GRADIENT <= PGTOL,54,0.046875,0.0029764608472478125,335.9694789617848,57,0.015625,9.348486171689414e-05,10696.919069403562,60,0.015625,9.348486171689414e-05,10696.919069403562,49,0.1875,True,0.09948740635579634,10.051523470455193,54,0.046875,True,0.0029764608472478125,335.9694789617848,60,0.015625,True,9.348486171689414e-05,10696.919069403562
n8_d50_s42,8,0.5,42,2,18,True,8,50,L-BFGS-B,60,0.3082635720002145,38.98175194525338,0.649695865754223,0.01698101544644811,4096,58,0.01416015625,0.010970229851119503,0.018260524563263665,"[1.8335978391903056, 5.004049104321686, 2.0832420408276766, 3.0314589028851464]","[0.0, 4.740051974289683, 3.055948306194345, 0.4082667565945525]",CONVERGENCE: NORM OF PROJECTED GRADIENT <= PGTOL,54,0.046875,0.05255382898039345,19.02810926246831,57,0.015625,0.01698101544644811,58.88929334960167,60,0.015625,0.01698101544644811,58.88929334960167,49,0.1875,True,0.15602306415724587,6.409308812139227,54,0.046875,True,0.05255382898039345,19.02810926246831,60,0.015625,True,0.01698101544644811,58.88929334960167
n8_d50_s42,8,0.5,42,2,19,True,1,10,L-BFGS-B,60,0.04723495199959871,38.5,0.6416666666666667,0.015625,4096,61,0.014892578125,0.011611768142410793,0.019082457496473304,"[0.9094987899633122, 4.906357154485898, 1.4263850530631255, 1.4417032848209461]","[0.0, 6.283185307179586, 0.0, 3.141592653589793]",CONVERGENCE: NORM OF PROJECTED GRADIENT <= PGTOL,54,0.046875,0.046875,21.333333333333332,57,0.015625,0.015625,64.0,60,0.015625,0.015625,64.0,49,0.1875,True,0.1875,5.333333333333333,54,0.046875,True,0.046875,21.333333333333332,60,0.015625,True,0.015625,64.0
n8_d50_s42,8,0.5,42,3,0,True,7,77,L-BFGS-B,60,0.040355640000598214,41.03655360773332,0.6839425601288887,0.02179724199307082,4096,81,0.019775390625,0.015939893688042484,0.02451080678084781,"[1.6088679399264276, 4.844009893052649, 1.0473466324073637, 2.4878132957817813, 0.5344757843508744, 1.8620376998749257]","[2.491636106449454, 0.005013797915817215, 6.283185307179586, 3.141592653589793, 0.48136344430071526, 3.141592653589793]",CONVERGENCE: NORM OF PROJECTED GRADIENT <= PGTOL,54,0.046875,0.03907967258555342,25.588750719719947,57,0.015625,0.02179724199307082,45.87736376546595,60,0.015625,0.02179724199307082,45.87736376546595,49,0.1875,True,0.267184097149209,3.7427377252978866,54,0.046875,True,0.03907967258555342,25.588750719719947,60,0.015625,True,0.02179724199307082,45.87736376546595
n8_d50_s42,8,0.5,42,3,1,True,35,364,L-BFGS-B,60,0.12252857800012862,43.230492307257066,0.7205082051209512,0.06929947528435064,4096,322,0.07861328125,0.07076043300550236,0.08725578916496263,"[3.465112900550294, 4.774140626516596, 5.5515963875621095, 0.3665432245623078, 2.4955944827738814, 1.4062515423359203]","[5.02542959341019, 4.262460801665533, 6.139485820412149, 0.46437867250700576, 2.994636282082817, 3.141592653589793]",CONVERGENCE: NORM OF PROJECTED GRADIENT <= PGTOL,54,0.046875,0.16918227090611082,5.910784827772874,57,0.015625,0.06929947528435064,14.430123689923843,60,0.015625,0.06929947528435064,14.430123689923843,49,0.1875,True,0.3489885723944286,2.865423337901721,54,0.046875,True,0.16918227090611082,5.910784827772874,60,0.015625,True,0.06929947528435064,14.430123689923843
n8_d50_s42,8,0.5,42,3,2,True,1,14,L-BFGS-B,60,0.004396723000354541,38.5,0.6416666666666667,0.015625,4096,63,0.015380859375,0.012040724876904885,0.019629148244979834,"[6.150405074947896, 3.6806088487129354, 2.662026649028952, 2.9126086950609595, 1.9908769410442062, 2.388934891407662]","[6.283185307179586, 0.0, 6.283185307179586, 3.141592653589793, 3.141592653589793, 3.141592653589793]",CONVERGENCE: NORM OF PROJECTED GRADIENT <= PGTOL,54,0.046875,0.046875,21.333333333333332,57,0.015625,0.015625,64.0,60,0.015625,0.015625,64.0,49,0.1875,True,0.1875,5.333333333333333,54,0.046875,True,0.046875,21.333333333333332,60,0.015625,True,0.015625,64.0
n8_d50_s42,8,0.5,42,3,3,True,1,14,L-BFGS-B,60,0.004057097999975667,38.5,0.6416666666666667,0.015625,4096,72,0.017578125,0.013982290939508705,0.022077995855878798,"[3.637323339892666, 2.0310887411474714, 2.7227928984908365, 1.8993027769401312, 0.4925563884022112, 0.5972620576359374]","[0.0, 0.0, 0.0, 3.141592653589793, 0.0, 2.8426119079495744]",CONVERGENCE: NORM OF PROJECTED GRADIENT <= PGTOL,54,0.046875,0.046875,21.333333333333332,57,0.015625,0.015625,64.0,60,0.015625,0.015625,64.0,49,0.1875,True,0.1875,5.333333333333333,54,0.046875,True,0.046875,21.333333333333332,60,0.015625,True,0.015625,64.0
n8_d50_s42,8,0.5,42,3,4,True,26,245,L-BFGS-B,60,0.09161041799961822,43.154027279640985,0.7192337879940164,0.016887989768250584,4096,64,0.015625,0.012255565007829483,0.01990213185555554,"[1.8703394432015399, 2.3775924210854633, 6.195945228352236, 3.0150122493386693, 0.9674357493485727, 2.3103637189212005]","[2.244427556418426, 2.6350729847953147, 6.228214510469785, 2.575227201944862, 1.0047049016426575, 2.3576018082893393]",CONVERGENCE: NORM OF PROJECTED GRADIENT <= PGTOL,54,0.046875,0.055898362439301484,17.88961172316761,57,0.015625,0.016887989768250584,59.21367869845585,60,0.015625,0.016887989768250584,59.21367869845585,49,0.1875,True,0.18487331018931158,5.409109616612549,54,0.046875,True,0.055898362439301484,17.88961172316761,60,0.015625,True,0.016887989768250584,59.21367869845585
n8_d50_s42,8,0.5,42,3,5,True,28,287,L-BFGS-B,60,1.6111911469997722,44.00063331233517,0.7333438885389195,0.0013689173200002588,4096,5,0.001220703125,0.0005215205909937573,0.0028545755238729804,"[4.945421745218169, 3.2224081117095915, 3.9228443678485267, 2.9626274845398397, 1.8936911682928796, 2.4676342254552983]","[2.04843885854745, 5.077885375288847, 5.431727033207142, 0.3640744408990036, 0.4421571532233053, 0.7638842840933078]",CONVERGENCE: RELATIVE REDUCTION OF F <= FACTR*EPSMCH,54,0.046875,0.111783317208077,8.945878731962914,57,0.015625,0.0013689173200002588,730.5043083243413,60,0.015625,0.0013689173200002588,730.5043083243413,49,0.1875,True,0.3903614773331435,2.5617281880163008,54,0.046875,True,0.111783317208077,8.945878731962914,60,0.015625,True,0.0013689173200002588,730.5043083243413
n8_d50_s42,8,0.5,42,3,6,True,28,280,L-BFGS-B,60,1.4679752279998866,43.17719954943101,0.7196199924905168,0.024755649139184113,4096,95,0.023193359375,0.019011162380883052,0.02826907046901158,"[2.4895354971668904, 0.33146956144064427, 5.5945245475565955, 0.5417503522605106, 1.2589323820983103, 0.8436859893332042]","[0.6452812550053363, 0.4958836508776033, 1.0774544618488535, 0.24974369296453156, 0.2999497975432284, 2.503841042608504]",CONVERGENCE: RELATIVE REDUCTION OF F <= FACTR*EPSMCH,54,0.046875,0.07414695698979931,13.486730145076269,57,0.015625,0.024755649139184113,40.394820365149094,60,0.015625,0.024755649139184113,40.394820365149094,49,0.1875,True,0.2903168697999753,3.444512200372605,54,0.046875,True,0.07414695698979931,13.486730145076269,60,0.015625,True,0.024755649139184113,40.394820365149094
n8_d50_s42,8,0.5,42,3,7,True,24,217,L-BFGS-B,60,1.141423477999524,44.52678300556239,0.7421130500927066,0.018915235255543946,4096,93,0.022705078125,0.01857068652760418,0.02773389883928984,"[4.985243916999666, 3.5493305421593684, 5.856818020187637, 1.696318520905173, 1.251143636460599, 1.438579217067907]","[5.0850342416053085, 3.5226198717765342, 5.784159773253662, 1.870893434791994, 1.4055320399028715, 1.3384494895068288]",CONVERGENCE: NORM OF PROJECTED GRADIENT <= PGTOL,54,0.046875,0.12166494525678148,8.21929437348973,57,0.015625,0.018915235255543946,52.86743656581833,60,0.015625,0.018915235255543946,52.86743656581833,49,0.1875,True,0.24649187212736562,4.056928901425548,54,0.046875,True,0.12166494525678148,8.21929437348973,60,0.015625,True,0.018915235255543946,52.86743656581833
n8_d50_s42,8,0.5,42,3,8,True,1,14,L-BFGS-B,60,0.029373731999839947,38.5,0.6416666666666667,0.015625,4096,65,0.015869140625,0.012470639018872916,0.020174881586012418,"[0.6241578404500658, 4.664777429232679, 4.812106664792624, 1.601840434157076, 0.5074092946575732, 2.9756679590883186]","[6.283185307179586, 6.283185307179586, 0.0, 3.141592653589793, 0.0, 0.0]",CONVERGENCE: NORM OF PROJECTED GRADIENT <= PGTOL,54,0.046875,0.046875,21.333333333333332,57,0.015625,0.015625,64.0,60,0.015625,0.015625,64.0,49,0.1875,True,0.1875,5.333333333333333,54,0.046875,True,0.046875,21.333333333333332,60,0.015625,True,0.015625,64.0
n8_d50_s42,8,0.5,42,3,9,True,1,14,L-BFGS-B,60,0.02043038699957833,38.5,0.6416666666666667,0.015625,4096,61,0.014892578125,0.011611768142410793,0.019082457496473304,"[2.6785504865853613, 0.9639384861620113, 2.7442665782488573, 2.988948286326281, 0.17608821934845637, 2.7928301895482552]","[6.283185307179586, 6.283185307179586, 6.283185307179586, 0.0, 3.141592653589793, 3.141592653589793]",CONVERGENCE: NORM OF PROJECTED GRADIENT <= PGTOL,54,0.046875,0.046875,21.333333333333332,57,0.015625,0.015625,64.0,60,0.015625,0.015625,64.0,49,0.1875,True,0.1875,5.333333333333333,54,0.046875,True,0.046875,21.333333333333332,60,0.015625,True,0.015625,64.0
n8_d50_s42,8,0.5,42,3,10,True,21,189,L-BFGS-B,60,1.0461503790002098,41.040946164861104,0.6840157694143517,0.005659298788635872,4096,16,0.00390625,0.002405923039438864,0.0063362342319312846,"[0.4473420471797103, 2.096726390195562, 0.35712880102679273, 2.1222775081158614, 1.090760803319425, 1.662808788303856]","[0.2662058693780599, 1.393953633089452, 0.26343217736674146, 2.359731892367149, 0.8307918686529341, 2.330017389534809]",CONVERGENCE: NORM OF PROJECTED GRADIENT <= PGTOL,54,0.046875,0.02537787404707805,39.40440393647307,57,0.015625,0.005659298788635872,176.70033644592954,60,0.015625,0.005659298788635872,176.70033644592954,49,0.1875,True,0.22370596914977436,4.470153406279855,54,0.046875,True,0.02537787404707805,39.40440393647307,60,0.015625,True,0.005659298788635872,176.70033644592954
n8_d50_s42,8,0.5,42,3,11,True,20,182,L-BFGS-B,60,0.8907528769996134,40.45602099256763,0.6742670165427939,0.005004458379495255,4096,18,0.00439453125,0.002781615150444107,0.006936189603926662,"[6.261506385143914, 5.772399841550159, 6.049803136500527, 1.79551090522837, 1.242405516819095, 2.6081686080066766]","[6.283185307179586, 5.77662997820562, 6.004433090384411, 1.7855558676269132, 1.0796584564669083, 2.6449338640975926]",CONVERGENCE: NORM OF PROJECTED GRADIENT <= PGTOL,54,0.046875,0.0296336505664374,33.745420523132715,57,0.015625,0.005004458379495255,199.82182369570612,60,0.015625,0.005004458379495255,199.82182369570612,49,0.1875,True,0.18137427874045076,5.513460932522933,54,0.046875,True,0.0296336505664374,33.745420523132715,60,0.015625,True,0.005004458379495255,199.82182369570612
n8_d50_s42,8,0.5,42,3,12,True,1,14,L-BFGS-B,60,0.032578556999396824,38.5,0.6416666666666667,0.015625,4096,74,0.01806640625,0.014416028944668636,0.02261990533371949,"[0.6265321986147382, 5.497599190573608, 1.1645234980168389, 0.03470295860437121, 0.2914328781491189, 2.276805152659671]","[0.0, 0.0, 0.0, 3.141592653589793, 0.0, 0.0]",CONVERGENCE: NORM OF PROJECTED GRADIENT <= PGTOL,54,0.046875,0.046875,21.333333333333332,57,0.015625,0.015625,64.0,60,0.015625,0.015625,64.0,49,0.1875,True,0.1875,5.333333333333333,54,0.046875,True,0.046875,21.333333333333332,60,0.015625,True,0.015625,64.0
n8_d50_s42,8,0.5,42,3,13,True,1,14,L-BFGS-B,60,0.052380473999619426,38.50000000000002,0.641666666666667,0.015625000000000007,4096,64,0.015625,0.012255565007829483,0.01990213185555554,"[2.9866626100263396, 5.305717112045828, 3.058993838795775, 1.3423502097351627, 2.1719163976969904, 2.750602289325144]","[0.0, 0.0, 6.283185307179586, 0.0, 1.4578514972577, 0.0]",CONVERGENCE: NORM OF PROJECTED GRADIENT <= PGTOL,54,0.046875,0.04687500000000002,21.333333333333325,57,0.015625,0.015625000000000007,63.99999999999997,60,0.015625,0.015625000000000007,63.99999999999997,49,0.1875,True,0.1875000000000001,5.33333333333333,54,0.046875,True,0.04687500000000002,21.333333333333325,60,0.015625,True,0.015625000000000007,63.99999999999997
n8_d50_s42,8,0.5,42,3,14,True,28,252,L-BFGS-B,60,1.2936031850003928,42.70000105804222,0.7116666843007037,0.053698915659923505,4096,199,0.048583984375,0.04241230530002689,0.05560159666589998,"[3.0872328611305417, 1.5901672861564569, 0.22144959981301013, 2.6520784006647427, 1.9310944413064581, 2.348457222782056]","[3.070531180870514, 1.6413658815155736, 0.18357542560603363, 2.7612745095496742, 1.7175340587018977, 2.5229912366213174]",CONVERGENCE: RELATIVE REDUCTION OF F <= FACTR*EPSMCH,54,0.046875,0.13481389239603578,7.417633169898781,57,0.015625,0.053698915659923505,18.622349962018294,60,0.015625,0.053698915659923505,18.622349962018294,49,0.1875,True,0.19163297438108318,5.218308609098716,54,0.046875,True,0.13481389239603578,7.417633169898781,60,0.015625,True,0.053698915659923505,18.622349962018294
n8_d50_s42,8,0.5,42,3,15,True,41,378,L-BFGS-B,60,1.706880175999686,42.39541544985934,0.7065902574976557,0.001615725539551543,4096,11,0.002685546875,0.0015002563109177591,0.004802782252950839,"[3.713736747841133, 0.09151830471515157, 6.174462073172439, 1.040206564256834, 2.638489414933855, 0.6583859118210537]","[3.680791577315625, 0.04109167980916785, 6.152812104289489, 1.161086362404821, 2.2840029065517253, 0.8284145783192065]",CONVERGENCE: RELATIVE REDUCTION OF F <= FACTR*EPSMCH,54,0.046875,0.07002584020671762,14.280442720115616,57,0.015625,0.001615725539551543,618.9169976712491,60,0.015625,0.001615725539551543,618.9169976712491,49,0.1875,True,0.24227399688371734,4.127558107195315,54,0.046875,True,0.07002584020671762,14.280442720115616,60,0.015625,True,0.001615725539551543,618.9169976712491
n8_d50_s42,8,0.5,42,3,16,True,44,434,L-BFGS-B,60,2.2846136810003372,42.23093833010766,0.703848972168461,0.03531101770629806,4096,141,0.034423828125,0.029262354782008983,0.04045777017689991,"[2.007421144654702, 2.6333182694414203, 1.4639950196224467, 0.00032945510253974117, 2.1230452822961414, 2.685678743820946]","[0.30361474675267636, 0.3333163306538734, 6.117351361835311, 1.4975228938773824, 0.9972988390818642, 0.9793252412592424]",CONVERGENCE: RELATIVE REDUCTION OF F <= FACTR*EPSMCH,54,0.046875,0.07643731150767234,13.082616071597778,57,0.015625,0.03531101770629806,28.31977283457453,60,0.015625,0.03531101770629806,28.31977283457453,49,0.1875,True,0.3256695020614816,3.0705976263359616,54,0.046875,True,0.07643731150767234,13.082616071597778,60,0.015625,True,0.03531101770629806,28.31977283457453
n8_d50_s42,8,0.5,42,3,17,True,44,490,L-BFGS-B,60,1.0928119769996556,51.39659982578203,0.8566099970963672,0.17953571838368032,4096,739,0.180419921875,0.16894484732605697,0.19249387505003723,"[5.946433860177647, 0.21404607789791322, 3.4309084133236887, 0.45182822828426733, 1.6198155649220614, 1.8360368618705503]","[6.170367491319377, 0.03522331014257264, 3.4305980595018424, 1.968821283169484, 0.8331484306032564, 1.5393171616822467]",CONVERGENCE: RELATIVE REDUCTION OF F <= FACTR*EPSMCH,54,0.046875,0.377812260948458,2.6468172247496815,57,0.015625,0.17953571838368032,5.569922291802294,60,0.015625,0.17953571838368032,5.569922291802294,49,0.1875,True,0.7344208102811043,1.3616171900374712,54,0.046875,True,0.377812260948458,2.6468172247496815,60,0.015625,True,0.17953571838368032,5.569922291802294
n8_d50_s42,8,0.5,42,3,18,True,29,287,L-BFGS-B,60,1.281903787000374,43.22027933973307,0.7203379889955511,0.013691183058399317,4096,58,0.01416015625,0.010970229851119503,0.018260524563263665,"[3.539970130059471, 3.119273077872949, 3.4127887360131517, 1.2816508915583598, 1.866443770645205, 1.5362931862425886]","[3.787971195793807, 2.858370182805301, 3.3187511427184146, 1.1380435300445608, 1.8039959199017919, 1.3352004064476692]",CONVERGENCE: NORM OF PROJECTED GRADIENT <= PGTOL,54,0.046875,0.07032365188971279,14.219966869301391,57,0.015625,0.013691183058399317,73.03970706801093,60,0.015625,0.013691183058399317,73.03970706801093,49,0.1875,True,0.2684310784471293,3.725351050202489,54,0.046875,True,0.07032365188971279,14.219966869301391,60,0.015625,True,0.013691183058399317,73.03970706801093
n8_d50_s42,8,0.5,42,3,19,True,19,175,L-BFGS-B,60,0.8470511340001394,43.35890376513166,0.7226483960855277,0.04150806703970659,4096,166,0.04052734375,0.03490644652745252,0.04700927196896412,"[1.2026743657567203, 0.8400328117117601, 3.3963530885319964, 1.132757344603972, 3.088155639931008, 2.9448690633215513]","[1.221483673305536, 0.8651124894942814, 3.5136604403585974, 1.221498987058364, 3.141592653589793, 2.991338071762852]",CONVERGENCE: NORM OF PROJECTED GRADIENT <= PGTOL,54,0.046875,0.14974937979354094,6.677823984170734,57,0.015625,0.04150806703970659,24.09170244047743,60,0.015625,0.04150806703970659,24.09170244047743,49,0.1875,True,0.2906809898035724,3.4401974503931263,54,0.046875,True,0.14974937979354094,6.677823984170734,60,0.015625,True,0.04150806703970659,24.09170244047743
n8_d75_s17,8,0.75,17,1,0,True,1,6,L-BFGS-B,60,0.0010506700000405544,59.5,0.6611111111111111,0.007812500000000003,4096,31,0.007568359375,0.005337063044036356,0.010722450349838443,"[5.608367186104363, 1.532328699936925]","[5.9536312721922995, 3.141592653589793]",CONVERGENCE: NORM OF PROJECTED GRADIENT <= PGTOL,81,0.0234375,0.02343749999999999,42.666666666666686,86,0.015625,0.015624999999999997,64.00000000000001,90,0.0078125,0.007812500000000003,127.99999999999994,71,0.21875,True,0.21875000000000003,4.571428571428571,77,0.078125,True,0.078125,12.8,84,0.015625,True,0.015624999999999997,64.00000000000001
n8_d75_s17,8,0.75,17,1,1,True,7,36,L-BFGS-B,60,0.004511525999987498,62.45605975433645,0.6939562194926272,0.00034760551426048854,4096,0,0.0,0.0,0.0009369774073651883,"[4.799093348586187, 3.031293841932629]","[4.893389310795414, 2.600021086725187]",CONVERGENCE: NORM OF PROJECTED GRADIENT <= PGTOL,81,0.0234375,0.022552873531606572,44.34024775594812,86,0.015625,0.0039929633250336835,250.4405672174723,90,0.0078125,0.00034760551426048854,2876.8243280819192,71,0.21875,True,0.25008535421478356,3.9986347986662145,77,0.078125,True,0.11092359315801222,9.015214631349762,84,0.015625,True,0.0039929633250336835,250.4405672174723
n8_d75_s17,8,0.75,17,1,2,True,1,6,L-BFGS-B,60,0.0009687459996712278,59.5,0.6611111111111111,0.0078125,4096,29,0.007080078125,0.004934210809760133,0.010149655101114045,"[4.4990288554162685, 2.429950690867916]","[0.0, 3.141592653589793]",CONVERGENCE: NORM OF PROJECTED GRADIENT <= PGTOL,81,0.0234375,0.0234375,42.666666666666664,86,0.015625,0.015625,64.0,90,0.0078125,0.0078125,128.0,71,0.21875,True,0.21875,4.571428571428571,77,0.078125,True,0.078125,12.8,84,0.015625,True,0.015625,64.0
n8_d75_s17,8,0.75,17,1,3,True,6,33,L-BFGS-B,60,0.004156318000241299,62.45605975433684,0.6939562194926315,0.0003476073212797724,4096,0,0.0,0.0,0.0009369774073651883,"[4.835073406330755, 0.985442727873054]","[4.893389299988889, 1.0292249951198524]",CONVERGENCE: NORM OF PROJECTED GRADIENT <= PGTOL,81,0.0234375,0.02255288147952377,44.340232129890836,86,0.015625,0.003992971016470033,250.44008480783944,90,0.0078125,0.0003476073212797724,2876.8093730544533,71,0.21875,True,0.2500853936704133,3.9986341678070834,77,0.078125,True,0.11092359937018481,9.015214126461085,84,0.015625,True,0.003992971016470033,250.44008480783944
n8_d75_s17,8,0.75,17,1,4,True,8,48,L-BFGS-B,60,0.005820626000058837,63.75185616001794,0.7083539573335327,0.000631486036851688,4096,0,0.0,0.0,0.0009369774073651883,"[0.3444656990667415, 2.539525840214222]","[0.3114330929685173, 2.712538358354554]",CONVERGENCE: RELATIVE REDUCTION OF F <= FACTR*EPSMCH,81,0.0234375,0.07517084032418071,13.303030745531299,86,0.015625,0.02105181069365311,47.501852194666036,90,0.0078125,0.000631486036851688,1583.5662891068196,71,0.21875,True,0.2737047260517549,3.6535722799719204,77,0.078125,True,0.19905249174258005,5.023800462107385,84,0.015625,True,0.02105181069365311,47.501852194666036
n8_d75_s17,8,0.75,17,1,5,True,2,24,L-BFGS-B,60,0.003297177000604279,59.50000000000006,0.6611111111111118,0.007812500000000007,4096,24,0.005859375,0.003940714277798989,0.008704032925573639,"[0.28842326415920905, 1.9577699071177328]","[0.0, 1.5478442664041934]",CONVERGENCE: NORM OF PROJECTED GRADIENT <= PGTOL,81,0.0234375,0.02343750000000002,42.66666666666663,86,0.015625,0.015625000000000014,63.99999999999994,90,0.0078125,0.007812500000000007,127.99999999999989,71,0.21875,True,0.2187500000000002,4.571428571428568,77,0.078125,True,0.07812500000000006,12.79999999999999,84,0.015625,True,0.015625000000000014,63.99999999999994
n8_d75_s17,8,0.75,17,1,6,True,10,39,L-BFGS-B,60,0.37892942700000276,61.912819522065746,0.6879202169118416,0.0015620354749883727,4096,2,0.00048828125,0.00013391454481334652,0.0017787103455524616,"[1.2178511450362313, 0.9075900931085384]","[2.9116305635376607, 2.0461973813610177]",CONVERGENCE: NORM OF PROJECTED GRADIENT <= PGTOL,81,0.0234375,0.046686271516412074,21.41957298193025,86,0.015625,0.04597267854088542,21.752049950943324,90,0.0078125,0.0015620354749883727,640.1903260279307,71,0.21875,True,0.24882871813047822,4.018828724888702,77,0.078125,True,0.10016581721075259,9.98344572875558,84,0.015625,True,0.04597267854088542,21.752049950943324
n8_d75_s17,8,0.75,17,1,7,True,9,39,L-BFGS-B,60,0.389146227999845,71.96056307426079,0.799561811936231,0.05555234977222628,4096,236,0.0576171875,0.050886951311353915,0.06517642909008442,"[6.215913475292243, 1.4434967965651464]","[6.2205097537230785, 1.266324532956502]",CONVERGENCE: RELATIVE REDUCTION OF F <= FACTR*EPSMCH,81,0.0234375,0.12578784247714042,7.949893887254893,86,0.015625,0.09054558025454616,11.044161373628079,90,0.0078125,0.05555234977222628,18.001038733737882,71,0.21875,True,0.5867171855709483,1.7043986857601188,77,0.078125,True,0.31227406286632925,3.202315270186419,84,0.015625,True,0.09054558025454616,11.044161373628079
n8_d75_s17,8,0.75,17,1,8,True,1,6,L-BFGS-B,60,0.0009842180006671697,59.5,0.6611111111111111,0.0078125,4096,21,0.005126953125,0.0033558642108143656,0.007825411768057332,"[1.8852248179918736, 2.906004561523384]","[0.0, 3.141592653589793]",CONVERGENCE: NORM OF PROJECTED GRADIENT <= PGTOL,81,0.0234375,0.0234375,42.666666666666664,86,0.015625,0.015625,64.0,90,0.0078125,0.0078125,128.0,71,0.21875,True,0.21875,4.571428571428571,77,0.078125,True,0.078125,12.8,84,0.015625,True,0.015625,64.0
n8_d75_s17,8,0.75,17,1,9,True,12,51,L-BFGS-B,60,0.49880864399983693,60.183404542253115,0.6687044949139235,0.02325236023888592,4096,94,0.02294921875,0.01879085754766932,0.028001551560725,"[2.6927810675797295, 2.5877111949527194]","[2.660776722793495, 2.8532776265878566]",CONVERGENCE: NORM OF PROJECTED GRADIENT <= PGTOL,81,0.0234375,0.0297519250161874,33.61127051294734,86,0.015625,0.02484485708972756,40.24977871228985,90,0.0078125,0.02325236023888592,43.00638686681179,71,0.21875,True,0.24009681520204482,4.164986524950304,77,0.078125,True,0.07444297762299776,13.43310050095402,84,0.015625,True,0.02484485708972756,40.24977871228985
n8_d75_s17,8,0.75,17,1,10,True,1,6,L-BFGS-B,60,0.001017538000269269,59.49999999999993,0.6611111111111103,0.007812499999999991,4096,29,0.007080078125,0.004934210809760133,0.010149655101114045,"[0.6349936167369972, 1.969089611869331]","[0.0, 2.7888164810163936]",CONVERGENCE: NORM OF PROJECTED GRADIENT <= PGTOL,81,0.0234375,0.023437499999999976,42.666666666666714,86,0.015625,0.015624999999999983,64.00000000000007,90,0.0078125,0.007812499999999991,128.00000000000014,71,0.21875,True,0.21874999999999978,4.5714285714285765,77,0.078125,True,0.07812499999999993,12.800000000000011,84,0.015625,True,0.015624999999999983,64.00000000000007
n8_d75_s17,8,0.75,17,1,11,True,14,54,L-BFGS-B,60,0.581117863000145,64.0802287883603,0.7120025420928923,0.0025183242583726928,4096,12,0.0029296875,0.0016767322242621596,0.005114130081106749,"[3.0864655067311735, 2.4395387140910043]","[3.0572540372308543, 2.390215981822281]",CONVERGENCE: RELATIVE REDUCTION OF F <= FACTR*EPSMCH,81,0.0234375,0.009956750689287482,100.4343717349381,86,0.015625,0.005755119853296575,173.75832745293613,90,0.0078125,0.0025183242583726928,397.0894521129644,71,0.21875,True,0.35579499929350933,2.8106072372733393,77,0.078125,True,0.06678129607259324,14.974252654709943,84,0.015625,True,0.005755119853296575,173.75832745293613
n8_d75_s17,8,0.75,17,1,12,True,12,57,L-BFGS-B,60,0.5230767240000205,71.96056307426088,0.799561811936232,0.05555234200057671,4096,242,0.05908203125,0.05226615660466587,0.06672416624577433,"[0.17242566918356145, 2.0126817827657884]","[0.0626755440369347, 1.8752681050567714]",CONVERGENCE: NORM OF PROJECTED GRADIENT <= PGTOL,81,0.0234375,0.12578783088218645,7.949894620065476,86,0.015625,0.09054557091503329,11.044162512801273,90,0.0078125,0.05555234200057671,18.00104125204332,71,0.21875,True,0.5867171699440314,1.7043987311559208,77,0.078125,True,0.3122740419447113,3.202315484733924,84,0.015625,True,0.09054557091503329,11.044162512801273
n8_d75_s17,8,0.75,17,1,13,True,7,48,L-BFGS-B,60,0.2568734599999516,63.44208094352926,0.7049120104836585,0.01498301687330216,4096,67,0.016357421875,0.012901468019013623,0.020719700068872332,"[5.810116441948042, 0.6359082158941723]","[5.864590490392973, 1.1103142547063385]",CONVERGENCE: NORM OF PROJECTED GRADIENT <= PGTOL,81,0.0234375,0.02721969398464854,36.738105893621864,86,0.015625,0.025179905368064,39.714208031469134,90,0.0078125,0.01498301687330216,66.74223278636717,71,0.21875,True,0.33729581395038355,2.96475662798205,77,0.078125,True,0.20238566273866967,4.941061468821777,84,0.015625,True,0.025179905368064,39.714208031469134
n8_d75_s17,8,0.75,17,1,14,True,7,42,L-BFGS-B,60,0.23901139600002352,63.442080943529156,0.7049120104836573,0.014983012621492079,4096,69,0.016845703125,0.013333172427690648,0.02126364314319593,"[0.5328335731827336, 2.2737579738814064]","[0.4185948099221426, 2.031278568388273]",CONVERGENCE: NORM OF PROJECTED GRADIENT <= PGTOL,81,0.0234375,0.02721969028115942,36.73811089217894,86,0.015625,0.02517990000560351,39.714216489241856,90,0.0078125,0.014983012621492079,66.74225172616956,71,0.21875,True,0.33729580869162823,2.9647566742053626,77,0.078125,True,0.2023856392677957,4.941062041841836,84,0.015625,True,0.02517990000560351,39.714216489241856
n8_d75_s17,8,0.75,17,1,15,True,10,48,L-BFGS-B,60,0.3522235299997192,62.3642411151271,0.6929360123903011,0.006780562384359277,4096,21,0.005126953125,0.0033558642108143656,0.007825411768057332,"[4.932985275025134, 3.13581000559567]","[3.9795018697621165, 1.0771761893422112]",CONVERGENCE: NORM OF PROJECTED GRADIENT <= PGTOL,81,0.0234375,0.029862047264046974,33.487322257505454,86,0.015625,0.01543095096848468,64.80482000379268,90,0.0078125,0.006780562384359277,147.4803922321694,71,0.21875,True,0.27985717101007235,3.5732512995495442,77,0.078125,True,0.14773528025074992,6.768863864492679,84,0.015625,True,0.01543095096848468,64.80482000379268
n8_d75_s17,8,0.75,17,1,16,True,1,6,L-BFGS-B,60,0.0009694259997559129,59.5,0.6611111111111111,0.0078125,4096,32,0.0078125,0.005539509852396457,0.011007827282978652,"[4.99455894872997, 1.0935377217961064]","[0.0, 0.0]",CONVERGENCE: NORM OF PROJECTED GRADIENT <= PGTOL,81,0.0234375,0.0234375,42.666666666666664,86,0.015625,0.015625,64.0,90,0.0078125,0.0078125,128.0,71,0.21875,True,0.21875,4.571428571428571,77,0.078125,True,0.078125,12.8,84,0.015625,True,0.015625,64.0
n8_d75_s17,8,0.75,17,1,17,True,1,6,L-BFGS-B,60,0.0011515719997987617,59.5,0.6611111111111111,0.0078125,4096,39,0.009521484375,0.006973116704285116,0.012988986621592162,"[5.115871810054407, 0.03726413205106875]","[0.0, 0.0]",CONVERGENCE: NORM OF PROJECTED GRADIENT <= PGTOL,81,0.0234375,0.0234375,42.666666666666664,86,0.015625,0.015625,64.0,90,0.0078125,0.0078125,128.0,71,0.21875,True,0.21875,4.571428571428571,77,0.078125,True,0.078125,12.8,84,0.015625,True,0.015625,64.0
n8_d75_s17,8,0.75,17,1,18,True,9,42,L-BFGS-B,60,0.2880555209994782,64.08022878836101,0.7120025420929001,0.0025183271639955015,4096,6,0.00146484375,0.0006715185421635897,0.0031924013142034585,"[3.1282509895701534, 1.5727016814364358]","[3.0572540253272154, 2.39021621575582]",CONVERGENCE: NORM OF PROJECTED GRADIENT <= PGTOL,81,0.0234375,0.0099567561182543,100.43431697263749,86,0.015625,0.0057551217579675665,173.75826994721172,90,0.0078125,0.0025183271639955015,397.0889939547927,71,0.21875,True,0.35579495821713536,2.8106075617567288,77,0.078125,True,0.06678128113875853,14.974256003298203,84,0.015625,True,0.0057551217579675665,173.75826994721172
n8_d75_s17,8,0.75,17,1,19,True,1,6,L-BFGS-B,60,0.01705215899983159,59.49999999999997,0.6611111111111108,0.0078124999999999965,4096,27,0.006591796875,0.004534310788919747,0.009573907638953811,"[0.013964993768218303, 1.1680412026645608]","[0.0, 2.587296324715533]",CONVERGENCE: NORM OF PROJECTED GRADIENT <= PGTOL,81,0.0234375,0.023437499999999993,42.66666666666668,86,0.015625,0.015624999999999993,64.00000000000003,90,0.0078125,0.0078124999999999965,128.00000000000006,71,0.21875,True,0.21874999999999994,4.571428571428573,77,0.078125,True,0.07812499999999997,12.800000000000004,84,0.015625,True,0.015624999999999993,64.00000000000003
n8_d75_s17,8,0.75,17,2,0,True,1,10,L-BFGS-B,60,0.002095800999995845,59.50000000000003,0.6611111111111114,0.007812500000000003,4096,29,0.007080078125,0.004934210809760133,0.010149655101114045,"[4.93517400189025, 4.76044287132753, 0.4799850386001601, 2.571224811901756]","[0.0, 0.0, 0.0, 1.2911394330858807]",CONVERGENCE: NORM OF PROJECTED GRADIENT <= PGTOL,81,0.0234375,0.023437500000000007,42.66666666666666,86,0.015625,0.015625000000000007,63.99999999999997,90,0.0078125,0.007812500000000003,127.99999999999994,71,0.21875,True,0.21875000000000006,4.57142857142857,77,0.078125,True,0.07812500000000003,12.799999999999995,84,0.015625,True,0.015625000000000007,63.99999999999997
n8_d75_s17,8,0.75,17,2,1,True,22,200,L-BFGS-B,60,0.0583308159993976,64.34097303666698,0.7148997004074109,0.00039106676793675816,4096,1,0.000244140625,4.309811523941186e-05,0.0013817030336260863,"[5.347742284476966, 2.766526720286683, 1.417936856815011, 0.6393180313229744]","[5.143701618606702, 2.541223208352154, 1.8383113313187365, 0.6291785708614523]",CONVERGENCE: NORM OF PROJECTED GRADIENT <= PGTOL,81,0.0234375,0.015068621333486472,66.36307183443085,86,0.015625,0.0021236110611937147,470.8960215331919,90,0.0078125,0.00039106676793675816,2557.1081001741272,71,0.21875,True,0.3095971742831326,3.230003640425609,77,0.078125,True,0.18059422831012117,5.5372755229074855,84,0.015625,True,0.0021236110611937147,470.8960215331919
n8_d75_s17,8,0.75,17,2,2,True,25,155,L-BFGS-B,60,0.030563933999474102,63.46605324725696,0.7051783694139662,0.015314892671156575,4096,66,0.01611328125,0.01268594169611479,0.020447402650270854,"[4.885801320254037, 1.9004345327597603, 1.1274059169399762, 1.7590741111285944]","[4.8801115794587195, 1.8221692579543958, 1.5278692535560585, 2.0123241147740676]",CONVERGENCE: NORM OF PROJECTED GRADIENT <= PGTOL,81,0.0234375,0.02884156269392225,34.6721850897049,86,0.015625,0.025484102136725105,39.2401503743348,90,0.0078125,0.015314892671156575,65.29591956484018,71,0.21875,True,0.3465897162323084,2.88525583179661,77,0.078125,True,0.207299002231694,4.823949894762734,84,0.015625,True,0.025484102136725105,39.2401503743348
n8_d75_s17,8,0.75,17,2,3,True,14,120,L-BFGS-B,60,0.045952686999953585,63.44208094352854,0.7049120104836504,0.014983014682889519,4096,67,0.016357421875,0.012901468019013623,0.020719700068872332,"[4.701316087650288, 2.7008063207308917, 1.4150813250207037, 0.8016697864887622]","[0.4185948060051187, 6.282736777949936, 2.0312782945821133, 0.0]",CONVERGENCE: RELATIVE REDUCTION OF F <= FACTR*EPSMCH,81,0.0234375,0.027219685535386135,36.73811729749706,86,0.015625,0.025179898391597587,39.71421903488281,90,0.0078125,0.014983014682889519,66.74224254361786,71,0.21875,True,0.33729583508416094,2.9647564422207684,77,0.078125,True,0.20238569065475093,4.941060787276195,84,0.015625,True,0.025179898391597587,39.71421903488281
n8_d75_s17,8,0.75,17,2,4,True,19,125,L-BFGS-B,60,0.031623532999219606,66.007693159458,0.7334188128828667,0.004725883646645978,4096,18,0.00439453125,0.002781615150444107,0.006936189603926662,"[2.5694513664800853, 0.962285574203138, 0.4118283080696081, 0.5327218752290279]","[5.852917997146255, 4.662638282472783, 2.676070106766973, 0.3144158448538991]",CONVERGENCE: RELATIVE REDUCTION OF F <= FACTR*EPSMCH,81,0.0234375,0.07865776578877344,12.713302875718428,86,0.015625,0.07670403030428914,13.037124594795666,90,0.0078125,0.004725883646645978,211.6006391121612,71,0.21875,True,0.3663900297192121,2.729331911041257,77,0.078125,True,0.20944493638452516,4.774524594684281,84,0.015625,True,0.07670403030428914,13.037124594795666
n8_d75_s17,8,0.75,17,2,5,True,18,120,L-BFGS-B,60,0.770292547000281,64.62911163539835,0.7181012403933149,0.00490730354152123,4096,15,0.003662109375,0.0022205922771783033,0.006033741252691535,"[5.973293162415664, 1.1792863296508573, 2.093783241170355, 1.7152494062097634]","[5.96467620506301, 1.1366453239744945, 2.0904833113265986, 1.766623553771008]",CONVERGENCE: RELATIVE REDUCTION OF F <= FACTR*EPSMCH,81,0.0234375,0.043729430440637596,22.86789445742938,86,0.015625,0.022668877639305553,44.113344114844956,90,0.0078125,0.00490730354152123,203.77789789013275,71,0.21875,True,0.3221171581754323,3.1044605188506518,77,0.078125,True,0.24885331056468826,4.018431572121098,84,0.015625,True,0.022668877639305553,44.113344114844956
n8_d75_s17,8,0.75,17,2,6,True,21,160,L-BFGS-B,60,0.8847677270005079,64.55420674090456,0.7172689637878285,0.0004523051533976257,4096,1,0.000244140625,4.309811523941186e-05,0.0013817030336260863,"[4.054117495321811, 1.1292035516450185, 2.6283097279964722, 2.4704147707575954]","[4.644470919674289, 0.7719543387809454, 2.053691589709838, 2.6829671542315783]",CONVERGENCE: NORM OF PROJECTED GRADIENT <= PGTOL,81,0.0234375,0.0595484457492367,16.793049548448007,86,0.015625,0.05906622543773763,16.930149041843062,90,0.0078125,0.0004523051533976257,2210.8967640280025,71,0.21875,True,0.34073298211525743,2.9348494348625658,77,0.078125,True,0.14984670706452669,6.673486655728658,84,0.015625,True,0.05906622543773763,16.930149041843062
n8_d75_s17,8,0.75,17,2,7,True,34,220,L-BFGS-B,60,0.7909275740003068,62.60904134900025,0.6956560149888916,0.0015668080135337124,4096,5,0.001220703125,0.0005215205909937573,0.0028545755238729804,"[4.576217474483108, 6.2710843976366775, 2.7617869193253264, 2.4426783947928983]","[4.8811681010261205, 6.224031890977964, 2.5905193542989484, 1.7012378911054804]",CONVERGENCE: RELATIVE REDUCTION OF F <= FACTR*EPSMCH,81,0.0234375,0.02451571291789106,40.79016601920724,86,0.015625,0.007599463685105666,131.58823325387016,90,0.0078125,0.0015668080135337124,638.2402894051087,71,0.21875,True,0.26632724708271605,3.7547791709401013,77,0.078125,True,0.10433287443385632,9.58470669409159,84,0.015625,True,0.007599463685105666,131.58823325387016
n8_d75_s17,8,0.75,17,2,8,True,27,225,L-BFGS-B,60,0.9391937000000325,72.44704400807248,0.8049671556452498,0.06663746461453443,4096,301,0.073486328125,0.06588878523471378,0.08188313836424471,"[4.1170169461407795, 2.3509850400358903, 1.6860180992230844, 0.4716268776281437]","[3.9681477976696176, 2.379876445159363, 1.4945197722576924, 0.3065298133298112]",CONVERGENCE: NORM OF PROJECTED GRADIENT <= PGTOL,81,0.0234375,0.1569937878613974,6.369678785525285,86,0.015625,0.1166773238083578,8.570645669269013,90,0.0078125,0.06663746461453443,15.006573341055477,71,0.21875,True,0.586191812125193,1.705926250273912,77,0.078125,True,0.3387582187477831,2.951957899933739,84,0.015625,True,0.1166773238083578,8.570645669269013
n8_d75_s17,8,0.75,17,2,9,True,33,245,L-BFGS-B,60,0.6943544730002031,63.10669668527201,0.7011855187252446,0.00742251761552294,4096,32,0.0078125,0.005539509852396457,0.011007827282978652,"[1.6394631409433322, 1.359705093065634, 1.1347956497663292, 0.5114477250977512]","[1.6601263145113383, 1.3231067017376474, 1.153410026321145, 0.10983185534192955]",CONVERGENCE: RELATIVE REDUCTION OF F <= FACTR*EPSMCH,81,0.0234375,0.022131514632661428,45.18443570618577,86,0.015625,0.012652579132579557,79.03526937247648,90,0.0078125,0.00742251761552294,134.72517706238503,71,0.21875,True,0.2893226845478184,3.4563484075329147,77,0.078125,True,0.1376541447147385,7.26458329367638,84,0.015625,True,0.012652579132579557,79.03526937247648
n8_d75_s17,8,0.75,17,2,10,True,1,10,L-BFGS-B,60,0.01209708300029888,59.5,0.6611111111111111,0.0078125,4096,29,0.007080078125,0.004934210809760133,0.010149655101114045,"[0.692683368956123, 5.271080274835799, 2.852741258929613, 2.5659604998387446]","[0.0, 0.0, 3.141592653589793, 0.0]",CONVERGENCE: NORM OF PROJECTED GRADIENT <= PGTOL,81,0.0234375,0.0234375,42.666666666666664,86,0.015625,0.015625,64.0,90,0.0078125,0.0078125,128.0,71,0.21875,True,0.21875,4.571428571428571,77,0.078125,True,0.078125,12.8,84,0.015625,True,0.015625,64.0
n8_d75_s17,8,0.75,17,2,11,True,19,165,L-BFGS-B,60,0.7862220160004654,64.77996485750717,0.7197773873056352,0.0024370932802711674,4096,7,0.001708984375,0.0008280858168609898,0.0035236577810063684,"[5.1483160376694785, 3.409908272094972, 0.4831175317442734, 1.6928001955462586]","[0.7875100842265697, 5.7983843458277935, 0.26239221250707806, 2.7163247291361805]",CONVERGENCE: NORM OF PROJECTED GRADIENT <= PGTOL,81,0.0234375,0.058959825352977474,16.960701528765636,86,0.015625,0.024944623852634566,40.08879852860092,90,0.0078125,0.0024370932802711674,410.32487680928375,71,0.21875,True,0.3573272751720492,2.7985549088535455,77,0.078125,True,0.22007954944322605,4.543811556002709,84,0.015625,True,0.024944623852634566,40.08879852860092
n8_d75_s17,8,0.75,17,2,12,True,21,145,L-BFGS-B,60,0.7290769639994323,65.27207319633905,0.7252452577371006,0.0030387897709997095,4096,15,0.003662109375,0.0022205922771783033,0.006033741252691535,"[1.1916470678223599, 1.7221556516648533, 1.2328032589954758, 0.6572053270925262]","[1.3323465352365607, 1.719850247740704, 1.3544097150230354, 0.9206496370636166]",CONVERGENCE: NORM OF PROJECTED GRADIENT <= PGTOL,81,0.0234375,0.010666583121885894,93.75073428605093,86,0.015625,0.006666306612768997,150.00810165025217,90,0.0078125,0.0030387897709997095,329.0783750634442,71,0.21875,True,0.34688158107915534,2.8828281884814424,77,0.078125,True,0.06169369244079017,16.209112478714722,84,0.015625,True,0.006666306612768997,150.00810165025217
n8_d75_s17,8,0.75,17,2,13,True,1,10,L-BFGS-B,60,0.026924284000415355,59.5,0.6611111111111111,0.0078125,4096,28,0.0068359375,0.004733873030895345,0.009862169138478523,"[4.409939618446039, 0.5625385923987474, 0.473709561701686, 1.4445976782547285]","[6.283185307179586, 0.0, 0.0, 3.141592653589793]",CONVERGENCE: NORM OF PROJECTED GRADIENT <= PGTOL,81,0.0234375,0.0234375,42.666666666666664,86,0.015625,0.015625,64.0,90,0.0078125,0.0078125,128.0,71,0.21875,True,0.21875,4.571428571428571,77,0.078125,True,0.078125,12.8,84,0.015625,True,0.015625,64.0
n8_d75_s17,8,0.75,17,2,14,True,20,175,L-BFGS-B,60,0.7999435130004713,61.096435184786955,0.6788492798309662,0.016737421105975165,4096,62,0.01513671875,0.011826124044008677,0.01935592533637573,"[2.836833811100511, 5.968995056218808, 1.4390392006624055, 1.6848655382824658]","[2.470592287282174, 6.215404272638908, 3.141592653589793, 2.7862090776278667]",CONVERGENCE: NORM OF PROJECTED GRADIENT <= PGTOL,81,0.0234375,0.045426233432602964,22.01371155906331,86,0.015625,0.042436023031316966,23.564884938959036,90,0.0078125,0.016737421105975165,59.74636078451809,71,0.21875,True,0.2157247169358465,4.635537430313959,77,0.078125,True,0.08740973197933824,11.440373713036648,84,0.015625,True,0.042436023031316966,23.564884938959036
n8_d75_s17,8,0.75,17,2,15,True,1,10,L-BFGS-B,60,0.03076714200051356,59.5,0.6611111111111111,0.0078125,4096,30,0.00732421875,0.0051352858767219015,0.010436403775652586,"[1.236742029365925, 2.958330077469131, 3.0939234987045903, 2.6063365990533582]","[0.0, 0.0, 3.141592653589793, 2.4371762678370485]",CONVERGENCE: NORM OF PROJECTED GRADIENT <= PGTOL,81,0.0234375,0.0234375,42.666666666666664,86,0.015625,0.015625,64.0,90,0.0078125,0.0078125,128.0,71,0.21875,True,0.21875,4.571428571428571,77,0.078125,True,0.078125,12.8,84,0.015625,True,0.015625,64.0
n8_d75_s17,8,0.75,17,2,16,True,1,10,L-BFGS-B,60,0.009361473999888403,59.4999999999999,0.66111111111111,0.007812499999999686,4096,39,0.009521484375,0.006973116704285116,0.012988986621592162,"[5.61435294181129, 2.8206901132778746, 1.625741515725385, 2.6366683397079993]","[6.283185307179586, 6.283185307179586, 3.141592653589793, 1.946040691548372]",CONVERGENCE: NORM OF PROJECTED GRADIENT <= PGTOL,81,0.0234375,0.023437500000001235,42.66666666666442,86,0.015625,0.01562500000000048,63.99999999999804,90,0.0078125,0.007812499999999686,128.00000000000514,71,0.21875,True,0.21874999999999775,4.571428571428618,77,0.078125,True,0.07812499999999885,12.800000000000189,84,0.015625,True,0.01562500000000048,63.99999999999804
n8_d75_s17,8,0.75,17,2,17,True,20,125,L-BFGS-B,60,0.9721688359995824,63.0832928502251,0.7009254761136122,0.005926279166690396,4096,31,0.007568359375,0.005337063044036356,0.010722450349838443,"[1.6708698367466812, 6.180212173711982, 0.10245367061037693, 0.5672529288417819]","[0.8190650925717604, 2.5471567854954023, 0.21714354241854786, 1.0738642479573692]",CONVERGENCE: NORM OF PROJECTED GRADIENT <= PGTOL,81,0.0234375,0.04752175915480138,21.04299204796935,86,0.015625,0.04700395420940916,21.27480585026657,90,0.0078125,0.005926279166690396,168.73994151687293,71,0.21875,True,0.2812798671820811,3.5551780154698003,77,0.078125,True,0.12202881478488711,8.19478581155446,84,0.015625,True,0.04700395420940916,21.27480585026657
n8_d75_s17,8,0.75,17,2,18,True,20,170,L-BFGS-B,60,0.839646028000061,63.780180744919775,0.708668674943553,0.0017417238782759064,4096,5,0.001220703125,0.0005215205909937573,0.0028545755238729804,"[1.4832399024004657, 2.985229019924193, 2.7380757815919297, 2.846721620523209]","[2.7888529225632825, 2.112298317839509, 2.0241859559095055, 2.505425052019855]",CONVERGENCE: NORM OF PROJECTED GRADIENT <= PGTOL,81,0.0234375,0.06501414506850839,15.381268167815698,86,0.015625,0.005927339531733643,168.70975496615722,90,0.0078125,0.0017417238782759064,574.1438195070723,71,0.21875,True,0.3345581843908907,2.9890166992047673,77,0.078125,True,0.1297650210750624,7.706236948257044,84,0.015625,True,0.005927339531733643,168.70975496615722
n8_d75_s17,8,0.75,17,2,19,True,11,85,L-BFGS-B,60,0.3607075669997357,61.82137088296727,0.6869041209218586,0.01889691258922903,4096,56,0.013671875,0.01054387645975476,0.017711230471627787,"[0.6807909719810697, 1.553853420233422, 2.7371015741673355, 1.5586511899887912]","[1.7933473633980885, 2.1737962753314957, 1.9303565918210444, 0.0]",CONVERGENCE: NORM OF PROJECTED GRADIENT <= PGTOL,81,0.0234375,0.032522028430134596,30.74838957687552,86,0.015625,0.0302852568310117,33.019366670056215,90,0.0078125,0.01889691258922903,52.91869744743307,71,0.21875,True,0.2694461572546418,3.7113166140088745,77,0.078125,True,0.0849641327573974,11.769672302256684,84,0.015625,True,0.0302852568310117,33.019366670056215
n8_d75_s17,8,0.75,17,3,0,True,34,308,L-BFGS-B,60,0.13439040100001876,64.6004888820011,0.7177832098000122,0.009315157111032741,4096,38,0.00927734375,0.006766714050692903,0.012707565533684064,"[2.0245575638104247, 0.4408522646940181, 4.920628174094849, 1.866170202711925, 1.8493782831931562, 1.675031223356305]","[2.82964613103189, 1.726650355219428, 5.1977345585366805, 1.2302967409352161, 2.245348463157576, 2.2005713454530484]",CONVERGENCE: RELATIVE REDUCTION OF F <= FACTR*EPSMCH,81,0.0234375,0.0409612999120306,24.413287716640394,86,0.015625,0.037970691385875485,26.336101964474228,90,0.0078125,0.009315157111032741,107.35191989575935,71,0.21875,True,0.35074156128512,2.8511020944766043,77,0.078125,True,0.1441718332813371,6.936167608055582,84,0.015625,True,0.037970691385875485,26.336101964474228
n8_d75_s17,8,0.75,17,3,1,True,36,308,L-BFGS-B,60,0.15381297800013272,64.29215047429791,0.714357227492199,0.0001883679261517668,4096,2,0.00048828125,0.00013391454481334652,0.0017787103455524616,"[2.152993335428867, 4.920464555556979, 5.235110136683528, 2.6046174826955535, 2.4164611421070306, 0.06103833578802175]","[2.564528395085174, 5.037173273825079, 4.675547339220599, 2.829502509983226, 2.1379396853071895, 0.4349189308514026]",CONVERGENCE: RELATIVE REDUCTION OF F <= FACTR*EPSMCH,81,0.0234375,0.06370302370092101,15.697841984626894,86,0.015625,0.05466027427480898,18.294822213522355,90,0.0078125,0.0001883679261517668,5308.7594073436185,71,0.21875,True,0.2557144121068612,3.910612592230849,77,0.078125,True,0.12591508538477955,7.941860158726293,84,0.015625,True,0.05466027427480898,18.294822213522355
n8_d75_s17,8,0.75,17,3,2,True,33,294,L-BFGS-B,60,0.10384267600056774,63.374757929946185,0.704163976999402,0.04303123224728125,4096,169,0.041259765625,0.0355863874416206,0.04779280227929697,"[1.8978217339885273, 1.7704335423456883, 0.9327367377425404, 2.5671869261999833, 2.3364114302035355, 1.6553841951582642]","[1.9221599572685564, 1.7245925463120921, 1.0378285992207577, 2.558881889011761, 2.055943425393249, 2.0033744341863966]",CONVERGENCE: RELATIVE REDUCTION OF F <= FACTR*EPSMCH,81,0.0234375,0.04628747616296917,21.604115905546355,86,0.015625,0.04420835869126328,22.620156676335192,90,0.0078125,0.04303123224728125,23.238934787027414,71,0.21875,True,0.3446712900293393,2.901315046909992,77,0.078125,True,0.1587194055409302,6.300426822995644,84,0.015625,True,0.04420835869126328,22.620156676335192
n8_d75_s17,8,0.75,17,3,3,True,55,644,L-BFGS-B,60,0.23330380399966089,78.36787712629746,0.870754190292194,0.1767297766843184,4096,665,0.162353515625,0.15137722178992588,0.17396254371514538,"[3.222358985949057, 6.196133717355687, 2.0431325328274013, 1.2929004354855829, 2.735569418439056, 1.8755898480611521]","[0.06320979392008792, 6.109134034468278, 0.02419798861494586, 0.1504579055702922, 0.4620352127422233, 0.826963631423171]",CONVERGENCE: RELATIVE REDUCTION OF F <= FACTR*EPSMCH,81,0.0234375,0.35587799678144505,2.8099517504425227,86,0.015625,0.2859319758666571,3.497335325890046,90,0.0078125,0.1767297766843184,5.658356043680397,71,0.21875,True,0.8535475163244082,1.1715809382308946,77,0.078125,True,0.6162662833102552,1.6226751764327119,84,0.015625,True,0.2859319758666571,3.497335325890046
n8_d75_s17,8,0.75,17,3,4,True,24,231,L-BFGS-B,60,0.10013868100031686,65.57431528355067,0.7286035031505631,0.0303647429724499,4096,113,0.027587890625,0.022997436199112566,0.03306362399778765,"[1.8227323372099997, 2.426646389048152, 1.6315865026597915, 0.13113571351399014, 1.4931681276895328, 1.1097548267345145]","[1.7197520179436223, 2.507642215561107, 1.6218215990070666, 0.13126372213676002, 1.8171816799740172, 1.1367462536487103]",CONVERGENCE: RELATIVE REDUCTION OF F <= FACTR*EPSMCH,81,0.0234375,0.08649782111831256,11.560984855701628,86,0.015625,0.07887456881956531,12.678357738951519,90,0.0078125,0.0303647429724499,32.93293148923755,71,0.21875,True,0.376515838414064,2.655930768310136,77,0.078125,True,0.18849059757210507,5.305304417730761,84,0.015625,True,0.07887456881956531,12.678357738951519
n8_d75_s17,8,0.75,17,3,5,True,47,560,L-BFGS-B,60,2.6444543409998005,65.19140169899657,0.7243489077666285,0.004835419624572284,4096,20,0.0048828125,0.0031631598704827783,0.007530292366888611,"[1.510386582745305, 1.649810729433661, 2.8033551863294877, 2.688898302750184, 0.8063200216619077, 1.6328511013861338]","[0.8289970086890152, 0.2605114704551612, 4.87666379299967, 1.8071015417931662, 0.26387853905885533, 1.934776910844225]",CONVERGENCE: RELATIVE REDUCTION OF F <= FACTR*EPSMCH,81,0.0234375,0.09222231842374579,10.843362182732937,86,0.015625,0.05370698637889498,18.61955152249924,90,0.0078125,0.004835419624572284,206.80728409138942,71,0.21875,True,0.2950958182418122,3.388729823275787,77,0.078125,True,0.20512364995962198,4.875108258832403,84,0.015625,True,0.05370698637889498,18.61955152249924
n8_d75_s17,8,0.75,17,3,6,True,23,252,L-BFGS-B,60,1.199769326999558,64.43763933856887,0.715973770428543,0.005488580562151895,4096,23,0.005615234375,0.003744712895050349,0.00841221056682197,"[3.4282466308092516, 2.6521851641923986, 0.4672290022485012, 2.3670815801508325, 2.916516347027004, 1.6323503793964143]","[3.062491296616662, 2.9219995297897055, 0.9451861774552583, 2.467996107969004, 3.006916881679794, 1.6984452298308277]",CONVERGENCE: RELATIVE REDUCTION OF F <= FACTR*EPSMCH,81,0.0234375,0.012145569290813321,82.33455147766364,86,0.015625,0.00853826040861723,117.11987596334626,90,0.0078125,0.005488580562151895,182.1964693195525,71,0.21875,True,0.3581091330580378,2.792444837864363,77,0.078125,True,0.1325076552304678,7.546733796328376,84,0.015625,True,0.00853826040861723,117.11987596334626
n8_d75_s17,8,0.75,17,3,7,True,30,322,L-BFGS-B,60,1.5928774969997903,63.357533973504104,0.7039725997056011,0.007882132576139329,4096,31,0.007568359375,0.005337063044036356,0.010722450349838443,"[2.1428113285491253, 0.7889101961150629, 0.6049791583762899, 2.1832185754286977, 3.088770207336091, 1.3627658488669203]","[2.601794352785504, 0.744804844715837, 0.6449597934590319, 1.7268875486184359, 2.879008050281729, 1.0191531308923312]",CONVERGENCE: RELATIVE REDUCTION OF F <= FACTR*EPSMCH,81,0.0234375,0.01679252781890116,59.55029586876315,86,0.015625,0.00953588276082114,104.8670610872621,90,0.0078125,0.007882132576139329,126.86921849388638,71,0.21875,True,0.2715871132529717,3.682059829799594,77,0.078125,True,0.13122823476769582,7.620311297871454,84,0.015625,True,0.00953588276082114,104.8670610872621
n8_d75_s17,8,0.75,17,3,8,True,37,357,L-BFGS-B,60,1.7932857929999955,65.26920489500054,0.7252133877222282,0.031823447483837995,4096,135,0.032958984375,0.027914302502552585,0.03887888000735444,"[2.566008459496909, 2.5483313656398576, 0.4862703576458261, 0.8286475626304188, 1.1267769939387382, 1.3414478414248772]","[1.2270031116279245, 1.3394086652090587, 1.3229863389472394, 0.24768767906967656, 0.2754207304705622, 0.44717828612542243]",CONVERGENCE: RELATIVE REDUCTION OF F <= FACTR*EPSMCH,81,0.0234375,0.05720995916645645,17.479474108527658,86,0.015625,0.054419488958467134,18.375769768128443,90,0.0078125,0.031823447483837995,31.423371101068312,71,0.21875,True,0.38437516078611467,2.601624927986565,77,0.078125,True,0.16368351640386658,6.109350666273795,84,0.015625,True,0.054419488958467134,18.375769768128443
n8_d75_s17,8,0.75,17,3,9,True,1,14,L-BFGS-B,60,0.034341805000622116,59.5,0.6611111111111111,0.0078125,4096,31,0.007568359375,0.005337063044036356,0.010722450349838443,"[6.274944167256149, 3.3462397565298114, 0.19914225691889598, 1.9977759479837316, 1.305732247906073, 2.96614424249173]","[6.283185307179586, 6.283185307179586, 0.0, 3.141592653589793, 0.0, 3.141592653589793]",CONVERGENCE: NORM OF PROJECTED GRADIENT <= PGTOL,81,0.0234375,0.0234375,42.666666666666664,86,0.015625,0.015625,64.0,90,0.0078125,0.0078125,128.0,71,0.21875,True,0.21875,4.571428571428571,77,0.078125,True,0.078125,12.8,84,0.015625,True,0.015625,64.0
n8_d75_s17,8,0.75,17,3,10,True,21,238,L-BFGS-B,60,1.4044674930000838,64.42306739798948,0.715811859977661,0.0014404571479389467,4096,5,0.001220703125,0.0005215205909937573,0.0028545755238729804,"[1.3772722801129147, 5.0953782370679725, 2.768710607196131, 0.4352519484836743, 2.7514962058718266, 0.22856809924111052]","[3.8895422818794785, 6.016339126329106, 4.186186433941839, 1.9548131450608115, 2.9329312356828963, 0.37819225586157756]",CONVERGENCE: RELATIVE REDUCTION OF F <= FACTR*EPSMCH,81,0.0234375,0.04756435669742617,21.02414642883444,86,0.015625,0.047162588128943146,21.203246888529243,90,0.0078125,0.0014404571479389467,694.2240534061237,71,0.21875,True,0.35076270086025696,2.850930265810667,77,0.078125,True,0.12890972104555545,7.757366875742518,84,0.015625,True,0.047162588128943146,21.203246888529243
n8_d75_s17,8,0.75,17,3,11,True,39,378,L-BFGS-B,60,2.072297140000046,64.04363308486391,0.7115959231651546,0.0074775681875741485,4096,26,0.00634765625,0.004335565780323295,0.009284828906049952,"[2.906861071424914, 4.265200282980808, 2.220701707139564, 0.814755121558907, 0.024775556240995533, 2.1178142183155715]","[2.9248711736785746, 4.252981586728724, 2.134907787562581, 0.5064236820417697, 0.2807411943265558, 2.631584282192641]",CONVERGENCE: RELATIVE REDUCTION OF F <= FACTR*EPSMCH,81,0.0234375,0.02735643931020687,36.55446487975112,86,0.015625,0.023447917184585457,42.6477111859383,90,0.0078125,0.0074775681875741485,133.73331742554356,71,0.21875,True,0.30779308160339264,3.24893592406522,77,0.078125,True,0.08952552473418625,11.169998756992928,84,0.015625,True,0.023447917184585457,42.6477111859383
n8_d75_s17,8,0.75,17,3,12,True,32,287,L-BFGS-B,60,1.468656025999735,65.59086666968348,0.7287874074409275,0.027637185310244762,4096,112,0.02734375,0.022775026827795367,0.03279820962760454,"[2.414763920905702, 4.153634305985057, 0.04531500792750676, 0.7128808510254844, 1.467373656120487, 1.7542501146058784]","[2.045762942191274, 4.557964177600242, 1.0770222493993649, 1.3100413877758228, 1.1437951353340758, 1.7267836439848276]",CONVERGENCE: NORM OF PROJECTED GRADIENT <= PGTOL,81,0.0234375,0.0824122127851653,12.13412389019126,86,0.015625,0.041297080582173656,24.21478675738791,90,0.0078125,0.027637185310244762,36.18313474307792,71,0.21875,True,0.2884987968482763,3.4662189614811725,77,0.078125,True,0.19570828895408635,5.109645612581093,84,0.015625,True,0.041297080582173656,24.21478675738791
n8_d75_s17,8,0.75,17,3,13,True,24,280,L-BFGS-B,60,1.2915487460004442,72.26202058333993,0.8029113398148882,0.06178222402729343,4096,235,0.057373046875,0.0506572079640723,0.06491834869586573,"[5.323976678724556, 5.4368744713752095, 4.784779246212772, 2.3479761062709126, 0.35007947637322817, 0.2527583205254168]","[3.04799647754757, 3.1704407066180362, 3.263868404493819, 1.501066002988846, 1.2608386675105214, 0.06609085893897504]",CONVERGENCE: RELATIVE REDUCTION OF F <= FACTR*EPSMCH,81,0.0234375,0.13390999950123772,7.467702215851006,86,0.015625,0.09295271374064935,10.758158204935633,90,0.0078125,0.06178222402729343,16.18588543459089,71,0.21875,True,0.5902027426139538,1.6943330279542446,77,0.078125,True,0.3271353031349831,3.056839143977617,84,0.015625,True,0.09295271374064935,10.758158204935633
n8_d75_s17,8,0.75,17,3,14,True,20,203,L-BFGS-B,60,0.9177542309998898,72.14877332773804,0.8016530369748671,0.05752426588385707,4096,239,0.058349609375,0.05157639552158395,0.06595045610435532,"[3.407024640217145, 6.208891152469887, 1.266230426783186, 0.5892896227442211, 0.42647902566059764, 1.7999437263930065]","[3.0552269431054033, 6.283185307179586, 3.1637502161411946, 3.10429100805891, 3.1044218817731903, 2.8351178413583544]",CONVERGENCE: NORM OF PROJECTED GRADIENT <= PGTOL,81,0.0234375,0.12866728391137475,7.771983441329142,86,0.015625,0.09144659361233712,10.93534445076464,90,0.0078125,0.05752426588385707,17.383968046094235,71,0.21875,True,0.5952125436775175,1.6800721198204347,77,0.078125,True,0.3266676449056886,3.061215322652194,84,0.015625,True,0.09144659361233712,10.93534445076464
n8_d75_s17,8,0.75,17,3,15,True,1,14,L-BFGS-B,60,0.03325676800068322,59.5,0.6611111111111111,0.0078125,4096,38,0.00927734375,0.006766714050692903,0.012707565533684064,"[5.257317256816813, 0.6498876961491683, 0.18734019044459907, 1.198244158474712, 2.076285950828767, 2.4657990790726183]","[0.0, 0.0, 0.0, 0.0, 0.0, 3.141592653589793]",CONVERGENCE: NORM OF PROJECTED GRADIENT <= PGTOL,81,0.0234375,0.0234375,42.666666666666664,86,0.015625,0.015625,64.0,90,0.0078125,0.0078125,128.0,71,0.21875,True,0.21875,4.571428571428571,77,0.078125,True,0.078125,12.8,84,0.015625,True,0.015625,64.0
n8_d75_s17,8,0.75,17,3,16,True,27,301,L-BFGS-B,60,1.6658758829998987,64.93378172703046,0.7214864636336719,0.008936225203958413,4096,36,0.0087890625,0.006355424717037815,0.012143207384338531,"[5.284910285909273, 0.05050632882347925, 3.4824475708109754, 2.493656646856724, 1.8730213531939786, 1.889534267809686]","[5.5613499714009365, 0.8208803028718384, 4.432615514498229, 2.6549984743202697, 2.13062018924738, 0.669960407462762]",CONVERGENCE: RELATIVE REDUCTION OF F <= FACTR*EPSMCH,81,0.0234375,0.04712810049392995,21.218763105650712,86,0.015625,0.03600058683768534,27.77732497830291,90,0.0078125,0.008936225203958413,111.90407327212809,71,0.21875,True,0.32922173926787257,3.037466487552774,77,0.078125,True,0.10330404494325493,9.680163061855918,84,0.015625,True,0.03600058683768534,27.77732497830291
n8_d75_s17,8,0.75,17,3,17,True,33,364,L-BFGS-B,60,1.9095219320006436,63.313578991565905,0.7034842110173989,0.009601365347588417,4096,36,0.0087890625,0.006355424717037815,0.012143207384338531,"[6.1328559883501095, 4.450736178034473, 1.6282768256167741, 0.6962473147897015, 2.456054144948841, 1.319497882835777]","[4.341252393284686, 6.014885299750456, 0.1533317325645678, 2.9107576238589656, 2.884919215857425, 0.35323508970538664]",CONVERGENCE: RELATIVE REDUCTION OF F <= FACTR*EPSMCH,81,0.0234375,0.09257006879671188,10.802627814785856,86,0.015625,0.061997613187289705,16.12965320098827,90,0.0078125,0.009601365347588417,104.15185380391455,71,0.21875,True,0.2832713530389336,3.5301840065082657,77,0.078125,True,0.16565824034768023,6.0365243401186675,84,0.015625,True,0.061997613187289705,16.12965320098827
n8_d75_s17,8,0.75,17,3,18,True,24,189,L-BFGS-B,60,1.0946864180004923,72.21174638363263,0.8023527375959181,0.06593384035088433,4096,266,0.06494140625,0.057795027177253044,0.07290306546919459,"[1.3087509841029117, 4.2586555495601655, 3.142522953754111, 1.7828152479668897, 3.0874673333018476, 0.4956166346562007]","[6.220763439102977, 6.283185307179586, 5.832181349656078, 2.0851173331022137, 2.3179937552246836, 1.500148613161687]",CONVERGENCE: RELATIVE REDUCTION OF F <= FACTR*EPSMCH,81,0.0234375,0.1274620226908923,7.845474117613028,86,0.015625,0.09439131657157934,10.5941948509816,90,0.0078125,0.06593384035088433,15.16671855724217,71,0.21875,True,0.6015409454160726,1.6623972276871728,77,0.078125,True,0.3368382549293137,2.9687839352149963,84,0.015625,True,0.09439131657157934,10.5941948509816
n8_d75_s17,8,0.75,17,3,19,True,37,343,L-BFGS-B,60,1.6636847889994897,65.51548925940855,0.727949880660095,0.018576507838020152,4096,68,0.0166015625,0.013117213150496153,0.020991778678890113,"[2.816383531094829, 0.7340446320221066, 1.6732605572366754, 0.743648358042394, 2.7947306474747036, 0.4313047774994124]","[3.0894016521156, 1.3949124230073102, 2.163467294245773, 0.6036834719833585, 3.121436834615503, 0.35763972411682676]",CONVERGENCE: NORM OF PROJECTED GRADIENT <= PGTOL,81,0.0234375,0.025615783975714703,39.038430404787135,86,0.015625,0.023566926354521865,42.43234713584645,90,0.0078125,0.018576507838020152,53.83143100520329,71,0.21875,True,0.43394270804361684,2.304451674066354,77,0.078125,True,0.21783337694132343,4.590664727514941,84,0.015625,True,0.023566926354521865,42.43234713584645
n8_d75_s42,8,0.75,42,1,0,True,1,6,L-BFGS-B,60,0.0010313009997844347,61.5,0.6684782608695652,0.0078125,4096,29,0.007080078125,0.004934210809760133,0.010149655101114045,"[0.2531229341468794, 2.9746836754128174]","[0.0, 3.141592653589793]",CONVERGENCE: NORM OF PROJECTED GRADIENT <= PGTOL,83,0.0546875,0.0546875,18.285714285714285,88,0.0390625,0.0390625,25.6,92,0.0078125,0.0078125,128.0,74,0.1640625,True,0.1640625,6.095238095238095,81,0.0546875,True,0.0546875,18.285714285714285,88,0.0390625,True,0.0390625,25.6
n8_d75_s42,8,0.75,42,1,1,True,9,42,L-BFGS-B,60,0.005316193999533425,62.70776518699995,0.681606143336956,0.036313481991576795,4096,135,0.032958984375,0.027914302502552585,0.03887888000735444,"[2.637320659606053, 1.322461969988501]","[2.6749427774186856, 1.1738352398355338]",CONVERGENCE: NORM OF PROJECTED GRADIENT <= PGTOL,83,0.0546875,0.07141545200444642,14.002571879510596,88,0.0390625,0.06831091426848122,14.638949144637664,92,0.0078125,0.036313481991576795,27.537981629851913,74,0.1640625,True,0.13938645244618522,7.174298380153432,81,0.0546875,True,0.07141545200444642,14.002571879510596,88,0.0390625,True,0.06831091426848122,14.638949144637664
n8_d75_s42,8,0.75,42,1,2,True,12,48,L-BFGS-B,60,0.03262761899986799,62.70776518699769,0.6816061433369314,0.03631343614041779,4096,151,0.036865234375,0.03151499527812255,0.043083367095789436,"[3.6161847233232867, 0.36535578460065704]","[3.608242513216699, 0.3969615197336096]",CONVERGENCE: NORM OF PROJECTED GRADIENT <= PGTOL,83,0.0546875,0.07141549105713633,14.002564222375014,88,0.0390625,0.06831095156602365,14.638941151822246,92,0.0078125,0.03631343614041779,27.538016400683553,74,0.1640625,True,0.13938648760759587,7.174296570376489,81,0.0546875,True,0.07141549105713633,14.002564222375014,88,0.0390625,True,0.06831095156602365,14.638941151822246
n8_d75_s42,8,0.75,42,1,3,True,8,39,L-BFGS-B,60,0.010034363000158919,62.05105069255124,0.6744679423103396,0.0011373563072033372,4096,11,0.002685546875,0.0015002563109177591,0.004802782252950839,"[4.403004496656682, 0.8487125716267351]","[2.769412408775885, 1.7338069998628685]",CONVERGENCE: NORM OF PROJECTED GRADIENT <= PGTOL,83,0.0546875,0.054438251444369375,18.36943644345196,88,0.0390625,0.025298344458669318,39.52827828847578,92,0.0078125,0.0011373563072033372,879.2319466350131,74,0.1640625,True,0.14538598064491048,6.878242286939562,81,0.0546875,True,0.054438251444369375,18.36943644345196,88,0.0390625,True,0.025298344458669318,39.52827828847578
n8_d75_s42,8,0.75,42,1,4,True,10,48,L-BFGS-B,60,0.006913250999787124,64.63511621866334,0.7025556110724276,0.027355203549585524,4096,111,0.027099609375,0.022552721294057086,0.03253269141984251,"[5.43243682158435, 2.1946432015431188]","[5.342704059209408, 2.0166165862936207]",CONVERGENCE: NORM OF PROJECTED GRADIENT <= PGTOL,83,0.0546875,0.0974296354582653,10.26381752632501,88,0.0390625,0.0750436602553429,13.325576025974863,92,0.0078125,0.027355203549585524,36.5561162134051,74,0.1640625,True,0.15686199202739134,6.37503060540873,81,0.0546875,True,0.0974296354582653,10.26381752632501,88,0.0390625,True,0.0750436602553429,13.325576025974863
n8_d75_s42,8,0.75,42,1,5,True,1,6,L-BFGS-B,60,0.0017355259997202666,61.5,0.6684782608695652,0.0078125,4096,29,0.007080078125,0.004934210809760133,0.010149655101114045,"[4.905377986877132, 2.2238092751288456]","[6.283185307179586, 0.0]",CONVERGENCE: NORM OF PROJECTED GRADIENT <= PGTOL,83,0.0546875,0.0546875,18.285714285714285,88,0.0390625,0.0390625,25.6,92,0.0078125,0.0078125,128.0,74,0.1640625,True,0.1640625,6.095238095238095,81,0.0546875,True,0.0546875,18.285714285714285,88,0.0390625,True,0.0390625,25.6
n8_d75_s42,8,0.75,42,1,6,True,2,9,L-BFGS-B,60,0.0023070699999152566,61.5,0.6684782608695652,0.0078125,4096,29,0.007080078125,0.004934210809760133,0.010149655101114045,"[2.5690519383984047, 1.2568039056153633]","[0.0, 3.141592653589793]",CONVERGENCE: NORM OF PROJECTED GRADIENT <= PGTOL,83,0.0546875,0.0546875,18.285714285714285,88,0.0390625,0.0390625,25.6,92,0.0078125,0.0078125,128.0,74,0.1640625,True,0.1640625,6.095238095238095,81,0.0546875,True,0.0546875,18.285714285714285,88,0.0390625,True,0.0390625,25.6
n8_d75_s42,8,0.75,42,1,7,True,1,6,L-BFGS-B,60,0.0016227449996222276,61.5,0.6684782608695652,0.0078125,4096,31,0.007568359375,0.005337063044036356,0.010722450349838443,"[0.6652843328240178, 2.301658315685496]","[6.283185307179586, 0.0]",CONVERGENCE: NORM OF PROJECTED GRADIENT <= PGTOL,83,0.0546875,0.0546875,18.285714285714285,88,0.0390625,0.0390625,25.6,92,0.0078125,0.0078125,128.0,74,0.1640625,True,0.1640625,6.095238095238095,81,0.0546875,True,0.0546875,18.285714285714285,88,0.0390625,True,0.0390625,25.6
n8_d75_s42,8,0.75,42,1,8,True,1,6,L-BFGS-B,60,0.0010963290005747695,61.5,0.6684782608695652,0.0078125,4096,43,0.010498046875,0.007803362608721715,0.014110035683156804,"[1.0081078212297878, 2.279704848991139]","[6.283185307179586, 3.141592653589793]",CONVERGENCE: NORM OF PROJECTED GRADIENT <= PGTOL,83,0.0546875,0.0546875,18.285714285714285,88,0.0390625,0.0390625,25.6,92,0.0078125,0.0078125,128.0,74,0.1640625,True,0.1640625,6.095238095238095,81,0.0546875,True,0.0546875,18.285714285714285,88,0.0390625,True,0.0390625,25.6
n8_d75_s42,8,0.75,42,1,9,True,11,51,L-BFGS-B,60,0.3859154629999466,64.11610628658389,0.6969141987672162,0.0012554533005068298,4096,8,0.001953125,0.0009900179449591885,0.0038495493944084797,"[2.3177898351110953, 2.359990588014595]","[2.3495475360367735, 2.610079652313961]",CONVERGENCE: NORM OF PROJECTED GRADIENT <= PGTOL,83,0.0546875,0.0673000016775615,14.858840640020519,88,0.0390625,0.05628423618839619,17.766964033282278,92,0.0078125,0.0012554533005068298,796.5250476431878,74,0.1640625,True,0.20069784370181448,4.982614569022194,81,0.0546875,True,0.0673000016775615,14.858840640020519,88,0.0390625,True,0.05628423618839619,17.766964033282278
n8_d75_s42,8,0.75,42,1,10,True,10,48,L-BFGS-B,60,0.4142971530000068,64.86177707056953,0.7050193159844514,0.0003515479862077891,4096,1,0.000244140625,4.309811523941186e-05,0.0013817030336260863,"[2.0558386325947158, 0.9372359957505352]","[2.01030837415062, 1.1076465021053883]",CONVERGENCE: NORM OF PROJECTED GRADIENT <= PGTOL,83,0.0546875,0.0865026581167486,11.560338396195256,88,0.0390625,0.04121293208467701,24.264228469485687,92,0.0078125,0.0003515479862077891,2844.56187841432,74,0.1640625,True,0.22944889915788688,4.35826889416404,81,0.0546875,True,0.0865026581167486,11.560338396195256,88,0.0390625,True,0.04121293208467701,24.264228469485687
n8_d75_s42,8,0.75,42,1,11,True,7,48,L-BFGS-B,60,0.24389548399994965,64.13847217390119,0.6971573062380564,0.06811772596927941,4096,258,0.06298828125,0.055950014635511774,0.07084548807893337,"[5.000166282899403, 0.38848304596103866]","[4.9579324305454895, 0.3342012087827288]",CONVERGENCE: NORM OF PROJECTED GRADIENT <= PGTOL,83,0.0546875,0.0975554845445364,10.25057693751166,88,0.0390625,0.08312874692724491,12.029532946950466,92,0.0078125,0.06811772596927941,14.680466585907354,74,0.1640625,True,0.16200849292487035,6.172515909173595,81,0.0546875,True,0.0975554845445364,10.25057693751166,88,0.0390625,True,0.08312874692724491,12.029532946950466
n8_d75_s42,8,0.75,42,1,12,True,10,45,L-BFGS-B,60,0.3215730270003405,74.34901075436095,0.8081414212430538,0.04055935735111288,4096,142,0.03466796875,0.029487295514351152,0.04072065318605805,"[6.256818797117162, 1.1581950658755225]","[6.219349806183533, 1.2664645448310312]",CONVERGENCE: NORM OF PROJECTED GRADIENT <= PGTOL,83,0.0546875,0.2542488794000911,3.933154011768052,88,0.0390625,0.19645476808772658,5.090230233319924,92,0.0078125,0.04055935735111288,24.655222994369307,74,0.1640625,True,0.5088599021886226,1.9651774401932007,81,0.0546875,True,0.2542488794000911,3.933154011768052,88,0.0390625,True,0.19645476808772658,5.090230233319924
n8_d75_s42,8,0.75,42,1,13,True,10,42,L-BFGS-B,60,0.3946290780004347,64.11610628658426,0.6969141987672202,0.0012554593151963434,4096,4,0.0009765625,0.000379829567061715,0.0025084428063047127,"[3.956265053413597, 0.4334656887052265]","[3.933637757645653, 0.5315127909429391]",CONVERGENCE: NORM OF PROJECTED GRADIENT <= PGTOL,83,0.0546875,0.06730002395719305,14.858835721010463,88,0.0390625,0.05628424746129291,17.766960474823925,92,0.0078125,0.0012554593151963434,796.5212316287672,74,0.1640625,True,0.2006978165112089,4.982615244068439,81,0.0546875,True,0.06730002395719305,14.858835721010463,88,0.0390625,True,0.05628424746129291,17.766960474823925
n8_d75_s42,8,0.75,42,1,14,True,8,42,L-BFGS-B,60,0.26846866800042335,64.1161062865836,0.6969141987672131,0.0012554506332441914,4096,5,0.001220703125,0.0005215205909937573,0.0028545755238729804,"[2.458147072216304, 1.4004612996330452]","[2.3495475394212826, 1.0392832537579684]",CONVERGENCE: NORM OF PROJECTED GRADIENT <= PGTOL,83,0.0546875,0.06729998873058946,14.858843498520173,88,0.0390625,0.056284227534306785,17.766966765075924,92,0.0078125,0.0012554506332441914,796.5267398973027,74,0.1640625,True,0.20069785184679786,4.982614366811196,81,0.0546875,True,0.06729998873058946,14.858843498520173,88,0.0390625,True,0.056284227534306785,17.766966765075924
n8_d75_s42,8,0.75,42,1,15,True,1,6,L-BFGS-B,60,0.0010356170005252352,61.5,0.6684782608695652,0.0078125,4096,34,0.00830078125,0.00594629450988538,0.011576690108490348,"[0.9878825334233013, 2.413399419259182]","[0.0, 3.141592653589793]",CONVERGENCE: NORM OF PROJECTED GRADIENT <= PGTOL,83,0.0546875,0.0546875,18.285714285714285,88,0.0390625,0.0390625,25.6,92,0.0078125,0.0078125,128.0,74,0.1640625,True,0.1640625,6.095238095238095,81,0.0546875,True,0.0546875,18.285714285714285,88,0.0390625,True,0.0390625,25.6
n8_d75_s42,8,0.75,42,1,16,True,11,60,L-BFGS-B,60,0.3764241580001908,64.13847217390116,0.6971573062380562,0.06811772065848033,4096,263,0.064208984375,0.05710291562037003,0.07213170580157667,"[1.203880904813844, 1.5709825013517777]","[1.325252859152822, 1.2365952812139969]",CONVERGENCE: NORM OF PROJECTED GRADIENT <= PGTOL,83,0.0546875,0.0975554817225267,10.25057723403244,88,0.0390625,0.08312873845882701,12.029534172412491,92,0.0078125,0.06811772065848033,14.680467730470143,74,0.1640625,True,0.162008518696583,6.1725149272727196,81,0.0546875,True,0.0975554817225267,10.25057723403244,88,0.0390625,True,0.08312873845882701,12.029534172412491
n8_d75_s42,8,0.75,42,1,17,True,1,6,L-BFGS-B,60,0.001012360999993689,61.5,0.6684782608695652,0.0078125,4096,31,0.007568359375,0.005337063044036356,0.010722450349838443,"[2.2940662056288974, 0.6336222321647572]","[6.283185307179586, 3.141592653589793]",CONVERGENCE: NORM OF PROJECTED GRADIENT <= PGTOL,83,0.0546875,0.0546875,18.285714285714285,88,0.0390625,0.0390625,25.6,92,0.0078125,0.0078125,128.0,74,0.1640625,True,0.1640625,6.095238095238095,81,0.0546875,True,0.0546875,18.285714285714285,88,0.0390625,True,0.0390625,25.6
n8_d75_s42,8,0.75,42,1,18,True,1,6,L-BFGS-B,60,0.0016049779997047153,61.5,0.6684782608695652,0.0078125,4096,30,0.00732421875,0.0051352858767219015,0.010436403775652586,"[0.1361963577561085, 2.3714934729595876]","[6.283185307179586, 0.0]",CONVERGENCE: NORM OF PROJECTED GRADIENT <= PGTOL,83,0.0546875,0.0546875,18.285714285714285,88,0.0390625,0.0390625,25.6,92,0.0078125,0.0078125,128.0,74,0.1640625,True,0.1640625,6.095238095238095,81,0.0546875,True,0.0546875,18.285714285714285,88,0.0390625,True,0.0390625,25.6
n8_d75_s42,8,0.75,42,1,19,True,9,42,L-BFGS-B,60,0.389373789000274,74.34901075436109,0.8081414212430553,0.04055935205427823,4096,159,0.038818359375,0.03332200652318076,0.045178945782733716,"[6.151712963223209, 3.0438089660161083]","[6.219349805294442, 2.837260913694382]",CONVERGENCE: NORM OF PROJECTED GRADIENT <= PGTOL,83,0.0546875,0.25424886605485475,3.9331542182148724,88,0.0390625,0.1964547585017354,5.090230481697222,92,0.0078125,0.04055935205427823,24.655226214209684,74,0.1640625,True,0.508859891366981,1.9651774819855419,81,0.0546875,True,0.25424886605485475,3.9331542182148724,88,0.0390625,True,0.1964547585017354,5.090230481697222
n8_d75_s42,8,0.75,42,2,0,True,24,155,L-BFGS-B,60,0.04606947799948102,70.68864281318403,0.768354813186783,0.06105767916087136,4096,275,0.067138671875,0.059872982447570146,0.07521552387238029,"[3.7309027959663137, 5.872690378677106, 1.3077809197173071, 1.8296610072897823]","[3.6707809324440066, 5.839102194310455, 1.526767900498807, 1.979536692205629]",CONVERGENCE: RELATIVE REDUCTION OF F <= FACTR*EPSMCH,83,0.0546875,0.1639881625975458,6.098001124960257,88,0.0390625,0.11890699648596985,8.409934062357657,92,0.0078125,0.06105767916087136,16.377956282374505,74,0.1640625,True,0.3859682697676656,2.5908865529333593,81,0.0546875,True,0.1639881625975458,6.098001124960257,88,0.0390625,True,0.11890699648596985,8.409934062357657
n8_d75_s42,8,0.75,42,2,1,True,14,140,L-BFGS-B,60,0.06283527699997649,67.19804897953424,0.7304135758645025,0.04434103375613028,4096,209,0.051025390625,0.04469721025882503,0.058194929122104944,"[2.2182865572793515, 0.6601486496077382, 0.38116396825316257, 1.8098943610305889]","[1.7377975104105616, 0.5930051001226633, 0.2761037261317822, 1.3044428871796]",CONVERGENCE: NORM OF PROJECTED GRADIENT <= PGTOL,83,0.0546875,0.12089992316170163,8.271303850727156,88,0.0390625,0.10692142753916208,9.352662258776244,92,0.0078125,0.04434103375613028,22.552473753766442,74,0.1640625,True,0.2644897330466583,3.7808650962780144,81,0.0546875,True,0.12089992316170163,8.271303850727156,88,0.0390625,True,0.10692142753916208,9.352662258776244
n8_d75_s42,8,0.75,42,2,2,True,18,140,L-BFGS-B,60,0.06387328700020589,65.41993591518005,0.7110862599476092,0.010309070113588179,4096,45,0.010986328125,0.008221047888752987,0.01466799788612615,"[2.9002255857771067, 5.750016369737211, 1.9638261838611144, 2.839207158187787]","[2.873822679501371, 5.7522651457413625, 2.1354586044626926, 2.4525196551280906]",CONVERGENCE: NORM OF PROJECTED GRADIENT <= PGTOL,83,0.0546875,0.1274219364582541,7.847942260143092,88,0.0390625,0.10325690339031582,9.684582504086475,92,0.0078125,0.010309070113588179,97.00195934082552,74,0.1640625,True,0.24890308096669223,4.017628050710301,81,0.0546875,True,0.1274219364582541,7.847942260143092,88,0.0390625,True,0.10325690339031582,9.684582504086475
n8_d75_s42,8,0.75,42,2,3,True,10,85,L-BFGS-B,60,0.022274794000622933,74.34901075436105,0.8081414212430549,0.04055934822304783,4096,162,0.03955078125,0.03400068683769521,0.04596373669272019,"[1.5947534034932265, 1.0892812784854902, 0.6426658081285848, 2.9141513177097584]","[0.0, 0.06383549145754769, 0.9551335274604654, 1.875128064876057]",CONVERGENCE: NORM OF PROJECTED GRADIENT <= PGTOL,83,0.0546875,0.25424885216833915,3.933154433035144,88,0.0390625,0.19645474804098625,5.090230752739916,92,0.0078125,0.04055934822304783,24.655228543138925,74,0.1640625,True,0.5088598751737791,1.965177544522435,81,0.0546875,True,0.25424885216833915,3.933154433035144,88,0.0390625,True,0.19645474804098625,5.090230752739916
n8_d75_s42,8,0.75,42,2,4,True,26,225,L-BFGS-B,60,0.07955935199970554,74.3783475555206,0.8084602995165283,0.042033799942628396,4096,149,0.036376953125,0.031063905459610283,0.042558809431301095,"[5.932292765934425, 3.3431224500732992, 2.8291579301286682, 1.619786061740647]","[3.9962101666605423, 2.2241357155070385, 1.5878502349129417, 1.265518095873093]",CONVERGENCE: RELATIVE REDUCTION OF F <= FACTR*EPSMCH,83,0.0546875,0.2573379469515676,3.885940693341295,88,0.0390625,0.19911096809384587,5.022325036000405,92,0.0078125,0.042033799942628396,23.790378251904233,74,0.1640625,True,0.5122631483185068,1.9521216844945402,81,0.0546875,True,0.2573379469515676,3.885940693341295,88,0.0390625,True,0.19911096809384587,5.022325036000405
n8_d75_s42,8,0.75,42,2,5,True,22,165,L-BFGS-B,60,1.0220993550001367,64.78099909796825,0.7041412945431331,0.028642355765984263,4096,120,0.029296875,0.024557101432008455,0.03491872495539393,"[4.106513048027341, 3.0825993041408024, 2.804823452560457, 1.0151252706317266]","[4.347283288187767, 3.5448308541875946, 2.5873656153093427, 1.6765161942546953]",CONVERGENCE: NORM OF PROJECTED GRADIENT <= PGTOL,83,0.0546875,0.12467215983702164,8.021036944473051,88,0.0390625,0.0733548864971909,13.632356994217348,92,0.0078125,0.028642355765984263,34.91332934240006,74,0.1640625,True,0.22078236973286022,4.529347163045531,81,0.0546875,True,0.12467215983702164,8.021036944473051,88,0.0390625,True,0.0733548864971909,13.632356994217348
n8_d75_s42,8,0.75,42,2,6,True,19,135,L-BFGS-B,60,0.7149267019995023,64.3103533889172,0.6990255803143175,0.03863818911196021,4096,154,0.03759765625,0.03219213497957013,0.043869698618842795,"[2.9371367947577123, 3.988702310491177, 1.4837461683904598, 0.06675302541930969]","[3.4747795603027933, 4.330259879230032, 1.6930803427647054, 0.4497331796777211]",CONVERGENCE: RELATIVE REDUCTION OF F <= FACTR*EPSMCH,83,0.0546875,0.10663712294787847,9.377597335299216,88,0.0390625,0.069264817089546,14.437344123888952,92,0.0078125,0.03863818911196021,25.881130119797884,74,0.1640625,True,0.19839905148401846,5.040346677668227,81,0.0546875,True,0.10663712294787847,9.377597335299216,88,0.0390625,True,0.069264817089546,14.437344123888952
n8_d75_s42,8,0.75,42,2,7,True,16,120,L-BFGS-B,60,0.684755731000223,64.9842691614489,0.7063507517548794,0.013491490788647136,4096,56,0.013671875,0.01054387645975476,0.017711230471627787,"[4.278650645040731, 5.703004087400681, 0.901991612499349, 1.5103440200477816]","[4.360445398903245, 5.614670814760518, 1.0575118726095694, 1.3698128734584598]",CONVERGENCE: NORM OF PROJECTED GRADIENT <= PGTOL,83,0.0546875,0.08554174349030677,11.690198950800152,88,0.0390625,0.040047051871136545,24.970627131749954,92,0.0078125,0.013491490788647136,74.120793295985,74,0.1640625,True,0.1905386795779813,5.248278208996051,81,0.0546875,True,0.08554174349030677,11.690198950800152,88,0.0390625,True,0.040047051871136545,24.970627131749954
n8_d75_s42,8,0.75,42,2,8,True,1,10,L-BFGS-B,60,0.022757867999644077,61.499999999999865,0.6684782608695637,0.0078124999999991986,4096,30,0.00732421875,0.0051352858767219015,0.010436403775652586,"[6.278587006420447, 1.8535189378733476, 2.18194197207572, 2.4304739108405466]","[6.283185307179586, 0.0, 1.9645251306674856, 3.141592653589793]",CONVERGENCE: NORM OF PROJECTED GRADIENT <= PGTOL,83,0.0546875,0.054687499999997974,18.285714285714963,88,0.0390625,0.039062499999998855,25.60000000000075,92,0.0078125,0.0078124999999991986,128.00000000001313,74,0.1640625,True,0.16406249999999703,6.095238095238206,81,0.0546875,True,0.054687499999997974,18.285714285714963,88,0.0390625,True,0.039062499999998855,25.60000000000075
n8_d75_s42,8,0.75,42,2,9,True,1,10,L-BFGS-B,60,0.0024202720005632727,61.5,0.6684782608695652,0.0078125,4096,26,0.00634765625,0.004335565780323295,0.009284828906049952,"[0.10145663206029093, 3.4035248866984587, 0.6817360460749073, 1.169140606205914]","[6.283185307179586, 0.0, 0.0, 0.0]",CONVERGENCE: NORM OF PROJECTED GRADIENT <= PGTOL,83,0.0546875,0.0546875,18.285714285714285,88,0.0390625,0.0390625,25.6,92,0.0078125,0.0078125,128.0,74,0.1640625,True,0.1640625,6.095238095238095,81,0.0546875,True,0.0546875,18.285714285714285,88,0.0390625,True,0.0390625,25.6
n8_d75_s42,8,0.75,42,2,10,True,13,105,L-BFGS-B,60,0.5409700279997196,74.34901075436105,0.8081414212430549,0.04055934976462756,4096,160,0.0390625,0.03354817131232753,0.04544060473508725,"[2.418219681305057, 2.5646668352392785, 1.0452364603534736, 1.4403881851345361]","[0.06383549236746276, 3.3941370957289143, 0.30433174730403584, 3.141592653589793]",CONVERGENCE: NORM OF PROJECTED GRADIENT <= PGTOL,83,0.0546875,0.2542488564992536,3.933154366037181,88,0.0390625,0.19645475120321693,5.0902306708051,92,0.0078125,0.04055934976462756,24.655227606043024,74,0.1640625,True,0.5088598792064288,1.9651775289486533,81,0.0546875,True,0.2542488564992536,3.933154366037181,88,0.0390625,True,0.19645475120321693,5.0902306708051
n8_d75_s42,8,0.75,42,2,11,True,1,10,L-BFGS-B,60,0.02692840800045815,61.5,0.6684782608695652,0.0078125,4096,26,0.00634765625,0.004335565780323295,0.009284828906049952,"[0.8348581567584391, 5.578195182823771, 0.4121365901501123, 0.6227853282869468]","[6.283185307179586, 0.0, 3.141592653589793, 0.0]",CONVERGENCE: NORM OF PROJECTED GRADIENT <= PGTOL,83,0.0546875,0.0546875,18.285714285714285,88,0.0390625,0.0390625,25.6,92,0.0078125,0.0078125,128.0,74,0.1640625,True,0.1640625,6.095238095238095,81,0.0546875,True,0.0546875,18.285714285714285,88,0.0390625,True,0.0390625,25.6
n8_d75_s42,8,0.75,42,2,12,True,1,10,L-BFGS-B,60,0.047316571999544976,61.5,0.6684782608695652,0.0078125,4096,34,0.00830078125,0.00594629450988538,0.011576690108490348,"[6.120341512672494, 3.5504644378032255, 2.663149908512282, 0.2576891848660368]","[6.283185307179586, 6.283185307179586, 3.141592653589793, 0.0]",CONVERGENCE: NORM OF PROJECTED GRADIENT <= PGTOL,83,0.0546875,0.0546875,18.285714285714285,88,0.0390625,0.0390625,25.6,92,0.0078125,0.0078125,128.0,74,0.1640625,True,0.1640625,6.095238095238095,81,0.0546875,True,0.0546875,18.285714285714285,88,0.0390625,True,0.0390625,25.6
n8_d75_s42,8,0.75,42,2,13,True,35,320,L-BFGS-B,60,1.6334110600000713,74.48980510567222,0.8096717946268719,0.04320654104329438,4096,171,0.041748046875,0.036039969667299936,0.048314867536618254,"[5.787561939499536, 3.841831523035457, 0.1491135591031706, 0.9549556493526828]","[4.68277049891182, 1.5347135290655098, 1.6069469869234712, 2.837545089219662]",CONVERGENCE: NORM OF PROJECTED GRADIENT <= PGTOL,83,0.0546875,0.2618576947529743,3.8188681105718834,88,0.0390625,0.20687672063131318,4.833796654105694,92,0.0078125,0.04320654104329438,23.144643747296662,74,0.1640625,True,0.5215363754608962,1.9174117991602644,81,0.0546875,True,0.2618576947529743,3.8188681105718834,88,0.0390625,True,0.20687672063131318,4.833796654105694
n8_d75_s42,8,0.75,42,2,14,True,11,90,L-BFGS-B,60,0.374881718999859,74.34901075436112,0.8081414212430557,0.04055935024697374,4096,165,0.040283203125,0.034679916847212375,0.04674797790770395,"[1.259309874405845, 1.1352499218856023, 0.9707141166512733, 1.8918937982023936]","[0.0, 0.06383549261120045, 0.9506299556453811, 0.3043317502956732]",CONVERGENCE: NORM OF PROJECTED GRADIENT <= PGTOL,83,0.0546875,0.25424885783869,3.9331543453164977,88,0.0390625,0.19645475217959793,5.090230645506631,92,0.0078125,0.04055935024697374,24.65522731283431,74,0.1640625,True,0.5088598804372507,1.9651775241953142,81,0.0546875,True,0.25424885783869,3.9331543453164977,88,0.0390625,True,0.19645475217959793,5.090230645506631
n8_d75_s42,8,0.75,42,2,15,True,23,165,L-BFGS-B,60,1.0738005099992733,65.55951260703989,0.7126033979026075,0.04593110545058678,4096,205,0.050048828125,0.04378272141038475,0.05715812300454398,"[0.34971140461246075, 4.024261335238645, 0.08188270492404034, 2.1908922290980546]","[0.36261626565863714, 3.6173583084519034, 0.6642196645445743, 1.8330489752010446]",CONVERGENCE: RELATIVE REDUCTION OF F <= FACTR*EPSMCH,83,0.0546875,0.17684265398832652,5.65474435859807,88,0.0390625,0.15928657937384044,6.277992809758519,92,0.0078125,0.04593110545058678,21.77173813236025,74,0.1640625,True,0.2805121476839996,3.5649080022249597,81,0.0546875,True,0.17684265398832652,5.65474435859807,88,0.0390625,True,0.15928657937384044,6.277992809758519
n8_d75_s42,8,0.75,42,2,16,True,8,65,L-BFGS-B,60,0.3624364159995821,64.13847217390139,0.6971573062380586,0.06811773696008028,4096,286,0.06982421875,0.06241588072589972,0.0780386867505541,"[3.6754081385006097, 3.8235594876356664, 0.013575807415539256, 2.994121420802831]","[3.742421686173815, 3.866016473999589, 0.0, 2.807391484682081]",CONVERGENCE: NORM OF PROJECTED GRADIENT <= PGTOL,83,0.0546875,0.09755549971940577,10.250575343022712,88,0.0390625,0.08312875565293455,12.029531684258993,92,0.0078125,0.06811773696008028,14.680464217213206,74,0.1640625,True,0.16200851519140314,6.172515060819866,81,0.0546875,True,0.09755549971940577,10.250575343022712,88,0.0390625,True,0.08312875565293455,12.029531684258993
n8_d75_s42,8,0.75,42,2,17,True,36,335,L-BFGS-B,60,1.6729757060002157,74.53606439687033,0.8101746130094601,0.056414200663335655,4096,263,0.064208984375,0.05710291562037003,0.07213170580157667,"[5.9360520344462175, 0.12115116540763969, 1.020345706891047, 1.76597270310432]","[5.948113884827777, 0.27214783664313064, 1.5039576831630288, 1.2617591517274458]",CONVERGENCE: NORM OF PROJECTED GRADIENT <= PGTOL,83,0.0546875,0.2802759449609579,3.567912330611529,88,0.0390625,0.23168593546740518,4.316187765056137,92,0.0078125,0.056414200663335655,17.726033307955976,74,0.1640625,True,0.4919935833876616,2.0325468334656303,81,0.0546875,True,0.2802759449609579,3.567912330611529,88,0.0390625,True,0.23168593546740518,4.316187765056137
n8_d75_s42,8,0.75,42,2,18,True,1,10,L-BFGS-B,60,0.02640796300056536,61.5,0.6684782608695652,0.0078125,4096,38,0.00927734375,0.006766714050692903,0.012707565533684064,"[3.75812843056174, 3.5236330231008166, 3.0578553413951983, 2.4337277827293917]","[0.0, 0.0, 3.141592653589793, 3.141592653589793]",CONVERGENCE: NORM OF PROJECTED GRADIENT <= PGTOL,83,0.0546875,0.0546875,18.285714285714285,88,0.0390625,0.0390625,25.6,92,0.0078125,0.0078125,128.0,74,0.1640625,True,0.1640625,6.095238095238095,81,0.0546875,True,0.0546875,18.285714285714285,88,0.0390625,True,0.0390625,25.6
n8_d75_s42,8,0.75,42,2,19,True,16,105,L-BFGS-B,60,0.677521407000313,63.02595014104083,0.685064675446096,0.006390373738288437,4096,21,0.005126953125,0.0033558642108143656,0.007825411768057332,"[1.2236471300260312, 5.6735914555365365, 0.9706049193081733, 0.021697997939504495]","[1.1836760262184807, 5.662021176570697, 1.0906099523950534, 0.28508053054475385]",CONVERGENCE: RELATIVE REDUCTION OF F <= FACTR*EPSMCH,83,0.0546875,0.030017734208077698,33.31364029903704,88,0.0390625,0.026572833964835594,37.63241818028599,92,0.0078125,0.006390373738288437,156.48537017614788,74,0.1640625,True,0.2110136869706558,4.7390290855354,81,0.0546875,True,0.030017734208077698,33.31364029903704,88,0.0390625,True,0.026572833964835594,37.63241818028599
n8_d75_s42,8,0.75,42,3,0,True,29,252,L-BFGS-B,60,0.09298657900035323,66.78160011784101,0.7258869578026197,0.026303115924062124,4096,103,0.025146484375,0.020778184389122753,0.03040463839277436,"[4.274442966956903, 4.000995007299318, 2.283548669138687, 0.8819965231372797, 2.9720113442393443, 1.0720411148747284]","[4.307020607360928, 3.9681823876400797, 2.3768127875155907, 1.170889098557343, 2.869008322559633, 1.1815340054567098]",CONVERGENCE: RELATIVE REDUCTION OF F <= FACTR*EPSMCH,83,0.0546875,0.12255151030310632,8.15983415893205,88,0.0390625,0.09316474204130826,10.733674328820774,92,0.0078125,0.026303115924062124,38.01830942337895,74,0.1640625,True,0.2859417344359268,3.497215969444565,81,0.0546875,True,0.12255151030310632,8.15983415893205,88,0.0390625,True,0.09316474204130826,10.733674328820774
n8_d75_s42,8,0.75,42,3,1,True,45,469,L-BFGS-B,60,0.23292625199974282,72.01842227000168,0.7828089377174096,0.1277981914207225,4096,517,0.126220703125,0.11639934821914746,0.13674250354387793,"[3.1726408072780097, 5.508078656219765, 5.791963008265988, 1.09804390347841, 2.7442133779155786, 1.8578722024469567]","[3.0763365380313545, 5.609271706283806, 5.587018537503325, 0.6831602022644165, 3.1079540177273155, 2.0522725219708287]",CONVERGENCE: RELATIVE REDUCTION OF F <= FACTR*EPSMCH,83,0.0546875,0.32651334882740324,3.0626619205348495,88,0.0390625,0.311227219294365,3.213086574713055,92,0.0078125,0.1277981914207225,7.82483686884046,74,0.1640625,True,0.4389062190531677,2.2783910470834847,81,0.0546875,True,0.32651334882740324,3.0626619205348495,88,0.0390625,True,0.311227219294365,3.213086574713055
n8_d75_s42,8,0.75,42,3,2,True,34,287,L-BFGS-B,60,0.10478854699977092,64.69574548890762,0.7032146248794306,0.004719237035182478,4096,21,0.005126953125,0.0033558642108143656,0.007825411768057332,"[0.10277522504731275, 0.49881250462158505, 3.394122767273571, 2.695748134965678, 0.754475999266837, 2.1000931720047884]","[0.09916489247356544, 0.4861295821605497, 3.4046143864232956, 2.4516223561430035, 0.7890213645692312, 1.8790868630398478]",CONVERGENCE: NORM OF PROJECTED GRADIENT <= PGTOL,83,0.0546875,0.09755321794109333,10.250815104877846,88,0.0390625,0.056261045533500975,17.774287529095847,92,0.0078125,0.004719237035182478,211.89865915716462,74,0.1640625,True,0.27747995740539144,3.603863894713752,81,0.0546875,True,0.09755321794109333,10.250815104877846,88,0.0390625,True,0.056261045533500975,17.774287529095847
n8_d75_s42,8,0.75,42,3,3,True,1,14,L-BFGS-B,60,0.004133405000175117,61.5,0.6684782608695652,0.0078125,4096,22,0.00537109375,0.0035497403427024827,0.008119359377669524,"[5.280934008439731, 3.922180251109052, 2.946567590670991, 2.669020492550295, 1.5913278046961101, 0.5550859673420202]","[6.283185307179586, 0.0, 0.0, 0.0, 3.141592653589793, 3.141592653589793]",CONVERGENCE: NORM OF PROJECTED GRADIENT <= PGTOL,83,0.0546875,0.0546875,18.285714285714285,88,0.0390625,0.0390625,25.6,92,0.0078125,0.0078125,128.0,74,0.1640625,True,0.1640625,6.095238095238095,81,0.0546875,True,0.0546875,18.285714285714285,88,0.0390625,True,0.0390625,25.6
n8_d75_s42,8,0.75,42,3,4,True,35,455,L-BFGS-B,60,0.18175264099954802,67.68159426981615,0.7356695029327842,0.020693157569715726,4096,67,0.016357421875,0.012901468019013623,0.020719700068872332,"[6.038752927480387, 4.290553302462389, 4.108028340044944, 1.1082723864893171, 1.2938111217838428, 0.16744027700592318]","[5.7062895400099904, 5.94098470161999, 6.177923598096164, 3.0252416144168244, 1.0311119387958085, 2.048730526162105]",CONVERGENCE: RELATIVE REDUCTION OF F <= FACTR*EPSMCH,83,0.0546875,0.15298546216341624,6.536568807641464,88,0.0390625,0.09334958267062345,10.712420681390942,92,0.0078125,0.020693157569715726,48.325152728914226,74,0.1640625,True,0.30943944443018934,3.2316500627172102,81,0.0546875,True,0.15298546216341624,6.536568807641464,88,0.0390625,True,0.09334958267062345,10.712420681390942
n8_d75_s42,8,0.75,42,3,5,True,1,14,L-BFGS-B,60,0.08284137999999075,61.4999999999999,0.6684782608695642,0.007812499999999688,4096,36,0.0087890625,0.006355424717037815,0.012143207384338531,"[3.7224652941409975, 2.8814377072872577, 1.8536138007779646, 0.9403507515226877, 0.22047984663475678, 2.481187169165554]","[6.283185307179586, 0.0, 0.0, 1.728297166786442, 3.141592653589793, 0.0]",CONVERGENCE: NORM OF PROJECTED GRADIENT <= PGTOL,83,0.0546875,0.054687499999997516,18.285714285715116,88,0.0390625,0.039062499999996586,25.600000000002236,92,0.0078125,0.007812499999999688,128.00000000000512,74,0.1640625,True,0.1640624999999985,6.095238095238151,81,0.0546875,True,0.054687499999997516,18.285714285715116,88,0.0390625,True,0.039062499999996586,25.600000000002236
n8_d75_s42,8,0.75,42,3,6,True,26,266,L-BFGS-B,60,1.2065115589994093,66.20188968592836,0.719585757455743,0.07233112919842302,4096,305,0.074462890625,0.0668158810089637,0.08290733755599604,"[2.7168297382214486, 3.108571245756463, 3.1052990545067836, 2.7468308014495, 2.051438193748133, 0.22837340538415635]","[2.3014282930757006, 2.63442713302691, 2.873955775168409, 2.9523378531254374, 1.8320674227857863, 0.32592880319086814]",CONVERGENCE: NORM OF PROJECTED GRADIENT <= PGTOL,83,0.0546875,0.1498849807969522,6.671782554081858,88,0.0390625,0.13362370366104778,7.483702162129988,92,0.0078125,0.07233112919842302,13.825306076125827,74,0.1640625,True,0.23890037580148551,4.185845236304488,81,0.0546875,True,0.1498849807969522,6.671782554081858,88,0.0390625,True,0.13362370366104778,7.483702162129988
n8_d75_s42,8,0.75,42,3,7,True,26,259,L-BFGS-B,60,1.2267471240002124,70.89766550299052,0.7706267989455491,0.04814249006203951,4096,190,0.04638671875,0.04035978058165302,0.053263707710771054,"[4.338923126336907, 1.8201413023489623, 3.4919329161651533, 0.520581277315547, 0.3821095653936017, 0.7727299726454693]","[0.2865346487411303, 6.283185307179586, 2.772777435691234, 0.006726418606652307, 0.05324608935090447, 1.1549494522580175]",CONVERGENCE: RELATIVE REDUCTION OF F <= FACTR*EPSMCH,83,0.0546875,0.16902826589205608,5.916170261360988,88,0.0390625,0.1122011186968608,8.912567108192107,92,0.0078125,0.04814249006203951,20.771671733459065,74,0.1640625,True,0.3934342619728925,2.541720680312534,81,0.0546875,True,0.16902826589205608,5.916170261360988,88,0.0390625,True,0.1122011186968608,8.912567108192107
n8_d75_s42,8,0.75,42,3,8,True,29,273,L-BFGS-B,60,1.3576062980000643,65.15632644596633,0.7082209396300688,0.013319106901323367,4096,47,0.011474609375,0.008640294920605456,0.015224398337274302,"[4.712055576552019, 4.7074752903679205, 1.8175637514625267, 2.7714767240419786, 0.18962550127461916, 2.2206413013773196]","[4.629034396139323, 4.7544310437270605, 1.8347760932859936, 2.772335802656102, 0.24819604216870333, 2.18516819571929]",CONVERGENCE: RELATIVE REDUCTION OF F <= FACTR*EPSMCH,83,0.0546875,0.10147586952866613,9.85455955829487,88,0.0390625,0.08929675156461739,11.198615654863712,92,0.0078125,0.013319106901323367,75.0801091551147,74,0.1640625,True,0.26552538447657015,3.7661182638763475,81,0.0546875,True,0.10147586952866613,9.85455955829487,88,0.0390625,True,0.08929675156461739,11.198615654863712
n8_d75_s42,8,0.75,42,3,9,True,1,14,L-BFGS-B,60,0.0499850799997148,61.5,0.6684782608695652,0.0078125,4096,27,0.006591796875,0.004534310788919747,0.009573907638953811,"[2.449072256537322, 4.93175574402857, 0.3619370260027078, 1.4020325700937863, 1.5925548076198275, 2.912637261723813]","[0.0, 0.0, 0.0, 0.0, 3.141592653589793, 3.141592653589793]",CONVERGENCE: NORM OF PROJECTED GRADIENT <= PGTOL,83,0.0546875,0.0546875,18.285714285714285,88,0.0390625,0.0390625,25.6,92,0.0078125,0.0078125,128.0,74,0.1640625,True,0.1640625,6.095238095238095,81,0.0546875,True,0.0546875,18.285714285714285,88,0.0390625,True,0.0390625,25.6
n8_d75_s42,8,0.75,42,3,10,True,42,420,L-BFGS-B,60,1.9743795160002264,72.90867993933225,0.7924856515144809,0.021068230399407605,4096,89,0.021728515625,0.01769138325529709,0.026661907145595683,"[3.077452345015494, 2.568818841795763, 3.9654806684334365, 2.8623888897284044, 1.6503478410069667, 0.1927291468686163]","[3.059160365583502, 2.322872757030586, 4.134354744872536, 2.7881792766643567, 1.5240049647016054, 0.20200418425813335]",CONVERGENCE: RELATIVE REDUCTION OF F <= FACTR*EPSMCH,83,0.0546875,0.20703366849396224,4.830132254692493,88,0.0390625,0.15710342175552325,6.365233734731454,92,0.0078125,0.021068230399407605,47.464831219432554,74,0.1640625,True,0.46848370687272,2.1345459518225787,81,0.0546875,True,0.20703366849396224,4.830132254692493,88,0.0390625,True,0.15710342175552325,6.365233734731454
n8_d75_s42,8,0.75,42,3,11,True,26,273,L-BFGS-B,60,1.1795194169999377,64.6553258482252,0.7027752809589696,0.0015371301749673094,4096,8,0.001953125,0.0009900179449591885,0.0038495493944084797,"[5.134780135552065, 3.376459493871278, 1.8039152204923263, 2.709002138428703, 0.8657713868629718, 2.8161557079507995]","[5.2039560705123336, 4.563670899212273, 3.7670227944870547, 2.3185048872529617, 0.7201628106426985, 2.6565958719773186]",CONVERGENCE: RELATIVE REDUCTION OF F <= FACTR*EPSMCH,83,0.0546875,0.05631555336545612,17.757083793717964,88,0.0390625,0.03877352908006134,25.790791391084227,92,0.0078125,0.0015371301749673094,650.562988278639,74,0.1640625,True,0.18214232504331426,5.490212117157259,81,0.0546875,True,0.05631555336545612,17.757083793717964,88,0.0390625,True,0.03877352908006134,25.790791391084227
n8_d75_s42,8,0.75,42,3,12,True,25,231,L-BFGS-B,60,1.401710009999988,65.157652168011,0.7082353496522934,0.0015848865045698462,4096,5,0.001220703125,0.0005215205909937573,0.0028545755238729804,"[2.6894674467441186, 6.235134241477012, 1.6736687833081063, 0.06473465278338705, 0.2548375154498033, 0.6033751984320344]","[2.621898939349819, 6.091549446155328, 1.8572165805262513, 0.03989866594866521, 0.1332769230734848, 0.5619067523456378]",CONVERGENCE: RELATIVE REDUCTION OF F <= FACTR*EPSMCH,83,0.0546875,0.09790524033572794,10.213957869577655,88,0.0390625,0.040664091280335594,24.591721307776563,92,0.0078125,0.0015848865045698462,630.9600069888978,74,0.1640625,True,0.24373988660913967,4.102734328434296,81,0.0546875,True,0.09790524033572794,10.213957869577655,88,0.0390625,True,0.040664091280335594,24.591721307776563
n8_d75_s42,8,0.75,42,3,13,True,25,259,L-BFGS-B,60,1.1787831169995115,65.79139196537557,0.715123825710604,0.007846361126888218,4096,40,0.009765625,0.007179999699176743,0.013269927368200842,"[4.7134864201628845, 0.21800893355414203, 0.695837157331607, 2.2344275674330585, 2.636730008568226, 0.6518329916203179]","[4.670069085631812, 0.3256232423465275, 0.6008550804858773, 2.3451252838210985, 2.725401019516503, 0.5474167776631015]",CONVERGENCE: NORM OF PROJECTED GRADIENT <= PGTOL,83,0.0546875,0.1370983998349099,7.294031157213887,88,0.0390625,0.09149918169514157,10.929059489644573,92,0.0078125,0.007846361126888218,127.44761346417778,74,0.1640625,True,0.26754368056461414,3.7377074199234963,81,0.0546875,True,0.1370983998349099,7.294031157213887,88,0.0390625,True,0.09149918169514157,10.929059489644573
n8_d75_s42,8,0.75,42,3,14,True,33,301,L-BFGS-B,60,1.4656330520001575,66.4595061636521,0.7223859365614358,0.015575030197379729,4096,55,0.013427734375,0.010331122163193216,0.017436161026689018,"[2.769050132309633, 3.7275667912342065, 1.2915506601303457, 2.734950677660966, 0.1283632993864006, 0.4137162916622644]","[3.7896515563267585, 4.276948265904925, 2.4527829042823903, 2.7304823127303166, 0.6958039196013447, 1.1902754011825223]",CONVERGENCE: RELATIVE REDUCTION OF F <= FACTR*EPSMCH,83,0.0546875,0.18127118229890743,5.51659666648529,88,0.0390625,0.14412243864670896,6.938544819182013,92,0.0078125,0.015575030197379729,64.20533298023624,74,0.1640625,True,0.23952751078886098,4.174885785380542,81,0.0546875,True,0.18127118229890743,5.51659666648529,88,0.0390625,True,0.14412243864670896,6.938544819182013
n8_d75_s42,8,0.75,42,3,15,True,1,14,L-BFGS-B,60,0.0524324970001544,61.5,0.6684782608695652,0.0078125,4096,32,0.0078125,0.005539509852396457,0.011007827282978652,"[0.11152648286892024, 1.5425134660345396, 0.5214957948116429, 3.0729799367766497, 1.1490616382532135, 1.2081756162114465]","[0.0, 0.0, 6.283185307179586, 0.0, 0.0, 0.0]",CONVERGENCE: NORM OF PROJECTED GRADIENT <= PGTOL,83,0.0546875,0.0546875,18.285714285714285,88,0.0390625,0.0390625,25.6,92,0.0078125,0.0078125,128.0,74,0.1640625,True,0.1640625,6.095238095238095,81,0.0546875,True,0.0546875,18.285714285714285,88,0.0390625,True,0.0390625,25.6
n8_d75_s42,8,0.75,42,3,16,True,1,14,L-BFGS-B,60,0.03239183900041098,61.5,0.6684782608695652,0.0078125,4096,31,0.007568359375,0.005337063044036356,0.010722450349838443,"[2.2853013936981044, 0.01967170807096217, 4.04648553739271, 0.6060406069329071, 1.0198735227735911, 1.2975055890265947]","[0.0, 6.283185307179586, 0.0, 3.141592653589793, 3.141592653589793, 3.141592653589793]",CONVERGENCE: NORM OF PROJECTED GRADIENT <= PGTOL,83,0.0546875,0.0546875,18.285714285714285,88,0.0390625,0.0390625,25.6,92,0.0078125,0.0078125,128.0,74,0.1640625,True,0.1640625,6.095238095238095,81,0.0546875,True,0.0546875,18.285714285714285,88,0.0390625,True,0.0390625,25.6
n8_d75_s42,8,0.75,42,3,17,True,12,119,L-BFGS-B,60,0.619953520999843,64.635116218663,0.7025556110724239,0.02735521683000836,4096,109,0.026611328125,0.022108427188659532,0.03200133804223944,"[4.331936504279756, 3.4432944149334355, 3.3616188561230054, 0.15004277877450622, 0.9862169159080575, 2.633201268829776]","[0.0, 0.0, 5.342704042218691, 0.0045279384695895404, 3.1212302387786695, 0.4458201011703037]",CONVERGENCE: NORM OF PROJECTED GRADIENT <= PGTOL,83,0.0546875,0.09742965699520262,10.263815257496384,88,0.0390625,0.07504366402470164,13.325575356646185,92,0.0078125,0.02735521683000836,36.55609846612553,74,0.1640625,True,0.15686200849772872,6.375029936037568,81,0.0546875,True,0.09742965699520262,10.263815257496384,88,0.0390625,True,0.07504366402470164,13.325575356646185
n8_d75_s42,8,0.75,42,3,18,True,1,14,L-BFGS-B,60,0.03220081300059974,61.5,0.6684782608695652,0.0078125,4096,38,0.00927734375,0.006766714050692903,0.012707565533684064,"[2.9896302308864677, 3.2040202573580805, 0.07887186702687925, 0.5223076024590281, 2.4956386283158922, 0.9717696830606135]","[0.0, 6.283185307179586, 0.0, 3.141592653589793, 0.0, 0.0]",CONVERGENCE: NORM OF PROJECTED GRADIENT <= PGTOL,83,0.0546875,0.0546875,18.285714285714285,88,0.0390625,0.0390625,25.6,92,0.0078125,0.0078125,128.0,74,0.1640625,True,0.1640625,6.095238095238095,81,0.0546875,True,0.0546875,18.285714285714285,88,0.0390625,True,0.0390625,25.6
n8_d75_s42,8,0.75,42,3,19,True,36,406,L-BFGS-B,60,1.9500237640004343,65.43530572731575,0.7112533231229973,0.0433024353921618,4096,175,0.042724609375,0.036947808831559584,0.04935832333835985,"[2.3739355678128233, 1.8651459722499655, 1.7996216111479784, 2.1307992171186503, 0.672325688335586, 1.936523507230452]","[0.9662812464697726, 4.874320830557584, 4.935537738083664, 0.7627614274717878, 0.31654541237540246, 2.089270728417336]",CONVERGENCE: RELATIVE REDUCTION OF F <= FACTR*EPSMCH,83,0.0546875,0.1063617635659466,9.401874945219184,88,0.0390625,0.0781087174521162,12.802668288760987,92,0.0078125,0.0433024353921618,23.09338934273915,74,0.1640625,True,0.21992875606432402,4.546927004431941,81,0.0546875,True,0.1063617635659466,9.401874945219184,88,0.0390625,True,0.0781087174521162,12.802668288760987
