instance_id,n,density_target,graph_seed,p,optimizer_seed,optimizer,objective_eval_budget,objective_evaluations_used,budget_fraction_used,success,termination,nit,T_opt_s_host_diagnostic,expected_cut,approx_ratio,p_opt_exact,initial_params,best_seen_params,message,evidence_label,p_target_exact_q090,p_target_exact_q095,p_target_exact_q100,oper_feasible_l025,oper_p_target_exact_l025,oper_feasible_l040,oper_p_target_exact_l040,oper_feasible_l055,oper_p_target_exact_l055
n10_d25_s17,10,0.25,17,1,0,COBYLA,128,107,0.8359375,True,optimizer_converged,-1,0.14869509000004655,30.42724574953835,0.5157160296531924,0.005429501033856517,"[4.002148315014479, 0.8475599579967072]","[4.420904124899049, 1.17809899304466]",Return from COBYLA because the trust region radius reaches its lower bound.,ideal-statevector optimizer robustness under equal objective-evaluation cap; not hardware runtime,0.01107898469065184,0.01107898469065184,0.005429501033856517,True,0.25311019491215425,True,0.10084166427298331,True,0.06528174392852994
n10_d25_s17,10,0.25,17,1,0,L-BFGS-B,128,63,0.4921875,True,optimizer_converged,8,0.017027743000028295,35.580656385476516,0.6030619726351952,0.01835430268809491,"[4.002148315014479, 0.8475599579967072]","[5.698076002522116, 1.178097240634131]",CONVERGENCE: RELATIVE REDUCTION OF F <= FACTR*EPSMCH,ideal-statevector optimizer robustness under equal objective-evaluation cap; not hardware runtime,0.01944741966998649,0.01944741966998649,0.01835430268809491,True,0.3871543258156077,True,0.1836523144719857,True,0.14800850082243897
n10_d25_s17,10,0.25,17,1,1,COBYLA,128,128,1.0,False,evaluation_budget_exhausted,-1,0.29206374000000324,33.31190705467767,0.5646085941470791,0.01853022363815318,"[3.2158701122134374, 2.985969765881358]","[3.7158701122134374, 3.485969765881358]",Return from COBYLA because the objective function has been evaluated MAXFUN times.,ideal-statevector optimizer robustness under equal objective-evaluation cap; not hardware runtime,0.02073044427471707,0.02073044427471707,0.01853022363815318,True,0.3139568703514088,True,0.17277454813989623,True,0.12375545326550405
n10_d25_s17,10,0.25,17,1,1,L-BFGS-B,128,9,0.0703125,True,optimizer_converged,2,0.004699282999979459,29.500000000000014,0.5000000000000002,0.0039062500000000035,"[3.2158701122134374, 2.985969765881358]","[0.0, 3.141592616342846]",CONVERGENCE: NORM OF PROJECTED GRADIENT <= PGTOL,ideal-statevector optimizer robustness under equal objective-evaluation cap; not hardware runtime,0.007812500000000007,0.007812500000000007,0.0039062500000000035,True,0.2148437500000001,True,0.08593750000000006,True,0.05078125000000004
n10_d25_s17,10,0.25,17,1,2,COBYLA,128,128,1.0,False,evaluation_budget_exhausted,-1,0.27882141999998566,30.205220799844966,0.5119528949126265,0.004795879680705402,"[1.6437575180951982, 0.9377375833114271]","[1.6873928352804766, 1.1767963055628408]",Return from COBYLA because the objective function has been evaluated MAXFUN times.,ideal-statevector optimizer robustness under equal objective-evaluation cap; not hardware runtime,0.008683794015252051,0.008683794015252051,0.004795879680705402,True,0.20223143556604145,True,0.07562822765441357,True,0.04400403680674224
n10_d25_s17,10,0.25,17,1,2,L-BFGS-B,128,39,0.3046875,True,optimizer_converged,9,0.015978237000012996,30.205231370127578,0.5119530740699589,0.0047933396852589275,"[1.6437575180951982, 0.9377375833114271]","[1.6874669906013529, 1.1780973559448529]",CONVERGENCE: RELATIVE REDUCTION OF F <= FACTR*EPSMCH,ideal-statevector optimizer robustness under equal objective-evaluation cap; not hardware runtime,0.008678149934187526,0.008678149934187526,0.0047933396852589275,True,0.20226522371046685,True,0.07564858137828796,True,0.04403140203727383
n10_d25_s17,10,0.25,17,1,3,COBYLA,128,108,0.84375,True,optimizer_converged,-1,0.132104317000028,35.580656385089526,0.603061972628636,0.018354329313169937,"[0.5381495885689892, 0.7439621478151841]","[0.5851086272777328, 0.3927007608698294]",Return from COBYLA because the trust region radius reaches its lower bound.,ideal-statevector optimizer robustness under equal objective-evaluation cap; not hardware runtime,0.019447425311548444,0.019447425311548444,0.018354329313169937,True,0.3871544099722517,True,0.18365215478196306,True,0.1480082651325305
n10_d25_s17,10,0.25,17,1,3,L-BFGS-B,128,48,0.375,True,optimizer_converged,9,0.012272955000014463,35.20712215798399,0.596730884033627,0.03822785308802045,"[0.5381495885689892, 0.7439621478151841]","[1.0965967477187715, 0.39269910812743114]",CONVERGENCE: RELATIVE REDUCTION OF F <= FACTR*EPSMCH,ideal-statevector optimizer robustness under equal objective-evaluation cap; not hardware runtime,0.03957601698618862,0.03957601698618862,0.03822785308802045,True,0.406042042492354,True,0.21435648395118045,True,0.16649595850756882
n10_d25_s17,10,0.25,17,1,4,COBYLA,128,19,0.1484375,True,optimizer_converged,-1,0.07888645499997438,39.37853616879116,0.6674328164201891,0.08255686019205306,"[5.925396266378301, 1.6063828834996454]","[6.425396266378301, 2.1063828834996454]",Return from COBYLA because the trust region radius reaches its lower bound.,ideal-statevector optimizer robustness under equal objective-evaluation cap; not hardware runtime,0.14770593279932154,0.14770593279932154,0.08255686019205306,True,0.5447797682837441,True,0.39961448457582543,True,0.34125607280255554
n10_d25_s17,10,0.25,17,1,4,L-BFGS-B,128,39,0.3046875,True,optimizer_converged,7,0.020544062999988455,34.28056807406202,0.5810265775264749,0.006768022626411834,"[5.925396266378301, 1.6063828834996454]","[5.402749210431282, 1.96349544609443]",CONVERGENCE: RELATIVE REDUCTION OF F <= FACTR*EPSMCH,ideal-statevector optimizer robustness under equal objective-evaluation cap; not hardware runtime,0.037558753485795265,0.037558753485795265,0.006768022626411834,True,0.4254560662214371,True,0.2027669565006739,True,0.14709517745768458
n10_d25_s17,10,0.25,17,2,0,COBYLA,128,128,1.0,False,evaluation_budget_exhausted,-1,0.35375343100002965,35.964626175957534,0.6095699351857209,0.01877738007495901,"[4.002148315014479, 1.6951199159934145, 0.12872212178963477, 0.05192309835763666]","[4.394949419715989, 1.4962700167669867, 0.3519933976572347, 0.4784152671021501]",Return from COBYLA because the objective function has been evaluated MAXFUN times.,ideal-statevector optimizer robustness under equal objective-evaluation cap; not hardware runtime,0.04063034940908172,0.04063034940908172,0.01877738007495901,True,0.49013729391384253,True,0.2319004088898418,True,0.16238481977621952
n10_d25_s17,10,0.25,17,2,0,L-BFGS-B,128,15,0.1171875,True,optimizer_converged,2,0.011831162000021322,29.500000000000025,0.5000000000000004,0.003906250000000005,"[4.002148315014479, 1.6951199159934145, 0.12872212178963477, 0.05192309835763666]","[0.0, 1.74609993650856, 1.1645800995067637, 0.0]",CONVERGENCE: RELATIVE REDUCTION OF F <= FACTR*EPSMCH,ideal-statevector optimizer robustness under equal objective-evaluation cap; not hardware runtime,0.00781250000000001,0.00781250000000001,0.003906250000000005,True,0.21484375000000022,True,0.08593750000000011,True,0.050781250000000056
n10_d25_s17,10,0.25,17,2,1,COBYLA,128,128,1.0,False,evaluation_budget_exhausted,-1,0.36395537300001024,34.63115873078769,0.5869687920472489,0.031216032365378794,"[3.2158701122134374, 5.971939531762716, 0.45289078026435103, 2.980270133958384]","[3.754371614592862, 6.008634342733727, 0.3312123779204473, 2.923757740629204]",Return from COBYLA because the objective function has been evaluated MAXFUN times.,ideal-statevector optimizer robustness under equal objective-evaluation cap; not hardware runtime,0.039320752239947944,0.039320752239947944,0.031216032365378794,True,0.3781212697790872,True,0.2312012831108623,True,0.17539413583737856
n10_d25_s17,10,0.25,17,2,1,L-BFGS-B,128,125,0.9765625,True,optimizer_converged,18,0.12892238399996359,39.85980238895644,0.6755898709992617,0.007161486097256973,"[3.2158701122134374, 5.971939531762716, 0.45289078026435103, 2.980270133958384]","[3.25258197142853, 6.069122309191136, 0.19927620227570553, 2.782304971037363]",CONVERGENCE: RELATIVE REDUCTION OF F <= FACTR*EPSMCH,ideal-statevector optimizer robustness under equal objective-evaluation cap; not hardware runtime,0.011982668731332444,0.011982668731332444,0.007161486097256973,True,0.5974975339843833,True,0.536458641104516,True,0.41866075605311226
n10_d25_s17,10,0.25,17,2,2,COBYLA,128,128,1.0,False,evaluation_budget_exhausted,-1,0.3453421670000125,32.093722358548185,0.5439613959075964,0.004503212147111444,"[1.6437575180951982, 1.8754751666228542, 2.5579656050146995, 0.28876244855940497]","[1.6648513985926165, 2.330010639634253, 2.580918921390034, 0.4163536564271164]",Return from COBYLA because the objective function has been evaluated MAXFUN times.,ideal-statevector optimizer robustness under equal objective-evaluation cap; not hardware runtime,0.004757474982140556,0.004757474982140556,0.004503212147111444,True,0.2508886293422872,True,0.11402185981871331,True,0.08931672780956247
n10_d25_s17,10,0.25,17,2,2,L-BFGS-B,128,90,0.703125,True,optimizer_converged,15,0.05587789999998449,34.704985698455815,0.5882200965839969,0.01606449507729591,"[1.6437575180951982, 1.8754751666228542, 2.5579656050146995, 0.28876244855940497]","[1.776758415578316, 1.8807159851732367, 2.5835828056359023, 0.45191013711484185]",CONVERGENCE: RELATIVE REDUCTION OF F <= FACTR*EPSMCH,ideal-statevector optimizer robustness under equal objective-evaluation cap; not hardware runtime,0.01931298456917453,0.01931298456917453,0.01606449507729591,True,0.43780302386574665,True,0.18940143514099117,True,0.09055633453395213
n10_d25_s17,10,0.25,17,2,3,COBYLA,128,128,1.0,False,evaluation_budget_exhausted,-1,0.2043939010000031,34.52977780493141,0.5852504712700239,0.014605448739484248,"[0.5381495885689892, 1.4879242956303682, 2.517277973401507, 1.8289159756986941]","[0.3725652569827625, 2.0792619769852596, 2.68895644795017, 1.6747972770928419]",Return from COBYLA because the objective function has been evaluated MAXFUN times.,ideal-statevector optimizer robustness under equal objective-evaluation cap; not hardware runtime,0.031771940523003875,0.031771940523003875,0.014605448739484248,True,0.39644646715892895,True,0.23545943735101524,True,0.1636713620724299
n10_d25_s17,10,0.25,17,2,3,L-BFGS-B,128,45,0.3515625,True,optimizer_converged,2,0.023324021000007633,29.500000000000398,0.5000000000000068,0.003906250000000569,"[0.5381495885689892, 1.4879242956303682, 2.517277973401507, 1.8289159756986941]","[0.0, 6.283185297179586, 6.931205547232699e-08, 3.1415925910107285]",CONVERGENCE: RELATIVE REDUCTION OF F <= FACTR*EPSMCH,ideal-statevector optimizer robustness under equal objective-evaluation cap; not hardware runtime,0.007812500000001102,0.007812500000001102,0.003906250000000569,True,0.21484375000001346,True,0.08593750000000763,True,0.050781250000005135
n10_d25_s17,10,0.25,17,2,4,COBYLA,128,128,1.0,False,evaluation_budget_exhausted,-1,0.4010122579999802,36.23455999235006,0.6141450846161026,0.02720927571741611,"[5.925396266378301, 3.212765766999291, 3.0669600539645994, 0.25395385881583277]","[5.711757764579862, 3.341845616191345, 2.81604815847854, 0.18034140878523156]",Return from COBYLA because the objective function has been evaluated MAXFUN times.,ideal-statevector optimizer robustness under equal objective-evaluation cap; not hardware runtime,0.03331223750951,0.03331223750951,0.02720927571741611,True,0.42984493810341573,True,0.22014569650027543,True,0.1837999022961591
n10_d25_s17,10,0.25,17,2,4,L-BFGS-B,128,128,1.0,False,evaluation_budget_exhausted,-1,0.12115340200000446,42.02933166366753,0.7123615536214835,0.0765757391846868,"[5.925396266378301, 3.212765766999291, 3.0669600539645994, 0.25395385881583277]","[4.027354365618295, 2.142236267946907, 3.141592653589793, 1.1780972429552012]",strict objective-evaluation cap 128 reached,ideal-statevector optimizer robustness under equal objective-evaluation cap; not hardware runtime,0.1368563546480997,0.1368563546480997,0.0765757391846868,True,0.6886635932561962,True,0.4833616563193319,True,0.3826297772841676
n10_d25_s17,10,0.25,17,3,0,COBYLA,128,128,1.0,False,evaluation_budget_exhausted,-1,0.4793738859999621,42.231694496930345,0.7157914321513618,0.07867783155201236,"[4.002148315014479, 1.6951199159934145, 0.25744424357926954, 0.05192309835763666, 2.5549638088547897, 2.867506216098801]","[4.456240828446108, 1.7307051033123653, 0.3587773743349697, 0.050747127640177796, 2.694133419488333, 2.971056752081687]",Return from COBYLA because the objective function has been evaluated MAXFUN times.,ideal-statevector optimizer robustness under equal objective-evaluation cap; not hardware runtime,0.16033496017570245,0.16033496017570245,0.07867783155201236,True,0.7037580292476896,True,0.49284406959978333,True,0.40647644311799064
n10_d25_s17,10,0.25,17,3,0,L-BFGS-B,128,128,1.0,False,evaluation_budget_exhausted,-1,0.09447746699999016,42.66221840848648,0.7230884476014657,0.06191267077926053,"[4.002148315014479, 1.6951199159934145, 0.25744424357926954, 0.05192309835763666, 2.5549638088547897, 2.867506216098801]","[3.9599810662553843, 1.7555265663973503, 0.4512596634646258, 0.15048522869978137, 2.9605291076067615, 2.8380897723810627]",strict objective-evaluation cap 128 reached,ideal-statevector optimizer robustness under equal objective-evaluation cap; not hardware runtime,0.11172288160322208,0.11172288160322208,0.06191267077926053,True,0.727668514037654,True,0.5012898187052979,True,0.3907356446840717
n10_d25_s17,10,0.25,17,3,1,COBYLA,128,128,1.0,False,evaluation_budget_exhausted,-1,0.4268174990000375,37.70097006302987,0.6389994925937267,0.03722630542138984,"[3.2158701122134374, 5.971939531762716, 0.9057815605287021, 2.980270133958384, 0.9796473987943792, 1.329919262162498]","[3.6421317391248094, 6.173932833570409, 0.8590287473043413, 2.971127778358651, 1.0267694083711298, 1.2334072605498547]",Return from COBYLA because the objective function has been evaluated MAXFUN times.,ideal-statevector optimizer robustness under equal objective-evaluation cap; not hardware runtime,0.09214626763081102,0.09214626763081102,0.03722630542138984,True,0.5696853103984902,True,0.34053772761853973,True,0.23870743864330873
n10_d25_s17,10,0.25,17,3,1,L-BFGS-B,128,28,0.21875,True,optimizer_converged,2,0.036924421999970036,29.500000000000014,0.5000000000000002,0.0039062500000000035,"[3.2158701122134374, 5.971939531762716, 0.9057815605287021, 2.980270133958384, 0.9796473987943792, 1.329919262162498]","[6.283185307179586, 6.283185307179586, 6.283185307179586, 3.1415926311094027, 2.2945277138797575e-08, 2.5497949701378625e-08]",CONVERGENCE: RELATIVE REDUCTION OF F <= FACTR*EPSMCH,ideal-statevector optimizer robustness under equal objective-evaluation cap; not hardware runtime,0.007812500000000007,0.007812500000000007,0.0039062500000000035,True,0.2148437500000001,True,0.08593750000000006,True,0.05078125000000004
n10_d25_s17,10,0.25,17,3,2,COBYLA,128,128,1.0,False,evaluation_budget_exhausted,-1,0.46079932800000734,35.802698024888194,0.6068253902523423,0.03223695069768062,"[1.6437575180951982, 1.8754751666228542, 5.115931210029399, 0.28876244855940497, 1.8852714037890694, 2.2888403987274435]","[1.5701484198663649, 2.397213657251102, 5.093996526747308, 0.18588121134129218, 1.8295766178548905, 1.9950629715519512]",Return from COBYLA because the objective function has been evaluated MAXFUN times.,ideal-statevector optimizer robustness under equal objective-evaluation cap; not hardware runtime,0.07910051430713716,0.07910051430713716,0.03223695069768062,True,0.45536789637540354,True,0.23525222340049456,True,0.1877117764623556
n10_d25_s17,10,0.25,17,3,2,L-BFGS-B,128,128,1.0,False,evaluation_budget_exhausted,-1,0.09785296600000493,33.93147236012748,0.5751097010191099,0.014996639996421254,"[1.6437575180951982, 1.8754751666228542, 5.115931210029399, 0.28876244855940497, 1.8852714037890694, 2.2888403987274435]","[1.4813903873433163, 1.850115157669886, 5.232733418071418, 0.3500721461731029, 1.6914352636764236, 2.3650568701777086]",strict objective-evaluation cap 128 reached,ideal-statevector optimizer robustness under equal objective-evaluation cap; not hardware runtime,0.04417973849461187,0.04417973849461187,0.014996639996421254,True,0.35693336557860317,True,0.17198494489377564,True,0.12320832693767311
n10_d25_s17,10,0.25,17,3,3,COBYLA,128,128,1.0,False,evaluation_budget_exhausted,-1,0.23956921299998157,42.167999196326875,0.7147118507852013,0.104214758194171,"[0.5381495885689892, 1.4879242956303682, 5.034555946803014, 1.8289159756986941, 0.29571385095481995, 1.3607084135187315]","[0.5455232773960212, 1.6522465733369192, 4.998994759967271, 2.0831380865868, 0.2306122270393832, 1.2783477649239943]",Return from COBYLA because the objective function has been evaluated MAXFUN times.,ideal-statevector optimizer robustness under equal objective-evaluation cap; not hardware runtime,0.15307990336548913,0.15307990336548913,0.104214758194171,True,0.676424333965352,True,0.46689955560113194,True,0.4167138587372114
n10_d25_s17,10,0.25,17,3,3,L-BFGS-B,128,128,1.0,False,evaluation_budget_exhausted,-1,0.09848838299996032,39.25881797081615,0.6654036944206128,0.016760122216921157,"[0.5381495885689892, 1.4879242956303682, 5.034555946803014, 1.8289159756986941, 0.29571385095481995, 1.3607084135187315]","[1.1016961650443233, 1.940647460895599, 5.2831657001379675, 2.1764815861099325, 0.2454237220019945, 1.1785345278650714]",strict objective-evaluation cap 128 reached,ideal-statevector optimizer robustness under equal objective-evaluation cap; not hardware runtime,0.07920981017642881,0.07920981017642881,0.016760122216921157,True,0.593070231080087,True,0.36631218958107137,True,0.30457092825983245
n10_d25_s17,10,0.25,17,3,4,COBYLA,128,115,0.8984375,True,optimizer_converged,-1,0.48747093299999733,37.28242018839042,0.6319054269218715,0.008384319616680349,"[5.925396266378301, 3.212765766999291, 6.133920107929199, 0.25395385881583277, 1.9080646199105018, 1.1827674876547531]","[6.293699664156032, 3.2518140102396944, 6.283621281540158, 0.19807967544155522, 1.6775815978953221, 1.8861051637688195]",Return from COBYLA because the trust region radius reaches its lower bound.,ideal-statevector optimizer robustness under equal objective-evaluation cap; not hardware runtime,0.014750099039799004,0.014750099039799004,0.008384319616680349,True,0.472645021331985,True,0.3845028221504886,True,0.2889305495173844
n10_d25_s17,10,0.25,17,3,4,L-BFGS-B,128,35,0.2734375,True,optimizer_converged,2,0.04138725699999668,29.500000000007056,0.5000000000001196,0.003906250000009088,"[5.925396266378301, 3.212765766999291, 6.133920107929199, 0.25395385881583277, 1.9080646199105018, 1.1827674876547531]","[0.0, 0.0, 6.283185297179586, 3.141591412500475, 1.1356889280948118e-06, 3.1415916672905664]",CONVERGENCE: RELATIVE REDUCTION OF F <= FACTR*EPSMCH,ideal-statevector optimizer robustness under equal objective-evaluation cap; not hardware runtime,0.007812500000017562,0.007812500000017562,0.003906250000009088,True,0.21484375000021785,True,0.0859375000001229,True,0.05078125000008239
n10_d25_s42,10,0.25,42,1,0,COBYLA,128,70,0.546875,True,optimizer_converged,-1,0.13069118300001037,32.47859236442483,0.6495718472884966,0.017325786845560392,"[4.002148315014479, 0.8475599579967072]","[4.5914368647096, 1.122020190651352]",Return from COBYLA because the trust region radius reaches its lower bound.,ideal-statevector optimizer robustness under equal objective-evaluation cap; not hardware runtime,0.07956406923498013,0.018497850043501206,0.017325786845560392,True,0.415453645433887,True,0.2497391605764585,True,0.08238061651945808
n10_d25_s42,10,0.25,42,1,0,L-BFGS-B,128,15,0.1171875,True,optimizer_converged,2,0.008075340999994296,27.500000000000014,0.5500000000000003,0.007812500000000007,"[4.002148315014479, 0.8475599579967072]","[0.0, 3.1415908183013177]",CONVERGENCE: NORM OF PROJECTED GRADIENT <= PGTOL,ideal-statevector optimizer robustness under equal objective-evaluation cap; not hardware runtime,0.03125000000000003,0.011718750000000007,0.007812500000000007,True,0.2226562500000001,True,0.12500000000000006,True,0.039062500000000035
n10_d25_s42,10,0.25,42,1,1,COBYLA,128,63,0.4921875,True,optimizer_converged,-1,0.16080575199998748,32.478592364599166,0.6495718472919834,0.017325768707474258,"[3.2158701122134374, 2.985969765881358]","[4.5914370379957266, 2.6928152006232025]",Return from COBYLA because the trust region radius reaches its lower bound.,ideal-statevector optimizer robustness under equal objective-evaluation cap; not hardware runtime,0.07956410971965752,0.01849786230255534,0.017325768707474258,True,0.415453645164088,True,0.2497393285163332,True,0.08238062114629699
n10_d25_s42,10,0.25,42,1,1,L-BFGS-B,128,18,0.140625,True,optimizer_converged,2,0.011035720999984733,27.500000000000014,0.5500000000000003,0.007812500000000007,"[3.2158701122134374, 2.985969765881358]","[0.0, 3.1415926436423103]",CONVERGENCE: RELATIVE REDUCTION OF F <= FACTR*EPSMCH,ideal-statevector optimizer robustness under equal objective-evaluation cap; not hardware runtime,0.03125000000000003,0.011718750000000007,0.007812500000000007,True,0.2226562500000001,True,0.12500000000000006,True,0.039062500000000035
n10_d25_s42,10,0.25,42,1,2,COBYLA,128,88,0.6875,True,optimizer_converged,-1,0.12858515299996043,30.918383469185173,0.6183676693837035,0.021226586035751012,"[1.6437575180951982, 0.9377375833114271]","[2.087364751553609, 1.1938909127725637]",Return from COBYLA because the trust region radius reaches its lower bound.,ideal-statevector optimizer robustness under equal objective-evaluation cap; not hardware runtime,0.0756288106831689,0.025059553716154002,0.021226586035751012,True,0.3350161104781522,True,0.21828877144833314,True,0.08089797716439795
n10_d25_s42,10,0.25,42,1,2,L-BFGS-B,128,36,0.28125,True,optimizer_converged,8,0.009202130000005582,31.255850222558593,0.6251170044511718,0.02015104883238024,"[1.6437575180951982, 0.9377375833114271]","[0.9355332553771896, 0.429783263936669]",CONVERGENCE: RELATIVE REDUCTION OF F <= FACTR*EPSMCH,ideal-statevector optimizer robustness under equal objective-evaluation cap; not hardware runtime,0.04891117478090672,0.024106949680638517,0.02015104883238024,True,0.3604036692377305,True,0.2194374100479422,True,0.06518356415435447
n10_d25_s42,10,0.25,42,1,3,COBYLA,128,59,0.4609375,True,optimizer_converged,-1,0.12059863000001769,31.255850222557225,0.6251170044511445,0.020151040252934467,"[0.5381495885689892, 0.7439621478151841]","[0.9355332901824581, 0.4297830204190449]",Return from COBYLA because the trust region radius reaches its lower bound.,ideal-statevector optimizer robustness under equal objective-evaluation cap; not hardware runtime,0.048911174298176624,0.024106946646258027,0.020151040252934467,True,0.3604036507904511,True,0.2194374174955236,True,0.06518357221645567
n10_d25_s42,10,0.25,42,1,3,L-BFGS-B,128,36,0.28125,True,optimizer_converged,2,0.01539908000000878,27.500000000000014,0.5500000000000003,0.007812500000000007,"[0.5381495885689892, 0.7439621478151841]","[0.0, 3.141592643059068]",CONVERGENCE: NORM OF PROJECTED GRADIENT <= PGTOL,ideal-statevector optimizer robustness under equal objective-evaluation cap; not hardware runtime,0.03125000000000003,0.011718750000000007,0.007812500000000007,True,0.2226562500000001,True,0.12500000000000006,True,0.039062500000000035
n10_d25_s42,10,0.25,42,1,4,COBYLA,128,18,0.140625,True,optimizer_converged,-1,0.04319852399999036,38.883615571308354,0.7776723114261671,0.11200738165156958,"[5.925396266378301, 1.6063828834996454]","[6.425396266378301, 2.1063828834996454]",Return from COBYLA because the trust region radius reaches its lower bound.,ideal-statevector optimizer robustness under equal objective-evaluation cap; not hardware runtime,0.3206143558265855,0.1446727393359803,0.11200738165156958,True,0.7037364367926217,True,0.5715357236740546,True,0.36722516812627504
n10_d25_s42,10,0.25,42,1,4,L-BFGS-B,128,45,0.3515625,True,optimizer_converged,6,0.036157543000001624,32.870162782269645,0.6574032556453929,0.01744667242172799,"[5.925396266378301, 1.6063828834996454]","[4.863346047539724, 1.9629357360374242]",CONVERGENCE: RELATIVE REDUCTION OF F <= FACTR*EPSMCH,ideal-statevector optimizer robustness under equal objective-evaluation cap; not hardware runtime,0.0708356544625229,0.02497699790063522,0.01744667242172799,True,0.41790942536177567,True,0.2837184970578246,True,0.08484576929857031
n10_d25_s42,10,0.25,42,2,0,COBYLA,128,128,1.0,False,evaluation_budget_exhausted,-1,0.4010622049999597,32.87021876066247,0.6574043752132493,0.01731937274408286,"[4.002148315014479, 1.6951199159934145, 0.12872212178963477, 0.05192309835763666]","[3.875162854607003, 0.9878261727401283, -0.0003832301335019912, 0.3936055268345867]",Return from COBYLA because the objective function has been evaluated MAXFUN times.,ideal-statevector optimizer robustness under equal objective-evaluation cap; not hardware runtime,0.07078088109895696,0.024821997000260602,0.01731937274408286,True,0.41816854778252194,True,0.28376154363337913,True,0.08483842766654175
n10_d25_s42,10,0.25,42,2,0,L-BFGS-B,128,80,0.625,True,optimizer_converged,8,0.06359277999996493,29.050767598662212,0.5810153519732443,0.009008369668850751,"[4.002148315014479, 1.6951199159934145, 0.12872212178963477, 0.05192309835763666]","[6.283184476951326, 3.930845331039434, 5.7164715196237425e-08, 2.82046546478609]",CONVERGENCE: RELATIVE REDUCTION OF F <= FACTR*EPSMCH,ideal-statevector optimizer robustness under equal objective-evaluation cap; not hardware runtime,0.04803921462750163,0.027996928092518688,0.009008369668850751,True,0.2728385435473344,True,0.16750874227745832,True,0.05538383374746515
n10_d25_s42,10,0.25,42,2,1,COBYLA,128,128,1.0,False,evaluation_budget_exhausted,-1,0.19551089399999455,37.38512020448151,0.7477024040896302,0.040367604055463475,"[3.2158701122134374, 5.971939531762716, 0.45289078026435103, 2.980270133958384]","[3.243753216665509, 6.072634034663857, 0.3092169819818319, 2.945552361252049]",Return from COBYLA because the objective function has been evaluated MAXFUN times.,ideal-statevector optimizer robustness under equal objective-evaluation cap; not hardware runtime,0.18484001111144777,0.06162085009476741,0.040367604055463475,True,0.6999939007804185,True,0.48202998891688253,True,0.22662225412665926
n10_d25_s42,10,0.25,42,2,1,L-BFGS-B,128,105,0.8203125,True,optimizer_converged,17,0.10113838199998781,37.40359626665914,0.7480719253331829,0.040825400236696216,"[3.2158701122134374, 5.971939531762716, 0.45289078026435103, 2.980270133958384]","[3.248452893562824, 6.056980184342834, 0.2738973900200152, 2.9266583096146337]",CONVERGENCE: RELATIVE REDUCTION OF F <= FACTR*EPSMCH,ideal-statevector optimizer robustness under equal objective-evaluation cap; not hardware runtime,0.18376101670285283,0.06038425560755541,0.040825400236696216,True,0.6994840692019121,True,0.47998510080368667,True,0.22449100764776003
n10_d25_s42,10,0.25,42,2,2,COBYLA,128,128,1.0,False,evaluation_budget_exhausted,-1,0.35871969400000125,37.57646035176574,0.7515292070353148,0.04435091936263562,"[1.6437575180951982, 1.8754751666228542, 2.5579656050146995, 0.28876244855940497]","[1.566928794884439, 1.7239271087913153, 2.7748802725245483, 0.4119083935231698]",Return from COBYLA because the objective function has been evaluated MAXFUN times.,ideal-statevector optimizer robustness under equal objective-evaluation cap; not hardware runtime,0.22989348684031058,0.07429946864181594,0.04435091936263562,True,0.6658226050266131,True,0.5053630009866017,True,0.2909126926767988
n10_d25_s42,10,0.25,42,2,2,L-BFGS-B,128,115,0.8984375,True,optimizer_converged,19,0.09737494299997707,37.57656343141403,0.7515312686282806,0.044215954207415475,"[1.6437575180951982, 1.8754751666228542, 2.5579656050146995, 0.28876244855940497]","[1.5668951113494647, 1.7240321087165875, 2.7721943396218536, 0.4113518487047577]",CONVERGENCE: RELATIVE REDUCTION OF F <= FACTR*EPSMCH,ideal-statevector optimizer robustness under equal objective-evaluation cap; not hardware runtime,0.23007869542118592,0.07430172065172469,0.044215954207415475,True,0.665938719870991,True,0.5055861091113749,True,0.2910475840041064
n10_d25_s42,10,0.25,42,2,3,COBYLA,128,128,1.0,False,evaluation_budget_exhausted,-1,0.34039994400001206,36.017107475818875,0.7203421495163775,0.02278433683950571,"[0.5381495885689892, 1.4879242956303682, 2.517277973401507, 1.8289159756986941]","[0.9984898737797048, 1.1225088795577802, 2.046649462625824, 2.728139773042014]",Return from COBYLA because the objective function has been evaluated MAXFUN times.,ideal-statevector optimizer robustness under equal objective-evaluation cap; not hardware runtime,0.14181805802944475,0.024225768656899523,0.02278433683950571,True,0.6259827858285267,True,0.4626600661766873,True,0.18342245805203145
n10_d25_s42,10,0.25,42,2,3,L-BFGS-B,128,25,0.1953125,True,optimizer_converged,2,0.0333571959999972,27.500000000000014,0.5500000000000003,0.007812500000000007,"[0.5381495885689892, 1.4879242956303682, 2.517277973401507, 1.8289159756986941]","[0.0, 3.0053941879360253, 3.141592643589793, 0.0]",CONVERGENCE: RELATIVE REDUCTION OF F <= FACTR*EPSMCH,ideal-statevector optimizer robustness under equal objective-evaluation cap; not hardware runtime,0.03125000000000003,0.011718750000000007,0.007812500000000007,True,0.22265625000000017,True,0.1250000000000001,True,0.039062500000000035
n10_d25_s42,10,0.25,42,2,4,COBYLA,128,128,1.0,False,evaluation_budget_exhausted,-1,0.41786520200002997,41.77823450088904,0.8355646900177809,0.13224495908569067,"[5.925396266378301, 3.212765766999291, 3.0669600539645994, 0.25395385881583277]","[6.142870992630686, 2.8158753988432954, 2.7653386731829035, -0.0005974975409182312]",Return from COBYLA because the objective function has been evaluated MAXFUN times.,ideal-statevector optimizer robustness under equal objective-evaluation cap; not hardware runtime,0.4111890732978819,0.1706440169888703,0.13224495908569067,True,0.8916668532851991,True,0.7426265974401252,True,0.47365318496327413
n10_d25_s42,10,0.25,42,2,4,L-BFGS-B,128,128,1.0,False,evaluation_budget_exhausted,-1,0.07179199899997002,36.41048708169551,0.7282097416339102,0.11700681185692016,"[5.925396266378301, 3.212765766999291, 3.0669600539645994, 0.25395385881583277]","[0.4707973497030131, 0.619337271267828, 2.754521028258842, 0.3618192316138687]",strict objective-evaluation cap 128 reached,ideal-statevector optimizer robustness under equal objective-evaluation cap; not hardware runtime,0.18802925562909234,0.1256115283725451,0.11700681185692016,True,0.6049353393756116,True,0.47511876873663794,True,0.19269679526524236
n10_d25_s42,10,0.25,42,3,0,COBYLA,128,128,1.0,False,evaluation_budget_exhausted,-1,0.28654961600000206,36.99414704300764,0.7398829408601527,0.12157853444120462,"[4.002148315014479, 1.6951199159934145, 0.25744424357926954, 0.05192309835763666, 2.5549638088547897, 2.867506216098801]","[4.494103243023652, 2.184952131394904, 0.2316697474903809, -4.960110339267052e-20, 2.466661269026952, 2.7659087826756967]",Return from COBYLA because the objective function has been evaluated MAXFUN times.,ideal-statevector optimizer robustness under equal objective-evaluation cap; not hardware runtime,0.24637829816460732,0.14382459780543505,0.12157853444120462,True,0.6265573803351105,True,0.4597379580153038,True,0.2542899304832164
n10_d25_s42,10,0.25,42,3,0,L-BFGS-B,128,35,0.2734375,True,optimizer_converged,2,0.018853739999997288,27.500000000000078,0.5500000000000016,0.00781250000000002,"[4.002148315014479, 1.6951199159934145, 0.25744424357926954, 0.05192309835763666, 2.5549638088547897, 2.867506216098801]","[6.283185307179586, 6.283185307179586, 6.283185307179586, 5.08050615951524e-07, 3.141592150585172, 5.692386626885489e-07]",CONVERGENCE: RELATIVE REDUCTION OF F <= FACTR*EPSMCH,ideal-statevector optimizer robustness under equal objective-evaluation cap; not hardware runtime,0.03125000000000008,0.011718750000000035,0.00781250000000002,True,0.22265625000000067,True,0.1250000000000004,True,0.039062500000000104
n10_d25_s42,10,0.25,42,3,1,COBYLA,128,128,1.0,False,evaluation_budget_exhausted,-1,0.43346102200001724,38.19615153013482,0.7639230306026964,0.04752599868240534,"[3.2158701122134374, 5.971939531762716, 0.9057815605287021, 2.980270133958384, 0.9796473987943792, 1.329919262162498]","[3.2834649604315933, 6.2154275036358255, 0.818718404232721, 2.670901361317869, 0.942436961176052, 1.4287695509028098]",Return from COBYLA because the objective function has been evaluated MAXFUN times.,ideal-statevector optimizer robustness under equal objective-evaluation cap; not hardware runtime,0.21982097888754282,0.09577155853851602,0.04752599868240534,True,0.7327967016733987,True,0.5414916193670913,True,0.26977190195258904
n10_d25_s42,10,0.25,42,3,1,L-BFGS-B,128,128,1.0,False,evaluation_budget_exhausted,-1,0.199009741999987,36.476381993756156,0.7295276398751231,0.04393885648713158,"[3.2158701122134374, 5.971939531762716, 0.9057815605287021, 2.980270133958384, 0.9796473987943792, 1.329919262162498]","[3.1315312578652943, 6.159267202890431, 0.7956271911000553, 3.141592653589793, 1.1433109093025395, 1.6201451937952913]",strict objective-evaluation cap 128 reached,ideal-statevector optimizer robustness under equal objective-evaluation cap; not hardware runtime,0.15321688461503521,0.06082025837825755,0.04393885648713158,True,0.6232669319969508,True,0.44008230321027997,True,0.19565438452153994
n10_d25_s42,10,0.25,42,3,2,COBYLA,128,128,1.0,False,evaluation_budget_exhausted,-1,0.24341501899999685,36.49429364019977,0.7298858728039954,0.05099839231514881,"[1.6437575180951982, 1.8754751666228542, 5.115931210029399, 0.28876244855940497, 1.8852714037890694, 2.2888403987274435]","[2.2389212986784046, 1.91886461140383, 5.127108602647891, 0.03565395674247363, 1.6932523356807727, 2.764102405099101]",Return from COBYLA because the objective function has been evaluated MAXFUN times.,ideal-statevector optimizer robustness under equal objective-evaluation cap; not hardware runtime,0.1472555243080435,0.06290960282868117,0.05099839231514881,True,0.6197443787949207,True,0.45753949360321433,True,0.1799909269549826
n10_d25_s42,10,0.25,42,3,2,L-BFGS-B,128,128,1.0,False,evaluation_budget_exhausted,-1,0.17046879700001227,35.390110033491055,0.7078022006698211,0.03755890229927564,"[1.6437575180951982, 1.8754751666228542, 5.115931210029399, 0.28876244855940497, 1.8852714037890694, 2.2888403987274435]","[1.5773465854190358, 1.6762243136735788, 4.742729681917919, 0.4584025995372829, 1.9668472597858897, 1.6479630618760086]",strict objective-evaluation cap 128 reached,ideal-statevector optimizer robustness under equal objective-evaluation cap; not hardware runtime,0.1626208754767911,0.058863252972178925,0.03755890229927564,True,0.5715886099868377,True,0.3696012060878534,True,0.1786624778621129
n10_d25_s42,10,0.25,42,3,3,COBYLA,128,128,1.0,False,evaluation_budget_exhausted,-1,0.43534005600002956,35.69025623899519,0.7138051247799038,0.041187966265618756,"[0.5381495885689892, 1.4879242956303682, 5.034555946803014, 1.8289159756986941, 0.29571385095481995, 1.3607084135187315]","[0.9353763241991344, 1.835682703556123, 4.914670862536677, 1.8275911591603204, 0.23514404689093138, 1.2253339064729103]",Return from COBYLA because the objective function has been evaluated MAXFUN times.,ideal-statevector optimizer robustness under equal objective-evaluation cap; not hardware runtime,0.18756185351160942,0.10951545542397029,0.041187966265618756,True,0.54215640152284,True,0.4332586298664787,True,0.19469519574876218
n10_d25_s42,10,0.25,42,3,3,L-BFGS-B,128,128,1.0,False,evaluation_budget_exhausted,-1,0.17881683799998882,40.48463186144475,0.809692637228895,0.12290246620270484,"[0.5381495885689892, 1.4879242956303682, 5.034555946803014, 1.8289159756986941, 0.29571385095481995, 1.3607084135187315]","[0.04741626603996679, 0.0, 0.24396302322252392, 2.4482865418624438, 2.8425453873853015, 0.24760112127634265]",strict objective-evaluation cap 128 reached,ideal-statevector optimizer robustness under equal objective-evaluation cap; not hardware runtime,0.38828675506803073,0.15371550791909705,0.12290246620270484,True,0.805299640403851,True,0.6617600189125453,True,0.4466278429935546
n10_d25_s42,10,0.25,42,3,4,COBYLA,128,128,1.0,False,evaluation_budget_exhausted,-1,0.49655070000000023,37.118762840096366,0.7423752568019273,0.04735224584124058,"[5.925396266378301, 3.212765766999291, 6.133920107929199, 0.25395385881583277, 1.9080646199105018, 1.1827674876547531]","[6.283185307179586, 3.480121473972258, 6.085888858042104, 0.10235069442466774, 2.973229756190498, 1.9439338258593868]",Return from COBYLA because the objective function has been evaluated MAXFUN times.,ideal-statevector optimizer robustness under equal objective-evaluation cap; not hardware runtime,0.16077949290659233,0.07717387778114429,0.04735224584124058,True,0.6552161788001245,True,0.5015407820137268,True,0.20738987868417674
n10_d25_s42,10,0.25,42,3,4,L-BFGS-B,128,21,0.1640625,True,optimizer_converged,2,0.022064991999968697,27.50000000000054,0.5500000000000108,0.007812500000001112,"[5.925396266378301, 3.212765766999291, 6.133920107929199, 0.25395385881583277, 1.9080646199105018, 1.1827674876547531]","[0.0, 0.0, 6.283185297179586, 3.141592565333909, 8.004874160038772e-08, 3.1415925746102222]",CONVERGENCE: RELATIVE REDUCTION OF F <= FACTR*EPSMCH,ideal-statevector optimizer robustness under equal objective-evaluation cap; not hardware runtime,0.0312500000000039,0.011718750000001618,0.007812500000001112,True,0.2226562500000174,True,0.12500000000001169,True,0.03906250000000469
n10_d50_s17,10,0.5,17,1,0,COBYLA,128,80,0.625,True,optimizer_converged,-1,0.18440714700000171,47.31016144248155,0.6758594491783079,0.0070568632917440526,"[4.002148315014479, 0.8475599579967072]","[4.3727551948559205, 0.3955083803959193]",Return from COBYLA because the trust region radius reaches its lower bound.,ideal-statevector optimizer robustness under equal objective-evaluation cap; not hardware runtime,0.06217529048743072,0.020326797597354274,0.0070568632917440526,True,0.2045604137408153,True,0.06217529048743072,True,0.0070568632917440526
n10_d50_s17,10,0.5,17,1,0,L-BFGS-B,128,51,0.3984375,True,optimizer_converged,8,0.024647437999988142,47.94141225147604,0.6848773178782291,0.004601772283403609,"[4.002148315014479, 0.8475599579967072]","[4.092446374799877, 1.1729031052195964]",CONVERGENCE: RELATIVE REDUCTION OF F <= FACTR*EPSMCH,ideal-statevector optimizer robustness under equal objective-evaluation cap; not hardware runtime,0.04776434103215489,0.018958707351037156,0.004601772283403609,True,0.2613242367763405,True,0.04776434103215489,True,0.004601772283403609
n10_d50_s17,10,0.5,17,1,1,COBYLA,128,124,0.96875,True,optimizer_converged,-1,0.1355642710000211,52.66826934679436,0.7524038478113481,0.013502633953274518,"[3.2158701122134374, 2.985969765881358]","[3.22552624488667, 2.78552301686711]",Return from COBYLA because the trust region radius reaches its lower bound.,ideal-statevector optimizer robustness under equal objective-evaluation cap; not hardware runtime,0.07855812164396805,0.035844396847929526,0.013502633953274518,True,0.3694380685929088,True,0.07855812164396805,True,0.013502633953274518
n10_d50_s17,10,0.5,17,1,1,L-BFGS-B,128,42,0.328125,True,optimizer_converged,9,0.0298320590000003,52.66826934944838,0.7524038478492626,0.013502615406968649,"[3.2158701122134374, 2.985969765881358]","[3.2255264785450284, 2.785517264220927]",CONVERGENCE: RELATIVE REDUCTION OF F <= FACTR*EPSMCH,ideal-statevector optimizer robustness under equal objective-evaluation cap; not hardware runtime,0.07855822241019941,0.03584440350939062,0.013502615406968649,True,0.3694380611237005,True,0.07855822241019941,True,0.013502615406968649
n10_d50_s17,10,0.5,17,1,2,COBYLA,128,128,1.0,False,evaluation_budget_exhausted,-1,0.2915058510000108,47.310161437380216,0.6758594491054316,0.007056724726892416,"[1.6437575180951982, 0.9377375833114271]","[1.9104300642812113, 1.175274691684027]",Return from COBYLA because the objective function has been evaluated MAXFUN times.,ideal-statevector optimizer robustness under equal objective-evaluation cap; not hardware runtime,0.062175331151608663,0.02032640936951996,0.007056724726892416,True,0.20455886117417305,True,0.062175331151608663,True,0.007056724726892416
n10_d50_s17,10,0.5,17,1,2,L-BFGS-B,128,45,0.3515625,True,optimizer_converged,8,0.019438173999958508,47.94141225147598,0.6848773178782283,0.004601772510857109,"[1.6437575180951982, 0.9377375833114271]","[4.092446421125915, 1.1729030034005987]",CONVERGENCE: RELATIVE REDUCTION OF F <= FACTR*EPSMCH,ideal-statevector optimizer robustness under equal objective-evaluation cap; not hardware runtime,0.047764349268216745,0.01895871070311761,0.004601772510857109,True,0.26132424713645486,True,0.047764349268216745,True,0.004601772510857109
n10_d50_s17,10,0.5,17,1,3,COBYLA,128,64,0.5,True,optimizer_converged,-1,0.07904371600000104,46.15810990979591,0.6594015701399416,0.0031183772411429397,"[0.5381495885689892, 0.7439621478151841]","[1.0212374353316198, 0.4254676241674978]",Return from COBYLA because the trust region radius reaches its lower bound.,ideal-statevector optimizer robustness under equal objective-evaluation cap; not hardware runtime,0.04043474413161839,0.006187380180133475,0.0031183772411429397,True,0.19065962518751073,True,0.04043474413161839,True,0.0031183772411429397
n10_d50_s17,10,0.5,17,1,3,L-BFGS-B,128,42,0.328125,True,optimizer_converged,10,0.02509944500002348,45.399769033636815,0.6485681290519545,0.002810050094237751,"[0.5381495885689892, 0.7439621478151841]","[0.47935873546324276, 0.49164744907810903]",CONVERGENCE: NORM OF PROJECTED GRADIENT <= PGTOL,ideal-statevector optimizer robustness under equal objective-evaluation cap; not hardware runtime,0.02264254042565787,0.007354276214369989,0.002810050094237751,True,0.16740363647748863,True,0.02264254042565787,True,0.002810050094237751
n10_d50_s17,10,0.5,17,1,4,COBYLA,128,17,0.1328125,True,optimizer_converged,-1,0.04921244999997043,49.67960485644031,0.7097086408062901,0.03893074817682947,"[5.925396266378301, 1.6063828834996454]","[6.425396266378301, 2.1063828834996454]",Return from COBYLA because the trust region radius reaches its lower bound.,ideal-statevector optimizer robustness under equal objective-evaluation cap; not hardware runtime,0.147122591813302,0.08072000024775111,0.03893074817682947,True,0.3589448715360748,True,0.147122591813302,True,0.03893074817682947
n10_d50_s17,10,0.5,17,1,4,L-BFGS-B,128,99,0.7734375,True,optimizer_converged,9,0.0599022019999893,46.10805456348202,0.6586864937640289,0.008446454692736695,"[5.925396266378301, 1.6063828834996454]","[4.886278630178613, 0.7661104065743274]",CONVERGENCE: RELATIVE REDUCTION OF F <= FACTR*EPSMCH,ideal-statevector optimizer robustness under equal objective-evaluation cap; not hardware runtime,0.029427503015196768,0.013957923926645828,0.008446454692736695,True,0.15737055468863015,True,0.029427503015196768,True,0.008446454692736695
n10_d50_s17,10,0.5,17,2,0,COBYLA,128,128,1.0,False,evaluation_budget_exhausted,-1,0.23616233100000272,46.139463042295446,0.6591351863185064,0.004303144112956893,"[4.002148315014479, 1.6951199159934145, 0.12872212178963477, 0.05192309835763666]","[3.9218363874532876, 1.7217698054409187, 0.01937353779186717, 0.44456167819147197]",Return from COBYLA because the objective function has been evaluated MAXFUN times.,ideal-statevector optimizer robustness under equal objective-evaluation cap; not hardware runtime,0.042959475739364775,0.017222163593315243,0.004303144112956893,True,0.22071103358330307,True,0.042959475739364775,True,0.004303144112956893
n10_d50_s17,10,0.5,17,2,0,L-BFGS-B,128,15,0.1171875,True,optimizer_converged,2,0.011250718999974652,44.50000000000706,0.6357142857143866,0.003906250000005351,"[4.002148315014479, 1.6951199159934145, 0.12872212178963477, 0.05192309835763666]","[1e-08, 0.39775908780674213, 6.709564939242232e-07, 3.141592653589793]",CONVERGENCE: RELATIVE REDUCTION OF F <= FACTR*EPSMCH,ideal-statevector optimizer robustness under equal objective-evaluation cap; not hardware runtime,0.02734375000003159,0.011718750000014903,0.003906250000005351,True,0.15820312500012862,True,0.02734375000003159,True,0.003906250000005351
n10_d50_s17,10,0.5,17,2,1,COBYLA,128,128,1.0,False,evaluation_budget_exhausted,-1,0.34380900999997266,52.69489482410667,0.7527842117729524,0.01437798733104384,"[3.2158701122134374, 5.971939531762716, 0.45289078026435103, 2.980270133958384]","[3.6457849362666948, 5.8620858436698535, 0.03101167129288065, 2.7847998445648074]",Return from COBYLA because the objective function has been evaluated MAXFUN times.,ideal-statevector optimizer robustness under equal objective-evaluation cap; not hardware runtime,0.07817427608912486,0.035943593565107484,0.01437798733104384,True,0.36769651941970627,True,0.07817427608912486,True,0.01437798733104384
n10_d50_s17,10,0.5,17,2,1,L-BFGS-B,128,20,0.15625,True,optimizer_converged,2,0.013130255999953988,44.500000000000725,0.6357142857142961,0.003906250000000557,"[3.2158701122134374, 5.971939531762716, 0.45289078026435103, 2.980270133958384]","[0.0, 1e-08, 3.141592585047501, 6.987199018511447e-08]",CONVERGENCE: RELATIVE REDUCTION OF F <= FACTR*EPSMCH,ideal-statevector optimizer robustness under equal objective-evaluation cap; not hardware runtime,0.027343750000003282,0.011718750000001549,0.003906250000000557,True,0.15820312500001338,True,0.027343750000003282,True,0.003906250000000557
n10_d50_s17,10,0.5,17,2,2,COBYLA,128,128,1.0,False,evaluation_budget_exhausted,-1,0.3241111799999885,48.00964931836192,0.685852133119456,0.0031158166861569143,"[1.6437575180951982, 1.8754751666228542, 2.5579656050146995, 0.28876244855940497]","[1.7347854587767009, 1.829803717710458, 2.7653838873799335, 0.3007316824393559]",Return from COBYLA because the objective function has been evaluated MAXFUN times.,ideal-statevector optimizer robustness under equal objective-evaluation cap; not hardware runtime,0.032677417008353464,0.020643485097363804,0.0031158166861569143,True,0.2236332521218259,True,0.032677417008353464,True,0.0031158166861569143
n10_d50_s17,10,0.5,17,2,2,L-BFGS-B,128,128,1.0,False,evaluation_budget_exhausted,-1,0.12815065300003425,48.66231119346175,0.6951758741923106,0.008069365812076946,"[1.6437575180951982, 1.8754751666228542, 2.5579656050146995, 0.28876244855940497]","[2.0581754791846505, 2.1257445551483127, 2.3164036957911924, 0.2892095295439913]",strict objective-evaluation cap 128 reached,ideal-statevector optimizer robustness under equal objective-evaluation cap; not hardware runtime,0.06792405259244974,0.05282428207167989,0.008069365812076946,True,0.28099096744365926,True,0.06792405259244974,True,0.008069365812076946
n10_d50_s17,10,0.5,17,2,3,COBYLA,128,128,1.0,False,evaluation_budget_exhausted,-1,0.36744540600000164,48.21892089668967,0.6888417270955667,0.004431279993461769,"[0.5381495885689892, 1.4879242956303682, 2.517277973401507, 1.8289159756986941]","[0.9871320932396864, 1.216541380313926, 1.6768631471698063, 1.95438452805579]",Return from COBYLA because the objective function has been evaluated MAXFUN times.,ideal-statevector optimizer robustness under equal objective-evaluation cap; not hardware runtime,0.05010008204259106,0.015801944885832062,0.004431279993461769,True,0.2705963871315714,True,0.05010008204259106,True,0.004431279993461769
n10_d50_s17,10,0.5,17,2,3,L-BFGS-B,128,128,1.0,False,evaluation_budget_exhausted,-1,0.11710761800003411,52.92745751969211,0.7561065359956016,0.013754786580784877,"[0.5381495885689892, 1.4879242956303682, 2.517277973401507, 1.8289159756986941]","[4.934785342916379, 4.4011952294713526, 3.0715999519849038, 0.36652622587319783]",strict objective-evaluation cap 128 reached,ideal-statevector optimizer robustness under equal objective-evaluation cap; not hardware runtime,0.08371804248011105,0.03882542239924791,0.013754786580784877,True,0.38091079563412666,True,0.08371804248011105,True,0.013754786580784877
n10_d50_s17,10,0.5,17,2,4,COBYLA,128,128,1.0,False,evaluation_budget_exhausted,-1,0.33807526099997176,48.19105333429488,0.6884436190613554,0.0023336514101509145,"[5.925396266378301, 3.212765766999291, 3.0669600539645994, 0.25395385881583277]","[5.181083904247297, 3.2430464713671165, 2.9030154191585997, 0.35983844795417713]",Return from COBYLA because the objective function has been evaluated MAXFUN times.,ideal-statevector optimizer robustness under equal objective-evaluation cap; not hardware runtime,0.043875434558055065,0.016376955500073665,0.0023336514101509145,True,0.2895667219964503,True,0.043875434558055065,True,0.0023336514101509145
n10_d50_s17,10,0.5,17,2,4,L-BFGS-B,128,95,0.7421875,True,optimizer_converged,14,0.05535199299998794,55.865929869096625,0.798084712415666,0.045754815330645016,"[5.925396266378301, 3.212765766999291, 3.0669600539645994, 0.25395385881583277]","[6.19745983742821, 5.026043150706858, 2.812635880366271, 1.633654806500187]",CONVERGENCE: RELATIVE REDUCTION OF F <= FACTR*EPSMCH,ideal-statevector optimizer robustness under equal objective-evaluation cap; not hardware runtime,0.18549974008540196,0.101465433488627,0.045754815330645016,True,0.5677765570014444,True,0.18549974008540196,True,0.045754815330645016
n10_d50_s17,10,0.5,17,3,0,COBYLA,128,128,1.0,False,evaluation_budget_exhausted,-1,0.4563046519999716,48.3455427749642,0.6906506110709172,0.0045915049752053416,"[4.002148315014479, 1.6951199159934145, 0.25744424357926954, 0.05192309835763666, 2.5549638088547897, 2.867506216098801]","[4.486086985045835, 2.2085363427636984, 0.23307718285828494, 0.0015060162094341209, 2.5896546557199955, 2.6650031886508243]",Return from COBYLA because the objective function has been evaluated MAXFUN times.,ideal-statevector optimizer robustness under equal objective-evaluation cap; not hardware runtime,0.054270572368158104,0.01961073409792253,0.0045915049752053416,True,0.26865190928939175,True,0.054270572368158104,True,0.0045915049752053416
n10_d50_s17,10,0.5,17,3,0,L-BFGS-B,128,128,1.0,False,evaluation_budget_exhausted,-1,0.09641954700003907,47.74441679703301,0.6820630971004716,0.006180969382982836,"[4.002148315014479, 1.6951199159934145, 0.25744424357926954, 0.05192309835763666, 2.5549638088547897, 2.867506216098801]","[4.310184982582856, 2.2717333089137326, 1.050984233809546, 0.018149183748409896, 2.2544541518695844, 2.724402216271194]",strict objective-evaluation cap 128 reached,ideal-statevector optimizer robustness under equal objective-evaluation cap; not hardware runtime,0.03327466416077508,0.020135729380883136,0.006180969382982836,True,0.26140386588857323,True,0.03327466416077508,True,0.006180969382982836
n10_d50_s17,10,0.5,17,3,1,COBYLA,128,128,1.0,False,evaluation_budget_exhausted,-1,0.39068084899997757,53.92164277854261,0.7703091825506088,0.0205475589120298,"[3.2158701122134374, 5.971939531762716, 0.9057815605287021, 2.980270133958384, 0.9796473987943792, 1.329919262162498]","[3.9662665414689195, 5.541150472775352, 0.9038201188263895, 3.029659850914277, 1.2388084746814463, 1.377921098337266]",Return from COBYLA because the objective function has been evaluated MAXFUN times.,ideal-statevector optimizer robustness under equal objective-evaluation cap; not hardware runtime,0.11658410896922008,0.04937751081288559,0.0205475589120298,True,0.47204496685189834,True,0.11658410896922008,True,0.0205475589120298
n10_d50_s17,10,0.5,17,3,1,L-BFGS-B,128,128,1.0,False,evaluation_budget_exhausted,-1,0.10347216100001333,47.453413959278734,0.6779059137039819,0.008035328915831787,"[3.2158701122134374, 5.971939531762716, 0.9057815605287021, 2.980270133958384, 0.9796473987943792, 1.329919262162498]","[2.5128035525315755, 4.762209225175551, 0.7834648903322671, 2.7906162107895147, 0.16418225843103607, 1.0933998024550915]",strict objective-evaluation cap 128 reached,ideal-statevector optimizer robustness under equal objective-evaluation cap; not hardware runtime,0.038834788986817206,0.023746676389130483,0.008035328915831787,True,0.2348055232019242,True,0.038834788986817206,True,0.008035328915831787
n10_d50_s17,10,0.5,17,3,2,COBYLA,128,128,1.0,False,evaluation_budget_exhausted,-1,0.44617548099995474,52.74834504600403,0.7535477863714862,0.01194622548136666,"[1.6437575180951982, 1.8754751666228542, 5.115931210029399, 0.28876244855940497, 1.8852714037890694, 2.2888403987274435]","[2.210375485899639, 1.7709401199423547, 5.359085793676521, 0.05464997414768292, 1.529681230498036, 1.8985245339491232]",Return from COBYLA because the objective function has been evaluated MAXFUN times.,ideal-statevector optimizer robustness under equal objective-evaluation cap; not hardware runtime,0.07818097234243968,0.03587912365752261,0.01194622548136666,True,0.37948162668979957,True,0.07818097234243968,True,0.01194622548136666
n10_d50_s17,10,0.5,17,3,2,L-BFGS-B,128,128,1.0,False,evaluation_budget_exhausted,-1,0.09487867899997582,46.49712336550871,0.6642446195072673,0.008174266209396019,"[1.6437575180951982, 1.8754751666228542, 5.115931210029399, 0.28876244855940497, 1.8852714037890694, 2.2888403987274435]","[0.0, 1e-08, 1.7533026725720198, 0.026359115755766042, 3.038459797946367, 0.795026674450293]",strict objective-evaluation cap 128 reached,ideal-statevector optimizer robustness under equal objective-evaluation cap; not hardware runtime,0.03819753184328355,0.02000688436574636,0.008174266209396019,True,0.21690441148682205,True,0.03819753184328355,True,0.008174266209396019
n10_d50_s17,10,0.5,17,3,3,COBYLA,128,128,1.0,False,evaluation_budget_exhausted,-1,0.4168571360000328,55.82729353114718,0.7975327647306739,0.04334177171063247,"[0.5381495885689892, 1.4879242956303682, 5.034555946803014, 1.8289159756986941, 0.29571385095481995, 1.3607084135187315]","[0.3854870647765728, 0.9716903912580134, 5.017885299188838, 1.6023753921256398, 0.056059773894464725, 1.9023905610035505]",Return from COBYLA because the objective function has been evaluated MAXFUN times.,ideal-statevector optimizer robustness under equal objective-evaluation cap; not hardware runtime,0.1796865446541832,0.09892047888815728,0.04334177171063247,True,0.5762557663805306,True,0.1796865446541832,True,0.04334177171063247
n10_d50_s17,10,0.5,17,3,3,L-BFGS-B,128,128,1.0,False,evaluation_budget_exhausted,-1,0.09404171399995676,48.08492597839383,0.6869275139770546,0.005580042053623886,"[0.5381495885689892, 1.4879242956303682, 5.034555946803014, 1.8289159756986941, 0.29571385095481995, 1.3607084135187315]","[0.6984380083901839, 1.4627662921514306, 5.125874472045514, 1.5499659587899886, 0.40351859811182444, 1.6501531190789676]",strict objective-evaluation cap 128 reached,ideal-statevector optimizer robustness under equal objective-evaluation cap; not hardware runtime,0.054592090487845905,0.018465386704766457,0.005580042053623886,True,0.28151354610700785,True,0.054592090487845905,True,0.005580042053623886
n10_d50_s17,10,0.5,17,3,4,COBYLA,128,128,1.0,False,evaluation_budget_exhausted,-1,0.26480810499998597,54.44385193124618,0.7777693133035168,0.01941103115663226,"[5.925396266378301, 3.212765766999291, 6.133920107929199, 0.25395385881583277, 1.9080646199105018, 1.1827674876547531]","[6.283185307179586, 3.2719496042233516, 6.225975139620785, 0.13085703098803975, 1.85296734214108, 0.9442478874927991]",Return from COBYLA because the objective function has been evaluated MAXFUN times.,ideal-statevector optimizer robustness under equal objective-evaluation cap; not hardware runtime,0.10407406999209358,0.05072549811484599,0.01941103115663226,True,0.46390614327584806,True,0.10407406999209358,True,0.01941103115663226
n10_d50_s17,10,0.5,17,3,4,L-BFGS-B,128,128,1.0,False,evaluation_budget_exhausted,-1,0.10141537600003403,54.68469516862294,0.7812099309803276,0.022761095277779378,"[5.925396266378301, 3.212765766999291, 6.133920107929199, 0.25395385881583277, 1.9080646199105018, 1.1827674876547531]","[5.964687898229308, 3.3937654239891124, 6.1365333535393844, 0.0, 1.9086276584278272, 1.7964561950268945]",strict objective-evaluation cap 128 reached,ideal-statevector optimizer robustness under equal objective-evaluation cap; not hardware runtime,0.1257072422094,0.04789393613233226,0.022761095277779378,True,0.45869083829066265,True,0.1257072422094,True,0.022761095277779378
n10_d50_s42,10,0.5,42,1,0,COBYLA,128,74,0.578125,True,optimizer_converged,-1,0.15208849100002908,56.44699601348528,0.6135543044944053,0.0002522563638620015,"[4.002148315014479, 0.8475599579967072]","[3.8958743338365345, 1.211347868182891]",Return from COBYLA because the trust region radius reaches its lower bound.,ideal-statevector optimizer robustness under equal objective-evaluation cap; not hardware runtime,0.0007585648376912442,0.0007585648376912442,0.0002522563638620015,True,0.19995140725498417,True,0.06889546583305975,True,0.0007585648376912442
n10_d50_s42,10,0.5,42,1,0,L-BFGS-B,128,93,0.7265625,True,optimizer_converged,16,0.06266741799998954,56.82335448250099,0.617645157418489,0.0017498092853031994,"[4.002148315014479, 0.8475599579967072]","[4.14116807272564, 0.42086721521202525]",CONVERGENCE: RELATIVE REDUCTION OF F <= FACTR*EPSMCH,ideal-statevector optimizer robustness under equal objective-evaluation cap; not hardware runtime,0.0026358749978210305,0.0026358749978210305,0.0017498092853031994,True,0.24272208497706427,True,0.08124339376275885,True,0.0026358749978210305
n10_d50_s42,10,0.5,42,1,1,COBYLA,128,64,0.5,True,optimizer_converged,-1,0.1339786010000239,56.76678938698353,0.6170303194237341,0.0040502379762138,"[3.2158701122134374, 2.985969765881358]","[3.3142915034364298, 2.7439590384588013]",Return from COBYLA because the trust region radius reaches its lower bound.,ideal-statevector optimizer robustness under equal objective-evaluation cap; not hardware runtime,0.0070465600727012846,0.0070465600727012846,0.0040502379762138,True,0.17853540559946995,True,0.07651858587902827,True,0.0070465600727012846
n10_d50_s42,10,0.5,42,1,1,L-BFGS-B,128,42,0.328125,True,optimizer_converged,8,0.017733028999998623,56.82335448250089,0.6176451574184879,0.0017498104493254682,"[3.2158701122134374, 2.985969765881358]","[4.1411680845388785, 1.991663442144143]",CONVERGENCE: RELATIVE REDUCTION OF F <= FACTR*EPSMCH,ideal-statevector optimizer robustness under equal objective-evaluation cap; not hardware runtime,0.0026358773122441468,0.0026358773122441468,0.0017498104493254682,True,0.24272206973108595,True,0.0812433936862069,True,0.0026358773122441468
n10_d50_s42,10,0.5,42,1,2,COBYLA,128,128,1.0,False,evaluation_budget_exhausted,-1,0.31040416799999093,56.82335445974519,0.6176451571711433,0.0017497348985862995,"[1.6437575180951982, 0.9377375833114271]","[2.1420171761037734, 1.1498983079706562]",Return from COBYLA because the objective function has been evaluated MAXFUN times.,ideal-statevector optimizer robustness under equal objective-evaluation cap; not hardware runtime,0.0026356924126630502,0.0026356924126630502,0.0017497348985862995,True,0.2427240457954874,True,0.08124492382808163,True,0.0026356924126630502
n10_d50_s42,10,0.5,42,1,2,L-BFGS-B,128,57,0.4453125,True,optimizer_converged,9,0.024607457000001887,54.341620786259405,0.5906697911549935,0.001162801337884301,"[1.6437575180951982, 0.9377375833114271]","[1.6127702425337793, 0.6844650647539391]",CONVERGENCE: RELATIVE REDUCTION OF F <= FACTR*EPSMCH,ideal-statevector optimizer robustness under equal objective-evaluation cap; not hardware runtime,0.0012376291967498526,0.0012376291967498526,0.001162801337884301,True,0.1594752561790257,True,0.07052023747175445,True,0.0012376291967498526
n10_d50_s42,10,0.5,42,1,3,COBYLA,128,126,0.984375,True,optimizer_converged,-1,0.27044094799998675,56.25407934581165,0.6114573841936048,0.0005696113569359469,"[0.5381495885689892, 0.7439621478151841]","[1.2071912917345617, 1.1687472149172944]",Return from COBYLA because the trust region radius reaches its lower bound.,ideal-statevector optimizer robustness under equal objective-evaluation cap; not hardware runtime,0.0011072297132064155,0.0011072297132064155,0.0005696113569359469,True,0.16025226524624028,True,0.04178036330068087,True,0.0011072297132064155
n10_d50_s42,10,0.5,42,1,3,L-BFGS-B,128,6,0.046875,True,optimizer_converged,1,0.002854232000004231,53.5,0.5815217391304348,0.001953125,"[0.5381495885689892, 0.7439621478151841]","[3.1070535984980236, 3.141592653589793]",CONVERGENCE: NORM OF PROJECTED GRADIENT <= PGTOL,ideal-statevector optimizer robustness under equal objective-evaluation cap; not hardware runtime,0.00390625,0.00390625,0.001953125,True,0.140625,True,0.046875,True,0.00390625
n10_d50_s42,10,0.5,42,1,4,COBYLA,128,24,0.1875,True,optimizer_converged,-1,0.05218750299997055,64.97250089224474,0.7062228357852689,0.04878534803070803,"[5.925396266378301, 1.6063828834996454]","[6.375396266378301, 2.1063828834996454]",Return from COBYLA because the trust region radius reaches its lower bound.,ideal-statevector optimizer robustness under equal objective-evaluation cap; not hardware runtime,0.07989284544131962,0.07989284544131962,0.04878534803070803,True,0.5026561246023047,True,0.2981656670939563,True,0.07989284544131962
n10_d50_s42,10,0.5,42,1,4,L-BFGS-B,128,27,0.2109375,True,optimizer_converged,2,0.01176112100000637,53.50000000000002,0.581521739130435,0.0019531250000000017,"[5.925396266378301, 1.6063828834996454]","[6.283185307179586, 4.2127082230106894e-07]",CONVERGENCE: NORM OF PROJECTED GRADIENT <= PGTOL,ideal-statevector optimizer robustness under equal objective-evaluation cap; not hardware runtime,0.0039062500000000035,0.0039062500000000035,0.0019531250000000017,True,0.1406250000000001,True,0.04687500000000004,True,0.0039062500000000035
n10_d50_s42,10,0.5,42,2,0,COBYLA,128,128,1.0,False,evaluation_budget_exhausted,-1,0.40433510100001513,56.17521640660955,0.6106001783327125,0.0015624571723926622,"[4.002148315014479, 1.6951199159934145, 0.12872212178963477, 0.05192309835763666]","[4.132817041581612, 1.5988032998574886, 0.13315259359375056, 0.3255748287969294]",Return from COBYLA because the objective function has been evaluated MAXFUN times.,ideal-statevector optimizer robustness under equal objective-evaluation cap; not hardware runtime,0.01355969227225041,0.01355969227225041,0.0015624571723926622,True,0.19600073946659569,True,0.07099198685310915,True,0.01355969227225041
n10_d50_s42,10,0.5,42,2,0,L-BFGS-B,128,25,0.1953125,True,optimizer_converged,2,0.042203891999974985,53.500000000004206,0.5815217391304806,0.001953125000001983,"[4.002148315014479, 1.6951199159934145, 0.12872212178963477, 0.05192309835763666]","[6.283185307179586, 6.283185297179586, 2.919312928560426e-07, 3.1415923234066727]",CONVERGENCE: RELATIVE REDUCTION OF F <= FACTR*EPSMCH,ideal-statevector optimizer robustness under equal objective-evaluation cap; not hardware runtime,0.003906250000003811,0.003906250000003811,0.001953125000001983,True,0.14062500000007414,True,0.04687500000003156,True,0.003906250000003811
n10_d50_s42,10,0.5,42,2,1,COBYLA,128,128,1.0,False,evaluation_budget_exhausted,-1,0.1948175520000177,56.47426046003429,0.6138506571742858,0.0013639825318774701,"[3.2158701122134374, 5.971939531762716, 0.45289078026435103, 2.980270133958384]","[3.6809809668603166, 5.829714400378691, 0.3936724010301372, 2.852101225908522]",Return from COBYLA because the objective function has been evaluated MAXFUN times.,ideal-statevector optimizer robustness under equal objective-evaluation cap; not hardware runtime,0.0049483402880194935,0.0049483402880194935,0.0013639825318774701,True,0.17934175628243942,True,0.039438104322072315,True,0.0049483402880194935
n10_d50_s42,10,0.5,42,2,1,L-BFGS-B,128,20,0.15625,True,optimizer_converged,2,0.014112935000014204,53.50000000000002,0.581521739130435,0.0019531250000000017,"[3.2158701122134374, 5.971939531762716, 0.45289078026435103, 2.980270133958384]","[0.0, 0.0, 3.141592499960242, 3.1415925120477115]",CONVERGENCE: RELATIVE REDUCTION OF F <= FACTR*EPSMCH,ideal-statevector optimizer robustness under equal objective-evaluation cap; not hardware runtime,0.0039062500000000035,0.0039062500000000035,0.0019531250000000017,True,0.1406250000000001,True,0.04687500000000004,True,0.0039062500000000035
n10_d50_s42,10,0.5,42,2,2,COBYLA,128,128,1.0,False,evaluation_budget_exhausted,-1,0.37004666500001804,58.48023963197761,0.6356547786084523,0.0011613749190352814,"[1.6437575180951982, 1.8754751666228542, 2.5579656050146995, 0.28876244855940497]","[2.134822241780414, 2.2178028626915185, 2.7616377401180983, 0.23526391033644833]",Return from COBYLA because the objective function has been evaluated MAXFUN times.,ideal-statevector optimizer robustness under equal objective-evaluation cap; not hardware runtime,0.004094423636102901,0.004094423636102901,0.0011613749190352814,True,0.2627162364725929,True,0.09099400540775687,True,0.004094423636102901
n10_d50_s42,10,0.5,42,2,2,L-BFGS-B,128,128,1.0,False,evaluation_budget_exhausted,-1,0.11849816900001997,54.271989630354625,0.5899129307647242,6.995819206201936e-05,"[1.6437575180951982, 1.8754751666228542, 2.5579656050146995, 0.28876244855940497]","[4.256290602394143, 0.002957793594909184, 2.6087987315296832, 0.0008305241293799187]",strict objective-evaluation cap 128 reached,ideal-statevector optimizer robustness under equal objective-evaluation cap; not hardware runtime,0.0003764660729354517,0.0003764660729354517,6.995819206201936e-05,True,0.12655874637914394,True,0.030387399416456726,True,0.0003764660729354517
n10_d50_s42,10,0.5,42,2,3,COBYLA,128,128,1.0,False,evaluation_budget_exhausted,-1,0.21750312599999688,56.29911328222005,0.6119468835023918,0.004443682158032965,"[0.5381495885689892, 1.4879242956303682, 2.517277973401507, 1.8289159756986941]","[0.4458785988782973, 1.9816330964065412, 2.4881288552528846, 1.9797613833602759]",Return from COBYLA because the objective function has been evaluated MAXFUN times.,ideal-statevector optimizer robustness under equal objective-evaluation cap; not hardware runtime,0.012248929661882662,0.012248929661882662,0.004443682158032965,True,0.20863408468804406,True,0.07125325605884214,True,0.012248929661882662
n10_d50_s42,10,0.5,42,2,3,L-BFGS-B,128,20,0.15625,True,optimizer_converged,2,0.016923187999964284,53.50000000000934,0.5815217391305363,0.0019531250000043594,"[0.5381495885689892, 1.4879242956303682, 2.517277973401507, 1.8289159756986941]","[6.283185297179586, 0.9466001496561732, 3.1415919286535616, 0.0]",CONVERGENCE: RELATIVE REDUCTION OF F <= FACTR*EPSMCH,ideal-statevector optimizer robustness under equal objective-evaluation cap; not hardware runtime,0.00390625000000838,0.00390625000000838,0.0019531250000043594,True,0.14062500000016315,True,0.04687500000006942,True,0.00390625000000838
n10_d50_s42,10,0.5,42,2,4,COBYLA,128,128,1.0,False,evaluation_budget_exhausted,-1,0.364946883000016,69.19737514030206,0.752145381959805,0.04799649464722745,"[5.925396266378301, 3.212765766999291, 3.0669600539645994, 0.25395385881583277]","[6.1949678520583475, 3.0690831134778436, 2.7845645660111242, 0.04685738606709422]",Return from COBYLA because the objective function has been evaluated MAXFUN times.,ideal-statevector optimizer robustness under equal objective-evaluation cap; not hardware runtime,0.08140556068104976,0.08140556068104976,0.04799649464722745,True,0.6052638484256894,True,0.34274784994513585,True,0.08140556068104976
n10_d50_s42,10,0.5,42,2,4,L-BFGS-B,128,90,0.703125,True,optimizer_converged,12,0.11625186999998505,57.19108818398833,0.6216422628694384,0.001542132225860077,"[5.925396266378301, 3.212765766999291, 3.0669600539645994, 0.25395385881583277]","[5.894359872947313, 3.368009765514328, 2.9130096606883384, 0.36888753283509323]",CONVERGENCE: RELATIVE REDUCTION OF F <= FACTR*EPSMCH,ideal-statevector optimizer robustness under equal objective-evaluation cap; not hardware runtime,0.0033334422635694933,0.0033334422635694933,0.001542132225860077,True,0.20049973002844007,True,0.09015362577306935,True,0.0033334422635694933
n10_d50_s42,10,0.5,42,3,0,COBYLA,128,128,1.0,False,evaluation_budget_exhausted,-1,0.4229930710000076,69.05131125039054,0.7505577309825059,0.043359248916095466,"[4.002148315014479, 1.6951199159934145, 0.25744424357926954, 0.05192309835763666, 2.5549638088547897, 2.867506216098801]","[4.445618099712854, 1.7498478200899754, 0.2676756248272956, 0.03967984092667824, 2.7537757812160426, 3.1320437735820175]",Return from COBYLA because the objective function has been evaluated MAXFUN times.,ideal-statevector optimizer robustness under equal objective-evaluation cap; not hardware runtime,0.07794925625209721,0.07794925625209721,0.043359248916095466,True,0.6103321982397896,True,0.34319399957723035,True,0.07794925625209721
n10_d50_s42,10,0.5,42,3,0,L-BFGS-B,128,128,1.0,False,evaluation_budget_exhausted,-1,0.18103488299999526,55.5071362506545,0.6033384375071141,0.011839327651723111,"[4.002148315014479, 1.6951199159934145, 0.25744424357926954, 0.05192309835763666, 2.5549638088547897, 2.867506216098801]","[3.342293860111089, 1.3940661044020546, 1.20264066821315, 0.05630193449614867, 2.215449423240244, 2.446666117487733]",strict objective-evaluation cap 128 reached,ideal-statevector optimizer robustness under equal objective-evaluation cap; not hardware runtime,0.018116916850441124,0.018116916850441124,0.011839327651723111,True,0.18307284779284994,True,0.07459424800797126,True,0.018116916850441124
n10_d50_s42,10,0.5,42,3,1,COBYLA,128,128,1.0,False,evaluation_budget_exhausted,-1,0.2331691619999674,56.7282940521045,0.6166118918707011,0.00262583774526725,"[3.2158701122134374, 5.971939531762716, 0.9057815605287021, 2.980270133958384, 0.9796473987943792, 1.329919262162498]","[3.6691172926437527, 6.272036579075299, 0.8849736052192255, 2.8922303424145523, 0.6421079414806843, 1.2424468716367487]",Return from COBYLA because the objective function has been evaluated MAXFUN times.,ideal-statevector optimizer robustness under equal objective-evaluation cap; not hardware runtime,0.006233198447813508,0.006233198447813508,0.00262583774526725,True,0.22285289181137952,True,0.06743823620318926,True,0.006233198447813508
n10_d50_s42,10,0.5,42,3,1,L-BFGS-B,128,70,0.546875,True,optimizer_converged,2,0.043778636000013194,53.50000000000006,0.5815217391304354,0.0019531249999999822,"[3.2158701122134374, 5.971939531762716, 0.9057815605287021, 2.980270133958384, 0.9796473987943792, 1.329919262162498]","[6.283185307179586, 6.283185307179586, 6.283185307179586, 0.717228509846568, 4.7963487430642996e-08, 4.7963487430642996e-08]",CONVERGENCE: RELATIVE REDUCTION OF F <= FACTR*EPSMCH,ideal-statevector optimizer robustness under equal objective-evaluation cap; not hardware runtime,0.0039062499999999722,0.0039062499999999722,0.0019531249999999822,True,0.14062500000000006,True,0.04687499999999989,True,0.0039062499999999722
n10_d50_s42,10,0.5,42,3,2,COBYLA,128,128,1.0,False,evaluation_budget_exhausted,-1,0.4230691760000127,55.88089153535715,0.6074009949495343,0.00823938341947398,"[1.6437575180951982, 1.8754751666228542, 5.115931210029399, 0.28876244855940497, 1.8852714037890694, 2.2888403987274435]","[2.1689132775651374, 1.814451453786848, 5.130401606845696, 0.25162102659182484, 2.001927917927988, 2.158834789059427]",Return from COBYLA because the objective function has been evaluated MAXFUN times.,ideal-statevector optimizer robustness under equal objective-evaluation cap; not hardware runtime,0.010340064520039691,0.010340064520039691,0.00823938341947398,True,0.19870980272172195,True,0.0945834725486681,True,0.010340064520039691
n10_d50_s42,10,0.5,42,3,2,L-BFGS-B,128,128,1.0,False,evaluation_budget_exhausted,-1,0.18387199100004636,57.46922677818392,0.6246655084585209,0.00043045860686214625,"[1.6437575180951982, 1.8754751666228542, 5.115931210029399, 0.28876244855940497, 1.8852714037890694, 2.2888403987274435]","[1.7413463476186715, 1.9669811930562804, 4.971724392508255, 0.08489778529428942, 1.7807140953060776, 1.8892171521548342]",strict objective-evaluation cap 128 reached,ideal-statevector optimizer robustness under equal objective-evaluation cap; not hardware runtime,0.0035618150822142934,0.0035618150822142934,0.00043045860686214625,True,0.22510980033430897,True,0.06256718513775075,True,0.0035618150822142934
n10_d50_s42,10,0.5,42,3,3,COBYLA,128,128,1.0,False,evaluation_budget_exhausted,-1,0.4129507690000196,57.315972388175595,0.6229996998714739,0.0011672721243619533,"[0.5381495885689892, 1.4879242956303682, 5.034555946803014, 1.8289159756986941, 0.29571385095481995, 1.3607084135187315]","[1.0345355103938922, 2.0391371884552774, 5.071712081636274, 1.691918356981744, 0.8333279534923059, 1.2141177218538315]",Return from COBYLA because the objective function has been evaluated MAXFUN times.,ideal-statevector optimizer robustness under equal objective-evaluation cap; not hardware runtime,0.0016207158555183454,0.0016207158555183454,0.0011672721243619533,True,0.15666176379953184,True,0.044454709005108256,True,0.0016207158555183454
n10_d50_s42,10,0.5,42,3,3,L-BFGS-B,128,49,0.3828125,True,optimizer_converged,2,0.05205830900001729,53.50000000000672,0.5815217391305079,0.001953125000003157,"[0.5381495885689892, 1.4879242956303682, 5.034555946803014, 1.8289159756986941, 0.29571385095481995, 1.3607084135187315]","[0.0, 0.0, 6.283185297179586, 5.458629710930106e-07, 3.141592058517485, 3.141592128223665]",CONVERGENCE: RELATIVE REDUCTION OF F <= FACTR*EPSMCH,ideal-statevector optimizer robustness under equal objective-evaluation cap; not hardware runtime,0.003906250000006069,0.003906250000006069,0.001953125000003157,True,0.14062500000011816,True,0.046875000000050265,True,0.003906250000006069
n10_d50_s42,10,0.5,42,3,4,COBYLA,128,128,1.0,False,evaluation_budget_exhausted,-1,0.24088663200001292,56.92255159484904,0.6187233869005331,0.0014549316620966787,"[5.925396266378301, 3.212765766999291, 6.133920107929199, 0.25395385881583277, 1.9080646199105018, 1.1827674876547531]","[5.889212755755358, 3.1452487456505502, 6.1863373705918905, 0.9683433385679445, 1.878080346544534, 1.1655772446825394]",Return from COBYLA because the objective function has been evaluated MAXFUN times.,ideal-statevector optimizer robustness under equal objective-evaluation cap; not hardware runtime,0.002253706983592043,0.002253706983592043,0.0014549316620966787,True,0.18636777279776573,True,0.04581549514427195,True,0.002253706983592043
n10_d50_s42,10,0.5,42,3,4,L-BFGS-B,128,128,1.0,False,evaluation_budget_exhausted,-1,0.19689866099997744,56.9732431737589,0.6192743823234663,0.004938281769176502,"[5.925396266378301, 3.212765766999291, 6.133920107929199, 0.25395385881583277, 1.9080646199105018, 1.1827674876547531]","[5.900263546859616, 3.346450989576033, 6.086409186761965, 0.0, 1.936905420504171, 1.6507008576482787]",strict objective-evaluation cap 128 reached,ideal-statevector optimizer robustness under equal objective-evaluation cap; not hardware runtime,0.008071949805665933,0.008071949805665933,0.004938281769176502,True,0.18621952004305928,True,0.08215948811193535,True,0.008071949805665933
n10_d75_s17,10,0.75,17,1,0,COBYLA,128,128,1.0,False,evaluation_budget_exhausted,-1,0.29470319500001096,83.36113438483524,0.7248794294333499,0.0010438251850181414,"[4.002148315014479, 0.8475599579967072]","[4.316027154749635, 1.1369025237920498]",Return from COBYLA because the objective function has been evaluated MAXFUN times.,ideal-statevector optimizer robustness under equal objective-evaluation cap; not hardware runtime,0.05043438642371405,0.007976834662344187,0.0010438251850181414,True,0.1335652950890017,True,0.004152821815335627,False,0.0
n10_d75_s17,10,0.75,17,1,0,L-BFGS-B,128,90,0.703125,True,optimizer_converged,15,0.04010423400001173,95.83231133509554,0.8333244463921351,0.0308910976110727,"[4.002148315014479, 0.8475599579967072]","[0.062480873103390476, 0.2983970824110578]",CONVERGENCE: RELATIVE REDUCTION OF F <= FACTR*EPSMCH,ideal-statevector optimizer robustness under equal objective-evaluation cap; not hardware runtime,0.2217228187273161,0.07364037925897207,0.0308910976110727,True,0.39959722111043844,True,0.0487248256154753,False,0.0
n10_d75_s17,10,0.75,17,1,1,COBYLA,128,128,1.0,False,evaluation_budget_exhausted,-1,0.29715281000000004,83.73083765441251,0.7280942404731523,0.0044210746105333674,"[3.2158701122134374, 2.985969765881358]","[3.6348819692400287, 2.698950357985566]",Return from COBYLA because the objective function has been evaluated MAXFUN times.,ideal-statevector optimizer robustness under equal objective-evaluation cap; not hardware runtime,0.05760042906021049,0.012464076603171396,0.0044210746105333674,True,0.12624241158667837,True,0.0070895653341424,False,0.0
n10_d75_s17,10,0.75,17,1,1,L-BFGS-B,128,21,0.1640625,True,optimizer_converged,2,0.008158380999987003,81.00000000000003,0.7043478260869568,0.0039062500000000035,"[3.2158701122134374, 2.985969765881358]","[0.0, 3.141592644642476]",CONVERGENCE: RELATIVE REDUCTION OF F <= FACTR*EPSMCH,ideal-statevector optimizer robustness under equal objective-evaluation cap; not hardware runtime,0.042968750000000035,0.009765625000000007,0.0039062500000000035,True,0.09765625000000006,True,0.005859375000000005,False,0.0
n10_d75_s17,10,0.75,17,1,2,COBYLA,128,128,1.0,False,evaluation_budget_exhausted,-1,0.19213089700002683,82.74625314376566,0.7195326360327449,0.004370782607948997,"[1.6437575180951982, 0.9377375833114271]","[1.8991065101083262, 0.7153234594129517]",Return from COBYLA because the objective function has been evaluated MAXFUN times.,ideal-statevector optimizer robustness under equal objective-evaluation cap; not hardware runtime,0.040977362467785196,0.005877178495033382,0.004370782607948997,True,0.10715122746275314,True,0.005870021862889253,False,0.0
n10_d75_s17,10,0.75,17,1,2,L-BFGS-B,128,54,0.421875,True,optimizer_converged,8,0.04844318700003214,82.3356564184554,0.7159622297256991,0.004212653825259294,"[1.6437575180951982, 0.9377375833114271]","[1.6167364757737384, 1.1511065942613878]",CONVERGENCE: RELATIVE REDUCTION OF F <= FACTR*EPSMCH,ideal-statevector optimizer robustness under equal objective-evaluation cap; not hardware runtime,0.04674749527910878,0.010519305029081652,0.004212653825259294,True,0.11986884252633236,True,0.0042511839596456515,False,0.0
n10_d75_s17,10,0.75,17,1,3,COBYLA,128,128,1.0,False,evaluation_budget_exhausted,-1,0.29396628899996813,82.61168156865892,0.718362448423121,0.004666540422256489,"[0.5381495885689892, 0.7439621478151841]","[1.0313704414813774, 0.5261219837497343]",Return from COBYLA because the objective function has been evaluated MAXFUN times.,ideal-statevector optimizer robustness under equal objective-evaluation cap; not hardware runtime,0.06503376351735946,0.016833897423615164,0.004666540422256489,True,0.11893969176615704,True,0.008604090127600338,False,0.0
n10_d75_s17,10,0.75,17,1,3,L-BFGS-B,128,66,0.515625,True,optimizer_converged,14,0.034102548000021216,83.73183629427245,0.7281029242980214,0.004364294369201272,"[0.5381495885689892, 0.7439621478151841]","[2.6479989163570465, 0.44983264641822224]",CONVERGENCE: RELATIVE REDUCTION OF F <= FACTR*EPSMCH,ideal-statevector optimizer robustness under equal objective-evaluation cap; not hardware runtime,0.05720212890956644,0.0123207380848793,0.004364294369201272,True,0.12529757958218257,True,0.0070039894620397974,False,0.0
n10_d75_s17,10,0.75,17,1,4,COBYLA,128,20,0.15625,True,optimizer_converged,-1,0.0902612250000061,86.5239764146823,0.752382403605933,0.009234385667469591,"[5.925396266378301, 1.6063828834996454]","[6.300396266378301, 2.1063828834996454]",Return from COBYLA because the trust region radius reaches its lower bound.,ideal-statevector optimizer robustness under equal objective-evaluation cap; not hardware runtime,0.08227258145854693,0.021797301771019472,0.009234385667469591,True,0.17106715182518237,True,0.013707213109872383,False,0.0
n10_d75_s17,10,0.75,17,1,4,L-BFGS-B,128,18,0.140625,True,optimizer_converged,2,0.007209676999991643,81.00000000001398,0.7043478260870781,0.003906250000007003,"[5.925396266378301, 1.6063828834996454]","[1e-08, 6.59345292498181e-07]",CONVERGENCE: RELATIVE REDUCTION OF F <= FACTR*EPSMCH,ideal-statevector optimizer robustness under equal objective-evaluation cap; not hardware runtime,0.04296875000005995,0.00976562500001648,0.003906250000007003,True,0.0976562500001201,True,0.005859375000010401,False,0.0
n10_d75_s17,10,0.75,17,2,0,COBYLA,128,128,1.0,False,evaluation_budget_exhausted,-1,0.3785553810000124,82.39036861445334,0.7164379879517682,0.005764429546979549,"[4.002148315014479, 1.6951199159934145, 0.12872212178963477, 0.05192309835763666]","[4.226565883710976, 1.3821023942410187, 0.427181021984877, -5.000000000000001e-05]",Return from COBYLA because the objective function has been evaluated MAXFUN times.,ideal-statevector optimizer robustness under equal objective-evaluation cap; not hardware runtime,0.02929630755892454,0.009852084435670112,0.005764429546979549,True,0.0873341166593665,True,0.0069873264699807595,False,0.0
n10_d75_s17,10,0.75,17,2,0,L-BFGS-B,128,128,1.0,False,evaluation_budget_exhausted,-1,0.14121172500000512,83.59360356406029,0.726900900557046,0.0016198524716008365,"[4.002148315014479, 1.6951199159934145, 0.12872212178963477, 0.05192309835763666]","[1.9661429143533906, 0.9176453693453008, 0.44232943913634803, 0.1401419056528163]",strict objective-evaluation cap 128 reached,ideal-statevector optimizer robustness under equal objective-evaluation cap; not hardware runtime,0.05552341526962644,0.004840531475914029,0.0016198524716008365,True,0.1374612506512689,True,0.003176817894664003,False,0.0
n10_d75_s17,10,0.75,17,2,1,COBYLA,128,128,1.0,False,evaluation_budget_exhausted,-1,0.34851153099998555,89.83223215391854,0.7811498448166829,0.001537388498854348,"[3.2158701122134374, 5.971939531762716, 0.45289078026435103, 2.980270133958384]","[3.2265966921550473, 6.124984496312318, 0.36964800234290046, 2.939777764520106]",Return from COBYLA because the objective function has been evaluated MAXFUN times.,ideal-statevector optimizer robustness under equal objective-evaluation cap; not hardware runtime,0.08887487362427578,0.026126010392396416,0.001537388498854348,True,0.24055866178389723,True,0.026060805390846115,False,0.0
n10_d75_s17,10,0.75,17,2,1,L-BFGS-B,128,125,0.9765625,True,optimizer_converged,19,0.0693941000000109,90.1466252150737,0.78388369752238,0.0021565555422714618,"[3.2158701122134374, 5.971939531762716, 0.45289078026435103, 2.980270133958384]","[3.2249960320648396, 6.124518018792238, 0.30054652315963404, 2.8345475558095576]",CONVERGENCE: RELATIVE REDUCTION OF F <= FACTR*EPSMCH,ideal-statevector optimizer robustness under equal objective-evaluation cap; not hardware runtime,0.08789809055312432,0.02634669480169059,0.0021565555422714618,True,0.24600507893825946,True,0.026073233108372288,False,0.0
n10_d75_s17,10,0.75,17,2,2,COBYLA,128,128,1.0,False,evaluation_budget_exhausted,-1,0.3942086189999827,82.33073583070944,0.7159194420061691,0.010784130599289413,"[1.6437575180951982, 1.8754751666228542, 2.5579656050146995, 0.28876244855940497]","[2.0452128550677013, 2.658269740907012, 2.5515419721712864, 0.2820411237921659]",Return from COBYLA because the objective function has been evaluated MAXFUN times.,ideal-statevector optimizer robustness under equal objective-evaluation cap; not hardware runtime,0.03167050388298991,0.013977051911339862,0.010784130599289413,True,0.07468469924728273,True,0.012622918787124536,False,0.0
n10_d75_s17,10,0.75,17,2,2,L-BFGS-B,128,128,1.0,False,evaluation_budget_exhausted,-1,0.0754788830000166,82.50436707481927,0.7174292789114719,0.0036961741810734115,"[1.6437575180951982, 1.8754751666228542, 2.5579656050146995, 0.28876244855940497]","[1.6249734699340384, 1.9707661366008666, 2.6522414386865907, 0.23718181947860628]",strict objective-evaluation cap 128 reached,ideal-statevector optimizer robustness under equal objective-evaluation cap; not hardware runtime,0.05480351157628119,0.0076132244828868,0.0036961741810734115,True,0.11373300194654862,True,0.004236595901338954,False,0.0
n10_d75_s17,10,0.75,17,2,3,COBYLA,128,128,1.0,False,evaluation_budget_exhausted,-1,0.2082704029999718,83.82113682253032,0.7288794506306985,0.007615592263877532,"[0.5381495885689892, 1.4879242956303682, 2.517277973401507, 1.8289159756986941]","[0.778990799688285, 1.4683131118291008, 2.768602408594861, 1.6786254281858755]",Return from COBYLA because the objective function has been evaluated MAXFUN times.,ideal-statevector optimizer robustness under equal objective-evaluation cap; not hardware runtime,0.06918452858188573,0.01807687925297603,0.007615592263877532,True,0.11822347812030563,True,0.009527412046046018,False,0.0
n10_d75_s17,10,0.75,17,2,3,L-BFGS-B,128,25,0.1953125,True,optimizer_converged,2,0.01126310500001182,81.00000000000009,0.7043478260869572,0.003906250000000092,"[0.5381495885689892, 1.4879242956303682, 2.517277973401507, 1.8289159756986941]","[6.283185307179586, 6.283185307179586, 5.6843418860808015e-06, 1.5859089375064805]",CONVERGENCE: RELATIVE REDUCTION OF F <= FACTR*EPSMCH,ideal-statevector optimizer robustness under equal objective-evaluation cap; not hardware runtime,0.0429687500000004,0.009765625000000128,0.003906250000000092,True,0.09765625000000014,True,0.005859375000000028,False,0.0
n10_d75_s17,10,0.75,17,2,4,COBYLA,128,128,1.0,False,evaluation_budget_exhausted,-1,0.3919922879999831,84.20525700350981,0.7322196261174766,0.0031178695560540775,"[5.925396266378301, 3.212765766999291, 3.0669600539645994, 0.25395385881583277]","[5.644304089800386, 3.8657569959878426, 2.8147955337721946, 0.7136230170087687]",Return from COBYLA because the objective function has been evaluated MAXFUN times.,ideal-statevector optimizer robustness under equal objective-evaluation cap; not hardware runtime,0.034891640449842075,0.00953486573119513,0.0031178695560540775,True,0.10537790396881201,True,0.0057072105001261565,False,0.0
n10_d75_s17,10,0.75,17,2,4,L-BFGS-B,128,128,1.0,False,evaluation_budget_exhausted,-1,0.1270235810000031,82.78863110677332,0.7199011400588985,0.0055511895985428245,"[5.925396266378301, 3.212765766999291, 3.0669600539645994, 0.25395385881583277]","[6.268841439368286, 1.8926812228402248, 1.3872275346640097, 0.7479309873001019]",strict objective-evaluation cap 128 reached,ideal-statevector optimizer robustness under equal objective-evaluation cap; not hardware runtime,0.046993993056582965,0.009478455641964301,0.0055511895985428245,True,0.11027753816582787,True,0.009063731880665095,False,0.0
n10_d75_s17,10,0.75,17,3,0,COBYLA,128,128,1.0,False,evaluation_budget_exhausted,-1,0.40664893100000654,83.0796264889206,0.7224315346862661,0.0011872829392812051,"[4.002148315014479, 1.6951199159934145, 0.25744424357926954, 0.05192309835763666, 2.5549638088547897, 2.867506216098801]","[4.002118377921752, 1.7484513896803398, 0.7884040425344099, 0.013321230062842753, 2.668500071837024, 2.8548657616651734]",Return from COBYLA because the objective function has been evaluated MAXFUN times.,ideal-statevector optimizer robustness under equal objective-evaluation cap; not hardware runtime,0.06004489627041417,0.010428659368950332,0.0011872829392812051,True,0.12531153523834568,True,0.00641074960981397,False,0.0
n10_d75_s17,10,0.75,17,3,0,L-BFGS-B,128,128,1.0,False,evaluation_budget_exhausted,-1,0.09965402699998549,83.16721095492343,0.7231931387384647,0.008683540372478763,"[4.002148315014479, 1.6951199159934145, 0.25744424357926954, 0.05192309835763666, 2.5549638088547897, 2.867506216098801]","[4.784469021970707, 3.7078672723279382, 2.2086677504964087, 0.9589718772754297, 2.9010773738283713, 2.812912810443617]",strict objective-evaluation cap 128 reached,ideal-statevector optimizer robustness under equal objective-evaluation cap; not hardware runtime,0.06044036841590845,0.011185288071857218,0.008683540372478763,True,0.11118124226228342,True,0.008940206434200541,False,0.0
n10_d75_s17,10,0.75,17,3,1,COBYLA,128,128,1.0,False,evaluation_budget_exhausted,-1,0.42168467699997336,86.34553229766507,0.7508307156318702,0.00387658865114113,"[3.2158701122134374, 5.971939531762716, 0.9057815605287021, 2.980270133958384, 0.9796473987943792, 1.329919262162498]","[3.2158701122134374, 5.971939531762716, 0.9057815605287021, 3.480270133958384, 1.4796473987943792, 1.329919262162498]",Return from COBYLA because the objective function has been evaluated MAXFUN times.,ideal-statevector optimizer robustness under equal objective-evaluation cap; not hardware runtime,0.06557121018674361,0.01465083707011757,0.00387658865114113,True,0.1542650232361077,True,0.008142043987466988,False,0.0
n10_d75_s17,10,0.75,17,3,1,L-BFGS-B,128,21,0.1640625,True,optimizer_converged,2,0.041724191999946925,81.00000000000732,0.7043478260870202,0.0039062500000036394,"[3.2158701122134374, 5.971939531762716, 0.9057815605287021, 2.980270133958384, 0.9796473987943792, 1.329919262162498]","[0.0, 1e-08, 6.264109327381368, 3.1415924828353963, 3.426763074859672e-07, 0.0]",CONVERGENCE: RELATIVE REDUCTION OF F <= FACTR*EPSMCH,ideal-statevector optimizer robustness under equal objective-evaluation cap; not hardware runtime,0.04296875000003118,0.009765625000008566,0.0039062500000036394,True,0.09765625000006246,True,0.005859375000005407,False,0.0
n10_d75_s17,10,0.75,17,3,2,COBYLA,128,128,1.0,False,evaluation_budget_exhausted,-1,0.4222905500000138,87.66372020529661,0.7622932191764923,0.0014346921120933429,"[1.6437575180951982, 1.8754751666228542, 5.115931210029399, 0.28876244855940497, 1.8852714037890694, 2.2888403987274435]","[1.4082955089350644, 2.3576060548353266, 5.739932205838186, 0.07730263206784506, 1.510966322173094, 2.0669355378125402]",Return from COBYLA because the objective function has been evaluated MAXFUN times.,ideal-statevector optimizer robustness under equal objective-evaluation cap; not hardware runtime,0.08131032017094722,0.028414994960492778,0.0014346921120933429,True,0.20250869884227135,True,0.027808862396890923,False,0.0
n10_d75_s17,10,0.75,17,3,2,L-BFGS-B,128,128,1.0,False,evaluation_budget_exhausted,-1,0.11437917400002107,83.22837595532089,0.7237250083071382,0.012971753338434977,"[1.6437575180951982, 1.8754751666228542, 5.115931210029399, 0.28876244855940497, 1.8852714037890694, 2.2888403987274435]","[1.477619883739548, 1.7319394673793163, 4.528422832947478, 0.6708170195817876, 1.9843943470813472, 2.3955585355418028]",strict objective-evaluation cap 128 reached,ideal-statevector optimizer robustness under equal objective-evaluation cap; not hardware runtime,0.055773407877819065,0.020186634297712204,0.012971753338434977,True,0.12981588102999195,True,0.014423446172821236,False,0.0
n10_d75_s17,10,0.75,17,3,3,COBYLA,128,128,1.0,False,evaluation_budget_exhausted,-1,0.24905297399999426,83.30467527991067,0.7243884806948754,0.006754623433402276,"[0.5381495885689892, 1.4879242956303682, 5.034555946803014, 1.8289159756986941, 0.29571385095481995, 1.3607084135187315]","[1.0460849020742626, 1.7327255159073087, 5.555329218351142, 1.808187634338136, 0.24405685669066682, 1.3368026203143848]",Return from COBYLA because the objective function has been evaluated MAXFUN times.,ideal-statevector optimizer robustness under equal objective-evaluation cap; not hardware runtime,0.0307862347499706,0.009539877356585293,0.006754623433402276,True,0.08695228753724127,True,0.008495391849640486,False,0.0
n10_d75_s17,10,0.75,17,3,3,L-BFGS-B,128,128,1.0,False,evaluation_budget_exhausted,-1,0.09934879499996896,84.0909850158659,0.7312259566597035,0.002188348251246432,"[0.5381495885689892, 1.4879242956303682, 5.034555946803014, 1.8289159756986941, 0.29571385095481995, 1.3607084135187315]","[0.510106404873677, 1.46054215128453, 4.943974908742434, 1.7333947219887376, 0.3792573822250978, 1.4070593854706217]",strict objective-evaluation cap 128 reached,ideal-statevector optimizer robustness under equal objective-evaluation cap; not hardware runtime,0.03704442927682823,0.009970027656059902,0.002188348251246432,True,0.11237206238513907,True,0.0026085591466074964,False,0.0
n10_d75_s17,10,0.75,17,3,4,COBYLA,128,128,1.0,False,evaluation_budget_exhausted,-1,0.5253170899999873,84.75703442749105,0.7370176906738353,0.004903302690691238,"[5.925396266378301, 3.212765766999291, 6.133920107929199, 0.25395385881583277, 1.9080646199105018, 1.1827674876547531]","[6.425396266378301, 3.712765766999291, 6.633920107929199, 0.25395385881583277, 1.9080646199105018, 1.6827674876547531]",Return from COBYLA because the objective function has been evaluated MAXFUN times.,ideal-statevector optimizer robustness under equal objective-evaluation cap; not hardware runtime,0.09769283125324485,0.03262905185007683,0.004903302690691238,True,0.17937243078762982,True,0.018954969990300972,False,0.0
n10_d75_s17,10,0.75,17,3,4,L-BFGS-B,128,56,0.4375,True,optimizer_converged,2,0.07902487100000144,81.0000000000002,0.7043478260869582,0.00390625000000001,"[5.925396266378301, 3.212765766999291, 6.133920107929199, 0.25395385881583277, 1.9080646199105018, 1.1827674876547531]","[0.0, 0.0, 6.283185307179586, 1.165751408550872e-07, 2.6449055015841063, 9.426011268406976e-07]",CONVERGENCE: RELATIVE REDUCTION OF F <= FACTR*EPSMCH,ideal-statevector optimizer robustness under equal objective-evaluation cap; not hardware runtime,0.0429687500000001,0.009765625000000028,0.00390625000000001,True,0.09765625000000024,True,0.005859375000000015,False,0.0
n10_d75_s42,10,0.75,42,1,0,COBYLA,128,128,1.0,False,evaluation_budget_exhausted,-1,0.2781668890000333,93.15070894592634,0.6951545443725846,0.0006560215772666007,"[4.002148315014479, 0.8475599579967072]","[4.78541906633861, 2.005414041974448]",Return from COBYLA because the objective function has been evaluated MAXFUN times.,ideal-statevector optimizer robustness under equal objective-evaluation cap; not hardware runtime,0.011939358714903625,0.0006560215772666007,0.0006560215772666007,True,0.22623048254080494,True,0.08434999522463314,True,0.0038203161219544095
n10_d75_s42,10,0.75,42,1,0,L-BFGS-B,128,6,0.046875,True,optimizer_converged,1,0.003674909000039861,91.0,0.6791044776119403,0.0019531249999999844,"[4.002148315014479, 0.8475599579967072]","[6.283185307179586, 0.6931973915994346]",CONVERGENCE: NORM OF PROJECTED GRADIENT <= PGTOL,ideal-statevector optimizer robustness under equal objective-evaluation cap; not hardware runtime,0.017578125000000125,0.0019531249999999844,0.0019531249999999844,True,0.17578125,True,0.058593749999999646,True,0.009765625000000024
n10_d75_s42,10,0.75,42,1,1,COBYLA,128,128,1.0,False,evaluation_budget_exhausted,-1,0.29626124500003925,99.14966011635158,0.7399228366891909,0.0027348629432438266,"[3.2158701122134374, 2.985969765881358]","[3.2154367091635723, 2.6421894693393426]",Return from COBYLA because the objective function has been evaluated MAXFUN times.,ideal-statevector optimizer robustness under equal objective-evaluation cap; not hardware runtime,0.011473949335436447,0.0027348629432438266,0.0027348629432438266,True,0.2729265107962255,True,0.08995359125614139,True,0.006977202235017402
n10_d75_s42,10,0.75,42,1,1,L-BFGS-B,128,48,0.375,True,optimizer_converged,9,0.02469439300000431,99.15711242783189,0.7399784509539693,0.0026248223155226776,"[3.2158701122134374, 2.985969765881358]","[3.214903531928423, 2.6300275960901285]",CONVERGENCE: RELATIVE REDUCTION OF F <= FACTR*EPSMCH,ideal-statevector optimizer robustness under equal objective-evaluation cap; not hardware runtime,0.0110244071642298,0.0026248223155226776,0.0026248223155226776,True,0.2739286538451777,True,0.08917831171431201,True,0.006758155913961871
n10_d75_s42,10,0.75,42,1,2,COBYLA,128,128,1.0,False,evaluation_budget_exhausted,-1,0.1575568609999891,93.04604182964536,0.6943734464898907,0.0007279596911542027,"[1.6437575180951982, 0.9377375833114271]","[2.1821997605348464, 0.8655497353760905]",Return from COBYLA because the objective function has been evaluated MAXFUN times.,ideal-statevector optimizer robustness under equal objective-evaluation cap; not hardware runtime,0.008926435131403284,0.0007279596911542027,0.0007279596911542027,True,0.21194851454800948,True,0.06757310885994594,True,0.004839085791547052
n10_d75_s42,10,0.75,42,1,2,L-BFGS-B,128,33,0.2578125,True,optimizer_converged,8,0.008401490999972339,92.85499291468167,0.6929477083185199,0.003944505687279865,"[1.6437575180951982, 0.9377375833114271]","[1.0832261798169172, 2.017031619795221]",CONVERGENCE: RELATIVE REDUCTION OF F <= FACTR*EPSMCH,ideal-statevector optimizer robustness under equal objective-evaluation cap; not hardware runtime,0.012193058611789837,0.003944505687279865,0.003944505687279865,True,0.18429560077019147,True,0.0630288625973655,True,0.00639866708813224
n10_d75_s42,10,0.75,42,1,3,COBYLA,128,128,1.0,False,evaluation_budget_exhausted,-1,0.31228569500001413,92.85498931968243,0.6929476814901674,0.003946072206167861,"[0.5381495885689892, 0.7439621478151841]","[1.0832037088842064, 0.4457155895271317]",Return from COBYLA because the objective function has been evaluated MAXFUN times.,ideal-statevector optimizer robustness under equal objective-evaluation cap; not hardware runtime,0.012181633922586794,0.003946072206167861,0.003946072206167861,True,0.18435226996947307,True,0.06302747433843517,True,0.006395957011648755
n10_d75_s42,10,0.75,42,1,3,L-BFGS-B,128,54,0.421875,True,optimizer_converged,13,0.027772421000008762,92.53860855786166,0.6905866310288183,0.0009280604800768172,"[0.5381495885689892, 0.7439621478151841]","[0.5824992907580947, 0.792939059340442]",CONVERGENCE: RELATIVE REDUCTION OF F <= FACTR*EPSMCH,ideal-statevector optimizer robustness under equal objective-evaluation cap; not hardware runtime,0.019829941904500187,0.0009280604800768172,0.0009280604800768172,True,0.1956335792033192,True,0.07132130275808854,True,0.012183152576130993
n10_d75_s42,10,0.75,42,1,4,COBYLA,128,17,0.1328125,True,optimizer_converged,-1,0.07187360199998238,91.94123848195488,0.686128645387723,0.002802982974999872,"[5.925396266378301, 1.6063828834996454]","[6.425396266378301, 1.6063828834996454]",Return from COBYLA because the trust region radius reaches its lower bound.,ideal-statevector optimizer robustness under equal objective-evaluation cap; not hardware runtime,0.02246510785738684,0.002802982974999872,0.002802982974999872,True,0.21036651960228972,True,0.0737994012528176,True,0.012480143517805952
n10_d75_s42,10,0.75,42,1,4,L-BFGS-B,128,36,0.28125,True,optimizer_converged,7,0.018747932999986006,92.17084288184088,0.687842111058514,0.0009828342037300289,"[5.925396266378301, 1.6063828834996454]","[5.954079707075553, 1.8763409545613743]",CONVERGENCE: RELATIVE REDUCTION OF F <= FACTR*EPSMCH,ideal-statevector optimizer robustness under equal objective-evaluation cap; not hardware runtime,0.013462852262208322,0.0009828342037300289,0.0009828342037300289,True,0.18102718575690063,True,0.06304815650597473,True,0.005519613165796044
n10_d75_s42,10,0.75,42,2,0,COBYLA,128,128,1.0,False,evaluation_budget_exhausted,-1,0.3291658699999971,93.36270476396325,0.6967366027161437,0.001513814160714185,"[4.002148315014479, 1.6951199159934145, 0.12872212178963477, 0.05192309835763666]","[4.033931207186471, 1.6693873216428816, 0.2141885556338367, 0.6517753935197951]",Return from COBYLA because the objective function has been evaluated MAXFUN times.,ideal-statevector optimizer robustness under equal objective-evaluation cap; not hardware runtime,0.017900817236548402,0.001513814160714185,0.001513814160714185,True,0.2141830282187826,True,0.07340191575961834,True,0.00933314430165691
n10_d75_s42,10,0.75,42,2,0,L-BFGS-B,128,128,1.0,False,evaluation_budget_exhausted,-1,0.07446545200002674,107.62260166994412,0.8031537438055532,0.02671925350608044,"[4.002148315014479, 1.6951199159934145, 0.12872212178963477, 0.05192309835763666]","[0.059769703199503935, 0.9109588275628746, 0.29805575016423685, 0.0]",strict objective-evaluation cap 128 reached,ideal-statevector optimizer robustness under equal objective-evaluation cap; not hardware runtime,0.12494169226508604,0.02671925350608044,0.02671925350608044,True,0.5794607479647225,True,0.2970925218394637,True,0.0806537684761778
n10_d75_s42,10,0.75,42,2,1,COBYLA,128,128,1.0,False,evaluation_budget_exhausted,-1,0.366165642999988,97.97706667831949,0.7311721393904439,0.0010793632170532457,"[3.2158701122134374, 5.971939531762716, 0.45289078026435103, 2.980270133958384]","[3.5673029451457428, 5.932811486822176, 0.13470515792415969, 2.6865874881762957]",Return from COBYLA because the objective function has been evaluated MAXFUN times.,ideal-statevector optimizer robustness under equal objective-evaluation cap; not hardware runtime,0.009587188166374171,0.0010793632170532457,0.0010793632170532457,True,0.25151604742118827,True,0.07679257381393592,True,0.005009691140806395
n10_d75_s42,10,0.75,42,2,1,L-BFGS-B,128,30,0.234375,True,optimizer_converged,2,0.013980721999985235,91.00000000000011,0.6791044776119411,0.0019531250000000035,"[3.2158701122134374, 5.971939531762716, 0.45289078026435103, 2.980270133958384]","[0.0, 0.0, 3.1415924854987427, 3.141592376655717]",CONVERGENCE: RELATIVE REDUCTION OF F <= FACTR*EPSMCH,ideal-statevector optimizer robustness under equal objective-evaluation cap; not hardware runtime,0.017578125000000028,0.0019531250000000035,0.0019531250000000035,True,0.1757812500000003,True,0.0585937500000001,True,0.009765625000000017
n10_d75_s42,10,0.75,42,2,2,COBYLA,128,128,1.0,False,evaluation_budget_exhausted,-1,0.20067838299996765,93.55922628361316,0.6982031812209937,6.0775185598870704e-05,"[1.6437575180951982, 1.8754751666228542, 2.5579656050146995, 0.28876244855940497]","[2.178554109669053, 2.396963605975201, 2.3925056274091427, 0.2425085470784876]",Return from COBYLA because the objective function has been evaluated MAXFUN times.,ideal-statevector optimizer robustness under equal objective-evaluation cap; not hardware runtime,0.019026915403557713,6.0775185598870704e-05,6.0775185598870704e-05,True,0.21757690601936577,True,0.06727726850771036,True,0.014223493857968133
n10_d75_s42,10,0.75,42,2,2,L-BFGS-B,128,105,0.8203125,True,optimizer_converged,16,0.06850718300000835,93.66016459471388,0.6989564521993573,0.0009831808997104675,"[1.6437575180951982, 1.8754751666228542, 2.5579656050146995, 0.28876244855940497]","[1.4974070415844736, 2.1540981651877993, 2.714258644640757, 0.21584894913705907]",CONVERGENCE: RELATIVE REDUCTION OF F <= FACTR*EPSMCH,ideal-statevector optimizer robustness under equal objective-evaluation cap; not hardware runtime,0.017947589520547858,0.0009831808997104675,0.0009831808997104675,True,0.22854613787504746,True,0.07692208535051155,True,0.006422193170987394
n10_d75_s42,10,0.75,42,2,3,COBYLA,128,128,1.0,False,evaluation_budget_exhausted,-1,0.37569329399997287,92.68927909689356,0.6917110380365191,0.0018622551018625374,"[0.5381495885689892, 1.4879242956303682, 2.517277973401507, 1.8289159756986941]","[0.5824402968282796, 1.5419302188363229, 2.5191011656979243, 1.814177073239712]",Return from COBYLA because the objective function has been evaluated MAXFUN times.,ideal-statevector optimizer robustness under equal objective-evaluation cap; not hardware runtime,0.0157598858084029,0.0018622551018625374,0.0018622551018625374,True,0.19381188118921228,True,0.059238113095467546,True,0.007323671891855188
n10_d75_s42,10,0.75,42,2,3,L-BFGS-B,128,115,0.8984375,True,optimizer_converged,12,0.14634391200002028,97.36364392658851,0.7265943576611082,0.0033504980915644313,"[0.5381495885689892, 1.4879242956303682, 2.517277973401507, 1.8289159756986941]","[2.1309582951068613, 0.9082333712434609, 1.6101435594021054, 2.0667719450850432]",CONVERGENCE: RELATIVE REDUCTION OF F <= FACTR*EPSMCH,ideal-statevector optimizer robustness under equal objective-evaluation cap; not hardware runtime,0.01601747940862057,0.0033504980915644313,0.0033504980915644313,True,0.26767210321704415,True,0.09071275262773726,True,0.007250979118240164
n10_d75_s42,10,0.75,42,2,4,COBYLA,128,128,1.0,False,evaluation_budget_exhausted,-1,0.23999173900000415,92.51739004413079,0.6904282839114239,0.0010010317492816223,"[5.925396266378301, 3.212765766999291, 3.0669600539645994, 0.25395385881583277]","[5.700804035941105, 3.9503976844941566, 2.407533487295085, -2.710505431213761e-20]",Return from COBYLA because the objective function has been evaluated MAXFUN times.,ideal-statevector optimizer robustness under equal objective-evaluation cap; not hardware runtime,0.020683716304275658,0.0010010317492816223,0.0010010317492816223,True,0.19394471443909791,True,0.07084465572298193,True,0.013329377039166023
n10_d75_s42,10,0.75,42,2,4,L-BFGS-B,128,40,0.3125,True,optimizer_converged,2,0.030704608000007738,91.00000000000001,0.6791044776119404,0.001953125000000001,"[5.925396266378301, 3.212765766999291, 3.0669600539645994, 0.25395385881583277]","[6.283185307179586, 6.283185307179586, 3.141592643589793, 0.0]",CONVERGENCE: RELATIVE REDUCTION OF F <= FACTR*EPSMCH,ideal-statevector optimizer robustness under equal objective-evaluation cap; not hardware runtime,0.017578125000000007,0.001953125000000001,0.001953125000000001,True,0.17578125000000003,True,0.058593750000000014,True,0.009765625000000003
n10_d75_s42,10,0.75,42,3,0,COBYLA,128,128,1.0,False,evaluation_budget_exhausted,-1,0.39182948799998485,107.57459803428841,0.8027955077185702,0.025849378356859257,"[4.002148315014479, 1.6951199159934145, 0.25744424357926954, 0.05192309835763666, 2.5549638088547897, 2.867506216098801]","[4.619227490279637, 1.6045281609042865, 0.70038812114541, 0.017526554389984485, 2.8482592043043136, 3.1360017632219646]",Return from COBYLA because the objective function has been evaluated MAXFUN times.,ideal-statevector optimizer robustness under equal objective-evaluation cap; not hardware runtime,0.12248829022011867,0.025849378356859257,0.025849378356859257,True,0.5744344499315824,True,0.29422656045564777,True,0.07861221637638757
n10_d75_s42,10,0.75,42,3,0,L-BFGS-B,128,128,1.0,False,evaluation_budget_exhausted,-1,0.18890006200001608,93.31094251989566,0.6963503173126542,0.001790148857916932,"[4.002148315014479, 1.6951199159934145, 0.25744424357926954, 0.05192309835763666, 2.5549638088547897, 2.867506216098801]","[4.0240824583501045, 1.6789682448484884, 0.22307136618993295, 0.15943362284191373, 2.4761936991716103, 2.896288630516648]",strict objective-evaluation cap 128 reached,ideal-statevector optimizer robustness under equal objective-evaluation cap; not hardware runtime,0.021840244423876127,0.001790148857916932,0.001790148857916932,True,0.19446432159570315,True,0.07043024128953917,True,0.012300944207789752
n10_d75_s42,10,0.75,42,3,1,COBYLA,128,128,1.0,False,evaluation_budget_exhausted,-1,0.421841067999992,99.02700000078903,0.7390074626924554,0.004379747996778686,"[3.2158701122134374, 5.971939531762716, 0.9057815605287021, 2.980270133958384, 0.9796473987943792, 1.329919262162498]","[3.2119703682295, 6.068228304473782, 0.8284786102463724, 2.7376446910599594, 1.4903050442688797, 1.4683169151927493]",Return from COBYLA because the objective function has been evaluated MAXFUN times.,ideal-statevector optimizer robustness under equal objective-evaluation cap; not hardware runtime,0.022253254706862673,0.004379747996778686,0.004379747996778686,True,0.26647609175901776,True,0.09683160187189986,True,0.01370907225496914
n10_d75_s42,10,0.75,42,3,1,L-BFGS-B,128,128,1.0,False,evaluation_budget_exhausted,-1,0.18078783700002532,96.94046834039312,0.7234363308984562,0.0008702745220008735,"[3.2158701122134374, 5.971939531762716, 0.9057815605287021, 2.980270133958384, 0.9796473987943792, 1.329919262162498]","[2.778164685374531, 5.091583531761309, 1.6185244424999288, 2.927184861119586, 1.5496811510168114, 1.058147897563998]",strict objective-evaluation cap 128 reached,ideal-statevector optimizer robustness under equal objective-evaluation cap; not hardware runtime,0.018260973320598905,0.0008702745220008735,0.0008702745220008735,True,0.20940092756163883,True,0.07211892414481796,True,0.00928496669739504
n10_d75_s42,10,0.75,42,3,2,COBYLA,128,128,1.0,False,evaluation_budget_exhausted,-1,0.25961699999999155,94.54586049104208,0.7055661230674782,0.0011216588998762644,"[1.6437575180951982, 1.8754751666228542, 5.115931210029399, 0.28876244855940497, 1.8852714037890694, 2.2888403987274435]","[1.6039163048828222, 1.8538065687008904, 5.1684443952890815, 0.18550436991000913, 1.8124422825618944, 2.794799525721674]",Return from COBYLA because the objective function has been evaluated MAXFUN times.,ideal-statevector optimizer robustness under equal objective-evaluation cap; not hardware runtime,0.024154807633593605,0.0011216588998762644,0.0011216588998762644,True,0.22467104329142987,True,0.06435565824169523,True,0.00957638350066994
n10_d75_s42,10,0.75,42,3,2,L-BFGS-B,128,128,1.0,False,evaluation_budget_exhausted,-1,0.18332450200000494,93.07514629102613,0.6945906439628816,0.0029212700865577056,"[1.6437575180951982, 1.8754751666228542, 5.115931210029399, 0.28876244855940497, 1.8852714037890694, 2.2888403987274435]","[1.6541374629461254, 1.8861170823730626, 5.080473448392882, 0.4121580465252174, 1.9464411735630094, 2.475010495215596]",strict objective-evaluation cap 128 reached,ideal-statevector optimizer robustness under equal objective-evaluation cap; not hardware runtime,0.023816350413700775,0.0029212700865577056,0.0029212700865577056,True,0.22081675824261332,True,0.06359907152017605,True,0.01182263878737801
n10_d75_s42,10,0.75,42,3,3,COBYLA,128,128,1.0,False,evaluation_budget_exhausted,-1,0.4370326989999853,93.8011013313068,0.7000082188903493,0.0031276716547469214,"[0.5381495885689892, 1.4879242956303682, 5.034555946803014, 1.8289159756986941, 0.29571385095481995, 1.3607084135187315]","[0.5082106704332607, 1.4611234318217952, 5.1143768949824295, 2.274638099946904, 0.2896836263259384, 1.2725362652671675]",Return from COBYLA because the objective function has been evaluated MAXFUN times.,ideal-statevector optimizer robustness under equal objective-evaluation cap; not hardware runtime,0.03950976697346732,0.0031276716547469214,0.0031276716547469214,True,0.23391716118563388,True,0.09407060001838348,True,0.024740122594354843
n10_d75_s42,10,0.75,42,3,3,L-BFGS-B,128,128,1.0,False,evaluation_budget_exhausted,-1,0.16055313700002216,94.44338075745733,0.7048013489362488,0.001134591056128279,"[0.5381495885689892, 1.4879242956303682, 5.034555946803014, 1.8289159756986941, 0.29571385095481995, 1.3607084135187315]","[0.5011990924598217, 1.574494911870701, 5.002133087021612, 1.6420814858300856, 0.0, 1.2755103130636711]",strict objective-evaluation cap 128 reached,ideal-statevector optimizer robustness under equal objective-evaluation cap; not hardware runtime,0.031452273322211836,0.001134591056128279,0.001134591056128279,True,0.20064944086353506,True,0.07047088301791697,True,0.02214816597501319
n10_d75_s42,10,0.75,42,3,4,COBYLA,128,128,1.0,False,evaluation_budget_exhausted,-1,0.48377119200000607,103.27953956399604,0.7707428325671346,0.018556942146734454,"[5.925396266378301, 3.212765766999291, 6.133920107929199, 0.25395385881583277, 1.9080646199105018, 1.1827674876547531]","[6.3081344632180665, 3.0697089835123896, 5.957822319605601, 0.31226180354144434, 1.9321917688214725, 1.705266865265081]",Return from COBYLA because the objective function has been evaluated MAXFUN times.,ideal-statevector optimizer robustness under equal objective-evaluation cap; not hardware runtime,0.06688284336187252,0.018556942146734454,0.018556942146734454,True,0.40288177645537415,True,0.19093304922962498,True,0.038810049520433175
n10_d75_s42,10,0.75,42,3,4,L-BFGS-B,128,128,1.0,False,evaluation_budget_exhausted,-1,0.17833897600002047,107.70221835813501,0.8037478981950374,0.02873111222357798,"[5.925396266378301, 3.212765766999291, 6.133920107929199, 0.25395385881583277, 1.9080646199105018, 1.1827674876547531]","[6.2233553315140755, 5.860898656728917, 6.280064997764868, 2.8444899979623903, 2.9593909126930518, 0.14777536781002157]",strict objective-evaluation cap 128 reached,ideal-statevector optimizer robustness under equal objective-evaluation cap; not hardware runtime,0.1297922287323701,0.02873111222357798,0.02873111222357798,True,0.582241377270255,True,0.2977446258355548,True,0.08519108435518408
n12_d25_s17,12,0.25,17,1,0,COBYLA,128,128,1.0,False,evaluation_budget_exhausted,-1,0.2144268130000455,49.24122382199292,0.607916343481394,0.0007010575302283676,"[4.002148315014479, 0.8475599579967072]","[4.10938547039292, 1.1685069128505345]",Return from COBYLA because the objective function has been evaluated MAXFUN times.,ideal-statevector optimizer robustness under equal objective-evaluation cap; not hardware runtime,0.010578143452348542,0.0031750730181642896,0.0007010575302283676,True,0.33250485455000206,True,0.13505691750613213,True,0.0422073602106382
n12_d25_s17,12,0.25,17,1,0,L-BFGS-B,128,51,0.3984375,True,optimizer_converged,9,0.030495843999972294,49.24122407479395,0.6079163466023945,0.000700762502279844,"[4.002148315014479, 0.8475599579967072]","[4.109386536399092, 1.1684315514828214]",CONVERGENCE: RELATIVE REDUCTION OF F <= FACTR*EPSMCH,ideal-statevector optimizer robustness under equal objective-evaluation cap; not hardware runtime,0.010577156185250448,0.0031740337834631855,0.000700762502279844,True,0.3325053341427879,True,0.13505532429283595,True,0.04220671767001643
n12_d25_s17,12,0.25,17,1,1,COBYLA,128,128,1.0,False,evaluation_budget_exhausted,-1,0.361783623000008,49.24122406583963,0.6079163464918473,0.0007007283281726922,"[3.2158701122134374, 2.985969765881358]","[4.109384905657173, 2.7392156152364984]",Return from COBYLA because the objective function has been evaluated MAXFUN times.,ideal-statevector optimizer robustness under equal objective-evaluation cap; not hardware runtime,0.010576932551481772,0.003173899529631469,0.0007007283281726922,True,0.3325052092131283,True,0.13505499722181913,True,0.042206895433821785
n12_d25_s17,12,0.25,17,1,1,L-BFGS-B,128,6,0.046875,True,optimizer_converged,1,0.007388643000012962,43.5,0.5370370370370371,0.0009765624999999989,"[3.2158701122134374, 2.985969765881358]","[5.013389056837222, 3.141592653589793]",CONVERGENCE: NORM OF PROJECTED GRADIENT <= PGTOL,ideal-statevector optimizer robustness under equal objective-evaluation cap; not hardware runtime,0.007812499999999991,0.0039062499999999957,0.0009765624999999989,True,0.18847656249999994,True,0.07324218749999994,True,0.02246093749999998
n12_d25_s17,12,0.25,17,1,2,COBYLA,128,84,0.65625,True,optimizer_converged,-1,0.241419991999976,51.0829459270372,0.6306536534202124,0.011318800213155743,"[1.6437575180951982, 0.9377375833114271]","[1.2365563235325505, 1.1874618395333043]",Return from COBYLA because the trust region radius reaches its lower bound.,ideal-statevector optimizer robustness under equal objective-evaluation cap; not hardware runtime,0.029679777181300097,0.02524795517975275,0.011318800213155743,True,0.3955243374250116,True,0.2075573324381496,True,0.08402074515918534
n12_d25_s17,12,0.25,17,1,2,L-BFGS-B,128,27,0.2109375,True,optimizer_converged,2,0.049381831999994574,43.500000000000895,0.5370370370370481,0.0009765625000002303,"[1.6437575180951982, 0.9377375833114271]","[1e-08, 7.869962879232625e-08]",CONVERGENCE: RELATIVE REDUCTION OF F <= FACTR*EPSMCH,ideal-statevector optimizer robustness under equal objective-evaluation cap; not hardware runtime,0.007812500000001608,0.003906250000000859,0.0009765625000002303,True,0.1884765625000201,True,0.07324218750001027,True,0.022460937500003966
n12_d25_s17,12,0.25,17,1,3,COBYLA,128,124,0.96875,True,optimizer_converged,-1,0.21717919999997548,59.46699909027485,0.7341604825959858,0.02224474845773226,"[0.5381495885689892, 0.7439621478151841]","[0.09391480142362041, 0.38123913374117474]",Return from COBYLA because the trust region radius reaches its lower bound.,ideal-statevector optimizer robustness under equal objective-evaluation cap; not hardware runtime,0.11523440448401345,0.07154379862724965,0.02224474845773226,True,0.7142054801249453,True,0.46673747973853275,True,0.24073461245561056
n12_d25_s17,12,0.25,17,1,3,L-BFGS-B,128,45,0.3515625,True,optimizer_converged,9,0.04516820999998572,48.67700703901434,0.6009507041853622,0.0033252065346469012,"[0.5381495885689892, 0.7439621478151841]","[0.481680681729813, 0.4622265805514381]",CONVERGENCE: RELATIVE REDUCTION OF F <= FACTR*EPSMCH,ideal-statevector optimizer robustness under equal objective-evaluation cap; not hardware runtime,0.01881593875513881,0.004122211172715041,0.0033252065346469012,True,0.32010574481316634,True,0.13742181835453626,True,0.04270841370497659
n12_d25_s17,12,0.25,17,1,4,COBYLA,128,25,0.1953125,True,optimizer_converged,-1,0.10958027999998876,56.37808929642428,0.6960257937830158,0.02542467071595837,"[5.925396266378301, 1.6063828834996454]","[6.375396266378301, 2.1063828834996454]",Return from COBYLA because the trust region radius reaches its lower bound.,ideal-statevector optimizer robustness under equal objective-evaluation cap; not hardware runtime,0.11575952624736882,0.07629350505449789,0.02542467071595837,True,0.6093607536147945,True,0.40518138866670794,True,0.21647746282807098
n12_d25_s17,12,0.25,17,1,4,L-BFGS-B,128,54,0.421875,True,optimizer_converged,10,0.06334073900001158,46.107947401713716,0.5692339185396755,0.0014086541102243937,"[5.925396266378301, 1.6063828834996454]","[5.93076193984064, 1.9754989811290187]",CONVERGENCE: RELATIVE REDUCTION OF F <= FACTR*EPSMCH,ideal-statevector optimizer robustness under equal objective-evaluation cap; not hardware runtime,0.018650859132007022,0.007404432422713931,0.0014086541102243937,True,0.23802845761582525,True,0.1080572180218115,True,0.04358084148498159
n12_d25_s17,12,0.25,17,2,0,COBYLA,128,128,1.0,False,evaluation_budget_exhausted,-1,0.568499404000022,46.31065546010147,0.5717364871617465,0.0001235668536473677,"[4.002148315014479, 1.6951199159934145, 0.12872212178963477, 0.05192309835763666]","[3.994779192304621, 1.6969955255835973, 0.055754519874445005, 0.5747740358246086]",Return from COBYLA because the objective function has been evaluated MAXFUN times.,ideal-statevector optimizer robustness under equal objective-evaluation cap; not hardware runtime,0.004970185927665382,0.002218647516679641,0.0001235668536473677,True,0.21352930008197174,True,0.08633028419152422,True,0.014347462234978061
n12_d25_s17,12,0.25,17,2,0,L-BFGS-B,128,15,0.1171875,True,optimizer_converged,2,0.049481511000010414,43.50000000000001,0.5370370370370371,0.0009765625000000009,"[4.002148315014479, 1.6951199159934145, 0.12872212178963477, 0.05192309835763666]","[0.0, 0.0, 1e-08, 3.141592653589793]",CONVERGENCE: RELATIVE REDUCTION OF F <= FACTR*EPSMCH,ideal-statevector optimizer robustness under equal objective-evaluation cap; not hardware runtime,0.007812500000000007,0.0039062500000000035,0.0009765625000000009,True,0.1884765625000001,True,0.07324218750000006,True,0.022460937500000014
n12_d25_s17,12,0.25,17,2,1,COBYLA,128,128,1.0,False,evaluation_budget_exhausted,-1,0.5253131260000146,52.59794928491249,0.6493573985791665,0.002492976131661726,"[3.2158701122134374, 5.971939531762716, 0.45289078026435103, 2.980270133958384]","[3.2074816719205974, 5.815727398395974, 0.4131990415009114, 2.977375277183035]",Return from COBYLA because the objective function has been evaluated MAXFUN times.,ideal-statevector optimizer robustness under equal objective-evaluation cap; not hardware runtime,0.03824550517838519,0.01563843513249762,0.002492976131661726,True,0.4259342429639058,True,0.2319278500403631,True,0.08821719694815194
n12_d25_s17,12,0.25,17,2,1,L-BFGS-B,128,105,0.8203125,True,optimizer_converged,16,0.24334290699999883,52.598230575163534,0.6493608712983152,0.002488533332474315,"[3.2158701122134374, 5.971939531762716, 0.45289078026435103, 2.980270133958384]","[3.207428088721812, 5.815067958175439, 0.41068249615452784, 2.9762367879649343]",CONVERGENCE: RELATIVE REDUCTION OF F <= FACTR*EPSMCH,ideal-statevector optimizer robustness under equal objective-evaluation cap; not hardware runtime,0.03833319454342911,0.015656465795683083,0.002488533332474315,True,0.4261033923383809,True,0.23194023382738715,True,0.08820809143998148
n12_d25_s17,12,0.25,17,2,2,COBYLA,128,128,1.0,False,evaluation_budget_exhausted,-1,0.5755016189999651,52.28857618073898,0.6455379775399874,0.015943404306057295,"[1.6437575180951982, 1.8754751666228542, 2.5579656050146995, 0.28876244855940497]","[1.2273486189029887, 1.6998613046098727, 2.742310600861361, 0.19967547955595227]",Return from COBYLA because the objective function has been evaluated MAXFUN times.,ideal-statevector optimizer robustness under equal objective-evaluation cap; not hardware runtime,0.046926951882540854,0.03539925027543862,0.015943404306057295,True,0.42421816125848494,True,0.23845606684769716,True,0.10328140866039226
n12_d25_s17,12,0.25,17,2,2,L-BFGS-B,128,125,0.9765625,True,optimizer_converged,14,0.1789048709999861,61.250156600860855,0.756174772850134,0.03578234207379877,"[1.6437575180951982, 1.8754751666228542, 2.5579656050146995, 0.28876244855940497]","[3.2084042042022904, 2.9819778490464888, 1.7717542687975225, 1.2286085718834483]",CONVERGENCE: RELATIVE REDUCTION OF F <= FACTR*EPSMCH,ideal-statevector optimizer robustness under equal objective-evaluation cap; not hardware runtime,0.1638289369987172,0.10992468298456898,0.03578234207379877,True,0.7604906470916826,True,0.5338853718306198,True,0.30789647793854424
n12_d25_s17,12,0.25,17,2,3,COBYLA,128,128,1.0,False,evaluation_budget_exhausted,-1,0.5798655730000064,49.2742851043316,0.608324507460884,0.0020784390155774725,"[0.5381495885689892, 1.4879242956303682, 2.517277973401507, 1.8289159756986941]","[0.6167342392615683, 1.5030365460558286, 2.262745342597856, 1.9286091212067722]",Return from COBYLA because the objective function has been evaluated MAXFUN times.,ideal-statevector optimizer robustness under equal objective-evaluation cap; not hardware runtime,0.01125699233477559,0.005390483723699568,0.0020784390155774725,True,0.358013086069231,True,0.1556647941975962,True,0.03548646658764304
n12_d25_s17,12,0.25,17,2,3,L-BFGS-B,128,128,1.0,False,evaluation_budget_exhausted,-1,0.1835067590000108,50.324979200795696,0.6212960395159962,0.0002799976985379891,"[0.5381495885689892, 1.4879242956303682, 2.517277973401507, 1.8289159756986941]","[0.6317642067438481, 1.518043145384736, 1.8853809633863268, 2.0237643421878766]",strict objective-evaluation cap 128 reached,ideal-statevector optimizer robustness under equal objective-evaluation cap; not hardware runtime,0.015855684118492974,0.0036205754447531774,0.0002799976985379891,True,0.3672361181112621,True,0.1740546395478612,True,0.04667483634642361
n12_d25_s17,12,0.25,17,2,4,COBYLA,128,128,1.0,False,evaluation_budget_exhausted,-1,0.6209671990000061,51.132280111379124,0.6312627174244336,0.0018569636112651675,"[5.925396266378301, 3.212765766999291, 3.0669600539645994, 0.25395385881583277]","[5.355866466393144, 3.10774285776963, 2.9117739930586404, 0.44096023643060805]",Return from COBYLA because the objective function has been evaluated MAXFUN times.,ideal-statevector optimizer robustness under equal objective-evaluation cap; not hardware runtime,0.015085034777081889,0.005383635563621662,0.0018569636112651675,True,0.396921970190878,True,0.17019853575882754,True,0.05391715867654371
n12_d25_s17,12,0.25,17,2,4,L-BFGS-B,128,128,1.0,False,evaluation_budget_exhausted,-1,0.18937553399996432,48.87573451981481,0.603404129874257,0.002761819232767154,"[5.925396266378301, 3.212765766999291, 3.0669600539645994, 0.25395385881583277]","[5.799271580479012, 3.4032992755796303, 2.7203727372046163, 0.1369501610692102]",strict objective-evaluation cap 128 reached,ideal-statevector optimizer robustness under equal objective-evaluation cap; not hardware runtime,0.023125193599969555,0.0040744948800607115,0.002761819232767154,True,0.31445287110222575,True,0.13809641375122333,True,0.04438649402577438
n12_d25_s17,12,0.25,17,3,0,COBYLA,128,128,1.0,False,evaluation_budget_exhausted,-1,0.4503560969999967,59.014009900983176,0.7285680234689281,0.018374331852971913,"[4.002148315014479, 1.6951199159934145, 0.25744424357926954, 0.05192309835763666, 2.5549638088547897, 2.867506216098801]","[4.478509252284704, 1.7133229788890145, 0.3293223552282456, 0.03816555621709141, 2.7089136358834365, 3.0510898960761743]",Return from COBYLA because the objective function has been evaluated MAXFUN times.,ideal-statevector optimizer robustness under equal objective-evaluation cap; not hardware runtime,0.12429925570599555,0.07006974011836826,0.018374331852971913,True,0.6882572586660491,True,0.4462689379667708,True,0.24393928941869716
n12_d25_s17,12,0.25,17,3,0,L-BFGS-B,128,128,1.0,False,evaluation_budget_exhausted,-1,0.48240756000001284,49.2841926017372,0.6084468222436692,0.0033603981443112605,"[4.002148315014479, 1.6951199159934145, 0.25744424357926954, 0.05192309835763666, 2.5549638088547897, 2.867506216098801]","[5.344797489769561, 4.2510681442425415, 1.3433635851046868, 0.589968398139182, 1.015791671379866, 2.718954793404953]",strict objective-evaluation cap 128 reached,ideal-statevector optimizer robustness under equal objective-evaluation cap; not hardware runtime,0.02218902762967112,0.014946148977114358,0.0033603981443112605,True,0.3464069851674412,True,0.17736415217704826,True,0.05943441685472549
n12_d25_s17,12,0.25,17,3,1,COBYLA,128,128,1.0,False,evaluation_budget_exhausted,-1,0.7373479880000104,49.74857469588122,0.6141799345170521,0.0037491800980390204,"[3.2158701122134374, 5.971939531762716, 0.9057815605287021, 2.980270133958384, 0.9796473987943792, 1.329919262162498]","[4.166709902079382, 5.985982861598246, 0.8381050270988234, 2.938436019133434, 0.8852695934372691, 1.1526390604363959]",Return from COBYLA because the objective function has been evaluated MAXFUN times.,ideal-statevector optimizer robustness under equal objective-evaluation cap; not hardware runtime,0.03093841782689779,0.009582922284646606,0.0037491800980390204,True,0.3775147483406357,True,0.13120495414361408,True,0.056385826403814385
n12_d25_s17,12,0.25,17,3,1,L-BFGS-B,128,128,1.0,False,evaluation_budget_exhausted,-1,0.495182098999976,58.487693768931095,0.7220702934435937,0.027404348261585856,"[3.2158701122134374, 5.971939531762716, 0.9057815605287021, 2.980270133958384, 0.9796473987943792, 1.329919262162498]","[6.182810644351943, 5.28420829657649, 6.13018740431449, 2.677675018194811, 0.0, 3.141592653589793]",strict objective-evaluation cap 128 reached,ideal-statevector optimizer robustness under equal objective-evaluation cap; not hardware runtime,0.12712334591588748,0.08325258822153937,0.027404348261585856,True,0.6787498083125487,True,0.45942413599271936,True,0.24777466399534484
n12_d25_s17,12,0.25,17,3,2,COBYLA,128,128,1.0,False,evaluation_budget_exhausted,-1,0.4622984449999876,53.31928895658751,0.6582628266245372,0.020698987288653093,"[1.6437575180951982, 1.8754751666228542, 5.115931210029399, 0.28876244855940497, 1.8852714037890694, 2.2888403987274435]","[1.2427950854030663, 1.6939491727585103, 5.744625817281418, 1.1017534800916935, 1.6862173485709746, 2.9385336655208683]",Return from COBYLA because the objective function has been evaluated MAXFUN times.,ideal-statevector optimizer robustness under equal objective-evaluation cap; not hardware runtime,0.056024695487554024,0.04744165246951618,0.020698987288653093,True,0.4553221000390726,True,0.2711934266539451,True,0.13050069779159185
n12_d25_s17,12,0.25,17,3,2,L-BFGS-B,128,128,1.0,False,evaluation_budget_exhausted,-1,0.449477762000015,48.19867511179239,0.5950453717505233,0.00792794308116013,"[1.6437575180951982, 1.8754751666228542, 5.115931210029399, 0.28876244855940497, 1.8852714037890694, 2.2888403987274435]","[2.577287051141748, 2.269612968113366, 6.192386499056092, 0.17676063538721876, 1.739581230283011, 1.2336760139102902]",strict objective-evaluation cap 128 reached,ideal-statevector optimizer robustness under equal objective-evaluation cap; not hardware runtime,0.0345485527811139,0.02278063288668367,0.00792794308116013,True,0.31216521142219333,True,0.1490710636046637,True,0.0645849438842935
n12_d25_s17,12,0.25,17,3,3,COBYLA,128,128,1.0,False,evaluation_budget_exhausted,-1,0.7617105729999594,52.27389916171802,0.6453567797742965,0.022342454962171725,"[0.5381495885689892, 1.4879242956303682, 5.034555946803014, 1.8289159756986941, 0.29571385095481995, 1.3607084135187315]","[1.066114736172824, 1.4758514840022086, 4.987638877093577, 1.736312463006326, 0.11843089924094018, 1.2346013750045177]",Return from COBYLA because the objective function has been evaluated MAXFUN times.,ideal-statevector optimizer robustness under equal objective-evaluation cap; not hardware runtime,0.05703332455418492,0.0487449694002768,0.022342454962171725,True,0.43725591312892087,True,0.2446989925994707,True,0.1163993910346923
n12_d25_s17,12,0.25,17,3,3,L-BFGS-B,128,128,1.0,False,evaluation_budget_exhausted,-1,0.49628721400000586,50.772374426214945,0.6268194373606784,0.0019085432407793565,"[0.5381495885689892, 1.4879242956303682, 5.034555946803014, 1.8289159756986941, 0.29571385095481995, 1.3607084135187315]","[0.5397370861325935, 1.562012572814779, 5.07059605608176, 2.114931947395087, 0.4431795967474846, 1.4074740918404556]",strict objective-evaluation cap 128 reached,ideal-statevector optimizer robustness under equal objective-evaluation cap; not hardware runtime,0.0168270225928921,0.005731652002423227,0.0019085432407793565,True,0.3688083691803663,True,0.17825167927226077,True,0.057971705902863345
n12_d25_s17,12,0.25,17,3,4,COBYLA,128,128,1.0,False,evaluation_budget_exhausted,-1,0.43405575299999555,50.14341282794726,0.6190544793573736,0.0029850457594002644,"[5.925396266378301, 3.212765766999291, 6.133920107929199, 0.25395385881583277, 1.9080646199105018, 1.1827674876547531]","[5.88825230910562, 3.172124270732868, 6.177511934295762, 0.2246346636891531, 1.8563253672353415, 1.1938690689276827]",Return from COBYLA because the objective function has been evaluated MAXFUN times.,ideal-statevector optimizer robustness under equal objective-evaluation cap; not hardware runtime,0.04105535111942857,0.019568311840812355,0.0029850457594002644,True,0.3563927997695975,True,0.1560079653827752,True,0.06461693958651996
n12_d25_s17,12,0.25,17,3,4,L-BFGS-B,128,128,1.0,False,evaluation_budget_exhausted,-1,0.46205143500003487,59.57542414507992,0.7354990635195052,0.022772336750667296,"[5.925396266378301, 3.212765766999291, 6.133920107929199, 0.25395385881583277, 1.9080646199105018, 1.1827674876547531]","[4.025052224522247, 2.163775076785916, 3.9697565178023475, 0.034947681819423926, 1.1823601240757775, 1.5643563480026947]",strict objective-evaluation cap 128 reached,ideal-statevector optimizer robustness under equal objective-evaluation cap; not hardware runtime,0.11757858846419741,0.07297326613071974,0.022772336750667296,True,0.71746875256097,True,0.4720761624914047,True,0.2450867370955474
n12_d25_s42,12,0.25,42,1,0,COBYLA,128,94,0.734375,True,optimizer_converged,-1,0.2956360600000494,47.21516979303574,0.7615349966618667,0.015449970795231749,"[4.002148315014479, 0.8475599579967072]","[6.154374015796744, 1.180455471591509]",Return from COBYLA because the trust region radius reaches its lower bound.,ideal-statevector optimizer robustness under equal objective-evaluation cap; not hardware runtime,0.13565125044250495,0.0594168203691784,0.015449970795231749,True,0.8147406764115193,True,0.6327934893956747,True,0.3887767083236186
n12_d25_s42,12,0.25,42,1,0,L-BFGS-B,128,9,0.0703125,True,optimizer_converged,2,0.010829446000002463,32.500000000000384,0.524193548387103,0.0004882812500000572,"[4.002148315014479, 0.8475599579967072]","[1e-08, 4.9682443590393174e-08]",CONVERGENCE: RELATIVE REDUCTION OF F <= FACTR*EPSMCH,ideal-statevector optimizer robustness under equal objective-evaluation cap; not hardware runtime,0.007324218750000737,0.0024414062500002693,0.0004882812500000572,True,0.21191406250001127,True,0.09521484375000652,True,0.03417968750000287
n12_d25_s42,12,0.25,42,1,1,COBYLA,128,128,1.0,False,evaluation_budget_exhausted,-1,0.46176502000002984,36.52804211713102,0.5891619696311455,6.334605217207513e-05,"[3.2158701122134374, 2.985969765881358]","[4.6251742721800975, 2.763090763647818]",Return from COBYLA because the objective function has been evaluated MAXFUN times.,ideal-statevector optimizer robustness under equal objective-evaluation cap; not hardware runtime,0.03671217404235395,0.014432849691053653,6.334605217207513e-05,True,0.34549453622266824,True,0.18604912967900053,True,0.09968359901983588
n12_d25_s42,12,0.25,42,1,1,L-BFGS-B,128,12,0.09375,True,optimizer_converged,2,0.012691743000004863,32.50000000000001,0.5241935483870969,0.0004882812500000004,"[3.2158701122134374, 2.985969765881358]","[0.0, 3.141592643589793]",CONVERGENCE: NORM OF PROJECTED GRADIENT <= PGTOL,ideal-statevector optimizer robustness under equal objective-evaluation cap; not hardware runtime,0.007324218750000005,0.0024414062500000017,0.0004882812500000004,True,0.2119140625000001,True,0.09521484375000006,True,0.03417968750000003
n12_d25_s42,12,0.25,42,1,2,COBYLA,128,100,0.78125,True,optimizer_converged,-1,0.32127680700000383,35.52176281320425,0.5729316582774878,0.0004600826843601842,"[1.6437575180951982, 0.9377375833114271]","[1.9002154545864156, 1.1050342498874994]",Return from COBYLA because the trust region radius reaches its lower bound.,ideal-statevector optimizer robustness under equal objective-evaluation cap; not hardware runtime,0.01737941412622615,0.0030572591574231237,0.0004600826843601842,True,0.3044260172105717,True,0.15968455042836832,True,0.056711519139708885
n12_d25_s42,12,0.25,42,1,2,L-BFGS-B,128,12,0.09375,True,optimizer_converged,2,0.012547715999971842,32.50000000000041,0.5241935483871034,0.0004882812500000638,"[1.6437575180951982, 0.9377375833114271]","[1e-08, 5.5576185833281854e-08]",CONVERGENCE: RELATIVE REDUCTION OF F <= FACTR*EPSMCH,ideal-statevector optimizer robustness under equal objective-evaluation cap; not hardware runtime,0.00732421875000082,0.0024414062500002992,0.0004882812500000638,True,0.21191406250001252,True,0.09521484375000724,True,0.0341796875000032
n12_d25_s42,12,0.25,42,1,3,COBYLA,128,128,1.0,False,evaluation_budget_exhausted,-1,0.4213918469999953,33.25829058970704,0.5364240417694683,0.00015371645126519793,"[0.5381495885689892, 0.7439621478151841]","[0.40637799321751317, 1.1981736008829789]",Return from COBYLA because the objective function has been evaluated MAXFUN times.,ideal-statevector optimizer robustness under equal objective-evaluation cap; not hardware runtime,0.0036008794720745916,0.00034904213058198266,0.00015371645126519793,True,0.23232742153726013,True,0.10315192263367032,True,0.032388201643963034
n12_d25_s42,12,0.25,42,1,3,L-BFGS-B,128,39,0.3046875,True,optimizer_converged,8,0.055711509999980535,34.57270472958935,0.5576242698320862,0.0006801235960560169,"[0.5381495885689892, 0.7439621478151841]","[2.438588967910709, 0.3705365560178938]",CONVERGENCE: RELATIVE REDUCTION OF F <= FACTR*EPSMCH,ideal-statevector optimizer robustness under equal objective-evaluation cap; not hardware runtime,0.008090165482981573,0.004462860809871047,0.0006801235960560169,True,0.26108028345688095,True,0.11319285459548034,True,0.036752388506722
n12_d25_s42,12,0.25,42,1,4,COBYLA,128,21,0.1640625,True,optimizer_converged,-1,0.10178000400003384,44.6569942327415,0.7202741005280887,0.015697893365621704,"[5.925396266378301, 1.6063828834996454]","[6.425396266378301, 2.1063828834996454]",Return from COBYLA because the trust region radius reaches its lower bound.,ideal-statevector optimizer robustness under equal objective-evaluation cap; not hardware runtime,0.12535889617486007,0.058139863173505314,0.015697893365621704,True,0.679538482891,True,0.5407303082723651,True,0.3423974941477742
n12_d25_s42,12,0.25,42,1,4,L-BFGS-B,128,66,0.515625,True,optimizer_converged,11,0.06698917700003904,34.0900440664757,0.5498394204270274,6.726126747767272e-06,"[5.925396266378301, 1.6063828834996454]","[5.556480483334589, 1.9530962744105167]",CONVERGENCE: RELATIVE REDUCTION OF F <= FACTR*EPSMCH,ideal-statevector optimizer robustness under equal objective-evaluation cap; not hardware runtime,0.007446687226446421,0.0015284390775951685,6.726126747767272e-06,True,0.24480369109965358,True,0.10094252329675751,True,0.03665469728889488
n12_d25_s42,12,0.25,42,2,0,COBYLA,128,128,1.0,False,evaluation_budget_exhausted,-1,0.627875481999979,36.626928037429565,0.5907569038295091,0.00014243902127751963,"[4.002148315014479, 1.6951199159934145, 0.12872212178963477, 0.05192309835763666]","[4.028131744636793, 1.7901938805865196, 0.39597219915144594, -0.00025000000000000006]",Return from COBYLA because the objective function has been evaluated MAXFUN times.,ideal-statevector optimizer robustness under equal objective-evaluation cap; not hardware runtime,0.007487619194339453,0.001426927477929366,0.00014243902127751963,True,0.33444682273562937,True,0.12518256225915345,True,0.04475896504230495
n12_d25_s42,12,0.25,42,2,0,L-BFGS-B,128,105,0.8203125,True,optimizer_converged,16,0.15516022999997858,36.85833523498299,0.5944892779835966,0.0005100051542051834,"[4.002148315014479, 1.6951199159934145, 0.12872212178963477, 0.05192309835763666]","[4.416992471263536, 1.4725065345881427, 0.5102403440862084, 0.36006164748433767]",CONVERGENCE: RELATIVE REDUCTION OF F <= FACTR*EPSMCH,ideal-statevector optimizer robustness under equal objective-evaluation cap; not hardware runtime,0.013540409528152542,0.005399355024767039,0.0005100051542051834,True,0.36530023245079407,True,0.17922288992459934,True,0.08308653757839177
n12_d25_s42,12,0.25,42,2,1,COBYLA,128,84,0.65625,True,optimizer_converged,-1,0.25297365599999466,40.933303627709336,0.6602145746404732,0.0018543042923890322,"[3.2158701122134374, 5.971939531762716, 0.45289078026435103, 2.980270133958384]","[3.2158701122134374, 5.971939531762716, 0.45289078026435103, 3.480270133958384]",Return from COBYLA because the trust region radius reaches its lower bound.,ideal-statevector optimizer robustness under equal objective-evaluation cap; not hardware runtime,0.0538916028386606,0.010652498390868487,0.0018543042923890322,True,0.5248286904808199,True,0.3136412450217346,True,0.15431585663653477
n12_d25_s42,12,0.25,42,2,1,L-BFGS-B,128,128,1.0,False,evaluation_budget_exhausted,-1,0.32998452200001793,41.66906317425669,0.6720816641009144,0.0007668171395632424,"[3.2158701122134374, 5.971939531762716, 0.45289078026435103, 2.980270133958384]","[3.2168891356421567, 6.114933733169469, 0.2717791601079761, 2.916013834503907]",strict objective-evaluation cap 128 reached,ideal-statevector optimizer robustness under equal objective-evaluation cap; not hardware runtime,0.017722181044428048,0.004838285284348001,0.0007668171395632424,True,0.5659540647772519,True,0.33393581926432214,True,0.11495331582320777
n12_d25_s42,12,0.25,42,2,2,COBYLA,128,128,1.0,False,evaluation_budget_exhausted,-1,0.609908264000012,37.250411817767414,0.6008130938349583,5.747530187762153e-05,"[1.6437575180951982, 1.8754751666228542, 2.5579656050146995, 0.28876244855940497]","[2.23213568229519, 1.8121640798897078, 2.936456495953667, 0.2997546322028751]",Return from COBYLA because the objective function has been evaluated MAXFUN times.,ideal-statevector optimizer robustness under equal objective-evaluation cap; not hardware runtime,0.004778641409937046,0.0015513292602172058,5.747530187762153e-05,True,0.3543039163731002,True,0.13200217604338432,True,0.03726988630987029
n12_d25_s42,12,0.25,42,2,2,L-BFGS-B,128,15,0.1171875,True,optimizer_converged,2,0.05411901300004729,32.500000000001364,0.5241935483871187,0.0004882812500001984,"[1.6437575180951982, 1.8754751666228542, 2.5579656050146995, 0.28876244855940497]","[6.283185307179586, 6.283185297179586, 1.4300906168535118e-07, 3.141592482118637]",CONVERGENCE: RELATIVE REDUCTION OF F <= FACTR*EPSMCH,ideal-statevector optimizer robustness under equal objective-evaluation cap; not hardware runtime,0.00732421875000255,0.002441406250000931,0.0004882812500001984,True,0.21191406250003914,True,0.09521484375002263,True,0.034179687500009964
n12_d25_s42,12,0.25,42,2,3,COBYLA,128,128,1.0,False,evaluation_budget_exhausted,-1,0.5770679469999891,37.17880790048373,0.5996581919432861,0.0013428095831629914,"[0.5381495885689892, 1.4879242956303682, 2.517277973401507, 1.8289159756986941]","[1.0336319682949293, 1.4210523847835994, 2.5862404456650863, 1.9829887700764879]",Return from COBYLA because the objective function has been evaluated MAXFUN times.,ideal-statevector optimizer robustness under equal objective-evaluation cap; not hardware runtime,0.020266522965740892,0.009447552128648413,0.0013428095831629914,True,0.3581777938856293,True,0.15969740176503286,True,0.06460626223096266
n12_d25_s42,12,0.25,42,2,3,L-BFGS-B,128,20,0.15625,True,optimizer_converged,2,0.058453461999988576,32.500000000000014,0.524193548387097,0.0004882812500000009,"[0.5381495885689892, 1.4879242956303682, 2.517277973401507, 1.8289159756986941]","[6.283185307179586, 6.283185307179586, 4.5767316912200046e-08, 3.451624520660242e-08]",CONVERGENCE: RELATIVE REDUCTION OF F <= FACTR*EPSMCH,ideal-statevector optimizer robustness under equal objective-evaluation cap; not hardware runtime,0.00732421875000001,0.0024414062500000043,0.0004882812500000009,True,0.2119140625000004,True,0.09521484375000017,True,0.034179687500000056
n12_d25_s42,12,0.25,42,2,4,COBYLA,128,128,1.0,False,evaluation_budget_exhausted,-1,0.5977249880000386,47.264815644092224,0.7623357361950359,0.015380068056967485,"[5.925396266378301, 3.212765766999291, 3.0669600539645994, 0.25395385881583277]","[6.154422102754658, 3.1491670023105445, 2.7357336218385924, 0.028519706294042307]",Return from COBYLA because the objective function has been evaluated MAXFUN times.,ideal-statevector optimizer robustness under equal objective-evaluation cap; not hardware runtime,0.13574081778555988,0.05934682663093876,0.015380068056967485,True,0.8173090598830812,True,0.6342849342875377,True,0.38938504760477505
n12_d25_s42,12,0.25,42,2,4,L-BFGS-B,128,128,1.0,False,evaluation_budget_exhausted,-1,0.19119924500000707,47.44793853464394,0.7652893312039345,0.01600692720431442,"[5.925396266378301, 3.212765766999291, 3.0669600539645994, 0.25395385881583277]","[3.8897512939436316, 2.262330487653785, 3.0783155716642936, 1.1798321313220446]",strict objective-evaluation cap 128 reached,ideal-statevector optimizer robustness under equal objective-evaluation cap; not hardware runtime,0.14479261704128374,0.06840261492204908,0.01600692720431442,True,0.8206653062579168,True,0.6449253335319983,True,0.4098657455980679
n12_d25_s42,12,0.25,42,3,0,COBYLA,128,128,1.0,False,evaluation_budget_exhausted,-1,0.7875172679999878,47.10355756575991,0.7597347994477405,0.017409010521471726,"[4.002148315014479, 1.6951199159934145, 0.25744424357926954, 0.05192309835763666, 2.5549638088547897, 2.867506216098801]","[4.129892503582906, 1.6147611973202942, 0.4117009039534259, 0.012510422981645336, 3.0189241840967904, 2.780116485996003]",Return from COBYLA because the objective function has been evaluated MAXFUN times.,ideal-statevector optimizer robustness under equal objective-evaluation cap; not hardware runtime,0.1369262592279425,0.062142665740354784,0.017409010521471726,True,0.8063173215018566,True,0.6185633266867528,True,0.371048548509733
n12_d25_s42,12,0.25,42,3,0,L-BFGS-B,128,128,1.0,False,evaluation_budget_exhausted,-1,0.2856238559999724,48.62372883439892,0.7842536908774019,0.019280159772328734,"[4.002148315014479, 1.6951199159934145, 0.25744424357926954, 0.05192309835763666, 2.5549638088547897, 2.867506216098801]","[5.300094702825307, 4.026856807628842, 3.3709038873821617, 0.017653200376391964, 2.977711465491505, 1.9175888728965425]",strict objective-evaluation cap 128 reached,ideal-statevector optimizer robustness under equal objective-evaluation cap; not hardware runtime,0.17360146490089384,0.07939256690877279,0.019280159772328734,True,0.8632652563154559,True,0.7163409050905216,True,0.4694530382439942
n12_d25_s42,12,0.25,42,3,1,COBYLA,128,128,1.0,False,evaluation_budget_exhausted,-1,0.7443938709999998,39.37907428505089,0.6351463594363047,0.0011918816760006813,"[3.2158701122134374, 5.971939531762716, 0.9057815605287021, 2.980270133958384, 0.9796473987943792, 1.329919262162498]","[3.838453293502296, 5.97623693005608, 0.8023364081345773, 2.9042358008680162, 1.2739461197023694, 1.8438518392219956]",Return from COBYLA because the objective function has been evaluated MAXFUN times.,ideal-statevector optimizer robustness under equal objective-evaluation cap; not hardware runtime,0.04655016679906246,0.006060964691253063,0.0011918816760006813,True,0.45656999415813293,True,0.28056899375160277,True,0.11890043439014644
n12_d25_s42,12,0.25,42,3,1,L-BFGS-B,128,28,0.21875,True,optimizer_converged,2,0.04671943199997486,32.49999999999989,0.5241935483870951,0.00048828124999993083,"[3.2158701122134374, 5.971939531762716, 0.9057815605287021, 2.980270133958384, 0.9796473987943792, 1.329919262162498]","[6.283185307179586, 6.283185307179586, 6.283185307179586, 3.141591542030933, 1.1115588534963918e-06, 0.6083908207797629]",CONVERGENCE: RELATIVE REDUCTION OF F <= FACTR*EPSMCH,ideal-statevector optimizer robustness under equal objective-evaluation cap; not hardware runtime,0.007324218749999563,0.002441406249999812,0.00048828124999993083,True,0.21191406249999603,True,0.09521484374999786,True,0.03417968749999921
n12_d25_s42,12,0.25,42,3,2,COBYLA,128,128,1.0,False,evaluation_budget_exhausted,-1,0.7153299720000064,38.273567405823826,0.6173156033197391,0.0009450710189107899,"[1.6437575180951982, 1.8754751666228542, 5.115931210029399, 0.28876244855940497, 1.8852714037890694, 2.2888403987274435]","[1.6868346726092704, 1.980841398303166, 5.025818644553362, 0.3700292318764587, 1.8084552118639483, 1.9772590381408208]",Return from COBYLA because the objective function has been evaluated MAXFUN times.,ideal-statevector optimizer robustness under equal objective-evaluation cap; not hardware runtime,0.02589739896260526,0.014086583579182495,0.0009450710189107899,True,0.4202074149129231,True,0.23909087767750264,True,0.10332295552611409
n12_d25_s42,12,0.25,42,3,2,L-BFGS-B,128,128,1.0,False,evaluation_budget_exhausted,-1,0.3024230170000237,38.485827285911675,0.620739149772769,0.00114986239378668,"[1.6437575180951982, 1.8754751666228542, 5.115931210029399, 0.28876244855940497, 1.8852714037890694, 2.2888403987274435]","[1.6883212606638445, 1.989646406616444, 5.006927274624123, 0.39446624392156204, 1.758164630801578, 1.8928735552597533]",strict objective-evaluation cap 128 reached,ideal-statevector optimizer robustness under equal objective-evaluation cap; not hardware runtime,0.038409778315200475,0.019099119751685174,0.00114986239378668,True,0.4235736215278906,True,0.24928133650035966,True,0.1178862551301895
n12_d25_s42,12,0.25,42,3,3,COBYLA,128,128,1.0,False,evaluation_budget_exhausted,-1,0.7810334889999808,38.59781634693105,0.6225454249505008,0.0002257606766471594,"[0.5381495885689892, 1.4879242956303682, 5.034555946803014, 1.8289159756986941, 0.29571385095481995, 1.3607084135187315]","[0.6531774560249213, 2.0085373099708757, 4.81612807636035, 2.311357690292645, 0.2813264448394558, 1.3634104536477902]",Return from COBYLA because the objective function has been evaluated MAXFUN times.,ideal-statevector optimizer robustness under equal objective-evaluation cap; not hardware runtime,0.032420823014317215,0.004205912620158524,0.0002257606766471594,True,0.44132142527529183,True,0.2365419129302006,True,0.0911496716970115
n12_d25_s42,12,0.25,42,3,3,L-BFGS-B,128,35,0.2734375,True,optimizer_converged,2,0.12129858800000193,32.50000000000006,0.5241935483870976,0.0004882812500000063,"[0.5381495885689892, 1.4879242956303682, 5.034555946803014, 1.8289159756986941, 0.29571385095481995, 1.3607084135187315]","[0.0, 1e-08, 0.0, 1.0757591440908834, 2.6837185387794988e-09, 2.8115295096629576e-09]",CONVERGENCE: RELATIVE REDUCTION OF F <= FACTR*EPSMCH,ideal-statevector optimizer robustness under equal objective-evaluation cap; not hardware runtime,0.0073242187500000815,0.0024414062500000295,0.0004882812500000063,True,0.21191406250000125,True,0.09521484375000072,True,0.034179687500000326
n12_d25_s42,12,0.25,42,3,4,COBYLA,128,128,1.0,False,evaluation_budget_exhausted,-1,0.4743054969999889,38.73066172917995,0.6246880924061282,0.0021353453401165403,"[5.925396266378301, 3.212765766999291, 6.133920107929199, 0.25395385881583277, 1.9080646199105018, 1.1827674876547531]","[6.425396266378301, 3.712765766999291, 6.133920107929199, 0.7539538588158328, 1.9080646199105018, 1.1827674876547531]",Return from COBYLA because the objective function has been evaluated MAXFUN times.,ideal-statevector optimizer robustness under equal objective-evaluation cap; not hardware runtime,0.03326412635918447,0.01209620744353308,0.0021353453401165403,True,0.46007367256670806,True,0.2750821858481083,True,0.13463555806309946
n12_d25_s42,12,0.25,42,3,4,L-BFGS-B,128,35,0.2734375,True,optimizer_converged,2,0.07639041400000224,32.500000000001066,0.524193548387114,0.00048828125000016,"[5.925396266378301, 3.212765766999291, 6.133920107929199, 0.25395385881583277, 1.9080646199105018, 1.1827674876547531]","[0.0, 0.0, 6.283185297179586, 3.141592493237769, 3.1415925137483196, 3.1415925150230635]",CONVERGENCE: RELATIVE REDUCTION OF F <= FACTR*EPSMCH,ideal-statevector optimizer robustness under equal objective-evaluation cap; not hardware runtime,0.007324218750002061,0.002441406250000751,0.00048828125000016,True,0.21191406250003153,True,0.09521484375001824,True,0.03417968750000803
n12_d50_s17,12,0.5,17,1,0,COBYLA,128,128,1.0,False,evaluation_budget_exhausted,-1,0.4338511800000333,81.70117152947682,0.6865644666342591,0.00012088880520146743,"[4.002148315014479, 0.8475599579967072]","[4.51530158647997, 1.1618866161508687]",Return from COBYLA because the objective function has been evaluated MAXFUN times.,ideal-statevector optimizer robustness under equal objective-evaluation cap; not hardware runtime,0.027138726834349446,0.002730646889402255,0.00012088880520146743,True,0.12412307423453058,True,0.006830821845906485,False,0.0
n12_d50_s17,12,0.5,17,1,0,L-BFGS-B,128,123,0.9609375,True,optimizer_converged,10,0.1789607410000258,85.66872368845699,0.7199052410794705,0.00025991500281053695,"[4.002148315014479, 0.8475599579967072]","[3.2030013075319146, 1.1046896639308068]",CONVERGENCE: RELATIVE REDUCTION OF F <= FACTR*EPSMCH,ideal-statevector optimizer robustness under equal objective-evaluation cap; not hardware runtime,0.033406404794886185,0.005324879067626545,0.00025991500281053695,True,0.14485066751163284,True,0.011790166714281347,False,0.0
n12_d50_s17,12,0.5,17,1,1,COBYLA,128,128,1.0,False,evaluation_budget_exhausted,-1,0.40178959700000405,85.86427234615198,0.7215485071105209,0.0012913489544831972,"[3.2158701122134374, 2.985969765881358]","[2.993002570032925, 2.655051175086973]",Return from COBYLA because the objective function has been evaluated MAXFUN times.,ideal-statevector optimizer robustness under equal objective-evaluation cap; not hardware runtime,0.047417210111214074,0.010566430368018688,0.0012913489544831972,True,0.16990018738785845,True,0.023202920623956826,False,0.0
n12_d50_s17,12,0.5,17,1,1,L-BFGS-B,128,45,0.3515625,True,optimizer_converged,9,0.056680750999987595,85.6687236884569,0.7199052410794697,0.00025991505886475876,"[3.2158701122134374, 2.985969765881358]","[3.2030012992619388, 2.6754859582646002]",CONVERGENCE: RELATIVE REDUCTION OF F <= FACTR*EPSMCH,ideal-statevector optimizer robustness under equal objective-evaluation cap; not hardware runtime,0.03340640622505364,0.005324879561929964,0.00025991505886475876,True,0.14485066967263283,True,0.011790167579091081,False,0.0
n12_d50_s17,12,0.5,17,1,2,COBYLA,128,128,1.0,False,evaluation_budget_exhausted,-1,0.23728281400002516,81.67633435877914,0.6863557509141105,0.00012120718623236534,"[1.6437575180951982, 0.9377375833114271]","[2.4025731371313848, 0.5417148699131372]",Return from COBYLA because the objective function has been evaluated MAXFUN times.,ideal-statevector optimizer robustness under equal objective-evaluation cap; not hardware runtime,0.023415165175632885,0.004720329527574946,0.00012120718623236534,True,0.11515030222679074,True,0.009432347754268053,False,0.0
n12_d50_s17,12,0.5,17,1,2,L-BFGS-B,128,51,0.3984375,True,optimizer_converged,9,0.08329577300003166,80.97908233179109,0.6804964901831184,0.00012107077913972749,"[1.6437575180951982, 0.9377375833114271]","[1.5960665599179296, 1.1045769658305338]",CONVERGENCE: RELATIVE REDUCTION OF F <= FACTR*EPSMCH,ideal-statevector optimizer robustness under equal objective-evaluation cap; not hardware runtime,0.021073704772674375,0.003097638860927443,0.00012107077913972749,True,0.10324203256584419,True,0.00703270380522316,False,0.0
n12_d50_s17,12,0.5,17,1,3,COBYLA,128,128,1.0,False,evaluation_budget_exhausted,-1,0.43072070900001336,81.73792044539508,0.6868732810537401,0.0008499702420191805,"[0.5381495885689892, 0.7439621478151841]","[0.8210203762180792, 0.8871572072207574]",Return from COBYLA because the objective function has been evaluated MAXFUN times.,ideal-statevector optimizer robustness under equal objective-evaluation cap; not hardware runtime,0.02287767986625539,0.005270843997516902,0.0008499702420191805,True,0.09513495706461025,True,0.011321961455934759,False,0.0
n12_d50_s17,12,0.5,17,1,3,L-BFGS-B,128,66,0.515625,True,optimizer_converged,9,0.11405746600001976,82.76362104521445,0.6954926138253316,0.00036045413461003743,"[0.5381495885689892, 0.7439621478151841]","[0.593180293154503, 1.0922194643783412]",CONVERGENCE: RELATIVE REDUCTION OF F <= FACTR*EPSMCH,ideal-statevector optimizer robustness under equal objective-evaluation cap; not hardware runtime,0.04512442048272495,0.009659307532527773,0.00036045413461003743,True,0.14345516802368763,True,0.01831284237682003,False,0.0
n12_d50_s17,12,0.5,17,1,4,COBYLA,128,19,0.1484375,True,optimizer_converged,-1,0.06088841199999706,86.20810268097364,0.7244378376552406,0.0013448488015482052,"[5.925396266378301, 1.6063828834996454]","[6.300396266378301, 2.1063828834996454]",Return from COBYLA because the trust region radius reaches its lower bound.,ideal-statevector optimizer robustness under equal objective-evaluation cap; not hardware runtime,0.05549644809717582,0.013516297673788959,0.0013448488015482052,True,0.18539178474965456,True,0.025820727371861876,False,0.0
n12_d50_s17,12,0.5,17,1,4,L-BFGS-B,128,72,0.5625,True,optimizer_converged,12,0.1081174529999771,85.66872368845695,0.7199052410794702,0.00025991505890631786,"[5.925396266378301, 1.6063828834996454]","[3.080184007489257, 0.4661066854109021]",CONVERGENCE: RELATIVE REDUCTION OF F <= FACTR*EPSMCH,ideal-statevector optimizer robustness under equal objective-evaluation cap; not hardware runtime,0.03340640620476225,0.0053248795804333865,0.00025991505890631786,True,0.14485066948695935,True,0.011790167608718743,False,0.0
n12_d50_s17,12,0.5,17,2,0,COBYLA,128,128,1.0,False,evaluation_budget_exhausted,-1,0.5637622550000287,82.93949267498405,0.6969705266805383,0.00032903864589920167,"[4.002148315014479, 1.6951199159934145, 0.12872212178963477, 0.05192309835763666]","[3.9775256697058903, 1.714104028367328, 0.1091935706172074, 0.5096469453175168]",Return from COBYLA because the objective function has been evaluated MAXFUN times.,ideal-statevector optimizer robustness under equal objective-evaluation cap; not hardware runtime,0.043667094833157415,0.008883120710766905,0.00032903864589920167,True,0.14162992356167797,True,0.01785497466013165,False,0.0
n12_d50_s17,12,0.5,17,2,0,L-BFGS-B,128,120,0.9375,True,optimizer_converged,18,0.31507729300000165,82.91330962050084,0.6967505010126122,0.000664496543666419,"[4.002148315014479, 1.6951199159934145, 0.12872212178963477, 0.05192309835763666]","[4.320955109607911, 1.3731780084894905, 0.08752454576519263, 0.48063560024307345]",CONVERGENCE: RELATIVE REDUCTION OF F <= FACTR*EPSMCH,ideal-statevector optimizer robustness under equal objective-evaluation cap; not hardware runtime,0.043629391559318366,0.008868096433213082,0.000664496543666419,True,0.1410688879904034,True,0.015888435483422208,False,0.0
n12_d50_s17,12,0.5,17,2,1,COBYLA,128,128,1.0,False,evaluation_budget_exhausted,-1,0.5987937539999848,81.84606251900243,0.6877820379748103,0.0005653088700361071,"[3.2158701122134374, 5.971939531762716, 0.45289078026435103, 2.980270133958384]","[4.151753158687802, 6.070399117218369, 0.2688419108390163, 2.7303938730287665]",Return from COBYLA because the objective function has been evaluated MAXFUN times.,ideal-statevector optimizer robustness under equal objective-evaluation cap; not hardware runtime,0.027546200117088127,0.007983397860423626,0.0005653088700361071,True,0.1217460067330112,True,0.01287379643405665,False,0.0
n12_d50_s17,12,0.5,17,2,1,L-BFGS-B,128,95,0.7421875,True,optimizer_converged,2,0.14117586199995458,80.00000000000219,0.6722689075630436,0.0004882812500001711,"[3.2158701122134374, 5.971939531762716, 0.45289078026435103, 2.980270133958384]","[6.283185297179586, 6.283185307179586, 3.141592582347937, 3.1415926121124196]",CONVERGENCE: RELATIVE REDUCTION OF F <= FACTR*EPSMCH,ideal-statevector optimizer robustness under equal objective-evaluation cap; not hardware runtime,0.024902343750007022,0.0053710937500017234,0.0004882812500001711,True,0.1000976562500223,True,0.010742187500003289,False,0.0
n12_d50_s17,12,0.5,17,2,2,COBYLA,128,128,1.0,False,evaluation_budget_exhausted,-1,0.6108269260000156,82.4858963609632,0.6931587929492705,0.0005666100523695993,"[1.6437575180951982, 1.8754751666228542, 2.5579656050146995, 0.28876244855940497]","[2.393982279947458, 2.4513018378695928, 2.021335046544243, 0.28834193375993233]",Return from COBYLA because the objective function has been evaluated MAXFUN times.,ideal-statevector optimizer robustness under equal objective-evaluation cap; not hardware runtime,0.022259556986026427,0.003545869764210516,0.0005666100523695993,True,0.1283284558153383,True,0.008620934294545787,False,0.0
n12_d50_s17,12,0.5,17,2,2,L-BFGS-B,128,128,1.0,False,evaluation_budget_exhausted,-1,0.18742671500001507,84.37970009942224,0.7090731100791785,0.0004979231246109522,"[1.6437575180951982, 1.8754751666228542, 2.5579656050146995, 0.28876244855940497]","[6.226068792710167, 4.72753184981581, 3.0230488205821513, 0.4455818200629029]",strict objective-evaluation cap 128 reached,ideal-statevector optimizer robustness under equal objective-evaluation cap; not hardware runtime,0.03401848054288621,0.004779929627690561,0.0004979231246109522,True,0.14836760429098056,True,0.012195506978812543,False,0.0
n12_d50_s17,12,0.5,17,2,3,COBYLA,128,128,1.0,False,evaluation_budget_exhausted,-1,0.3500534859999789,99.35886371942873,0.8349484346170482,0.010813534893379701,"[0.5381495885689892, 1.4879242956303682, 2.517277973401507, 1.8289159756986941]","[0.08290231680342147, 3.03348114080809, 1.9363268622688583, 1.3891860334080182]",Return from COBYLA because the objective function has been evaluated MAXFUN times.,ideal-statevector optimizer robustness under equal objective-evaluation cap; not hardware runtime,0.25381906815938393,0.08373724172423304,0.010813534893379701,True,0.5550794605663536,True,0.14156610933218589,False,0.0
n12_d50_s17,12,0.5,17,2,3,L-BFGS-B,128,125,0.9765625,True,optimizer_converged,19,0.34207130799995866,81.39389181199007,0.6839822841343703,0.0010228959923595977,"[0.5381495885689892, 1.4879242956303682, 2.517277973401507, 1.8289159756986941]","[2.435924083360793, 1.2040395268765456, 2.884563230762736, 1.0732930465072792]",CONVERGENCE: RELATIVE REDUCTION OF F <= FACTR*EPSMCH,ideal-statevector optimizer robustness under equal objective-evaluation cap; not hardware runtime,0.0285124697180909,0.006479220555524335,0.0010228959923595977,True,0.09349400251758,True,0.013504029185357645,False,0.0
n12_d50_s17,12,0.5,17,2,4,COBYLA,128,128,1.0,False,evaluation_budget_exhausted,-1,0.537359462999973,98.92387994061286,0.8312931087446459,0.00798161747183917,"[5.925396266378301, 3.212765766999291, 3.0669600539645994, 0.25395385881583277]","[6.20921083770831, 3.6643251592396813, 2.8142891930192238, 0.043343624738422515]",Return from COBYLA because the objective function has been evaluated MAXFUN times.,ideal-statevector optimizer robustness under equal objective-evaluation cap; not hardware runtime,0.2507645985026663,0.08082958649911307,0.00798161747183917,True,0.5401626948851195,True,0.1383510544641778,False,0.0
n12_d50_s17,12,0.5,17,2,4,L-BFGS-B,128,128,1.0,False,evaluation_budget_exhausted,-1,0.33986183300004313,98.87319727615383,0.8308672040012927,0.007637461870712996,"[5.925396266378301, 3.212765766999291, 3.0669600539645994, 0.25395385881583277]","[6.21001438577538, 5.118094883753847, 2.8107066577241575, 1.5973771943718154]",strict objective-evaluation cap 128 reached,ideal-statevector optimizer robustness under equal objective-evaluation cap; not hardware runtime,0.2422653879336374,0.07882791600356451,0.007637461870712996,True,0.5343048482511945,True,0.1360795807106238,False,0.0
n12_d50_s17,12,0.5,17,3,0,COBYLA,128,128,1.0,False,evaluation_budget_exhausted,-1,0.4598318680000375,98.73518782117225,0.8297074606821198,0.00894406613466243,"[4.002148315014479, 1.6951199159934145, 0.25744424357926954, 0.05192309835763666, 2.5549638088547897, 2.867506216098801]","[4.493391845597382, 1.7161447538192989, 0.6680771667664906, 0.006285497718760028, 2.8146948350077827, 3.0854751085753214]",Return from COBYLA because the objective function has been evaluated MAXFUN times.,ideal-statevector optimizer robustness under equal objective-evaluation cap; not hardware runtime,0.23720003743933532,0.07776995035038917,0.00894406613466243,True,0.5298860096829109,True,0.13161118916754855,False,0.0
n12_d50_s17,12,0.5,17,3,0,L-BFGS-B,128,128,1.0,False,evaluation_budget_exhausted,-1,0.49201434999997673,81.77184809935034,0.6871583873894986,0.0002899956037438993,"[4.002148315014479, 1.6951199159934145, 0.25744424357926954, 0.05192309835763666, 2.5549638088547897, 2.867506216098801]","[4.288316424925618, 2.2601027361324837, 0.7683505040361639, 0.0718676148231232, 2.247928263032756, 2.9349531629604217]",strict objective-evaluation cap 128 reached,ideal-statevector optimizer robustness under equal objective-evaluation cap; not hardware runtime,0.036691434799465905,0.008816923158601438,0.0002899956037438993,True,0.12639665071220785,True,0.017246585525863146,False,0.0
n12_d50_s17,12,0.5,17,3,1,COBYLA,128,128,1.0,False,evaluation_budget_exhausted,-1,0.7826473320000105,81.41812697340586,0.6841859409529905,0.00011121862056185882,"[3.2158701122134374, 5.971939531762716, 0.9057815605287021, 2.980270133958384, 0.9796473987943792, 1.329919262162498]","[3.7900191319543888, 5.925456355524954, 1.494802061196658, 3.0517731006589353, 1.040670039943669, 1.2740885465699556]",Return from COBYLA because the objective function has been evaluated MAXFUN times.,ideal-statevector optimizer robustness under equal objective-evaluation cap; not hardware runtime,0.01657712697441455,0.003684454467520175,0.00011121862056185882,True,0.10016674982539049,True,0.007152596058858541,False,0.0
n12_d50_s17,12,0.5,17,3,1,L-BFGS-B,128,128,1.0,False,evaluation_budget_exhausted,-1,0.5068388960000334,89.02567898339728,0.7481149494403133,0.0012473642846086638,"[3.2158701122134374, 5.971939531762716, 0.9057815605287021, 2.980270133958384, 0.9796473987943792, 1.329919262162498]","[3.2018978620907355, 6.068963867878068, 0.9140341524378035, 2.7359177222988684, 1.2786963668408449, 1.5291050042897716]",strict objective-evaluation cap 128 reached,ideal-statevector optimizer robustness under equal objective-evaluation cap; not hardware runtime,0.06279711784976134,0.01233885543947578,0.0012473642846086638,True,0.21958193731675693,True,0.024853545358828003,False,0.0
n12_d50_s17,12,0.5,17,3,2,COBYLA,128,128,1.0,False,evaluation_budget_exhausted,-1,0.4505775920000019,83.21654679100249,0.6992987125294327,0.00014608016560479603,"[1.6437575180951982, 1.8754751666228542, 5.115931210029399, 0.28876244855940497, 1.8852714037890694, 2.2888403987274435]","[1.5037824003924682, 1.6187088438644361, 5.557775683137726, 0.8011720479716188, 1.9305120764969068, 1.87259465747914]",Return from COBYLA because the objective function has been evaluated MAXFUN times.,ideal-statevector optimizer robustness under equal objective-evaluation cap; not hardware runtime,0.03776415983842047,0.00863185705627393,0.00014608016560479603,True,0.1428760006641392,True,0.02033730905629099,False,0.0
n12_d50_s17,12,0.5,17,3,2,L-BFGS-B,128,128,1.0,False,evaluation_budget_exhausted,-1,0.4841875159999631,80.77736258393236,0.6788013662515324,0.0002139562610902859,"[1.6437575180951982, 1.8754751666228542, 5.115931210029399, 0.28876244855940497, 1.8852714037890694, 2.2888403987274435]","[0.10703066020381213, 0.12190817511961534, 4.463351195506051, 0.011139394276949221, 0.15849275728196102, 2.286198825651349]",strict objective-evaluation cap 128 reached,ideal-statevector optimizer robustness under equal objective-evaluation cap; not hardware runtime,0.02625931218337973,0.005300792531687479,0.0002139562610902859,True,0.10574566846219055,True,0.010469855384208502,False,0.0
n12_d50_s17,12,0.5,17,3,3,COBYLA,128,128,1.0,False,evaluation_budget_exhausted,-1,0.7843326679999905,82.12718310890682,0.6901443958731666,0.0008565468828327252,"[0.5381495885689892, 1.4879242956303682, 5.034555946803014, 1.8289159756986941, 0.29571385095481995, 1.3607084135187315]","[0.9688220858438664, 1.4491573924550236, 5.144206048257243, 1.7737339422699792, 0.6576461121733757, 1.7806458852227538]",Return from COBYLA because the objective function has been evaluated MAXFUN times.,ideal-statevector optimizer robustness under equal objective-evaluation cap; not hardware runtime,0.027132937170602583,0.005546062664624003,0.0008565468828327252,True,0.11327462917967294,True,0.010118687124993381,False,0.0
n12_d50_s17,12,0.5,17,3,3,L-BFGS-B,128,128,1.0,False,evaluation_budget_exhausted,-1,0.452710771999989,80.71959474388174,0.6783159222174936,0.00035031563079466804,"[0.5381495885689892, 1.4879242956303682, 5.034555946803014, 1.8289159756986941, 0.29571385095481995, 1.3607084135187315]","[6.048239687754037, 6.283185297179586, 4.578208118740362, 0.043362833902505706, 0.06794456390351213, 2.060637426223131]",strict objective-evaluation cap 128 reached,ideal-statevector optimizer robustness under equal objective-evaluation cap; not hardware runtime,0.032794338021682835,0.0037626278520959612,0.00035031563079466804,True,0.10930385549116457,True,0.012726561767533754,False,0.0
n12_d50_s17,12,0.5,17,3,4,COBYLA,128,128,1.0,False,evaluation_budget_exhausted,-1,0.7487722639999674,88.84069435278832,0.7465604567461204,0.0034869113616993862,"[5.925396266378301, 3.212765766999291, 6.133920107929199, 0.25395385881583277, 1.9080646199105018, 1.1827674876547531]","[6.308185307179587, 3.530382372599028, 6.064311368748894, 0.17463932304192017, 1.748633944908889, 1.7802933040887545]",Return from COBYLA because the objective function has been evaluated MAXFUN times.,ideal-statevector optimizer robustness under equal objective-evaluation cap; not hardware runtime,0.0742576243167358,0.02132377804981695,0.0034869113616993862,True,0.24194268862331036,True,0.03606957111449352,False,0.0
n12_d50_s17,12,0.5,17,3,4,L-BFGS-B,128,128,1.0,False,evaluation_budget_exhausted,-1,0.2850975519999679,85.48152590963221,0.718332150501111,3.376368900256649e-05,"[5.925396266378301, 3.212765766999291, 6.133920107929199, 0.25395385881583277, 1.9080646199105018, 1.1827674876547531]","[5.851570065252233, 3.440871077741375, 6.011393645805733, 0.3111391368336053, 1.4974332707039102, 0.9346742995305574]",strict objective-evaluation cap 128 reached,ideal-statevector optimizer robustness under equal objective-evaluation cap; not hardware runtime,0.06304409202964975,0.006772136624576569,3.376368900256649e-05,True,0.17647831193172436,True,0.019884693459464396,False,0.0
n12_d50_s42,12,0.5,42,1,0,COBYLA,128,128,1.0,False,evaluation_budget_exhausted,-1,0.39095193899999003,79.05816279706022,0.617641896852033,0.0005397388557164866,"[4.002148315014479, 0.8475599579967072]","[3.7896324617448123, 0.4217805702367115]",Return from COBYLA because the objective function has been evaluated MAXFUN times.,ideal-statevector optimizer robustness under equal objective-evaluation cap; not hardware runtime,0.005223945895435779,0.0010168830901534376,0.0005397388557164866,True,0.07634899008165727,True,0.015253681017168522,True,0.001082367087390402
n12_d50_s42,12,0.5,42,1,0,L-BFGS-B,128,69,0.5390625,True,optimizer_converged,9,0.10293791099996952,80.2689458710177,0.6271011396173258,0.00047984811795682107,"[4.002148315014479, 0.8475599579967072]","[2.692706992908853, 0.5003349149655928]",CONVERGENCE: RELATIVE REDUCTION OF F <= FACTR*EPSMCH,ideal-statevector optimizer robustness under equal objective-evaluation cap; not hardware runtime,0.009732330767568867,0.003308426616810438,0.00047984811795682107,True,0.0984044882891619,True,0.018144932224032163,True,0.003340278002412202
n12_d50_s42,12,0.5,42,1,1,COBYLA,128,128,1.0,False,evaluation_budget_exhausted,-1,0.4063896530000193,80.42827420371253,0.6283458922165042,0.00029585213992603526,"[3.2158701122134374, 2.985969765881358]","[3.265106658920548, 2.2294050882338925]",Return from COBYLA because the objective function has been evaluated MAXFUN times.,ideal-statevector optimizer robustness under equal objective-evaluation cap; not hardware runtime,0.004714002614945273,0.0015145771326343913,0.00029585213992603526,True,0.08007490713251682,True,0.015224838728682306,True,0.003060193382682004
n12_d50_s42,12,0.5,42,1,1,L-BFGS-B,128,51,0.3984375,True,optimizer_converged,6,0.0794324660000143,81.19595943194159,0.6343434330620437,0.0008023942544698934,"[3.2158701122134374, 2.985969765881358]","[2.8164111534933407, 2.7055204099515326]",CONVERGENCE: RELATIVE REDUCTION OF F <= FACTR*EPSMCH,ideal-statevector optimizer robustness under equal objective-evaluation cap; not hardware runtime,0.007353251257319596,0.00222719376334385,0.0008023942544698934,True,0.12701103021488985,True,0.026004932265494052,True,0.00223424788339087
n12_d50_s42,12,0.5,42,1,2,COBYLA,128,89,0.6953125,True,optimizer_converged,-1,0.1683067019999953,81.6951303838929,0.6382432061241633,0.000535906221747821,"[1.6437575180951982, 0.9377375833114271]","[1.481288629605138, 1.1494282963068816]",Return from COBYLA because the trust region radius reaches its lower bound.,ideal-statevector optimizer robustness under equal objective-evaluation cap; not hardware runtime,0.01270333212067799,0.003300709472405561,0.000535906221747821,True,0.14239541608540335,True,0.029784761234347833,True,0.0036380593362408576
n12_d50_s42,12,0.5,42,1,2,L-BFGS-B,128,39,0.3046875,True,optimizer_converged,8,0.03117285199999742,81.69513038655423,0.6382432061449549,0.0005359596190404934,"[1.6437575180951982, 0.9377375833114271]","[1.4812893228260593, 1.1494380748490591]",CONVERGENCE: RELATIVE REDUCTION OF F <= FACTR*EPSMCH,ideal-statevector optimizer robustness under equal objective-evaluation cap; not hardware runtime,0.012702851278807638,0.0033006925217685603,0.0005359596190404934,True,0.1423953503567063,True,0.02978436021273412,True,0.0036380216512245816
n12_d50_s42,12,0.5,42,1,3,COBYLA,128,128,1.0,False,evaluation_budget_exhausted,-1,0.4062793389999797,81.06155186572221,0.6332933739509548,0.0006661628690726916,"[0.5381495885689892, 0.7439621478151841]","[0.5145868281506948, 1.1400702780366427]",Return from COBYLA because the objective function has been evaluated MAXFUN times.,ideal-statevector optimizer robustness under equal objective-evaluation cap; not hardware runtime,0.010057167741632567,0.003968265026865236,0.0006661628690726916,True,0.11968302409398501,True,0.019071063298634814,True,0.0041021353671557865
n12_d50_s42,12,0.5,42,1,3,L-BFGS-B,128,42,0.328125,True,optimizer_converged,8,0.026285420999954567,81.06200918255271,0.6332969467386931,0.0006710216431630594,"[0.5381495885689892, 0.7439621478151841]","[0.5144511201651738, 1.1353885072699825]",CONVERGENCE: RELATIVE REDUCTION OF F <= FACTR*EPSMCH,ideal-statevector optimizer robustness under equal objective-evaluation cap; not hardware runtime,0.010073507984301292,0.003940032433855847,0.0006710216431630594,True,0.11984238989320453,True,0.019110777123184458,True,0.00406977873863479
n12_d50_s42,12,0.5,42,1,4,COBYLA,128,19,0.1484375,True,optimizer_converged,-1,0.06455794200002174,85.88149551730584,0.6709491837289518,0.008157684384489404,"[5.925396266378301, 1.6063828834996454]","[6.425396266378301, 2.1063828834996454]",Return from COBYLA because the trust region radius reaches its lower bound.,ideal-statevector optimizer robustness under equal objective-evaluation cap; not hardware runtime,0.05614344293947329,0.028277352373825542,0.008157684384489404,True,0.2729398582424596,True,0.1069837713513706,True,0.033059829754409964
n12_d50_s42,12,0.5,42,1,4,L-BFGS-B,128,24,0.1875,True,optimizer_converged,2,0.015582421999965845,78.00000000000003,0.6093750000000002,0.0004882812500000007,"[5.925396266378301, 1.6063828834996454]","[6.283185307179586, 2.8095644160359986e-07]",CONVERGENCE: RELATIVE REDUCTION OF F <= FACTR*EPSMCH,ideal-statevector optimizer robustness under equal objective-evaluation cap; not hardware runtime,0.005859375000000008,0.0019531250000000026,0.0004882812500000007,True,0.08593750000000014,True,0.015625000000000024,True,0.0024414062500000035
n12_d50_s42,12,0.5,42,2,0,COBYLA,128,128,1.0,False,evaluation_budget_exhausted,-1,0.32073845999997275,80.69756456810421,0.6304497231883142,0.0001757770901681704,"[4.002148315014479, 1.6951199159934145, 0.12872212178963477, 0.05192309835763666]","[4.047938072630308, 1.7242183983934245, 0.39543601431855013, 0.19820454058780257]",Return from COBYLA because the objective function has been evaluated MAXFUN times.,ideal-statevector optimizer robustness under equal objective-evaluation cap; not hardware runtime,0.007198959244142815,0.0020933673921093104,0.0001757770901681704,True,0.11823569146635513,True,0.021453879414485878,True,0.00249073547968141
n12_d50_s42,12,0.5,42,2,0,L-BFGS-B,128,128,1.0,False,evaluation_budget_exhausted,-1,0.34283311900003355,81.24390053184769,0.63471797290506,0.00041399502478445667,"[4.002148315014479, 1.6951199159934145, 0.12872212178963477, 0.05192309835763666]","[4.050448134487694, 1.7185602995425324, 0.11302756379836079, 0.39462238317038667]",strict objective-evaluation cap 128 reached,ideal-statevector optimizer robustness under equal objective-evaluation cap; not hardware runtime,0.0096319576189279,0.00427402627764714,0.00041399502478445667,True,0.12587403427648047,True,0.019559590295331872,True,0.004296718502820806
n12_d50_s42,12,0.5,42,2,1,COBYLA,128,128,1.0,False,evaluation_budget_exhausted,-1,0.5479515080000397,82.91461228463672,0.6477704084737244,0.0010280543759459428,"[3.2158701122134374, 5.971939531762716, 0.45289078026435103, 2.980270133958384]","[3.2255237498398883, 5.923632273031767, 0.9418933210293958, 2.7692387231189874]",Return from COBYLA because the objective function has been evaluated MAXFUN times.,ideal-statevector optimizer robustness under equal objective-evaluation cap; not hardware runtime,0.009583470523431926,0.002014283180804302,0.0010280543759459428,True,0.14113612968968675,True,0.045604662873685295,True,0.0033692641612982507
n12_d50_s42,12,0.5,42,2,1,L-BFGS-B,128,128,1.0,False,evaluation_budget_exhausted,-1,0.3138859929999853,82.9216302744063,0.6478252365187992,0.001171820724112469,"[3.2158701122134374, 5.971939531762716, 0.45289078026435103, 2.980270133958384]","[3.2259024891865766, 5.920771710092827, 0.9696964455548115, 2.7565507790422066]",strict objective-evaluation cap 128 reached,ideal-statevector optimizer robustness under equal objective-evaluation cap; not hardware runtime,0.009617188561295044,0.001992628896025311,0.001171820724112469,True,0.14289154159160816,True,0.04499177257668585,True,0.00356084071373972
n12_d50_s42,12,0.5,42,2,2,COBYLA,128,128,1.0,False,evaluation_budget_exhausted,-1,0.35819373900000073,82.4002286208624,0.6437517861004876,0.003422259318536552,"[1.6437575180951982, 1.8754751666228542, 2.5579656050146995, 0.28876244855940497]","[1.6688600605904171, 1.7840063617700763, 2.8624054585671237, 0.38286895138284166]",Return from COBYLA because the objective function has been evaluated MAXFUN times.,ideal-statevector optimizer robustness under equal objective-evaluation cap; not hardware runtime,0.015651498921564908,0.005120260800914498,0.003422259318536552,True,0.14671586189782837,True,0.033852064524477754,True,0.006072228331431212
n12_d50_s42,12,0.5,42,2,2,L-BFGS-B,128,70,0.546875,True,optimizer_converged,10,0.18884416399998827,97.1789696548124,0.7592107004282219,0.015503399875050406,"[1.6437575180951982, 1.8754751666228542, 2.5579656050146995, 0.28876244855940497]","[0.0, 0.07846327335123199, 3.09504236999702, 0.3472847423583854]",CONVERGENCE: RELATIVE REDUCTION OF F <= FACTR*EPSMCH,ideal-statevector optimizer robustness under equal objective-evaluation cap; not hardware runtime,0.10818489262179691,0.048193288700157655,0.015503399875050406,True,0.4905824319584965,True,0.20095379641935474,True,0.05857190786135354
n12_d50_s42,12,0.5,42,2,3,COBYLA,128,128,1.0,False,evaluation_budget_exhausted,-1,0.5733832639999719,81.86726890152893,0.6395880382931948,0.0009679862130797168,"[0.5381495885689892, 1.4879242956303682, 2.517277973401507, 1.8289159756986941]","[0.5101018318793781, 1.5986749556298976, 2.8745207037913323, 1.8637615442968751]",Return from COBYLA because the objective function has been evaluated MAXFUN times.,ideal-statevector optimizer robustness under equal objective-evaluation cap; not hardware runtime,0.00995173621732845,0.0027758945241144507,0.0009679862130797168,True,0.12243769619077637,True,0.018015603886750702,True,0.004231433956880693
n12_d50_s42,12,0.5,42,2,3,L-BFGS-B,128,90,0.703125,True,optimizer_converged,14,0.2698482600000034,81.88595178612863,0.6397339983291299,0.0009878551012910877,"[0.5381495885689892, 1.4879242956303682, 2.517277973401507, 1.8289159756986941]","[0.5093639395065124, 1.5983452609261195, 2.8362527363833827, 1.8428702973264426]",CONVERGENCE: RELATIVE REDUCTION OF F <= FACTR*EPSMCH,ideal-statevector optimizer robustness under equal objective-evaluation cap; not hardware runtime,0.010157953651125727,0.003063542650993525,0.0009878551012910877,True,0.12456573850353239,True,0.018426860007620918,True,0.004246854415959047
n12_d50_s42,12,0.5,42,2,4,COBYLA,128,128,1.0,False,evaluation_budget_exhausted,-1,0.5998487830000272,80.9537097699691,0.6324508575778836,0.00034197061049501054,"[5.925396266378301, 3.212765766999291, 3.0669600539645994, 0.25395385881583277]","[5.925364468756218, 3.6003482501623316, 2.9762268493138637, 0.6748317653585432]",Return from COBYLA because the objective function has been evaluated MAXFUN times.,ideal-statevector optimizer robustness under equal objective-evaluation cap; not hardware runtime,0.0053805910027198015,0.0009444974982546009,0.00034197061049501054,True,0.11107735714107225,True,0.020471106651247222,True,0.002645435339217281
n12_d50_s42,12,0.5,42,2,4,L-BFGS-B,128,25,0.1953125,True,optimizer_converged,2,0.05135522199998377,78.00000000000006,0.6093750000000004,0.0004882812500000011,"[5.925396266378301, 3.212765766999291, 3.0669600539645994, 0.25395385881583277]","[6.283185307179586, 6.283185307179586, 1.4009326490723845e-07, 7.520267648577951e-08]",CONVERGENCE: RELATIVE REDUCTION OF F <= FACTR*EPSMCH,ideal-statevector optimizer robustness under equal objective-evaluation cap; not hardware runtime,0.005859375000000013,0.0019531250000000043,0.0004882812500000011,True,0.08593750000000017,True,0.01562500000000003,True,0.002441406250000005
n12_d50_s42,12,0.5,42,3,0,COBYLA,128,128,1.0,False,evaluation_budget_exhausted,-1,0.4331760990000362,96.88065564280845,0.756880122209441,0.014193684365941385,"[4.002148315014479, 1.6951199159934145, 0.25744424357926954, 0.05192309835763666, 2.5549638088547897, 2.867506216098801]","[4.5195266171536845, 1.6870975902250376, 0.7312866879927071, -3.873238064112968e-20, 2.770407513636865, 3.0492691713877567]",Return from COBYLA because the objective function has been evaluated MAXFUN times.,ideal-statevector optimizer robustness under equal objective-evaluation cap; not hardware runtime,0.11967179526787906,0.05176994368609189,0.014193684365941385,True,0.47993829018749234,True,0.2159729179838328,True,0.06481574295105651
n12_d50_s42,12,0.5,42,3,0,L-BFGS-B,128,128,1.0,False,evaluation_budget_exhausted,-1,0.48393392600002016,81.56864181994047,0.6372550142182849,0.0010273711971801032,"[4.002148315014479, 1.6951199159934145, 0.25744424357926954, 0.05192309835763666, 2.5549638088547897, 2.867506216098801]","[4.03301074522383, 1.6121262939155263, 0.25304687719457736, 0.15097838850550266, 2.867093926151983, 2.9234895866064403]",strict objective-evaluation cap 128 reached,ideal-statevector optimizer robustness under equal objective-evaluation cap; not hardware runtime,0.014303845512993275,0.0016348580165228143,0.0010273711971801032,True,0.13113116372200118,True,0.02816049455814555,True,0.0018409773683827598
n12_d50_s42,12,0.5,42,3,1,COBYLA,128,128,1.0,False,evaluation_budget_exhausted,-1,0.7064094499999669,81.70077908902866,0.6382873366330364,0.0006276553575340379,"[3.2158701122134374, 5.971939531762716, 0.9057815605287021, 2.980270133958384, 0.9796473987943792, 1.329919262162498]","[3.1723562721194867, 6.149287997155851, 0.852744007712303, 2.92951239247373, 0.961732441552847, 1.2914958814755215]",Return from COBYLA because the objective function has been evaluated MAXFUN times.,ideal-statevector optimizer robustness under equal objective-evaluation cap; not hardware runtime,0.009726893236436995,0.002307541154749205,0.0006276553575340379,True,0.1105526450212791,True,0.027209931208034215,True,0.0034363007771595856
n12_d50_s42,12,0.5,42,3,1,L-BFGS-B,128,128,1.0,False,evaluation_budget_exhausted,-1,0.41623339099999157,92.8347983572756,0.7252718621662156,0.002377989047557986,"[3.2158701122134374, 5.971939531762716, 0.9057815605287021, 2.980270133958384, 0.9796473987943792, 1.329919262162498]","[3.25640701311565, 2.981113135168923, 6.283185297179586, 1.8547965571862606, 1.7842703028120512, 2.6047515679266633]",strict objective-evaluation cap 128 reached,ideal-statevector optimizer robustness under equal objective-evaluation cap; not hardware runtime,0.055101024628499,0.01039233280819149,0.002377989047557986,True,0.3736644627900656,True,0.11952444890961128,True,0.01762355018519238
n12_d50_s42,12,0.5,42,3,2,COBYLA,128,128,1.0,False,evaluation_budget_exhausted,-1,0.43005297100000917,79.9512338114065,0.6246190141516132,0.0006994315694040064,"[1.6437575180951982, 1.8754751666228542, 5.115931210029399, 0.28876244855940497, 1.8852714037890694, 2.2888403987274435]","[2.093963191321863, 1.8393185225052404, 5.102456084246704, 0.7201217025587929, 1.8525589719457352, 2.101354560574611]",Return from COBYLA because the objective function has been evaluated MAXFUN times.,ideal-statevector optimizer robustness under equal objective-evaluation cap; not hardware runtime,0.004019210253512363,0.0014799674530741151,0.0006994315694040064,True,0.10721072538669013,True,0.017395641256033767,True,0.001495683476977982
n12_d50_s42,12,0.5,42,3,2,L-BFGS-B,128,112,0.875,True,optimizer_converged,12,0.4030729659999679,80.4282779705091,0.6283459216446023,0.0002947999644606959,"[1.6437575180951982, 1.8754751666228542, 5.115931210029399, 0.28876244855940497, 1.8852714037890694, 2.2888403987274435]","[0.0, 3.265071572258437, 6.283185307179586, 3.1094583489816254, 2.1845615663775395, 0.04425769158894614]",CONVERGENCE: RELATIVE REDUCTION OF F <= FACTR*EPSMCH,ideal-statevector optimizer robustness under equal objective-evaluation cap; not hardware runtime,0.004704236972433776,0.0015093143686899574,0.0002947999644606959,True,0.08007597602844846,True,0.015204971376288203,True,0.0030516485367517855
n12_d50_s42,12,0.5,42,3,3,COBYLA,128,128,1.0,False,evaluation_budget_exhausted,-1,0.7267450240000244,95.15799389746965,0.7434218273239817,0.013840200870065981,"[0.5381495885689892, 1.4879242956303682, 5.034555946803014, 1.8289159756986941, 0.29571385095481995, 1.3607084135187315]","[0.531571488122548, 0.9762433440496586, 4.692370655551819, 1.6005952028895225, 1.42006788584044, 1.1950238873163361]",Return from COBYLA because the objective function has been evaluated MAXFUN times.,ideal-statevector optimizer robustness under equal objective-evaluation cap; not hardware runtime,0.11505352846601871,0.05504852789276063,0.013840200870065981,True,0.4658805164440397,True,0.20138439856045554,True,0.06516875598791548
n12_d50_s42,12,0.5,42,3,3,L-BFGS-B,128,128,1.0,False,evaluation_budget_exhausted,-1,0.45197373600001356,79.65360473318395,0.6222937869779996,0.0006671773733603821,"[0.5381495885689892, 1.4879242956303682, 5.034555946803014, 1.8289159756986941, 0.29571385095481995, 1.3607084135187315]","[3.118163453675815, 3.0992980948856297, 3.3067868208361446, 1.0002351486253624, 1.1994339262537723, 0.7052644021048435]",strict objective-evaluation cap 128 reached,ideal-statevector optimizer robustness under equal objective-evaluation cap; not hardware runtime,0.004202568598816523,0.0014484505582905718,0.0006671773733603821,True,0.0777133902772105,True,0.013689914698700534,True,0.0024363538675930634
n12_d50_s42,12,0.5,42,3,4,COBYLA,128,128,1.0,False,evaluation_budget_exhausted,-1,0.48645823699996527,83.51898869095669,0.6524920991480991,0.000498697526716424,"[5.925396266378301, 3.212765766999291, 6.133920107929199, 0.25395385881583277, 1.9080646199105018, 1.1827674876547531]","[6.425396266378301, 3.212765766999291, 6.633920107929199, 0.25395385881583277, 1.9080646199105018, 1.6827674876547531]",Return from COBYLA because the objective function has been evaluated MAXFUN times.,ideal-statevector optimizer robustness under equal objective-evaluation cap; not hardware runtime,0.010378198190103709,0.0015313549031108079,0.000498697526716424,True,0.16489057687948033,True,0.03003232990372491,True,0.0018232150286443401
n12_d50_s42,12,0.5,42,3,4,L-BFGS-B,128,28,0.21875,True,optimizer_converged,2,0.10644851000000699,78.00000000000003,0.6093750000000002,0.0004882812500000007,"[5.925396266378301, 3.212765766999291, 6.133920107929199, 0.25395385881583277, 1.9080646199105018, 1.1827674876547531]","[6.283185307179586, 6.283185307179586, 6.283185307179586, 3.130088538301266e-08, 3.1415926277086497, 2.588590668522549e-08]",CONVERGENCE: RELATIVE REDUCTION OF F <= FACTR*EPSMCH,ideal-statevector optimizer robustness under equal objective-evaluation cap; not hardware runtime,0.005859375000000008,0.0019531250000000026,0.0004882812500000007,True,0.08593750000000014,True,0.015625000000000024,True,0.0024414062500000035
n12_d75_s17,12,0.75,17,1,0,COBYLA,128,112,0.875,True,optimizer_converged,-1,0.3353014920000419,138.76463385076613,0.8461258161632081,0.006683269595615657,"[4.002148315014479, 0.8475599579967072]","[6.223991034972131, 1.2879347227959717]",Return from COBYLA because the trust region radius reaches its lower bound.,ideal-statevector optimizer robustness under equal objective-evaluation cap; not hardware runtime,0.27465517811979023,0.09479851887644124,0.006683269595615657,True,0.5274002426159838,True,0.2130849296496587,True,0.024420037177676473
n12_d75_s17,12,0.75,17,1,0,L-BFGS-B,128,69,0.5390625,True,optimizer_converged,12,0.09782098799996675,123.01175391376412,0.7500716702058788,0.0012571712688726005,"[4.002148315014479, 0.8475599579967072]","[3.0028611993265244, 0.8708203153202072]",CONVERGENCE: RELATIVE REDUCTION OF F <= FACTR*EPSMCH,ideal-statevector optimizer robustness under equal objective-evaluation cap; not hardware runtime,0.0459967942417525,0.011358801387774488,0.0012571712688726005,True,0.1308456734282249,True,0.031645694933268395,True,0.002250287922253312
n12_d75_s17,12,0.75,17,1,1,COBYLA,128,128,1.0,False,evaluation_budget_exhausted,-1,0.36592241900001454,123.01153535105479,0.7500703375064316,0.0012506507353181586,"[3.2158701122134374, 2.985969765881358]","[3.2800693863189507, 2.2756236696080014]",Return from COBYLA because the objective function has been evaluated MAXFUN times.,ideal-statevector optimizer robustness under equal objective-evaluation cap; not hardware runtime,0.04580855533120398,0.01136463725243272,0.0012506507353181586,True,0.13049180145212114,True,0.03158119816838954,True,0.0022579557011278835
n12_d75_s17,12,0.75,17,1,1,L-BFGS-B,128,36,0.28125,True,optimizer_converged,7,0.056393231000015476,123.0117539137567,0.7500716702058335,0.0012571694736851244,"[3.2158701122134374, 2.985969765881358]","[3.0028612686488416, 2.4416153423323124]",CONVERGENCE: RELATIVE REDUCTION OF F <= FACTR*EPSMCH,ideal-statevector optimizer robustness under equal objective-evaluation cap; not hardware runtime,0.04599674399264782,0.01135880290541158,0.0012571694736851244,True,0.1308455784903564,True,0.03164567802991084,True,0.002250290007168437
n12_d75_s17,12,0.75,17,1,2,COBYLA,128,128,1.0,False,evaluation_budget_exhausted,-1,0.36271899399997665,121.27718211637398,0.7394950129047194,0.0004055744724247873,"[1.6437575180951982, 0.9377375833114271]","[1.135369882050099, 1.1899640983455515]",Return from COBYLA because the objective function has been evaluated MAXFUN times.,ideal-statevector optimizer robustness under equal objective-evaluation cap; not hardware runtime,0.04908863290007939,0.01630885558012466,0.0004055744724247873,True,0.15489378244898763,True,0.03203666856471346,True,0.0022464524863154336
n12_d75_s17,12,0.75,17,1,2,L-BFGS-B,128,84,0.65625,True,optimizer_converged,20,0.11675267499998654,120.89966576972088,0.7371930839617127,0.00024121825156877337,"[1.6437575180951982, 0.9377375833114271]","[1.7190509776692267, 1.2696041360241]",CONVERGENCE: RELATIVE REDUCTION OF F <= FACTR*EPSMCH,ideal-statevector optimizer robustness under equal objective-evaluation cap; not hardware runtime,0.0477446004169569,0.012509917417316592,0.00024121825156877337,True,0.13388827858693186,True,0.034982395091353896,True,0.000800830130483759
n12_d75_s17,12,0.75,17,1,3,COBYLA,128,128,1.0,False,evaluation_budget_exhausted,-1,0.3957578039999703,121.48262321956472,0.7407477025583215,0.00017299123604623006,"[0.5381495885689892, 0.7439621478151841]","[1.2196149076155256, 0.4702233041875391]",Return from COBYLA because the objective function has been evaluated MAXFUN times.,ideal-statevector optimizer robustness under equal objective-evaluation cap; not hardware runtime,0.05071276964707472,0.013072314716645373,0.00017299123604623006,True,0.14423939197629856,True,0.03360381814273178,True,0.0020122239855472753
n12_d75_s17,12,0.75,17,1,3,L-BFGS-B,128,15,0.1171875,True,optimizer_converged,2,0.017175218999966546,120.50000000001532,0.734756097561069,0.000488281250000906,"[0.5381495885689892, 0.7439621478151841]","[1e-08, 5.331285595023668e-07]",CONVERGENCE: RELATIVE REDUCTION OF F <= FACTR*EPSMCH,ideal-statevector optimizer robustness under equal objective-evaluation cap; not hardware runtime,0.04687500000006409,0.011230468750018104,0.000488281250000906,True,0.13916015625015044,True,0.03222656250004662,True,0.001953125000003499
n12_d75_s17,12,0.75,17,1,4,COBYLA,128,128,1.0,False,evaluation_budget_exhausted,-1,0.42722341099999994,138.76463385838693,0.8461258162096764,0.006683155446820865,"[5.925396266378301, 1.6063828834996454]","[6.223990892096549, 1.2879423101597658]",Return from COBYLA because the objective function has been evaluated MAXFUN times.,ideal-statevector optimizer robustness under equal objective-evaluation cap; not hardware runtime,0.2746524163283085,0.09479721968322229,0.006683155446820865,True,0.5273984566734471,True,0.2130824390365413,True,0.024419658237522984
n12_d75_s17,12,0.75,17,1,4,L-BFGS-B,128,48,0.375,True,optimizer_converged,9,0.07087094100000968,123.011753913765,0.7500716702058842,0.0012571703268173563,"[5.925396266378301, 1.6063828834996454]","[3.2803240613763864, 0.6999765212021308]",CONVERGENCE: RELATIVE REDUCTION OF F <= FACTR*EPSMCH,ideal-statevector optimizer robustness under equal objective-evaluation cap; not hardware runtime,0.04599677058348708,0.011358802116980008,0.0012571703268173563,True,0.1308456218698816,True,0.0316456861316968,True,0.002250288532035835
n12_d75_s17,12,0.75,17,2,0,COBYLA,128,128,1.0,False,evaluation_budget_exhausted,-1,0.5321559909999678,121.32178675113195,0.7397669923849509,0.00012991658137776198,"[4.002148315014479, 1.6951199159934145, 0.12872212178963477, 0.05192309835763666]","[4.040123124351032, 1.6142522449534282, 0.18314459008142633, 0.5289152175876318]",Return from COBYLA because the objective function has been evaluated MAXFUN times.,ideal-statevector optimizer robustness under equal objective-evaluation cap; not hardware runtime,0.052799610205672864,0.01868755641615944,0.00012991658137776198,True,0.1451065651792898,True,0.034704994569428715,True,0.003841287799815712
n12_d75_s17,12,0.75,17,2,0,L-BFGS-B,128,128,1.0,False,evaluation_budget_exhausted,-1,0.18131155899999385,121.60691964755131,0.7415056076070202,0.0003611977195278353,"[4.002148315014479, 1.6951199159934145, 0.12872212178963477, 0.05192309835763666]","[3.6340504622286485, 1.5410139298666814, 0.4850428475422571, 0.9066327988560022]",strict objective-evaluation cap 128 reached,ideal-statevector optimizer robustness under equal objective-evaluation cap; not hardware runtime,0.06115931248707697,0.01914238385086095,0.0003611977195278353,True,0.15764646848145747,True,0.04813653000737648,True,0.004463569905358954
n12_d75_s17,12,0.75,17,2,1,COBYLA,128,128,1.0,False,evaluation_budget_exhausted,-1,0.32615442900004155,122.81520726399961,0.7488732150243879,0.000977461253583883,"[3.2158701122134374, 5.971939531762716, 0.45289078026435103, 2.980270133958384]","[3.405446768469402, 6.140668508837046, 0.13679960845319786, 2.4598444299824753]",Return from COBYLA because the objective function has been evaluated MAXFUN times.,ideal-statevector optimizer robustness under equal objective-evaluation cap; not hardware runtime,0.03922423170099676,0.013811762557162755,0.000977461253583883,True,0.11749593893716662,True,0.029380870364779953,True,0.0014224104899246204
n12_d75_s17,12,0.75,17,2,1,L-BFGS-B,128,25,0.1953125,True,optimizer_converged,2,0.047226418999969155,120.50000000021964,0.7347560975623149,0.0004882812500129471,"[3.2158701122134374, 5.971939531762716, 0.45289078026435103, 2.980270133958384]","[6.283185297179586, 6.283185307179586, 3.1415878666465114, 3.1415898213077753]",CONVERGENCE: RELATIVE REDUCTION OF F <= FACTR*EPSMCH,ideal-statevector optimizer robustness under equal objective-evaluation cap; not hardware runtime,0.04687500000091612,0.01123046875025879,0.0004882812500129471,True,0.13916015625215086,True,0.0322265625006664,True,0.0019531250000500017
n12_d75_s17,12,0.75,17,2,2,COBYLA,128,128,1.0,False,evaluation_budget_exhausted,-1,0.6041259739999987,122.06938715594606,0.7443255314386955,0.000393418925014498,"[1.6437575180951982, 1.8754751666228542, 2.5579656050146995, 0.28876244855940497]","[1.2167923708380581, 1.8556227026502596, 2.086963218078629, 0.17049363396440564]",Return from COBYLA because the objective function has been evaluated MAXFUN times.,ideal-statevector optimizer robustness under equal objective-evaluation cap; not hardware runtime,0.06028979805218296,0.015560352298876118,0.000393418925014498,True,0.15230261555941976,True,0.0430174728140163,True,0.0033855630694571226
n12_d75_s17,12,0.75,17,2,2,L-BFGS-B,128,128,1.0,False,evaluation_budget_exhausted,-1,0.2964598070000193,122.63111574888723,0.7477507057858978,0.00012671737444340438,"[1.6437575180951982, 1.8754751666228542, 2.5579656050146995, 0.28876244855940497]","[1.8383209371535159, 1.9054810230525987, 2.8050101126906615, 0.4362485602656287]",strict objective-evaluation cap 128 reached,ideal-statevector optimizer robustness under equal objective-evaluation cap; not hardware runtime,0.06025894385474456,0.015607519112367518,0.00012671737444340438,True,0.1677717900701478,True,0.046148186333271446,True,0.001455468727192189
n12_d75_s17,12,0.75,17,2,3,COBYLA,128,128,1.0,False,evaluation_budget_exhausted,-1,0.5146900760000221,121.38984618329704,0.7401819889225429,0.00044744846997021024,"[0.5381495885689892, 1.4879242956303682, 2.517277973401507, 1.8289159756986941]","[0.8171820768286784, 1.5232756364620843, 2.623547738432202, 1.9167611306778496]",Return from COBYLA because the objective function has been evaluated MAXFUN times.,ideal-statevector optimizer robustness under equal objective-evaluation cap; not hardware runtime,0.04310843057790601,0.011921775144265059,0.00044744846997021024,True,0.14292954169256167,True,0.029474267129866342,True,0.0018338745730550553
n12_d75_s17,12,0.75,17,2,3,L-BFGS-B,128,128,1.0,False,evaluation_budget_exhausted,-1,0.33897527699997454,121.45737539541662,0.7405937524110769,1.6612610043217706e-05,"[0.5381495885689892, 1.4879242956303682, 2.517277973401507, 1.8289159756986941]","[0.4403369162704144, 1.060773214604808, 2.8399139407148306, 1.9484377380957119]",strict objective-evaluation cap 128 reached,ideal-statevector optimizer robustness under equal objective-evaluation cap; not hardware runtime,0.04549686840796738,0.007810779324454653,1.6612610043217706e-05,True,0.14132296014185214,True,0.024325359732894233,True,0.0005753476392202372
n12_d75_s17,12,0.75,17,2,4,COBYLA,128,128,1.0,False,evaluation_budget_exhausted,-1,0.5410160770000516,123.1079524619331,0.7506582467191042,0.0014184370356065228,"[5.925396266378301, 3.212765766999291, 3.0669600539645994, 0.25395385881583277]","[5.462422660853802, 3.8180309725919828, 3.095887214279297, 0.8821467122996374]",Return from COBYLA because the objective function has been evaluated MAXFUN times.,ideal-statevector optimizer robustness under equal objective-evaluation cap; not hardware runtime,0.04861449380513182,0.011788009235386816,0.0014184370356065228,True,0.1360469140852488,True,0.033219430116667156,True,0.002519605924011035
n12_d75_s17,12,0.75,17,2,4,L-BFGS-B,128,128,1.0,False,evaluation_budget_exhausted,-1,0.18764674699997386,122.22244268659307,0.7452587968694699,0.0005144668271683564,"[5.925396266378301, 3.212765766999291, 3.0669600539645994, 0.25395385881583277]","[1.0099720964801817, 0.03177945137717828, 2.91806211681274, 0.563627518473646]",strict objective-evaluation cap 128 reached,ideal-statevector optimizer robustness under equal objective-evaluation cap; not hardware runtime,0.04765189566131396,0.01332500013783981,0.0005144668271683564,True,0.15076025118054634,True,0.034279766342257656,True,0.0029731129361412964
n12_d75_s17,12,0.75,17,3,0,COBYLA,128,128,1.0,False,evaluation_budget_exhausted,-1,0.7274634750000359,122.2010156529218,0.745128144225133,0.000261961520799492,"[4.002148315014479, 1.6951199159934145, 0.25744424357926954, 0.05192309835763666, 2.5549638088547897, 2.867506216098801]","[3.771744210404691, 1.1404901724935332, 0.2765582743772082, 0.5729772058943434, 2.9616244699749394, 2.802563142795197]",Return from COBYLA because the objective function has been evaluated MAXFUN times.,ideal-statevector optimizer robustness under equal objective-evaluation cap; not hardware runtime,0.05217165631607704,0.008438043200396391,0.000261961520799492,True,0.1521263996010716,True,0.033788395627034944,True,0.0008446914772357898
n12_d75_s17,12,0.75,17,3,0,L-BFGS-B,128,128,1.0,False,evaluation_budget_exhausted,-1,0.2870231470000135,122.17179338766795,0.7449499596809022,0.00040588635914646316,"[4.002148315014479, 1.6951199159934145, 0.25744424357926954, 0.05192309835763666, 2.5549638088547897, 2.867506216098801]","[3.732325827244197, 1.4939770712561455, 0.38002124359937756, 0.07316495950119364, 2.6044079142050434, 2.850554914991923]",strict objective-evaluation cap 128 reached,ideal-statevector optimizer robustness under equal objective-evaluation cap; not hardware runtime,0.06434040292746994,0.015090354859328614,0.00040588635914646316,True,0.15890100957744355,True,0.04643708674146081,True,0.0030880878216631973
n12_d75_s17,12,0.75,17,3,1,COBYLA,128,128,1.0,False,evaluation_budget_exhausted,-1,0.4036980440000093,122.58232987401945,0.747453230939143,0.0007517758157556371,"[3.2158701122134374, 5.971939531762716, 0.9057815605287021, 2.980270133958384, 0.9796473987943792, 1.329919262162498]","[3.245475574677434, 6.000267644142879, 0.9814102892123014, 3.02225728039229, 1.03166386966836, 1.3911207582381224]",Return from COBYLA because the objective function has been evaluated MAXFUN times.,ideal-statevector optimizer robustness under equal objective-evaluation cap; not hardware runtime,0.054131706467733604,0.014489905199311327,0.0007517758157556371,True,0.1508146088767007,True,0.03506454839075966,True,0.0015108386061678139
n12_d75_s17,12,0.75,17,3,1,L-BFGS-B,128,128,1.0,False,evaluation_budget_exhausted,-1,0.46350152399998024,123.22250882510025,0.75135676112866,0.0007161037975499169,"[3.2158701122134374, 5.971939531762716, 0.9057815605287021, 2.980270133958384, 0.9796473987943792, 1.329919262162498]","[3.2654658677937416, 6.0230971846315065, 1.0854214305648449, 3.141592653589793, 0.8567099554800943, 1.4024469587564894]",strict objective-evaluation cap 128 reached,ideal-statevector optimizer robustness under equal objective-evaluation cap; not hardware runtime,0.04811786119883418,0.012701372826417055,0.0007161037975499169,True,0.13460455228050872,True,0.033707298019929166,True,0.001775537060626686
n12_d75_s17,12,0.75,17,3,2,COBYLA,128,128,1.0,False,evaluation_budget_exhausted,-1,0.7163354270000468,122.0975683309194,0.7444973678714598,0.0016584712121717746,"[1.6437575180951982, 1.8754751666228542, 5.115931210029399, 0.28876244855940497, 1.8852714037890694, 2.2888403987274435]","[2.1205384966218968, 2.400931766986337, 5.576897592712606, 0.29879287600929466, 1.7965108625231028, 2.8565582284908446]",Return from COBYLA because the objective function has been evaluated MAXFUN times.,ideal-statevector optimizer robustness under equal objective-evaluation cap; not hardware runtime,0.058272820539302814,0.009305730728338929,0.0016584712121717746,True,0.164051238897663,True,0.03175103112945435,True,0.003024964373544128
n12_d75_s17,12,0.75,17,3,2,L-BFGS-B,128,128,1.0,False,evaluation_budget_exhausted,-1,0.4478166970000075,121.73042236081923,0.7422586729318246,0.00013609038277620093,"[1.6437575180951982, 1.8754751666228542, 5.115931210029399, 0.28876244855940497, 1.8852714037890694, 2.2888403987274435]","[2.9525237856067124, 0.4237548344617381, 6.153596756068339, 0.35845266317784175, 1.5418519583815937, 2.582753342170953]",strict objective-evaluation cap 128 reached,ideal-statevector optimizer robustness under equal objective-evaluation cap; not hardware runtime,0.05503900162628869,0.011808631038493137,0.00013609038277620093,True,0.13836855478111468,True,0.038261359991829225,True,0.002031519016717513
n12_d75_s17,12,0.75,17,3,3,COBYLA,128,128,1.0,False,evaluation_budget_exhausted,-1,0.4515456560000075,122.70296990026903,0.7481888408552989,0.0010270627911981856,"[0.5381495885689892, 1.4879242956303682, 5.034555946803014, 1.8289159756986941, 0.29571385095481995, 1.3607084135187315]","[1.0399371408670113, 2.008994090683483, 5.539537625359913, 1.8792065716502417, 0.29557447269337767, 1.399688172803284]",Return from COBYLA because the objective function has been evaluated MAXFUN times.,ideal-statevector optimizer robustness under equal objective-evaluation cap; not hardware runtime,0.05050459083145041,0.013964649888982864,0.0010270627911981856,True,0.14478476427652143,True,0.03502052601621927,True,0.0026140715298468274
n12_d75_s17,12,0.75,17,3,3,L-BFGS-B,128,128,1.0,False,evaluation_budget_exhausted,-1,0.4426640570000018,138.169491224286,0.8424968977090609,0.00700703939694765,"[0.5381495885689892, 1.4879242956303682, 5.034555946803014, 1.8289159756986941, 0.29571385095481995, 1.3607084135187315]","[0.06072010388307551, 0.007791358859860393, 1.0069225962691424, 3.121297632010673, 0.30514620215907556, 1.6151052482133654]",strict objective-evaluation cap 128 reached,ideal-statevector optimizer robustness under equal objective-evaluation cap; not hardware runtime,0.28201041668990734,0.10218969522070756,0.00700703939694765,True,0.5235471985929326,True,0.22171096210889527,True,0.02717493227592415
n12_d75_s17,12,0.75,17,3,4,COBYLA,128,128,1.0,False,evaluation_budget_exhausted,-1,0.7717683289999968,123.91250859056748,0.755564076771753,0.001612468518618302,"[5.925396266378301, 3.212765766999291, 6.133920107929199, 0.25395385881583277, 1.9080646199105018, 1.1827674876547531]","[6.425396266378301, 3.212765766999291, 6.633920107929199, 0.25395385881583277, 1.9080646199105018, 1.6827674876547531]",Return from COBYLA because the objective function has been evaluated MAXFUN times.,ideal-statevector optimizer robustness under equal objective-evaluation cap; not hardware runtime,0.09412688512831179,0.025730438605181715,0.001612468518618302,True,0.23303432710547653,True,0.0636863045587916,True,0.005998407667419128
n12_d75_s17,12,0.75,17,3,4,L-BFGS-B,128,128,1.0,False,evaluation_budget_exhausted,-1,0.4377195960000222,121.56235753171853,0.7412338873885277,0.0017432062753839175,"[5.925396266378301, 3.212765766999291, 6.133920107929199, 0.25395385881583277, 1.9080646199105018, 1.1827674876547531]","[5.9571218894467135, 3.217337208320005, 6.116044126405815, 0.17692911149975624, 2.1123469343315255, 1.155622436376634]",strict objective-evaluation cap 128 reached,ideal-statevector optimizer robustness under equal objective-evaluation cap; not hardware runtime,0.04972366919255608,0.016399500478016193,0.0017432062753839175,True,0.14612702062343982,True,0.0372776136033902,True,0.002775673173593664
n12_d75_s42,12,0.75,42,1,0,COBYLA,128,128,1.0,False,evaluation_budget_exhausted,-1,0.23901997899997696,125.09505281741706,0.7148288732423832,0.00029155872082158035,"[4.002148315014479, 0.8475599579967072]","[4.535039536182686, 1.170173537793347]",Return from COBYLA because the objective function has been evaluated MAXFUN times.,ideal-statevector optimizer robustness under equal objective-evaluation cap; not hardware runtime,0.02592164924352512,0.008029804395277174,0.00029155872082158035,True,0.09251491998625172,True,0.018098305586382073,True,0.00029155872082158035
n12_d75_s42,12,0.75,42,1,0,L-BFGS-B,128,27,0.2109375,True,optimizer_converged,2,0.05098588799995696,124.50000000000006,0.7114285714285717,0.0004882812499999435,"[4.002148315014479, 0.8475599579967072]","[6.283185307179586, 0.20159673379149093]",CONVERGENCE: RELATIVE REDUCTION OF F <= FACTR*EPSMCH,ideal-statevector optimizer robustness under equal objective-evaluation cap; not hardware runtime,0.021484374999999965,0.005859375000000099,0.0004882812499999435,True,0.08935546874999892,True,0.013183593749999709,True,0.0004882812499999435
n12_d75_s42,12,0.75,42,1,1,COBYLA,128,128,1.0,False,evaluation_budget_exhausted,-1,0.4216985820000332,125.20183570867951,0.7154390611924544,0.00012795343592319014,"[3.2158701122134374, 2.985969765881358]","[3.8412956324979453, 2.2411806960599856]",Return from COBYLA because the objective function has been evaluated MAXFUN times.,ideal-statevector optimizer robustness under equal objective-evaluation cap; not hardware runtime,0.026431834366190114,0.00758930760254079,0.00012795343592319014,True,0.09472874997861719,True,0.01736627109225873,True,0.00012795343592319014
n12_d75_s42,12,0.75,42,1,1,L-BFGS-B,128,12,0.09375,True,optimizer_converged,2,0.012623152000003302,124.50000000000426,0.7114285714285958,0.000488281250000275,"[3.2158701122134374, 2.985969765881358]","[6.283185297179586, 3.1415925139862524]",CONVERGENCE: RELATIVE REDUCTION OF F <= FACTR*EPSMCH,ideal-statevector optimizer robustness under equal objective-evaluation cap; not hardware runtime,0.0214843750000092,0.005859375000002923,0.000488281250000275,True,0.08935546875002964,True,0.013183593750006046,True,0.000488281250000275
n12_d75_s42,12,0.75,42,1,2,COBYLA,128,128,1.0,False,evaluation_budget_exhausted,-1,0.4039749160000383,125.17587493604358,0.715290713920249,7.01043230374821e-05,"[1.6437575180951982, 0.9377375833114271]","[1.6134057509688502, 1.2119607783526576]",Return from COBYLA because the objective function has been evaluated MAXFUN times.,ideal-statevector optimizer robustness under equal objective-evaluation cap; not hardware runtime,0.018569293283297067,0.003972304648539506,7.01043230374821e-05,True,0.08495650659173473,True,0.010048590841455754,True,7.01043230374821e-05
n12_d75_s42,12,0.75,42,1,2,L-BFGS-B,128,6,0.046875,True,optimizer_converged,1,0.007308319999992818,124.49999999999997,0.7114285714285713,0.00048828124999999957,"[1.6437575180951982, 0.9377375833114271]","[0.0, 3.1147211435619675]",CONVERGENCE: NORM OF PROJECTED GRADIENT <= PGTOL,ideal-statevector optimizer robustness under equal objective-evaluation cap; not hardware runtime,0.021484374999999986,0.005859374999999995,0.00048828124999999957,True,0.08935546874999994,True,0.01318359374999999,True,0.00048828124999999957
n12_d75_s42,12,0.75,42,1,3,COBYLA,128,128,1.0,False,evaluation_budget_exhausted,-1,0.40614862899997206,125.91642761823482,0.7195224435327704,0.0010256457284140133,"[0.5381495885689892, 0.7439621478151841]","[0.9760691212662759, 0.8206634651702447]",Return from COBYLA because the objective function has been evaluated MAXFUN times.,ideal-statevector optimizer robustness under equal objective-evaluation cap; not hardware runtime,0.02892895429176788,0.009945354545154486,0.0010256457284140133,True,0.0990667176609655,True,0.021385876691689322,True,0.0010256457284140133
n12_d75_s42,12,0.75,42,1,3,L-BFGS-B,128,81,0.6328125,True,optimizer_converged,19,0.10057113999999956,125.53127975893955,0.7173215986225117,0.00025718320772408,"[0.5381495885689892, 0.7439621478151841]","[0.30370001608514985, 0.40790930569824896]",CONVERGENCE: RELATIVE REDUCTION OF F <= FACTR*EPSMCH,ideal-statevector optimizer robustness under equal objective-evaluation cap; not hardware runtime,0.022749639866757772,0.006588363234953371,0.00025718320772408,True,0.10203416342098112,True,0.013037736886708534,True,0.00025718320772408
n12_d75_s42,12,0.75,42,1,4,COBYLA,128,20,0.15625,True,optimizer_converged,-1,0.041809274000002006,131.85011865751423,0.7534292494715099,0.0017344668663834659,"[5.925396266378301, 1.6063828834996454]","[6.300396266378301, 2.1063828834996454]",Return from COBYLA because the trust region radius reaches its lower bound.,ideal-statevector optimizer robustness under equal objective-evaluation cap; not hardware runtime,0.05419755883007046,0.01756866319006078,0.0017344668663834659,True,0.1772293194832607,True,0.03575904467393794,True,0.0017344668663834659
n12_d75_s42,12,0.75,42,1,4,L-BFGS-B,128,63,0.4921875,True,optimizer_converged,10,0.058745405000024675,125.2071438557081,0.7154693934611891,0.00015999453569773777,"[5.925396266378301, 1.6063828834996454]","[5.686299790586112, 1.0787321266071128]",CONVERGENCE: RELATIVE REDUCTION OF F <= FACTR*EPSMCH,ideal-statevector optimizer robustness under equal objective-evaluation cap; not hardware runtime,0.024410967304764726,0.006249703593125304,0.00015999453569773777,True,0.09037458769736895,True,0.015252681588122615,True,0.00015999453569773777
n12_d75_s42,12,0.75,42,2,0,COBYLA,128,128,1.0,False,evaluation_budget_exhausted,-1,0.6017514520000304,125.4836294299133,0.717049311028076,7.479618080340311e-05,"[4.002148315014479, 1.6951199159934145, 0.12872212178963477, 0.05192309835763666]","[3.8460075316415203, 0.9262027767188655, 0.6822208537040044, 0.15479748563650186]",Return from COBYLA because the objective function has been evaluated MAXFUN times.,ideal-statevector optimizer robustness under equal objective-evaluation cap; not hardware runtime,0.02866291533311054,0.008717747741830841,7.479618080340311e-05,True,0.10120515503608801,True,0.019559648219521445,True,7.479618080340311e-05
n12_d75_s42,12,0.75,42,2,0,L-BFGS-B,128,75,0.5859375,True,optimizer_converged,12,0.11825963499995851,125.20199884776622,0.715439993415807,0.00012108911866165875,"[4.002148315014479, 1.6951199159934145, 0.12872212178963477, 0.05192309835763666]","[3.841197666559199, 1.6114304888890372, 0.6631079643663893, 0.0]",CONVERGENCE: RELATIVE REDUCTION OF F <= FACTR*EPSMCH,ideal-statevector optimizer robustness under equal objective-evaluation cap; not hardware runtime,0.02643133454542754,0.007530053304087226,0.00012108911866165875,True,0.09487115511247012,True,0.017368325244691167,True,0.00012108911866165875
n12_d75_s42,12,0.75,42,2,1,COBYLA,128,128,1.0,False,evaluation_budget_exhausted,-1,0.5664319919999912,126.95760228793715,0.7254720130739266,0.00013877895550870318,"[3.2158701122134374, 5.971939531762716, 0.45289078026435103, 2.980270133958384]","[3.172645678254758, 6.030877107899451, 0.39978894763098444, 2.9820784401047957]",Return from COBYLA because the objective function has been evaluated MAXFUN times.,ideal-statevector optimizer robustness under equal objective-evaluation cap; not hardware runtime,0.019484122099325707,0.003742731313819095,0.00013877895550870318,True,0.08429545727760837,True,0.011123581992783991,True,0.00013877895550870318
n12_d75_s42,12,0.75,42,2,1,L-BFGS-B,128,15,0.1171875,True,optimizer_converged,2,0.055540147000044726,124.50000000000325,0.7114285714285901,0.000488281250000196,"[3.2158701122134374, 5.971939531762716, 0.45289078026435103, 2.980270133958384]","[0.0, 6.283185297179586, 1.00085236430949e-07, 3.1415925544580183]",CONVERGENCE: RELATIVE REDUCTION OF F <= FACTR*EPSMCH,ideal-statevector optimizer robustness under equal objective-evaluation cap; not hardware runtime,0.021484375000006564,0.005859375000002084,0.000488281250000196,True,0.08935546875002118,True,0.013183593750004313,True,0.000488281250000196
n12_d75_s42,12,0.75,42,2,2,COBYLA,128,128,1.0,False,evaluation_budget_exhausted,-1,0.6071706679999807,125.73066961878466,0.7184609692501981,0.0004438817208589801,"[1.6437575180951982, 1.8754751666228542, 2.5579656050146995, 0.28876244855940497]","[1.6191093133927779, 1.8178071995888985, 2.9489446321791197, 0.9457954851671807]",Return from COBYLA because the objective function has been evaluated MAXFUN times.,ideal-statevector optimizer robustness under equal objective-evaluation cap; not hardware runtime,0.0222754107455822,0.005199890745092979,0.0004438817208589801,True,0.0978015465641092,True,0.011002512423363753,True,0.0004438817208589801
n12_d75_s42,12,0.75,42,2,2,L-BFGS-B,128,128,1.0,False,evaluation_budget_exhausted,-1,0.19317044300004227,125.25870426941833,0.7157640243966762,2.090894245353208e-05,"[1.6437575180951982, 1.8754751666228542, 2.5579656050146995, 0.28876244855940497]","[1.6103296326378564, 2.0200468952345267, 2.782958657218866, 0.06682520963187528]",strict objective-evaluation cap 128 reached,ideal-statevector optimizer robustness under equal objective-evaluation cap; not hardware runtime,0.019462581272260297,0.003904783221676744,2.090894245353208e-05,True,0.085875125292397,True,0.009593788351755967,True,2.090894245353208e-05
n12_d75_s42,12,0.75,42,2,3,COBYLA,128,128,1.0,False,evaluation_budget_exhausted,-1,0.35113363900001104,125.64062243908384,0.7179464139376219,0.0007728195886736297,"[0.5381495885689892, 1.4879242956303682, 2.517277973401507, 1.8289159756986941]","[1.0090571492296323, 1.456254414278462, 2.5872177502887475, 1.7301062821167248]",Return from COBYLA because the objective function has been evaluated MAXFUN times.,ideal-statevector optimizer robustness under equal objective-evaluation cap; not hardware runtime,0.02707599456050447,0.00949490353680545,0.0007728195886736297,True,0.10055129165806005,True,0.01593686455508271,True,0.0007728195886736297
n12_d75_s42,12,0.75,42,2,3,L-BFGS-B,128,128,1.0,False,evaluation_budget_exhausted,-1,0.32425680800002965,125.75671036781708,0.7186097735303834,0.0003989805174395611,"[0.5381495885689892, 1.4879242956303682, 2.517277973401507, 1.8289159756986941]","[0.48924327631768944, 1.900099453685012, 2.374310584914305, 2.118676828668727]",strict objective-evaluation cap 128 reached,ideal-statevector optimizer robustness under equal objective-evaluation cap; not hardware runtime,0.02305405491993215,0.003893957936055448,0.0003989805174395611,True,0.09448300471901797,True,0.01158500064616733,True,0.0003989805174395611
n12_d75_s42,12,0.75,42,2,4,COBYLA,128,128,1.0,False,evaluation_budget_exhausted,-1,0.5515329210000459,143.56450243577513,0.8203685853472864,0.006643444475753804,"[5.925396266378301, 3.212765766999291, 3.0669600539645994, 0.25395385881583277]","[6.226503220938157, 3.092227228966046, 2.8558546170166745, 0.032512246700391045]",Return from COBYLA because the objective function has been evaluated MAXFUN times.,ideal-statevector optimizer robustness under equal objective-evaluation cap; not hardware runtime,0.15563994217403943,0.06611584811779009,0.006643444475753804,True,0.407042661279973,True,0.11212805560893302,True,0.006643444475753804
n12_d75_s42,12,0.75,42,2,4,L-BFGS-B,128,128,1.0,False,evaluation_budget_exhausted,-1,0.29596119199999293,125.89648590441183,0.7194084908823534,0.00029344370400946455,"[5.925396266378301, 3.212765766999291, 3.0669600539645994, 0.25395385881583277]","[5.991125212182722, 3.087225073361415, 2.7467029886261334, 0.26827254408734974]",strict objective-evaluation cap 128 reached,ideal-statevector optimizer robustness under equal objective-evaluation cap; not hardware runtime,0.023354936363084333,0.005287138027574863,0.00029344370400946455,True,0.09975947523183007,True,0.01289751867401854,True,0.00029344370400946455
n12_d75_s42,12,0.75,42,3,0,COBYLA,128,128,1.0,False,evaluation_budget_exhausted,-1,0.7724858270000254,126.17599379612199,0.7210056788349828,4.207975500428608e-05,"[4.002148315014479, 1.6951199159934145, 0.25744424357926954, 0.05192309835763666, 2.5549638088547897, 2.867506216098801]","[4.044353888617423, 1.669057259219191, 0.821933585705005, 0.16638719628111087, 2.6712721374920174, 2.8503910474379026]",Return from COBYLA because the objective function has been evaluated MAXFUN times.,ideal-statevector optimizer robustness under equal objective-evaluation cap; not hardware runtime,0.028261418831204668,0.008502776052207874,4.207975500428608e-05,True,0.10167667749564602,True,0.018341268638029977,True,4.207975500428608e-05
n12_d75_s42,12,0.75,42,3,0,L-BFGS-B,128,128,1.0,False,evaluation_budget_exhausted,-1,0.2749650370000154,125.71440237737522,0.7183680135850012,0.0001627640709353889,"[4.002148315014479, 1.6951199159934145, 0.25744424357926954, 0.05192309835763666, 2.5549638088547897, 2.867506216098801]","[3.9878540591178906, 1.6979659513713488, 0.1925721642758688, 0.27837174307301715, 2.6941150544529426, 3.006732877502725]",strict objective-evaluation cap 128 reached,ideal-statevector optimizer robustness under equal objective-evaluation cap; not hardware runtime,0.024011116866211265,0.0069586950220318885,0.0001627640709353889,True,0.09325890480646165,True,0.012857745656422679,True,0.0001627640709353889
n12_d75_s42,12,0.75,42,3,1,COBYLA,128,128,1.0,False,evaluation_budget_exhausted,-1,0.6757859019999728,126.20431280296168,0.7211675017312096,0.0006259867430719202,"[3.2158701122134374, 5.971939531762716, 0.9057815605287021, 2.980270133958384, 0.9796473987943792, 1.329919262162498]","[3.794860382524689, 5.951932782507013, 0.8684912368585673, 2.9678712364558497, 0.8896705238683527, 1.35369916585188]",Return from COBYLA because the objective function has been evaluated MAXFUN times.,ideal-statevector optimizer robustness under equal objective-evaluation cap; not hardware runtime,0.03051937765039471,0.005654134273040809,0.0006259867430719202,True,0.09774882805909912,True,0.014336835722376465,True,0.0006259867430719202
n12_d75_s42,12,0.75,42,3,1,L-BFGS-B,128,128,1.0,False,evaluation_budget_exhausted,-1,0.5048284810000041,125.94144677280522,0.7196654101303156,0.0006675698658589794,"[3.2158701122134374, 5.971939531762716, 0.9057815605287021, 2.980270133958384, 0.9796473987943792, 1.329919262162498]","[3.3833860762122607, 5.69289549013509, 0.8732113963611632, 3.0566456435013354, 0.7454265063842257, 1.1895159319783228]",strict objective-evaluation cap 128 reached,ideal-statevector optimizer robustness under equal objective-evaluation cap; not hardware runtime,0.021574620043905573,0.00401879363982225,0.0006675698658589794,True,0.09328757504411483,True,0.012160679404529695,True,0.0006675698658589794
n12_d75_s42,12,0.75,42,3,2,COBYLA,128,128,1.0,False,evaluation_budget_exhausted,-1,0.47473182200002384,125.80815996663551,0.7189037712379173,0.00019001521403061948,"[1.6437575180951982, 1.8754751666228542, 5.115931210029399, 0.28876244855940497, 1.8852714037890694, 2.2888403987274435]","[2.1268084834779377, 2.360042780186329, 5.6749725266628035, 0.23075084673968912, 1.8422236674449168, 2.2253942574752927]",Return from COBYLA because the objective function has been evaluated MAXFUN times.,ideal-statevector optimizer robustness under equal objective-evaluation cap; not hardware runtime,0.019831314490793707,0.0047706566258715645,0.00019001521403061948,True,0.09335791891823739,True,0.01043609599263722,True,0.00019001521403061948
n12_d75_s42,12,0.75,42,3,2,L-BFGS-B,128,128,1.0,False,evaluation_budget_exhausted,-1,0.24542109899999787,150.3765437258326,0.8592945355761862,0.022292780694332534,"[1.6437575180951982, 1.8754751666228542, 5.115931210029399, 0.28876244855940497, 1.8852714037890694, 2.2888403987274435]","[6.233704937444312, 6.278818743165492, 0.144676563459294, 1.4800915374106915, 3.0705777548293502, 1.8246825100464796]",strict objective-evaluation cap 128 reached,ideal-statevector optimizer robustness under equal objective-evaluation cap; not hardware runtime,0.3168669064871019,0.16788949736344816,0.022292780694332534,True,0.6231703551542573,True,0.2433522967890215,True,0.022292780694332534
n12_d75_s42,12,0.75,42,3,3,COBYLA,128,128,1.0,False,evaluation_budget_exhausted,-1,0.6714567089999832,125.75420733579534,0.7185954704902591,3.945934112527092e-05,"[0.5381495885689892, 1.4879242956303682, 5.034555946803014, 1.8289159756986941, 0.29571385095481995, 1.3607084135187315]","[0.8281209337466386, 1.9660098717817822, 4.976386200596735, 1.7838949693019563, 0.29395381364529977, 1.3107472504538207]",Return from COBYLA because the objective function has been evaluated MAXFUN times.,ideal-statevector optimizer robustness under equal objective-evaluation cap; not hardware runtime,0.027268258796249382,0.004336661699559182,3.945934112527092e-05,True,0.0986569970558819,True,0.010965121409611232,True,3.945934112527092e-05
n12_d75_s42,12,0.75,42,3,3,L-BFGS-B,128,128,1.0,False,evaluation_budget_exhausted,-1,0.4605982889999609,126.51146107035868,0.7229226346877639,0.0005672036192834285,"[0.5381495885689892, 1.4879242956303682, 5.034555946803014, 1.8289159756986941, 0.29571385095481995, 1.3607084135187315]","[5.964096136575125, 3.6015655526284234, 6.279526677035254, 3.054210576778083, 1.0093921097716692, 0.3504707925241434]",strict objective-evaluation cap 128 reached,ideal-statevector optimizer robustness under equal objective-evaluation cap; not hardware runtime,0.027443023804213623,0.008352509328610381,0.0005672036192834285,True,0.10693716795483942,True,0.015600787427774567,True,0.0005672036192834285
n12_d75_s42,12,0.75,42,3,4,COBYLA,128,128,1.0,False,evaluation_budget_exhausted,-1,0.4313759109999751,125.94476087405839,0.7196843478517623,0.00023993294982959697,"[5.925396266378301, 3.212765766999291, 6.133920107929199, 0.25395385881583277, 1.9080646199105018, 1.1827674876547531]","[5.8907458323615165, 3.248438210706539, 6.1130511682710305, 0.2774325044012693, 1.8859328637238921, 1.2497574722095843]",Return from COBYLA because the objective function has been evaluated MAXFUN times.,ideal-statevector optimizer robustness under equal objective-evaluation cap; not hardware runtime,0.02496171275510263,0.007838616591733545,0.00023993294982959697,True,0.1030353765197828,True,0.01620150396001468,True,0.00023993294982959697
n12_d75_s42,12,0.75,42,3,4,L-BFGS-B,128,128,1.0,False,evaluation_budget_exhausted,-1,0.4317857899999922,126.13422407170637,0.720766994695465,0.0002224890981198152,"[5.925396266378301, 3.212765766999291, 6.133920107929199, 0.25395385881583277, 1.9080646199105018, 1.1827674876547531]","[5.888775605847702, 3.2507674027821465, 6.1083270656212525, 0.3044423311230663, 1.8641531996858367, 1.3873433357123333]",strict objective-evaluation cap 128 reached,ideal-statevector optimizer robustness under equal objective-evaluation cap; not hardware runtime,0.026301642960255972,0.007425601937446909,0.0002224890981198152,True,0.1080786424466061,True,0.0156780470224179,True,0.0002224890981198152
n8_d25_s17,8,0.25,17,1,0,COBYLA,128,114,0.890625,True,optimizer_converged,-1,0.24047912599996835,23.842250467417706,0.5960562616854427,0.004569614210134563,"[4.002148315014479, 0.8475599579967072]","[3.6885702904550413, 0.39270144336007723]",Return from COBYLA because the trust region radius reaches its lower bound.,ideal-statevector optimizer robustness under equal objective-evaluation cap; not hardware runtime,0.05577347323911729,0.04036156779187409,0.004569614210134563,True,0.37532415167441013,True,0.31000894744011565,True,0.21118981436228085
n8_d25_s17,8,0.25,17,1,0,L-BFGS-B,128,6,0.046875,True,optimizer_converged,1,0.008206727000015235,20.0,0.5,0.007812499999999998,"[4.002148315014479, 0.8475599579967072]","[0.5860215350049955, 0.0]",CONVERGENCE: NORM OF PROJECTED GRADIENT <= PGTOL,ideal-statevector optimizer robustness under equal objective-evaluation cap; not hardware runtime,0.031249999999999997,0.023437499999999997,0.007812499999999998,True,0.28125,True,0.1875,True,0.1328125
n8_d25_s17,8,0.25,17,1,1,COBYLA,128,116,0.90625,True,optimizer_converged,-1,0.24972454999999627,23.056229757533565,0.5764057439383391,0.023328323440572268,"[3.2158701122134374, 2.985969765881358]","[2.2082042860450026, 2.7489130270250577]",Return from COBYLA because the trust region radius reaches its lower bound.,ideal-statevector optimizer robustness under equal objective-evaluation cap; not hardware runtime,0.0511096349302005,0.04986354960638084,0.023328323440572268,True,0.48104516193172536,True,0.2622043354852025,True,0.24498170975915762
n8_d25_s17,8,0.25,17,1,1,L-BFGS-B,128,9,0.0703125,True,optimizer_converged,2,0.0052636249999977736,20.000000000001037,0.500000000000026,0.007812500000002286,"[3.2158701122134374, 2.985969765881358]","[6.283185297179586, 3.141592470875661]",CONVERGENCE: RELATIVE REDUCTION OF F <= FACTR*EPSMCH,ideal-statevector optimizer robustness under equal objective-evaluation cap; not hardware runtime,0.031250000000008465,0.02343750000000652,0.007812500000002286,True,0.2812500000000415,True,0.18750000000003392,True,0.1328125000000262
n8_d25_s17,8,0.25,17,1,2,COBYLA,128,50,0.390625,True,optimizer_converged,-1,0.09979161000001113,27.50449219197121,0.6876123047992803,0.03911418894908555,"[1.6437575180951982, 0.9377375833114271]","[1.575402989010112, 1.1780988491038593]",Return from COBYLA because the trust region radius reaches its lower bound.,ideal-statevector optimizer robustness under equal objective-evaluation cap; not hardware runtime,0.15040171542850034,0.11445579070042934,0.03911418894908555,True,0.6769772286076876,True,0.5943172414653625,True,0.4240275399972476
n8_d25_s17,8,0.25,17,1,2,L-BFGS-B,128,39,0.3046875,True,optimizer_converged,10,0.016606679000005897,27.504492192125674,0.6876123048031418,0.03911424539774221,"[1.6437575180951982, 0.9377375833114271]","[1.5754029712010473, 1.1780972370571563]",CONVERGENCE: RELATIVE REDUCTION OF F <= FACTR*EPSMCH,ideal-statevector optimizer robustness under equal objective-evaluation cap; not hardware runtime,0.1504019817341168,0.1144559802294621,0.03911424539774221,True,0.6769776696329848,True,0.5943181390042219,True,0.4240280568950056
n8_d25_s17,8,0.25,17,1,3,COBYLA,128,55,0.4296875,True,optimizer_converged,-1,0.10877112100001796,26.253275952510222,0.6563318988127556,0.022262325408827957,"[0.5381495885689892, 0.7439621478151841]","[1.140586201174562, 0.3926983857789305]",Return from COBYLA because the trust region radius reaches its lower bound.,ideal-statevector optimizer robustness under equal objective-evaluation cap; not hardware runtime,0.16050752791358253,0.09923898986764802,0.022262325408827957,True,0.606451500405712,True,0.5522473062624218,True,0.3512086319529939
n8_d25_s17,8,0.25,17,1,3,L-BFGS-B,128,21,0.1640625,True,optimizer_converged,2,0.0032654900000466114,20.000000000000007,0.5000000000000002,0.007812500000000003,"[0.5381495885689892, 0.7439621478151841]","[0.0, 3.141592643589793]",CONVERGENCE: RELATIVE REDUCTION OF F <= FACTR*EPSMCH,ideal-statevector optimizer robustness under equal objective-evaluation cap; not hardware runtime,0.031250000000000014,0.023437500000000007,0.007812500000000003,True,0.28125000000000006,True,0.18750000000000006,True,0.13281250000000006
n8_d25_s17,8,0.25,17,1,4,COBYLA,128,17,0.1328125,True,optimizer_converged,-1,0.03632214700002123,30.237933159987286,0.7559483289996821,0.1490690394915112,"[5.925396266378301, 1.6063828834996454]","[6.476799113505054, 2.070830143699967]",Return from COBYLA because the trust region radius reaches its lower bound.,ideal-statevector optimizer robustness under equal objective-evaluation cap; not hardware runtime,0.4845772836010064,0.3903221586835077,0.1490690394915112,True,0.7515781420570822,True,0.7290252004255935,True,0.654128400112091
n8_d25_s17,8,0.25,17,1,4,L-BFGS-B,128,15,0.1171875,True,optimizer_converged,2,0.0038064679999934015,20.000000000001577,0.5000000000000394,0.007812500000003521,"[5.925396266378301, 1.6063828834996454]","[1e-08, 2.822429580569171e-07]",CONVERGENCE: RELATIVE REDUCTION OF F <= FACTR*EPSMCH,ideal-statevector optimizer robustness under equal objective-evaluation cap; not hardware runtime,0.03125000000001303,0.023437500000010037,0.007812500000003521,True,0.2812500000000636,True,0.18750000000005207,True,0.1328125000000403
n8_d25_s17,8,0.25,17,2,0,COBYLA,128,128,1.0,False,evaluation_budget_exhausted,-1,0.18932011800001192,26.6885260350397,0.6672131508759925,0.013858824046340493,"[4.002148315014479, 1.6951199159934145, 0.12872212178963477, 0.05192309835763666]","[3.9870492745991952, 1.6686657829045535, -0.000125, 0.3934795712819659]",Return from COBYLA because the objective function has been evaluated MAXFUN times.,ideal-statevector optimizer robustness under equal objective-evaluation cap; not hardware runtime,0.2738996767307402,0.138749160769646,0.013858824046340493,True,0.6035153925982872,True,0.595621757190221,True,0.3698988372861278
n8_d25_s17,8,0.25,17,2,0,L-BFGS-B,128,115,0.8984375,True,optimizer_converged,15,0.02440518000003067,27.918872452026328,0.6979718113006582,0.01732419452629431,"[4.002148315014479, 1.6951199159934145, 0.12872212178963477, 0.05192309835763666]","[4.3546473297728925, 0.9430316581813496, 1.9019007223385322, 2.434689149187898]",CONVERGENCE: RELATIVE REDUCTION OF F <= FACTR*EPSMCH,ideal-statevector optimizer robustness under equal objective-evaluation cap; not hardware runtime,0.1498548543349112,0.13988744455077784,0.01732419452629431,True,0.6650568010099631,True,0.5542216787185638,True,0.4559336313951036
n8_d25_s17,8,0.25,17,2,1,COBYLA,128,128,1.0,False,evaluation_budget_exhausted,-1,0.304954151000004,27.157923765185465,0.6789480941296366,0.014679009291129981,"[3.2158701122134374, 5.971939531762716, 0.45289078026435103, 2.980270133958384]","[3.841772031236255, 5.819748224200237, 0.419332442433639, 2.7710543538912997]",Return from COBYLA because the objective function has been evaluated MAXFUN times.,ideal-statevector optimizer robustness under equal objective-evaluation cap; not hardware runtime,0.06851941602316564,0.050101750582049326,0.014679009291129981,True,0.5244259836844579,True,0.5212785965140161,True,0.36305483597030386
n8_d25_s17,8,0.25,17,2,1,L-BFGS-B,128,20,0.15625,True,optimizer_converged,2,0.009357298999987052,20.000000000000348,0.5000000000000087,0.007812500000000788,"[3.2158701122134374, 5.971939531762716, 0.45289078026435103, 2.980270133958384]","[0.0, 6.283185297179586, 1.0136245160352045e-07, 3.14159258945004]",CONVERGENCE: RELATIVE REDUCTION OF F <= FACTR*EPSMCH,ideal-statevector optimizer robustness under equal objective-evaluation cap; not hardware runtime,0.031250000000002914,0.023437500000002248,0.007812500000000788,True,0.2812500000000142,True,0.18750000000001163,True,0.13281250000000902
n8_d25_s17,8,0.25,17,2,2,COBYLA,128,128,1.0,False,evaluation_budget_exhausted,-1,0.2800529840000081,27.99430450628472,0.699857612657118,0.05968029108248698,"[1.6437575180951982, 1.8754751666228542, 2.5579656050146995, 0.28876244855940497]","[1.5778255340122578, 1.7968577698603014, 2.654371349440556, 0.15535486920684982]",Return from COBYLA because the objective function has been evaluated MAXFUN times.,ideal-statevector optimizer robustness under equal objective-evaluation cap; not hardware runtime,0.16431383554892393,0.1358254897007849,0.05968029108248698,True,0.6869619551091524,True,0.5841235539841223,True,0.44685971018171494
n8_d25_s17,8,0.25,17,2,2,L-BFGS-B,128,120,0.9375,True,optimizer_converged,18,0.04827699999998458,27.99457078845887,0.6998642697114718,0.060064994163374165,"[1.6437575180951982, 1.8754751666228542, 2.5579656050146995, 0.28876244855940497]","[1.5778903390276138, 1.7967084350233729, 2.6515767768919676, 0.15862643993782616]",CONVERGENCE: RELATIVE REDUCTION OF F <= FACTR*EPSMCH,ideal-statevector optimizer robustness under equal objective-evaluation cap; not hardware runtime,0.16449099038998655,0.1361466167010399,0.060064994163374165,True,0.6866456659470195,True,0.5837304097530349,True,0.44709571069410264
n8_d25_s17,8,0.25,17,2,3,COBYLA,128,128,1.0,False,evaluation_budget_exhausted,-1,0.3047450359999857,32.24572735679657,0.8061431839199142,0.12143202073520398,"[0.5381495885689892, 1.4879242956303682, 2.517277973401507, 1.8289159756986941]","[0.636557153351286, 1.3456553598492855, 2.736696131017581, 1.9269347824541398]",Return from COBYLA because the objective function has been evaluated MAXFUN times.,ideal-statevector optimizer robustness under equal objective-evaluation cap; not hardware runtime,0.3503369399125751,0.28380570110188463,0.12143202073520398,True,0.859297617088717,True,0.8546296601375409,True,0.6499709444702377
n8_d25_s17,8,0.25,17,2,3,L-BFGS-B,128,125,0.9765625,True,optimizer_converged,18,0.08549573499999497,26.906104083989906,0.6726526020997476,0.007263670799472122,"[0.5381495885689892, 1.4879242956303682, 2.517277973401507, 1.8289159756986941]","[0.6177400382643027, 1.5672893459945287, 2.6427943209969027, 1.7434547650824723]",CONVERGENCE: RELATIVE REDUCTION OF F <= FACTR*EPSMCH,ideal-statevector optimizer robustness under equal objective-evaluation cap; not hardware runtime,0.31612294388819306,0.15487375764541159,0.007263670799472122,True,0.6112868885095275,True,0.6061878659711644,True,0.38150840675083775
n8_d25_s17,8,0.25,17,2,4,COBYLA,128,128,1.0,False,evaluation_budget_exhausted,-1,0.29161087900001803,34.721772215832075,0.8680443053958019,0.13735926806800228,"[5.925396266378301, 3.212765766999291, 3.0669600539645994, 0.25395385881583277]","[6.087546191873113, 3.1403002375923044, 2.711986587896033, 0.3071296085380152]",Return from COBYLA because the objective function has been evaluated MAXFUN times.,ideal-statevector optimizer robustness under equal objective-evaluation cap; not hardware runtime,0.5558911090098716,0.4134224360477025,0.13735926806800228,True,0.9586911427081782,True,0.9523222851832298,True,0.830475457621664
n8_d25_s17,8,0.25,17,2,4,L-BFGS-B,128,128,1.0,False,evaluation_budget_exhausted,-1,0.051377440999999635,31.942133777187852,0.7985533444296963,0.16270394906464697,"[5.925396266378301, 3.212765766999291, 3.0669600539645994, 0.25395385881583277]","[6.064694502648021, 3.368699825884623, 2.6675414127843107, 0.22146787708121388]",strict objective-evaluation cap 128 reached,ideal-statevector optimizer robustness under equal objective-evaluation cap; not hardware runtime,0.48906918438718794,0.406864802168173,0.16270394906464697,True,0.8207684169764216,True,0.7273601000007469,True,0.6601495827411497
n8_d25_s17,8,0.25,17,3,0,COBYLA,128,128,1.0,False,evaluation_budget_exhausted,-1,0.17412764400000924,27.625761410988716,0.6906440352747178,0.03741291482614635,"[4.002148315014479, 1.6951199159934145, 0.25744424357926954, 0.05192309835763666, 2.5549638088547897, 2.867506216098801]","[4.133834562782046, 1.8508547894006664, 0.09689857856646532, 0.6124226880997886, 3.0355314476370587, 2.7743311958768837]",Return from COBYLA because the objective function has been evaluated MAXFUN times.,ideal-statevector optimizer robustness under equal objective-evaluation cap; not hardware runtime,0.2627453055481745,0.18147508688270386,0.03741291482614635,True,0.6345271387236909,True,0.5936601455910759,True,0.4364916132081506
n8_d25_s17,8,0.25,17,3,0,L-BFGS-B,128,128,1.0,False,evaluation_budget_exhausted,-1,0.03870314700003519,30.614518030613556,0.7653629507653389,0.0746419652212753,"[4.002148315014479, 1.6951199159934145, 0.25744424357926954, 0.05192309835763666, 2.5549638088547897, 2.867506216098801]","[4.745311671957009, 3.3935485830084007, 0.07054734128374363, 0.3334712874162578, 1.650442747441503, 1.771737937055923]",strict objective-evaluation cap 128 reached,ideal-statevector optimizer robustness under equal objective-evaluation cap; not hardware runtime,0.3095693144666076,0.2397909740344627,0.0746419652212753,True,0.7749431583459545,True,0.7105707260197933,True,0.6108577057894125
n8_d25_s17,8,0.25,17,3,1,COBYLA,128,128,1.0,False,evaluation_budget_exhausted,-1,0.32908940800001574,30.93507506476172,0.773376876619043,0.01080819019398534,"[3.2158701122134374, 5.971939531762716, 0.9057815605287021, 2.980270133958384, 0.9796473987943792, 1.329919262162498]","[3.3775792954256985, 5.819500589297482, 0.8970691097209577, 2.709619783069327, 0.9130048874796891, 1.0624997824453495]",Return from COBYLA because the objective function has been evaluated MAXFUN times.,ideal-statevector optimizer robustness under equal objective-evaluation cap; not hardware runtime,0.08560307470845535,0.050355680687121464,0.01080819019398534,True,0.8805017808103197,True,0.8751610039792308,True,0.6886000364821461
n8_d25_s17,8,0.25,17,3,1,L-BFGS-B,128,128,1.0,False,evaluation_budget_exhausted,-1,0.0876954459999979,30.244564723215582,0.7561141180803895,0.019516196430233973,"[3.2158701122134374, 5.971939531762716, 0.9057815605287021, 2.980270133958384, 0.9796473987943792, 1.329919262162498]","[3.3484452739330326, 5.8017892698455436, 0.8708360660043232, 2.7513333654447534, 0.7736552194008862, 1.1333573316333043]",strict objective-evaluation cap 128 reached,ideal-statevector optimizer robustness under equal objective-evaluation cap; not hardware runtime,0.0646801930547077,0.05231425073925307,0.019516196430233973,True,0.8597338243392603,True,0.8424671777911582,True,0.6466774698454245
n8_d25_s17,8,0.25,17,3,2,COBYLA,128,128,1.0,False,evaluation_budget_exhausted,-1,0.2016314989999728,27.413351361265857,0.6853337840316465,0.061962969649692175,"[1.6437575180951982, 1.8754751666228542, 5.115931210029399, 0.28876244855940497, 1.8852714037890694, 2.2888403987274435]","[2.0896409579386637, 1.89385925812525, 5.2415576076276125, 0.22074412836092033, 2.095313775360103, 2.030265448903477]",Return from COBYLA because the objective function has been evaluated MAXFUN times.,ideal-statevector optimizer robustness under equal objective-evaluation cap; not hardware runtime,0.15563565356053688,0.12975811255832034,0.061962969649692175,True,0.6676586204273012,True,0.5691619970622057,True,0.4649228282496402
n8_d25_s17,8,0.25,17,3,2,L-BFGS-B,128,128,1.0,False,evaluation_budget_exhausted,-1,0.07528417400004628,29.092421651890184,0.7273105412972546,0.021930976014771494,"[1.6437575180951982, 1.8754751666228542, 5.115931210029399, 0.28876244855940497, 1.8852714037890694, 2.2888403987274435]","[1.4280411899808685, 2.6055623089229383, 5.716680718415282, 1.389554117968233, 2.3079950817175927, 2.76279946454015]",strict objective-evaluation cap 128 reached,ideal-statevector optimizer robustness under equal objective-evaluation cap; not hardware runtime,0.15668587435676953,0.14835025549222408,0.021930976014771494,True,0.7707875726881586,True,0.6005090339298889,True,0.5792134966159055
n8_d25_s17,8,0.25,17,3,3,COBYLA,128,128,1.0,False,evaluation_budget_exhausted,-1,0.3257616249999842,33.10771814707979,0.8276929536769947,0.07896581416877999,"[0.5381495885689892, 1.4879242956303682, 5.034555946803014, 1.8289159756986941, 0.29571385095481995, 1.3607084135187315]","[0.4498295466524287, 1.5542528476747426, 4.930019807119592, 1.8689664424992412, 0.3672104218649019, 1.1348485418241843]",Return from COBYLA because the objective function has been evaluated MAXFUN times.,ideal-statevector optimizer robustness under equal objective-evaluation cap; not hardware runtime,0.4634194335404126,0.34547388894760267,0.07896581416877999,True,0.9200484222483937,True,0.9196181683553003,True,0.6186355728277041
n8_d25_s17,8,0.25,17,3,3,L-BFGS-B,128,128,1.0,False,evaluation_budget_exhausted,-1,0.09032079799999337,34.13683183771399,0.8534207959428498,0.08563641925294065,"[0.5381495885689892, 1.4879242956303682, 5.034555946803014, 1.8289159756986941, 0.29571385095481995, 1.3607084135187315]","[0.4242830756731687, 1.5864955296480274, 4.935565539952324, 2.1985569313885795, 0.3597303702975997, 1.168583747789369]",strict objective-evaluation cap 128 reached,ideal-statevector optimizer robustness under equal objective-evaluation cap; not hardware runtime,0.5696625058581337,0.4143731983946927,0.08563641925294065,True,0.9349816939441644,True,0.9347625622958771,True,0.6854406875712555
n8_d25_s17,8,0.25,17,3,4,COBYLA,128,128,1.0,False,evaluation_budget_exhausted,-1,0.47522896200001696,25.94891314835736,0.6487228287089339,0.01630435726870159,"[5.925396266378301, 3.212765766999291, 6.133920107929199, 0.25395385881583277, 1.9080646199105018, 1.1827674876547531]","[6.378269204880345, 3.1877749548693353, 6.1259715243748065, 0.29392127467197987, 1.9080646199105018, 1.6827926620939144]",Return from COBYLA because the objective function has been evaluated MAXFUN times.,ideal-statevector optimizer robustness under equal objective-evaluation cap; not hardware runtime,0.05515857852812304,0.04379962503698222,0.01630435726870159,True,0.6122371511600742,True,0.4084268653992712,True,0.3352246005448157
n8_d25_s17,8,0.25,17,3,4,L-BFGS-B,128,128,1.0,False,evaluation_budget_exhausted,-1,0.08612978600001497,27.39644064237337,0.6849110160593342,0.03888336289182175,"[5.925396266378301, 3.212765766999291, 6.133920107929199, 0.25395385881583277, 1.9080646199105018, 1.1827674876547531]","[6.283185297179586, 0.0, 1.567184230195422, 1.6080032778108735, 2.733967759035628, 2.788370610526117]",strict objective-evaluation cap 128 reached,ideal-statevector optimizer robustness under equal objective-evaluation cap; not hardware runtime,0.14655667530029387,0.1120590558956975,0.03888336289182175,True,0.6584685748851759,True,0.5666235577291858,True,0.4057591449638261
n8_d25_s42,8,0.25,42,1,0,COBYLA,128,82,0.640625,True,optimizer_converged,-1,0.15489680600001066,23.089801904054337,0.7448323194856238,0.021245711372540173,"[4.002148315014479, 0.8475599579967072]","[3.9196380525453156, 0.6308025288874857]",Return from COBYLA because the trust region radius reaches its lower bound.,ideal-statevector optimizer robustness under equal objective-evaluation cap; not hardware runtime,0.34158634870188553,0.17510903901954192,0.021245711372540173,True,0.40493631083691395,True,0.3777439889759784,True,0.17510903901954192
n8_d25_s42,8,0.25,42,1,0,L-BFGS-B,128,39,0.3046875,True,optimizer_converged,9,0.01216354399997499,23.089801904151095,0.744832319488745,0.021245610502146513,"[4.002148315014479, 0.8475599579967072]","[3.9196385166624776, 0.6308006636420572]",CONVERGENCE: RELATIVE REDUCTION OF F <= FACTR*EPSMCH,ideal-statevector optimizer robustness under equal objective-evaluation cap; not hardware runtime,0.3415869074521405,0.17510948852853633,0.021245610502146513,True,0.4049366455055775,True,0.3777446732978951,True,0.17510948852853633
n8_d25_s42,8,0.25,42,1,1,COBYLA,128,90,0.703125,True,optimizer_converged,-1,0.09933727899999667,23.807105951170122,0.7679711597151653,0.00013737524460847894,"[3.2158701122134374, 2.985969765881358]","[3.686565523887049, 2.7029971368779573]",Return from COBYLA because the trust region radius reaches its lower bound.,ideal-statevector optimizer robustness under equal objective-evaluation cap; not hardware runtime,0.29366652439530466,0.0003456364266424172,0.00013737524460847894,True,0.6613790447019112,True,0.4568504373430555,True,0.0003456364266424172
n8_d25_s42,8,0.25,42,1,1,L-BFGS-B,128,12,0.09375,True,optimizer_converged,2,0.0019958129999508856,19.000000000000007,0.6129032258064518,0.031250000000000014,"[3.2158701122134374, 2.985969765881358]","[0.0, 3.141592643589793]",CONVERGENCE: NORM OF PROJECTED GRADIENT <= PGTOL,ideal-statevector optimizer robustness under equal objective-evaluation cap; not hardware runtime,0.15625000000000006,0.06250000000000003,0.031250000000000014,True,0.28125000000000006,True,0.21875000000000006,True,0.06250000000000003
n8_d25_s42,8,0.25,42,1,2,COBYLA,128,81,0.6328125,True,optimizer_converged,-1,0.15397343000000774,23.846480433853596,0.769241304317858,0.06292777015286359,"[1.6437575180951982, 0.9377375833114271]","[2.15051252871222, 1.0598899971211488]",Return from COBYLA because the trust region radius reaches its lower bound.,ideal-statevector optimizer robustness under equal objective-evaluation cap; not hardware runtime,0.17931542153398067,0.1311075508297307,0.06292777015286359,True,0.6421213338333451,True,0.3854180679236041,True,0.1311075508297307
n8_d25_s42,8,0.25,42,1,2,L-BFGS-B,128,48,0.375,True,optimizer_converged,11,0.030607051999993473,21.61489578183525,0.6972547026398468,0.01613571786018815,"[1.6437575180951982, 0.9377375833114271]","[1.517032341247518, 0.9042806684902234]",CONVERGENCE: RELATIVE REDUCTION OF F <= FACTR*EPSMCH,ideal-statevector optimizer robustness under equal objective-evaluation cap; not hardware runtime,0.26378037931599,0.024014670405021886,0.01613571786018815,True,0.38259139746869675,True,0.3576573011828369,True,0.024014670405021886
n8_d25_s42,8,0.25,42,1,3,COBYLA,128,67,0.5234375,True,optimizer_converged,-1,0.07914543200001845,23.60420498493439,0.7614259672559481,0.0011393526814927504,"[0.5381495885689892, 0.7439621478151841]","[1.1720282733038374, 1.137740392896576]",Return from COBYLA because the trust region radius reaches its lower bound.,ideal-statevector optimizer robustness under equal objective-evaluation cap; not hardware runtime,0.23124086573180147,0.03685242261929574,0.0011393526814927504,True,0.48192684328616475,True,0.4720548762283413,True,0.03685242261929574
n8_d25_s42,8,0.25,42,1,3,L-BFGS-B,128,18,0.140625,True,optimizer_converged,2,0.0029850640000290696,19.000000000007176,0.6129032258066831,0.03125000000004803,"[0.5381495885689892, 0.7439621478151841]","[6.283185297179586, 3.1415910525524677]",CONVERGENCE: RELATIVE REDUCTION OF F <= FACTR*EPSMCH,ideal-statevector optimizer robustness under equal objective-evaluation cap; not hardware runtime,0.15625000000020817,0.06250000000009208,0.03125000000004803,True,0.2812500000003243,True,0.21875000000027223,True,0.06250000000009208
n8_d25_s42,8,0.25,42,1,4,COBYLA,128,19,0.1484375,True,optimizer_converged,-1,0.06389467800005377,23.414550196724157,0.7553080708620696,0.13805970734670805,"[5.925396266378301, 1.6063828834996454]","[6.425396266378301, 2.1063828834996454]",Return from COBYLA because the trust region radius reaches its lower bound.,ideal-statevector optimizer robustness under equal objective-evaluation cap; not hardware runtime,0.4535436317645547,0.24495320021781902,0.13805970734670805,True,0.6121309848003376,True,0.5450858404618047,True,0.24495320021781902
n8_d25_s42,8,0.25,42,1,4,L-BFGS-B,128,21,0.1640625,True,optimizer_converged,2,0.0068237909999879776,19.00000000000179,0.6129032258065094,0.03125000000001198,"[5.925396266378301, 1.6063828834996454]","[1e-08, 3.9881132885170545e-07]",CONVERGENCE: RELATIVE REDUCTION OF F <= FACTR*EPSMCH,ideal-statevector optimizer robustness under equal objective-evaluation cap; not hardware runtime,0.1562500000000519,0.06250000000002297,0.03125000000001198,True,0.28125000000008094,True,0.2187500000000679,True,0.06250000000002297
n8_d25_s42,8,0.25,42,2,0,COBYLA,128,128,1.0,False,evaluation_budget_exhausted,-1,0.32833140500002855,26.16314833201905,0.8439725268393241,0.025738267131022317,"[4.002148315014479, 1.6951199159934145, 0.12872212178963477, 0.05192309835763666]","[4.008522550708322, 1.7650870813386144, 0.4970952487241482, 0.279689902320859]",Return from COBYLA because the objective function has been evaluated MAXFUN times.,ideal-statevector optimizer robustness under equal objective-evaluation cap; not hardware runtime,0.4472386934323924,0.08154954331368086,0.025738267131022317,True,0.8398798928708923,True,0.6195588601043143,True,0.08154954331368086
n8_d25_s42,8,0.25,42,2,0,L-BFGS-B,128,110,0.859375,True,optimizer_converged,16,0.025081959999965875,23.79720029134144,0.7676516223013368,0.03472784763571358,"[4.002148315014479, 1.6951199159934145, 0.12872212178963477, 0.05192309835763666]","[4.81162951607799, 3.13569962603347, 1.0742641675362221, 1.0730428952083568]",CONVERGENCE: RELATIVE REDUCTION OF F <= FACTR*EPSMCH,ideal-statevector optimizer robustness under equal objective-evaluation cap; not hardware runtime,0.31993517191391374,0.0844034018438129,0.03472784763571358,True,0.5284971720464986,True,0.4263294698943242,True,0.0844034018438129
n8_d25_s42,8,0.25,42,2,1,COBYLA,128,128,1.0,False,evaluation_budget_exhausted,-1,0.3734047309999937,25.677240824640357,0.8282980911174309,0.006045207237241656,"[3.2158701122134374, 5.971939531762716, 0.45289078026435103, 2.980270133958384]","[3.243513952934652, 5.994297775234005, 0.4521809651436495, 2.799891040721639]",Return from COBYLA because the objective function has been evaluated MAXFUN times.,ideal-statevector optimizer robustness under equal objective-evaluation cap; not hardware runtime,0.6239101367709317,0.5395225946837546,0.006045207237241656,True,0.6501344770810273,True,0.625564720341454,True,0.5395225946837546
n8_d25_s42,8,0.25,42,2,1,L-BFGS-B,128,128,1.0,False,evaluation_budget_exhausted,-1,0.030423467999980858,26.106117681485912,0.8421328284350295,0.0008381798101650002,"[3.2158701122134374, 5.971939531762716, 0.45289078026435103, 2.980270133958384]","[3.2279450095768945, 5.992403104535436, 0.6848624126499577, 2.593121911665078]",strict objective-evaluation cap 128 reached,ideal-statevector optimizer robustness under equal objective-evaluation cap; not hardware runtime,0.5409320401556852,0.5063166616111638,0.0008381798101650002,True,0.5851186918686209,True,0.5414623016112385,True,0.5063166616111638
n8_d25_s42,8,0.25,42,2,2,COBYLA,128,128,1.0,False,evaluation_budget_exhausted,-1,0.16916360500005112,26.36254506261277,0.8504046794391217,0.2830013017827538,"[1.6437575180951982, 1.8754751666228542, 2.5579656050146995, 0.28876244855940497]","[2.056900622440632, 2.3456735029015867, 2.760613973735869, 0.9421336463346989]",Return from COBYLA because the objective function has been evaluated MAXFUN times.,ideal-statevector optimizer robustness under equal objective-evaluation cap; not hardware runtime,0.5174709535161592,0.2924501795322031,0.2830013017827538,True,0.6613593742298349,True,0.6272635012895711,True,0.2924501795322031
n8_d25_s42,8,0.25,42,2,2,L-BFGS-B,128,110,0.859375,True,optimizer_converged,13,0.07018490899997687,27.557159549096944,0.8889406306160305,0.2868836497315984,"[1.6437575180951982, 1.8754751666228542, 2.5579656050146995, 0.28876244855940497]","[1.3230779518934757, 1.938752333651708, 2.1933374892228668, 0.3973127496442489]",CONVERGENCE: RELATIVE REDUCTION OF F <= FACTR*EPSMCH,ideal-statevector optimizer robustness under equal objective-evaluation cap; not hardware runtime,0.6383491141782018,0.3010301014023581,0.2868836497315984,True,0.8221868317763623,True,0.8071506653367408,True,0.3010301014023581
n8_d25_s42,8,0.25,42,2,3,COBYLA,128,128,1.0,False,evaluation_budget_exhausted,-1,0.2557371830000079,26.27599230935065,0.8476126551403435,0.000359946194912236,"[0.5381495885689892, 1.4879242956303682, 2.517277973401507, 1.8289159756986941]","[0.5253572040037905, 2.090308288721977, 2.7980098741478194, 1.747696645020023]",Return from COBYLA because the objective function has been evaluated MAXFUN times.,ideal-statevector optimizer robustness under equal objective-evaluation cap; not hardware runtime,0.26143756794883377,0.0024689163424595896,0.000359946194912236,True,0.9465408800188202,True,0.5753218017610076,True,0.0024689163424595896
n8_d25_s42,8,0.25,42,2,3,L-BFGS-B,128,115,0.8984375,True,optimizer_converged,18,0.06483876999999438,26.868873881431043,0.8667378671429369,0.007045265949447146,"[0.5381495885689892, 1.4879242956303682, 2.517277973401507, 1.8289159756986941]","[0.5631104579004703, 1.3534431321770353, 2.7013046308067437, 2.0291146066453094]",CONVERGENCE: RELATIVE REDUCTION OF F <= FACTR*EPSMCH,ideal-statevector optimizer robustness under equal objective-evaluation cap; not hardware runtime,0.5861232360244897,0.013603327236744142,0.007045265949447146,True,0.9098491631742653,True,0.7810171063760203,True,0.013603327236744142
n8_d25_s42,8,0.25,42,2,4,COBYLA,128,128,1.0,False,evaluation_budget_exhausted,-1,0.32023960699996223,28.220191433317936,0.9103287559134818,0.20843149268149438,"[5.925396266378301, 3.212765766999291, 3.0669600539645994, 0.25395385881583277]","[6.16360308257788, 3.4279887890132854, 2.800142337327181, 0.2095052526603575]",Return from COBYLA because the objective function has been evaluated MAXFUN times.,ideal-statevector optimizer robustness under equal objective-evaluation cap; not hardware runtime,0.7152905703877988,0.42208567927735424,0.20843149268149438,True,0.9057104244054143,True,0.8188735159304299,True,0.42208567927735424
n8_d25_s42,8,0.25,42,2,4,L-BFGS-B,128,20,0.15625,True,optimizer_converged,2,0.009833791000005476,19.000000000000014,0.6129032258064521,0.031250000000000014,"[5.925396266378301, 3.212765766999291, 3.0669600539645994, 0.25395385881583277]","[6.283185307179586, 3.659913866044344, 3.141592643589793, 0.0]",CONVERGENCE: RELATIVE REDUCTION OF F <= FACTR*EPSMCH,ideal-statevector optimizer robustness under equal objective-evaluation cap; not hardware runtime,0.1562500000000001,0.06250000000000004,0.031250000000000014,True,0.2812500000000002,True,0.21875000000000017,True,0.06250000000000004
n8_d25_s42,8,0.25,42,3,0,COBYLA,128,128,1.0,False,evaluation_budget_exhausted,-1,0.20210083699998904,26.736547110691248,0.8624692616352015,0.04358443741057904,"[4.002148315014479, 1.6951199159934145, 0.25744424357926954, 0.05192309835763666, 2.5549638088547897, 2.867506216098801]","[4.517431170929096, 2.3152518885713684, 0.3872565049894488, 0.09596247986762466, 2.5093226633629913, 2.8689659946453294]",Return from COBYLA because the objective function has been evaluated MAXFUN times.,ideal-statevector optimizer robustness under equal objective-evaluation cap; not hardware runtime,0.315926072183797,0.07142599377776254,0.04358443741057904,True,0.9541375017590698,True,0.6267529553382878,True,0.07142599377776254
n8_d25_s42,8,0.25,42,3,0,L-BFGS-B,128,21,0.1640625,True,optimizer_converged,2,0.006265595999991547,19.000000000000192,0.6129032258064578,0.03125000000000114,"[4.002148315014479, 1.6951199159934145, 0.25744424357926954, 0.05192309835763666, 2.5549638088547897, 2.867506216098801]","[0.0, 0.0, 6.283185297179586, 3.1415926056281567, 4.579706948727306e-08, 3.141592617017382]",CONVERGENCE: RELATIVE REDUCTION OF F <= FACTR*EPSMCH,ideal-statevector optimizer robustness under equal objective-evaluation cap; not hardware runtime,0.15625000000000494,0.06250000000000218,0.03125000000000114,True,0.28125000000000777,True,0.21875000000000652,True,0.06250000000000218
n8_d25_s42,8,0.25,42,3,1,COBYLA,128,128,1.0,False,evaluation_budget_exhausted,-1,0.33565545799996244,25.939638336404087,0.836762526980777,0.07112465639477136,"[3.2158701122134374, 5.971939531762716, 0.9057815605287021, 2.980270133958384, 0.9796473987943792, 1.329919262162498]","[3.1483819054154405, 5.930803464809327, 0.8444025029330925, 2.7532018870018478, 0.9627605547207674, 1.5395812470191639]",Return from COBYLA because the objective function has been evaluated MAXFUN times.,ideal-statevector optimizer robustness under equal objective-evaluation cap; not hardware runtime,0.5089662309744043,0.49019671295871803,0.07112465639477136,True,0.5491921422889847,True,0.5148542247027568,True,0.49019671295871803
n8_d25_s42,8,0.25,42,3,1,L-BFGS-B,128,128,1.0,False,evaluation_budget_exhausted,-1,0.09720817499999157,26.628545443478245,0.858985336886395,0.04268810236298418,"[3.2158701122134374, 5.971939531762716, 0.9057815605287021, 2.980270133958384, 0.9796473987943792, 1.329919262162498]","[3.3037633482370192, 5.738531884370619, 0.9702151430025693, 2.961491214982756, 0.8978681490326856, 1.4494777893709567]",strict objective-evaluation cap 128 reached,ideal-statevector optimizer robustness under equal objective-evaluation cap; not hardware runtime,0.6324685479902845,0.5624938747777647,0.04268810236298418,True,0.7028035664593777,True,0.6380957441942638,True,0.5624938747777647
n8_d25_s42,8,0.25,42,3,2,COBYLA,128,128,1.0,False,evaluation_budget_exhausted,-1,0.36931971899997507,26.578440983709736,0.8573690639906366,0.008769280929706394,"[1.6437575180951982, 1.8754751666228542, 5.115931210029399, 0.28876244855940497, 1.8852714037890694, 2.2888403987274435]","[2.2433218876051457, 1.725602607772656, 4.879073595648906, -3.8069240786813926e-20, 2.386968771169517, 1.9296443081652428]",Return from COBYLA because the objective function has been evaluated MAXFUN times.,ideal-statevector optimizer robustness under equal objective-evaluation cap; not hardware runtime,0.32595968805743303,0.05604521624776396,0.008769280929706394,True,0.9517689967280831,True,0.5895109390670505,True,0.05604521624776396
n8_d25_s42,8,0.25,42,3,2,L-BFGS-B,128,128,1.0,False,evaluation_budget_exhausted,-1,0.09049497499995596,28.1326005205702,0.9075032425990387,0.29248568047855406,"[1.6437575180951982, 1.8754751666228542, 5.115931210029399, 0.28876244855940497, 1.8852714037890694, 2.2888403987274435]","[1.699869368138363, 1.141896761295491, 3.297911736117065, 0.1333354495228665, 1.1322168994673198, 2.8721359038571146]",strict objective-evaluation cap 128 reached,ideal-statevector optimizer robustness under equal objective-evaluation cap; not hardware runtime,0.7830972881994873,0.5400305049670064,0.29248568047855406,True,0.8241627131387022,True,0.8094563576489462,True,0.5400305049670064
n8_d25_s42,8,0.25,42,3,3,COBYLA,128,128,1.0,False,evaluation_budget_exhausted,-1,0.1848752500000046,27.199142229872887,0.8773916848346093,0.036011718547662,"[0.5381495885689892, 1.4879242956303682, 5.034555946803014, 1.8289159756986941, 0.29571385095481995, 1.3607084135187315]","[1.0529745305052727, 1.5274727496625136, 5.087809530814804, 1.5437367811975653, 0.3894589626930951, 2.0376741085993557]",Return from COBYLA because the objective function has been evaluated MAXFUN times.,ideal-statevector optimizer robustness under equal objective-evaluation cap; not hardware runtime,0.4892014562197889,0.05167639955372812,0.036011718547662,True,0.9348225862947175,True,0.791196800565034,True,0.05167639955372812
n8_d25_s42,8,0.25,42,3,3,L-BFGS-B,128,128,1.0,False,evaluation_budget_exhausted,-1,0.05402283900002658,25.088167792702492,0.8092957352484675,0.20529088699429526,"[0.5381495885689892, 1.4879242956303682, 5.034555946803014, 1.8289159756986941, 0.29571385095481995, 1.3607084135187315]","[0.7517219412684129, 0.0, 6.2831788483925815, 2.0068928980173735, 3.141584751405126, 3.141587309445611]",strict objective-evaluation cap 128 reached,ideal-statevector optimizer robustness under equal objective-evaluation cap; not hardware runtime,0.4124283165419713,0.2879716793908369,0.20529088699429526,True,0.43418793148400214,True,0.4284769191090766,True,0.2879716793908369
n8_d25_s42,8,0.25,42,3,4,COBYLA,128,128,1.0,False,evaluation_budget_exhausted,-1,0.4017807060000109,26.003990691044258,0.8388384093885245,0.03031496927468846,"[5.925396266378301, 3.212765766999291, 6.133920107929199, 0.25395385881583277, 1.9080646199105018, 1.1827674876547531]","[6.268524329393329, 3.98808957162096, 5.971172572682221, 0.012535042757635138, 2.2976109118182775, 1.1754882708243175]",Return from COBYLA because the objective function has been evaluated MAXFUN times.,ideal-statevector optimizer robustness under equal objective-evaluation cap; not hardware runtime,0.5173154745371881,0.16433575864117825,0.03031496927468846,True,0.7532012155480243,True,0.5800993874600546,True,0.16433575864117825
n8_d25_s42,8,0.25,42,3,4,L-BFGS-B,128,128,1.0,False,evaluation_budget_exhausted,-1,0.098349982000002,25.41421509453813,0.8198133901463912,0.06786952621831052,"[5.925396266378301, 3.212765766999291, 6.133920107929199, 0.25395385881583277, 1.9080646199105018, 1.1827674876547531]","[4.164879407078664, 2.94579653049625, 4.252989511251503, 0.5748587616286136, 1.6408400255603877, 1.3708155395559656]",strict objective-evaluation cap 128 reached,ideal-statevector optimizer robustness under equal objective-evaluation cap; not hardware runtime,0.1369164355842778,0.09551495317851416,0.06786952621831052,True,0.7806827610101357,True,0.5746434226778201,True,0.09551495317851416
n8_d50_s17,8,0.5,17,1,0,COBYLA,128,89,0.6953125,True,optimizer_converged,-1,0.16536339999998972,42.30088184673897,0.7421207341533153,0.02017622878513063,"[4.002148315014479, 0.8475599579967072]","[3.4029304471531505, 0.44611368504492976]",Return from COBYLA because the trust region radius reaches its lower bound.,ideal-statevector optimizer robustness under equal objective-evaluation cap; not hardware runtime,0.18565495557141712,0.05820242695046009,0.02017622878513063,True,0.26536875471683985,True,0.11186670463998595,False,0.0
n8_d50_s17,8,0.5,17,1,0,L-BFGS-B,128,57,0.4453125,True,optimizer_converged,10,0.028537748000019292,41.53503614510923,0.7286848446510391,0.01821735994780539,"[4.002148315014479, 0.8475599579967072]","[2.327049452577775, 2.7323137814348413]",CONVERGENCE: RELATIVE REDUCTION OF F <= FACTR*EPSMCH,ideal-statevector optimizer robustness under equal objective-evaluation cap; not hardware runtime,0.19087984057475746,0.06568592270125559,0.01821735994780539,True,0.2994780297364383,True,0.0935437312487262,False,0.0
n8_d50_s17,8,0.5,17,1,1,COBYLA,128,128,1.0,False,evaluation_budget_exhausted,-1,0.12787407599995504,42.89494289392968,0.75254285778824,0.02871949028145574,"[3.2158701122134374, 2.985969765881358]","[3.5855451271950005, 2.626945178914643]",Return from COBYLA because the objective function has been evaluated MAXFUN times.,ideal-statevector optimizer robustness under equal objective-evaluation cap; not hardware runtime,0.21682356090197774,0.07515859092420024,0.02871949028145574,True,0.3671324812395496,True,0.1201165909252313,False,0.0
n8_d50_s17,8,0.5,17,1,1,L-BFGS-B,128,48,0.375,True,optimizer_converged,8,0.007514754999988327,41.425640028955826,0.7267656145430846,0.024937349196518868,"[3.2158701122134374, 2.985969765881358]","[2.1357779912473696, 1.1628081830923633]",CONVERGENCE: RELATIVE REDUCTION OF F <= FACTR*EPSMCH,ideal-statevector optimizer robustness under equal objective-evaluation cap; not hardware runtime,0.20191632692227102,0.06520125954510658,0.024937349196518868,True,0.2635471890125007,True,0.0974075552086015,False,0.0
n8_d50_s17,8,0.5,17,1,2,COBYLA,128,128,1.0,False,evaluation_budget_exhausted,-1,0.2729897689999916,41.425639959434,0.7267656133234035,0.02493689584085739,"[1.6437575180951982, 0.9377375833114271]","[2.1357756248190807, 1.1627551540908785]",Return from COBYLA because the objective function has been evaluated MAXFUN times.,ideal-statevector optimizer robustness under equal objective-evaluation cap; not hardware runtime,0.20191437357600653,0.0652008618728979,0.02493689584085739,True,0.26354440970537557,True,0.09740668528958296,False,0.0
n8_d50_s17,8,0.5,17,1,2,L-BFGS-B,128,51,0.3984375,True,optimizer_converged,8,0.027260875000024498,41.425640028955655,0.7267656145430816,0.02493734995042267,"[1.6437575180951982, 0.9377375833114271]","[2.1357779776164825, 1.1628080591908825]",CONVERGENCE: RELATIVE REDUCTION OF F <= FACTR*EPSMCH,ideal-statevector optimizer robustness under equal objective-evaluation cap; not hardware runtime,0.20191632130665357,0.06520126101966064,0.02493734995042267,True,0.2635471856331478,True,0.0974075575694485,False,0.0
n8_d50_s17,8,0.5,17,1,3,COBYLA,128,128,1.0,False,evaluation_budget_exhausted,-1,0.13554767199997286,40.266888104252786,0.7064366334079436,0.03646378631641092,"[0.5381495885689892, 0.7439621478151841]","[1.752021575476287, 0.3052830178106864]",Return from COBYLA because the objective function has been evaluated MAXFUN times.,ideal-statevector optimizer robustness under equal objective-evaluation cap; not hardware runtime,0.18768589032515787,0.04285871697528399,0.03646378631641092,True,0.25263647273206097,True,0.1001088851022303,False,0.0
n8_d50_s17,8,0.5,17,1,3,L-BFGS-B,128,30,0.234375,True,optimizer_converged,2,0.008299259000011716,38.000000000000014,0.666666666666667,0.015625000000000007,"[0.5381495885689892, 0.7439621478151841]","[0.0, 3.141592643589793]",CONVERGENCE: RELATIVE REDUCTION OF F <= FACTR*EPSMCH,ideal-statevector optimizer robustness under equal objective-evaluation cap; not hardware runtime,0.11718750000000004,0.031250000000000014,0.015625000000000007,True,0.19531250000000006,True,0.06250000000000003,False,0.0
n8_d50_s17,8,0.5,17,1,4,COBYLA,128,19,0.1484375,True,optimizer_converged,-1,0.07010402600002408,42.730588141833294,0.7496594410847947,0.061061603958794536,"[5.925396266378301, 1.6063828834996454]","[6.425396266378301, 2.1063828834996454]",Return from COBYLA because the trust region radius reaches its lower bound.,ideal-statevector optimizer robustness under equal objective-evaluation cap; not hardware runtime,0.31983869802258813,0.12650444573884911,0.061061603958794536,True,0.44506278243056674,True,0.21273177265051102,False,0.0
n8_d50_s17,8,0.5,17,1,4,L-BFGS-B,128,39,0.3046875,True,optimizer_converged,8,0.015146805000028962,41.53503614510924,0.7286848446510392,0.018217363823279882,"[5.925396266378301, 1.6063828834996454]","[3.9561358538364195, 1.9800752411173843]",CONVERGENCE: RELATIVE REDUCTION OF F <= FACTR*EPSMCH,ideal-statevector optimizer robustness under equal objective-evaluation cap; not hardware runtime,0.19087983910406958,0.06568592282349214,0.018217363823279882,True,0.2994780286762338,True,0.09354373501713306,False,0.0
n8_d50_s17,8,0.5,17,2,0,COBYLA,128,128,1.0,False,evaluation_budget_exhausted,-1,0.2997880959999861,44.126463221251825,0.7741484775658215,0.04036779601551692,"[4.002148315014479, 1.6951199159934145, 0.12872212178963477, 0.05192309835763666]","[3.994248969339423, 1.65499759797177, 0.41895404806742, 0.36388268284801517]",Return from COBYLA because the objective function has been evaluated MAXFUN times.,ideal-statevector optimizer robustness under equal objective-evaluation cap; not hardware runtime,0.29528393091857924,0.11643057298570045,0.04036779601551692,True,0.39010963286154804,True,0.22621636918919946,False,0.0
n8_d50_s17,8,0.5,17,2,0,L-BFGS-B,128,125,0.9765625,True,optimizer_converged,16,0.07626290499996458,43.77876078104943,0.7680484347552531,0.02336662466297669,"[4.002148315014479, 1.6951199159934145, 0.12872212178963477, 0.05192309835763666]","[2.702363983163646, 1.0630730653159854, 1.2118982995673369, 1.0096289345230356]",CONVERGENCE: RELATIVE REDUCTION OF F <= FACTR*EPSMCH,ideal-statevector optimizer robustness under equal objective-evaluation cap; not hardware runtime,0.27548140233897866,0.06194602069734241,0.02336662466297669,True,0.33253732776678113,True,0.155578294819765,False,0.0
n8_d50_s17,8,0.5,17,2,1,COBYLA,128,128,1.0,False,evaluation_budget_exhausted,-1,0.3117053560000045,42.30049627014537,0.7421139696516732,0.01987278850595934,"[3.2158701122134374, 5.971939531762716, 0.45289078026435103, 2.980270133958384]","[3.1420645209187987, 6.021707118003001, 0.9843251076644912, 2.6993952187977155]",Return from COBYLA because the objective function has been evaluated MAXFUN times.,ideal-statevector optimizer robustness under equal objective-evaluation cap; not hardware runtime,0.18583252045242885,0.05832685592657345,0.01987278850595934,True,0.2656333433553482,True,0.11226679808566964,False,0.0
n8_d50_s17,8,0.5,17,2,1,L-BFGS-B,128,100,0.78125,True,optimizer_converged,9,0.0699189439999941,48.85440874669759,0.8570948902929402,0.08434827694983488,"[3.2158701122134374, 5.971939531762716, 0.45289078026435103, 2.980270133958384]","[6.198697990353534, 3.040130959826016, 2.8093433117440623, 0.0]",CONVERGENCE: RELATIVE REDUCTION OF F <= FACTR*EPSMCH,ideal-statevector optimizer robustness under equal objective-evaluation cap; not hardware runtime,0.48708787845950086,0.1707371139669745,0.08434827694983488,True,0.6522657143263904,True,0.2958404931616123,False,0.0
n8_d50_s17,8,0.5,17,2,2,COBYLA,128,128,1.0,False,evaluation_budget_exhausted,-1,0.17714841299999762,44.10355133795102,0.7737465147008951,0.037617888129093835,"[1.6437575180951982, 1.8754751666228542, 2.5579656050146995, 0.28876244855940497]","[2.1876142448399247, 1.7804053301654865, 2.8059529930050098, 0.38898089713918577]",Return from COBYLA because the objective function has been evaluated MAXFUN times.,ideal-statevector optimizer robustness under equal objective-evaluation cap; not hardware runtime,0.3214826775237754,0.12270165368938345,0.037617888129093835,True,0.3985674509604837,True,0.17767426106458484,False,0.0
n8_d50_s17,8,0.5,17,2,2,L-BFGS-B,128,20,0.15625,True,optimizer_converged,2,0.0045445110000059685,38.000000000001485,0.6666666666666927,0.015625000000003532,"[1.6437575180951982, 1.8754751666228542, 2.5579656050146995, 0.28876244855940497]","[0.0, 1e-08, 1.5199125707598093, 1.4869941608237006e-07]",CONVERGENCE: RELATIVE REDUCTION OF F <= FACTR*EPSMCH,ideal-statevector optimizer robustness under equal objective-evaluation cap; not hardware runtime,0.11718750000002229,0.031250000000006876,0.015625000000003532,True,0.19531250000003267,True,0.06250000000001282,False,0.0
n8_d50_s17,8,0.5,17,2,3,COBYLA,128,128,1.0,False,evaluation_budget_exhausted,-1,0.294037478000007,44.552443366033884,0.7816218134391909,0.02416505910003739,"[0.5381495885689892, 1.4879242956303682, 2.517277973401507, 1.8289159756986941]","[0.44557271976488144, 1.553283176544501, 2.790089463355622, 1.7944507647200492]",Return from COBYLA because the objective function has been evaluated MAXFUN times.,ideal-statevector optimizer robustness under equal objective-evaluation cap; not hardware runtime,0.2359027385536419,0.06240459400675849,0.02416505910003739,True,0.4423636921436558,True,0.11199876759945371,False,0.0
n8_d50_s17,8,0.5,17,2,3,L-BFGS-B,128,110,0.859375,True,optimizer_converged,17,0.05079367299998694,46.62569743884168,0.8179946919095031,0.0795161071561292,"[0.5381495885689892, 1.4879242956303682, 2.517277973401507, 1.8289159756986941]","[0.4345085839073502, 2.0518802358486585, 2.723552260491281, 1.8377812809727911]",CONVERGENCE: RELATIVE REDUCTION OF F <= FACTR*EPSMCH,ideal-statevector optimizer robustness under equal objective-evaluation cap; not hardware runtime,0.35780112204361436,0.1789160390730815,0.0795161071561292,True,0.5275084520452903,True,0.22361767925658033,False,0.0
n8_d50_s17,8,0.5,17,2,4,COBYLA,128,128,1.0,False,evaluation_budget_exhausted,-1,0.3195671199999879,49.99646865824535,0.8771310290920237,0.12850915772589444,"[5.925396266378301, 3.212765766999291, 3.0669600539645994, 0.25395385881583277]","[6.194299883462885, 2.641216832820826, 2.812727177777723, 0.16409270875038565]",Return from COBYLA because the objective function has been evaluated MAXFUN times.,ideal-statevector optimizer robustness under equal objective-evaluation cap; not hardware runtime,0.5725690271416158,0.2418349309892037,0.12850915772589444,True,0.7081234592451603,True,0.38832096872042726,False,0.0
n8_d50_s17,8,0.5,17,2,4,L-BFGS-B,128,60,0.46875,True,optimizer_converged,8,0.0267243089999738,40.26688812501202,0.7064366337721406,0.03646329683074121,"[5.925396266378301, 3.212765766999291, 3.0669600539645994, 0.25395385881583277]","[4.531165367568156, 0.0, 2.836281360443191, 6.841473179781163e-11]",CONVERGENCE: RELATIVE REDUCTION OF F <= FACTR*EPSMCH,ideal-statevector optimizer robustness under equal objective-evaluation cap; not hardware runtime,0.18768488256196209,0.04285693725665229,0.03646329683074121,True,0.25263537764007504,True,0.10010850114082205,False,0.0
n8_d50_s17,8,0.5,17,3,0,COBYLA,128,128,1.0,False,evaluation_budget_exhausted,-1,0.2470080790000111,45.23141146114244,0.7935335344060078,0.015768382585301312,"[4.002148315014479, 1.6951199159934145, 0.25744424357926954, 0.05192309835763666, 2.5549638088547897, 2.867506216098801]","[4.533177243193617, 2.181653771374013, 0.22791134623006382, -4.376282084633913e-20, 2.6732093959820094, 2.952924061749714]",Return from COBYLA because the objective function has been evaluated MAXFUN times.,ideal-statevector optimizer robustness under equal objective-evaluation cap; not hardware runtime,0.3029198786277645,0.11334551794877226,0.015768382585301312,True,0.4697687366950075,True,0.1441155329125408,False,0.0
n8_d50_s17,8,0.5,17,3,0,L-BFGS-B,128,42,0.328125,True,optimizer_converged,2,0.012683352000010473,38.00000000000733,0.6666666666667953,0.015625000000017337,"[4.002148315014479, 1.6951199159934145, 0.25744424357926954, 0.05192309835763666, 2.5549638088547897, 2.867506216098801]","[6.283185297179586, 6.283185307179586, 6.283185307179586, 3.1415917885559486, 3.1415919457537833, 8.423573155369679e-07]",CONVERGENCE: RELATIVE REDUCTION OF F <= FACTR*EPSMCH,ideal-statevector optimizer robustness under equal objective-evaluation cap; not hardware runtime,0.11718750000010954,0.031250000000033765,0.015625000000017337,True,0.19531250000016065,True,0.06250000000006298,False,0.0
n8_d50_s17,8,0.5,17,3,1,COBYLA,128,128,1.0,False,evaluation_budget_exhausted,-1,0.36727545500002634,42.53929370263906,0.7463033982919133,0.01962943470168496,"[3.2158701122134374, 5.971939531762716, 0.9057815605287021, 2.980270133958384, 0.9796473987943792, 1.329919262162498]","[3.1615814157052737, 6.012067856664731, 1.3940132442665172, 2.9672950916521765, 1.1196898572165028, 1.4308905512982757]",Return from COBYLA because the objective function has been evaluated MAXFUN times.,ideal-statevector optimizer robustness under equal objective-evaluation cap; not hardware runtime,0.19262280591623887,0.06647647526677229,0.01962943470168496,True,0.2895804101122242,True,0.12184024235420429,False,0.0
n8_d50_s17,8,0.5,17,3,1,L-BFGS-B,128,128,1.0,False,evaluation_budget_exhausted,-1,0.09905567499998824,43.44021540105166,0.7621090421237133,0.03108701333398221,"[3.2158701122134374, 5.971939531762716, 0.9057815605287021, 2.980270133958384, 0.9796473987943792, 1.329919262162498]","[3.184000837926219, 5.955039436428137, 0.9415709264704114, 3.1279150403606177, 1.3116357225533197, 1.2337477952864306]",strict objective-evaluation cap 128 reached,ideal-statevector optimizer robustness under equal objective-evaluation cap; not hardware runtime,0.23727684008926545,0.05433228792830053,0.03108701333398221,True,0.2805367387389847,True,0.1166949022496768,False,0.0
n8_d50_s17,8,0.5,17,3,2,COBYLA,128,128,1.0,False,evaluation_budget_exhausted,-1,0.35346568900001785,42.9450682436718,0.7534222498889789,0.028494201020016374,"[1.6437575180951982, 1.8754751666228542, 5.115931210029399, 0.28876244855940497, 1.8852714037890694, 2.2888403987274435]","[2.0318451406434423, 2.478905967921282, 5.148662339211119, 0.20989148230656043, 1.712443840225552, 2.059197889805567]",Return from COBYLA because the objective function has been evaluated MAXFUN times.,ideal-statevector optimizer robustness under equal objective-evaluation cap; not hardware runtime,0.1983637586536501,0.04401213570963107,0.028494201020016374,True,0.31662484384117184,True,0.1126178961969177,False,0.0
n8_d50_s17,8,0.5,17,3,2,L-BFGS-B,128,63,0.4921875,True,optimizer_converged,2,0.033504610000022694,38.00000000001488,0.6666666666669276,0.015625000000035198,"[1.6437575180951982, 1.8754751666228542, 5.115931210029399, 0.28876244855940497, 1.8852714037890694, 2.2888403987274435]","[6.283185297179586, 0.0, 0.0, 1.49912842142196e-06, 3.141591139013691, 3.1415911869969237]",CONVERGENCE: RELATIVE REDUCTION OF F <= FACTR*EPSMCH,ideal-statevector optimizer robustness under equal objective-evaluation cap; not hardware runtime,0.11718750000022231,0.03125000000006854,0.015625000000035198,True,0.19531250000032607,True,0.06250000000012783,False,0.0
n8_d50_s17,8,0.5,17,3,3,COBYLA,128,128,1.0,False,evaluation_budget_exhausted,-1,0.1850832270000069,44.71908249550289,0.7845453069386472,0.07277631087387841,"[0.5381495885689892, 1.4879242956303682, 5.034555946803014, 1.8289159756986941, 0.29571385095481995, 1.3607084135187315]","[1.0759306210426063, 1.4012632066636075, 5.567452594151728, 1.8872920188653317, 0.32927216889295374, 1.7017768175310493]",Return from COBYLA because the objective function has been evaluated MAXFUN times.,ideal-statevector optimizer robustness under equal objective-evaluation cap; not hardware runtime,0.25601943540978767,0.09116589813018665,0.07277631087387841,True,0.3085431013624907,True,0.18102231921968226,False,0.0
n8_d50_s17,8,0.5,17,3,3,L-BFGS-B,128,128,1.0,False,evaluation_budget_exhausted,-1,0.09847682700001315,43.36760535596436,0.7608351816835852,0.02524624846299416,"[0.5381495885689892, 1.4879242956303682, 5.034555946803014, 1.8289159756986941, 0.29571385095481995, 1.3607084135187315]","[0.40624120602996194, 1.1932339491826174, 5.51365818553671, 1.2080143839921493, 1.4604847726362948, 1.6721202585395547]",strict objective-evaluation cap 128 reached,ideal-statevector optimizer robustness under equal objective-evaluation cap; not hardware runtime,0.1987053996212486,0.05728444481390903,0.02524624846299416,True,0.362816733541399,True,0.09110237492481552,False,0.0
n8_d50_s17,8,0.5,17,3,4,COBYLA,128,128,1.0,False,evaluation_budget_exhausted,-1,0.4064512379999883,44.89222989862094,0.7875829806775604,0.068613596883639,"[5.925396266378301, 3.212765766999291, 6.133920107929199, 0.25395385881583277, 1.9080646199105018, 1.1827674876547531]","[6.470646767345941, 3.712765766999291, 6.177032080305531, 0.25395385881583277, 1.9080646199105018, 1.1827674876547531]",Return from COBYLA because the objective function has been evaluated MAXFUN times.,ideal-statevector optimizer robustness under equal objective-evaluation cap; not hardware runtime,0.3882211187350613,0.14853560523005158,0.068613596883639,True,0.4701369335005509,True,0.2401338977530158,False,0.0
n8_d50_s17,8,0.5,17,3,4,L-BFGS-B,128,128,1.0,False,evaluation_budget_exhausted,-1,0.10034449799996992,39.4511364260828,0.692125200457593,0.005528654449639264,"[5.925396266378301, 3.212765766999291, 6.133920107929199, 0.25395385881583277, 1.9080646199105018, 1.1827674876547531]","[3.0937958108702577, 6.26887858024123, 6.250933433545142, 0.33840061608478533, 3.141592653589793, 0.2740820502066308]",strict objective-evaluation cap 128 reached,ideal-statevector optimizer robustness under equal objective-evaluation cap; not hardware runtime,0.0737458109027146,0.008955018315181779,0.005528654449639264,True,0.15992414485090642,True,0.039416007321286,False,0.0
n8_d50_s42,8,0.5,42,1,0,COBYLA,128,128,1.0,False,evaluation_budget_exhausted,-1,0.2777174299999956,40.69827366924108,0.678304561154018,0.0318000044371044,"[4.002148315014479, 0.8475599579967072]","[4.040407932629368, 0.5655790604576245]",Return from COBYLA because the objective function has been evaluated MAXFUN times.,ideal-statevector optimizer robustness under equal objective-evaluation cap; not hardware runtime,0.07823289702904795,0.0318000044371044,0.0318000044371044,True,0.2235541415205468,True,0.07823289702904795,True,0.0318000044371044
n8_d50_s42,8,0.5,42,1,0,L-BFGS-B,128,36,0.28125,True,optimizer_converged,8,0.011369887000000745,40.69827373812855,0.6783045623021425,0.03180105247250908,"[4.002148315014479, 0.8475599579967072]","[4.040410420835735, 0.5656597695912043]",CONVERGENCE: RELATIVE REDUCTION OF F <= FACTR*EPSMCH,ideal-statevector optimizer robustness under equal objective-evaluation cap; not hardware runtime,0.07823484745175047,0.03180105247250908,0.03180105247250908,True,0.22356983789574109,True,0.07823484745175047,True,0.03180105247250908
n8_d50_s42,8,0.5,42,1,1,COBYLA,128,128,1.0,False,evaluation_budget_exhausted,-1,0.13510676499998908,41.72798772905723,0.6954664621509539,0.00012984161353344042,"[3.2158701122134374, 2.985969765881358]","[3.2293857084417703, 2.6766526929432275]",Return from COBYLA because the objective function has been evaluated MAXFUN times.,ideal-statevector optimizer robustness under equal objective-evaluation cap; not hardware runtime,0.0028309380167798747,0.00012984161353344042,0.00012984161353344042,True,0.09892728364800674,True,0.0028309380167798747,True,0.00012984161353344042
n8_d50_s42,8,0.5,42,1,1,L-BFGS-B,128,39,0.3046875,True,optimizer_converged,9,0.006242477999990115,40.42644803715787,0.6737741339526312,0.0029167278946675406,"[3.2158701122134374, 2.985969765881358]","[3.565206082296241, 2.797104376598889]",CONVERGENCE: RELATIVE REDUCTION OF F <= FACTR*EPSMCH,ideal-statevector optimizer robustness under equal objective-evaluation cap; not hardware runtime,0.05915694828232441,0.0029167278946675406,0.0029167278946675406,True,0.23531931496348546,True,0.05915694828232441,True,0.0029167278946675406
n8_d50_s42,8,0.5,42,1,2,COBYLA,128,113,0.8828125,True,optimizer_converged,-1,0.228174059999958,43.63178910272822,0.7271964850454703,0.030342395976705988,"[1.6437575180951982, 0.9377375833114271]","[1.88563288312012, 1.1552357102776383]",Return from COBYLA because the trust region radius reaches its lower bound.,ideal-statevector optimizer robustness under equal objective-evaluation cap; not hardware runtime,0.1483078311334509,0.030342395976705988,0.030342395976705988,True,0.3709222998098548,True,0.1483078311334509,True,0.030342395976705988
n8_d50_s42,8,0.5,42,1,2,L-BFGS-B,128,24,0.1875,True,optimizer_converged,2,0.008394850000001952,38.500000000001805,0.6416666666666967,0.01562500000000471,"[1.6437575180951982, 0.9377375833114271]","[1e-08, 1.760268174284844e-07]",CONVERGENCE: NORM OF PROJECTED GRADIENT <= PGTOL,ideal-statevector optimizer robustness under equal objective-evaluation cap; not hardware runtime,0.04687500000001195,0.01562500000000471,0.01562500000000471,True,0.18750000000003592,True,0.04687500000001195,True,0.01562500000000471
n8_d50_s42,8,0.5,42,1,3,COBYLA,128,128,1.0,False,evaluation_budget_exhausted,-1,0.21602745800004186,43.038209136985,0.7173034856164168,0.04458269561858305,"[0.5381495885689892, 0.7439621478151841]","[1.2365670136650673, 1.175295015355911]",Return from COBYLA because the objective function has been evaluated MAXFUN times.,ideal-statevector optimizer robustness under equal objective-evaluation cap; not hardware runtime,0.1480536507505693,0.04458269561858305,0.04458269561858305,True,0.28941941021877626,True,0.1480536507505693,True,0.04458269561858305
n8_d50_s42,8,0.5,42,1,3,L-BFGS-B,128,21,0.1640625,True,optimizer_converged,2,0.005229005999979108,38.5000000000061,0.6416666666667683,0.015625000000015682,"[0.5381495885689892, 0.7439621478151841]","[6.283185297179586, 3.1415920697903474]",CONVERGENCE: RELATIVE REDUCTION OF F <= FACTR*EPSMCH,ideal-statevector optimizer robustness under equal objective-evaluation cap; not hardware runtime,0.04687500000003975,0.015625000000015682,0.015625000000015682,True,0.18750000000011963,True,0.04687500000003975,True,0.015625000000015682
n8_d50_s42,8,0.5,42,1,4,COBYLA,128,19,0.1484375,True,optimizer_converged,-1,0.02752108300001055,41.66756795985144,0.694459465997524,0.027519507453561767,"[5.925396266378301, 1.6063828834996454]","[6.300396266378301, 2.1063828834996454]",Return from COBYLA because the trust region radius reaches its lower bound.,ideal-statevector optimizer robustness under equal objective-evaluation cap; not hardware runtime,0.07515425221708937,0.027519507453561767,0.027519507453561767,True,0.2644953343859341,True,0.07515425221708937,True,0.027519507453561767
n8_d50_s42,8,0.5,42,1,4,L-BFGS-B,128,15,0.1171875,True,optimizer_converged,2,0.002210297000033279,38.500000000000014,0.6416666666666669,0.015625000000000007,"[5.925396266378301, 1.6063828834996454]","[6.283185307179586, 1e-08]",CONVERGENCE: NORM OF PROJECTED GRADIENT <= PGTOL,ideal-statevector optimizer robustness under equal objective-evaluation cap; not hardware runtime,0.046875000000000014,0.015625000000000007,0.015625000000000007,True,0.18750000000000006,True,0.046875000000000014,True,0.015625000000000007
n8_d50_s42,8,0.5,42,2,0,COBYLA,128,128,1.0,False,evaluation_budget_exhausted,-1,0.15050008999998,41.20489579267324,0.6867482632112207,0.011398427245374619,"[4.002148315014479, 1.6951199159934145, 0.12872212178963477, 0.05192309835763666]","[4.021894967246791, 1.7362735704092966, 0.49332328670798387, 0.19904251314754423]",Return from COBYLA because the objective function has been evaluated MAXFUN times.,ideal-statevector optimizer robustness under equal objective-evaluation cap; not hardware runtime,0.07163115929360733,0.011398427245374619,0.011398427245374619,True,0.22583556047446168,True,0.07163115929360733,True,0.011398427245374619
n8_d50_s42,8,0.5,42,2,0,L-BFGS-B,128,128,1.0,False,evaluation_budget_exhausted,-1,0.043519437000043126,49.28002371488334,0.821333728581389,0.1094395114460064,"[4.002148315014479, 1.6951199159934145, 0.12872212178963477, 0.05192309835763666]","[4.376977836725682, 1.991692713379055, 0.08824718325346056, 0.2963112449574438]",strict objective-evaluation cap 128 reached,ideal-statevector optimizer robustness under equal objective-evaluation cap; not hardware runtime,0.2682056066630424,0.1094395114460064,0.1094395114460064,True,0.6103552817054227,True,0.2682056066630424,True,0.1094395114460064
n8_d50_s42,8,0.5,42,2,1,COBYLA,128,128,1.0,False,evaluation_budget_exhausted,-1,0.31309207200001765,42.027005695147025,0.7004500949191171,0.0001881068311946247,"[3.2158701122134374, 5.971939531762716, 0.45289078026435103, 2.980270133958384]","[3.219261432698316, 6.008659015010387, 1.1115399790428928, 3.0275028320204123]",Return from COBYLA because the objective function has been evaluated MAXFUN times.,ideal-statevector optimizer robustness under equal objective-evaluation cap; not hardware runtime,0.0031122831220624877,0.0001881068311946247,0.0001881068311946247,True,0.14573776237250818,True,0.0031122831220624877,True,0.0001881068311946247
n8_d50_s42,8,0.5,42,2,1,L-BFGS-B,128,128,1.0,False,evaluation_budget_exhausted,-1,0.07413440800002036,44.23744797251008,0.7372907995418347,0.07440300707810231,"[3.2158701122134374, 5.971939531762716, 0.45289078026435103, 2.980270133958384]","[3.311068496214408, 5.790044866417884, 0.4948746327595185, 2.4984357689599617]",strict objective-evaluation cap 128 reached,ideal-statevector optimizer robustness under equal objective-evaluation cap; not hardware runtime,0.17851427495077238,0.07440300707810231,0.07440300707810231,True,0.39606690231443553,True,0.17851427495077238,True,0.07440300707810231
n8_d50_s42,8,0.5,42,2,2,COBYLA,128,128,1.0,False,evaluation_budget_exhausted,-1,0.32343377600000167,44.06920541293945,0.7344867568823242,0.03476431432241169,"[1.6437575180951982, 1.8754751666228542, 2.5579656050146995, 0.28876244855940497]","[2.2958008258491445, 2.10409354267888, 3.021116779130562, 0.40992922536411774]",Return from COBYLA because the objective function has been evaluated MAXFUN times.,ideal-statevector optimizer robustness under equal objective-evaluation cap; not hardware runtime,0.15702974471910666,0.03476431432241169,0.03476431432241169,True,0.3526901816243734,True,0.15702974471910666,True,0.03476431432241169
n8_d50_s42,8,0.5,42,2,2,L-BFGS-B,128,125,0.9765625,True,optimizer_converged,16,0.053809859000011784,44.02045346006396,0.7336742243343993,0.032162261428711314,"[1.6437575180951982, 1.8754751666228542, 2.5579656050146995, 0.28876244855940497]","[3.999025006125351, 0.40534050729248117, 0.09734359508586457, 0.39598546683829544]",CONVERGENCE: RELATIVE REDUCTION OF F <= FACTR*EPSMCH,ideal-statevector optimizer robustness under equal objective-evaluation cap; not hardware runtime,0.1426922487996092,0.032162261428711314,0.032162261428711314,True,0.3556692146773322,True,0.1426922487996092,True,0.032162261428711314
n8_d50_s42,8,0.5,42,2,3,COBYLA,128,128,1.0,False,evaluation_budget_exhausted,-1,0.40006967700003315,40.4317574811666,0.67386262468611,0.0029589449465171943,"[0.5381495885689892, 1.4879242956303682, 2.517277973401507, 1.8289159756986941]","[1.0336235192849856, 1.684454650843788, 3.1420646146537963, 1.9121753969184025]",Return from COBYLA because the objective function has been evaluated MAXFUN times.,ideal-statevector optimizer robustness under equal objective-evaluation cap; not hardware runtime,0.059379927051859197,0.0029589449465171943,0.0029589449465171943,True,0.23558221367023446,True,0.059379927051859197,True,0.0029589449465171943
n8_d50_s42,8,0.5,42,2,3,L-BFGS-B,128,128,1.0,False,evaluation_budget_exhausted,-1,0.0750706470000182,39.98570892228153,0.6664284820380255,0.023737725658596286,"[0.5381495885689892, 1.4879242956303682, 2.517277973401507, 1.8289159756986941]","[0.5152432244104224, 1.3669541165218035, 2.635848379796247, 1.8445313564704235]",strict objective-evaluation cap 128 reached,ideal-statevector optimizer robustness under equal objective-evaluation cap; not hardware runtime,0.06253644462179331,0.023737725658596286,0.023737725658596286,True,0.16864548992106904,True,0.06253644462179331,True,0.023737725658596286
n8_d50_s42,8,0.5,42,2,4,COBYLA,128,128,1.0,False,evaluation_budget_exhausted,-1,0.2120113549999587,48.86249012614263,0.8143748354357105,0.10021897128421231,"[5.925396266378301, 3.212765766999291, 3.0669600539645994, 0.25395385881583277]","[6.2032940089533914, 3.203733200402992, 2.824939807826529, -6.250000000000001e-05]",Return from COBYLA because the objective function has been evaluated MAXFUN times.,ideal-statevector optimizer robustness under equal objective-evaluation cap; not hardware runtime,0.239014152063579,0.10021897128421231,0.10021897128421231,True,0.5801014835626114,True,0.239014152063579,True,0.10021897128421231
n8_d50_s42,8,0.5,42,2,4,L-BFGS-B,128,115,0.8984375,True,optimizer_converged,3,0.04250854200000731,45.8879376740918,0.7647989612348634,0.055479034766215726,"[5.925396266378301, 3.212765766999291, 3.0669600539645994, 0.25395385881583277]","[0.0, 0.03868342827290743, 2.2684852255888805, 0.42025765982722085]",CONVERGENCE: RELATIVE REDUCTION OF F <= FACTR*EPSMCH,ideal-statevector optimizer robustness under equal objective-evaluation cap; not hardware runtime,0.13856976955450379,0.055479034766215726,0.055479034766215726,True,0.40826480721784164,True,0.13856976955450379,True,0.055479034766215726
n8_d50_s42,8,0.5,42,3,0,COBYLA,128,128,1.0,False,evaluation_budget_exhausted,-1,0.3172935339999867,47.077888484636475,0.7846314747439412,0.0905107955981816,"[4.002148315014479, 1.6951199159934145, 0.25744424357926954, 0.05192309835763666, 2.5549638088547897, 2.867506216098801]","[4.443702935542986, 1.741718689521667, 0.1812760762595274, 0.0911030586115074, 2.7635337484247, 3.0498992549382806]",Return from COBYLA because the objective function has been evaluated MAXFUN times.,ideal-statevector optimizer robustness under equal objective-evaluation cap; not hardware runtime,0.19493439504937102,0.0905107955981816,0.0905107955981816,True,0.4989637958245786,True,0.19493439504937102,True,0.0905107955981816
n8_d50_s42,8,0.5,42,3,0,L-BFGS-B,128,21,0.1640625,True,optimizer_converged,2,0.017758467000021483,38.50000000000829,0.6416666666668048,0.015625000000021268,"[4.002148315014479, 1.6951199159934145, 0.25744424357926954, 0.05192309835763666, 2.5549638088547897, 2.867506216098801]","[6.283185307179586, 6.283185297179586, 6.283185307179586, 3.8935783386953084e-07, 3.1415922706615635, 3.1415922452196807]",CONVERGENCE: RELATIVE REDUCTION OF F <= FACTR*EPSMCH,ideal-statevector optimizer robustness under equal objective-evaluation cap; not hardware runtime,0.046875000000053915,0.015625000000021268,0.015625000000021268,True,0.1875000000001623,True,0.046875000000053915,True,0.015625000000021268
n8_d50_s42,8,0.5,42,3,1,COBYLA,128,128,1.0,False,evaluation_budget_exhausted,-1,0.21061386399998128,42.51977752247211,0.7086629587078686,0.04928416320013877,"[3.2158701122134374, 5.971939531762716, 0.9057815605287021, 2.980270133958384, 0.9796473987943792, 1.329919262162498]","[2.9979670785979704, 5.658774011365208, 0.8762136094139483, 3.141592653589793, 1.2004047100127249, 1.2206101560242633]",Return from COBYLA because the objective function has been evaluated MAXFUN times.,ideal-statevector optimizer robustness under equal objective-evaluation cap; not hardware runtime,0.07400969741913266,0.04928416320013877,0.04928416320013877,True,0.16417802257525177,True,0.07400969741913266,True,0.04928416320013877
n8_d50_s42,8,0.5,42,3,1,L-BFGS-B,128,91,0.7109375,True,optimizer_converged,10,0.04775053099996285,38.98175194525717,0.6496958657542862,0.01698098563508364,"[3.2158701122134374, 5.971939531762716, 0.9057815605287021, 2.980270133958384, 0.9796473987943792, 1.329919262162498]","[0.0, 1.5431333191520524, 6.283185190914109, 3.1415919339354854, 2.7333253562740696, 7.64504318011969e-07]",CONVERGENCE: RELATIVE REDUCTION OF F <= FACTR*EPSMCH,ideal-statevector optimizer robustness under equal objective-evaluation cap; not hardware runtime,0.052553790870848,0.01698098563508364,0.01698098563508364,True,0.15602305348346024,True,0.052553790870848,True,0.01698098563508364
n8_d50_s42,8,0.5,42,3,2,COBYLA,128,128,1.0,False,evaluation_budget_exhausted,-1,0.3516168879999668,43.4005351802567,0.7233422530042783,0.03422200714317365,"[1.6437575180951982, 1.8754751666228542, 5.115931210029399, 0.28876244855940497, 1.8852714037890694, 2.2888403987274435]","[1.7014637874637397, 1.8342383977625887, 5.098323860437583, 0.460932622762126, 1.8693513420424253, 3.0303590592941356]",Return from COBYLA because the objective function has been evaluated MAXFUN times.,ideal-statevector optimizer robustness under equal objective-evaluation cap; not hardware runtime,0.04485526897776837,0.03422200714317365,0.03422200714317365,True,0.22874541193165285,True,0.04485526897776837,True,0.03422200714317365
n8_d50_s42,8,0.5,42,3,2,L-BFGS-B,128,128,1.0,False,evaluation_budget_exhausted,-1,0.09828759099997342,44.2854479015341,0.7380907983589017,0.030303385126726586,"[1.6437575180951982, 1.8754751666228542, 5.115931210029399, 0.28876244855940497, 1.8852714037890694, 2.2888403987274435]","[1.64482090150027, 1.9764211993265597, 4.999197895049319, 0.39240173706901665, 2.1547481665810846, 2.5078937462157294]",strict objective-evaluation cap 128 reached,ideal-statevector optimizer robustness under equal objective-evaluation cap; not hardware runtime,0.11061677389117458,0.030303385126726586,0.030303385126726586,True,0.3627870179570021,True,0.11061677389117458,True,0.030303385126726586
n8_d50_s42,8,0.5,42,3,3,COBYLA,128,128,1.0,False,evaluation_budget_exhausted,-1,0.31735746599997583,44.31478122363686,0.7385796870606143,0.062398981544065014,"[0.5381495885689892, 1.4879242956303682, 5.034555946803014, 1.8289159756986941, 0.29571385095481995, 1.3607084135187315]","[1.329481782215685, 1.288705226018722, 4.915541853541427, 1.5328001178170716, 0.19676781826383496, 1.1798443865148736]",Return from COBYLA because the objective function has been evaluated MAXFUN times.,ideal-statevector optimizer robustness under equal objective-evaluation cap; not hardware runtime,0.18725468783100807,0.062398981544065014,0.062398981544065014,True,0.3227045298019279,True,0.18725468783100807,True,0.062398981544065014
n8_d50_s42,8,0.5,42,3,3,L-BFGS-B,128,35,0.2734375,True,optimizer_converged,2,0.021617763000051582,38.50000000000399,0.6416666666667332,0.015625000000010325,"[0.5381495885689892, 1.4879242956303682, 5.034555946803014, 1.8289159756986941, 0.29571385095481995, 1.3607084135187315]","[6.283185307179586, 6.283185297179586, 6.283185307179586, 1.877572278048109e-07, 3.1415924523809404, 3.1415924705625273]",CONVERGENCE: RELATIVE REDUCTION OF F <= FACTR*EPSMCH,ideal-statevector optimizer robustness under equal objective-evaluation cap; not hardware runtime,0.04687500000002616,0.015625000000010325,0.015625000000010325,True,0.18750000000007871,True,0.04687500000002616,True,0.015625000000010325
n8_d50_s42,8,0.5,42,3,4,COBYLA,128,128,1.0,False,evaluation_budget_exhausted,-1,0.41427250700002105,43.463207180897996,0.7243867863482999,0.0862214501454373,"[5.925396266378301, 3.212765766999291, 6.133920107929199, 0.25395385881583277, 1.9080646199105018, 1.1827674876547531]","[6.425396266378301, 3.712765766999291, 6.133920107929199, 0.25395385881583277, 1.9080646199105018, 1.6827674876547531]",Return from COBYLA because the objective function has been evaluated MAXFUN times.,ideal-statevector optimizer robustness under equal objective-evaluation cap; not hardware runtime,0.1700816324940308,0.0862214501454373,0.0862214501454373,True,0.3297920715486671,True,0.1700816324940308,True,0.0862214501454373
n8_d50_s42,8,0.5,42,3,4,L-BFGS-B,128,21,0.1640625,True,optimizer_converged,2,0.01125154199996814,38.50000000000011,0.6416666666666685,0.015625000000000215,"[5.925396266378301, 3.212765766999291, 6.133920107929199, 0.25395385881583277, 1.9080646199105018, 1.1827674876547531]","[6.283185307179586, 6.283185297179586, 6.283185307179586, 1.095176524906172e-07, 3.1415925192406737, 1.2664062758290814e-07]",CONVERGENCE: RELATIVE REDUCTION OF F <= FACTR*EPSMCH,ideal-statevector optimizer robustness under equal objective-evaluation cap; not hardware runtime,0.04687500000000053,0.015625000000000215,0.015625000000000215,True,0.18750000000000167,True,0.04687500000000053,True,0.015625000000000215
n8_d75_s17,8,0.75,17,1,0,COBYLA,128,128,1.0,False,evaluation_budget_exhausted,-1,0.2398314270000128,62.364056182428556,0.6929339575825395,0.006764491426829313,"[4.002148315014479, 0.8475599579967072]","[3.979663842601625, 1.0806619831269368]",Return from COBYLA because the objective function has been evaluated MAXFUN times.,ideal-statevector optimizer robustness under equal objective-evaluation cap; not hardware runtime,0.030341995351266783,0.015576411376556104,0.006764491426829313,True,0.2804340784826824,True,0.14854479145543673,True,0.015576411376556104
n8_d75_s17,8,0.75,17,1,0,L-BFGS-B,128,45,0.3515625,True,optimizer_converged,10,0.01184743799996113,62.36424111512712,0.6929360123903013,0.0067805648096368,"[4.002148315014479, 0.8475599579967072]","[3.9795018811251643, 1.077176155905986]",CONVERGENCE: RELATIVE REDUCTION OF F <= FACTR*EPSMCH,ideal-statevector optimizer robustness under equal objective-evaluation cap; not hardware runtime,0.02986204989034863,0.015430952774618046,0.0067805648096368,True,0.27985716181375464,True,0.14773527886563942,True,0.015430952774618046
n8_d75_s17,8,0.75,17,1,1,COBYLA,128,128,1.0,False,evaluation_budget_exhausted,-1,0.15231951200001959,64.06886234267412,0.7118762482519347,0.0021286035677749826,"[3.2158701122134374, 2.985969765881358]","[3.223637685846377, 2.348894449214544]",Return from COBYLA because the objective function has been evaluated MAXFUN times.,ideal-statevector optimizer robustness under equal objective-evaluation cap; not hardware runtime,0.00887046987423052,0.005379476836566379,0.0021286035677749826,True,0.3598986429475499,True,0.06865583522813064,True,0.005379476836566379
n8_d75_s17,8,0.75,17,1,1,L-BFGS-B,128,48,0.375,True,optimizer_converged,8,0.008267359999990731,60.37753903815492,0.670861544868388,0.011596061357219408,"[3.2158701122134374, 2.985969765881358]","[2.142040540421792, 1.8630827125500702]",CONVERGENCE: RELATIVE REDUCTION OF F <= FACTR*EPSMCH,ideal-statevector optimizer robustness under equal objective-evaluation cap; not hardware runtime,0.04547286472314127,0.04290775784112626,0.011596061357219408,True,0.21725340472244314,True,0.08904482946444883,True,0.04290775784112626
n8_d75_s17,8,0.75,17,1,2,COBYLA,128,120,0.9375,True,optimizer_converged,-1,0.11717020400004685,62.98955656210106,0.6998839618011229,0.011942046521594545,"[1.6437575180951982, 0.9377375833114271]","[1.6614788889656664, 1.213379326411755]",Return from COBYLA because the trust region radius reaches its lower bound.,ideal-statevector optimizer robustness under equal objective-evaluation cap; not hardware runtime,0.027585311818347474,0.025759127752185536,0.011942046521594545,True,0.2794706075876777,True,0.145336515922238,True,0.025759127752185536
n8_d75_s17,8,0.75,17,1,2,L-BFGS-B,128,45,0.3515625,True,optimizer_converged,10,0.0058499920000372185,62.9895565638667,0.6998839618207411,0.011942299138252994,"[1.6437575180951982, 0.9377375833114271]","[1.6614787320289435, 1.213386825381792]",CONVERGENCE: RELATIVE REDUCTION OF F <= FACTR*EPSMCH,ideal-statevector optimizer robustness under equal objective-evaluation cap; not hardware runtime,0.027585762378090253,0.02575991445031634,0.011942299138252994,True,0.27947142730755337,True,0.14533638860663683,True,0.02575991445031634
n8_d75_s17,8,0.75,17,1,3,COBYLA,128,128,1.0,False,evaluation_budget_exhausted,-1,0.22933489799999052,71.96056306406655,0.7995618118229616,0.05555105451233094,"[0.5381495885689892, 0.7439621478151841]","[0.06267494330972277, 0.30446439814202875]",Return from COBYLA because the objective function has been evaluated MAXFUN times.,ideal-statevector optimizer robustness under equal objective-evaluation cap; not hardware runtime,0.12578589505629537,0.09054391989522138,0.05555105451233094,True,0.5867149912009486,True,0.3122710821975166,True,0.09054391989522138
n8_d75_s17,8,0.75,17,1,3,L-BFGS-B,128,45,0.3515625,True,optimizer_converged,9,0.011950447000003805,63.44208094352936,0.7049120104836596,0.014983013148521277,"[0.5381495885689892, 0.7439621478151841]","[0.4185948089356309, 0.4604821719856205]",CONVERGENCE: RELATIVE REDUCTION OF F <= FACTR*EPSMCH,ideal-statevector optimizer robustness under equal objective-evaluation cap; not hardware runtime,0.02721968908131419,0.025179899601645024,0.014983013148521277,True,0.33729581539014564,True,0.20238565232321387,True,0.025179899601645024
n8_d75_s17,8,0.75,17,1,4,COBYLA,128,19,0.1484375,True,optimizer_converged,-1,0.07284847599999011,64.09724618030333,0.7121916242255926,0.017139395485940134,"[5.925396266378301, 1.6063828834996454]","[6.300396266378301, 2.1063828834996454]",Return from COBYLA because the trust region radius reaches its lower bound.,ideal-statevector optimizer robustness under equal objective-evaluation cap; not hardware runtime,0.04628791379683569,0.03232713781473274,0.017139395485940134,True,0.3237036938998188,True,0.13171806829656568,True,0.03232713781473274
n8_d75_s17,8,0.75,17,1,4,L-BFGS-B,128,66,0.515625,True,optimizer_converged,10,0.019948537999994187,71.96056307426079,0.799561811936231,0.05555234135591455,"[5.925396266378301, 1.6063828834996454]","[6.220509762877584, 2.8371208818532305]",CONVERGENCE: RELATIVE REDUCTION OF F <= FACTR*EPSMCH,ideal-statevector optimizer robustness under equal objective-evaluation cap; not hardware runtime,0.1257878299041248,0.09054557002716859,0.05555234135591455,True,0.5867171690952552,True,0.31227404076138837,True,0.09054557002716859
n8_d75_s17,8,0.75,17,2,0,COBYLA,128,128,1.0,False,evaluation_budget_exhausted,-1,0.2511551480000094,62.607848584214175,0.6956427620468242,0.02454564402641117,"[4.002148315014479, 1.6951199159934145, 0.12872212178963477, 0.05192309835763666]","[4.101152836822975, 1.6842635694554224, 0.8288014783277263, 0.5310382499798714]",Return from COBYLA because the objective function has been evaluated MAXFUN times.,ideal-statevector optimizer robustness under equal objective-evaluation cap; not hardware runtime,0.054407093106261906,0.03577270096466784,0.02454564402641117,True,0.3181172732716959,True,0.13166509764061005,True,0.03577270096466784
n8_d75_s17,8,0.75,17,2,0,L-BFGS-B,128,10,0.078125,True,optimizer_converged,1,0.03033802499999183,59.5,0.6611111111111111,0.007812499999999998,"[4.002148315014479, 1.6951199159934145, 0.12872212178963477, 0.05192309835763666]","[5.721592112815685, 0.0, 0.0, 0.0]",CONVERGENCE: NORM OF PROJECTED GRADIENT <= PGTOL,ideal-statevector optimizer robustness under equal objective-evaluation cap; not hardware runtime,0.0234375,0.015624999999999998,0.007812499999999998,True,0.21875,True,0.078125,True,0.015624999999999998
n8_d75_s17,8,0.75,17,2,1,COBYLA,128,128,1.0,False,evaluation_budget_exhausted,-1,0.29298718600000484,64.93804228015658,0.7215338031128509,0.004721119204666959,"[3.2158701122134374, 5.971939531762716, 0.45289078026435103, 2.980270133958384]","[3.2236131338051446, 5.946279669863974, 0.7812395291487721, 2.9692594507430616]",Return from COBYLA because the objective function has been evaluated MAXFUN times.,ideal-statevector optimizer robustness under equal objective-evaluation cap; not hardware runtime,0.009115898345683493,0.007650173169492112,0.004721119204666959,True,0.3543669593461438,True,0.03874605984011179,True,0.007650173169492112
n8_d75_s17,8,0.75,17,2,1,L-BFGS-B,128,95,0.7421875,True,optimizer_converged,15,0.019538844000010158,65.03713759996077,0.7226348622217864,0.005875942042442697,"[3.2158701122134374, 5.971939531762716, 0.45289078026435103, 2.980270133958384]","[3.2264965339601495, 5.945468919790929, 0.7240142859690232, 2.9346182215335594]",CONVERGENCE: RELATIVE REDUCTION OF F <= FACTR*EPSMCH,ideal-statevector optimizer robustness under equal objective-evaluation cap; not hardware runtime,0.010051830052320632,0.008871765132567579,0.005875942042442697,True,0.34409265299150604,True,0.035459265642938255,True,0.008871765132567579
n8_d75_s17,8,0.75,17,2,2,COBYLA,128,128,1.0,False,evaluation_budget_exhausted,-1,0.1632421350000186,65.63129980894357,0.7292366645438174,0.011541996216673012,"[1.6437575180951982, 1.8754751666228542, 2.5579656050146995, 0.28876244855940497]","[1.5666060392648982, 1.8753856534945088, 2.417606148722164, 0.8640677366370222]",Return from COBYLA because the objective function has been evaluated MAXFUN times.,ideal-statevector optimizer robustness under equal objective-evaluation cap; not hardware runtime,0.08146710588393097,0.07210874841607612,0.011541996216673012,True,0.363771219514851,True,0.12741899126993025,True,0.07210874841607612
n8_d75_s17,8,0.75,17,2,2,L-BFGS-B,128,128,1.0,False,evaluation_budget_exhausted,-1,0.025305002000038712,64.9066267995479,0.7211847422171989,0.017479613097671483,"[1.6437575180951982, 1.8754751666228542, 2.5579656050146995, 0.28876244855940497]","[1.6350269522952214, 1.674925231333234, 2.7482079601881693, 0.30188476089076455]",strict objective-evaluation cap 128 reached,ideal-statevector optimizer robustness under equal objective-evaluation cap; not hardware runtime,0.05182933981994865,0.04361306178910907,0.017479613097671483,True,0.3718373810313159,True,0.15792192750827985,True,0.04361306178910907
n8_d75_s17,8,0.75,17,2,3,COBYLA,128,128,1.0,False,evaluation_budget_exhausted,-1,0.403636137000035,62.521279788997404,0.6946808865444156,0.00978106346372105,"[0.5381495885689892, 1.4879242956303682, 2.517277973401507, 1.8289159756986941]","[0.20818563100909915, 1.0640931293845783, 3.1813003082786406, 2.774732697551336]",Return from COBYLA because the objective function has been evaluated MAXFUN times.,ideal-statevector optimizer robustness under equal objective-evaluation cap; not hardware runtime,0.02385980133263582,0.020688939306005433,0.00978106346372105,True,0.28897276810092615,True,0.15067925301140184,True,0.020688939306005433
n8_d75_s17,8,0.75,17,2,3,L-BFGS-B,128,128,1.0,False,evaluation_budget_exhausted,-1,0.05923058100000844,65.45893659887793,0.7273215177653103,0.025416920352620477,"[0.5381495885689892, 1.4879242956303682, 2.517277973401507, 1.8289159756986941]","[0.44374344179763403, 1.4831751681237615, 2.078058044787433, 1.922074462481556]",strict objective-evaluation cap 128 reached,ideal-statevector optimizer robustness under equal objective-evaluation cap; not hardware runtime,0.060167013824738304,0.054549268234606145,0.025416920352620477,True,0.4169640315793868,True,0.19727231093386563,True,0.054549268234606145
n8_d75_s17,8,0.75,17,2,4,COBYLA,128,128,1.0,False,evaluation_budget_exhausted,-1,0.32384624700000586,63.49830034591089,0.705536670510121,0.01733131654227107,"[5.925396266378301, 3.212765766999291, 3.0669600539645994, 0.25395385881583277]","[5.86212696678945, 3.2900793137702378, 2.6836208888582505, 0.10463481987731604]",Return from COBYLA because the objective function has been evaluated MAXFUN times.,ideal-statevector optimizer robustness under equal objective-evaluation cap; not hardware runtime,0.033948709673039,0.03290598081423951,0.01733131654227107,True,0.3243097331022108,True,0.19558749937079872,True,0.03290598081423951
n8_d75_s17,8,0.75,17,2,4,L-BFGS-B,128,115,0.8984375,True,optimizer_converged,14,0.06224140299997316,64.67568996278064,0.7186187773642293,0.0019632813938538322,"[5.925396266378301, 3.212765766999291, 3.0669600539645994, 0.25395385881583277]","[5.801180377767152, 3.5482119332728104, 3.006526887892543, 0.7269995854419008]",CONVERGENCE: RELATIVE REDUCTION OF F <= FACTR*EPSMCH,ideal-statevector optimizer robustness under equal objective-evaluation cap; not hardware runtime,0.006440597043675854,0.005710279198253322,0.0019632813938538322,True,0.39199765675726406,True,0.08922808704865243,True,0.005710279198253322
n8_d75_s17,8,0.75,17,3,0,COBYLA,128,128,1.0,False,evaluation_budget_exhausted,-1,0.41352379500000325,70.37082085743955,0.7818980095271062,0.027730024803567066,"[4.002148315014479, 1.6951199159934145, 0.25744424357926954, 0.05192309835763666, 2.5549638088547897, 2.867506216098801]","[4.540689647569185, 1.6933519892142277, 0.2881370666168159, -7.2332002475212285e-22, 2.7659540825917603, 2.938048909581414]",Return from COBYLA because the objective function has been evaluated MAXFUN times.,ideal-statevector optimizer robustness under equal objective-evaluation cap; not hardware runtime,0.1486507399509385,0.06596298991776316,0.027730024803567066,True,0.43778270655221907,True,0.29686456448878523,True,0.06596298991776316
n8_d75_s17,8,0.75,17,3,0,L-BFGS-B,128,128,1.0,False,evaluation_budget_exhausted,-1,0.040405645000021195,63.90069504761125,0.7100077227512361,0.0028702168016721853,"[4.002148315014479, 1.6951199159934145, 0.25744424357926954, 0.05192309835763666, 2.5549638088547897, 2.867506216098801]","[4.754187263854606, 3.025648589510047, 0.15919429358364548, 1.0023529925820127, 1.794123357493396, 2.914215070458469]",strict objective-evaluation cap 128 reached,ideal-statevector optimizer robustness under equal objective-evaluation cap; not hardware runtime,0.037125577671795376,0.020134233471190425,0.0028702168016721853,True,0.2686868633554099,True,0.08659280920659664,True,0.020134233471190425
n8_d75_s17,8,0.75,17,3,1,COBYLA,128,128,1.0,False,evaluation_budget_exhausted,-1,0.1967862119999495,62.903083844343755,0.6989231538260418,0.010135065330217734,"[3.2158701122134374, 5.971939531762716, 0.9057815605287021, 2.980270133958384, 0.9796473987943792, 1.329919262162498]","[3.771904688820764, 5.898636466461106, 1.4033195965395857, 2.9341464564437048, 0.9553138038669229, 1.3855970590359072]",Return from COBYLA because the objective function has been evaluated MAXFUN times.,ideal-statevector optimizer robustness under equal objective-evaluation cap; not hardware runtime,0.0241828010214149,0.018022791931346198,0.010135065330217734,True,0.267636233810277,True,0.10978829251362643,True,0.018022791931346198
n8_d75_s17,8,0.75,17,3,1,L-BFGS-B,128,56,0.4375,True,optimizer_converged,2,0.03500425100003213,59.50000000000611,0.661111111111179,0.007812500000006987,"[3.2158701122134374, 5.971939531762716, 0.9057815605287021, 2.980270133958384, 0.9796473987943792, 1.329919262162498]","[6.283185307179586, 6.283185297179586, 0.0, 1.1503408194795928e-06, 5.492939438992764e-07, 3.1415917371271362]",CONVERGENCE: RELATIVE REDUCTION OF F <= FACTR*EPSMCH,ideal-statevector optimizer robustness under equal objective-evaluation cap; not hardware runtime,0.023437500000018423,0.015625000000013052,0.007812500000006987,True,0.21875000000010608,True,0.07812500000004852,True,0.015625000000013052
n8_d75_s17,8,0.75,17,3,2,COBYLA,128,128,1.0,False,evaluation_budget_exhausted,-1,0.39657540900003596,63.8289830740487,0.7092109230449856,0.00503399091264053,"[1.6437575180951982, 1.8754751666228542, 5.115931210029399, 0.28876244855940497, 1.8852714037890694, 2.2888403987274435]","[2.1029337040384815, 2.3671829540536353, 5.104293217956852, 0.9486466891676724, 1.9606454442100678, 2.153881846685154]",Return from COBYLA because the objective function has been evaluated MAXFUN times.,ideal-statevector optimizer robustness under equal objective-evaluation cap; not hardware runtime,0.016524253578798238,0.015292542669317344,0.00503399091264053,True,0.29513032145438706,True,0.07993745449969722,True,0.015292542669317344
n8_d75_s17,8,0.75,17,3,2,L-BFGS-B,128,128,1.0,False,evaluation_budget_exhausted,-1,0.10633363099998405,63.595191347637524,0.7066132371959725,0.013041547794285931,"[1.6437575180951982, 1.8754751666228542, 5.115931210029399, 0.28876244855940497, 1.8852714037890694, 2.2888403987274435]","[0.43794366586266353, 6.261716946205135, 0.0, 1.3966931591739442, 2.2189609871966103, 3.1191330698014963]",strict objective-evaluation cap 128 reached,ideal-statevector optimizer robustness under equal objective-evaluation cap; not hardware runtime,0.022161768882727185,0.02068089771075034,0.013041547794285931,True,0.3412681668127773,True,0.2096742000239383,True,0.02068089771075034
n8_d75_s17,8,0.75,17,3,3,COBYLA,128,128,1.0,False,evaluation_budget_exhausted,-1,0.20079447199998413,64.12068397004485,0.7124520441116095,0.0137817390572923,"[0.5381495885689892, 1.4879242956303682, 5.034555946803014, 1.8289159756986941, 0.29571385095481995, 1.3607084135187315]","[1.0570495310930594, 1.454213527830852, 5.033246580006997, 1.8637657282540143, 0.1475051567995906, 1.2351040240912003]",Return from COBYLA because the objective function has been evaluated MAXFUN times.,ideal-statevector optimizer robustness under equal objective-evaluation cap; not hardware runtime,0.035545128262625694,0.0183920247105232,0.0137817390572923,True,0.32164660577316617,True,0.13437370793672054,True,0.0183920247105232
n8_d75_s17,8,0.75,17,3,3,L-BFGS-B,128,63,0.4921875,True,optimizer_converged,2,0.018113459000005605,59.50000000000008,0.661111111111112,0.00781250000000001,"[0.5381495885689892, 1.4879242956303682, 5.034555946803014, 1.8289159756986941, 0.29571385095481995, 1.3607084135187315]","[0.0, 0.0, 0.0, 3.14159233179143, 3.560709614062311e-07, 3.141592252902826]",CONVERGENCE: RELATIVE REDUCTION OF F <= FACTR*EPSMCH,ideal-statevector optimizer robustness under equal objective-evaluation cap; not hardware runtime,0.023437500000000035,0.01562500000000002,0.00781250000000001,True,0.21875000000000033,True,0.07812500000000008,True,0.01562500000000002
n8_d75_s17,8,0.75,17,3,4,COBYLA,128,128,1.0,False,evaluation_budget_exhausted,-1,0.3623807700000157,63.57500538250842,0.706388948694538,0.03549220169210021,"[5.925396266378301, 3.212765766999291, 6.133920107929199, 0.25395385881583277, 1.9080646199105018, 1.1827674876547531]","[5.9701069799145365, 3.1665777817642704, 6.119945183479923, 0.8641009076954064, 2.3803662625353583, 1.223068274845067]",Return from COBYLA because the objective function has been evaluated MAXFUN times.,ideal-statevector optimizer robustness under equal objective-evaluation cap; not hardware runtime,0.07639965387219017,0.06508522603052808,0.03549220169210021,True,0.2992020585114896,True,0.13270925544037745,True,0.06508522603052808
n8_d75_s17,8,0.75,17,3,4,L-BFGS-B,128,128,1.0,False,evaluation_budget_exhausted,-1,0.10911657700000887,63.902342503619195,0.7100260278179911,0.0008267912329854053,"[5.925396266378301, 3.212765766999291, 6.133920107929199, 0.25395385881583277, 1.9080646199105018, 1.1827674876547531]","[5.957284484557899, 3.4049042631629955, 6.09722244250081, 0.5185543382859071, 1.7214153086940336, 1.5964991285107495]",strict objective-evaluation cap 128 reached,ideal-statevector optimizer robustness under equal objective-evaluation cap; not hardware runtime,0.05343889303831038,0.014615746498660652,0.0008267912329854053,True,0.2801342883125195,True,0.181605836890345,True,0.014615746498660652
n8_d75_s42,8,0.75,42,1,0,COBYLA,128,128,1.0,False,evaluation_budget_exhausted,-1,0.27216142399998944,66.21588576884483,0.7197378887917916,0.04267775343788387,"[4.002148315014479, 0.8475599579967072]","[4.541970087123336, 1.1327773712957165]",Return from COBYLA because the objective function has been evaluated MAXFUN times.,ideal-statevector optimizer robustness under equal objective-evaluation cap; not hardware runtime,0.11277643486783896,0.1102902764285734,0.04267775343788387,True,0.20080237929282252,True,0.11277643486783896,True,0.1102902764285734
n8_d75_s42,8,0.75,42,1,0,L-BFGS-B,128,24,0.1875,True,optimizer_converged,2,0.009090525000033267,61.50000000000545,0.6684782608696245,0.007812500000006148,"[4.002148315014479, 0.8475599579967072]","[1e-08, 3.2291534401584823e-07]",CONVERGENCE: RELATIVE REDUCTION OF F <= FACTR*EPSMCH,ideal-statevector optimizer robustness under equal objective-evaluation cap; not hardware runtime,0.054687500000036575,0.039062500000027506,0.007812500000006148,True,0.16406250000007905,True,0.054687500000036575,True,0.039062500000027506
n8_d75_s42,8,0.75,42,1,1,COBYLA,128,128,1.0,False,evaluation_budget_exhausted,-1,0.2873474859999874,61.64129517419222,0.6700140779803503,0.0058139681569417305,"[3.2158701122134374, 2.985969765881358]","[3.7182403684622187, 2.829494005000416]",Return from COBYLA because the objective function has been evaluated MAXFUN times.,ideal-statevector optimizer robustness under equal objective-evaluation cap; not hardware runtime,0.06723324071214974,0.059040255041267135,0.0058139681569417305,True,0.1838629239834141,True,0.06723324071214974,True,0.059040255041267135
n8_d75_s42,8,0.75,42,1,1,L-BFGS-B,128,24,0.1875,True,optimizer_converged,2,0.006533818000036717,61.50000000000003,0.6684782608695655,0.007812500000000003,"[3.2158701122134374, 2.985969765881358]","[0.0, 3.141592643589793]",CONVERGENCE: RELATIVE REDUCTION OF F <= FACTR*EPSMCH,ideal-statevector optimizer robustness under equal objective-evaluation cap; not hardware runtime,0.054687500000000014,0.039062500000000014,0.007812500000000003,True,0.16406250000000006,True,0.054687500000000014,True,0.039062500000000014
n8_d75_s42,8,0.75,42,1,2,COBYLA,128,128,1.0,False,evaluation_budget_exhausted,-1,0.14183342699999457,63.16511808908963,0.6865773705335829,0.003089896298241225,"[1.6437575180951982, 0.9377375833114271]","[4.463030210170919, 0.3736957713062728]",Return from COBYLA because the objective function has been evaluated MAXFUN times.,ideal-statevector optimizer robustness under equal objective-evaluation cap; not hardware runtime,0.06285515387755941,0.01687442549603719,0.003089896298241225,True,0.1698226845007566,True,0.06285515387755941,True,0.01687442549603719
n8_d75_s42,8,0.75,42,1,2,L-BFGS-B,128,24,0.1875,True,optimizer_converged,2,0.00471789099998432,61.50000000000003,0.6684782608695655,0.007812500000000003,"[1.6437575180951982, 0.9377375833114271]","[0.0, 3.141592643589793]",CONVERGENCE: RELATIVE REDUCTION OF F <= FACTR*EPSMCH,ideal-statevector optimizer robustness under equal objective-evaluation cap; not hardware runtime,0.054687500000000014,0.039062500000000014,0.007812500000000003,True,0.16406250000000006,True,0.054687500000000014,True,0.039062500000000014
n8_d75_s42,8,0.75,42,1,3,COBYLA,128,128,1.0,False,evaluation_budget_exhausted,-1,0.27102189100003216,64.63888051500336,0.7025965273369931,0.031077363429857098,"[0.5381495885689892, 0.7439621478151841]","[0.3679579227325627, 0.6858619847832744]",Return from COBYLA because the objective function has been evaluated MAXFUN times.,ideal-statevector optimizer robustness under equal objective-evaluation cap; not hardware runtime,0.14823642089590489,0.13090390551577424,0.031077363429857098,True,0.26698702397430546,True,0.14823642089590489,True,0.13090390551577424
n8_d75_s42,8,0.75,42,1,3,L-BFGS-B,128,30,0.234375,True,optimizer_converged,8,0.009517663999986326,63.14506534480861,0.6863594059218326,0.00046623086687268755,"[0.5381495885689892, 0.7439621478151841]","[0.5046809569777688, 0.9918172286456436]",CONVERGENCE: RELATIVE REDUCTION OF F <= FACTR*EPSMCH,ideal-statevector optimizer robustness under equal objective-evaluation cap; not hardware runtime,0.0419720128540177,0.009626250054351327,0.00046623086687268755,True,0.19104114812974346,True,0.0419720128540177,True,0.009626250054351327
n8_d75_s42,8,0.75,42,1,4,COBYLA,128,96,0.75,True,optimizer_converged,-1,0.12566067000000203,74.3490107534708,0.8081414212333782,0.040559194760186865,"[5.925396266378301, 1.6063828834996454]","[6.219349433287206, 1.2664667294115186]",Return from COBYLA because the trust region radius reaches its lower bound.,ideal-statevector optimizer robustness under equal objective-evaluation cap; not hardware runtime,0.2542486019176014,0.1964545839389111,0.040559194760186865,True,0.5088598311531565,True,0.2542486019176014,True,0.1964545839389111
n8_d75_s42,8,0.75,42,1,4,L-BFGS-B,128,6,0.046875,True,optimizer_converged,1,0.001026724999974249,61.5,0.6684782608695652,0.0078125,"[5.925396266378301, 1.6063828834996454]","[2.6597972553116866, 0.0]",CONVERGENCE: NORM OF PROJECTED GRADIENT <= PGTOL,ideal-statevector optimizer robustness under equal objective-evaluation cap; not hardware runtime,0.0546875,0.0390625,0.0078125,True,0.1640625,True,0.0546875,True,0.0390625
n8_d75_s42,8,0.75,42,2,0,COBYLA,128,128,1.0,False,evaluation_budget_exhausted,-1,0.2757617069999583,65.54080541054832,0.7124000588103078,0.048124177937409446,"[4.002148315014479, 1.6951199159934145, 0.12872212178963477, 0.05192309835763666]","[3.598006816409596, 1.3789583914142933, 0.34072683962010647, 0.34804158315093686]",Return from COBYLA because the objective function has been evaluated MAXFUN times.,ideal-statevector optimizer robustness under equal objective-evaluation cap; not hardware runtime,0.09511849528694946,0.07979836609293484,0.048124177937409446,True,0.2137414639087139,True,0.09511849528694946,True,0.07979836609293484
n8_d75_s42,8,0.75,42,2,0,L-BFGS-B,128,128,1.0,False,evaluation_budget_exhausted,-1,0.08096289600001683,62.55452222213061,0.6799404589362023,0.0089200109612094,"[4.002148315014479, 1.6951199159934145, 0.12872212178963477, 0.05192309835763666]","[2.549510898918635, 3.0374776757076227, 0.23418799211024247, 1.1027052944936067]",strict objective-evaluation cap 128 reached,ideal-statevector optimizer robustness under equal objective-evaluation cap; not hardware runtime,0.076241600725697,0.04704321786449293,0.0089200109612094,True,0.16819797902500835,True,0.076241600725697,True,0.04704321786449293
n8_d75_s42,8,0.75,42,2,1,COBYLA,128,128,1.0,False,evaluation_budget_exhausted,-1,0.15004165499999544,70.5745160329279,0.767114304705738,0.05575438713776662,"[3.2158701122134374, 5.971939531762716, 0.45289078026435103, 2.980270133958384]","[3.226749339814314, 5.962388444102527, 0.41732736198822307, 3.0999481433781155]",Return from COBYLA because the objective function has been evaluated MAXFUN times.,ideal-statevector optimizer robustness under equal objective-evaluation cap; not hardware runtime,0.16717761686596974,0.11608090766652543,0.05575438713776662,True,0.3966490103858237,True,0.16717761686596974,True,0.11608090766652543
n8_d75_s42,8,0.75,42,2,1,L-BFGS-B,128,128,1.0,False,evaluation_budget_exhausted,-1,0.0756070589999922,72.30077913206433,0.7858780340441776,0.02740943207419542,"[3.2158701122134374, 5.971939531762716, 0.45289078026435103, 2.980270133958384]","[3.2098916585618675, 6.123166778900511, 0.32451802809281094, 2.9715518832699437]",strict objective-evaluation cap 128 reached,ideal-statevector optimizer robustness under equal objective-evaluation cap; not hardware runtime,0.1779437498089319,0.14217869471198613,0.02740943207419542,True,0.4203610806817751,True,0.1779437498089319,True,0.14217869471198613
n8_d75_s42,8,0.75,42,2,2,COBYLA,128,128,1.0,False,evaluation_budget_exhausted,-1,0.29293030899998485,64.59044352101922,0.7020700382719481,0.003580575136227894,"[1.6437575180951982, 1.8754751666228542, 2.5579656050146995, 0.28876244855940497]","[1.5712526824200987, 1.8869821750157876, 2.5071898063225695, 0.42654458571705645]",Return from COBYLA because the objective function has been evaluated MAXFUN times.,ideal-statevector optimizer robustness under equal objective-evaluation cap; not hardware runtime,0.09762192206286387,0.09271110298496543,0.003580575136227894,True,0.2225086681176959,True,0.09762192206286387,True,0.09271110298496543
n8_d75_s42,8,0.75,42,2,2,L-BFGS-B,128,128,1.0,False,evaluation_budget_exhausted,-1,0.05218811800000367,63.72818266488191,0.69269763766176,0.01847510569073052,"[1.6437575180951982, 1.8754751666228542, 2.5579656050146995, 0.28876244855940497]","[1.6194056179018939, 1.8638517759260353, 2.7521789662628207, 0.1719765503553686]",strict objective-evaluation cap 128 reached,ideal-statevector optimizer robustness under equal objective-evaluation cap; not hardware runtime,0.07165796755473053,0.06173379233915141,0.01847510569073052,True,0.22284572975868874,True,0.07165796755473053,True,0.06173379233915141
n8_d75_s42,8,0.75,42,2,3,COBYLA,128,128,1.0,False,evaluation_budget_exhausted,-1,0.3158092279999778,63.81651192186865,0.693657738281181,0.01754350190471669,"[0.5381495885689892, 1.4879242956303682, 2.517277973401507, 1.8289159756986941]","[0.5374442680434098, 1.9959149184641827, 2.2562977432348834, 2.2972886551035643]",Return from COBYLA because the objective function has been evaluated MAXFUN times.,ideal-statevector optimizer robustness under equal objective-evaluation cap; not hardware runtime,0.08166304041754163,0.060557081439559526,0.01754350190471669,True,0.19875443719401883,True,0.08166304041754163,True,0.060557081439559526
n8_d75_s42,8,0.75,42,2,3,L-BFGS-B,128,115,0.8984375,True,optimizer_converged,15,0.06995162300000857,65.37292825948418,0.7105753071683063,0.014971103862677766,"[0.5381495885689892, 1.4879242956303682, 2.517277973401507, 1.8289159756986941]","[2.1327312821342552, 3.05495841746072, 1.9081265390846502, 1.2267147706677952]",CONVERGENCE: RELATIVE REDUCTION OF F <= FACTR*EPSMCH,ideal-statevector optimizer robustness under equal objective-evaluation cap; not hardware runtime,0.10102481476548537,0.06632580332476433,0.014971103862677766,True,0.24154892025474406,True,0.10102481476548537,True,0.06632580332476433
n8_d75_s42,8,0.75,42,2,4,COBYLA,128,128,1.0,False,evaluation_budget_exhausted,-1,0.37980694199995924,74.36094658555857,0.80827115853868,0.0395861069561466,"[5.925396266378301, 3.212765766999291, 3.0669600539645994, 0.25395385881583277]","[6.218966843076598, 3.004343060791932, 2.8498793531700968, -0.0023767912311407377]",Return from COBYLA because the objective function has been evaluated MAXFUN times.,ideal-statevector optimizer robustness under equal objective-evaluation cap; not hardware runtime,0.251003135611692,0.19424224378128985,0.0395861069561466,True,0.5061555435086461,True,0.251003135611692,True,0.19424224378128985
n8_d75_s42,8,0.75,42,2,4,L-BFGS-B,128,40,0.3125,True,optimizer_converged,2,0.016432789000020875,61.50000000000004,0.6684782608695656,0.007812500000000003,"[5.925396266378301, 3.212765766999291, 3.0669600539645994, 0.25395385881583277]","[6.283185307179586, 4.75993989855397, 1e-08, 0.0]",CONVERGENCE: RELATIVE REDUCTION OF F <= FACTR*EPSMCH,ideal-statevector optimizer robustness under equal objective-evaluation cap; not hardware runtime,0.054687500000000014,0.039062500000000014,0.007812500000000003,True,0.1640625000000001,True,0.054687500000000014,True,0.039062500000000014
n8_d75_s42,8,0.75,42,3,0,COBYLA,128,128,1.0,False,evaluation_budget_exhausted,-1,0.201309053999978,66.8198162573016,0.7263023506228434,0.021432696843278264,"[4.002148315014479, 1.6951199159934145, 0.25744424357926954, 0.05192309835763666, 2.5549638088547897, 2.867506216098801]","[3.9589275097396626, 1.672439416338262, 0.23540143483391693, 0.5641964520658942, 2.5952560585539555, 2.8651536413256116]",Return from COBYLA because the objective function has been evaluated MAXFUN times.,ideal-statevector optimizer robustness under equal objective-evaluation cap; not hardware runtime,0.11351416221330388,0.0948171864136393,0.021432696843278264,True,0.2859087300144717,True,0.11351416221330388,True,0.0948171864136393
n8_d75_s42,8,0.75,42,3,0,L-BFGS-B,128,128,1.0,False,evaluation_budget_exhausted,-1,0.05365883999996868,65.41238135584464,0.7110041451722244,0.00042181714194505126,"[4.002148315014479, 1.6951199159934145, 0.25744424357926954, 0.05192309835763666, 2.5549638088547897, 2.867506216098801]","[3.869809811733276, 1.846452988127888, 0.2436053084320014, 0.0, 2.8030701963008693, 2.58871801425248]",strict objective-evaluation cap 128 reached,ideal-statevector optimizer robustness under equal objective-evaluation cap; not hardware runtime,0.1043974861486753,0.08643415759570987,0.00042181714194505126,True,0.2502791731338661,True,0.1043974861486753,True,0.08643415759570987
n8_d75_s42,8,0.75,42,3,1,COBYLA,128,128,1.0,False,evaluation_budget_exhausted,-1,0.357242728000017,70.42980046397767,0.7655413093910617,0.0796067178980825,"[3.2158701122134374, 5.971939531762716, 0.9057815605287021, 2.980270133958384, 0.9796473987943792, 1.329919262162498]","[3.457952013439073, 5.8788400256212405, 1.4411680831468152, 3.1405345370772944, 1.2508903537150051, 1.4516387949549674]",Return from COBYLA because the objective function has been evaluated MAXFUN times.,ideal-statevector optimizer robustness under equal objective-evaluation cap; not hardware runtime,0.15527656265543757,0.12328295921413678,0.0796067178980825,True,0.3627143421318339,True,0.15527656265543757,True,0.12328295921413678
n8_d75_s42,8,0.75,42,3,1,L-BFGS-B,128,128,1.0,False,evaluation_budget_exhausted,-1,0.08244681500002571,64.6171562932512,0.7023603944918608,0.0012923646752028319,"[3.2158701122134374, 5.971939531762716, 0.9057815605287021, 2.980270133958384, 0.9796473987943792, 1.329919262162498]","[0.6072290222129804, 0.09439836344262717, 6.24679892694282, 2.3136823950073215, 0.22408863179600733, 0.24936378783505148]",strict objective-evaluation cap 128 reached,ideal-statevector optimizer robustness under equal objective-evaluation cap; not hardware runtime,0.08947107681068986,0.06536699941555293,0.0012923646752028319,True,0.21774647822396098,True,0.08947107681068986,True,0.06536699941555293
n8_d75_s42,8,0.75,42,3,2,COBYLA,128,128,1.0,False,evaluation_budget_exhausted,-1,0.19845601099996202,65.58337897390673,0.7128628149337688,0.0259105781603249,"[1.6437575180951982, 1.8754751666228542, 5.115931210029399, 0.28876244855940497, 1.8852714037890694, 2.2888403987274435]","[1.8588037490397495, 1.8786495912334433, 5.280184207590898, 0.7976978859893178, 1.8731664249375168, 2.2770724446915778]",Return from COBYLA because the objective function has been evaluated MAXFUN times.,ideal-statevector optimizer robustness under equal objective-evaluation cap; not hardware runtime,0.10395799430621776,0.06800486229142585,0.0259105781603249,True,0.24617899869543342,True,0.10395799430621776,True,0.06800486229142585
n8_d75_s42,8,0.75,42,3,2,L-BFGS-B,128,128,1.0,False,evaluation_budget_exhausted,-1,0.10753194400001576,68.13738708256659,0.7406237726365934,0.05130642395948617,"[1.6437575180951982, 1.8754751666228542, 5.115931210029399, 0.28876244855940497, 1.8852714037890694, 2.2888403987274435]","[3.198454804612718, 3.6270654497060306, 3.330008791489208, 0.418186020652752, 1.272624407158765, 2.9335376653962526]",strict objective-evaluation cap 128 reached,ideal-statevector optimizer robustness under equal objective-evaluation cap; not hardware runtime,0.12520771755017884,0.08667527737918984,0.05130642395948617,True,0.34225458510916157,True,0.12520771755017884,True,0.08667527737918984
n8_d75_s42,8,0.75,42,3,3,COBYLA,128,128,1.0,False,evaluation_budget_exhausted,-1,0.3790067699999895,66.70109215028117,0.7250118711987084,0.06282184330737986,"[0.5381495885689892, 1.4879242956303682, 5.034555946803014, 1.8289159756986941, 0.29571385095481995, 1.3607084135187315]","[0.3428838931922311, 1.807121343871359, 5.107832607440592, 1.7226804183876128, 0.2667854578871599, 1.2192959234871636]",Return from COBYLA because the objective function has been evaluated MAXFUN times.,ideal-statevector optimizer robustness under equal objective-evaluation cap; not hardware runtime,0.14847189288733265,0.1334329356216784,0.06282184330737986,True,0.2306350839657261,True,0.14847189288733265,True,0.1334329356216784
n8_d75_s42,8,0.75,42,3,3,L-BFGS-B,128,128,1.0,False,evaluation_budget_exhausted,-1,0.09998555900000383,63.166009263359896,0.6865870572104337,0.034104835189466005,"[0.5381495885689892, 1.4879242956303682, 5.034555946803014, 1.8289159756986941, 0.29571385095481995, 1.3607084135187315]","[0.45093330836407736, 0.6102551763920755, 0.6470688100159168, 2.9657326502140178, 2.8204615492901826, 0.2873126434577368]",strict objective-evaluation cap 128 reached,ideal-statevector optimizer robustness under equal objective-evaluation cap; not hardware runtime,0.08171921848636059,0.06783311666773494,0.034104835189466005,True,0.203312709839542,True,0.08171921848636059,True,0.06783311666773494
n8_d75_s42,8,0.75,42,3,4,COBYLA,128,128,1.0,False,evaluation_budget_exhausted,-1,0.33937833499999215,66.09366639140279,0.7184094172978565,0.023622578224415068,"[5.925396266378301, 3.212765766999291, 6.133920107929199, 0.25395385881583277, 1.9080646199105018, 1.1827674876547531]","[5.935508434411239, 3.0568254368067707, 6.227962595354531, 0.9867671274727254, 1.8813003841479852, 1.17377784088386]",Return from COBYLA because the objective function has been evaluated MAXFUN times.,ideal-statevector optimizer robustness under equal objective-evaluation cap; not hardware runtime,0.15615412664812603,0.13982715166452625,0.023622578224415068,True,0.3018459390181885,True,0.15615412664812603,True,0.13982715166452625
n8_d75_s42,8,0.75,42,3,4,L-BFGS-B,128,126,0.984375,True,optimizer_converged,11,0.10010774300002367,64.04035303751675,0.6960907938860517,0.04296166969978668,"[5.925396266378301, 3.212765766999291, 6.133920107929199, 0.25395385881583277, 1.9080646199105018, 1.1827674876547531]","[0.0, 0.0, 2.164311690467558, 3.121763530691258, 3.132379371837574, 0.39803742396638475]",CONVERGENCE: RELATIVE REDUCTION OF F <= FACTR*EPSMCH,ideal-statevector optimizer robustness under equal objective-evaluation cap; not hardware runtime,0.08698051792454686,0.07205962108813879,0.04296166969978668,True,0.1869899069038598,True,0.08698051792454686,True,0.07205962108813879
