instance_id,n,density_target,graph_seed,p,optimizer_seed,success,nit,nfev,optimizer,maxiter,T_opt_s,expected_cut,approx_ratio,p_opt_exact,final_shots,hits_opt,p_opt_sample,p_opt_ci_lo,p_opt_ci_hi,initial_params,final_params,message,threshold_q090,rho_uniform_q090,p_target_exact_q090,expected_repetitions_q090,threshold_q095,rho_uniform_q095,p_target_exact_q095,expected_repetitions_q095,threshold_q100,rho_uniform_q100,p_target_exact_q100,expected_repetitions_q100,oper_threshold_l025,oper_rho_uniform_l025,oper_feasible_l025,oper_p_target_exact_l025,oper_expected_repetitions_l025,oper_threshold_l040,oper_rho_uniform_l040,oper_feasible_l040,oper_p_target_exact_l040,oper_expected_repetitions_l040,oper_threshold_l055,oper_rho_uniform_l055,oper_feasible_l055,oper_p_target_exact_l055,oper_expected_repetitions_l055
n8_d25_s17,8,0.25,17,1,0,True,8,54,L-BFGS-B,60,0.009510959999715851,24.03386120269071,0.6008465300672677,0.03130934378217429,4096,128,0.03125,0.02634519929104107,0.03703321702836379,"[2.657024240036159, 2.3732357557580244]","[2.4323142721562614, 2.7488936199327196]",CONVERGENCE: NORM OF PROJECTED GRADIENT <= PGTOL,36,0.03125,0.06784032181773605,14.740496112130202,38,0.0234375,0.06527107225298567,15.320722725744057,40,0.0078125,0.03130934378217429,31.939347146884042,25,0.28125,True,0.43163566201012893,2.3167687195793696,28,0.1875,True,0.3583752634396904,2.790371161229118,31,0.1328125,True,0.2850817715324897,3.507765489965863
n8_d25_s17,8,0.25,17,1,1,True,10,39,L-BFGS-B,60,0.004998351999347506,26.253275952538118,0.656331898813453,0.022262316327554175,4096,82,0.02001953125,0.01615827811132198,0.024780246099068624,"[4.986685490242893, 1.274180904490846]","[5.142598974103095, 1.1780972262340996]",CONVERGENCE: NORM OF PROJECTED GRADIENT <= PGTOL,36,0.03125,0.16050770981339152,6.230230318298191,38,0.0234375,0.09923906152533751,10.076677314654795,40,0.0078125,0.022262316327554175,44.91895565971701,25,0.28125,True,0.6064517820630853,1.6489357102688444,28,0.1875,True,0.5522476830299226,1.8107817030819788,31,0.1328125,True,0.35120891998944453,2.8473080923743472
n8_d25_s17,8,0.25,17,1,2,True,8,48,L-BFGS-B,60,0.006316746999800671,27.50449219212571,0.6876123048031427,0.03911424517100617,4096,162,0.03955078125,0.03400068683769521,0.04596373669272019,"[1.7490315036767639, 0.7921142306722376]","[1.5754029696819594, 1.1780972538244254]",CONVERGENCE: NORM OF PROJECTED GRADIENT <= PGTOL,36,0.03125,0.15040197971281244,6.648848651523514,38,0.0234375,0.11445597894199741,8.736983504433331,40,0.0078125,0.03911424517100617,25.56613314734909,25,0.28125,True,0.6769776647236261,1.477153608026709,28,0.1875,True,0.5943181295917249,1.6826005302698133,31,0.1328125,True,0.42402805118536263,2.3583345422655846
n8_d25_s17,8,0.25,17,1,3,True,7,36,L-BFGS-B,60,0.004526278000412276,26.172581588730914,0.6543145397182728,0.03487437263120243,4096,150,0.03662109375,0.031289416276572425,0.04282112235583926,"[3.4403878422665652, 2.5372231696312806]","[5.27737057585731, 2.748893576836809]",CONVERGENCE: NORM OF PROJECTED GRADIENT <= PGTOL,36,0.03125,0.12767853366482082,7.8321701487047175,38,0.0234375,0.09757253389633044,10.248785801365855,40,0.0078125,0.03487437263120243,28.674350950339118,25,0.28125,True,0.5428725949782678,1.8420528301673285,28,0.1875,True,0.47579526515867476,2.1017443283436337,31,0.1328125,True,0.32675297537927916,3.0604158962569445
n8_d25_s17,8,0.25,17,1,4,True,8,39,L-BFGS-B,60,0.005393010000261711,27.410658486645865,0.6852664621661466,0.032410449419015046,4096,155,0.037841796875,0.03241798036019162,0.04413167697972161,"[1.8191744402384888, 1.8451611605434939]","[1.9032419453165452, 1.963495433795017]",CONVERGENCE: NORM OF PROJECTED GRADIENT <= PGTOL,36,0.03125,0.11076342116390411,9.028251289929303,38,0.0234375,0.09860549537166363,10.14142260764273,40,0.0078125,0.032410449419015046,30.854246637299177,25,0.28125,True,0.6217399066215414,1.6083896004582972,28,0.1875,True,0.527161373498165,1.8969523380746727,31,0.1328125,True,0.4077575691771361,2.4524376138940163
n8_d25_s17,8,0.25,17,2,0,True,18,155,L-BFGS-B,60,0.03483731899996201,27.424455605169896,0.6856113901292474,0.032825096015072205,4096,117,0.028564453125,0.023888085979904983,0.03412426918299647,"[2.0340925210880787, 0.9752644147487403, 2.3604328926507483, 0.8540803574971549]","[3.544095525476386, 0.8331376277616922, 3.1090297316150903, 1.1892436748991562]",CONVERGENCE: NORM OF PROJECTED GRADIENT <= PGTOL,36,0.03125,0.11233553036091991,8.901903046944506,38,0.0234375,0.10017137456233471,9.982891862761845,40,0.0078125,0.032825096015072205,30.464495809573044,25,0.28125,True,0.62050330464348,1.6115949625353982,28,0.1875,True,0.5330570841693925,1.8759716917714286,31,0.1328125,True,0.40848230824745224,2.4480864404884226
n8_d25_s17,8,0.25,17,2,1,True,24,220,L-BFGS-B,60,0.056974234000335855,29.195629459432062,0.7298907364858016,0.0629647025282339,4096,237,0.057861328125,0.05111673049421233,0.06543447364872632,"[1.1738966477262407, 1.5051072175387192, 2.52061518102863, 2.889819420574513]","[1.16272872815505, 6.153993733261588, 0.4247228350128156, 1.8403839500484105]",CONVERGENCE: NORM OF PROJECTED GRADIENT <= PGTOL,36,0.03125,0.31115566848600307,3.2138254297783546,38,0.0234375,0.22090647645591419,4.526802545780353,40,0.0078125,0.0629647025282339,15.8819141494648,25,0.28125,True,0.7184240122623264,1.3919356576779598,28,0.1875,True,0.6957937215472809,1.437207564587154,31,0.1328125,True,0.5154343219112631,1.9401113924504223
n8_d25_s17,8,0.25,17,2,2,True,31,260,L-BFGS-B,60,0.08043616200029646,34.01005112335737,0.8502512780839343,0.18209193633564588,4096,761,0.185791015625,0.17417635895507005,0.197994485734031,"[6.103186203556436, 1.8828429862732896, 0.19300374235126497, 2.712042243184191]","[6.037169552686532, 1.9163100705824136, 1.1098112231438806, 2.8850191461159826]",CONVERGENCE: NORM OF PROJECTED GRADIENT <= PGTOL,36,0.03125,0.6349438317958891,1.5749424593535746,38,0.0234375,0.514317254052047,1.9443252041838046,40,0.0078125,0.18209193633564588,5.491731375499918,25,0.28125,True,0.8706746009761899,1.1485347096134562,28,0.1875,True,0.8475744355161189,1.1798373784021265,31,0.1328125,True,0.7646259268325026,1.307829050660818
n8_d25_s17,8,0.25,17,2,3,True,14,90,L-BFGS-B,60,0.018933266999738407,28.55170019976203,0.7137925049940508,0.056527067621379976,4096,227,0.055419921875,0.04882057743485012,0.06285238929308543,"[1.6153069363688772, 2.8779421394647238, 1.3556986845230754, 2.0320574747466043]","[2.223422299640436, 3.404135918091135, 1.1240405669264217, 1.9145928933386267]",CONVERGENCE: NORM OF PROJECTED GRADIENT <= PGTOL,36,0.03125,0.2990249428622358,3.344202628811174,38,0.0234375,0.22633492867112248,4.418231007786946,40,0.0078125,0.056527067621379976,17.69063993727802,25,0.28125,True,0.6620749047300849,1.5104031173144685,28,0.1875,True,0.6188857531316163,1.6158071096965994,31,0.1328125,True,0.5113479185998602,1.955615665236568
n8_d25_s17,8,0.25,17,2,4,True,13,85,L-BFGS-B,60,0.018591799999740033,29.2317623474284,0.73079405868571,0.03883098032528147,4096,175,0.042724609375,0.036947808831559584,0.04935832333835985,"[3.7020015298283155, 1.148887066137631, 0.03932730296611384, 1.7384399593217341]","[3.6714003659964782, 1.0524691288591574, 0.3038815807451328, 1.9223849068518568]",CONVERGENCE: NORM OF PROJECTED GRADIENT <= PGTOL,36,0.03125,0.18677722546730433,5.353971810524896,38,0.0234375,0.13736317231345946,7.279971648572763,40,0.0078125,0.03883098032528147,25.75263337734833,25,0.28125,True,0.7537794405576423,1.3266480169055883,28,0.1875,True,0.704171808446874,1.420107973657177,31,0.1328125,True,0.5440022593828505,1.8382276594484392
n8_d25_s17,8,0.25,17,3,0,True,24,196,L-BFGS-B,60,0.10298085199974594,32.36362665513498,0.8090906663783745,0.11720121680852222,4096,513,0.125244140625,0.11545739343636477,0.1357331633606594,"[2.9390029270972136, 2.8466189248871507, 4.819305305496454, 0.9046749710258302, 2.047369458188658, 1.143288438411055]","[2.7814047356474383, 2.9876240334082733, 4.711047813360739, 0.5731278183030499, 1.967113007094455, 1.4197562009682805]",CONVERGENCE: NORM OF PROJECTED GRADIENT <= PGTOL,36,0.03125,0.4444632786597744,2.2499046558252904,38,0.0234375,0.326432266964899,3.0634226490469127,40,0.0078125,0.11720121680852222,8.53233462271772,25,0.28125,True,0.8491116349042904,1.1777014457147525,28,0.1875,True,0.813994320942093,1.2285097994819294,31,0.1328125,True,0.692230991592358,1.4446044920636572
n8_d25_s17,8,0.25,17,3,1,True,32,266,L-BFGS-B,60,0.1495273319997068,29.412750451260333,0.7353187612815083,0.0362719539802351,4096,170,0.04150390625,0.035813150049827366,0.04805386341259052,"[2.943588083618611, 0.3784052091821176, 4.338096777941077, 2.1837665822181296, 2.6044070241421937, 0.37181669731060685]","[2.940045232596559, 0.20970959683284338, 4.223957077059897, 1.800102134440394, 2.295333798899238, 0.38506110253024717]",CONVERGENCE: NORM OF PROJECTED GRADIENT <= PGTOL,36,0.03125,0.24568817584992533,4.070199945685762,38,0.0234375,0.15082763127733667,6.630084895792299,40,0.0078125,0.0362719539802351,27.569510055755714,25,0.28125,True,0.7547856409589567,1.3248794700565554,28,0.1875,True,0.7479194064307559,1.3370424559141083,31,0.1328125,True,0.41933976647017224,2.3847010943359463
n8_d25_s17,8,0.25,17,3,2,True,54,658,L-BFGS-B,60,0.2541333190001751,36.16151466480487,0.9040378666201218,0.21814737788355032,4096,861,0.210205078125,0.19800144646312154,0.22295177237601047,"[5.120661281182125, 1.5722560642719259, 1.8976656653454453, 0.559963587102773, 1.909687960216535, 2.7167648521931165]","[5.147835292660085, 1.3326273556033297, 2.2412937646209676, 1.3532349508745927, 1.9752919606459522, 3.006505996152573]",CONVERGENCE: NORM OF PROJECTED GRADIENT <= PGTOL,36,0.03125,0.7161750381658394,1.3963066941861737,38,0.0234375,0.577134753918856,1.7326975948161283,40,0.0078125,0.21814737788355032,4.584056932986891,25,0.28125,True,0.9718163142321434,1.0290010420231783,28,0.1875,True,0.9692043434391386,1.0317741627648775,31,0.1328125,True,0.8371784669300782,1.1944884388474373
n8_d25_s17,8,0.25,17,3,3,True,24,252,L-BFGS-B,60,0.09337375599989173,31.730291845120504,0.7932572961280127,0.13413406756325824,4096,535,0.130615234375,0.12064057602534856,0.14128210308468242,"[3.9113483529296325, 2.818568325363845, 2.078790590352894, 1.9740407822355375, 1.8550770833317833, 1.8628221272335583]","[1.935723477310912, 1.3549148437645686, 1.193381454005548, 2.008445987786878, 1.0955888596028178, 1.3478869657826869]",CONVERGENCE: RELATIVE REDUCTION OF F <= FACTR*EPSMCH,36,0.03125,0.24047613662213121,4.158416772851503,38,0.0234375,0.22452332794375834,4.45388017876919,40,0.0078125,0.13413406756325824,7.455227580632306,25,0.28125,True,0.8640118375318488,1.1573915501628047,28,0.1875,True,0.856002857512979,1.168220399293279,31,0.1328125,True,0.6763973831732075,1.478420858621102
n8_d25_s17,8,0.25,17,3,4,True,31,385,L-BFGS-B,60,0.16228021400002035,31.526563279566247,0.7881640819891562,0.11357961027494183,4096,463,0.113037109375,0.10370058414545652,0.12309878557655218,"[4.682930084380523, 0.153500378338494, 0.2941980284548746, 2.544806542827995, 2.7887683305106137, 2.1802621575356027]","[4.677112204344146, 0.0221984379407233, 1.757109276663393, 3.040187840355319, 3.141592653589793, 2.0379545397323136]",CONVERGENCE: RELATIVE REDUCTION OF F <= FACTR*EPSMCH,36,0.03125,0.38090244218985175,2.6253441544004956,38,0.0234375,0.30561803078609,3.2720582533297127,40,0.0078125,0.11357961027494183,8.804397176388465,25,0.28125,True,0.842383471808738,1.1871078119004792,28,0.1875,True,0.776499025926048,1.2878316219487926,31,0.1328125,True,0.6943444572246775,1.4402073633554155
n8_d25_s42,8,0.25,42,1,0,True,1,6,L-BFGS-B,60,0.0009981399998650886,19.0,0.6129032258064516,0.03125,4096,127,0.031005859375,0.026121376790622992,0.03676921578728156,"[0.20637564539658199, 0.6763555802320028]","[0.0, 0.0]",CONVERGENCE: NORM OF PROJECTED GRADIENT <= PGTOL,28,0.15625,0.15625,6.4,30,0.0625,0.0625,16.0,31,0.03125,0.03125,32.0,24,0.28125,True,0.28125,3.5555555555555554,27,0.21875,True,0.21875,4.571428571428571,30,0.0625,True,0.0625,16.0
n8_d25_s42,8,0.25,42,1,1,True,7,33,L-BFGS-B,60,0.004660811999201542,25.906134159267225,0.8356817470731362,0.09227099286982272,4096,378,0.09228515625,0.08379952506389676,0.10153482663058558,"[3.4964960501044855, 2.296238484281667]","[3.49402300431182, 2.1571690312663137]",CONVERGENCE: NORM OF PROJECTED GRADIENT <= PGTOL,28,0.15625,0.5045179614667743,1.982089987624467,30,0.0625,0.48172624802920494,2.075867786094509,31,0.03125,0.09227099286982272,10.837642133219642,24,0.28125,True,0.5378052534198796,1.859409133029186,27,0.21875,True,0.5109840784685987,1.9570081380949573,30,0.0625,True,0.48172624802920494,2.075867786094509
n8_d25_s42,8,0.25,42,1,2,True,1,6,L-BFGS-B,60,0.0009214040001097601,19.0,0.6129032258064516,0.03125,4096,123,0.030029296875,0.02522696294347733,0.035712334668425987,"[2.9328989319371384, 1.624370047100687]","[0.0, 0.0]",CONVERGENCE: NORM OF PROJECTED GRADIENT <= PGTOL,28,0.15625,0.15625,6.4,30,0.0625,0.0625,16.0,31,0.03125,0.03125,32.0,24,0.28125,True,0.28125,3.5555555555555554,27,0.21875,True,0.21875,4.571428571428571,30,0.0625,True,0.0625,16.0
n8_d25_s42,8,0.25,42,1,3,True,8,33,L-BFGS-B,60,0.0044131570002718945,21.829697428886423,0.7041837880285943,0.09046355615786296,4096,377,0.092041015625,0.0835661303323475,0.10128039762063454,"[4.8732428644638786, 2.606589830509879]","[4.915333909773417, 2.6146914021304584]",CONVERGENCE: NORM OF PROJECTED GRADIENT <= PGTOL,28,0.15625,0.21670604850088093,4.614545864860505,30,0.0625,0.11390857004410673,8.778970709691011,31,0.03125,0.09046355615786296,11.054175211230422,24,0.28125,True,0.36174279278284044,2.7643950894145797,27,0.21875,True,0.32841465378517076,3.0449311212956416,30,0.0625,True,0.11390857004410673,8.778970709691011
n8_d25_s42,8,0.25,42,1,4,True,8,39,L-BFGS-B,60,0.004887144999884185,23.846480434177447,0.7692413043283047,0.06292730122449824,4096,255,0.062255859375,0.055258652354816834,0.0700733791351274,"[2.041712925439864, 2.9847574871084217]","[2.150512419653358, 2.6306828456686815]",CONVERGENCE: NORM OF PROJECTED GRADIENT <= PGTOL,28,0.15625,0.17931429174348884,5.576800322366449,30,0.0625,0.131106975524523,7.627359230882069,31,0.03125,0.06292730122449824,15.89135368180528,24,0.28125,True,0.6421214940507138,1.5573376833902113,27,0.21875,True,0.3854169981602493,2.594592363007867,30,0.0625,True,0.131106975524523,7.627359230882069
n8_d25_s42,8,0.25,42,2,0,True,16,105,L-BFGS-B,60,0.026592995000100927,26.838564718659853,0.8657601522148339,0.03283533646065646,4096,127,0.031005859375,0.026121376790622992,0.03676921578728156,"[1.25537711730846, 1.256598096980045, 1.8269227152026066, 1.8380949330873535]","[1.21853749194266, 1.303817237286109, 2.273778443806465, 1.9276167553533707]",CONVERGENCE: NORM OF PROJECTED GRADIENT <= PGTOL,28,0.15625,0.5116238122787915,1.9545610974320424,30,0.0625,0.04038652988903437,24.7607309354775,31,0.03125,0.03283533646065646,30.4549947645034,24,0.28125,True,0.8785119937087883,1.1382883866824964,27,0.21875,True,0.7919107288363969,1.2627685969974942,30,0.0625,True,0.04038652988903437,24.7607309354775
n8_d25_s42,8,0.25,42,2,1,True,16,110,L-BFGS-B,60,0.050023738000163576,27.824995394688514,0.8975804966028553,0.18608660404687094,4096,755,0.184326171875,0.17274920625467127,0.1964946959854279,"[3.805395254919548, 0.5930271977991752, 0.3216504977547977, 1.5685164990725524]","[6.172419190451959, 0.26623215746169576, 2.9027213891446086, 0.17932386311969006]",CONVERGENCE: NORM OF PROJECTED GRADIENT <= PGTOL,28,0.15625,0.6288270195563823,1.5902624551748246,30,0.0625,0.32496709738804064,3.077234612481115,31,0.03125,0.18608660404687094,5.37384195451341,24,0.28125,True,0.8843270432305594,1.1308033692454689,27,0.21875,True,0.7760053967286107,1.288650831831426,30,0.0625,True,0.32496709738804064,3.077234612481115
n8_d25_s42,8,0.25,42,2,2,True,32,255,L-BFGS-B,60,0.05268168899965531,26.828664231293583,0.8654407816546317,0.02638415457007482,4096,98,0.02392578125,0.01967285964881211,0.029070844425583456,"[0.7920878971385165, 4.002316674515592, 2.3460763147108263, 1.0427026702442903]","[0.6066818290786204, 4.364361607007488, 2.759854873503089, 0.6357853904403478]",CONVERGENCE: NORM OF PROJECTED GRADIENT <= PGTOL,28,0.15625,0.35112670302001514,2.8479747948506136,30,0.0625,0.03088284450863412,32.38043696785843,31,0.03125,0.02638415457007482,37.901536596295195,24,0.28125,True,0.9230198011073527,1.0834003764602813,27,0.21875,True,0.7720246454008801,1.2952954364309728,30,0.0625,True,0.03088284450863412,32.38043696785843
n8_d25_s42,8,0.25,42,2,3,True,19,140,L-BFGS-B,60,0.05203533099938795,25.95105066437138,0.8371306665926251,0.06330420032075254,4096,253,0.061767578125,0.05479790466622641,0.0695584793407172,"[1.4879881240734039, 0.781519005029696, 0.41846388947840785, 1.0343978248034107]","[1.1487639388424549, 1.0276117061605816, 0.6445519042755448, 1.2028342085584347]",CONVERGENCE: NORM OF PROJECTED GRADIENT <= PGTOL,28,0.15625,0.32111273652712446,3.1141710877467164,30,0.0625,0.10312633151256856,9.696844494833257,31,0.03125,0.06330420032075254,15.79674010465586,24,0.28125,True,0.8503367960614343,1.1760046191482851,27,0.21875,True,0.5552689793500438,1.8009289861114246,30,0.0625,True,0.10312633151256856,9.696844494833257
n8_d25_s42,8,0.25,42,2,4,True,1,10,L-BFGS-B,60,0.0023718479997114628,19.0,0.6129032258064516,0.03125,4096,142,0.03466796875,0.029487295514351152,0.04072065318605805,"[2.6342512448972086, 3.2751163230081075, 0.7959529143104379, 1.1773603523769838]","[6.283185307179586, 0.0, 0.0, 3.141592653589793]",CONVERGENCE: NORM OF PROJECTED GRADIENT <= PGTOL,28,0.15625,0.15625,6.4,30,0.0625,0.0625,16.0,31,0.03125,0.03125,32.0,24,0.28125,True,0.28125,3.5555555555555554,27,0.21875,True,0.21875,4.571428571428571,30,0.0625,True,0.0625,16.0
n8_d25_s42,8,0.25,42,3,0,True,43,399,L-BFGS-B,60,0.1712502520003909,29.311702612096536,0.945538793938598,0.6193479926406581,4096,2474,0.60400390625,0.588935861117659,0.618877052761473,"[2.0160065366212945, 2.604634308465068, 6.078264184281735, 1.185109391838461, 1.5788329013281883, 2.7781404786209194]","[1.963289430921398, 2.244293626628656, 6.1129417857874335, 0.8116532664390682, 2.1128276836044444, 1.890862171460554]",CONVERGENCE: NORM OF PROJECTED GRADIENT <= PGTOL,28,0.15625,0.8763361104034557,1.1411146797769303,30,0.0625,0.7234116580210339,1.382338795500755,31,0.03125,0.6193479926406581,1.6146011804064955,24,0.28125,True,0.8969459285038144,1.11489440803649,27,0.21875,True,0.8918332049505097,1.1212859023963935,30,0.0625,True,0.7234116580210339,1.382338795500755
n8_d25_s42,8,0.25,42,3,1,True,16,147,L-BFGS-B,60,0.04186808599934011,23.970570254570788,0.773244201760348,0.10423825061263228,4096,413,0.100830078125,0.09197969874241901,0.11042848390457419,"[1.191659708487728, 2.847209361209139, 0.6258605965245894, 3.119385442209426, 2.451572137036609, 0.9444187184961892]","[1.1259631395104395, 2.8114550772580773, 1.3170730760082252, 3.141592653589793, 2.410619315690809, 1.35692301290125]",CONVERGENCE: NORM OF PROJECTED GRADIENT <= PGTOL,28,0.15625,0.392812091729176,2.5457464804557217,30,0.0625,0.23316185784982377,4.288866151701733,31,0.03125,0.10423825061263228,9.593407354044881,24,0.28125,True,0.5467509860272581,1.8289861848555409,27,0.21875,True,0.454556235752787,2.199947820194146,30,0.0625,True,0.23316185784982377,4.288866151701733
n8_d25_s42,8,0.25,42,3,2,True,21,189,L-BFGS-B,60,0.10201826100001199,27.46460433794007,0.885954978643228,0.1941939987537882,4096,821,0.200439453125,0.1884628085800003,0.21297746059911932,"[1.2818887031058959, 3.295317247757951, 3.722389922895913, 2.1902986777620987, 2.1856832364292536, 2.018079592544931]","[0.7769338979070283, 2.2058402395051, 4.563323822083262, 1.1734041030003914, 1.115518343208024, 2.615477502429702]",CONVERGENCE: RELATIVE REDUCTION OF F <= FACTR*EPSMCH,28,0.15625,0.5313482298647692,1.8820049522974889,30,0.0625,0.1979275730169314,5.052353165137111,31,0.03125,0.1941939987537882,5.149489718618263,24,0.28125,True,0.9012425426608196,1.109579222755741,27,0.21875,True,0.8272040376217544,1.2088915848078317,30,0.0625,True,0.1979275730169314,5.052353165137111
n8_d25_s42,8,0.25,42,3,3,True,34,315,L-BFGS-B,60,0.12079206099951989,28.415738092910914,0.9166367126745456,0.004021208106862324,4096,10,0.00244140625,0.0013266895763215114,0.004488525246046777,"[3.017249343812345, 0.37864442644848934, 5.7744230536663315, 2.9072468852472726, 0.41249256918074007, 1.3621420453177522]","[2.9729395149600024, 0.2664451419284937, 5.836858550004711, 2.6577871134910036, 1.0929764553848327, 0.8627212132703168]",CONVERGENCE: RELATIVE REDUCTION OF F <= FACTR*EPSMCH,28,0.15625,0.8487837203414296,1.1781564325924425,30,0.0625,0.6729723059352924,1.4859452479403392,31,0.03125,0.004021208106862324,248.68148412748576,24,0.28125,True,0.8793586357443297,1.1371924483957037,27,0.21875,True,0.8546094297020081,1.1701251650694842,30,0.0625,True,0.6729723059352924,1.4859452479403392
n8_d25_s42,8,0.25,42,3,4,True,28,259,L-BFGS-B,60,0.08975847700003214,28.170833620398508,0.9087365683999519,0.15687603285384863,4096,615,0.150146484375,0.1395349961788309,0.1614135822512249,"[4.8137861002968005, 0.561427363105168, 4.991372358713859, 2.7613469107913735, 1.0385603372058132, 0.2343777390406778]","[4.73090482137475, 0.6847269339984925, 5.023823958838297, 2.443182180187728, 1.0739467266548064, 0.41254837977224534]",CONVERGENCE: NORM OF PROJECTED GRADIENT <= PGTOL,28,0.15625,0.841297621233611,1.1886399946474122,30,0.0625,0.5402141390187439,1.8511177841742916,31,0.03125,0.15687603285384863,6.374460023040205,24,0.28125,True,0.8674679951633322,1.152780281895834,27,0.21875,True,0.8668743086018702,1.1535697736997654,30,0.0625,True,0.5402141390187439,1.8511177841742916
n8_d50_s17,8,0.5,17,1,0,True,1,6,L-BFGS-B,60,0.0009890270002870238,37.99999999999997,0.6666666666666662,0.015624999999999986,4096,55,0.013427734375,0.010331122163193216,0.017436161026689018,"[5.051676731497436, 3.031890193715183]","[0.0, 2.7288323463879225]",CONVERGENCE: NORM OF PROJECTED GRADIENT <= PGTOL,52,0.1171875,0.11718749999999992,8.533333333333339,55,0.03125,0.031249999999999972,32.00000000000003,57,0.015625,0.015624999999999986,64.00000000000006,48,0.1953125,True,0.19531249999999983,5.1200000000000045,54,0.0625,True,0.062499999999999944,16.000000000000014,59,0.0,False,0.0,inf
n8_d50_s17,8,0.5,17,1,1,True,9,39,L-BFGS-B,60,0.005297114000313741,42.30088184827137,0.7421207341801995,0.02017672489342444,4096,81,0.019775390625,0.015939893688042484,0.02451080678084781,"[2.789544461138636, 1.3130708465109493]","[2.880254690131251, 1.1246753004273329]",CONVERGENCE: NORM OF PROJECTED GRADIENT <= PGTOL,52,0.1171875,0.18565463125086637,5.3863455668323565,55,0.03125,0.058202365471286065,17.18143226486811,57,0.015625,0.02017672489342444,49.562057533227225,48,0.1953125,True,0.2653688760494588,3.768339433346443,54,0.0625,True,0.11186634191666761,8.939239299922118,59,0.0,False,0.0,inf
n8_d50_s17,8,0.5,17,1,2,True,1,6,L-BFGS-B,60,0.0009687559995654738,38.0,0.6666666666666666,0.015625,4096,39,0.009521484375,0.006973116704285116,0.012988986621592162,"[3.6123971605547465, 0.057052296819735886]","[6.283185307179586, 0.0]",CONVERGENCE: NORM OF PROJECTED GRADIENT <= PGTOL,52,0.1171875,0.1171875,8.533333333333333,55,0.03125,0.03125,32.0,57,0.015625,0.015625,64.0,48,0.1953125,True,0.1953125,5.12,54,0.0625,True,0.0625,16.0,59,0.0,False,0.0,inf
n8_d50_s17,8,0.5,17,1,3,True,9,39,L-BFGS-B,60,0.02758369399998628,41.63032532100537,0.7303565845790416,0.011901661287324467,4096,54,0.01318359375,0.010118659410882703,0.017160800037499223,"[1.2426304348677093, 0.9503366682941885]","[1.190527091722417, 0.9828273875491648]",CONVERGENCE: NORM OF PROJECTED GRADIENT <= PGTOL,52,0.1171875,0.17224582056592852,5.805656106571489,55,0.03125,0.07846969306377588,12.743773563473157,57,0.015625,0.011901661287324467,84.02188365627764,48,0.1953125,True,0.3406788190769038,2.935316033763353,54,0.0625,True,0.09144860504119776,10.935103925855383,59,0.0,False,0.0,inf
n8_d50_s17,8,0.5,17,1,4,True,1,6,L-BFGS-B,60,0.0010417469993626582,38.0,0.6666666666666666,0.015625,4096,63,0.015380859375,0.012040724876904885,0.019629148244979834,"[1.900794867965427, 1.6610116808692168]","[6.283185307179586, 0.0]",CONVERGENCE: NORM OF PROJECTED GRADIENT <= PGTOL,52,0.1171875,0.1171875,8.533333333333333,55,0.03125,0.03125,32.0,57,0.015625,0.015625,64.0,48,0.1953125,True,0.1953125,5.12,54,0.0625,True,0.0625,16.0,59,0.0,False,0.0,inf
n8_d50_s17,8,0.5,17,2,0,True,12,80,L-BFGS-B,60,0.015987560000212397,44.04544594260218,0.7727271218000382,0.024052401975525092,4096,92,0.0224609375,0.018350651411753346,0.02746611021364036,"[3.5762104217106288, 4.923008700527674, 1.0528968216528032, 3.113557721285924]","[3.588343415718936, 4.9052518666424385, 0.9251936356396405, 2.916457116990519]",CONVERGENCE: NORM OF PROJECTED GRADIENT <= PGTOL,52,0.1171875,0.28740519007424314,3.479408286752504,55,0.03125,0.12129991557159378,8.244028821353785,57,0.015625,0.024052401975525092,41.57588921961167,48,0.1953125,True,0.3894290111719183,2.567862104034508,54,0.0625,True,0.15393583367691974,6.496213234527305,59,0.0,False,0.0,inf
n8_d50_s17,8,0.5,17,2,1,True,1,10,L-BFGS-B,60,0.003405712000130734,37.99999999999998,0.6666666666666663,0.015624999999999816,4096,72,0.017578125,0.013982290939508705,0.022077995855878798,"[2.07268407948154, 3.2390362622240674, 3.0982220222556887, 0.34059088751380107]","[6.283185307179586, 6.283185307179586, 3.1120115252123246, 0.033932011283558994]",CONVERGENCE: NORM OF PROJECTED GRADIENT <= PGTOL,52,0.1171875,0.1171875000000003,8.533333333333312,55,0.03125,0.031249999999999896,32.00000000000011,57,0.015625,0.015624999999999816,64.00000000000075,48,0.1953125,True,0.1953125000000001,5.119999999999997,54,0.0625,True,0.062499999999999674,16.000000000000085,59,0.0,False,0.0,inf
n8_d50_s17,8,0.5,17,2,2,True,9,80,L-BFGS-B,60,0.019451040000603825,48.85440874669753,0.8570948902929392,0.08434827756877702,4096,350,0.08544921875,0.07727181274010816,0.0944034741923655,"[6.092132923698238, 2.085644782161633, 0.37105992803543014, 2.462544533508908]","[5.812269361606355e-10, 6.198697986941927, 6.999035333533929e-09, 2.809343321351526]",CONVERGENCE: NORM OF PROJECTED GRADIENT <= PGTOL,52,0.1171875,0.48708788206207504,2.0530176110448974,55,0.03125,0.17073711566578476,5.856957323546946,57,0.015625,0.08434827756877702,11.85560664454122,48,0.1953125,True,0.6522657175997796,1.5331175210002144,54,0.0625,True,0.29584049550016556,3.3801998550243786,59,0.0,False,0.0,inf
n8_d50_s17,8,0.5,17,2,3,True,19,145,L-BFGS-B,60,0.06421701199997187,45.90844222180746,0.8054112670492537,0.04729839989842691,4096,201,0.049072265625,0.042868931773833364,0.056120617675094124,"[3.6018003109204035, 0.5054515992356343, 2.2272660364213923, 2.1574698854563636]","[3.5647397480062843, 0.6009497368807583, 2.610716634791835, 1.8706533163701071]",CONVERGENCE: NORM OF PROJECTED GRADIENT <= PGTOL,52,0.1171875,0.4031374267561956,2.480543689645485,55,0.03125,0.1422217481251143,7.031273438716892,57,0.015625,0.04729839989842691,21.142364269140085,48,0.1953125,True,0.49111535146054225,2.0361815142330024,54,0.0625,True,0.19584262733041113,5.106140647882926,59,0.0,False,0.0,inf
n8_d50_s17,8,0.5,17,2,4,True,18,125,L-BFGS-B,60,0.035498760000336915,43.24811827355046,0.7587389170798327,0.02780356800770854,4096,114,0.02783203125,0.023219948082791268,0.03332893585560926,"[1.6246089445158347, 6.03311563692547, 2.8606367985137204, 1.528373767329627]","[2.8722051145143137, 5.766821139145166, 2.747093326000439, 1.3786473685979466]",CONVERGENCE: NORM OF PROJECTED GRADIENT <= PGTOL,52,0.1171875,0.238129909567472,4.199388484278826,55,0.03125,0.08689438448195402,11.508223528617975,57,0.015625,0.02780356800770854,35.966606865807655,48,0.1953125,True,0.33489739676506236,2.9859891705922137,54,0.0625,True,0.13773522821181708,7.260306698458749,59,0.0,False,0.0,inf
n8_d50_s17,8,0.5,17,3,0,True,20,203,L-BFGS-B,60,0.08973690399943735,44.75300409040723,0.7851404226387233,0.06351515094826121,4096,290,0.07080078125,0.06334140319103769,0.07906445925141738,"[0.2978622891110668, 4.822057794337756, 2.176388370835876, 2.860556762835489, 2.3688318891588933, 2.6620089726762712]","[3.787949655537479, 6.063235443497482, 6.283185307179586, 1.2469755401819045, 1.2301757925109396, 3.141592653589793]",CONVERGENCE: RELATIVE REDUCTION OF F <= FACTR*EPSMCH,52,0.1171875,0.30891835402374956,3.2371012825062517,55,0.03125,0.12069021575875549,8.285675799924608,57,0.015625,0.06351515094826121,15.744274949682316,48,0.1953125,True,0.38488710339865256,2.598164477764367,54,0.0625,True,0.18345200061179456,5.4510171416234074,59,0.0,False,0.0,inf
n8_d50_s17,8,0.5,17,3,1,True,25,273,L-BFGS-B,60,0.09765427399997861,44.68312921352342,0.783914547605674,0.01922637105107576,4096,72,0.017578125,0.013982290939508705,0.022077995855878798,"[0.6660703380824209, 3.8136328004930355, 0.5158866340117982, 2.274821885358295, 1.1763446470411745, 2.6392840366332235]","[1.6312905939274542, 3.1315871544771063, 0.5220146596311815, 2.56394878419377, 1.2829741417375091, 2.7875237067864287]",CONVERGENCE: RELATIVE REDUCTION OF F <= FACTR*EPSMCH,52,0.1171875,0.34753393708729163,2.877416831234026,55,0.03125,0.03915041423843479,25.542513903167823,57,0.015625,0.01922637105107576,52.01189539843234,48,0.1953125,True,0.5054939768379626,1.9782629384732562,54,0.0625,True,0.06195931624417337,16.139622910929713,59,0.0,False,0.0,inf
n8_d50_s17,8,0.5,17,3,2,True,26,238,L-BFGS-B,60,0.09451924900076847,45.99581383281536,0.806944102330094,0.015301428109834116,4096,53,0.012939453125,0.009906496085844563,0.016885139621037056,"[0.8571750630774428, 5.74382692391775, 3.710629044744768, 2.105365695335248, 0.24172032505680913, 1.7791112781642884]","[0.8112018914754605, 5.713729159173724, 3.7186441392589855, 1.917993200403072, 0.3234556963213015, 1.8190354787153438]",CONVERGENCE: RELATIVE REDUCTION OF F <= FACTR*EPSMCH,52,0.1171875,0.3291411194850095,3.0382104841979314,55,0.03125,0.12034529918462548,8.309423025039546,57,0.015625,0.015301428109834116,65.35337700651009,48,0.1953125,True,0.511948732166413,1.9533205908495972,54,0.0625,True,0.22359906407006294,4.472290633947637,59,0.0,False,0.0,inf
n8_d50_s17,8,0.5,17,3,3,True,20,196,L-BFGS-B,60,0.07991860300080589,46.457214389024266,0.8150388489302502,0.02737795599200471,4096,97,0.023681640625,0.01945216539109278,0.028803714941802474,"[2.193581318800814, 3.088579212444594, 5.414724573109863, 0.77496584939203, 1.255104814848536, 1.8753828868354938]","[1.339969168885151, 4.502030741771984, 5.69876709137357, 0.0, 0.4336254308861096, 1.3205479716216528]",CONVERGENCE: NORM OF PROJECTED GRADIENT <= PGTOL,52,0.1171875,0.37246251534425634,2.6848339330891564,55,0.03125,0.05541173123862998,18.04672002925719,57,0.015625,0.02737795599200471,36.525736263584974,48,0.1953125,True,0.4934410846019438,2.026584391136977,54,0.0625,True,0.16307319611456575,6.132215617442477,59,0.0,False,0.0,inf
n8_d50_s17,8,0.5,17,3,4,True,15,168,L-BFGS-B,60,0.050396982000165735,48.854408746697516,0.8570948902929388,0.08434827844533635,4096,338,0.08251953125,0.07447911588500697,0.09134228614946299,"[3.3537127636467297, 2.744460284216726, 6.187554811344345, 0.38070190669169357, 2.5688363482417182, 1.834919555599627]","[3.5241016258767983, 2.6745963643899526, 6.283185307179586, 0.0, 2.661669747603144, 1.7184698733824608]",CONVERGENCE: NORM OF PROJECTED GRADIENT <= PGTOL,52,0.1171875,0.4870878843029342,2.053017601599942,55,0.03125,0.17073711698546795,5.856957278276601,57,0.015625,0.08434827844533635,11.855606521336066,48,0.1953125,True,0.6522657197280255,1.5331175159978803,54,0.0625,True,0.2958404977448007,3.3801998293777364,59,0.0,False,0.0,inf
n8_d50_s42,8,0.5,42,1,0,True,10,60,L-BFGS-B,60,0.007849436999094905,40.798052612271036,0.6799675435378506,0.07865254671661989,4096,322,0.07861328125,0.07076043300550236,0.08725578916496263,"[3.018811885674506, 2.4123042933146874]","[3.9101739537432736, 1.9560847315298633]",CONVERGENCE: NORM OF PROJECTED GRADIENT <= PGTOL,54,0.046875,0.081764301397245,12.230276329783385,57,0.015625,0.07865254671661989,12.714146480252397,60,0.015625,0.07865254671661989,12.714146480252397,49,0.1875,True,0.15051082213102218,6.644040513774374,54,0.046875,True,0.081764301397245,12.230276329783385,60,0.015625,True,0.07865254671661989,12.714146480252397
n8_d50_s42,8,0.5,42,1,1,True,1,6,L-BFGS-B,60,0.000980232999609143,38.5,0.6416666666666667,0.015625,4096,57,0.013916015625,0.01075691476118927,0.017986015911693586,"[4.020409131541601, 1.1989126410044761]","[6.283185307179586, 0.0]",CONVERGENCE: NORM OF PROJECTED GRADIENT <= PGTOL,54,0.046875,0.046875,21.333333333333332,57,0.015625,0.015625,64.0,60,0.015625,0.015625,64.0,49,0.1875,True,0.1875,5.333333333333333,54,0.046875,True,0.046875,21.333333333333332,60,0.015625,True,0.015625,64.0
n8_d50_s42,8,0.5,42,1,2,True,12,60,L-BFGS-B,60,0.03091193000000203,40.426448037158345,0.6737741339526391,0.002916728152759042,4096,12,0.0029296875,0.0016767322242621596,0.005114130081106749,"[5.761984882806038, 1.453355953833506]","[2.717979187835195, 1.9152844203634158]",CONVERGENCE: NORM OF PROJECTED GRADIENT <= PGTOL,54,0.046875,0.05915694573838693,16.904185764125753,57,0.015625,0.002916728152759042,342.8499152566079,60,0.015625,0.002916728152759042,342.8499152566079,49,0.1875,True,0.235319325520583,4.249544731558954,54,0.046875,True,0.05915694573838693,16.904185764125753,60,0.015625,True,0.002916728152759042,342.8499152566079
n8_d50_s42,8,0.5,42,1,3,True,7,45,L-BFGS-B,60,0.0055393719994754065,41.728509495911325,0.6954751582651888,9.34835138091463e-05,4096,0,0.0,0.0,0.0009369774073651883,"[3.584130723048659, 1.3357041968923982]","[3.229264758710859, 1.100660091982946]",CONVERGENCE: NORM OF PROJECTED GRADIENT <= PGTOL,54,0.046875,0.0029764665225712325,335.9688383580898,57,0.015625,9.34835138091463e-05,10697.073304728105,60,0.015625,9.34835138091463e-05,10697.073304728105,49,0.1875,True,0.09948742436746716,10.051521650680149,54,0.046875,True,0.0029764665225712325,335.9688383580898,60,0.015625,True,9.34835138091463e-05,10697.073304728105
n8_d50_s42,8,0.5,42,1,4,True,9,39,L-BFGS-B,60,0.005127307000293513,41.531749047772045,0.6921958174628674,0.004795488854323691,4096,24,0.005859375,0.003940714277798989,0.008704032925573639,"[0.19907268504416242, 1.0422977673272638]","[5.230101069814839, 2.804999049630631]",CONVERGENCE: NORM OF PROJECTED GRADIENT <= PGTOL,54,0.046875,0.04793549782495279,20.861366740191666,57,0.015625,0.004795488854323691,208.5293137733776,60,0.015625,0.004795488854323691,208.5293137733776,49,0.1875,True,0.20137760517828493,4.9657954722158575,54,0.046875,True,0.04793549782495279,20.861366740191666,60,0.015625,True,0.004795488854323691,208.5293137733776
n8_d50_s42,8,0.5,42,2,0,True,18,115,L-BFGS-B,60,0.022508746000312385,42.07431684901813,0.7012386141503022,0.0021648373298326085,4096,8,0.001953125,0.0009900179449591885,0.0038495493944084797,"[4.506602886118095, 4.764891821658984, 2.754293642314336, 0.6726162490065178]","[4.60266083823163, 4.711930433039692, 2.9212782533244854, 0.3639113578316795]",CONVERGENCE: NORM OF PROJECTED GRADIENT <= PGTOL,54,0.046875,0.010211133907687332,97.93231672803367,57,0.015625,0.0021648373298326085,461.9284720470535,60,0.015625,0.0021648373298326085,461.9284720470535,49,0.1875,True,0.0818067509664266,12.223930032503048,54,0.046875,True,0.010211133907687332,97.93231672803367,60,0.015625,True,0.0021648373298326085,461.9284720470535
n8_d50_s42,8,0.5,42,2,1,True,1,10,L-BFGS-B,60,0.002151987000615918,38.5,0.6416666666666667,0.015625,4096,62,0.01513671875,0.011826124044008677,0.01935592533637573,"[5.2444083957538545, 2.3795622014392404, 0.10020866122443121, 1.8249134218371261]","[6.283185307179586, 6.283185307179586, 0.0, 3.141592653589793]",CONVERGENCE: NORM OF PROJECTED GRADIENT <= PGTOL,54,0.046875,0.046875,21.333333333333332,57,0.015625,0.015625,64.0,60,0.015625,0.015625,64.0,49,0.1875,True,0.1875,5.333333333333333,54,0.046875,True,0.046875,21.333333333333332,60,0.015625,True,0.015625,64.0
n8_d50_s42,8,0.5,42,2,2,True,1,10,L-BFGS-B,60,0.0021943400006421143,38.5,0.6416666666666667,0.015625,4096,79,0.019287109375,0.015503626084669948,0.023971426901219724,"[1.8493867483156932, 1.487965764372294, 0.6748575805596249, 2.379418266237311]","[6.283185307179586, 5.28148026774866, 0.0, 0.0]",CONVERGENCE: NORM OF PROJECTED GRADIENT <= PGTOL,54,0.046875,0.046875,21.333333333333332,57,0.015625,0.015625,64.0,60,0.015625,0.015625,64.0,49,0.1875,True,0.1875,5.333333333333333,54,0.046875,True,0.046875,21.333333333333332,60,0.015625,True,0.015625,64.0
n8_d50_s42,8,0.5,42,2,3,True,1,10,L-BFGS-B,60,0.0021518560006370535,38.5,0.6416666666666667,0.015625,4096,82,0.02001953125,0.01615827811132198,0.024780246099068624,"[5.128887712876984, 3.4256824942710558, 2.706233384613543, 2.6373335178561095]","[6.283185307179586, 0.0, 3.141592653589793, 0.0]",CONVERGENCE: NORM OF PROJECTED GRADIENT <= PGTOL,54,0.046875,0.046875,21.333333333333332,57,0.015625,0.015625,64.0,60,0.015625,0.015625,64.0,49,0.1875,True,0.1875,5.333333333333333,54,0.046875,True,0.046875,21.333333333333332,60,0.015625,True,0.015625,64.0
n8_d50_s42,8,0.5,42,2,4,True,16,100,L-BFGS-B,60,0.02258265799991932,48.86995078858408,0.8144991798097346,0.09926623606143802,4096,383,0.093505859375,0.08496677854948931,0.10280669185249458,"[6.171136635533389, 5.503092872638832, 1.4947799535459967, 0.35303875686984854]","[6.202880469367099, 5.619942747263569, 1.2528802714800662, 0.014325565138713945]",CONVERGENCE: NORM OF PROJECTED GRADIENT <= PGTOL,54,0.046875,0.23493213616203223,4.256548364717128,57,0.015625,0.09926623606143802,10.073918783231374,60,0.015625,0.09926623606143802,10.073918783231374,49,0.1875,True,0.5786732787306772,1.728090853259209,54,0.046875,True,0.23493213616203223,4.256548364717128,60,0.015625,True,0.09926623606143802,10.073918783231374
n8_d50_s42,8,0.5,42,3,0,True,7,77,L-BFGS-B,60,0.040355640000598214,41.03655360773332,0.6839425601288887,0.02179724199307082,4096,81,0.019775390625,0.015939893688042484,0.02451080678084781,"[1.6088679399264276, 4.844009893052649, 1.0473466324073637, 2.4878132957817813, 0.5344757843508744, 1.8620376998749257]","[2.491636106449454, 0.005013797915817215, 6.283185307179586, 3.141592653589793, 0.48136344430071526, 3.141592653589793]",CONVERGENCE: NORM OF PROJECTED GRADIENT <= PGTOL,54,0.046875,0.03907967258555342,25.588750719719947,57,0.015625,0.02179724199307082,45.87736376546595,60,0.015625,0.02179724199307082,45.87736376546595,49,0.1875,True,0.267184097149209,3.7427377252978866,54,0.046875,True,0.03907967258555342,25.588750719719947,60,0.015625,True,0.02179724199307082,45.87736376546595
n8_d50_s42,8,0.5,42,3,1,True,35,364,L-BFGS-B,60,0.12252857800012862,43.230492307257066,0.7205082051209512,0.06929947528435064,4096,322,0.07861328125,0.07076043300550236,0.08725578916496263,"[3.465112900550294, 4.774140626516596, 5.5515963875621095, 0.3665432245623078, 2.4955944827738814, 1.4062515423359203]","[5.02542959341019, 4.262460801665533, 6.139485820412149, 0.46437867250700576, 2.994636282082817, 3.141592653589793]",CONVERGENCE: NORM OF PROJECTED GRADIENT <= PGTOL,54,0.046875,0.16918227090611082,5.910784827772874,57,0.015625,0.06929947528435064,14.430123689923843,60,0.015625,0.06929947528435064,14.430123689923843,49,0.1875,True,0.3489885723944286,2.865423337901721,54,0.046875,True,0.16918227090611082,5.910784827772874,60,0.015625,True,0.06929947528435064,14.430123689923843
n8_d50_s42,8,0.5,42,3,2,True,1,14,L-BFGS-B,60,0.004396723000354541,38.5,0.6416666666666667,0.015625,4096,63,0.015380859375,0.012040724876904885,0.019629148244979834,"[6.150405074947896, 3.6806088487129354, 2.662026649028952, 2.9126086950609595, 1.9908769410442062, 2.388934891407662]","[6.283185307179586, 0.0, 6.283185307179586, 3.141592653589793, 3.141592653589793, 3.141592653589793]",CONVERGENCE: NORM OF PROJECTED GRADIENT <= PGTOL,54,0.046875,0.046875,21.333333333333332,57,0.015625,0.015625,64.0,60,0.015625,0.015625,64.0,49,0.1875,True,0.1875,5.333333333333333,54,0.046875,True,0.046875,21.333333333333332,60,0.015625,True,0.015625,64.0
n8_d50_s42,8,0.5,42,3,3,True,1,14,L-BFGS-B,60,0.004057097999975667,38.5,0.6416666666666667,0.015625,4096,72,0.017578125,0.013982290939508705,0.022077995855878798,"[3.637323339892666, 2.0310887411474714, 2.7227928984908365, 1.8993027769401312, 0.4925563884022112, 0.5972620576359374]","[0.0, 0.0, 0.0, 3.141592653589793, 0.0, 2.8426119079495744]",CONVERGENCE: NORM OF PROJECTED GRADIENT <= PGTOL,54,0.046875,0.046875,21.333333333333332,57,0.015625,0.015625,64.0,60,0.015625,0.015625,64.0,49,0.1875,True,0.1875,5.333333333333333,54,0.046875,True,0.046875,21.333333333333332,60,0.015625,True,0.015625,64.0
n8_d50_s42,8,0.5,42,3,4,True,26,245,L-BFGS-B,60,0.09161041799961822,43.154027279640985,0.7192337879940164,0.016887989768250584,4096,64,0.015625,0.012255565007829483,0.01990213185555554,"[1.8703394432015399, 2.3775924210854633, 6.195945228352236, 3.0150122493386693, 0.9674357493485727, 2.3103637189212005]","[2.244427556418426, 2.6350729847953147, 6.228214510469785, 2.575227201944862, 1.0047049016426575, 2.3576018082893393]",CONVERGENCE: NORM OF PROJECTED GRADIENT <= PGTOL,54,0.046875,0.055898362439301484,17.88961172316761,57,0.015625,0.016887989768250584,59.21367869845585,60,0.015625,0.016887989768250584,59.21367869845585,49,0.1875,True,0.18487331018931158,5.409109616612549,54,0.046875,True,0.055898362439301484,17.88961172316761,60,0.015625,True,0.016887989768250584,59.21367869845585
n8_d75_s17,8,0.75,17,1,0,True,1,6,L-BFGS-B,60,0.0010506700000405544,59.5,0.6611111111111111,0.007812500000000003,4096,31,0.007568359375,0.005337063044036356,0.010722450349838443,"[5.608367186104363, 1.532328699936925]","[5.9536312721922995, 3.141592653589793]",CONVERGENCE: NORM OF PROJECTED GRADIENT <= PGTOL,81,0.0234375,0.02343749999999999,42.666666666666686,86,0.015625,0.015624999999999997,64.00000000000001,90,0.0078125,0.007812500000000003,127.99999999999994,71,0.21875,True,0.21875000000000003,4.571428571428571,77,0.078125,True,0.078125,12.8,84,0.015625,True,0.015624999999999997,64.00000000000001
n8_d75_s17,8,0.75,17,1,1,True,7,36,L-BFGS-B,60,0.004511525999987498,62.45605975433645,0.6939562194926272,0.00034760551426048854,4096,0,0.0,0.0,0.0009369774073651883,"[4.799093348586187, 3.031293841932629]","[4.893389310795414, 2.600021086725187]",CONVERGENCE: NORM OF PROJECTED GRADIENT <= PGTOL,81,0.0234375,0.022552873531606572,44.34024775594812,86,0.015625,0.0039929633250336835,250.4405672174723,90,0.0078125,0.00034760551426048854,2876.8243280819192,71,0.21875,True,0.25008535421478356,3.9986347986662145,77,0.078125,True,0.11092359315801222,9.015214631349762,84,0.015625,True,0.0039929633250336835,250.4405672174723
n8_d75_s17,8,0.75,17,1,2,True,1,6,L-BFGS-B,60,0.0009687459996712278,59.5,0.6611111111111111,0.0078125,4096,29,0.007080078125,0.004934210809760133,0.010149655101114045,"[4.4990288554162685, 2.429950690867916]","[0.0, 3.141592653589793]",CONVERGENCE: NORM OF PROJECTED GRADIENT <= PGTOL,81,0.0234375,0.0234375,42.666666666666664,86,0.015625,0.015625,64.0,90,0.0078125,0.0078125,128.0,71,0.21875,True,0.21875,4.571428571428571,77,0.078125,True,0.078125,12.8,84,0.015625,True,0.015625,64.0
n8_d75_s17,8,0.75,17,1,3,True,6,33,L-BFGS-B,60,0.004156318000241299,62.45605975433684,0.6939562194926315,0.0003476073212797724,4096,0,0.0,0.0,0.0009369774073651883,"[4.835073406330755, 0.985442727873054]","[4.893389299988889, 1.0292249951198524]",CONVERGENCE: NORM OF PROJECTED GRADIENT <= PGTOL,81,0.0234375,0.02255288147952377,44.340232129890836,86,0.015625,0.003992971016470033,250.44008480783944,90,0.0078125,0.0003476073212797724,2876.8093730544533,71,0.21875,True,0.2500853936704133,3.9986341678070834,77,0.078125,True,0.11092359937018481,9.015214126461085,84,0.015625,True,0.003992971016470033,250.44008480783944
n8_d75_s17,8,0.75,17,1,4,True,8,48,L-BFGS-B,60,0.005820626000058837,63.75185616001794,0.7083539573335327,0.000631486036851688,4096,0,0.0,0.0,0.0009369774073651883,"[0.3444656990667415, 2.539525840214222]","[0.3114330929685173, 2.712538358354554]",CONVERGENCE: RELATIVE REDUCTION OF F <= FACTR*EPSMCH,81,0.0234375,0.07517084032418071,13.303030745531299,86,0.015625,0.02105181069365311,47.501852194666036,90,0.0078125,0.000631486036851688,1583.5662891068196,71,0.21875,True,0.2737047260517549,3.6535722799719204,77,0.078125,True,0.19905249174258005,5.023800462107385,84,0.015625,True,0.02105181069365311,47.501852194666036
n8_d75_s17,8,0.75,17,2,0,True,1,10,L-BFGS-B,60,0.002095800999995845,59.50000000000003,0.6611111111111114,0.007812500000000003,4096,29,0.007080078125,0.004934210809760133,0.010149655101114045,"[4.93517400189025, 4.76044287132753, 0.4799850386001601, 2.571224811901756]","[0.0, 0.0, 0.0, 1.2911394330858807]",CONVERGENCE: NORM OF PROJECTED GRADIENT <= PGTOL,81,0.0234375,0.023437500000000007,42.66666666666666,86,0.015625,0.015625000000000007,63.99999999999997,90,0.0078125,0.007812500000000003,127.99999999999994,71,0.21875,True,0.21875000000000006,4.57142857142857,77,0.078125,True,0.07812500000000003,12.799999999999995,84,0.015625,True,0.015625000000000007,63.99999999999997
n8_d75_s17,8,0.75,17,2,1,True,22,200,L-BFGS-B,60,0.0583308159993976,64.34097303666698,0.7148997004074109,0.00039106676793675816,4096,1,0.000244140625,4.309811523941186e-05,0.0013817030336260863,"[5.347742284476966, 2.766526720286683, 1.417936856815011, 0.6393180313229744]","[5.143701618606702, 2.541223208352154, 1.8383113313187365, 0.6291785708614523]",CONVERGENCE: NORM OF PROJECTED GRADIENT <= PGTOL,81,0.0234375,0.015068621333486472,66.36307183443085,86,0.015625,0.0021236110611937147,470.8960215331919,90,0.0078125,0.00039106676793675816,2557.1081001741272,71,0.21875,True,0.3095971742831326,3.230003640425609,77,0.078125,True,0.18059422831012117,5.5372755229074855,84,0.015625,True,0.0021236110611937147,470.8960215331919
n8_d75_s17,8,0.75,17,2,2,True,25,155,L-BFGS-B,60,0.030563933999474102,63.46605324725696,0.7051783694139662,0.015314892671156575,4096,66,0.01611328125,0.01268594169611479,0.020447402650270854,"[4.885801320254037, 1.9004345327597603, 1.1274059169399762, 1.7590741111285944]","[4.8801115794587195, 1.8221692579543958, 1.5278692535560585, 2.0123241147740676]",CONVERGENCE: NORM OF PROJECTED GRADIENT <= PGTOL,81,0.0234375,0.02884156269392225,34.6721850897049,86,0.015625,0.025484102136725105,39.2401503743348,90,0.0078125,0.015314892671156575,65.29591956484018,71,0.21875,True,0.3465897162323084,2.88525583179661,77,0.078125,True,0.207299002231694,4.823949894762734,84,0.015625,True,0.025484102136725105,39.2401503743348
n8_d75_s17,8,0.75,17,2,3,True,14,120,L-BFGS-B,60,0.045952686999953585,63.44208094352854,0.7049120104836504,0.014983014682889519,4096,67,0.016357421875,0.012901468019013623,0.020719700068872332,"[4.701316087650288, 2.7008063207308917, 1.4150813250207037, 0.8016697864887622]","[0.4185948060051187, 6.282736777949936, 2.0312782945821133, 0.0]",CONVERGENCE: RELATIVE REDUCTION OF F <= FACTR*EPSMCH,81,0.0234375,0.027219685535386135,36.73811729749706,86,0.015625,0.025179898391597587,39.71421903488281,90,0.0078125,0.014983014682889519,66.74224254361786,71,0.21875,True,0.33729583508416094,2.9647564422207684,77,0.078125,True,0.20238569065475093,4.941060787276195,84,0.015625,True,0.025179898391597587,39.71421903488281
n8_d75_s17,8,0.75,17,2,4,True,19,125,L-BFGS-B,60,0.031623532999219606,66.007693159458,0.7334188128828667,0.004725883646645978,4096,18,0.00439453125,0.002781615150444107,0.006936189603926662,"[2.5694513664800853, 0.962285574203138, 0.4118283080696081, 0.5327218752290279]","[5.852917997146255, 4.662638282472783, 2.676070106766973, 0.3144158448538991]",CONVERGENCE: RELATIVE REDUCTION OF F <= FACTR*EPSMCH,81,0.0234375,0.07865776578877344,12.713302875718428,86,0.015625,0.07670403030428914,13.037124594795666,90,0.0078125,0.004725883646645978,211.6006391121612,71,0.21875,True,0.3663900297192121,2.729331911041257,77,0.078125,True,0.20944493638452516,4.774524594684281,84,0.015625,True,0.07670403030428914,13.037124594795666
n8_d75_s17,8,0.75,17,3,0,True,34,308,L-BFGS-B,60,0.13439040100001876,64.6004888820011,0.7177832098000122,0.009315157111032741,4096,38,0.00927734375,0.006766714050692903,0.012707565533684064,"[2.0245575638104247, 0.4408522646940181, 4.920628174094849, 1.866170202711925, 1.8493782831931562, 1.675031223356305]","[2.82964613103189, 1.726650355219428, 5.1977345585366805, 1.2302967409352161, 2.245348463157576, 2.2005713454530484]",CONVERGENCE: RELATIVE REDUCTION OF F <= FACTR*EPSMCH,81,0.0234375,0.0409612999120306,24.413287716640394,86,0.015625,0.037970691385875485,26.336101964474228,90,0.0078125,0.009315157111032741,107.35191989575935,71,0.21875,True,0.35074156128512,2.8511020944766043,77,0.078125,True,0.1441718332813371,6.936167608055582,84,0.015625,True,0.037970691385875485,26.336101964474228
n8_d75_s17,8,0.75,17,3,1,True,36,308,L-BFGS-B,60,0.15381297800013272,64.29215047429791,0.714357227492199,0.0001883679261517668,4096,2,0.00048828125,0.00013391454481334652,0.0017787103455524616,"[2.152993335428867, 4.920464555556979, 5.235110136683528, 2.6046174826955535, 2.4164611421070306, 0.06103833578802175]","[2.564528395085174, 5.037173273825079, 4.675547339220599, 2.829502509983226, 2.1379396853071895, 0.4349189308514026]",CONVERGENCE: RELATIVE REDUCTION OF F <= FACTR*EPSMCH,81,0.0234375,0.06370302370092101,15.697841984626894,86,0.015625,0.05466027427480898,18.294822213522355,90,0.0078125,0.0001883679261517668,5308.7594073436185,71,0.21875,True,0.2557144121068612,3.910612592230849,77,0.078125,True,0.12591508538477955,7.941860158726293,84,0.015625,True,0.05466027427480898,18.294822213522355
n8_d75_s17,8,0.75,17,3,2,True,33,294,L-BFGS-B,60,0.10384267600056774,63.374757929946185,0.704163976999402,0.04303123224728125,4096,169,0.041259765625,0.0355863874416206,0.04779280227929697,"[1.8978217339885273, 1.7704335423456883, 0.9327367377425404, 2.5671869261999833, 2.3364114302035355, 1.6553841951582642]","[1.9221599572685564, 1.7245925463120921, 1.0378285992207577, 2.558881889011761, 2.055943425393249, 2.0033744341863966]",CONVERGENCE: RELATIVE REDUCTION OF F <= FACTR*EPSMCH,81,0.0234375,0.04628747616296917,21.604115905546355,86,0.015625,0.04420835869126328,22.620156676335192,90,0.0078125,0.04303123224728125,23.238934787027414,71,0.21875,True,0.3446712900293393,2.901315046909992,77,0.078125,True,0.1587194055409302,6.300426822995644,84,0.015625,True,0.04420835869126328,22.620156676335192
n8_d75_s17,8,0.75,17,3,3,True,55,644,L-BFGS-B,60,0.23330380399966089,78.36787712629746,0.870754190292194,0.1767297766843184,4096,665,0.162353515625,0.15137722178992588,0.17396254371514538,"[3.222358985949057, 6.196133717355687, 2.0431325328274013, 1.2929004354855829, 2.735569418439056, 1.8755898480611521]","[0.06320979392008792, 6.109134034468278, 0.02419798861494586, 0.1504579055702922, 0.4620352127422233, 0.826963631423171]",CONVERGENCE: RELATIVE REDUCTION OF F <= FACTR*EPSMCH,81,0.0234375,0.35587799678144505,2.8099517504425227,86,0.015625,0.2859319758666571,3.497335325890046,90,0.0078125,0.1767297766843184,5.658356043680397,71,0.21875,True,0.8535475163244082,1.1715809382308946,77,0.078125,True,0.6162662833102552,1.6226751764327119,84,0.015625,True,0.2859319758666571,3.497335325890046
n8_d75_s17,8,0.75,17,3,4,True,24,231,L-BFGS-B,60,0.10013868100031686,65.57431528355067,0.7286035031505631,0.0303647429724499,4096,113,0.027587890625,0.022997436199112566,0.03306362399778765,"[1.8227323372099997, 2.426646389048152, 1.6315865026597915, 0.13113571351399014, 1.4931681276895328, 1.1097548267345145]","[1.7197520179436223, 2.507642215561107, 1.6218215990070666, 0.13126372213676002, 1.8171816799740172, 1.1367462536487103]",CONVERGENCE: RELATIVE REDUCTION OF F <= FACTR*EPSMCH,81,0.0234375,0.08649782111831256,11.560984855701628,86,0.015625,0.07887456881956531,12.678357738951519,90,0.0078125,0.0303647429724499,32.93293148923755,71,0.21875,True,0.376515838414064,2.655930768310136,77,0.078125,True,0.18849059757210507,5.305304417730761,84,0.015625,True,0.07887456881956531,12.678357738951519
n8_d75_s42,8,0.75,42,1,0,True,1,6,L-BFGS-B,60,0.0010313009997844347,61.5,0.6684782608695652,0.0078125,4096,29,0.007080078125,0.004934210809760133,0.010149655101114045,"[0.2531229341468794, 2.9746836754128174]","[0.0, 3.141592653589793]",CONVERGENCE: NORM OF PROJECTED GRADIENT <= PGTOL,83,0.0546875,0.0546875,18.285714285714285,88,0.0390625,0.0390625,25.6,92,0.0078125,0.0078125,128.0,74,0.1640625,True,0.1640625,6.095238095238095,81,0.0546875,True,0.0546875,18.285714285714285,88,0.0390625,True,0.0390625,25.6
n8_d75_s42,8,0.75,42,1,1,True,9,42,L-BFGS-B,60,0.005316193999533425,62.70776518699995,0.681606143336956,0.036313481991576795,4096,135,0.032958984375,0.027914302502552585,0.03887888000735444,"[2.637320659606053, 1.322461969988501]","[2.6749427774186856, 1.1738352398355338]",CONVERGENCE: NORM OF PROJECTED GRADIENT <= PGTOL,83,0.0546875,0.07141545200444642,14.002571879510596,88,0.0390625,0.06831091426848122,14.638949144637664,92,0.0078125,0.036313481991576795,27.537981629851913,74,0.1640625,True,0.13938645244618522,7.174298380153432,81,0.0546875,True,0.07141545200444642,14.002571879510596,88,0.0390625,True,0.06831091426848122,14.638949144637664
n8_d75_s42,8,0.75,42,1,2,True,12,48,L-BFGS-B,60,0.03262761899986799,62.70776518699769,0.6816061433369314,0.03631343614041779,4096,151,0.036865234375,0.03151499527812255,0.043083367095789436,"[3.6161847233232867, 0.36535578460065704]","[3.608242513216699, 0.3969615197336096]",CONVERGENCE: NORM OF PROJECTED GRADIENT <= PGTOL,83,0.0546875,0.07141549105713633,14.002564222375014,88,0.0390625,0.06831095156602365,14.638941151822246,92,0.0078125,0.03631343614041779,27.538016400683553,74,0.1640625,True,0.13938648760759587,7.174296570376489,81,0.0546875,True,0.07141549105713633,14.002564222375014,88,0.0390625,True,0.06831095156602365,14.638941151822246
n8_d75_s42,8,0.75,42,1,3,True,8,39,L-BFGS-B,60,0.010034363000158919,62.05105069255124,0.6744679423103396,0.0011373563072033372,4096,11,0.002685546875,0.0015002563109177591,0.004802782252950839,"[4.403004496656682, 0.8487125716267351]","[2.769412408775885, 1.7338069998628685]",CONVERGENCE: NORM OF PROJECTED GRADIENT <= PGTOL,83,0.0546875,0.054438251444369375,18.36943644345196,88,0.0390625,0.025298344458669318,39.52827828847578,92,0.0078125,0.0011373563072033372,879.2319466350131,74,0.1640625,True,0.14538598064491048,6.878242286939562,81,0.0546875,True,0.054438251444369375,18.36943644345196,88,0.0390625,True,0.025298344458669318,39.52827828847578
n8_d75_s42,8,0.75,42,1,4,True,10,48,L-BFGS-B,60,0.006913250999787124,64.63511621866334,0.7025556110724276,0.027355203549585524,4096,111,0.027099609375,0.022552721294057086,0.03253269141984251,"[5.43243682158435, 2.1946432015431188]","[5.342704059209408, 2.0166165862936207]",CONVERGENCE: NORM OF PROJECTED GRADIENT <= PGTOL,83,0.0546875,0.0974296354582653,10.26381752632501,88,0.0390625,0.0750436602553429,13.325576025974863,92,0.0078125,0.027355203549585524,36.5561162134051,74,0.1640625,True,0.15686199202739134,6.37503060540873,81,0.0546875,True,0.0974296354582653,10.26381752632501,88,0.0390625,True,0.0750436602553429,13.325576025974863
n8_d75_s42,8,0.75,42,2,0,True,24,155,L-BFGS-B,60,0.04606947799948102,70.68864281318403,0.768354813186783,0.06105767916087136,4096,275,0.067138671875,0.059872982447570146,0.07521552387238029,"[3.7309027959663137, 5.872690378677106, 1.3077809197173071, 1.8296610072897823]","[3.6707809324440066, 5.839102194310455, 1.526767900498807, 1.979536692205629]",CONVERGENCE: RELATIVE REDUCTION OF F <= FACTR*EPSMCH,83,0.0546875,0.1639881625975458,6.098001124960257,88,0.0390625,0.11890699648596985,8.409934062357657,92,0.0078125,0.06105767916087136,16.377956282374505,74,0.1640625,True,0.3859682697676656,2.5908865529333593,81,0.0546875,True,0.1639881625975458,6.098001124960257,88,0.0390625,True,0.11890699648596985,8.409934062357657
n8_d75_s42,8,0.75,42,2,1,True,14,140,L-BFGS-B,60,0.06283527699997649,67.19804897953424,0.7304135758645025,0.04434103375613028,4096,209,0.051025390625,0.04469721025882503,0.058194929122104944,"[2.2182865572793515, 0.6601486496077382, 0.38116396825316257, 1.8098943610305889]","[1.7377975104105616, 0.5930051001226633, 0.2761037261317822, 1.3044428871796]",CONVERGENCE: NORM OF PROJECTED GRADIENT <= PGTOL,83,0.0546875,0.12089992316170163,8.271303850727156,88,0.0390625,0.10692142753916208,9.352662258776244,92,0.0078125,0.04434103375613028,22.552473753766442,74,0.1640625,True,0.2644897330466583,3.7808650962780144,81,0.0546875,True,0.12089992316170163,8.271303850727156,88,0.0390625,True,0.10692142753916208,9.352662258776244
n8_d75_s42,8,0.75,42,2,2,True,18,140,L-BFGS-B,60,0.06387328700020589,65.41993591518005,0.7110862599476092,0.010309070113588179,4096,45,0.010986328125,0.008221047888752987,0.01466799788612615,"[2.9002255857771067, 5.750016369737211, 1.9638261838611144, 2.839207158187787]","[2.873822679501371, 5.7522651457413625, 2.1354586044626926, 2.4525196551280906]",CONVERGENCE: NORM OF PROJECTED GRADIENT <= PGTOL,83,0.0546875,0.1274219364582541,7.847942260143092,88,0.0390625,0.10325690339031582,9.684582504086475,92,0.0078125,0.010309070113588179,97.00195934082552,74,0.1640625,True,0.24890308096669223,4.017628050710301,81,0.0546875,True,0.1274219364582541,7.847942260143092,88,0.0390625,True,0.10325690339031582,9.684582504086475
n8_d75_s42,8,0.75,42,2,3,True,10,85,L-BFGS-B,60,0.022274794000622933,74.34901075436105,0.8081414212430549,0.04055934822304783,4096,162,0.03955078125,0.03400068683769521,0.04596373669272019,"[1.5947534034932265, 1.0892812784854902, 0.6426658081285848, 2.9141513177097584]","[0.0, 0.06383549145754769, 0.9551335274604654, 1.875128064876057]",CONVERGENCE: NORM OF PROJECTED GRADIENT <= PGTOL,83,0.0546875,0.25424885216833915,3.933154433035144,88,0.0390625,0.19645474804098625,5.090230752739916,92,0.0078125,0.04055934822304783,24.655228543138925,74,0.1640625,True,0.5088598751737791,1.965177544522435,81,0.0546875,True,0.25424885216833915,3.933154433035144,88,0.0390625,True,0.19645474804098625,5.090230752739916
n8_d75_s42,8,0.75,42,2,4,True,26,225,L-BFGS-B,60,0.07955935199970554,74.3783475555206,0.8084602995165283,0.042033799942628396,4096,149,0.036376953125,0.031063905459610283,0.042558809431301095,"[5.932292765934425, 3.3431224500732992, 2.8291579301286682, 1.619786061740647]","[3.9962101666605423, 2.2241357155070385, 1.5878502349129417, 1.265518095873093]",CONVERGENCE: RELATIVE REDUCTION OF F <= FACTR*EPSMCH,83,0.0546875,0.2573379469515676,3.885940693341295,88,0.0390625,0.19911096809384587,5.022325036000405,92,0.0078125,0.042033799942628396,23.790378251904233,74,0.1640625,True,0.5122631483185068,1.9521216844945402,81,0.0546875,True,0.2573379469515676,3.885940693341295,88,0.0390625,True,0.19911096809384587,5.022325036000405
n8_d75_s42,8,0.75,42,3,0,True,29,252,L-BFGS-B,60,0.09298657900035323,66.78160011784101,0.7258869578026197,0.026303115924062124,4096,103,0.025146484375,0.020778184389122753,0.03040463839277436,"[4.274442966956903, 4.000995007299318, 2.283548669138687, 0.8819965231372797, 2.9720113442393443, 1.0720411148747284]","[4.307020607360928, 3.9681823876400797, 2.3768127875155907, 1.170889098557343, 2.869008322559633, 1.1815340054567098]",CONVERGENCE: RELATIVE REDUCTION OF F <= FACTR*EPSMCH,83,0.0546875,0.12255151030310632,8.15983415893205,88,0.0390625,0.09316474204130826,10.733674328820774,92,0.0078125,0.026303115924062124,38.01830942337895,74,0.1640625,True,0.2859417344359268,3.497215969444565,81,0.0546875,True,0.12255151030310632,8.15983415893205,88,0.0390625,True,0.09316474204130826,10.733674328820774
n8_d75_s42,8,0.75,42,3,1,True,45,469,L-BFGS-B,60,0.23292625199974282,72.01842227000168,0.7828089377174096,0.1277981914207225,4096,517,0.126220703125,0.11639934821914746,0.13674250354387793,"[3.1726408072780097, 5.508078656219765, 5.791963008265988, 1.09804390347841, 2.7442133779155786, 1.8578722024469567]","[3.0763365380313545, 5.609271706283806, 5.587018537503325, 0.6831602022644165, 3.1079540177273155, 2.0522725219708287]",CONVERGENCE: RELATIVE REDUCTION OF F <= FACTR*EPSMCH,83,0.0546875,0.32651334882740324,3.0626619205348495,88,0.0390625,0.311227219294365,3.213086574713055,92,0.0078125,0.1277981914207225,7.82483686884046,74,0.1640625,True,0.4389062190531677,2.2783910470834847,81,0.0546875,True,0.32651334882740324,3.0626619205348495,88,0.0390625,True,0.311227219294365,3.213086574713055
n8_d75_s42,8,0.75,42,3,2,True,34,287,L-BFGS-B,60,0.10478854699977092,64.69574548890762,0.7032146248794306,0.004719237035182478,4096,21,0.005126953125,0.0033558642108143656,0.007825411768057332,"[0.10277522504731275, 0.49881250462158505, 3.394122767273571, 2.695748134965678, 0.754475999266837, 2.1000931720047884]","[0.09916489247356544, 0.4861295821605497, 3.4046143864232956, 2.4516223561430035, 0.7890213645692312, 1.8790868630398478]",CONVERGENCE: NORM OF PROJECTED GRADIENT <= PGTOL,83,0.0546875,0.09755321794109333,10.250815104877846,88,0.0390625,0.056261045533500975,17.774287529095847,92,0.0078125,0.004719237035182478,211.89865915716462,74,0.1640625,True,0.27747995740539144,3.603863894713752,81,0.0546875,True,0.09755321794109333,10.250815104877846,88,0.0390625,True,0.056261045533500975,17.774287529095847
n8_d75_s42,8,0.75,42,3,3,True,1,14,L-BFGS-B,60,0.004133405000175117,61.5,0.6684782608695652,0.0078125,4096,22,0.00537109375,0.0035497403427024827,0.008119359377669524,"[5.280934008439731, 3.922180251109052, 2.946567590670991, 2.669020492550295, 1.5913278046961101, 0.5550859673420202]","[6.283185307179586, 0.0, 0.0, 0.0, 3.141592653589793, 3.141592653589793]",CONVERGENCE: NORM OF PROJECTED GRADIENT <= PGTOL,83,0.0546875,0.0546875,18.285714285714285,88,0.0390625,0.0390625,25.6,92,0.0078125,0.0078125,128.0,74,0.1640625,True,0.1640625,6.095238095238095,81,0.0546875,True,0.0546875,18.285714285714285,88,0.0390625,True,0.0390625,25.6
n8_d75_s42,8,0.75,42,3,4,True,35,455,L-BFGS-B,60,0.18175264099954802,67.68159426981615,0.7356695029327842,0.020693157569715726,4096,67,0.016357421875,0.012901468019013623,0.020719700068872332,"[6.038752927480387, 4.290553302462389, 4.108028340044944, 1.1082723864893171, 1.2938111217838428, 0.16744027700592318]","[5.7062895400099904, 5.94098470161999, 6.177923598096164, 3.0252416144168244, 1.0311119387958085, 2.048730526162105]",CONVERGENCE: RELATIVE REDUCTION OF F <= FACTR*EPSMCH,83,0.0546875,0.15298546216341624,6.536568807641464,88,0.0390625,0.09334958267062345,10.712420681390942,92,0.0078125,0.020693157569715726,48.325152728914226,74,0.1640625,True,0.30943944443018934,3.2316500627172102,81,0.0546875,True,0.15298546216341624,6.536568807641464,88,0.0390625,True,0.09334958267062345,10.712420681390942
n10_d25_s17,10,0.25,17,1,0,True,5,27,L-BFGS-B,60,0.007880633999775455,33.70555264652121,0.571280553330868,0.016285120248239096,4096,59,0.014404296875,0.011183814817094736,0.01853476333878874,"[3.5287294141677674, 2.820136066220062]","[3.504581698303302, 2.748893585809978]",CONVERGENCE: NORM OF PROJECTED GRADIENT <= PGTOL,54,0.0078125,0.03279113551423036,30.496046700366026,57,0.0078125,0.03279113551423036,30.496046700366026,59,0.00390625,0.016285120248239096,61.4057486071145,37,0.21484375,True,0.3935603298922351,2.5409064990717445,42,0.0859375,True,0.19246716463351882,5.195691441208287,46,0.05078125,True,0.13882979378471205,7.203064794223732
n10_d25_s17,10,0.25,17,1,1,True,9,45,L-BFGS-B,60,0.012794279999980063,42.02933166366745,0.7123615536214822,0.07657573940019098,4096,330,0.08056640625,0.07261905343815052,0.08929975866431696,"[0.03150364209054807, 2.2509822567250026]","[0.11359467372725163, 1.9634954118423158]",CONVERGENCE: NORM OF PROJECTED GRADIENT <= PGTOL,54,0.0078125,0.13685635502710514,7.3069314158041445,57,0.0078125,0.13685635502710514,7.3069314158041445,59,0.00390625,0.07657573940019098,13.058966297065961,37,0.21484375,True,0.6886635929845443,1.4520877975648163,42,0.0859375,True,0.4833616564817924,2.068844283757681,46,0.05078125,True,0.38262977769946493,2.613492358102474
n10_d25_s17,10,0.25,17,1,2,True,1,6,L-BFGS-B,60,0.0018584819999887259,29.5,0.5,0.00390625,4096,23,0.005615234375,0.003744712895050349,0.00841221056682197,"[0.550699323661081, 2.553727599613405]","[0.0, 0.0]",CONVERGENCE: NORM OF PROJECTED GRADIENT <= PGTOL,54,0.0078125,0.0078125,128.0,57,0.0078125,0.0078125,128.0,59,0.00390625,0.00390625,256.0,37,0.21484375,True,0.21484375,4.654545454545454,42,0.0859375,True,0.0859375,11.636363636363637,46,0.05078125,True,0.05078125,19.692307692307693
n10_d25_s17,10,0.25,17,1,3,True,1,6,L-BFGS-B,60,0.001961949000360619,29.5,0.5,0.00390625,4096,10,0.00244140625,0.0013266895763215114,0.004488525246046777,"[3.5525641580261405, 1.896169765139098]","[6.283185307179586, 0.0]",CONVERGENCE: NORM OF PROJECTED GRADIENT <= PGTOL,54,0.0078125,0.0078125,128.0,57,0.0078125,0.0078125,128.0,59,0.00390625,0.00390625,256.0,37,0.21484375,True,0.21484375,4.654545454545454,42,0.0859375,True,0.0859375,11.636363636363637,46,0.05078125,True,0.05078125,19.692307692307693
n10_d25_s17,10,0.25,17,1,4,True,1,6,L-BFGS-B,60,0.001968909000424901,29.5,0.5,0.00390625,4096,15,0.003662109375,0.0022205922771783033,0.006033741252691535,"[3.9759708282718824, 0.8316968429718057]","[6.283185307179586, 0.0]",CONVERGENCE: NORM OF PROJECTED GRADIENT <= PGTOL,54,0.0078125,0.0078125,128.0,57,0.0078125,0.0078125,128.0,59,0.00390625,0.00390625,256.0,37,0.21484375,True,0.21484375,4.654545454545454,42,0.0859375,True,0.0859375,11.636363636363637,46,0.05078125,True,0.05078125,19.692307692307693
n10_d25_s17,10,0.25,17,2,0,True,16,105,L-BFGS-B,60,0.06723064299967518,37.524405446073715,0.6360068719673511,0.020408735302697104,4096,88,0.021484375,0.017471913822637443,0.02639355283675502,"[0.31951146532931884, 0.9839688804685589, 2.762624903002235, 1.258469936220435]","[0.40682983669063066, 0.8568041449355746, 2.6176083954816756, 1.2346006698434793]",CONVERGENCE: RELATIVE REDUCTION OF F <= FACTR*EPSMCH,54,0.0078125,0.0619958734031555,16.130105845869114,57,0.0078125,0.0619958734031555,16.130105845869114,59,0.00390625,0.020408735302697104,48.99862657672108,37,0.21484375,True,0.5343734507277564,1.8713504547018807,42,0.0859375,True,0.3578089190542795,2.7947877952374363,46,0.05078125,True,0.23717758180943965,4.216250087259302
n10_d25_s17,10,0.25,17,2,1,True,1,10,L-BFGS-B,60,0.004327638000177103,29.5,0.5,0.00390625,4096,17,0.004150390625,0.0025929778542005417,0.0066370031586699164,"[5.1251953421090155, 6.066028820494585, 0.12305624851531094, 1.2664872559039198]","[0.0, 0.0, 0.0, 3.141592653589793]",CONVERGENCE: NORM OF PROJECTED GRADIENT <= PGTOL,54,0.0078125,0.0078125,128.0,57,0.0078125,0.0078125,128.0,59,0.00390625,0.00390625,256.0,37,0.21484375,True,0.21484375,4.654545454545454,42,0.0859375,True,0.0859375,11.636363636363637,46,0.05078125,True,0.05078125,19.692307692307693
n10_d25_s17,10,0.25,17,2,2,True,17,115,L-BFGS-B,60,0.06648783400032698,35.767483582783385,0.6062285353014133,0.043705973854542016,4096,205,0.050048828125,0.04378272141038475,0.05715812300454398,"[4.7123564519019165, 3.37401075349724, 2.488152537839502, 0.24380614055485098]","[5.178717051074065, 3.1331527563630694, 2.6554153924665, 0.17199065515514714]",CONVERGENCE: NORM OF PROJECTED GRADIENT <= PGTOL,54,0.0078125,0.04778539458993595,20.926896357796515,57,0.0078125,0.04778539458993595,20.926896357796515,59,0.00390625,0.043705973854542016,22.880167441826213,37,0.21484375,True,0.43917198112401085,2.277012293545261,42,0.0859375,True,0.24151273740535945,4.1405683639848005,46,0.05078125,True,0.17705539510423995,5.647949893937194
n10_d25_s17,10,0.25,17,2,3,True,25,235,L-BFGS-B,60,0.11358337500041671,37.02071771968998,0.6274697918591523,0.04411554974032075,4096,177,0.043212890625,0.03740205843684756,0.049879721216072495,"[1.783390817751575, 3.5345099979788017, 3.042274649460688, 1.3393818759681368]","[1.1124580297238307, 2.5858748196719525, 1.9313957420754035, 1.89741460166625]",CONVERGENCE: RELATIVE REDUCTION OF F <= FACTR*EPSMCH,54,0.0078125,0.052639705765376,18.997066671633153,57,0.0078125,0.052639705765376,18.997066671633153,59,0.00390625,0.04411554974032075,22.667744273534904,37,0.21484375,True,0.4904183382550027,2.0390754627124696,42,0.0859375,True,0.26494528629410163,3.7743641866115456,46,0.05078125,True,0.1917342446474458,5.215552400870095
n10_d25_s17,10,0.25,17,2,4,True,8,65,L-BFGS-B,60,0.02936347000013484,31.007616777985962,0.5255528267455248,0.0018630824033362737,4096,8,0.001953125,0.0009900179449591885,0.0038495493944084797,"[3.1418255584163366, 1.4465724856988362, 0.9516284618173032, 0.3316626526323334]","[0.0, 4.076152394741514, 0.9120133814135526, 1.178097356139487]",CONVERGENCE: NORM OF PROJECTED GRADIENT <= PGTOL,54,0.0078125,0.01938058923984509,51.59801838966136,57,0.0078125,0.01938058923984509,51.59801838966136,59,0.00390625,0.0018630824033362737,536.744911663205,37,0.21484375,True,0.2717138022563236,3.680343036297587,42,0.0859375,True,0.19115711807121202,5.231298787563164,46,0.05078125,True,0.061111453141098206,16.363544779259843
n10_d25_s17,10,0.25,17,3,0,True,31,308,L-BFGS-B,60,0.27740208500017616,43.12041463505222,0.7308544853398682,0.012549509498683619,4096,56,0.013671875,0.01054387645975476,0.017711230471627787,"[3.714752539388263, 4.405633735976786, 3.012114793294022, 1.3153655203983596, 0.7867015516289857, 0.9341771458685942]","[3.050657646207687, 3.5596822873642293, 2.584687402138847, 0.9976533869119487, 1.4822271073301445, 1.1907803070862597]",CONVERGENCE: RELATIVE REDUCTION OF F <= FACTR*EPSMCH,54,0.0078125,0.020686867949212494,48.33984547371116,57,0.0078125,0.020686867949212494,48.33984547371116,59,0.00390625,0.012549509498683619,79.6843892667594,37,0.21484375,True,0.7710650611418981,1.2969074211702238,42,0.0859375,True,0.6966824960643061,1.4353740845351979,46,0.05078125,True,0.5270873268088524,1.89721882719948
n10_d25_s17,10,0.25,17,3,1,True,24,266,L-BFGS-B,60,0.19931866099977924,37.11821763871632,0.6291223328595986,0.0593050447101366,4096,225,0.054931640625,0.048361793683114274,0.06233552556182065,"[3.408800473357766, 5.817331304889216, 6.046379286742753, 2.0367025942942063, 2.1753596965261637, 1.3349422962432198]","[4.392375856161828, 5.83305645853485, 6.0465124457111, 2.4826662058641373, 2.1503901185527425, 1.918986543345324]",CONVERGENCE: NORM OF PROJECTED GRADIENT <= PGTOL,54,0.0078125,0.06493447539303106,15.400139817058147,57,0.0078125,0.06493447539303106,15.400139817058147,59,0.00390625,0.0593050447101366,16.86197194332571,37,0.21484375,True,0.4976978278028336,2.009251284890391,42,0.0859375,True,0.27010871759147714,3.7022129789695963,46,0.05078125,True,0.19148093568363211,5.2224520233816705
n10_d25_s17,10,0.25,17,3,2,True,19,161,L-BFGS-B,60,0.1312745380000706,38.03486127639899,0.6446586657016778,0.018267137067955828,4096,71,0.017333984375,0.01376571558724534,0.02180674746664186,"[2.9250437898027686, 6.123979258721456, 1.1714194210165396, 2.885834761232593, 0.43198498724617246, 0.4708860679839285]","[3.041503323565934, 5.98721756000161, 1.214211446831197, 2.81282514372681, 0.2202496477467555, 0.13172272203507387]",CONVERGENCE: RELATIVE REDUCTION OF F <= FACTR*EPSMCH,54,0.0078125,0.03192132582305546,31.32701960887042,57,0.0078125,0.03192132582305546,31.32701960887042,59,0.00390625,0.018267137067955828,54.743115808453524,37,0.21484375,True,0.5017956608492581,1.9928430594787565,42,0.0859375,True,0.3824121338734058,2.6149797859997856,46,0.05078125,True,0.3089994984800212,3.236251207264197
n10_d25_s17,10,0.25,17,3,3,True,1,14,L-BFGS-B,60,0.009673147000285098,29.500000000000007,0.5000000000000001,0.003906250000000002,4096,16,0.00390625,0.002405923039438864,0.0063362342319312846,"[1.7438012089550914, 2.0231747976908263, 0.8951302356401365, 2.180644526719323, 1.1736366178015416, 2.105760493245921]","[0.0, 0.0, 0.0, 2.958251132777211, 0.0, 0.0]",CONVERGENCE: NORM OF PROJECTED GRADIENT <= PGTOL,54,0.0078125,0.007812500000000003,127.99999999999994,57,0.0078125,0.007812500000000003,127.99999999999994,59,0.00390625,0.003906250000000002,255.9999999999999,37,0.21484375,True,0.21484375000000003,4.654545454545454,42,0.0859375,True,0.08593750000000001,11.636363636363635,46,0.05078125,True,0.050781250000000014,19.692307692307686
n10_d25_s17,10,0.25,17,3,4,True,41,539,L-BFGS-B,60,0.3842785940005342,52.644116438739054,0.892273159978628,0.3298263642240177,4096,1350,0.32958984375,0.31535992154068365,0.3441391068921,"[2.3466887673723464, 2.7780992652449155, 4.4530749491586725, 1.0007300857209462, 2.9696310801827073, 1.257013050303325]","[6.206141266260083, 6.150659720975718, 6.137812027631066, 2.5593035154489474, 2.6781976728249304, 2.8890252203841884]",CONVERGENCE: NORM OF PROJECTED GRADIENT <= PGTOL,54,0.0078125,0.5178979838124907,1.9308822031677542,57,0.0078125,0.5178979838124907,1.9308822031677542,59,0.00390625,0.3298263642240177,3.0318983212657953,37,0.21484375,True,0.9623738998293766,1.0390971743698518,42,0.0859375,True,0.8933531658323561,1.1193781342547533,46,0.05078125,True,0.8524726642124849,1.1730581424846052
n10_d25_s42,10,0.25,42,1,0,True,8,39,L-BFGS-B,60,0.008415742000579485,36.21338644304795,0.724267728860959,0.041067443931089784,4096,202,0.04931640625,0.04309731256717877,0.05638006062324904,"[3.4445987231411896, 1.7740496590666637]","[3.282264812009358, 1.971843527431081]",CONVERGENCE: NORM OF PROJECTED GRADIENT <= PGTOL,45,0.03125,0.14614983852375263,6.8422928831185645,48,0.01171875,0.05936106463692444,16.846059047565813,50,0.0078125,0.041067443931089784,24.350188477227285,35,0.22265625,True,0.6078791745261491,1.6450637592240511,39,0.125,True,0.4252661816169165,2.3514684290151453,43,0.0390625,True,0.18345560130359323,5.450910154251113
n10_d25_s42,10,0.25,42,1,1,True,9,45,L-BFGS-B,60,0.03739925799982302,30.918383469207214,0.6183676693841442,0.021226583272551718,4096,85,0.020751953125,0.016814398921352457,0.02558759651353908,"[4.336522735179967, 0.17343715351120842]","[4.195820778764171, 0.3769048870896295]",CONVERGENCE: NORM OF PROJECTED GRADIENT <= PGTOL,45,0.03125,0.07562875869521193,13.22248331524328,48,0.01171875,0.025059549815935365,39.9049467107386,50,0.0078125,0.021226583272551718,47.1107378497937,35,0.22265625,True,0.33501607010858053,2.9849314382915857,39,0.125,True,0.21828866123354995,4.581089985842584,43,0.0390625,True,0.08089790775326713,12.361259119950653
n10_d25_s42,10,0.25,42,1,2,True,1,6,L-BFGS-B,60,0.0021480549994521425,27.5,0.55,0.0078125,4096,21,0.005126953125,0.0033558642108143656,0.007825411768057332,"[3.967841214541494, 1.7773044137488616]","[6.283185307179586, 0.0]",CONVERGENCE: NORM OF PROJECTED GRADIENT <= PGTOL,45,0.03125,0.03125,32.0,48,0.01171875,0.01171875,85.33333333333333,50,0.0078125,0.0078125,128.0,35,0.22265625,True,0.22265625,4.491228070175438,39,0.125,True,0.125,8.0,43,0.0390625,True,0.0390625,25.6
n10_d25_s42,10,0.25,42,1,3,True,7,33,L-BFGS-B,60,0.009657339999648684,36.21338644304771,0.7242677288609543,0.041067439891542934,4096,165,0.040283203125,0.034679916847212375,0.04674797790770395,"[3.374630322136983, 1.9688604286551854]","[3.2822648144842654, 1.9718434326313068]",CONVERGENCE: NORM OF PROJECTED GRADIENT <= PGTOL,45,0.03125,0.14614983358813738,6.8422931141891326,48,0.01171875,0.05936105917021625,16.84606059896146,50,0.0078125,0.041067439891542934,24.350190872402816,35,0.22265625,True,0.607879177808173,1.6450637503421242,39,0.125,True,0.42526617192617633,2.3514684825991616,43,0.0390625,True,0.18345559327471034,5.450910392808676
n10_d25_s42,10,0.25,42,1,4,True,1,6,L-BFGS-B,60,0.0020386039996083127,27.5,0.55,0.0078125,4096,35,0.008544921875,0.006150578678096599,0.011860229681779438,"[2.246101526684241, 0.16712202509113389]","[6.283185307179586, 0.0]",CONVERGENCE: NORM OF PROJECTED GRADIENT <= PGTOL,45,0.03125,0.03125,32.0,48,0.01171875,0.01171875,85.33333333333333,50,0.0078125,0.0078125,128.0,35,0.22265625,True,0.22265625,4.491228070175438,39,0.125,True,0.125,8.0,43,0.0390625,True,0.0390625,25.6
n10_d25_s42,10,0.25,42,2,0,True,18,125,L-BFGS-B,60,0.08679665599993314,33.9907608551226,0.6798152171024521,0.04617305048237272,4096,202,0.04931640625,0.04309731256717877,0.05638006062324904,"[4.904361869782892, 1.8783336313194159, 0.4173170668375988, 1.584019870575649]","[4.854431983370092, 1.8535960805944984, 0.22871668424456199, 1.2302036740852005]",CONVERGENCE: NORM OF PROJECTED GRADIENT <= PGTOL,45,0.03125,0.11028913046817976,9.067076653474174,48,0.01171875,0.06596416395681506,15.159746444367471,50,0.0078125,0.04617305048237272,21.65765505100785,35,0.22265625,True,0.4642077872872441,2.1542077220286195,39,0.125,True,0.32953712136591234,3.034559493191716,43,0.0390625,True,0.11769705765761104,8.496389118826317
n10_d25_s42,10,0.25,42,2,1,True,1,10,L-BFGS-B,60,0.00521291699988069,27.5,0.55,0.0078125,4096,19,0.004638671875,0.00297171178976659,0.007233916706104488,"[5.843929957293698, 1.0292135769829527, 0.8864121661642272, 0.44383921863577597]","[6.283185307179586, 6.283185307179586, 0.0, 3.141592653589793]",CONVERGENCE: NORM OF PROJECTED GRADIENT <= PGTOL,45,0.03125,0.03125,32.0,48,0.01171875,0.01171875,85.33333333333333,50,0.0078125,0.0078125,128.0,35,0.22265625,True,0.22265625,4.491228070175438,39,0.125,True,0.125,8.0,43,0.0390625,True,0.0390625,25.6
n10_d25_s42,10,0.25,42,2,2,True,16,105,L-BFGS-B,60,0.046004453000023204,33.72375285433415,0.674475057086683,0.030306813970930754,4096,118,0.02880859375,0.0241109952204326,0.03438918368396916,"[4.1520871813751885, 5.847520149718272, 1.944992209538549, 0.1422451367695912]","[4.238524894211707, 6.033917558983208, 2.224614185921078, 0.34656678160385707]",CONVERGENCE: NORM OF PROJECTED GRADIENT <= PGTOL,45,0.03125,0.10452836199050565,9.566781502716271,48,0.01171875,0.04799715473163347,20.834568332045947,50,0.0078125,0.030306813970930754,32.9958801000714,35,0.22265625,True,0.4814310436042225,2.0771406690219285,39,0.125,True,0.31216139632055173,3.203471062684259,43,0.0390625,True,0.10826214329923536,9.236839115922646
n10_d25_s42,10,0.25,42,2,3,True,16,110,L-BFGS-B,60,0.07049779899989517,41.87954335509298,0.8375908671018596,0.13913299812906874,4096,511,0.124755859375,0.11498649118324551,0.13522841813077807,"[0.15116360453943953, 4.024938406854292, 0.7694075710857323, 1.2083327887187312]","[0.1370484998532099, 4.129050981442134, 0.3755733039328967, 1.6210040531624337]",CONVERGENCE: NORM OF PROJECTED GRADIENT <= PGTOL,45,0.03125,0.4257456132801747,2.348820443023379,48,0.01171875,0.1761461216386406,5.677104841692031,50,0.0078125,0.13913299812906874,7.187367579561073,35,0.22265625,True,0.8876221345475271,1.1266055239933357,39,0.125,True,0.7488100812274909,1.33545210604102,43,0.0390625,True,0.4865843579013347,2.0551421017992757
n10_d25_s42,10,0.25,42,2,4,True,1,10,L-BFGS-B,60,0.004122968000046967,27.5,0.55,0.0078125,4096,38,0.00927734375,0.006766714050692903,0.012707565533684064,"[4.780468837871428, 2.928803648771255, 2.8482686415637963, 0.5710188091400944]","[6.283185307179586, 6.283185307179586, 0.0, 3.141592653589793]",CONVERGENCE: NORM OF PROJECTED GRADIENT <= PGTOL,45,0.03125,0.03125,32.0,48,0.01171875,0.01171875,85.33333333333333,50,0.0078125,0.0078125,128.0,35,0.22265625,True,0.22265625,4.491228070175438,39,0.125,True,0.125,8.0,43,0.0390625,True,0.0390625,25.6
n10_d25_s42,10,0.25,42,3,0,True,37,371,L-BFGS-B,60,0.30228508900017914,38.69016295255088,0.7738032590510175,0.0676405880810377,4096,298,0.07275390625,0.06519373132433245,0.0811147210501251,"[3.962725314860307, 5.767583588285256, 1.6161302452540613, 2.8425966699249847, 0.058465404626779564, 2.575552025541495]","[4.741629593536025, 6.117730808881272, 3.235327414000852, 2.6628721811043548, 0.3398185337445144, 2.360874385081207]",CONVERGENCE: RELATIVE REDUCTION OF F <= FACTR*EPSMCH,45,0.03125,0.28578432334513226,3.4991422492840276,48,0.01171875,0.13305986702072944,7.51541409435055,50,0.0078125,0.0676405880810377,14.784022853289459,35,0.22265625,True,0.715321281751427,1.3979732261726534,39,0.125,True,0.5320814371253002,1.8794115528681925,43,0.0390625,True,0.31077444763335316,3.217767765706994
n10_d25_s42,10,0.25,42,3,1,True,22,294,L-BFGS-B,60,0.2141792299998997,42.25948051057981,0.8451896102115962,0.15565660881896837,4096,664,0.162109375,0.15114014772063633,0.17371179404293463,"[2.6685603650702374, 4.70807252010611, 3.9883080822022494, 0.030059904002693375, 3.0519867973191914, 3.1205044282974206]","[6.147474875234972, 5.681581866276704, 5.949680273159524, 2.764673746120582, 3.141592653589793, 1.4618078114882538]",CONVERGENCE: RELATIVE REDUCTION OF F <= FACTR*EPSMCH,45,0.03125,0.4507247039754657,2.2186491913574655,48,0.01171875,0.18816744914858258,5.314415455620969,50,0.0078125,0.15565660881896837,6.424397958990737,35,0.22265625,True,0.897155309242066,1.114634210708533,39,0.125,True,0.7689303520977329,1.3005079033125455,43,0.0390625,True,0.5145007199340411,1.94363187699368
n10_d25_s42,10,0.25,42,3,2,True,1,14,L-BFGS-B,60,0.008206546000110393,27.499999999999886,0.5499999999999977,0.007812500000000186,4096,36,0.0087890625,0.006355424717037815,0.012143207384338531,"[4.720051632570991, 0.06690382423528668, 1.023904674760067, 1.5945088726648609, 0.45959698386428804, 1.1069253632189793]","[6.283185307179586, 6.283185307179586, 6.283185307179586, 3.141592653589793, 1.3606046084041534, 0.32836378771837416]",CONVERGENCE: NORM OF PROJECTED GRADIENT <= PGTOL,45,0.03125,0.03124999999999957,32.00000000000044,48,0.01171875,0.011718750000000151,85.33333333333223,50,0.0078125,0.007812500000000186,127.99999999999696,35,0.22265625,True,0.2226562499999954,4.491228070175532,39,0.125,True,0.12499999999999742,8.000000000000165,43,0.0390625,True,0.03906249999999893,25.6000000000007
n10_d25_s42,10,0.25,42,3,3,True,1,14,L-BFGS-B,60,0.03428632299983292,27.5,0.55,0.0078125,4096,25,0.006103515625,0.004137683601119058,0.00899488734375388,"[2.213297424586855, 3.908467324805233, 0.7951225125685473, 0.3868057317805171, 0.45034778382900514, 2.0113743703302034]","[6.283185307179586, 6.283185307179586, 6.283185307179586, 3.141592653589793, 3.141592653589793, 3.141592653589793]",CONVERGENCE: NORM OF PROJECTED GRADIENT <= PGTOL,45,0.03125,0.03125,32.0,48,0.01171875,0.01171875,85.33333333333333,50,0.0078125,0.0078125,128.0,35,0.22265625,True,0.22265625,4.491228070175438,39,0.125,True,0.125,8.0,43,0.0390625,True,0.0390625,25.6
n10_d25_s42,10,0.25,42,3,4,True,42,448,L-BFGS-B,60,0.32103535599981115,37.9375491757209,0.758750983514418,0.07700070047674401,4096,336,0.08203125,0.07401396766391984,0.09083178688754949,"[4.6359422719493875, 3.4598176821962383, 0.703940392347476, 2.600835638798667, 1.541516877142316, 2.8171894845242798]","[4.698340616237103, 3.5217707937683276, 1.0499226348964554, 1.9058936165185585, 1.416087814233883, 2.704426139446688]",CONVERGENCE: NORM OF PROJECTED GRADIENT <= PGTOL,45,0.03125,0.26343254128264326,3.7960382385981517,48,0.01171875,0.0999464333754892,10.005359533372197,50,0.0078125,0.07700070047674401,12.98689484392448,35,0.22265625,True,0.6737111794986629,1.4843155797772905,39,0.125,True,0.5068993169192846,1.9727783538505608,43,0.0390625,True,0.2952193244453867,3.387312134389063
n10_d50_s17,10,0.5,17,1,0,True,9,42,L-BFGS-B,60,0.0099450159996195,46.158109909804566,0.6594015701400652,0.0031183899972976113,4096,13,0.003173828125,0.0018557872990695213,0.005422898747799697,"[5.341850898120179, 2.558423947697893]","[5.26194815245268, 2.716125518289349]",CONVERGENCE: NORM OF PROJECTED GRADIENT <= PGTOL,63,0.02734375,0.0404347624162394,24.731195146045426,67,0.01171875,0.006187414120534834,161.61840480034994,70,0.00390625,0.0031183899972976113,320.6782990153885,56,0.158203125,True,0.19065967418968988,5.244947597073341,63,0.02734375,True,0.0404347624162394,24.731195146045426,69,0.00390625,True,0.0031183899972976113,320.6782990153885
n10_d50_s17,10,0.5,17,1,1,True,1,6,L-BFGS-B,60,0.0017153759999928297,44.5,0.6357142857142857,0.00390625,4096,16,0.00390625,0.002405923039438864,0.0063362342319312846,"[3.2552448223875228, 0.5162222288491574]","[6.283185307179586, 3.141592653589793]",CONVERGENCE: NORM OF PROJECTED GRADIENT <= PGTOL,63,0.02734375,0.02734375,36.57142857142857,67,0.01171875,0.01171875,85.33333333333333,70,0.00390625,0.00390625,256.0,56,0.158203125,True,0.158203125,6.320987654320987,63,0.02734375,True,0.02734375,36.57142857142857,69,0.00390625,True,0.00390625,256.0
n10_d50_s17,10,0.5,17,1,2,True,8,45,L-BFGS-B,60,0.01098124399959488,47.941412251475825,0.684877317878226,0.004601771269551386,4096,14,0.00341796875,0.0020371496844209867,0.00572936010394854,"[3.9391871339714037, 1.3910380002039626]","[4.092446341967188, 1.172903117794497]",CONVERGENCE: NORM OF PROJECTED GRADIENT <= PGTOL,63,0.02734375,0.047764334391748396,20.936123422097904,67,0.01171875,0.018958706124058224,52.74621556220125,70,0.00390625,0.004601771269551386,217.30762817715782,56,0.158203125,True,0.26132423105131175,3.826663895563696,63,0.02734375,True,0.047764334391748396,20.936123422097904,69,0.00390625,True,0.004601771269551386,217.30762817715782
n10_d50_s17,10,0.5,17,1,3,True,1,6,L-BFGS-B,60,0.0015184769999905257,44.50000000000004,0.6357142857142863,0.003906250000000005,4096,15,0.003662109375,0.0022205922771783033,0.006033741252691535,"[5.799111380216412, 1.7946107850194553]","[0.0, 1.1937801072656067]",CONVERGENCE: NORM OF PROJECTED GRADIENT <= PGTOL,63,0.02734375,0.02734375000000003,36.57142857142853,67,0.01171875,0.011718750000000017,85.3333333333332,70,0.00390625,0.003906250000000005,255.99999999999966,56,0.158203125,True,0.15820312500000025,6.3209876543209775,63,0.02734375,True,0.02734375000000003,36.57142857142853,69,0.00390625,True,0.003906250000000005,255.99999999999966
n10_d50_s17,10,0.5,17,1,4,True,13,57,L-BFGS-B,60,0.012979426999663701,47.94141225147591,0.6848773178782273,0.004601773085951746,4096,24,0.005859375,0.003940714277798989,0.008704032925573639,"[2.020839959539625, 0.7605353592866495]","[2.190738916314714, 0.3978932063102947]",CONVERGENCE: NORM OF PROJECTED GRADIENT <= PGTOL,63,0.02734375,0.04776434457001339,20.93611896074888,67,0.01171875,0.018958707538492853,52.74621162701349,70,0.00390625,0.004601773085951746,217.30754240203447,56,0.158203125,True,0.2613242389961933,3.8266637792239666,63,0.02734375,True,0.04776434457001339,20.93611896074888,69,0.00390625,True,0.004601773085951746,217.30754240203447
n10_d50_s17,10,0.5,17,2,0,True,16,135,L-BFGS-B,60,0.07642076000047382,53.03725181211384,0.7576750258873405,0.013676442079055339,4096,70,0.01708984375,0.0135493413532538,0.021535297959133087,"[2.79506755034082, 5.5764866256846055, 2.5962283974370544, 1.9016386314282654]","[3.227053327133001, 5.769689568284926, 2.788690111028306, 1.4536800993896049]",CONVERGENCE: RELATIVE REDUCTION OF F <= FACTR*EPSMCH,63,0.02734375,0.08440388775229879,11.847795482297133,67,0.01171875,0.04281204427183068,23.357912872616,70,0.00390625,0.013676442079055339,73.11843198834883,56,0.158203125,True,0.39134097234468945,2.5553163881833703,63,0.02734375,True,0.08440388775229879,11.847795482297133,69,0.00390625,True,0.013676442079055339,73.11843198834883
n10_d50_s17,10,0.5,17,2,1,True,1,10,L-BFGS-B,60,0.0040573489995949785,44.49999999999996,0.6357142857142851,0.003906249999999935,4096,14,0.00341796875,0.0020371496844209867,0.00572936010394854,"[6.268162369158887, 3.6410510638557185, 0.43342868886261854, 1.692841288956732]","[6.283185307179586, 6.283185307179586, 2.222529823709669, 3.141592653589793]",CONVERGENCE: NORM OF PROJECTED GRADIENT <= PGTOL,63,0.02734375,0.027343749999999813,36.571428571428825,67,0.01171875,0.01171874999999994,85.33333333333377,70,0.00390625,0.003906249999999935,256.00000000000426,56,0.158203125,True,0.15820312499999892,6.320987654321031,63,0.02734375,True,0.027343749999999813,36.571428571428825,69,0.00390625,True,0.003906249999999935,256.00000000000426
n10_d50_s17,10,0.5,17,2,2,True,1,10,L-BFGS-B,60,0.00407100999927934,44.5,0.6357142857142857,0.00390625,4096,18,0.00439453125,0.002781615150444107,0.006936189603926662,"[0.5492389356209572, 5.599529528834232, 2.025030604149659, 1.644620871303248]","[0.0, 5.9920262330262215, 3.141592653589793, 0.0]",CONVERGENCE: NORM OF PROJECTED GRADIENT <= PGTOL,63,0.02734375,0.02734375,36.57142857142857,67,0.01171875,0.01171875,85.33333333333333,70,0.00390625,0.00390625,256.0,56,0.158203125,True,0.158203125,6.320987654320987,63,0.02734375,True,0.02734375,36.57142857142857,69,0.00390625,True,0.00390625,256.0
n10_d50_s17,10,0.5,17,2,3,True,20,140,L-BFGS-B,60,0.08131945100012672,55.736624237054286,0.7962374891007755,0.04300598491782805,4096,174,0.04248046875,0.036720765859421654,0.04909754256899746,"[5.293321746798957, 0.8454355323779833, 1.828806892207914, 1.053955407975336]","[5.275740195789201, 0.9194684770716006, 1.5977337410805426, 1.2406043906096726]",CONVERGENCE: RELATIVE REDUCTION OF F <= FACTR*EPSMCH,63,0.02734375,0.1788910117404243,5.589995776037239,67,0.01171875,0.0980394637358777,10.199974192984579,70,0.00390625,0.04300598491782805,23.2525775635812,56,0.158203125,True,0.5712112889600005,1.7506656806812964,63,0.02734375,True,0.1788910117404243,5.589995776037239,69,0.00390625,True,0.04300598491782805,23.2525775635812
n10_d50_s17,10,0.5,17,2,4,True,1,10,L-BFGS-B,60,0.004054303999510012,44.5,0.6357142857142857,0.00390625,4096,23,0.005615234375,0.003744712895050349,0.00841221056682197,"[1.2181622960168175, 4.890248942909295, 0.8512136505861835, 1.6441617172345364]","[6.283185307179586, 4.737356487727239, 3.141592653589793, 0.0]",CONVERGENCE: NORM OF PROJECTED GRADIENT <= PGTOL,63,0.02734375,0.02734375,36.57142857142857,67,0.01171875,0.01171875,85.33333333333333,70,0.00390625,0.00390625,256.0,56,0.158203125,True,0.158203125,6.320987654320987,63,0.02734375,True,0.02734375,36.57142857142857,69,0.00390625,True,0.00390625,256.0
n10_d50_s17,10,0.5,17,3,0,True,27,266,L-BFGS-B,60,0.20736253700033558,49.39655231609983,0.7056650330871405,0.0005265043806015927,4096,4,0.0009765625,0.000379829567061715,0.0025084428063047127,"[3.9090783701794063, 0.8824268396785018, 2.967832394671265, 1.3848839678825704, 1.9956076076677332, 2.145251132904566]","[4.0561019905583295, 1.8699135069079773, 2.5360068141573597, 1.4448481412339824, 1.8774064580678094, 1.9686398221050139]",CONVERGENCE: RELATIVE REDUCTION OF F <= FACTR*EPSMCH,63,0.02734375,0.06401532500381464,15.621259439679648,67,0.01171875,0.013103741206284946,76.31408345582787,70,0.00390625,0.0005265043806015927,1899.3194298922704,56,0.158203125,True,0.3301596451374202,3.0288377599381553,63,0.02734375,True,0.06401532500381464,15.621259439679648,69,0.00390625,True,0.0005265043806015927,1899.3194298922704
n10_d50_s17,10,0.5,17,3,1,True,1,14,L-BFGS-B,60,0.009969743000510789,44.5,0.6357142857142857,0.00390625,4096,18,0.00439453125,0.002781615150444107,0.006936189603926662,"[3.9011582918136916, 5.919089357946517, 0.08337034356422554, 1.7572613877288958, 0.8831650945076857, 1.5359106921618964]","[0.0, 0.0, 0.0, 3.141592653589793, 0.0, 0.0]",CONVERGENCE: NORM OF PROJECTED GRADIENT <= PGTOL,63,0.02734375,0.02734375,36.57142857142857,67,0.01171875,0.01171875,85.33333333333333,70,0.00390625,0.00390625,256.0,56,0.158203125,True,0.158203125,6.320987654320987,63,0.02734375,True,0.02734375,36.57142857142857,69,0.00390625,True,0.00390625,256.0
n10_d50_s17,10,0.5,17,3,2,True,34,336,L-BFGS-B,60,0.2502073980003843,57.37159692509581,0.819594241787083,0.051349147619225606,4096,200,0.048828125,0.042640595911991576,0.05586112979543561,"[1.2580558001787252, 2.921176306253207, 0.041593723200600626, 0.7960729696519969, 1.6845284523619026, 2.970852567333774]","[6.201595717846295, 3.3472059264653975, 4.017695120474817, 2.8646928036945267, 1.4053233512382104, 0.01508160510865684]",CONVERGENCE: NORM OF PROJECTED GRADIENT <= PGTOL,63,0.02734375,0.21449452257740995,4.662123712921878,67,0.01171875,0.11448215844913072,8.734985551869572,70,0.00390625,0.051349147619225606,19.474519955333992,56,0.158203125,True,0.6362194390973075,1.571784731096614,63,0.02734375,True,0.21449452257740995,4.662123712921878,69,0.00390625,True,0.051349147619225606,19.474519955333992
n10_d50_s17,10,0.5,17,3,3,True,30,287,L-BFGS-B,60,0.20668638400002237,47.74099872841679,0.6820142675488113,0.0032174839977383847,4096,12,0.0029296875,0.0016767322242621596,0.005114130081106749,"[3.637437690222947, 0.47850273991690506, 1.4358065292275857, 0.93329839244848, 2.4730148557531453, 1.0625675531452974]","[3.552818930228893, 0.48156766939840817, 1.324914833387275, 1.0610528943568536, 2.7849682071801767, 1.3401700222319617]",CONVERGENCE: RELATIVE REDUCTION OF F <= FACTR*EPSMCH,63,0.02734375,0.016509510621717842,60.57114731702134,67,0.01171875,0.005605554262737617,178.3944910938431,70,0.00390625,0.0032174839977383847,310.8018565757947,56,0.158203125,True,0.2366524325639607,4.225606257944242,63,0.02734375,True,0.016509510621717842,60.57114731702134,69,0.00390625,True,0.0032174839977383847,310.8018565757947
n10_d50_s17,10,0.5,17,3,4,True,37,371,L-BFGS-B,60,0.2924335899997459,58.893071269425256,0.8413295895632179,0.0796599917680942,4096,337,0.082275390625,0.0742465308281957,0.09108704746477393,"[0.3929449597103782, 4.710837502917278, 4.307101017973976, 2.929160082738926, 2.77265398631899, 1.9251346292045504]","[0.11537393696140363, 3.196490926204083, 3.0492140234142724, 2.6703228427107497, 3.0793793307315513, 2.3763179288826994]",CONVERGENCE: RELATIVE REDUCTION OF F <= FACTR*EPSMCH,63,0.02734375,0.30600423362784146,3.267928643157884,67,0.01171875,0.18595338563012279,5.377691815674094,70,0.00390625,0.0796599917680942,12.553353042154402,56,0.158203125,True,0.7375825258124165,1.355780492357166,63,0.02734375,True,0.30600423362784146,3.267928643157884,69,0.00390625,True,0.0796599917680942,12.553353042154402
n10_d50_s42,10,0.5,42,1,0,True,8,39,L-BFGS-B,60,0.009172066999781237,56.766789386984684,0.6170303194237465,0.004050239844450159,4096,16,0.00390625,0.002405923039438864,0.0063362342319312846,"[3.336514698471005, 2.6008842617154477]","[3.3142914671303383, 2.743959157508982]",CONVERGENCE: NORM OF PROJECTED GRADIENT <= PGTOL,83,0.00390625,0.007046564108183315,141.91313449326037,88,0.00390625,0.007046564108183315,141.91313449326037,92,0.001953125,0.004050239844450159,246.8989586802495,67,0.140625,True,0.17853539111439237,5.601130362770894,75,0.046875,True,0.07651857869441367,13.068721571445057,83,0.00390625,True,0.007046564108183315,141.91313449326037
n10_d50_s42,10,0.5,42,1,1,True,8,48,L-BFGS-B,60,0.010333404000448354,57.77523786124702,0.6279917158831197,0.01126926145714358,4096,51,0.012451171875,0.009483101104023409,0.016332887119857586,"[4.500197943945747, 2.762655781243209]","[5.542813921815453, 2.794855206450739]",CONVERGENCE: NORM OF PROJECTED GRADIENT <= PGTOL,83,0.00390625,0.015891047106586467,62.92851523833967,88,0.00390625,0.015891047106586467,62.92851523833967,92,0.001953125,0.01126926145714358,88.73695972029297,67,0.140625,True,0.21641487349063937,4.620754497464118,75,0.046875,True,0.10720716943236272,9.327734379097683,83,0.00390625,True,0.015891047106586467,62.92851523833967
n10_d50_s42,10,0.5,42,1,2,True,1,6,L-BFGS-B,60,0.0017011740001180442,53.5,0.5815217391304348,0.001953125,4096,3,0.000732421875,0.0002491200948151938,0.0021513285370509242,"[3.882765466230621, 0.3283174378599414]","[6.283185307179586, 0.0]",CONVERGENCE: NORM OF PROJECTED GRADIENT <= PGTOL,83,0.00390625,0.00390625,256.0,88,0.00390625,0.00390625,256.0,92,0.001953125,0.001953125,512.0,67,0.140625,True,0.140625,7.111111111111111,75,0.046875,True,0.046875,21.333333333333332,83,0.00390625,True,0.00390625,256.0
n10_d50_s42,10,0.5,42,1,3,True,5,27,L-BFGS-B,60,0.006465853000008792,56.44699601354101,0.613554304495011,0.00025224052073353603,4096,0,0.0,0.0,0.0009369774073651883,"[2.3841236212912182, 0.32314732780441424]","[2.387311345187079, 0.35944754210399593]",CONVERGENCE: NORM OF PROJECTED GRADIENT <= PGTOL,83,0.00390625,0.0007585676621258859,1318.2739654330899,88,0.00390625,0.0007585676621258859,1318.2739654330899,92,0.001953125,0.00025224052073353603,3964.4700902611457,67,0.140625,True,0.19995122079625643,5.001219777592488,75,0.046875,True,0.06889533909624065,14.514769984702289,83,0.00390625,True,0.0007585676621258859,1318.2739654330899
n10_d50_s42,10,0.5,42,1,4,True,1,6,L-BFGS-B,60,0.0016094350003186264,53.5,0.5815217391304348,0.001953125,4096,6,0.00146484375,0.0006715185421635897,0.0031924013142034585,"[4.0259554734570475, 1.6263723653494087]","[6.283185307179586, 0.0]",CONVERGENCE: NORM OF PROJECTED GRADIENT <= PGTOL,83,0.00390625,0.00390625,256.0,88,0.00390625,0.00390625,256.0,92,0.001953125,0.001953125,512.0,67,0.140625,True,0.140625,7.111111111111111,75,0.046875,True,0.046875,21.333333333333332,83,0.00390625,True,0.00390625,256.0
n10_d50_s42,10,0.5,42,2,0,True,22,170,L-BFGS-B,60,0.08841586799917422,56.337634194716856,0.6123655890730093,0.004382241701983014,4096,17,0.004150390625,0.0025929778542005417,0.0066370031586699164,"[1.7111701536961863, 0.02816343168866939, 1.8329098346588402, 2.4099886383838247]","[0.14535280905720036, 1.5222951348683493, 1.2905654145259744, 0.8049760133297665]",CONVERGENCE: RELATIVE REDUCTION OF F <= FACTR*EPSMCH,83,0.00390625,0.004541300792625688,220.20122552195454,88,0.00390625,0.004541300792625688,220.20122552195454,92,0.001953125,0.004382241701983014,228.19371180450608,67,0.140625,True,0.18452342342658873,5.419366178179772,75,0.046875,True,0.07676562010913912,13.026664782728014,83,0.00390625,True,0.004541300792625688,220.20122552195454
n10_d50_s42,10,0.5,42,2,1,True,20,180,L-BFGS-B,60,0.09861281999928906,58.63799205356551,0.6373694788431034,0.004218840141578361,4096,15,0.003662109375,0.0022205922771783033,0.006033741252691535,"[3.8173575312949515, 4.002575364520628, 0.6207431703542191, 1.0173695032022256]","[1.6226358059369017, 5.376781589689785, 0.24637031784064484, 0.33660099118831266]",CONVERGENCE: RELATIVE REDUCTION OF F <= FACTR*EPSMCH,83,0.00390625,0.004800427784096073,208.31476796985112,88,0.00390625,0.004800427784096073,208.31476796985112,92,0.001953125,0.004218840141578361,237.0319724003285,67,0.140625,True,0.25220604704597727,3.9650119880658514,75,0.046875,True,0.09723624628741515,10.28423081084554,83,0.00390625,True,0.004800427784096073,208.31476796985112
n10_d50_s42,10,0.5,42,2,2,True,12,90,L-BFGS-B,60,0.0572041960003844,69.05486367792741,0.750596344325298,0.04412689112079588,4096,189,0.046142578125,0.040131960884305345,0.053003703666618426,"[2.870790940346388, 2.2422470721377827, 0.17553953884921486, 2.5378845419233076]","[0.0876486452642957, 0.0, 3.1415873134149233, 0.3630689193530083]",CONVERGENCE: RELATIVE REDUCTION OF F <= FACTR*EPSMCH,83,0.00390625,0.07842041494573357,12.751781544282744,88,0.00390625,0.07842041494573357,12.751781544282744,92,0.001953125,0.04412689112079588,22.661918267990682,67,0.140625,True,0.604037462147601,1.6555264576547781,75,0.046875,True,0.3378110869170241,2.9602343994281872,83,0.00390625,True,0.07842041494573357,12.751781544282744
n10_d50_s42,10,0.5,42,2,3,True,1,10,L-BFGS-B,60,0.003951949000111199,53.49999999999996,0.5815217391304344,0.0019531249999997593,4096,9,0.002197265625,0.0011564392881765655,0.0041709517926914125,"[4.756137850309047, 2.4662456086137423, 3.1104855870162242, 0.43356650730781154]","[6.283185307179586, 6.283185307179586, 0.0, 0.20145635386663055]",CONVERGENCE: NORM OF PROJECTED GRADIENT <= PGTOL,83,0.00390625,0.003906249999999955,256.00000000000296,88,0.00390625,0.003906249999999955,256.00000000000296,92,0.001953125,0.0019531249999997593,512.0000000000631,67,0.140625,True,0.1406250000000002,7.111111111111101,75,0.046875,True,0.046874999999999264,21.33333333333367,83,0.00390625,True,0.003906249999999955,256.00000000000296
n10_d50_s42,10,0.5,42,2,4,True,19,140,L-BFGS-B,60,0.05879643499974918,57.86859473831654,0.6290064645469189,0.0015148053376633636,4096,10,0.00244140625,0.0013266895763215114,0.004488525246046777,"[2.712386399266546, 3.3620508590190954, 2.489191725300937, 0.49516065189411207]","[2.0134410519256747, 2.0950916129552692, 1.8921171781352395, 0.4707619669818222]",CONVERGENCE: NORM OF PROJECTED GRADIENT <= PGTOL,83,0.00390625,0.004165962399218723,240.0405726627629,88,0.00390625,0.004165962399218723,240.0405726627629,92,0.001953125,0.0015148053376633636,660.1508293749034,67,0.140625,True,0.2640273943647027,3.787485773611407,75,0.046875,True,0.086533819351489,11.556175464047547,83,0.00390625,True,0.004165962399218723,240.0405726627629
n10_d50_s42,10,0.5,42,3,0,True,42,490,L-BFGS-B,60,0.40216674900057114,74.39137727602093,0.808601926913271,0.10691194584871756,4096,458,0.11181640625,0.10252679472753717,0.12183345628696998,"[6.180008833224416, 0.21933017928274587, 3.7738528610426423, 1.5587275039458108, 1.9944264124466007, 0.8156152385676987]","[6.19651635911056, 2.356663131272173, 4.11611434132363, 1.3822115955617893, 1.6006192831208796, 1.8753819777967244]",CONVERGENCE: RELATIVE REDUCTION OF F <= FACTR*EPSMCH,83,0.00390625,0.1753538042040779,5.702756233541381,88,0.00390625,0.1753538042040779,5.702756233541381,92,0.001953125,0.10691194584871756,9.353491717520688,67,0.140625,True,0.773894189486389,1.292166311086624,75,0.046875,True,0.5288063451210934,1.8910514392012565,83,0.00390625,True,0.1753538042040779,5.702756233541381
n10_d50_s42,10,0.5,42,3,1,True,1,14,L-BFGS-B,60,0.02780465700016066,53.5,0.5815217391304348,0.001953125,4096,13,0.003173828125,0.0018557872990695213,0.005422898747799697,"[2.462263378371455, 1.2215010039435095, 2.0775486151640083, 2.8647534860018022, 1.0466113535510944, 0.15071367096114077]","[0.0, 0.0, 0.0, 0.0, 0.0, 3.141592653589793]",CONVERGENCE: NORM OF PROJECTED GRADIENT <= PGTOL,83,0.00390625,0.00390625,256.0,88,0.00390625,0.00390625,256.0,92,0.001953125,0.001953125,512.0,67,0.140625,True,0.140625,7.111111111111111,75,0.046875,True,0.046875,21.333333333333332,83,0.00390625,True,0.00390625,256.0
n10_d50_s42,10,0.5,42,3,2,True,29,294,L-BFGS-B,60,0.2396371659997385,57.87787410046802,0.6291073271790002,0.018849685506960815,4096,83,0.020263671875,0.01637682567489716,0.025049522276993755,"[1.9157900948392104, 3.9778660342229077, 0.34873043347774885, 2.639795964818803, 2.3662678828732764, 3.0725001847319344]","[4.632496445220711, 5.56647051968816, 0.5995609677525782, 2.4730687386996695, 2.9892551154776004, 2.7583890534103137]",CONVERGENCE: NORM OF PROJECTED GRADIENT <= PGTOL,83,0.00390625,0.02039141901427793,49.04023595904762,88,0.00390625,0.02039141901427793,49.04023595904762,92,0.001953125,0.018849685506960815,53.05128298457392,67,0.140625,True,0.23736158901402538,4.212981570244339,75,0.046875,True,0.12221423103097048,8.182353164310207,83,0.00390625,True,0.02039141901427793,49.04023595904762
n10_d50_s42,10,0.5,42,3,3,True,18,189,L-BFGS-B,60,0.17009724599938636,57.77689592035336,0.6280097382647104,0.01082687107497712,4096,50,0.01220703125,0.009271887142588631,0.016056277339792056,"[2.4109071024051545, 5.135332037943616, 4.58603570216033, 1.0298548797639033, 2.764300661046798, 2.7138746162339835]","[6.283185307179586, 0.7405444315829808, 0.28859029153271876, 0.006474916604947714, 1.9160567309750915, 0.01001030964410814]",CONVERGENCE: RELATIVE REDUCTION OF F <= FACTR*EPSMCH,83,0.00390625,0.015154490174585275,65.98704334356576,88,0.00390625,0.015154490174585275,65.98704334356576,92,0.001953125,0.01082687107497712,92.36278820306478,67,0.140625,True,0.2148016964137237,4.655456715173828,75,0.046875,True,0.10605987237113149,9.42863665251959,83,0.00390625,True,0.015154490174585275,65.98704334356576
n10_d50_s42,10,0.5,42,3,4,True,13,154,L-BFGS-B,60,0.12564168799963227,55.2836541587255,0.6009092843339728,0.0006076545083377619,4096,3,0.000732421875,0.0002491200948151938,0.0021513285370509242,"[1.5058356999062326, 0.17107271104931415, 5.825772125067715, 2.465957844641698, 3.100679553647646, 1.5918127172339156]","[0.0, 0.0, 5.884144025573722, 3.1415925972596193, 3.141592626033702, 1.2004487543423492]",CONVERGENCE: NORM OF PROJECTED GRADIENT <= PGTOL,83,0.00390625,0.0009983211293327111,1001.6816940140404,88,0.00390625,0.0009983211293327111,1001.6816940140404,92,0.001953125,0.0006076545083377619,1645.6719834688608,67,0.140625,True,0.15502327666656796,6.450644196812144,75,0.046875,True,0.055451794897986614,18.03368135945242,83,0.00390625,True,0.0009983211293327111,1001.6816940140404
n10_d75_s17,10,0.75,17,1,0,True,2,15,L-BFGS-B,60,0.00433646100009355,81.0,0.7043478260869566,0.00390625,4096,12,0.0029296875,0.0016767322242621596,0.005114130081106749,"[4.164214315736457, 1.2445205486657653]","[0.0, 2.3774104376176446]",CONVERGENCE: NORM OF PROJECTED GRADIENT <= PGTOL,104,0.04296875,0.04296875,23.272727272727273,110,0.009765625,0.009765625,102.4,115,0.00390625,0.00390625,256.0,101,0.09765625,True,0.09765625,10.24,113,0.005859375,True,0.005859375,170.66666666666666,125,0.0,False,0.0,inf
n10_d75_s17,10,0.75,17,1,1,True,1,6,L-BFGS-B,60,0.0019894200004273443,81.0,0.7043478260869566,0.00390625,4096,23,0.005615234375,0.003744712895050349,0.00841221056682197,"[4.1333739757427015, 0.09007583966714469]","[6.283185307179586, 0.0]",CONVERGENCE: NORM OF PROJECTED GRADIENT <= PGTOL,104,0.04296875,0.04296875,23.272727272727273,110,0.009765625,0.009765625,102.4,115,0.00390625,0.00390625,256.0,101,0.09765625,True,0.09765625,10.24,113,0.005859375,True,0.005859375,170.66666666666666,125,0.0,False,0.0,inf
n10_d75_s17,10,0.75,17,1,2,True,8,42,L-BFGS-B,60,0.01209244499932538,83.61846275670605,0.7271170674496178,0.0026556631710589313,4096,11,0.002685546875,0.0015002563109177591,0.004802782252950839,"[5.655385010129342, 2.032077179645707]","[5.503283035598601, 1.9395826257897424]",CONVERGENCE: NORM OF PROJECTED GRADIENT <= PGTOL,104,0.04296875,0.06391450030600962,15.645901872223103,110,0.009765625,0.011056851465537514,90.44165991709706,115,0.00390625,0.0026556631710589313,376.5537779406172,101,0.09765625,True,0.11782699515693751,8.487019453123356,113,0.005859375,True,0.00456371575074857,219.11969426140826,125,0.0,False,0.0,inf
n10_d75_s17,10,0.75,17,1,3,True,11,45,L-BFGS-B,60,0.0396445100004712,82.21187394684037,0.7148858604073076,0.0005588759289741025,4096,4,0.0009765625,0.000379829567061715,0.0025084428063047127,"[3.121959121244931, 1.4018660158239578]","[2.841077540869498, 1.228833289568782]",CONVERGENCE: NORM OF PROJECTED GRADIENT <= PGTOL,104,0.04296875,0.04941188067615224,20.238047739045726,110,0.009765625,0.005585127725552528,179.04693484893787,115,0.00390625,0.0005588759289741025,1789.305905222371,101,0.09765625,True,0.10334584327770724,9.676247909776457,113,0.005859375,True,0.001610010618498907,621.1139159643243,125,0.0,False,0.0,inf
n10_d75_s17,10,0.75,17,1,4,True,11,48,L-BFGS-B,60,0.013898298000640352,81.75063982163239,0.7108751288837599,0.006354892881434989,4096,23,0.005615234375,0.003744712895050349,0.00841221056682197,"[0.669301201482005, 1.6423813681947872]","[0.6774524866977787, 1.9430449424941652]",CONVERGENCE: NORM OF PROJECTED GRADIENT <= PGTOL,104,0.04296875,0.05344410404470365,18.711137886483115,110,0.009765625,0.014748599376240899,67.80304858039194,115,0.00390625,0.006354892881434989,157.35906468563346,101,0.09765625,True,0.11261097996276025,8.880128743491033,113,0.005859375,True,0.009217129836396692,108.49364365587975,125,0.0,False,0.0,inf
n10_d75_s17,10,0.75,17,2,0,True,16,110,L-BFGS-B,60,0.044163315999867336,83.83521141041402,0.7290018383514263,0.006086660984168107,4096,21,0.005126953125,0.0033558642108143656,0.007825411768057332,"[3.0654586859471253, 4.861686213576437, 0.39974275922089286, 3.05433471439794]","[4.67518074924638, 2.3896790753962303, 1.7278661700061433, 1.2327724740887325]",CONVERGENCE: RELATIVE REDUCTION OF F <= FACTR*EPSMCH,104,0.04296875,0.07223323220720856,13.84404337786513,110,0.009765625,0.013230000378543123,75.58578770880725,115,0.00390625,0.006086660984168107,164.293691171741,101,0.09765625,True,0.13652184691815503,7.324834981169724,113,0.005859375,True,0.007764623693308286,128.78924201591647,125,0.0,False,0.0,inf
n10_d75_s17,10,0.75,17,2,1,True,14,110,L-BFGS-B,60,0.06517008900027577,83.09894947889245,0.7225995606860213,0.00834513621037468,4096,36,0.0087890625,0.006355424717037815,0.012143207384338531,"[5.772296304793225, 5.553816608870411, 1.3020770933683954, 0.5226445428364604]","[6.025590242995418, 5.9005843279219174, 0.5063001260426936, 1.2470521649568753]",CONVERGENCE: RELATIVE REDUCTION OF F <= FACTR*EPSMCH,104,0.04296875,0.05530463501265922,18.0816671111038,110,0.009765625,0.01737515928458027,57.5534292158955,115,0.00390625,0.00834513621037468,119.83027895420078,101,0.09765625,True,0.11437970853158859,8.742809479391417,113,0.005859375,True,0.015066701299205633,66.37152885301597,125,0.0,False,0.0,inf
n10_d75_s17,10,0.75,17,2,2,True,16,100,L-BFGS-B,60,0.039330675000201154,84.01615484924396,0.7305752595586431,0.0032125027799424616,4096,14,0.00341796875,0.0020371496844209867,0.00572936010394854,"[2.7264688062350437, 3.203525147179287, 1.1352040477726812, 2.566468677967126]","[2.756311008244331, 3.1811313213429036, 1.1244301885729393, 2.6626621265088883]",CONVERGENCE: RELATIVE REDUCTION OF F <= FACTR*EPSMCH,104,0.04296875,0.05045964933352196,19.817815090040032,110,0.009765625,0.015517521316289296,64.44328186295219,115,0.00390625,0.0032125027799424616,311.283777322649,101,0.09765625,True,0.12009085691923119,8.327028598626491,113,0.005859375,True,0.0036640623623071552,272.92111899818445,125,0.0,False,0.0,inf
n10_d75_s17,10,0.75,17,2,3,True,1,10,L-BFGS-B,60,0.004026411999802804,81.00000000000003,0.7043478260869568,0.0039062499999999523,4096,20,0.0048828125,0.0031631598704827783,0.007530292366888611,"[3.037312778258744, 3.5279287064880944, 2.1602785927415957, 2.5141485031063424]","[6.283185307179586, 6.283185307179586, 3.141592653589793, 0.7772267749846132]",CONVERGENCE: NORM OF PROJECTED GRADIENT <= PGTOL,104,0.04296875,0.04296874999999991,23.272727272727323,110,0.009765625,0.00976562499999992,102.40000000000083,115,0.00390625,0.0039062499999999523,256.0000000000031,101,0.09765625,True,0.09765624999999988,10.240000000000013,113,0.005859375,True,0.005859374999999945,170.66666666666825,125,0.0,False,0.0,inf
n10_d75_s17,10,0.75,17,2,4,True,17,120,L-BFGS-B,60,0.06548381199991127,83.69484146089414,0.7277812300947316,0.003915044584520192,4096,20,0.0048828125,0.0031631598704827783,0.007530292366888611,"[4.181087515967021, 4.889745997030493, 2.1604679173144725, 2.787872560670411]","[4.201961124542994, 4.88227483823266, 2.3246844348234728, 2.7108318537830627]",CONVERGENCE: RELATIVE REDUCTION OF F <= FACTR*EPSMCH,104,0.04296875,0.054766040623890726,18.259490527488808,110,0.009765625,0.014297791828651893,69.94087002973856,115,0.00390625,0.003915044584520192,255.42493282296934,101,0.09765625,True,0.10548314531854833,9.480187540673935,113,0.005859375,True,0.004121222219202156,242.64646427961702,125,0.0,False,0.0,inf
n10_d75_s17,10,0.75,17,3,0,True,2,28,L-BFGS-B,60,0.015642235999621334,80.99999999999977,0.7043478260869546,0.003906250000000012,4096,23,0.005615234375,0.003744712895050349,0.00841221056682197,"[5.121618340482637, 6.124201596142994, 4.694362256879786, 0.861842469084762, 0.3976073141025148, 0.35587976897956514]","[6.283185307179586, 6.283185307179586, 6.283185307179586, 3.1415906747493905, 1.95690821901696, 2.6384538538976538e-06]",CONVERGENCE: NORM OF PROJECTED GRADIENT <= PGTOL,104,0.04296875,0.042968749999999424,23.272727272727586,110,0.009765625,0.009765624999999953,102.40000000000049,115,0.00390625,0.003906250000000012,255.9999999999992,101,0.09765625,True,0.0976562499999991,10.240000000000094,113,0.005859375,True,0.005859375000000186,170.66666666666126,125,0.0,False,0.0,inf
n10_d75_s17,10,0.75,17,3,1,True,1,14,L-BFGS-B,60,0.007872130000578181,81.0,0.7043478260869566,0.00390625,4096,13,0.003173828125,0.0018557872990695213,0.005422898747799697,"[1.0568126327817087, 5.698750780891922, 1.7930694286555224, 0.3627238906946187, 1.8000170096730455, 1.0871914072100402]","[0.0, 6.283185307179586, 6.283185307179586, 3.141592653589793, 3.141592653589793, 3.141592653589793]",CONVERGENCE: NORM OF PROJECTED GRADIENT <= PGTOL,104,0.04296875,0.04296875,23.272727272727273,110,0.009765625,0.009765625,102.4,115,0.00390625,0.00390625,256.0,101,0.09765625,True,0.09765625,10.24,113,0.005859375,True,0.005859375,170.66666666666666,125,0.0,False,0.0,inf
n10_d75_s17,10,0.75,17,3,2,True,31,329,L-BFGS-B,60,0.2553321519999372,84.22235099240902,0.7323682694992089,0.006184676051683901,4096,29,0.007080078125,0.004934210809760133,0.010149655101114045,"[1.4652926069820487, 3.9926364486037307, 5.72831551970023, 0.9666309847061497, 2.329465602362861, 2.197009979045669]","[1.3212842104962002, 3.4102982428011313, 5.13229040840323, 1.068404674552601, 2.5853475597624085, 2.6883573093158257]",CONVERGENCE: RELATIVE REDUCTION OF F <= FACTR*EPSMCH,104,0.04296875,0.0727650463258495,13.742862136332535,110,0.009765625,0.009752230099014058,102.54064863595652,115,0.00390625,0.006184676051683901,161.68995621488213,101,0.09765625,True,0.1393021838572774,7.178638355193009,113,0.005859375,True,0.006276461160896124,159.32545018046835,125,0.0,False,0.0,inf
n10_d75_s17,10,0.75,17,3,3,True,31,287,L-BFGS-B,60,0.23228107999966596,84.2102044072476,0.7322626470195444,0.010558406435233219,4096,43,0.010498046875,0.007803362608721715,0.014110035683156804,"[4.06443011446133, 0.5590918521680842, 5.044725543883444, 1.1248827499767953, 0.21385447451636908, 2.4051390717713597]","[4.079787157184293, 0.6533871463512151, 5.03797695757343, 1.2209653448566333, 0.20568941939650115, 2.5730793916761403]",CONVERGENCE: RELATIVE REDUCTION OF F <= FACTR*EPSMCH,104,0.04296875,0.04676072723702646,21.385467230461973,110,0.009765625,0.013404971409808182,74.59918931780172,115,0.00390625,0.010558406435233219,94.7112621714407,101,0.09765625,True,0.10924688929168151,9.15357871042049,113,0.005859375,True,0.01174723762336674,85.12639584397898,125,0.0,False,0.0,inf
n10_d75_s17,10,0.75,17,3,4,True,33,336,L-BFGS-B,60,0.2939808040000571,84.399246708622,0.7339064931184522,0.00037685798565856424,4096,3,0.000732421875,0.0002491200948151938,0.0021513285370509242,"[4.755626930803235, 5.911442158010319, 3.803596599914999, 2.8091376190370014, 1.2178868810678787, 1.52357979765072]","[4.771423722759652, 6.004922063648355, 3.752602484148203, 2.9178725016397946, 1.3821940794181389, 2.0072301551945526]",CONVERGENCE: RELATIVE REDUCTION OF F <= FACTR*EPSMCH,104,0.04296875,0.0556916254038268,17.956021084837754,110,0.009765625,0.01321347231243908,75.68033415853955,115,0.00390625,0.00037685798565856424,2653.5194637112095,101,0.09765625,True,0.15085483390818843,6.628889337471338,113,0.005859375,True,0.012192302768267698,82.01896056933974,125,0.0,False,0.0,inf
n10_d75_s42,10,0.75,42,1,0,True,12,66,L-BFGS-B,60,0.016019730000152776,93.18972888607249,0.6954457379557648,0.003681933299282259,4096,17,0.004150390625,0.0025929778542005417,0.0066370031586699164,"[5.462088010941584, 3.1285215519764336]","[0.9727364542618362, 2.530259252957837]",CONVERGENCE: RELATIVE REDUCTION OF F <= FACTR*EPSMCH,121,0.017578125,0.020526878045918014,48.71661427339461,128,0.001953125,0.003681933299282259,271.59644640899273,134,0.001953125,0.003681933299282259,271.59644640899273,106,0.17578125,True,0.1950385413643584,5.127191748895746,115,0.05859375,True,0.0595441212970492,16.794269160699773,124,0.009765625,True,0.010723028056415321,93.2572399082482
n10_d75_s42,10,0.75,42,1,1,True,5,30,L-BFGS-B,60,0.029843146000530396,99.15711242783158,0.739978450953967,0.0026248234679384576,4096,6,0.00146484375,0.0006715185421635897,0.0031924013142034585,"[1.8253165235399285, 3.072013946334654]","[3.0682817646489644, 2.0823613049152607]",CONVERGENCE: NORM OF PROJECTED GRADIENT <= PGTOL,121,0.017578125,0.011024409819395448,90.70780353617492,128,0.001953125,0.0026248234679384576,380.9780018407875,134,0.001953125,0.0026248234679384576,380.9780018407875,106,0.17578125,True,0.27392865557986995,3.6505855799683866,115,0.05859375,True,0.0891783185684823,11.213487942498878,124,0.009765625,True,0.006758157549000028,147.96932340649047
n10_d75_s42,10,0.75,42,1,2,True,8,36,L-BFGS-B,60,0.008445037999990745,92.05637737607506,0.6869878908662318,0.008477981435808302,4096,29,0.007080078125,0.004934210809760133,0.010149655101114045,"[2.7200697019401296, 1.6625503735313212]","[2.7451576975535117, 1.9785185665261016]",CONVERGENCE: NORM OF PROJECTED GRADIENT <= PGTOL,121,0.017578125,0.04147676681503875,24.10988311744245,128,0.001953125,0.008477981435808302,117.95260553134942,134,0.001953125,0.008477981435808302,117.95260553134942,106,0.17578125,True,0.21463573059010782,4.659056519856477,115,0.05859375,True,0.08699933159128811,11.494341182963035,124,0.009765625,True,0.01723568571774011,58.0191595725567
n10_d75_s42,10,0.75,42,1,3,True,14,84,L-BFGS-B,60,0.019641189000140002,93.5346210789157,0.6980195602904157,0.0019089737051060593,4096,11,0.002685546875,0.0015002563109177591,0.004802782252950839,"[4.273887821434153, 2.2788429669781625]","[4.4450706840196235, 2.0594054290972283]",CONVERGENCE: RELATIVE REDUCTION OF F <= FACTR*EPSMCH,121,0.017578125,0.015604711517982666,64.0832096670043,128,0.001953125,0.0019089737051060593,523.8416837933562,134,0.001953125,0.0019089737051060593,523.8416837933562,106,0.17578125,True,0.22255884749876492,4.493193648504805,115,0.05859375,True,0.06765675246630869,14.780490690829037,124,0.009765625,True,0.007741998453219001,129.1656160928598
n10_d75_s42,10,0.75,42,1,4,True,1,6,L-BFGS-B,60,0.0015067399999679765,91.0,0.6791044776119403,0.001953125,4096,12,0.0029296875,0.0016767322242621596,0.005114130081106749,"[3.343519270699475, 0.18583003406864762]","[0.0, 0.0]",CONVERGENCE: NORM OF PROJECTED GRADIENT <= PGTOL,121,0.017578125,0.017578125,56.888888888888886,128,0.001953125,0.001953125,512.0,134,0.001953125,0.001953125,512.0,106,0.17578125,True,0.17578125,5.688888888888889,115,0.05859375,True,0.05859375,17.066666666666666,124,0.009765625,True,0.009765625,102.4
n10_d75_s42,10,0.75,42,2,0,True,26,180,L-BFGS-B,60,0.09704052300003241,94.9254210915668,0.7083986648624389,0.0048344443137568515,4096,23,0.005615234375,0.003744712895050349,0.00841221056682197,"[3.9788593246508936, 3.352700131126649, 1.8534304379174287, 1.2865173798849052]","[3.9348040353973106, 3.344711876492015, 1.9384635443725813, 1.5288630955802185]",CONVERGENCE: RELATIVE REDUCTION OF F <= FACTR*EPSMCH,121,0.017578125,0.03328237033989029,30.04593692659741,128,0.001953125,0.0048344443137568515,206.84900582149822,134,0.001953125,0.0048344443137568515,206.84900582149822,106,0.17578125,True,0.22704705205180487,4.404373414951153,115,0.05859375,True,0.07409477053613506,13.496229123380752,124,0.009765625,True,0.026886429449728695,37.19348461162405
n10_d75_s42,10,0.75,42,2,1,True,12,90,L-BFGS-B,60,0.03499842600012926,93.61518786731494,0.6986208049799623,0.005103174500504299,4096,20,0.0048828125,0.0031631598704827783,0.007530292366888611,"[5.393562097239297, 3.5244209328267306, 2.1822522402926148, 1.3187578854405508]","[1.3630168579653092, 0.0, 2.01202603506019, 1.5634265296554613]",CONVERGENCE: NORM OF PROJECTED GRADIENT <= PGTOL,121,0.017578125,0.026614155213014405,37.57398993115501,128,0.001953125,0.005103174500504299,195.95645806373648,134,0.001953125,0.005103174500504299,195.95645806373648,106,0.17578125,True,0.2356551030566738,4.24348968907966,115,0.05859375,True,0.07389659333707126,13.532423550820658,124,0.009765625,True,0.01610577067016908,62.08954668975812
n10_d75_s42,10,0.75,42,2,2,True,1,10,L-BFGS-B,60,0.003984598999522859,91.0,0.6791044776119403,0.001953125,4096,11,0.002685546875,0.0015002563109177591,0.004802782252950839,"[2.338932354851095, 3.9623404886794003, 2.307827435181916, 1.2695582267890704]","[0.0, 0.0, 3.141592653589793, 0.0]",CONVERGENCE: NORM OF PROJECTED GRADIENT <= PGTOL,121,0.017578125,0.017578125,56.888888888888886,128,0.001953125,0.001953125,512.0,134,0.001953125,0.001953125,512.0,106,0.17578125,True,0.17578125,5.688888888888889,115,0.05859375,True,0.05859375,17.066666666666666,124,0.009765625,True,0.009765625,102.4
n10_d75_s42,10,0.75,42,2,3,True,19,125,L-BFGS-B,60,0.06958789399959642,94.67721158180075,0.7065463550880653,0.001606630948489903,4096,4,0.0009765625,0.000379829567061715,0.0025084428063047127,"[0.8124962826764472, 0.25228052175002325, 3.0123910998772128, 0.24010285188720348]","[0.7877427912234648, 0.5764370727453508, 2.883725042334524, 0.21288589194356053]",CONVERGENCE: RELATIVE REDUCTION OF F <= FACTR*EPSMCH,121,0.017578125,0.02695325413334454,37.1012715219004,128,0.001953125,0.001606630948489903,622.4204761771304,134,0.001953125,0.001606630948489903,622.4204761771304,106,0.17578125,True,0.22617932584389228,4.421270583723441,115,0.05859375,True,0.07299392667127028,13.699769906933787,124,0.009765625,True,0.017148820129982235,58.31304966874335
n10_d75_s42,10,0.75,42,2,4,True,14,105,L-BFGS-B,60,0.06805967099990085,92.54460291396154,0.6906313650295637,0.0003127528453602666,4096,0,0.0,0.0,0.0009369774073651883,"[0.24940856606367354, 4.746069727295479, 0.46855041004497155, 2.616614484361655]","[0.24485121808066437, 4.392298633544755, 0.656185769602718, 2.6901641966905863]",CONVERGENCE: RELATIVE REDUCTION OF F <= FACTR*EPSMCH,121,0.017578125,0.023232904972210613,43.04240047450467,128,0.001953125,0.0003127528453602666,3197.4129567009336,134,0.001953125,0.0003127528453602666,3197.4129567009336,106,0.17578125,True,0.180624940852804,5.536333992850556,115,0.05859375,True,0.0562952795595887,17.763478711238967,124,0.009765625,True,0.015065135222161886,66.37842842120187
n10_d75_s42,10,0.75,42,3,0,True,1,14,L-BFGS-B,60,0.007794032999299816,90.99999999999999,0.6791044776119401,0.0019531249999999991,4096,5,0.001220703125,0.0005215205909937573,0.0028545755238729804,"[2.7281255593839577, 0.894726886855421, 1.005035226087483, 1.6221101935391702, 2.9870792165615776, 1.0101056083440192]","[0.0, 0.0, 0.0, 0.0, 0.0, 3.0328587856025058]",CONVERGENCE: NORM OF PROJECTED GRADIENT <= PGTOL,121,0.017578125,0.017578124999999993,56.888888888888914,128,0.001953125,0.0019531249999999991,512.0000000000002,134,0.001953125,0.0019531249999999991,512.0000000000002,106,0.17578125,True,0.17578124999999997,5.68888888888889,115,0.05859375,True,0.058593749999999986,17.06666666666667,124,0.009765625,True,0.009765624999999997,102.40000000000003
n10_d75_s42,10,0.75,42,3,1,True,1,14,L-BFGS-B,60,0.007277030999830458,91.0,0.6791044776119403,0.001953125,4096,9,0.002197265625,0.0011564392881765655,0.0041709517926914125,"[0.011248122375155928, 5.456408986876442, 6.019743339887902, 0.8293110894151917, 2.0626887845717152, 1.161219681684083]","[0.0, 6.283185307179586, 0.0, 0.0, 0.0, 3.141592653589793]",CONVERGENCE: NORM OF PROJECTED GRADIENT <= PGTOL,121,0.017578125,0.017578125,56.888888888888886,128,0.001953125,0.001953125,512.0,134,0.001953125,0.001953125,512.0,106,0.17578125,True,0.17578125,5.688888888888889,115,0.05859375,True,0.05859375,17.066666666666666,124,0.009765625,True,0.009765625,102.4
n10_d75_s42,10,0.75,42,3,2,True,9,84,L-BFGS-B,60,0.07432913800039387,94.90796100969564,0.7082683657439973,0.004169786113659013,4096,14,0.00341796875,0.0020371496844209867,0.00572936010394854,"[2.5841314402897564, 5.728794610463876, 0.5610721829720273, 2.1166997181667964, 1.8138921927642946, 2.1260119752311217]","[0.0, 0.0, 2.348245858737936, 3.1415919761382245, 1.4457605029244929, 2.765487085966462]",CONVERGENCE: RELATIVE REDUCTION OF F <= FACTR*EPSMCH,121,0.017578125,0.031128773414626738,32.12461945352854,128,0.001953125,0.004169786113659013,239.8204542732514,134,0.001953125,0.004169786113659013,239.8204542732514,106,0.17578125,True,0.232726321589115,4.296892561063758,115,0.05859375,True,0.07596772096106523,13.163485587681606,124,0.009765625,True,0.025395739601124612,39.376683479449305
n10_d75_s42,10,0.75,42,3,3,True,1,14,L-BFGS-B,60,0.008005633999346173,91.0,0.6791044776119403,0.001953125,4096,7,0.001708984375,0.0008280858168609898,0.0035236577810063684,"[6.148643088512096, 5.48916608658194, 5.291525093173981, 1.9816598993124979, 1.5450744192903958, 2.173246442206945]","[0.0, 6.283185307179586, 6.283185307179586, 0.0, 3.141592653589793, 3.141592653589793]",CONVERGENCE: NORM OF PROJECTED GRADIENT <= PGTOL,121,0.017578125,0.017578125,56.888888888888886,128,0.001953125,0.001953125,512.0,134,0.001953125,0.001953125,512.0,106,0.17578125,True,0.17578125,5.688888888888889,115,0.05859375,True,0.05859375,17.066666666666666,124,0.009765625,True,0.009765625,102.4
n10_d75_s42,10,0.75,42,3,4,True,37,364,L-BFGS-B,60,0.2542143130003751,95.69934861263424,0.7141742433778675,0.006619540409016595,4096,27,0.006591796875,0.004534310788919747,0.009573907638953811,"[5.301680713708263, 4.885831027783461, 4.879134635455918, 2.287541179465155, 1.6938378100513578, 1.7664160601571264]","[5.293544111033431, 4.929262794936027, 4.958741127916512, 1.7216816689384773, 1.9477434145213146, 1.6701547549305806]",CONVERGENCE: NORM OF PROJECTED GRADIENT <= PGTOL,121,0.017578125,0.034304076158509875,29.15105468455906,128,0.001953125,0.006619540409016595,151.06788964349883,134,0.001953125,0.006619540409016595,151.06788964349883,106,0.17578125,True,0.2663753707526867,3.7541008283698987,115,0.05859375,True,0.08071945993383112,12.388586356000634,124,0.009765625,True,0.025548624443618592,39.14105051748784
n12_d25_s17,12,0.25,17,1,0,True,8,36,L-BFGS-B,60,0.019009103000826144,46.25572435565162,0.571058325378415,0.00010924526170935859,4096,0,0.0,0.0,0.0009369774073651883,"[5.37246560887662, 3.0805989650990186]","[5.690909598026204, 2.1365972833865907]",CONVERGENCE: NORM OF PROJECTED GRADIENT <= PGTOL,73,0.0078125,0.004915584895341627,203.4345904487733,77,0.00390625,0.0020620105231138387,484.963577436017,81,0.0009765625,0.00010924526170935859,9153.71508432511,55,0.1884765625,True,0.20877912769638712,4.789750829183605,61,0.0732421875,True,0.07982442815898255,12.527493438579317,68,0.0224609375,True,0.01334437227983813,74.93795729237031
n12_d25_s17,12,0.25,17,1,1,True,8,42,L-BFGS-B,60,0.021909821999543055,59.46699909446231,0.7341604826476829,0.022244335369769892,4096,93,0.022705078125,0.01857068652760418,0.02773389883928984,"[6.237037762041773, 1.4040741465174675]","[6.189270889626405, 1.1895625382782464]",CONVERGENCE: RELATIVE REDUCTION OF F <= FACTR*EPSMCH,73,0.0078125,0.11523307588253298,8.67806393556123,77,0.00390625,0.07154272616160613,13.977661373164956,81,0.0009765625,0.022244335369769892,44.95526539125114,55,0.1884765625,True,0.7142053470084249,1.4001575375887012,61,0.0732421875,True,0.4667358574890675,2.142539476996201,68,0.0224609375,True,0.24073288113362784,4.153981771376351
n12_d25_s17,12,0.25,17,1,2,True,6,30,L-BFGS-B,60,0.015592483000546054,46.25572435565237,0.5710583253784243,0.00010924488820600689,4096,1,0.000244140625,4.309811523941186e-05,0.0013817030336260863,"[5.652787441481528, 2.1143437352881596]","[5.690909590878444, 2.136597134980764]",CONVERGENCE: NORM OF PROJECTED GRADIENT <= PGTOL,73,0.0078125,0.004915585255089217,203.43457556039277,77,0.00390625,0.00206201099960793,484.96346536955417,81,0.0009765625,0.00010924488820600689,9153.746380464641,55,0.1884765625,True,0.20877910959898413,4.789751244369067,61,0.0732421875,True,0.07982442032968318,12.527494667294743,68,0.0224609375,True,0.0133443745941683,74.93794429579454
n12_d25_s17,12,0.25,17,1,3,True,1,6,L-BFGS-B,60,0.0031623549994037603,43.5,0.5370370370370371,0.0009765625,4096,0,0.0,0.0,0.0009369774073651883,"[5.129071889878461, 1.0798112418410513]","[6.283185307179586, 0.0]",CONVERGENCE: NORM OF PROJECTED GRADIENT <= PGTOL,73,0.0078125,0.0078125,128.0,77,0.00390625,0.00390625,256.0,81,0.0009765625,0.0009765625,1024.0,55,0.1884765625,True,0.1884765625,5.305699481865285,61,0.0732421875,True,0.0732421875,13.653333333333334,68,0.0224609375,True,0.0224609375,44.52173913043478
n12_d25_s17,12,0.25,17,1,4,True,9,39,L-BFGS-B,60,0.05448622400035674,51.343967893641214,0.6338761468350768,0.003290606006690105,4096,11,0.002685546875,0.0015002563109177591,0.004802782252950839,"[3.205133000476411, 0.4432248109211725]","[3.2177064005749685, 0.4028843619281235]",CONVERGENCE: NORM OF PROJECTED GRADIENT <= PGTOL,73,0.0078125,0.023840316173392065,41.94575242739817,77,0.00390625,0.012953860905479096,77.1970617329255,81,0.0009765625,0.003290606006690105,303.89539129476697,55,0.1884765625,True,0.3760849466833669,2.6589737473377766,61,0.0732421875,True,0.18754998664281525,5.3319118700044354,68,0.0224609375,True,0.07022710136083157,14.239516947480613
n12_d25_s17,12,0.25,17,2,0,True,1,10,L-BFGS-B,60,0.012691853999967861,43.5,0.5370370370370371,0.0009765624999999996,4096,2,0.00048828125,0.00013391454481334652,0.0017787103455524616,"[1.2759954498239845, 2.2274389558246437, 0.6777850079334876, 3.0729954782809377]","[6.283185307179586, 3.57545790493328, 3.141592653589793, 3.141592653589793]",CONVERGENCE: NORM OF PROJECTED GRADIENT <= PGTOL,73,0.0078125,0.007812499999999993,128.0000000000001,77,0.00390625,0.0039062499999999965,256.0000000000002,81,0.0009765625,0.0009765624999999996,1024.0000000000005,55,0.1884765625,True,0.18847656249999994,5.305699481865287,61,0.0732421875,True,0.07324218749999997,13.653333333333338,68,0.0224609375,True,0.02246093749999999,44.5217391304348
n12_d25_s17,12,0.25,17,2,1,True,14,115,L-BFGS-B,60,0.1735114760003853,51.87452785806831,0.6404262698526952,0.003630826950656327,4096,18,0.00439453125,0.002781615150444107,0.006936189603926662,"[3.173986562125554, 3.9806390551653967, 3.010253390331687, 0.27550665826623083]","[3.0623939743098183, 4.100753269530158, 2.7603804859755865, 0.13825310596603707]",CONVERGENCE: RELATIVE REDUCTION OF F <= FACTR*EPSMCH,73,0.0078125,0.026014624101920424,38.43991733581033,77,0.00390625,0.015355106613231013,65.12491415320629,81,0.0009765625,0.003630826950656327,275.4193503546719,55,0.1884765625,True,0.4058847189717907,2.463753753857141,61,0.0732421875,True,0.2061813668984404,4.850098799144027,68,0.0224609375,True,0.07183302592390844,13.92117326449931
n12_d25_s17,12,0.25,17,2,2,True,1,10,L-BFGS-B,60,0.009378670999467431,43.49999999999997,0.5370370370370366,0.0009765625000000121,4096,6,0.00146484375,0.0006715185421635897,0.0031924013142034585,"[3.155119120824573, 1.6143961430458567, 1.2646620986028976, 2.298097885348563]","[6.283185307179586, 6.283185307179586, 0.7366449986813071, 3.141592653589793]",CONVERGENCE: NORM OF PROJECTED GRADIENT <= PGTOL,73,0.0078125,0.007812499999999976,128.0000000000004,77,0.00390625,0.00390625000000003,255.999999999998,81,0.0009765625,0.0009765625000000121,1023.9999999999873,55,0.1884765625,True,0.18847656249999956,5.305699481865298,61,0.0732421875,True,0.07324218749999985,13.653333333333363,68,0.0224609375,True,0.02246093749999988,44.52173913043502
n12_d25_s17,12,0.25,17,2,3,True,19,155,L-BFGS-B,60,0.2111975950001579,59.69135156060589,0.7369302661803196,0.0253131056598139,4096,98,0.02392578125,0.01967285964881211,0.029070844425583456,"[0.46430794079344373, 3.5069226097742283, 1.73642564432983, 2.9780626523577]","[0.09572464339222077, 3.9896473892309277, 1.9423280473622577, 3.0806612301544987]",CONVERGENCE: NORM OF PROJECTED GRADIENT <= PGTOL,73,0.0078125,0.11611984103146847,8.611792705856358,77,0.00390625,0.07440998234955315,13.439057078421753,81,0.0009765625,0.0253131056598139,39.505227586023196,55,0.1884765625,True,0.7238567193035697,1.3814888683524424,61,0.0732421875,True,0.47786993720607845,2.0926196065954996,68,0.0224609375,True,0.24435234503700273,4.092451004914924
n12_d25_s17,12,0.25,17,2,4,True,13,110,L-BFGS-B,60,0.16907209300006798,49.09590215804067,0.6061222488646997,0.004747165086065701,4096,23,0.005615234375,0.003744712895050349,0.00841221056682197,"[1.5940793515055798, 3.8837624503272763, 0.5948157386960488, 0.08317746485022869]","[0.4796074621638949, 1.0941094496719665, 0.46583255820205965, 0.11898082292583641]",CONVERGENCE: NORM OF PROJECTED GRADIENT <= PGTOL,73,0.0078125,0.02679171923873881,37.324965639161945,77,0.00390625,0.006398905522321043,156.27672521679534,81,0.0009765625,0.004747165086065701,210.65203797847445,55,0.1884765625,True,0.33341498925027857,2.9992652767309997,61,0.0732421875,True,0.1566747419812818,6.382649732523393,68,0.0224609375,True,0.051449364798356545,19.436585931026755
n12_d25_s17,12,0.25,17,3,0,True,1,14,L-BFGS-B,60,0.024538690000554197,43.49999999999994,0.5370370370370363,0.0009765624999999653,4096,5,0.001220703125,0.0005215205909937573,0.0028545755238729804,"[1.5927614107934425, 2.253274763108392, 4.23130708025238, 0.33042088420180565, 2.1066112684207163, 2.5343828059884594]","[6.283185307179586, 6.283185307179586, 6.283185307179586, 0.0, 3.141592653589793, 1.5918933360099636]",CONVERGENCE: NORM OF PROJECTED GRADIENT <= PGTOL,73,0.0078125,0.007812499999999912,128.00000000000145,77,0.00390625,0.0039062499999999315,256.0000000000045,81,0.0009765625,0.0009765624999999653,1024.0000000000364,55,0.1884765625,True,0.18847656249999947,5.305699481865299,61,0.0732421875,True,0.07324218749999999,13.653333333333336,68,0.0224609375,True,0.0224609375000002,44.52173913043438
n12_d25_s17,12,0.25,17,3,1,True,13,147,L-BFGS-B,60,0.2447693120002441,51.34396789364126,0.6338761468350773,0.0032906059602350324,4096,11,0.002685546875,0.0015002563109177591,0.004802782252950839,"[2.3995086509215895, 4.937959866882136, 2.1638618770366915, 2.924880028449537, 2.7798426862794288, 2.080000944041852]","[2.4507816239723414, 4.815140776351634, 2.234969308184489, 3.141592653589793, 3.141592653589793, 1.973680706669035]",CONVERGENCE: NORM OF PROJECTED GRADIENT <= PGTOL,73,0.0078125,0.02384031575457922,41.94575316427683,77,0.00390625,0.012953860675954006,77.1970631007542,81,0.0009765625,0.0032906059602350324,303.8953955850049,55,0.1884765625,True,0.376084945238107,2.6589737575559687,61,0.0732421875,True,0.1875499862756121,5.331911880443759,68,0.0224609375,True,0.07022710098914145,14.23951702284593
n12_d25_s17,12,0.25,17,3,2,True,30,287,L-BFGS-B,60,0.5544059330004529,53.00000407759127,0.654321037994954,0.0005901663617194959,4096,3,0.000732421875,0.0002491200948151938,0.0021513285370509242,"[2.2290479172721183, 2.8191445964745743, 5.261117915625196, 0.059532589901471644, 0.14122287781191137, 0.529811103389498]","[2.1523762025186812, 2.950612667559691, 4.885391737674436, 0.5123888665270865, 0.3154765247304087, 0.0]",CONVERGENCE: RELATIVE REDUCTION OF F <= FACTR*EPSMCH,73,0.0078125,0.02792756262289805,35.806919977330615,77,0.00390625,0.004415614344716496,226.46905321261812,81,0.0009765625,0.0005901663617194959,1694.4374753695242,55,0.1884765625,True,0.481358158559708,2.0774551801347716,61,0.0732421875,True,0.24135111242839913,4.14334116772164,68,0.0224609375,True,0.09199820268809575,10.869777569354587
n12_d25_s17,12,0.25,17,3,3,True,21,224,L-BFGS-B,60,0.47849176799991255,63.96715724387206,0.7897179906650872,0.055260100900910505,4096,214,0.05224609375,0.04584127596794985,0.05948998212048167,"[3.1322779678221377, 2.9015381047445925, 5.788104032597248, 2.5235097775985893, 2.673880165571928, 0.8898551342828027]","[0.4820951622159497, 5.888725458896755, 6.095228743285799, 3.141592653589793, 0.24591196539349686, 2.8836183032198917]",CONVERGENCE: NORM OF PROJECTED GRADIENT <= PGTOL,73,0.0078125,0.2178808235477674,4.589665045858263,77,0.00390625,0.15171212220704194,6.59143109629234,81,0.0009765625,0.055260100900910505,18.096239125461373,55,0.1884765625,True,0.8442330557184696,1.1845070424883655,61,0.0732421875,True,0.6562084606159964,1.5239059841765519,68,0.0224609375,True,0.4029919561282679,2.4814391076374513
n12_d25_s17,12,0.25,17,3,4,True,1,14,L-BFGS-B,60,0.02401864300009038,43.5,0.5370370370370371,0.0009765625,4096,2,0.00048828125,0.00013391454481334652,0.0017787103455524616,"[1.631174801390193, 3.571376404450904, 2.6347260430647097, 0.9620036361956736, 2.299609831951923, 2.752958556817384]","[0.0, 6.283185307179586, 0.0, 3.141592653589793, 0.0, 0.0]",CONVERGENCE: NORM OF PROJECTED GRADIENT <= PGTOL,73,0.0078125,0.0078125,128.0,77,0.00390625,0.00390625,256.0,81,0.0009765625,0.0009765625,1024.0,55,0.1884765625,True,0.1884765625,5.305699481865285,61,0.0732421875,True,0.0732421875,13.653333333333334,68,0.0224609375,True,0.0224609375,44.52173913043478
n12_d25_s42,12,0.25,42,1,0,True,8,48,L-BFGS-B,60,0.0490455760000259,35.52176281321253,0.5729316582776215,0.0004600841631872924,4096,3,0.000732421875,0.0002491200948151938,0.0021513285370509242,"[4.862938468165065, 0.038399097513111255]","[4.382969861519254, 0.46576255903933494]",CONVERGENCE: NORM OF PROJECTED GRADIENT <= PGTOL,56,0.00732421875,0.01737942285195521,57.53931005180063,59,0.00244140625,0.003057270300417113,327.08916835504107,62,0.00048828125,0.0004600841631872924,2173.515369606228,41,0.2119140625,True,0.3044260329667475,3.2848701875283783,46,0.09521484375,True,0.1596845876398911,6.262345131611112,51,0.0341796875,True,0.056711558895369774,17.633089611325165
n12_d25_s42,12,0.25,42,1,1,True,1,6,L-BFGS-B,60,0.0035128549998262315,32.5,0.5241935483870968,0.00048828125,4096,0,0.0,0.0,0.0009369774073651883,"[1.4174610509752488, 2.269727149001797]","[0.0, 3.141592653589793]",CONVERGENCE: NORM OF PROJECTED GRADIENT <= PGTOL,56,0.00732421875,0.00732421875,136.53333333333333,59,0.00244140625,0.00244140625,409.6,62,0.00048828125,0.00048828125,2048.0,41,0.2119140625,True,0.2119140625,4.71889400921659,46,0.09521484375,True,0.09521484375,10.502564102564103,51,0.0341796875,True,0.0341796875,29.257142857142856
n12_d25_s42,12,0.25,42,1,2,True,7,33,L-BFGS-B,60,0.018580023999675177,35.02301953356039,0.5648874118316192,0.0004447236167707628,4096,1,0.000244140625,4.309811523941186e-05,0.0013817030336260863,"[1.2893944609606376, 2.3286107180489033]","[1.2670475619459427, 2.075610670709203]",CONVERGENCE: NORM OF PROJECTED GRADIENT <= PGTOL,56,0.00732421875,0.013532109263939853,73.89830960534614,59,0.00244140625,0.0031530614021429595,317.1520856905469,62,0.00048828125,0.0004447236167707628,2248.5875772940117,41,0.2119140625,True,0.2943834770919791,3.3969297797496747,46,0.09521484375,True,0.1468058793952133,6.811716289018093,51,0.0341796875,True,0.053189709015863174,18.800629266495186
n12_d25_s42,12,0.25,42,1,3,True,1,6,L-BFGS-B,60,0.003141723000226193,32.5,0.5241935483870968,0.00048828125,4096,1,0.000244140625,4.309811523941186e-05,0.0013817030336260863,"[0.8658324403019799, 2.812365102812536]","[0.0, 3.141592653589793]",CONVERGENCE: NORM OF PROJECTED GRADIENT <= PGTOL,56,0.00732421875,0.00732421875,136.53333333333333,59,0.00244140625,0.00244140625,409.6,62,0.00048828125,0.00048828125,2048.0,41,0.2119140625,True,0.2119140625,4.71889400921659,46,0.09521484375,True,0.09521484375,10.502564102564103,51,0.0341796875,True,0.0341796875,29.257142857142856
n12_d25_s42,12,0.25,42,1,4,True,1,6,L-BFGS-B,60,0.0033196829999724287,32.5,0.5241935483870968,0.00048828125,4096,0,0.0,0.0,0.0009369774073651883,"[0.5448208224744084, 2.845304927058941]","[0.0, 3.141592653589793]",CONVERGENCE: NORM OF PROJECTED GRADIENT <= PGTOL,56,0.00732421875,0.00732421875,136.53333333333333,59,0.00244140625,0.00244140625,409.6,62,0.00048828125,0.00048828125,2048.0,41,0.2119140625,True,0.2119140625,4.71889400921659,46,0.09521484375,True,0.09521484375,10.502564102564103,51,0.0341796875,True,0.0341796875,29.257142857142856
n12_d25_s42,12,0.25,42,2,0,True,16,110,L-BFGS-B,60,0.22374394399957964,35.73761900691819,0.576413209789003,0.005420106698568826,4096,21,0.005126953125,0.0033558642108143656,0.007825411768057332,"[5.708374745615713, 1.0749226025829044, 1.401184839986774, 2.1756248779467993]","[5.729942391980119, 1.1042235980700514, 1.3077426959322869, 1.80451040043164]",CONVERGENCE: RELATIVE REDUCTION OF F <= FACTR*EPSMCH,56,0.00732421875,0.02725222677543176,36.694249179722554,59,0.00244140625,0.017795473558295652,56.19406512134282,62,0.00048828125,0.005420106698568826,184.49821297135148,41,0.2119140625,True,0.3078105743626969,3.2487512882571994,46,0.09521484375,True,0.1777166477592853,5.626934857304342,51,0.0341796875,True,0.07468435946213554,13.389684362319437
n12_d25_s42,12,0.25,42,2,1,True,16,105,L-BFGS-B,60,0.1663506260001668,40.20362623145931,0.648445584378376,0.004494064633458034,4096,17,0.004150390625,0.0025929778542005417,0.0066370031586699164,"[1.2297037718616968, 1.4066010884603395, 2.1569036954609007, 1.69705122581608]","[1.2825236609062516, 1.4824007754624855, 2.064703713851465, 1.95443032758337]",CONVERGENCE: RELATIVE REDUCTION OF F <= FACTR*EPSMCH,56,0.00732421875,0.05180829272730862,19.30192923483253,59,0.00244140625,0.01816493792714401,55.05111022183522,62,0.00048828125,0.004494064633458034,222.5157138495654,41,0.2119140625,True,0.4727764445990108,2.1151646014178183,46,0.09521484375,True,0.3023243205147323,3.3077061028283032,51,0.0341796875,True,0.1429373835443042,6.996070413518132
n12_d25_s42,12,0.25,42,2,2,True,1,10,L-BFGS-B,60,0.011635494999609364,32.5,0.5241935483870968,0.00048828125,4096,3,0.000732421875,0.0002491200948151938,0.0021513285370509242,"[4.723065400709077, 2.283150252803088, 0.6445432413867054, 0.4144647296482272]","[6.283185307179586, 0.0, 3.141592653589793, 0.0]",CONVERGENCE: NORM OF PROJECTED GRADIENT <= PGTOL,56,0.00732421875,0.00732421875,136.53333333333333,59,0.00244140625,0.00244140625,409.6,62,0.00048828125,0.00048828125,2048.0,41,0.2119140625,True,0.2119140625,4.71889400921659,46,0.09521484375,True,0.09521484375,10.502564102564103,51,0.0341796875,True,0.0341796875,29.257142857142856
n12_d25_s42,12,0.25,42,2,3,True,17,115,L-BFGS-B,60,0.16522929399980057,34.98223705551318,0.5642296299276319,0.0007821109075932461,4096,2,0.00048828125,0.00013391454481334652,0.0017787103455524616,"[1.2716957841775254, 2.6894234588567496, 1.256373255724373, 1.7148905561092092]","[2.0909307662892687, 3.466516186686533, 1.2296404407291457, 1.9035822672385512]",CONVERGENCE: NORM OF PROJECTED GRADIENT <= PGTOL,56,0.00732421875,0.02166063180874298,46.16670505411414,59,0.00244140625,0.010442773375892092,95.76000206119318,62,0.00048828125,0.0007821109075932461,1278.5910416174272,41,0.2119140625,True,0.30453346563959893,3.2837113579610757,46,0.09521484375,True,0.15083266994338496,6.6298634133795415,51,0.0341796875,True,0.0759064795435305,13.17410589996503
n12_d25_s42,12,0.25,42,2,4,True,1,10,L-BFGS-B,60,0.010124489000190806,32.5,0.5241935483870968,0.0004882812499999999,4096,3,0.000732421875,0.0002491200948151938,0.0021513285370509242,"[4.695711804348512, 0.4642640918115328, 2.937938073202829, 1.978141198407168]","[0.0, 3.43727544159376, 3.141592653589793, 0.0]",CONVERGENCE: NORM OF PROJECTED GRADIENT <= PGTOL,56,0.00732421875,0.00732421875,136.53333333333333,59,0.00244140625,0.00244140625,409.6,62,0.00048828125,0.0004882812499999999,2048.0000000000005,41,0.2119140625,True,0.2119140625,4.71889400921659,46,0.09521484375,True,0.09521484375,10.502564102564103,51,0.0341796875,True,0.0341796875,29.257142857142856
n12_d25_s42,12,0.25,42,3,0,True,22,245,L-BFGS-B,60,0.4254581289997077,41.80294902830813,0.6742411133598085,0.0016308276067258727,4096,12,0.0029296875,0.0016767322242621596,0.005114130081106749,"[0.4549382551090021, 4.878205442757431, 1.103625295033128, 2.8576143783461077, 1.8307411424468565, 0.05576879123035447]","[0.19077704600420659, 2.863142445303215, 0.37837345308746667, 3.141592653589793, 1.1673664561178154, 1.3337779359039654]",CONVERGENCE: NORM OF PROJECTED GRADIENT <= PGTOL,56,0.00732421875,0.049141569772694925,20.349370291293404,59,0.00244140625,0.011230252045102921,89.04519649103169,62,0.00048828125,0.0016308276067258727,613.1855972242508,41,0.2119140625,True,0.5749767817354852,1.7392006629931092,46,0.09521484375,True,0.34585071690431896,2.8914209256262846,51,0.0341796875,True,0.16981311282845465,5.88882674219747
n12_d25_s42,12,0.25,42,3,1,True,31,301,L-BFGS-B,60,0.5705987909996111,40.696667695819215,0.6563978660616002,0.00043925854882977946,4096,2,0.00048828125,0.00013391454481334652,0.0017787103455524616,"[1.0559796467485294, 3.792331983002636, 5.842670477464843, 2.66422922343747, 0.3837556343837479, 0.29228232381933467]","[1.169436788125576, 3.9058094248136292, 5.886338866323204, 2.272542754460225, 0.4176780928165479, 0.214077980735202]",CONVERGENCE: RELATIVE REDUCTION OF F <= FACTR*EPSMCH,56,0.00732421875,0.01398809295464543,71.48937337222235,59,0.00244140625,0.010289045093847446,97.1907490810757,62,0.00048828125,0.00043925854882977946,2276.563547059201,41,0.2119140625,True,0.5269949464586015,1.8975514029498495,46,0.09521484375,True,0.30130955948572546,3.3188459128439134,51,0.0341796875,True,0.09812335851846958,10.191253286665395
n12_d25_s42,12,0.25,42,3,2,True,22,196,L-BFGS-B,60,0.3940168460003406,48.16950922420489,0.7769275681323369,0.01383578896800359,4096,51,0.012451171875,0.009483101104023409,0.016332887119857586,"[0.027312230484075814, 3.358434780143442, 5.778654702095667, 2.5714716180772768, 2.1801024574667394, 1.4445548284961007]","[0.13637117592435263, 2.540934868570212, 5.802000378448531, 1.9602264786977288, 1.6805645918445378, 1.4767087862962083]",CONVERGENCE: NORM OF PROJECTED GRADIENT <= PGTOL,56,0.00732421875,0.16193944907954544,6.175147597969135,59,0.00244140625,0.06528940841680096,15.31641998677797,62,0.00048828125,0.01383578896800359,72.276326439539,41,0.2119140625,True,0.841636736705573,1.1881610633042348,46,0.09521484375,True,0.6838521721410065,1.4623043411110284,51,0.0341796875,True,0.4272562490559333,2.3405157963390892
n12_d25_s42,12,0.25,42,3,3,True,26,224,L-BFGS-B,60,0.43837105199963844,47.22160213787228,0.7616387441592304,0.015524483522110938,4096,66,0.01611328125,0.01268594169611479,0.020447402650270854,"[5.095539962150782, 1.4190305122794842, 1.2999247359842916, 2.648617449530094, 0.09283812334875069, 3.003250452227263]","[4.8802099993450065, 1.5317568141098825, 1.0685719643131217, 3.141592653589793, 0.3916818822190855, 3.1314636967633187]",CONVERGENCE: NORM OF PROJECTED GRADIENT <= PGTOL,56,0.00732421875,0.13675492835770275,7.312350728482355,59,0.00244140625,0.06075098077541393,16.46063960180051,62,0.00048828125,0.015524483522110938,64.41438123050841,41,0.2119140625,True,0.8147209534205204,1.2274141174369027,46,0.09521484375,True,0.6323432390805146,1.5814196123201891,51,0.0341796875,True,0.38907808318078796,2.5701781807518125
n12_d25_s42,12,0.25,42,3,4,True,1,14,L-BFGS-B,60,0.04023441799927241,32.5,0.5241935483870968,0.00048828125,4096,2,0.00048828125,0.00013391454481334652,0.0017787103455524616,"[4.872619247429786, 0.298812003382128, 4.392922943957069, 0.9326256598764914, 2.7761161723503522, 1.96671087689271]","[6.283185307179586, 0.0, 0.0, 3.141592653589793, 3.141592653589793, 3.141592653589793]",CONVERGENCE: NORM OF PROJECTED GRADIENT <= PGTOL,56,0.00732421875,0.00732421875,136.53333333333333,59,0.00244140625,0.00244140625,409.6,62,0.00048828125,0.00048828125,2048.0,41,0.2119140625,True,0.2119140625,4.71889400921659,46,0.09521484375,True,0.09521484375,10.502564102564103,51,0.0341796875,True,0.0341796875,29.257142857142856
n12_d50_s17,12,0.5,17,1,0,True,1,6,L-BFGS-B,60,0.003674881000733876,80.0,0.6722689075630253,0.00048828125,4096,2,0.00048828125,0.00013391454481334652,0.0017787103455524616,"[0.15301460085530358, 1.0064545266239238]","[6.283185307179586, 0.0]",CONVERGENCE: NORM OF PROJECTED GRADIENT <= PGTOL,108,0.02490234375,0.02490234375,40.15686274509804,114,0.00537109375,0.00537109375,186.1818181818182,119,0.00048828125,0.00048828125,2048.0,100,0.10009765625,True,0.10009765625,9.990243902439024,112,0.0107421875,True,0.0107421875,93.0909090909091,124,0.0,False,0.0,inf
n12_d50_s17,12,0.5,17,1,1,True,7,30,L-BFGS-B,60,0.016140222000103677,80.55277022184487,0.6769140354776879,6.730486063082989e-05,4096,0,0.0,0.0,0.0009369774073651883,"[3.766652007944303, 0.09989732355897907]","[3.773936778434482, 0.3082772286333545]",CONVERGENCE: RELATIVE REDUCTION OF F <= FACTR*EPSMCH,108,0.02490234375,0.023361378709446504,42.805692781977626,114,0.00537109375,0.004466762962950836,223.8757705063846,119,0.00048828125,6.730486063082989e-05,14857.767932765568,100,0.10009765625,True,0.09293058830394961,10.760719567698027,112,0.0107421875,True,0.009596789987927819,104.2015091773332,124,0.0,False,0.0,inf
n12_d50_s17,12,0.5,17,1,2,True,15,111,L-BFGS-B,60,0.08617094300007011,82.7636210452146,0.6954926138253328,0.00036045445428864773,4096,1,0.000244140625,4.309811523941186e-05,0.0013817030336260863,"[1.005106804452663, 1.5381663185855097]","[0.5931803087585515, 1.092219565252414]",CONVERGENCE: NORM OF PROJECTED GRADIENT <= PGTOL,108,0.02490234375,0.04512441629081604,22.160951480352452,114,0.00537109375,0.009659306616167805,103.52709979474034,119,0.00048828125,0.00036045445428864773,2774.2756070901864,100,0.10009765625,True,0.14345516051235274,6.970819288957481,112,0.0107421875,True,0.018312839849638222,54.606495126410195,124,0.0,False,0.0,inf
n12_d50_s17,12,0.5,17,1,3,True,10,42,L-BFGS-B,60,0.025449116000345384,81.37066490321752,0.6837871000270379,0.0010599248189910445,4096,6,0.00146484375,0.0006715185421635897,0.0031924013142034585,"[4.078447047041114, 1.854375418773703]","[4.110086370216019, 2.0913572559387155]",CONVERGENCE: NORM OF PROJECTED GRADIENT <= PGTOL,108,0.02490234375,0.035188909235229375,28.41804482529541,114,0.00537109375,0.012217160373768679,81.85208095877077,119,0.00048828125,0.0010599248189910445,943.4631419914408,100,0.10009765625,True,0.12298170890816859,8.131290489276807,112,0.0107421875,True,0.019412059665512117,51.51436875998385,124,0.0,False,0.0,inf
n12_d50_s17,12,0.5,17,1,4,True,9,54,L-BFGS-B,60,0.05136411799958296,85.86428492956813,0.7215486128535137,0.0012877047784470841,4096,3,0.000732421875,0.0002491200948151938,0.0021513285370509242,"[2.960628161393253, 0.8479599966740963]","[2.993021321765269, 1.083620561412466]",CONVERGENCE: NORM OF PROJECTED GRADIENT <= PGTOL,108,0.02490234375,0.04741176792178019,21.091809983753347,114,0.00537109375,0.01056516007263037,94.6507192626977,119,0.00048828125,0.0012877047784470841,776.5755138425101,100,0.10009765625,True,0.16990296115248438,5.885712604517356,112,0.0107421875,True,0.02320466459196579,43.094783638727215,124,0.0,False,0.0,inf
n12_d50_s17,12,0.5,17,2,0,True,17,115,L-BFGS-B,60,0.14807005100010429,80.93595326855376,0.6801340610802837,0.00011562606331854039,4096,0,0.0,0.0,0.0009369774073651883,"[1.4234426461923309, 5.899864511490063, 2.364994865018139, 2.433261008122661]","[1.4266632724264858, 5.831819249139059, 2.47603685488398, 2.5220629117908677]",CONVERGENCE: RELATIVE REDUCTION OF F <= FACTR*EPSMCH,108,0.02490234375,0.03044928618800748,32.84149236949444,114,0.00537109375,0.0061771357100839155,161.8873288419974,119,0.00048828125,0.00011562606331854039,8648.569114085303,100,0.10009765625,True,0.11614148596488946,8.610187752396318,112,0.0107421875,True,0.012728889631741624,78.56144792915259,124,0.0,False,0.0,inf
n12_d50_s17,12,0.5,17,2,1,True,1,10,L-BFGS-B,60,0.011297713999738335,80.0,0.6722689075630253,0.00048828124999999957,4096,2,0.00048828125,0.00013391454481334652,0.0017787103455524616,"[5.901719741244093, 5.243344578283616, 2.4904514017694095, 0.47762140210585374]","[6.283185307179586, 3.313374072024578, 3.141592653589793, 3.141592653589793]",CONVERGENCE: NORM OF PROJECTED GRADIENT <= PGTOL,108,0.02490234375,0.024902343749999997,40.156862745098046,114,0.00537109375,0.005371093749999999,186.18181818181822,119,0.00048828125,0.00048828124999999957,2048.000000000002,100,0.10009765625,True,0.10009765624999997,9.990243902439028,112,0.0107421875,True,0.0107421875,93.0909090909091,124,0.0,False,0.0,inf
n12_d50_s17,12,0.5,17,2,2,True,1,10,L-BFGS-B,60,0.029426624999359774,79.99999999999997,0.6722689075630249,0.00048828124999999913,4096,3,0.000732421875,0.0002491200948151938,0.0021513285370509242,"[3.255651572153272, 1.4853377477091092, 1.4860526159063092, 1.0135031784022595]","[0.0, 0.0, 3.141592653589793, 0.9731429296836694]",CONVERGENCE: NORM OF PROJECTED GRADIENT <= PGTOL,108,0.02490234375,0.02490234374999996,40.15686274509811,114,0.00537109375,0.005371093749999993,186.18181818181841,119,0.00048828125,0.00048828124999999913,2048.0000000000036,100,0.10009765625,True,0.10009765624999983,9.99024390243904,112,0.0107421875,True,0.010742187499999983,93.09090909090924,124,0.0,False,0.0,inf
n12_d50_s17,12,0.5,17,2,3,True,19,135,L-BFGS-B,60,0.16945413099983853,83.14658747658623,0.6987108191309768,4.2963233315442265e-05,4096,0,0.0,0.0,0.0009369774073651883,"[5.542708559506358, 3.883875553328463, 1.9711030604323647, 1.2215563968012249]","[5.696025954956455, 3.969053716255591, 2.142104290525316, 1.370628965536094]",CONVERGENCE: RELATIVE REDUCTION OF F <= FACTR*EPSMCH,108,0.02490234375,0.05040113383751815,19.840823486705155,114,0.00537109375,0.009149419987811866,109.29654571897683,119,0.00048828125,4.2963233315442265e-05,23275.715602172106,100,0.10009765625,True,0.15043316945734214,6.647470126484086,112,0.0107421875,True,0.01895479246201407,52.75710625711295,124,0.0,False,0.0,inf
n12_d50_s17,12,0.5,17,2,4,True,23,190,L-BFGS-B,60,0.28523656300058065,82.9679400071326,0.6972095798918706,0.002644862308308633,4096,15,0.003662109375,0.0022205922771783033,0.006033741252691535,"[1.3626227712054793, 1.1424446410665265, 2.563394062486277, 2.4553516606602592]","[2.306727731823763, 2.216495551021484, 1.8537214380853284, 2.776461134632756]",CONVERGENCE: RELATIVE REDUCTION OF F <= FACTR*EPSMCH,108,0.02490234375,0.03686789895085816,27.12386733328408,114,0.00537109375,0.010018259544296658,99.81773736030773,119,0.00048828125,0.002644862308308633,378.09151609086655,100,0.10009765625,True,0.13330925705407637,7.50135453529948,112,0.0107421875,True,0.01660676574046855,60.216421164003584,124,0.0,False,0.0,inf
n12_d50_s17,12,0.5,17,3,0,True,31,329,L-BFGS-B,60,0.6560759780004446,86.3414110869592,0.7255580763610017,0.0012772816194577567,4096,3,0.000732421875,0.0002491200948151938,0.0021513285370509242,"[4.922718492972661, 3.8275809161472374, 0.519328026767994, 1.8837830354641205, 1.311572490789098, 1.142452895307122]","[5.112020823376573, 3.75572665163555, 0.40878813856596674, 1.651433507211657, 1.6228104793220532, 1.0973099445503234]",CONVERGENCE: RELATIVE REDUCTION OF F <= FACTR*EPSMCH,108,0.02490234375,0.05200239248518515,19.22988447665918,114,0.00537109375,0.011446169042359535,87.36547540921676,119,0.00048828125,0.0012772816194577567,782.9126989430328,100,0.10009765625,True,0.17366231512100386,5.758301674737108,112,0.0107421875,True,0.024664976088695455,40.543319255773525,124,0.0,False,0.0,inf
n12_d50_s17,12,0.5,17,3,1,True,38,413,L-BFGS-B,60,0.8917702660000941,85.89647591596616,0.7218191253442535,0.0012198737233855182,4096,6,0.00146484375,0.0006715185421635897,0.0031924013142034585,"[2.195621037813854, 4.453622879805838, 5.703353681980651, 2.223750182784002, 2.5059375562095947, 2.6177519949724557]","[2.992893280990685, 4.548221025204897, 4.244803370345353, 1.0838506209112049, 3.1039760018197073, 3.141592653589793]",CONVERGENCE: RELATIVE REDUCTION OF F <= FACTR*EPSMCH,108,0.02490234375,0.0469349917786933,21.306065306566474,114,0.00537109375,0.010480822671130091,95.41235753893118,119,0.00048828125,0.0012198737233855182,819.7569804394982,100,0.10009765625,True,0.1732014646651897,5.773623230802745,112,0.0107421875,True,0.022398611707926938,44.64562415920166,124,0.0,False,0.0,inf
n12_d50_s17,12,0.5,17,3,2,True,31,273,L-BFGS-B,60,0.5159684519994698,84.93248926516097,0.7137183971862266,5.171741506802544e-05,4096,0,0.0,0.0,0.0009369774073651883,"[4.842018545805113, 3.341039025621501, 1.6701213649381166, 2.4589763416881363, 0.11421537882158302, 0.48622799796968263]","[4.880066106992803, 3.1781677870990586, 1.7826142955771922, 2.9010664512090814, 0.08054545477288712, 0.42402414850932163]",CONVERGENCE: RELATIVE REDUCTION OF F <= FACTR*EPSMCH,108,0.02490234375,0.05145343870413837,19.435047009201554,114,0.00537109375,0.00964385725908518,103.69294911099298,119,0.00048828125,5.171741506802544e-05,19335.84651678106,100,0.10009765625,True,0.1890761094376704,5.288875484978464,112,0.0107421875,True,0.020760638400890673,48.16807560007875,124,0.0,False,0.0,inf
n12_d50_s17,12,0.5,17,3,3,True,26,273,L-BFGS-B,60,0.5183787290006876,82.85924602418231,0.6962961850771623,0.0011423198315966914,4096,5,0.001220703125,0.0005215205909937573,0.0028545755238729804,"[4.676577966389918, 5.0000310383611035, 3.9639407919880876, 2.95569738499821, 2.2159054185399056, 3.074532531321736]","[2.166050992989188, 2.368741685914762, 3.529943186525209, 1.4267616501272808, 2.902326948808778, 1.9444881152937876]",CONVERGENCE: RELATIVE REDUCTION OF F <= FACTR*EPSMCH,108,0.02490234375,0.039752797403891454,25.15546239022939,114,0.00537109375,0.00637394828782241,156.88862771455572,119,0.00048828125,0.0011423198315966914,875.4115724334732,100,0.10009765625,True,0.1330599897798917,7.515407160741583,112,0.0107421875,True,0.013351812412881593,74.89619903850789,124,0.0,False,0.0,inf
n12_d50_s17,12,0.5,17,3,4,True,38,399,L-BFGS-B,60,0.7166629319999629,82.96041553773642,0.6971463490566085,0.00017028493803803978,4096,1,0.000244140625,4.309811523941186e-05,0.0013817030336260863,"[5.571537399571941, 1.7970159806033177, 3.370370462405014, 0.7732070550583916, 2.9446009636159487, 0.8100642981651831]","[5.688589055138961, 1.8911348315584007, 3.2997932259801463, 0.5141436880483098, 3.0232425115149146, 1.5147563510711874]",CONVERGENCE: RELATIVE REDUCTION OF F <= FACTR*EPSMCH,108,0.02490234375,0.037926599497785,26.366719221911847,114,0.00537109375,0.007642335895819315,130.85004554000864,119,0.00048828125,0.00017028493803803978,5872.509991321787,100,0.10009765625,True,0.13921476182088693,7.183146290812144,112,0.0107421875,True,0.019331958742312194,51.72781575471101,124,0.0,False,0.0,inf
n12_d50_s42,12,0.5,42,1,0,True,1,6,L-BFGS-B,60,0.003923356000086642,78.0,0.609375,0.0004882812499999999,4096,3,0.000732421875,0.0002491200948151938,0.0021513285370509242,"[0.3617474694486359, 2.2988750051194042]","[2.5287251789736005, 0.0]",CONVERGENCE: NORM OF PROJECTED GRADIENT <= PGTOL,116,0.005859375,0.005859375,170.66666666666666,122,0.001953125,0.001953125,512.0,128,0.00048828125,0.0004882812499999999,2048.0000000000005,98,0.0859375,True,0.0859375,11.636363636363637,110,0.015625,True,0.015625,64.0,121,0.00244140625,True,0.00244140625,409.6
n12_d50_s42,12,0.5,42,1,1,True,6,39,L-BFGS-B,60,0.032969349999802944,80.63285394426262,0.6299441714395517,0.0002244769247727494,4096,1,0.000244140625,4.309811523941186e-05,0.0013817030336260863,"[1.33655020563686, 1.8465465725784314]","[1.2218898340349553, 1.9849643679751947]",CONVERGENCE: NORM OF PROJECTED GRADIENT <= PGTOL,116,0.005859375,0.006320481208528595,158.2158014568007,122,0.001953125,0.0013990133924887843,714.789440450633,128,0.00048828125,0.0002244769247727494,4454.800871013162,98,0.0859375,True,0.11297220152168745,8.85173508642326,110,0.015625,True,0.018528009313370487,53.97233901854548,121,0.00244140625,True,0.0016636379154563094,601.0923354831787
n12_d50_s42,12,0.5,42,1,2,True,1,6,L-BFGS-B,60,0.0041959390000556596,78.0,0.609375,0.00048828125,4096,0,0.0,0.0,0.0009369774073651883,"[0.14719874706534453, 2.7161326767976424]","[6.283185307179586, 3.141592653589793]",CONVERGENCE: NORM OF PROJECTED GRADIENT <= PGTOL,116,0.005859375,0.005859375,170.66666666666666,122,0.001953125,0.001953125,512.0,128,0.00048828125,0.00048828125,2048.0,98,0.0859375,True,0.0859375,11.636363636363637,110,0.015625,True,0.015625,64.0,121,0.00244140625,True,0.00244140625,409.6
n12_d50_s42,12,0.5,42,1,3,True,1,6,L-BFGS-B,60,0.004233745999954408,78.0,0.609375,0.00048828125,4096,0,0.0,0.0,0.0009369774073651883,"[0.16044175746329897, 2.5970051968570433]","[6.283185307179586, 0.0]",CONVERGENCE: NORM OF PROJECTED GRADIENT <= PGTOL,116,0.005859375,0.005859375,170.66666666666666,122,0.001953125,0.001953125,512.0,128,0.00048828125,0.00048828125,2048.0,98,0.0859375,True,0.0859375,11.636363636363637,110,0.015625,True,0.015625,64.0,121,0.00244140625,True,0.00244140625,409.6
n12_d50_s42,12,0.5,42,1,4,True,1,6,L-BFGS-B,60,0.0040415049998046015,78.0,0.609375,0.00048828125,4096,2,0.00048828125,0.00013391454481334652,0.0017787103455524616,"[5.420719563120803, 2.227064162344504]","[0.0, 0.0]",CONVERGENCE: NORM OF PROJECTED GRADIENT <= PGTOL,116,0.005859375,0.005859375,170.66666666666666,122,0.001953125,0.001953125,512.0,128,0.00048828125,0.00048828125,2048.0,98,0.0859375,True,0.0859375,11.636363636363637,110,0.015625,True,0.015625,64.0,121,0.00244140625,True,0.00244140625,409.6
n12_d50_s42,12,0.5,42,2,0,True,15,105,L-BFGS-B,60,0.17849276299966732,81.83800780812591,0.6393594360009837,0.0006512231751393627,4096,3,0.000732421875,0.0002491200948151938,0.0021513285370509242,"[3.4273366899058373, 0.8347256114361751, 1.5329366868958134, 2.8815234557293192]","[1.4835119615642454, 0.4598075015611509, 2.7159430809829685, 1.4724022905114946]",CONVERGENCE: RELATIVE REDUCTION OF F <= FACTR*EPSMCH,116,0.005859375,0.013345004896401245,74.93440487756362,122,0.001953125,0.003952738534314984,252.98915962153356,128,0.00048828125,0.0006512231751393627,1535.5718871429883,98,0.0859375,True,0.14384801512385506,6.951781706122164,110,0.015625,True,0.02897405547329393,34.51363586025172,121,0.00244140625,True,0.004079867934347194,245.10597305890653
n12_d50_s42,12,0.5,42,2,1,True,1,10,L-BFGS-B,60,0.01049558100021386,78.0,0.609375,0.00048828125,4096,2,0.00048828125,0.00013391454481334652,0.0017787103455524616,"[5.717449029427444, 5.223045594593664, 1.1743785674168192, 1.225410993886905]","[0.0, 6.283185307179586, 0.0, 0.0]",CONVERGENCE: NORM OF PROJECTED GRADIENT <= PGTOL,116,0.005859375,0.005859375,170.66666666666666,122,0.001953125,0.001953125,512.0,128,0.00048828125,0.00048828125,2048.0,98,0.0859375,True,0.0859375,11.636363636363637,110,0.015625,True,0.015625,64.0,121,0.00244140625,True,0.00244140625,409.6
n12_d50_s42,12,0.5,42,2,2,True,23,180,L-BFGS-B,60,0.2782633930000884,81.11906422715127,0.6337426892746193,0.0004960497957134729,4096,0,0.0,0.0,0.0009369774073651883,"[0.32346418137369853, 0.0234968435911121, 1.3409972665213978, 2.7333642829295024]","[0.5014075269925184, 0.029734799530765955, 1.2571759418739312, 2.9750480933452654]",CONVERGENCE: RELATIVE REDUCTION OF F <= FACTR*EPSMCH,116,0.005859375,0.009722598300653527,102.85316425474275,122,0.001953125,0.003413459360133186,292.9579334323705,128,0.00048828125,0.0004960497957134729,2015.926644142028,98,0.0859375,True,0.12030157812498968,8.312442908779056,110,0.015625,True,0.019295125287192523,51.82656163750165,121,0.00244140625,True,0.0034811270812150044,287.2632847551701
n12_d50_s42,12,0.5,42,2,3,True,17,120,L-BFGS-B,60,0.1417743950005388,82.3522558722272,0.643376999001775,7.949816322392384e-05,4096,0,0.0,0.0,0.0009369774073651883,"[1.2077027717354607, 2.3629449820744868, 1.5423107894649573, 2.56873662155958]","[1.2602892534940078, 2.3734060672045127, 1.9117965952456137, 2.8275064555753295]",CONVERGENCE: NORM OF PROJECTED GRADIENT <= PGTOL,116,0.005859375,0.01619131113480156,61.76152083512266,122,0.001953125,0.002374321267583096,421.1729952694796,128,0.00048828125,7.949816322392384e-05,12578.906976545895,98,0.0859375,True,0.12931552710827016,7.733023422336162,110,0.015625,True,0.03575704868395098,27.966513926772574,121,0.00244140625,True,0.0032893079063214823,304.01532130153356
n12_d50_s42,12,0.5,42,2,4,True,20,150,L-BFGS-B,60,0.19677287099966634,97.23329552139334,0.7596351212608855,0.015838041609971404,4096,67,0.016357421875,0.012901468019013623,0.020719700068872332,"[0.19686313496574004, 2.0508996338766883, 1.837807593916108, 1.1173256495146746]","[0.07833136011218515, 2.1595644636683557, 1.9206112524856604, 1.5977295762974326]",CONVERGENCE: RELATIVE REDUCTION OF F <= FACTR*EPSMCH,116,0.005859375,0.1077497094997969,9.280767480880169,122,0.001953125,0.04741337700871221,21.09109418247618,128,0.00048828125,0.015838041609971404,63.13911938269024,98,0.0859375,True,0.49193945155067054,2.032770490042713,110,0.015625,True,0.2006559627486197,4.9836545413444435,121,0.00244140625,True,0.05728157837313819,17.45761950702363
n12_d50_s42,12,0.5,42,3,0,True,53,679,L-BFGS-B,60,1.4695202180000706,82.68969574800018,0.6460132480312514,0.0013694363116931018,4096,5,0.001220703125,0.0005215205909937573,0.0028545755238729804,"[0.23596166211857847, 0.2783251508553925, 5.182159430605729, 1.2901914522303572, 0.9145912897773866, 0.666212052833691]","[1.776720923858909, 1.3807948829013164, 5.387183102920985, 0.28128489728516454, 1.2072307851444086, 3.087777047956336]",CONVERGENCE: RELATIVE REDUCTION OF F <= FACTR*EPSMCH,116,0.005859375,0.010467028797418506,95.5380958010387,122,0.001953125,0.00471759868001884,211.97224855845656,128,0.00048828125,0.0013694363116931018,730.2274603509312,98,0.0859375,True,0.12988200093124974,7.699296229115908,110,0.015625,True,0.02628741956738343,38.04101035617688,121,0.00244140625,True,0.005691413352776861,175.70328106850585
n12_d50_s42,12,0.5,42,3,1,True,17,168,L-BFGS-B,60,0.3671843120000631,81.63152483366942,0.6377462877630423,0.002594966970304106,4096,14,0.00341796875,0.0020371496844209867,0.00572936010394854,"[5.244816415435973, 3.4243106949585553, 5.1088381431252845, 2.925993261466834, 0.23654100842952716, 2.6045161847664025]","[5.291807722823549, 3.7901339408882193, 5.259023670820017, 3.141592653589793, 0.0, 1.9465003330400181]",CONVERGENCE: NORM OF PROJECTED GRADIENT <= PGTOL,116,0.005859375,0.014951756302948784,66.88177493922771,122,0.001953125,0.007368847150944677,135.70643813283618,128,0.00048828125,0.002594966970304106,385.36135967958364,98,0.0859375,True,0.1401246330780222,7.1365039681723506,110,0.015625,True,0.041807349513888134,23.919239359285534,121,0.00244140625,True,0.008646669935796679,115.65145974406423
n12_d50_s42,12,0.5,42,3,2,True,23,231,L-BFGS-B,60,0.5057967460006694,82.79577162371169,0.6468419658102476,0.0017167824414678558,4096,6,0.00146484375,0.0006715185421635897,0.0031924013142034585,"[3.3126457639938316, 2.8507226669134624, 4.7655390251603755, 2.302380563913927, 0.3117397233764603, 0.7162687375654506]","[3.4770486954330893, 3.163497699997138, 4.378989014883291, 1.859214000494921, 0.20042512664434148, 0.2695933897910798]",CONVERGENCE: RELATIVE REDUCTION OF F <= FACTR*EPSMCH,116,0.005859375,0.01195879380143974,83.62047348618121,122,0.001953125,0.004299979802949067,232.55923186294206,128,0.00048828125,0.0017167824414678558,582.4849881065862,98,0.0859375,True,0.1459858809352189,6.849977501891085,110,0.015625,True,0.03260714997561353,30.66812035850687,121,0.00244140625,True,0.004683987162044531,213.49332639150666
n12_d50_s42,12,0.5,42,3,3,True,14,189,L-BFGS-B,60,0.412150813000153,81.69513038655529,0.6382432061449632,0.0005359602903794787,4096,4,0.0009765625,0.000379829567061715,0.0025084428063047127,"[0.8556620075584485, 3.220666101239942, 3.5669735624342422, 2.4126399823330327, 1.649059668759212, 1.6350833540148642]","[1.481289322316746, 0.0, 0.0, 2.9340898087437055, 0.029688942534527807, 2.898048439108993]",CONVERGENCE: RELATIVE REDUCTION OF F <= FACTR*EPSMCH,116,0.005859375,0.012702846093388821,78.72251561958612,122,0.001953125,0.003300693141217746,302.9666670652891,128,0.00048828125,0.0005359602903794787,1865.8098705259765,98,0.0859375,True,0.1423953496370876,7.022701250768549,110,0.015625,True,0.02978435389498217,33.57467492919066,121,0.00244140625,True,0.003638022004686748,274.8746430647566
n12_d50_s42,12,0.5,42,3,4,True,24,238,L-BFGS-B,60,0.5700432809999256,82.02794872561387,0.6408433494188583,0.00041287607267460425,4096,3,0.000732421875,0.0002491200948151938,0.0021513285370509242,"[5.195114252871592, 4.1047382911840495, 0.32576587597451845, 1.0714465623176588, 1.4370734696246887, 1.212913398122097]","[5.014306867770164, 4.079880970561818, 0.21876142324489534, 1.364701776907893, 1.2930831192471548, 1.3799213314240897]",CONVERGENCE: RELATIVE REDUCTION OF F <= FACTR*EPSMCH,116,0.005859375,0.012883555102476813,77.61832755368539,122,0.001953125,0.001379852649361216,724.7150632083334,128,0.00048828125,0.00041287607267460425,2422.0342765857486,98,0.0859375,True,0.1328150558964321,7.529266868507666,110,0.015625,True,0.02972828307729463,33.638000465750515,121,0.00244140625,True,0.003878617707888611,257.8238112939381
n12_d75_s17,12,0.75,17,1,0,True,8,45,L-BFGS-B,60,0.029682704000151716,121.72488481996781,0.7422249074388281,0.0020555809903446093,4096,11,0.002685546875,0.0015002563109177591,0.004802782252950839,"[4.5861460354357755, 1.7878992337458968]","[2.1252050362700223, 1.9816927779570745]",CONVERGENCE: RELATIVE REDUCTION OF F <= FACTR*EPSMCH,148,0.046875,0.04841243919460134,20.65584830337394,156,0.01123046875,0.010917269616951976,91.59799428670635,164,0.00048828125,0.0020555809903446093,486.4804669322975,139,0.13916015625,True,0.15562474358623202,6.425713398498856,150,0.0322265625,True,0.03332518390480712,30.0073362792681,161,0.001953125,True,0.003273789785034753,305.45638714227476
n12_d75_s17,12,0.75,17,1,1,True,8,36,L-BFGS-B,60,0.05568993799988675,122.00943396129061,0.7439599631786012,0.0005308020975353293,4096,3,0.000732421875,0.0002491200948151938,0.0021513285370509242,"[1.1000262895556248, 1.8756479245382305]","[1.0422023934515885, 1.9521858901330675]",CONVERGENCE: RELATIVE REDUCTION OF F <= FACTR*EPSMCH,148,0.046875,0.04494364347165887,22.250087504156014,156,0.01123046875,0.013323914025253196,75.05302106458143,164,0.00048828125,0.0005308020975353293,1883.9413119188769,139,0.13916015625,True,0.14674661195380018,6.814467378059994,150,0.0322265625,True,0.03338815929363674,29.950737661377588,161,0.001953125,True,0.003004918490362765,332.78772892081884
n12_d75_s17,12,0.75,17,1,2,True,1,6,L-BFGS-B,60,0.004343630999755987,120.49999999999993,0.7347560975609752,0.0004882812500000254,4096,2,0.00048828125,0.00013391454481334652,0.0017787103455524616,"[3.5766843435353546, 2.3617776251217473]","[6.283185307179586, 1.904622952668184]",CONVERGENCE: NORM OF PROJECTED GRADIENT <= PGTOL,148,0.046875,0.04687499999999935,21.33333333333363,156,0.01123046875,0.011230468749999733,89.04347826087168,164,0.00048828125,0.0004882812500000254,2047.9999999998936,139,0.13916015625,True,0.13916015624999958,7.185964912280723,150,0.0322265625,True,0.032226562499999695,31.030303030303326,161,0.001953125,True,0.0019531250000000503,511.9999999999868
n12_d75_s17,12,0.75,17,1,3,True,10,48,L-BFGS-B,60,0.03253724200021679,120.83445414527829,0.7367954521053554,0.002204398668516531,4096,15,0.003662109375,0.0022205922771783033,0.006033741252691535,"[3.1591841101039746, 1.506118694044927]","[4.846776028997025, 1.0111636561733153]",CONVERGENCE: NORM OF PROJECTED GRADIENT <= PGTOL,148,0.046875,0.04543436458143463,22.009771881097674,156,0.01123046875,0.01171957587425521,85.32731992432713,164,0.00048828125,0.002204398668516531,453.63845219202506,139,0.13916015625,True,0.1301569166780896,7.683033875742836,150,0.0322265625,True,0.030962523479037725,32.29710913831106,161,0.001953125,True,0.003624808096824722,275.8766735474866
n12_d75_s17,12,0.75,17,1,4,True,1,6,L-BFGS-B,60,0.004288498000278196,120.49999999999991,0.734756097560975,0.0004882812499999744,4096,0,0.0,0.0,0.0009369774073651883,"[3.6260023842638054, 2.3822437797648646]","[6.283185307179586, 0.24757585768760562]",CONVERGENCE: NORM OF PROJECTED GRADIENT <= PGTOL,148,0.046875,0.04687499999999922,21.333333333333687,156,0.01123046875,0.011230468749999596,89.04347826087277,164,0.00048828125,0.0004882812499999744,2048.0000000001073,139,0.13916015625,True,0.13916015624999897,7.185964912280755,150,0.0322265625,True,0.03222656249999928,31.030303030303724,161,0.001953125,True,0.0019531249999999375,512.0000000000164
n12_d75_s17,12,0.75,17,2,0,True,19,170,L-BFGS-B,60,0.2655242350001572,121.42373427903743,0.7403886236526672,0.00012049529568965305,4096,2,0.00048828125,0.00013391454481334652,0.0017787103455524616,"[3.464294654275212, 4.644617131255864, 0.6959761483499511, 0.6885281047734088]","[3.4265322563660865, 4.593440317966919, 0.8999974642527319, 0.4761665005172294]",CONVERGENCE: NORM OF PROJECTED GRADIENT <= PGTOL,148,0.046875,0.05121119144244779,19.526981736478852,156,0.01123046875,0.014373256512878367,69.57365570592891,164,0.00048828125,0.00012049529568965305,8299.079182108437,139,0.13916015625,True,0.16181656725751703,6.1798369409764256,150,0.0322265625,True,0.03701476145481699,27.016248672051432,161,0.001953125,True,0.0021672216562547844,461.4202691791657
n12_d75_s17,12,0.75,17,2,1,True,23,165,L-BFGS-B,60,0.20717819800029247,121.609523637647,0.7415214855954085,0.00033680301529905943,4096,3,0.000732421875,0.0002491200948151938,0.0021513285370509242,"[4.562400991484008, 1.3146890360737755, 2.710766133791034, 2.882179916873236]","[3.074135533429836, 3.880431783395911, 2.7613350033853297, 2.346115114852706]",CONVERGENCE: RELATIVE REDUCTION OF F <= FACTR*EPSMCH,148,0.046875,0.050265069760507826,19.894531227442528,156,0.01123046875,0.01759602907328334,56.831004076842234,164,0.00048828125,0.00033680301529905943,2969.0945584678457,139,0.13916015625,True,0.1523150141290117,6.565340952881994,150,0.0322265625,True,0.034476611777303795,29.005170416958062,161,0.001953125,True,0.0038307288516687766,261.0469283317641
n12_d75_s17,12,0.75,17,2,2,True,17,110,L-BFGS-B,60,0.183962547000192,121.78296588207579,0.7425790602565596,7.357723800607376e-05,4096,1,0.000244140625,4.309811523941186e-05,0.0013817030336260863,"[5.883246376169683, 3.862347759050913, 2.1818573676471895, 2.947579394110963]","[5.888681558143882, 3.913808991281173, 2.159085903043077, 2.834177839372499]",CONVERGENCE: RELATIVE REDUCTION OF F <= FACTR*EPSMCH,148,0.046875,0.05668420202207643,17.641599675523995,156,0.01123046875,0.012919563420418972,77.40199629497779,164,0.00048828125,7.357723800607376e-05,13591.159808383274,139,0.13916015625,True,0.15495390905133466,6.453531931670792,150,0.0322265625,True,0.040157037207827435,24.902235561469144,161,0.001953125,True,0.0017146517362589759,583.208810776816
n12_d75_s17,12,0.75,17,2,3,True,18,165,L-BFGS-B,60,0.2379760609992445,122.34658119246451,0.7460157389784422,0.00015572245677066793,4096,0,0.0,0.0,0.0009369774073651883,"[1.3915163918688205, 3.3034396249145, 1.395815731774455, 1.0624143194199882]","[1.0285196954637723, 0.02835587518145416, 2.6446097182804165, 2.436307099542533]",CONVERGENCE: RELATIVE REDUCTION OF F <= FACTR*EPSMCH,148,0.046875,0.04935492571994315,20.261402188595007,156,0.01123046875,0.012690530076547038,78.79891493642712,164,0.00048828125,0.00015572245677066793,6421.681372987183,139,0.13916015625,True,0.15154895261098633,6.598527952660403,150,0.0322265625,True,0.035800588362034515,27.932501831742826,161,0.001953125,True,0.0023882185558126746,418.7221464995758
n12_d75_s17,12,0.75,17,2,4,True,19,145,L-BFGS-B,60,0.21430128599968157,123.04996275458282,0.7503046509425781,0.001197544650671737,4096,8,0.001953125,0.0009900179449591885,0.0038495493944084797,"[2.9835173188790303, 0.6203590766467192, 2.751865840377645, 1.8953152634981814]","[3.004973619174093, 0.586924666623244, 2.4372193993134736, 1.6261788782733984]",CONVERGENCE: RELATIVE REDUCTION OF F <= FACTR*EPSMCH,148,0.046875,0.04537125360297664,22.040387262616736,156,0.01123046875,0.011875598808556228,84.20628013128162,164,0.00048828125,0.001197544650671737,835.0419330411366,139,0.13916015625,True,0.12738780260173754,7.850045134433932,150,0.0322265625,True,0.030833484857757512,32.43227305032977,161,0.001953125,True,0.0021325755049884385,468.9165741896775
n12_d75_s17,12,0.75,17,3,0,True,29,287,L-BFGS-B,60,0.6607698870002423,138.7678771686487,0.8461455924917605,0.0066612800989014325,4096,30,0.00732421875,0.0051352858767219015,0.010436403775652586,"[1.344068461612773, 2.2672153741921126, 2.7045573785008004, 2.8782081996134368, 0.32549251235660265, 2.123767638201711]","[1.3670903398927792, 2.255747921072501, 2.7195289804514005, 3.141592653589793, 0.004746428467744545, 1.8536234387663444]",CONVERGENCE: RELATIVE REDUCTION OF F <= FACTR*EPSMCH,148,0.046875,0.274496276057548,3.6430366719814824,156,0.01123046875,0.09491944250105068,10.53524940360802,164,0.00048828125,0.0066612800989014325,150.12129577990848,139,0.13916015625,True,0.5276689077414656,1.8951277691918809,150,0.0322265625,True,0.21293226512293012,4.696329132753459,161,0.001953125,True,0.024453361542997907,40.89417310751473
n12_d75_s17,12,0.75,17,3,1,True,10,133,L-BFGS-B,60,0.22159431299951393,121.34944602681168,0.7399356465049493,4.486069507747213e-05,4096,0,0.0,0.0,0.0009369774073651883,"[0.7194577384483911, 4.376981137600729, 2.2030847797600246, 1.326790763504774, 1.3746850554342736, 0.3432389262894251]","[0.0, 0.0, 0.3440181078795672, 3.141590657570341, 1.2235863514898884, 2.0800957986555395]",CONVERGENCE: RELATIVE REDUCTION OF F <= FACTR*EPSMCH,148,0.046875,0.05407190914132677,18.49389111426264,156,0.01123046875,0.010800324539963664,92.58981026910551,164,0.00048828125,4.486069507747213e-05,22291.22839655184,139,0.13916015625,True,0.14270809816726027,7.007310817273701,150,0.0322265625,True,0.030463701400877893,32.82595200237822,161,0.001953125,True,0.0012631905085016299,791.6462269702921
n12_d75_s17,12,0.75,17,3,2,True,22,217,L-BFGS-B,60,0.40571131800061266,121.84120606169154,0.7429341833029972,0.0008552910991217742,4096,4,0.0009765625,0.000379829567061715,0.0025084428063047127,"[1.7358221587063398, 4.966701525675141, 4.253656300539142, 1.7096208922745255, 2.5579080637095326, 1.3075362335445748]","[1.5964061601134116, 5.071021580110312, 4.133585968593124, 1.5556821065391955, 2.5126318974771737, 1.1434463489386901]",CONVERGENCE: RELATIVE REDUCTION OF F <= FACTR*EPSMCH,148,0.046875,0.05010326272059478,19.958780041463314,156,0.01123046875,0.015086563427899073,66.28414779675627,164,0.00048828125,0.0008552910991217742,1169.1925720106467,139,0.13916015625,True,0.14447741576329345,6.921497001568492,150,0.0322265625,True,0.03534152935444785,28.29532332827998,161,0.001953125,True,0.0025060478284686643,399.0346826744548
n12_d75_s17,12,0.75,17,3,3,True,29,280,L-BFGS-B,60,0.5577007980000417,121.7379653696193,0.7423046668879226,6.795046515409378e-05,4096,0,0.0,0.0,0.0009369774073651883,"[0.7073331368941088, 5.070832843308253, 3.263514427031121, 0.6026593383315775, 2.0562102465023715, 0.56885985911852]","[1.9948524764480504, 5.707129851810264, 4.966476990543677, 2.1085131479650934, 0.763209373093047, 0.6617071173992821]",CONVERGENCE: RELATIVE REDUCTION OF F <= FACTR*EPSMCH,148,0.046875,0.04553319591042964,21.96199893297945,156,0.01123046875,0.005913568979330437,169.10261865470366,164,0.00048828125,6.795046515409378e-05,14716.602715408395,139,0.13916015625,True,0.14347182087379412,6.970009817326123,150,0.0322265625,True,0.030776697453746206,32.492115227856516,161,0.001953125,True,0.0007159631545369957,1396.7199201007588
n12_d75_s17,12,0.75,17,3,4,False,9,329,L-BFGS-B,60,0.5510168289993089,138.76463385959357,0.846125816217034,0.006683152497088022,4096,28,0.0068359375,0.004733873030895345,0.009862169138478523,"[5.669504977844998, 0.415516456838484, 4.961820959358, 1.1700033263005032, 2.5391440240994014, 2.870488000124736]","[0.0, 0.05919403134755424, 0.0, 2.812776766387107, 1.8537718554238378, 3.141473099446715]",ABNORMAL: ,148,0.046875,0.27465252156666176,3.640964205592727,156,0.01123046875,0.09479725615051872,10.548828527401719,164,0.00048828125,0.006683152497088022,149.62998381912118,139,0.13916015625,True,0.5273984165029795,1.8960997392269392,150,0.0322265625,True,0.21308253550658135,4.693017180514607,161,0.001953125,True,0.02441964516038808,40.9506359913097
n12_d75_s42,12,0.75,42,1,0,True,10,69,L-BFGS-B,60,0.041605682000408706,143.56381899994736,0.8203646799996992,0.006956094928764651,4096,27,0.006591796875,0.004534310788919747,0.009573907638953811,"[6.10773799226435, 2.966296864051115]","[6.226839467303771, 2.8546567454557157]",CONVERGENCE: NORM OF PROJECTED GRADIENT <= PGTOL,158,0.021484375,0.15600240377696645,6.410157637248207,167,0.005859375,0.065496809349424,15.267919306801993,175,0.00048828125,0.006956094928764651,143.75882017722728,148,0.08935546875,True,0.40716682645166496,2.4559957615277646,161,0.01318359375,True,0.1124217996016444,8.895071983755836,175,0.00048828125,True,0.006956094928764651,143.75882017722728
n12_d75_s42,12,0.75,42,1,1,True,1,6,L-BFGS-B,60,0.00408452000010584,124.5,0.7114285714285714,0.00048828125,4096,2,0.00048828125,0.00013391454481334652,0.0017787103455524616,"[6.176664326661413, 0.46151173441131305]","[0.0, 0.0]",CONVERGENCE: NORM OF PROJECTED GRADIENT <= PGTOL,158,0.021484375,0.021484375,46.54545454545455,167,0.005859375,0.005859375,170.66666666666666,175,0.00048828125,0.00048828125,2048.0,148,0.08935546875,True,0.08935546875,11.191256830601093,161,0.01318359375,True,0.01318359375,75.85185185185185,175,0.00048828125,True,0.00048828125,2048.0
n12_d75_s42,12,0.75,42,1,2,True,7,33,L-BFGS-B,60,0.022007798999766237,125.53127975894017,0.7173215986225153,0.00025718366006324025,4096,1,0.000244140625,4.309811523941186e-05,0.0013817030336260863,"[0.31233878719860075, 2.166501329030886]","[0.3036999948029144, 1.9787051938172395]",CONVERGENCE: NORM OF PROJECTED GRADIENT <= PGTOL,158,0.021484375,0.022749640677533822,43.95673822609163,167,0.005859375,0.006588362716481536,151.78277867100223,175,0.00048828125,0.00025718366006324025,3888.271905587255,148,0.08935546875,True,0.1020341628010224,9.800639046258533,161,0.01318359375,True,0.01303773545520276,76.700436470426,175,0.00048828125,True,0.00025718366006324025,3888.271905587255
n12_d75_s42,12,0.75,42,1,3,True,1,6,L-BFGS-B,60,0.004340618000242102,124.5,0.7114285714285714,0.00048828125,4096,3,0.000732421875,0.0002491200948151938,0.0021513285370509242,"[4.529774601564588, 0.10897903740873245]","[3.0604049000484945, 0.0]",CONVERGENCE: NORM OF PROJECTED GRADIENT <= PGTOL,158,0.021484375,0.021484375,46.54545454545455,167,0.005859375,0.005859375,170.66666666666666,175,0.00048828125,0.00048828125,2048.0,148,0.08935546875,True,0.08935546875,11.191256830601093,161,0.01318359375,True,0.01318359375,75.85185185185185,175,0.00048828125,True,0.00048828125,2048.0
n12_d75_s42,12,0.75,42,1,4,True,10,48,L-BFGS-B,60,0.047034436999638274,125.53127975894019,0.7173215986225153,0.0002571835261082044,4096,1,0.000244140625,4.309811523941186e-05,0.0013817030336260863,"[0.27016988221041904, 2.5816852643964108]","[0.30369998642023077, 1.9787054235556738]",CONVERGENCE: NORM OF PROJECTED GRADIENT <= PGTOL,158,0.021484375,0.022749640733513522,43.95673811792794,167,0.005859375,0.0065883632976413975,151.7827652822356,175,0.00048828125,0.0002571835261082044,3888.27393080874,148,0.08935546875,True,0.10203416075215371,9.800639243057548,161,0.01318359375,True,0.013037736861465567,76.70042819744334,175,0.00048828125,True,0.0002571835261082044,3888.27393080874
n12_d75_s42,12,0.75,42,2,0,True,1,10,L-BFGS-B,60,0.012379060000057507,124.5,0.7114285714285714,0.00048828125,4096,3,0.000732421875,0.0002491200948151938,0.0021513285370509242,"[3.3860828982905593, 0.7624583122969136, 1.397702200571814, 0.06545400702173362]","[5.6993158952914476, 0.0, 0.0, 0.0]",CONVERGENCE: NORM OF PROJECTED GRADIENT <= PGTOL,158,0.021484375,0.021484375,46.54545454545455,167,0.005859375,0.005859375,170.66666666666666,175,0.00048828125,0.00048828125,2048.0,148,0.08935546875,True,0.08935546875,11.191256830601093,161,0.01318359375,True,0.01318359375,75.85185185185185,175,0.00048828125,True,0.00048828125,2048.0
n12_d75_s42,12,0.75,42,2,1,True,18,110,L-BFGS-B,60,0.17910614799984614,124.98514818554824,0.7142008467745614,0.0010359693318770032,4096,5,0.001220703125,0.0005215205909937573,0.0028545755238729804,"[1.2940385871287854, 2.404224799011715, 2.615271658674069, 2.163705777286121]","[1.258881944572189, 2.444257168158204, 2.691650319265298, 2.001818560605146]",CONVERGENCE: RELATIVE REDUCTION OF F <= FACTR*EPSMCH,158,0.021484375,0.022175404026736435,45.09500700840987,167,0.005859375,0.007882277459023541,126.86688653102554,175,0.00048828125,0.0010359693318770032,965.2795398761151,148,0.08935546875,True,0.09282252071242778,10.773247616255615,161,0.01318359375,True,0.015649032742460024,63.901713061583145,175,0.00048828125,True,0.0010359693318770032,965.2795398761151
n12_d75_s42,12,0.75,42,2,2,True,1,10,L-BFGS-B,60,0.009874270999716828,124.5,0.7114285714285714,0.00048828125,4096,1,0.000244140625,4.309811523941186e-05,0.0013817030336260863,"[6.165197613157776, 2.8566423398349383, 0.8318993756484125, 1.3014169108313094]","[0.0, 6.283185307179586, 3.141592653589793, 0.0]",CONVERGENCE: NORM OF PROJECTED GRADIENT <= PGTOL,158,0.021484375,0.021484375,46.54545454545455,167,0.005859375,0.005859375,170.66666666666666,175,0.00048828125,0.00048828125,2048.0,148,0.08935546875,True,0.08935546875,11.191256830601093,161,0.01318359375,True,0.01318359375,75.85185185185185,175,0.00048828125,True,0.00048828125,2048.0
n12_d75_s42,12,0.75,42,2,3,True,29,220,L-BFGS-B,60,0.3094217790003313,143.57155653886085,0.8204088945077763,0.00693069733072726,4096,20,0.0048828125,0.0031631598704827783,0.007530292366888611,"[5.946934779060695, 3.0675214040549887, 1.0811426651370126, 2.000200187564522]","[6.22684662261344, 3.7991500744768225, 1.2839457594412589, 1.580807630534359]",CONVERGENCE: RELATIVE REDUCTION OF F <= FACTR*EPSMCH,158,0.021484375,0.15571805437974623,6.421862923879859,167,0.005859375,0.06521495685452075,15.333905720903337,175,0.00048828125,0.00693069733072726,144.285625569955,148,0.08935546875,True,0.40803414795357024,2.450775272156361,161,0.01318359375,True,0.11250223127582719,8.888712594048481,175,0.00048828125,True,0.00693069733072726,144.285625569955
n12_d75_s42,12,0.75,42,2,4,True,17,135,L-BFGS-B,60,0.1769219529996917,125.22770319169064,0.7155868753810893,3.203883550334603e-05,4096,0,0.0,0.0,0.0009369774073651883,"[6.179852263919783, 2.8780163182162104, 0.3344616073053707, 0.7275975934944601]","[6.200129617202268, 2.9172345995442495, 0.308306878360231, 0.750786270117343]",CONVERGENCE: RELATIVE REDUCTION OF F <= FACTR*EPSMCH,158,0.021484375,0.021998850050822746,45.45692150679488,167,0.005859375,0.006308024810646362,158.52822872735868,175,0.00048828125,3.203883550334603e-05,31212.120674472186,148,0.08935546875,True,0.0785882623508957,12.72454651732865,161,0.01318359375,True,0.015335311952374895,65.20897671371696,175,0.00048828125,True,3.203883550334603e-05,31212.120674472186
n12_d75_s42,12,0.75,42,3,0,True,40,441,L-BFGS-B,60,0.9284339480000199,143.57293805872905,0.8204167889070232,0.0069875602138299905,4096,20,0.0048828125,0.0031631598704827783,0.007530292366888611,"[2.6872997975773245, 3.40079644224884, 1.134566269106847, 2.928021266151553, 0.1794495164939947, 0.5844722436480574]","[2.275234143739599, 2.7226882382729745, 1.341635280489293, 3.134750830658867, 0.0, 0.287131913940793]",CONVERGENCE: RELATIVE REDUCTION OF F <= FACTR*EPSMCH,158,0.021484375,0.15618526166731983,6.4026527812210325,167,0.005859375,0.06559694662066584,15.244612005842315,175,0.00048828125,0.0069875602138299905,143.11146800864339,148,0.08935546875,True,0.407764109124252,2.4523982803383135,161,0.01318359375,True,0.1127089902451392,8.872406698214803,175,0.00048828125,True,0.0069875602138299905,143.11146800864339
n12_d75_s42,12,0.75,42,3,1,True,34,350,L-BFGS-B,60,0.6808860790006293,125.6429122621239,0.717959498640708,3.4814367362773904e-05,4096,0,0.0,0.0,0.0009369774073651883,"[2.3391279848511317, 0.3386326770285917, 2.218953323230961, 1.826712011170381, 0.31962033205168733, 0.9595140961710957]","[3.8427734030349194, 0.9291751937494823, 4.596196665178752, 0.7544349208777977, 0.2842058915691358, 1.6127685413991562]",CONVERGENCE: RELATIVE REDUCTION OF F <= FACTR*EPSMCH,158,0.021484375,0.02989028721685171,33.45568387299452,167,0.005859375,0.009555548042059284,104.65124507756579,175,0.00048828125,3.4814367362773904e-05,28723.773423189472,148,0.08935546875,True,0.10467987252563773,9.552934827610574,161,0.01318359375,True,0.02329580865900449,42.926176748686146,175,0.00048828125,True,3.4814367362773904e-05,28723.773423189472
n12_d75_s42,12,0.75,42,3,2,True,32,406,L-BFGS-B,60,0.7385720279999077,160.10783229618949,0.9149018988353685,0.08062798243759599,4096,347,0.084716796875,0.07657335223033533,0.09363846347763742,"[5.3737687941882895, 3.5575780492390963, 5.17321601932984, 1.0018016123648186, 1.0290045850494645, 3.0140780465018024]","[0.039238754452428554, 0.07801728946353155, 0.09583414169048658, 0.43907991636172566, 0.35086591795486516, 1.7692973735899509]",CONVERGENCE: RELATIVE REDUCTION OF F <= FACTR*EPSMCH,158,0.021484375,0.6495400386620049,1.5395509752715346,167,0.005859375,0.4337321803197997,2.305570223686606,175,0.00048828125,0.08062798243759599,12.402641983184617,148,0.08935546875,True,0.8734275569234743,1.1449146435479542,161,0.01318359375,True,0.5719315590675853,1.7484609550665304,175,0.00048828125,True,0.08062798243759599,12.402641983184617
n12_d75_s42,12,0.75,42,3,3,True,1,14,L-BFGS-B,60,0.04993909499989968,124.5,0.7114285714285714,0.00048828125,4096,0,0.0,0.0,0.0009369774073651883,"[0.15407585783453193, 2.188113613740972, 1.9457479905185076, 1.4432355277422828, 1.628835609524314, 0.9025458151433386]","[6.283185307179586, 3.2231825394953884, 1.8336698208695001, 3.141592653589793, 3.141592653589793, 0.0]",CONVERGENCE: NORM OF PROJECTED GRADIENT <= PGTOL,158,0.021484375,0.021484374999999997,46.545454545454554,167,0.005859375,0.005859375,170.66666666666666,175,0.00048828125,0.00048828125,2048.0,148,0.08935546875,True,0.08935546875,11.191256830601093,161,0.01318359375,True,0.013183593749999998,75.85185185185186,175,0.00048828125,True,0.00048828125,2048.0
n12_d75_s42,12,0.75,42,3,4,True,29,238,L-BFGS-B,60,0.42609113800062914,126.82490177389741,0.7247137244222709,4.224099322416663e-05,4096,0,0.0,0.0,0.0009369774073651883,"[2.2135599149753022, 3.8504802987569136, 4.0471499540946825, 0.28114030711229715, 2.871856317361646, 0.8402838558647145]","[2.267330353885735, 3.782856129340208, 4.062618655865812, 0.18076781599828962, 2.8853571695756446, 0.5579210562209892]",CONVERGENCE: RELATIVE REDUCTION OF F <= FACTR*EPSMCH,158,0.021484375,0.031325890915568824,31.922475970284523,167,0.005859375,0.008613488284728828,116.09698265602067,175,0.00048828125,4.224099322416663e-05,23673.68576522691,148,0.08935546875,True,0.11250642183117643,8.888381513906543,161,0.01318359375,True,0.01709904082442476,58.48281258978991,175,0.00048828125,True,4.224099322416663e-05,23673.68576522691
