scope,instance_id,n,family,operational_level,threshold,rho_tau_exact_validation,toffoli_weight_alpha,eps_per_logical_depth_model,fixed_overhead_ratio_to_canonical_alpha6_oracle,fixed_overhead_gate_equivalent_model,effective_fixed_overhead_ratio_to_reweighted_oracle,break_even_fixed_overhead_ratio_to_canonical_alpha6_oracle,k_star,p_target_eff,gate_equivalent_cost_at_k,oracle_gate_equivalent_reweighted,iteration_gate_equivalent_reweighted,canonical_alpha6_oracle_gate_equivalent,evidence_label
primary,n8_d25_s17,8,random_fixed_density,0.25,25,0.28125,1.0,0.0,0.0,0.0,0.0,0.1721506747298935,0,0.28124999999999994,8.0,633.0,710.0,1593.0,Toffoli-weight scalarization sensitivity; raw logical counts/depth unchanged; not a native-gate claim
primary,n8_d25_s17,8,random_fixed_density,0.25,25,0.28125,1.0,0.0,0.1,159.3,0.2516587677725119,0.1721506747298935,0,0.28124999999999994,167.3,633.0,710.0,1593.0,Toffoli-weight scalarization sensitivity; raw logical counts/depth unchanged; not a native-gate claim
primary,n8_d25_s17,8,random_fixed_density,0.25,25,0.28125,1.0,0.0,0.25,398.25,0.6291469194312796,0.1721506747298935,1,0.9887695312500001,1116.25,633.0,710.0,1593.0,Toffoli-weight scalarization sensitivity; raw logical counts/depth unchanged; not a native-gate claim
primary,n8_d25_s17,8,random_fixed_density,0.25,25,0.28125,1.0,0.0,0.5,796.5,1.2582938388625593,0.1721506747298935,1,0.9887695312500001,1514.5,633.0,710.0,1593.0,Toffoli-weight scalarization sensitivity; raw logical counts/depth unchanged; not a native-gate claim
primary,n8_d25_s17,8,random_fixed_density,0.25,25,0.28125,1.0,0.0001,0.0,0.0,0.0,0.1788975518034349,0,0.28122187640620305,8.0,633.0,710.0,1593.0,Toffoli-weight scalarization sensitivity; raw logical counts/depth unchanged; not a native-gate claim
primary,n8_d25_s17,8,random_fixed_density,0.25,25,0.28125,1.0,0.0001,0.1,159.3,0.2516587677725119,0.1788975518034349,0,0.28122187640620305,167.3,633.0,710.0,1593.0,Toffoli-weight scalarization sensitivity; raw logical counts/depth unchanged; not a native-gate claim
primary,n8_d25_s17,8,random_fixed_density,0.25,25,0.28125,1.0,0.0001,0.25,398.25,0.6291469194312796,0.1788975518034349,1,0.9627187108141707,1116.25,633.0,710.0,1593.0,Toffoli-weight scalarization sensitivity; raw logical counts/depth unchanged; not a native-gate claim
primary,n8_d25_s17,8,random_fixed_density,0.25,25,0.28125,1.0,0.0001,0.5,796.5,1.2582938388625593,0.1788975518034349,1,0.9627187108141707,1514.5,633.0,710.0,1593.0,Toffoli-weight scalarization sensitivity; raw logical counts/depth unchanged; not a native-gate claim
primary,n8_d25_s17,8,random_fixed_density,0.25,25,0.28125,4.0,0.0,0.0,0.0,0.0,0.3248685046769054,0,0.28124999999999994,8.0,1209.0,1322.0,1593.0,Toffoli-weight scalarization sensitivity; raw logical counts/depth unchanged; not a native-gate claim
primary,n8_d25_s17,8,random_fixed_density,0.25,25,0.28125,4.0,0.0,0.1,159.3,0.13176178660049628,0.3248685046769054,0,0.28124999999999994,167.3,1209.0,1322.0,1593.0,Toffoli-weight scalarization sensitivity; raw logical counts/depth unchanged; not a native-gate claim
primary,n8_d25_s17,8,random_fixed_density,0.25,25,0.28125,4.0,0.0,0.25,398.25,0.3294044665012407,0.3248685046769054,0,0.28124999999999994,406.25,1209.0,1322.0,1593.0,Toffoli-weight scalarization sensitivity; raw logical counts/depth unchanged; not a native-gate claim
primary,n8_d25_s17,8,random_fixed_density,0.25,25,0.28125,4.0,0.0,0.5,796.5,0.6588089330024814,0.3248685046769054,1,0.9887695312500001,2126.5,1209.0,1322.0,1593.0,Toffoli-weight scalarization sensitivity; raw logical counts/depth unchanged; not a native-gate claim
primary,n8_d25_s17,8,random_fixed_density,0.25,25,0.28125,4.0,0.0001,0.0,0.0,0.0,0.3374309997349642,0,0.28122187640620305,8.0,1209.0,1322.0,1593.0,Toffoli-weight scalarization sensitivity; raw logical counts/depth unchanged; not a native-gate claim
primary,n8_d25_s17,8,random_fixed_density,0.25,25,0.28125,4.0,0.0001,0.1,159.3,0.13176178660049628,0.3374309997349642,0,0.28122187640620305,167.3,1209.0,1322.0,1593.0,Toffoli-weight scalarization sensitivity; raw logical counts/depth unchanged; not a native-gate claim
primary,n8_d25_s17,8,random_fixed_density,0.25,25,0.28125,4.0,0.0001,0.25,398.25,0.3294044665012407,0.3374309997349642,0,0.28122187640620305,406.25,1209.0,1322.0,1593.0,Toffoli-weight scalarization sensitivity; raw logical counts/depth unchanged; not a native-gate claim
primary,n8_d25_s17,8,random_fixed_density,0.25,25,0.28125,4.0,0.0001,0.5,796.5,0.6588089330024814,0.3374309997349642,1,0.9627187108141707,2126.5,1209.0,1322.0,1593.0,Toffoli-weight scalarization sensitivity; raw logical counts/depth unchanged; not a native-gate claim
primary,n8_d25_s17,8,random_fixed_density,0.25,25,0.28125,6.0,0.0,0.0,0.0,0.0,0.4266803913082466,0,0.28124999999999994,8.0,1593.0,1730.0,1593.0,Toffoli-weight scalarization sensitivity; raw logical counts/depth unchanged; not a native-gate claim
primary,n8_d25_s17,8,random_fixed_density,0.25,25,0.28125,6.0,0.0,0.1,159.3,0.1,0.4266803913082466,0,0.28124999999999994,167.3,1593.0,1730.0,1593.0,Toffoli-weight scalarization sensitivity; raw logical counts/depth unchanged; not a native-gate claim
primary,n8_d25_s17,8,random_fixed_density,0.25,25,0.28125,6.0,0.0,0.25,398.25,0.25,0.4266803913082466,0,0.28124999999999994,406.25,1593.0,1730.0,1593.0,Toffoli-weight scalarization sensitivity; raw logical counts/depth unchanged; not a native-gate claim
primary,n8_d25_s17,8,random_fixed_density,0.25,25,0.28125,6.0,0.0,0.5,796.5,0.5,0.4266803913082466,1,0.9887695312500001,2534.5,1593.0,1730.0,1593.0,Toffoli-weight scalarization sensitivity; raw logical counts/depth unchanged; not a native-gate claim
primary,n8_d25_s17,8,random_fixed_density,0.25,25,0.28125,6.0,0.0001,0.0,0.0,0.0,0.4431199650226503,0,0.28122187640620305,8.0,1593.0,1730.0,1593.0,Toffoli-weight scalarization sensitivity; raw logical counts/depth unchanged; not a native-gate claim
primary,n8_d25_s17,8,random_fixed_density,0.25,25,0.28125,6.0,0.0001,0.1,159.3,0.1,0.4431199650226503,0,0.28122187640620305,167.3,1593.0,1730.0,1593.0,Toffoli-weight scalarization sensitivity; raw logical counts/depth unchanged; not a native-gate claim
primary,n8_d25_s17,8,random_fixed_density,0.25,25,0.28125,6.0,0.0001,0.25,398.25,0.25,0.4431199650226503,0,0.28122187640620305,406.25,1593.0,1730.0,1593.0,Toffoli-weight scalarization sensitivity; raw logical counts/depth unchanged; not a native-gate claim
primary,n8_d25_s17,8,random_fixed_density,0.25,25,0.28125,6.0,0.0001,0.5,796.5,0.5,0.4431199650226503,1,0.9627187108141707,2534.5,1593.0,1730.0,1593.0,Toffoli-weight scalarization sensitivity; raw logical counts/depth unchanged; not a native-gate claim
primary,n8_d25_s17,8,random_fixed_density,0.25,25,0.28125,10.0,0.0,0.0,0.0,0.0,0.6303041645709292,0,0.28124999999999994,8.0,2361.0,2546.0,1593.0,Toffoli-weight scalarization sensitivity; raw logical counts/depth unchanged; not a native-gate claim
primary,n8_d25_s17,8,random_fixed_density,0.25,25,0.28125,10.0,0.0,0.1,159.3,0.06747141041931386,0.6303041645709292,0,0.28124999999999994,167.3,2361.0,2546.0,1593.0,Toffoli-weight scalarization sensitivity; raw logical counts/depth unchanged; not a native-gate claim
primary,n8_d25_s17,8,random_fixed_density,0.25,25,0.28125,10.0,0.0,0.25,398.25,0.16867852604828462,0.6303041645709292,0,0.28124999999999994,406.25,2361.0,2546.0,1593.0,Toffoli-weight scalarization sensitivity; raw logical counts/depth unchanged; not a native-gate claim
primary,n8_d25_s17,8,random_fixed_density,0.25,25,0.28125,10.0,0.0,0.5,796.5,0.33735705209656924,0.6303041645709292,0,0.28124999999999994,804.5,2361.0,2546.0,1593.0,Toffoli-weight scalarization sensitivity; raw logical counts/depth unchanged; not a native-gate claim
primary,n8_d25_s17,8,random_fixed_density,0.25,25,0.28125,10.0,0.0001,0.0,0.0,0.0,0.6544978955980226,0,0.28122187640620305,8.0,2361.0,2546.0,1593.0,Toffoli-weight scalarization sensitivity; raw logical counts/depth unchanged; not a native-gate claim
primary,n8_d25_s17,8,random_fixed_density,0.25,25,0.28125,10.0,0.0001,0.1,159.3,0.06747141041931386,0.6544978955980226,0,0.28122187640620305,167.3,2361.0,2546.0,1593.0,Toffoli-weight scalarization sensitivity; raw logical counts/depth unchanged; not a native-gate claim
primary,n8_d25_s17,8,random_fixed_density,0.25,25,0.28125,10.0,0.0001,0.25,398.25,0.16867852604828462,0.6544978955980226,0,0.28122187640620305,406.25,2361.0,2546.0,1593.0,Toffoli-weight scalarization sensitivity; raw logical counts/depth unchanged; not a native-gate claim
primary,n8_d25_s17,8,random_fixed_density,0.25,25,0.28125,10.0,0.0001,0.5,796.5,0.33735705209656924,0.6544978955980226,0,0.28122187640620305,804.5,2361.0,2546.0,1593.0,Toffoli-weight scalarization sensitivity; raw logical counts/depth unchanged; not a native-gate claim
primary,n8_d25_s17,8,random_fixed_density,0.4,28,0.1875,1.0,0.0,0.0,0.0,0.0,0.10468878265488434,0,0.18749999999999997,8.0,633.0,710.0,1593.0,Toffoli-weight scalarization sensitivity; raw logical counts/depth unchanged; not a native-gate claim
primary,n8_d25_s17,8,random_fixed_density,0.4,28,0.1875,1.0,0.0,0.1,159.3,0.2516587677725119,0.10468878265488434,0,0.18749999999999997,167.3,633.0,710.0,1593.0,Toffoli-weight scalarization sensitivity; raw logical counts/depth unchanged; not a native-gate claim
primary,n8_d25_s17,8,random_fixed_density,0.4,28,0.1875,1.0,0.0,0.25,398.25,0.6291469194312796,0.10468878265488434,1,0.94921875,1116.25,633.0,710.0,1593.0,Toffoli-weight scalarization sensitivity; raw logical counts/depth unchanged; not a native-gate claim
primary,n8_d25_s17,8,random_fixed_density,0.4,28,0.1875,1.0,0.0,0.5,796.5,1.2582938388625593,0.10468878265488434,1,0.94921875,1514.5,633.0,710.0,1593.0,Toffoli-weight scalarization sensitivity; raw logical counts/depth unchanged; not a native-gate claim
primary,n8_d25_s17,8,random_fixed_density,0.4,28,0.1875,1.0,0.0001,0.0,0.0,0.0,0.108398858655001,0,0.18748125093746873,8.0,633.0,710.0,1593.0,Toffoli-weight scalarization sensitivity; raw logical counts/depth unchanged; not a native-gate claim
primary,n8_d25_s17,8,random_fixed_density,0.4,28,0.1875,1.0,0.0001,0.1,159.3,0.2516587677725119,0.108398858655001,0,0.18748125093746873,167.3,633.0,710.0,1593.0,Toffoli-weight scalarization sensitivity; raw logical counts/depth unchanged; not a native-gate claim
primary,n8_d25_s17,8,random_fixed_density,0.4,28,0.1875,1.0,0.0001,0.25,398.25,0.6291469194312796,0.108398858655001,1,0.9242099623816038,1116.25,633.0,710.0,1593.0,Toffoli-weight scalarization sensitivity; raw logical counts/depth unchanged; not a native-gate claim
primary,n8_d25_s17,8,random_fixed_density,0.4,28,0.1875,1.0,0.0001,0.5,796.5,1.2582938388625593,0.108398858655001,1,0.9242099623816038,1514.5,633.0,710.0,1593.0,Toffoli-weight scalarization sensitivity; raw logical counts/depth unchanged; not a native-gate claim
primary,n8_d25_s17,8,random_fixed_density,0.4,28,0.1875,4.0,0.0,0.0,0.0,0.0,0.19925636196822635,0,0.18749999999999997,8.0,1209.0,1322.0,1593.0,Toffoli-weight scalarization sensitivity; raw logical counts/depth unchanged; not a native-gate claim
primary,n8_d25_s17,8,random_fixed_density,0.4,28,0.1875,4.0,0.0,0.1,159.3,0.13176178660049628,0.19925636196822635,0,0.18749999999999997,167.3,1209.0,1322.0,1593.0,Toffoli-weight scalarization sensitivity; raw logical counts/depth unchanged; not a native-gate claim
primary,n8_d25_s17,8,random_fixed_density,0.4,28,0.1875,4.0,0.0,0.25,398.25,0.3294044665012407,0.19925636196822635,1,0.94921875,1728.25,1209.0,1322.0,1593.0,Toffoli-weight scalarization sensitivity; raw logical counts/depth unchanged; not a native-gate claim
primary,n8_d25_s17,8,random_fixed_density,0.4,28,0.1875,4.0,0.0,0.5,796.5,0.6588089330024814,0.19925636196822635,1,0.94921875,2126.5,1209.0,1322.0,1593.0,Toffoli-weight scalarization sensitivity; raw logical counts/depth unchanged; not a native-gate claim
primary,n8_d25_s17,8,random_fixed_density,0.4,28,0.1875,4.0,0.0001,0.0,0.0,0.0,0.2061644189712605,0,0.18748125093746873,8.0,1209.0,1322.0,1593.0,Toffoli-weight scalarization sensitivity; raw logical counts/depth unchanged; not a native-gate claim
primary,n8_d25_s17,8,random_fixed_density,0.4,28,0.1875,4.0,0.0001,0.1,159.3,0.13176178660049628,0.2061644189712605,0,0.18748125093746873,167.3,1209.0,1322.0,1593.0,Toffoli-weight scalarization sensitivity; raw logical counts/depth unchanged; not a native-gate claim
primary,n8_d25_s17,8,random_fixed_density,0.4,28,0.1875,4.0,0.0001,0.25,398.25,0.3294044665012407,0.2061644189712605,1,0.9242099623816038,1728.25,1209.0,1322.0,1593.0,Toffoli-weight scalarization sensitivity; raw logical counts/depth unchanged; not a native-gate claim
primary,n8_d25_s17,8,random_fixed_density,0.4,28,0.1875,4.0,0.0001,0.5,796.5,0.6588089330024814,0.2061644189712605,1,0.9242099623816038,2126.5,1209.0,1322.0,1593.0,Toffoli-weight scalarization sensitivity; raw logical counts/depth unchanged; not a native-gate claim
primary,n8_d25_s17,8,random_fixed_density,0.4,28,0.1875,6.0,0.0,0.0,0.0,0.0,0.26230141484378766,0,0.18749999999999997,8.0,1593.0,1730.0,1593.0,Toffoli-weight scalarization sensitivity; raw logical counts/depth unchanged; not a native-gate claim
primary,n8_d25_s17,8,random_fixed_density,0.4,28,0.1875,6.0,0.0,0.1,159.3,0.1,0.26230141484378766,0,0.18749999999999997,167.3,1593.0,1730.0,1593.0,Toffoli-weight scalarization sensitivity; raw logical counts/depth unchanged; not a native-gate claim
primary,n8_d25_s17,8,random_fixed_density,0.4,28,0.1875,6.0,0.0,0.25,398.25,0.25,0.26230141484378766,0,0.18749999999999997,406.25,1593.0,1730.0,1593.0,Toffoli-weight scalarization sensitivity; raw logical counts/depth unchanged; not a native-gate claim
primary,n8_d25_s17,8,random_fixed_density,0.4,28,0.1875,6.0,0.0,0.5,796.5,0.5,0.26230141484378766,1,0.94921875,2534.5,1593.0,1730.0,1593.0,Toffoli-weight scalarization sensitivity; raw logical counts/depth unchanged; not a native-gate claim
primary,n8_d25_s17,8,random_fixed_density,0.4,28,0.1875,6.0,0.0001,0.0,0.0,0.0,0.2713414591821001,0,0.18748125093746873,8.0,1593.0,1730.0,1593.0,Toffoli-weight scalarization sensitivity; raw logical counts/depth unchanged; not a native-gate claim
primary,n8_d25_s17,8,random_fixed_density,0.4,28,0.1875,6.0,0.0001,0.1,159.3,0.1,0.2713414591821001,0,0.18748125093746873,167.3,1593.0,1730.0,1593.0,Toffoli-weight scalarization sensitivity; raw logical counts/depth unchanged; not a native-gate claim
primary,n8_d25_s17,8,random_fixed_density,0.4,28,0.1875,6.0,0.0001,0.25,398.25,0.25,0.2713414591821001,0,0.18748125093746873,406.25,1593.0,1730.0,1593.0,Toffoli-weight scalarization sensitivity; raw logical counts/depth unchanged; not a native-gate claim
primary,n8_d25_s17,8,random_fixed_density,0.4,28,0.1875,6.0,0.0001,0.5,796.5,0.5,0.2713414591821001,1,0.9242099623816038,2534.5,1593.0,1730.0,1593.0,Toffoli-weight scalarization sensitivity; raw logical counts/depth unchanged; not a native-gate claim
primary,n8_d25_s17,8,random_fixed_density,0.4,28,0.1875,10.0,0.0,0.0,0.0,0.0,0.3883915205949104,0,0.18749999999999997,8.0,2361.0,2546.0,1593.0,Toffoli-weight scalarization sensitivity; raw logical counts/depth unchanged; not a native-gate claim
primary,n8_d25_s17,8,random_fixed_density,0.4,28,0.1875,10.0,0.0,0.1,159.3,0.06747141041931386,0.3883915205949104,0,0.18749999999999997,167.3,2361.0,2546.0,1593.0,Toffoli-weight scalarization sensitivity; raw logical counts/depth unchanged; not a native-gate claim
primary,n8_d25_s17,8,random_fixed_density,0.4,28,0.1875,10.0,0.0,0.25,398.25,0.16867852604828462,0.3883915205949104,0,0.18749999999999997,406.25,2361.0,2546.0,1593.0,Toffoli-weight scalarization sensitivity; raw logical counts/depth unchanged; not a native-gate claim
primary,n8_d25_s17,8,random_fixed_density,0.4,28,0.1875,10.0,0.0,0.5,796.5,0.33735705209656924,0.3883915205949104,1,0.94921875,3350.5,2361.0,2546.0,1593.0,Toffoli-weight scalarization sensitivity; raw logical counts/depth unchanged; not a native-gate claim
primary,n8_d25_s17,8,random_fixed_density,0.4,28,0.1875,10.0,0.0001,0.0,0.0,0.0,0.4016955396037794,0,0.18748125093746873,8.0,2361.0,2546.0,1593.0,Toffoli-weight scalarization sensitivity; raw logical counts/depth unchanged; not a native-gate claim
primary,n8_d25_s17,8,random_fixed_density,0.4,28,0.1875,10.0,0.0001,0.1,159.3,0.06747141041931386,0.4016955396037794,0,0.18748125093746873,167.3,2361.0,2546.0,1593.0,Toffoli-weight scalarization sensitivity; raw logical counts/depth unchanged; not a native-gate claim
primary,n8_d25_s17,8,random_fixed_density,0.4,28,0.1875,10.0,0.0001,0.25,398.25,0.16867852604828462,0.4016955396037794,0,0.18748125093746873,406.25,2361.0,2546.0,1593.0,Toffoli-weight scalarization sensitivity; raw logical counts/depth unchanged; not a native-gate claim
primary,n8_d25_s17,8,random_fixed_density,0.4,28,0.1875,10.0,0.0001,0.5,796.5,0.33735705209656924,0.4016955396037794,1,0.9242099623816038,3350.5,2361.0,2546.0,1593.0,Toffoli-weight scalarization sensitivity; raw logical counts/depth unchanged; not a native-gate claim
primary,n8_d25_s17,8,random_fixed_density,0.55,31,0.1328125,1.0,0.0,0.0,0.0,0.0,0.08246063108426373,0,0.1328125,8.0,633.0,710.0,1593.0,Toffoli-weight scalarization sensitivity; raw logical counts/depth unchanged; not a native-gate claim
primary,n8_d25_s17,8,random_fixed_density,0.55,31,0.1328125,1.0,0.0,0.1,159.3,0.2516587677725119,0.08246063108426373,1,0.8094558715820314,877.3,633.0,710.0,1593.0,Toffoli-weight scalarization sensitivity; raw logical counts/depth unchanged; not a native-gate claim
primary,n8_d25_s17,8,random_fixed_density,0.55,31,0.1328125,1.0,0.0,0.25,398.25,0.6291469194312796,0.08246063108426373,1,0.8094558715820314,1116.25,633.0,710.0,1593.0,Toffoli-weight scalarization sensitivity; raw logical counts/depth unchanged; not a native-gate claim
primary,n8_d25_s17,8,random_fixed_density,0.55,31,0.1328125,1.0,0.0,0.5,796.5,1.2582938388625593,0.08246063108426373,1,0.8094558715820314,1514.5,633.0,710.0,1593.0,Toffoli-weight scalarization sensitivity; raw logical counts/depth unchanged; not a native-gate claim
primary,n8_d25_s17,8,random_fixed_density,0.55,31,0.1328125,1.0,0.0001,0.0,0.0,0.0,0.0852967837958378,0,0.13279921941404035,8.0,633.0,710.0,1593.0,Toffoli-weight scalarization sensitivity; raw logical counts/depth unchanged; not a native-gate claim
primary,n8_d25_s17,8,random_fixed_density,0.55,31,0.1328125,1.0,0.0001,0.1,159.3,0.2516587677725119,0.0852967837958378,1,0.7881293754726163,877.3,633.0,710.0,1593.0,Toffoli-weight scalarization sensitivity; raw logical counts/depth unchanged; not a native-gate claim
primary,n8_d25_s17,8,random_fixed_density,0.55,31,0.1328125,1.0,0.0001,0.25,398.25,0.6291469194312796,0.0852967837958378,1,0.7881293754726163,1116.25,633.0,710.0,1593.0,Toffoli-weight scalarization sensitivity; raw logical counts/depth unchanged; not a native-gate claim
primary,n8_d25_s17,8,random_fixed_density,0.55,31,0.1328125,1.0,0.0001,0.5,796.5,1.2582938388625593,0.0852967837958378,1,0.7881293754726163,1514.5,633.0,710.0,1593.0,Toffoli-weight scalarization sensitivity; raw logical counts/depth unchanged; not a native-gate claim
primary,n8_d25_s17,8,random_fixed_density,0.55,31,0.1328125,4.0,0.0,0.0,0.0,0.0,0.15786816988884544,0,0.1328125,8.0,1209.0,1322.0,1593.0,Toffoli-weight scalarization sensitivity; raw logical counts/depth unchanged; not a native-gate claim
primary,n8_d25_s17,8,random_fixed_density,0.55,31,0.1328125,4.0,0.0,0.1,159.3,0.13176178660049628,0.15786816988884544,0,0.1328125,167.3,1209.0,1322.0,1593.0,Toffoli-weight scalarization sensitivity; raw logical counts/depth unchanged; not a native-gate claim
primary,n8_d25_s17,8,random_fixed_density,0.55,31,0.1328125,4.0,0.0,0.25,398.25,0.3294044665012407,0.15786816988884544,1,0.8094558715820314,1728.25,1209.0,1322.0,1593.0,Toffoli-weight scalarization sensitivity; raw logical counts/depth unchanged; not a native-gate claim
primary,n8_d25_s17,8,random_fixed_density,0.55,31,0.1328125,4.0,0.0,0.5,796.5,0.6588089330024814,0.15786816988884544,1,0.8094558715820314,2126.5,1209.0,1322.0,1593.0,Toffoli-weight scalarization sensitivity; raw logical counts/depth unchanged; not a native-gate claim
primary,n8_d25_s17,8,random_fixed_density,0.55,31,0.1328125,4.0,0.0001,0.0,0.0,0.0,0.1631490063461707,0,0.13279921941404035,8.0,1209.0,1322.0,1593.0,Toffoli-weight scalarization sensitivity; raw logical counts/depth unchanged; not a native-gate claim
primary,n8_d25_s17,8,random_fixed_density,0.55,31,0.1328125,4.0,0.0001,0.1,159.3,0.13176178660049628,0.1631490063461707,0,0.13279921941404035,167.3,1209.0,1322.0,1593.0,Toffoli-weight scalarization sensitivity; raw logical counts/depth unchanged; not a native-gate claim
primary,n8_d25_s17,8,random_fixed_density,0.55,31,0.1328125,4.0,0.0001,0.25,398.25,0.3294044665012407,0.1631490063461707,1,0.7881293754726163,1728.25,1209.0,1322.0,1593.0,Toffoli-weight scalarization sensitivity; raw logical counts/depth unchanged; not a native-gate claim
primary,n8_d25_s17,8,random_fixed_density,0.55,31,0.1328125,4.0,0.0001,0.5,796.5,0.6588089330024814,0.1631490063461707,1,0.7881293754726163,2126.5,1209.0,1322.0,1593.0,Toffoli-weight scalarization sensitivity; raw logical counts/depth unchanged; not a native-gate claim
primary,n8_d25_s17,8,random_fixed_density,0.55,31,0.1328125,6.0,0.0,0.0,0.0,0.0,0.20813986242523325,0,0.1328125,8.0,1593.0,1730.0,1593.0,Toffoli-weight scalarization sensitivity; raw logical counts/depth unchanged; not a native-gate claim
primary,n8_d25_s17,8,random_fixed_density,0.55,31,0.1328125,6.0,0.0,0.1,159.3,0.1,0.20813986242523325,0,0.1328125,167.3,1593.0,1730.0,1593.0,Toffoli-weight scalarization sensitivity; raw logical counts/depth unchanged; not a native-gate claim
primary,n8_d25_s17,8,random_fixed_density,0.55,31,0.1328125,6.0,0.0,0.25,398.25,0.25,0.20813986242523325,1,0.8094558715820314,2136.25,1593.0,1730.0,1593.0,Toffoli-weight scalarization sensitivity; raw logical counts/depth unchanged; not a native-gate claim
primary,n8_d25_s17,8,random_fixed_density,0.55,31,0.1328125,6.0,0.0,0.5,796.5,0.5,0.20813986242523325,1,0.8094558715820314,2534.5,1593.0,1730.0,1593.0,Toffoli-weight scalarization sensitivity; raw logical counts/depth unchanged; not a native-gate claim
primary,n8_d25_s17,8,random_fixed_density,0.55,31,0.1328125,6.0,0.0001,0.0,0.0,0.0,0.2150504880463926,0,0.13279921941404035,8.0,1593.0,1730.0,1593.0,Toffoli-weight scalarization sensitivity; raw logical counts/depth unchanged; not a native-gate claim
primary,n8_d25_s17,8,random_fixed_density,0.55,31,0.1328125,6.0,0.0001,0.1,159.3,0.1,0.2150504880463926,0,0.13279921941404035,167.3,1593.0,1730.0,1593.0,Toffoli-weight scalarization sensitivity; raw logical counts/depth unchanged; not a native-gate claim
primary,n8_d25_s17,8,random_fixed_density,0.55,31,0.1328125,6.0,0.0001,0.25,398.25,0.25,0.2150504880463926,1,0.7881293754726163,2136.25,1593.0,1730.0,1593.0,Toffoli-weight scalarization sensitivity; raw logical counts/depth unchanged; not a native-gate claim
primary,n8_d25_s17,8,random_fixed_density,0.55,31,0.1328125,6.0,0.0001,0.5,796.5,0.5,0.2150504880463926,1,0.7881293754726163,2534.5,1593.0,1730.0,1593.0,Toffoli-weight scalarization sensitivity; raw logical counts/depth unchanged; not a native-gate claim
primary,n8_d25_s17,8,random_fixed_density,0.55,31,0.1328125,10.0,0.0,0.0,0.0,0.0,0.30868324749800885,0,0.1328125,8.0,2361.0,2546.0,1593.0,Toffoli-weight scalarization sensitivity; raw logical counts/depth unchanged; not a native-gate claim
primary,n8_d25_s17,8,random_fixed_density,0.55,31,0.1328125,10.0,0.0,0.1,159.3,0.06747141041931386,0.30868324749800885,0,0.1328125,167.3,2361.0,2546.0,1593.0,Toffoli-weight scalarization sensitivity; raw logical counts/depth unchanged; not a native-gate claim
primary,n8_d25_s17,8,random_fixed_density,0.55,31,0.1328125,10.0,0.0,0.25,398.25,0.16867852604828462,0.30868324749800885,0,0.1328125,406.25,2361.0,2546.0,1593.0,Toffoli-weight scalarization sensitivity; raw logical counts/depth unchanged; not a native-gate claim
primary,n8_d25_s17,8,random_fixed_density,0.55,31,0.1328125,10.0,0.0,0.5,796.5,0.33735705209656924,0.30868324749800885,1,0.8094558715820314,3350.5,2361.0,2546.0,1593.0,Toffoli-weight scalarization sensitivity; raw logical counts/depth unchanged; not a native-gate claim
primary,n8_d25_s17,8,random_fixed_density,0.55,31,0.1328125,10.0,0.0001,0.0,0.0,0.0,0.3188534514468364,0,0.13279921941404035,8.0,2361.0,2546.0,1593.0,Toffoli-weight scalarization sensitivity; raw logical counts/depth unchanged; not a native-gate claim
primary,n8_d25_s17,8,random_fixed_density,0.55,31,0.1328125,10.0,0.0001,0.1,159.3,0.06747141041931386,0.3188534514468364,0,0.13279921941404035,167.3,2361.0,2546.0,1593.0,Toffoli-weight scalarization sensitivity; raw logical counts/depth unchanged; not a native-gate claim
primary,n8_d25_s17,8,random_fixed_density,0.55,31,0.1328125,10.0,0.0001,0.25,398.25,0.16867852604828462,0.3188534514468364,0,0.13279921941404035,406.25,2361.0,2546.0,1593.0,Toffoli-weight scalarization sensitivity; raw logical counts/depth unchanged; not a native-gate claim
primary,n8_d25_s17,8,random_fixed_density,0.55,31,0.1328125,10.0,0.0001,0.5,796.5,0.33735705209656924,0.3188534514468364,1,0.7881293754726163,3350.5,2361.0,2546.0,1593.0,Toffoli-weight scalarization sensitivity; raw logical counts/depth unchanged; not a native-gate claim
primary,n8_d25_s42,8,random_fixed_density,0.25,24,0.28125,1.0,0.0,0.0,0.0,0.0,0.1721506747298935,0,0.28124999999999994,8.0,633.0,710.0,1593.0,Toffoli-weight scalarization sensitivity; raw logical counts/depth unchanged; not a native-gate claim
primary,n8_d25_s42,8,random_fixed_density,0.25,24,0.28125,1.0,0.0,0.1,159.3,0.2516587677725119,0.1721506747298935,0,0.28124999999999994,167.3,633.0,710.0,1593.0,Toffoli-weight scalarization sensitivity; raw logical counts/depth unchanged; not a native-gate claim
primary,n8_d25_s42,8,random_fixed_density,0.25,24,0.28125,1.0,0.0,0.25,398.25,0.6291469194312796,0.1721506747298935,1,0.9887695312500001,1116.25,633.0,710.0,1593.0,Toffoli-weight scalarization sensitivity; raw logical counts/depth unchanged; not a native-gate claim
primary,n8_d25_s42,8,random_fixed_density,0.25,24,0.28125,1.0,0.0,0.5,796.5,1.2582938388625593,0.1721506747298935,1,0.9887695312500001,1514.5,633.0,710.0,1593.0,Toffoli-weight scalarization sensitivity; raw logical counts/depth unchanged; not a native-gate claim
primary,n8_d25_s42,8,random_fixed_density,0.25,24,0.28125,1.0,0.0001,0.0,0.0,0.0,0.1788975518034349,0,0.28122187640620305,8.0,633.0,710.0,1593.0,Toffoli-weight scalarization sensitivity; raw logical counts/depth unchanged; not a native-gate claim
primary,n8_d25_s42,8,random_fixed_density,0.25,24,0.28125,1.0,0.0001,0.1,159.3,0.2516587677725119,0.1788975518034349,0,0.28122187640620305,167.3,633.0,710.0,1593.0,Toffoli-weight scalarization sensitivity; raw logical counts/depth unchanged; not a native-gate claim
primary,n8_d25_s42,8,random_fixed_density,0.25,24,0.28125,1.0,0.0001,0.25,398.25,0.6291469194312796,0.1788975518034349,1,0.9627187108141707,1116.25,633.0,710.0,1593.0,Toffoli-weight scalarization sensitivity; raw logical counts/depth unchanged; not a native-gate claim
primary,n8_d25_s42,8,random_fixed_density,0.25,24,0.28125,1.0,0.0001,0.5,796.5,1.2582938388625593,0.1788975518034349,1,0.9627187108141707,1514.5,633.0,710.0,1593.0,Toffoli-weight scalarization sensitivity; raw logical counts/depth unchanged; not a native-gate claim
primary,n8_d25_s42,8,random_fixed_density,0.25,24,0.28125,4.0,0.0,0.0,0.0,0.0,0.3248685046769054,0,0.28124999999999994,8.0,1209.0,1322.0,1593.0,Toffoli-weight scalarization sensitivity; raw logical counts/depth unchanged; not a native-gate claim
primary,n8_d25_s42,8,random_fixed_density,0.25,24,0.28125,4.0,0.0,0.1,159.3,0.13176178660049628,0.3248685046769054,0,0.28124999999999994,167.3,1209.0,1322.0,1593.0,Toffoli-weight scalarization sensitivity; raw logical counts/depth unchanged; not a native-gate claim
primary,n8_d25_s42,8,random_fixed_density,0.25,24,0.28125,4.0,0.0,0.25,398.25,0.3294044665012407,0.3248685046769054,0,0.28124999999999994,406.25,1209.0,1322.0,1593.0,Toffoli-weight scalarization sensitivity; raw logical counts/depth unchanged; not a native-gate claim
primary,n8_d25_s42,8,random_fixed_density,0.25,24,0.28125,4.0,0.0,0.5,796.5,0.6588089330024814,0.3248685046769054,1,0.9887695312500001,2126.5,1209.0,1322.0,1593.0,Toffoli-weight scalarization sensitivity; raw logical counts/depth unchanged; not a native-gate claim
primary,n8_d25_s42,8,random_fixed_density,0.25,24,0.28125,4.0,0.0001,0.0,0.0,0.0,0.3374309997349642,0,0.28122187640620305,8.0,1209.0,1322.0,1593.0,Toffoli-weight scalarization sensitivity; raw logical counts/depth unchanged; not a native-gate claim
primary,n8_d25_s42,8,random_fixed_density,0.25,24,0.28125,4.0,0.0001,0.1,159.3,0.13176178660049628,0.3374309997349642,0,0.28122187640620305,167.3,1209.0,1322.0,1593.0,Toffoli-weight scalarization sensitivity; raw logical counts/depth unchanged; not a native-gate claim
primary,n8_d25_s42,8,random_fixed_density,0.25,24,0.28125,4.0,0.0001,0.25,398.25,0.3294044665012407,0.3374309997349642,0,0.28122187640620305,406.25,1209.0,1322.0,1593.0,Toffoli-weight scalarization sensitivity; raw logical counts/depth unchanged; not a native-gate claim
primary,n8_d25_s42,8,random_fixed_density,0.25,24,0.28125,4.0,0.0001,0.5,796.5,0.6588089330024814,0.3374309997349642,1,0.9627187108141707,2126.5,1209.0,1322.0,1593.0,Toffoli-weight scalarization sensitivity; raw logical counts/depth unchanged; not a native-gate claim
primary,n8_d25_s42,8,random_fixed_density,0.25,24,0.28125,6.0,0.0,0.0,0.0,0.0,0.4266803913082466,0,0.28124999999999994,8.0,1593.0,1730.0,1593.0,Toffoli-weight scalarization sensitivity; raw logical counts/depth unchanged; not a native-gate claim
primary,n8_d25_s42,8,random_fixed_density,0.25,24,0.28125,6.0,0.0,0.1,159.3,0.1,0.4266803913082466,0,0.28124999999999994,167.3,1593.0,1730.0,1593.0,Toffoli-weight scalarization sensitivity; raw logical counts/depth unchanged; not a native-gate claim
primary,n8_d25_s42,8,random_fixed_density,0.25,24,0.28125,6.0,0.0,0.25,398.25,0.25,0.4266803913082466,0,0.28124999999999994,406.25,1593.0,1730.0,1593.0,Toffoli-weight scalarization sensitivity; raw logical counts/depth unchanged; not a native-gate claim
primary,n8_d25_s42,8,random_fixed_density,0.25,24,0.28125,6.0,0.0,0.5,796.5,0.5,0.4266803913082466,1,0.9887695312500001,2534.5,1593.0,1730.0,1593.0,Toffoli-weight scalarization sensitivity; raw logical counts/depth unchanged; not a native-gate claim
primary,n8_d25_s42,8,random_fixed_density,0.25,24,0.28125,6.0,0.0001,0.0,0.0,0.0,0.4431199650226503,0,0.28122187640620305,8.0,1593.0,1730.0,1593.0,Toffoli-weight scalarization sensitivity; raw logical counts/depth unchanged; not a native-gate claim
primary,n8_d25_s42,8,random_fixed_density,0.25,24,0.28125,6.0,0.0001,0.1,159.3,0.1,0.4431199650226503,0,0.28122187640620305,167.3,1593.0,1730.0,1593.0,Toffoli-weight scalarization sensitivity; raw logical counts/depth unchanged; not a native-gate claim
primary,n8_d25_s42,8,random_fixed_density,0.25,24,0.28125,6.0,0.0001,0.25,398.25,0.25,0.4431199650226503,0,0.28122187640620305,406.25,1593.0,1730.0,1593.0,Toffoli-weight scalarization sensitivity; raw logical counts/depth unchanged; not a native-gate claim
primary,n8_d25_s42,8,random_fixed_density,0.25,24,0.28125,6.0,0.0001,0.5,796.5,0.5,0.4431199650226503,1,0.9627187108141707,2534.5,1593.0,1730.0,1593.0,Toffoli-weight scalarization sensitivity; raw logical counts/depth unchanged; not a native-gate claim
primary,n8_d25_s42,8,random_fixed_density,0.25,24,0.28125,10.0,0.0,0.0,0.0,0.0,0.6303041645709292,0,0.28124999999999994,8.0,2361.0,2546.0,1593.0,Toffoli-weight scalarization sensitivity; raw logical counts/depth unchanged; not a native-gate claim
primary,n8_d25_s42,8,random_fixed_density,0.25,24,0.28125,10.0,0.0,0.1,159.3,0.06747141041931386,0.6303041645709292,0,0.28124999999999994,167.3,2361.0,2546.0,1593.0,Toffoli-weight scalarization sensitivity; raw logical counts/depth unchanged; not a native-gate claim
primary,n8_d25_s42,8,random_fixed_density,0.25,24,0.28125,10.0,0.0,0.25,398.25,0.16867852604828462,0.6303041645709292,0,0.28124999999999994,406.25,2361.0,2546.0,1593.0,Toffoli-weight scalarization sensitivity; raw logical counts/depth unchanged; not a native-gate claim
primary,n8_d25_s42,8,random_fixed_density,0.25,24,0.28125,10.0,0.0,0.5,796.5,0.33735705209656924,0.6303041645709292,0,0.28124999999999994,804.5,2361.0,2546.0,1593.0,Toffoli-weight scalarization sensitivity; raw logical counts/depth unchanged; not a native-gate claim
primary,n8_d25_s42,8,random_fixed_density,0.25,24,0.28125,10.0,0.0001,0.0,0.0,0.0,0.6544978955980226,0,0.28122187640620305,8.0,2361.0,2546.0,1593.0,Toffoli-weight scalarization sensitivity; raw logical counts/depth unchanged; not a native-gate claim
primary,n8_d25_s42,8,random_fixed_density,0.25,24,0.28125,10.0,0.0001,0.1,159.3,0.06747141041931386,0.6544978955980226,0,0.28122187640620305,167.3,2361.0,2546.0,1593.0,Toffoli-weight scalarization sensitivity; raw logical counts/depth unchanged; not a native-gate claim
primary,n8_d25_s42,8,random_fixed_density,0.25,24,0.28125,10.0,0.0001,0.25,398.25,0.16867852604828462,0.6544978955980226,0,0.28122187640620305,406.25,2361.0,2546.0,1593.0,Toffoli-weight scalarization sensitivity; raw logical counts/depth unchanged; not a native-gate claim
primary,n8_d25_s42,8,random_fixed_density,0.25,24,0.28125,10.0,0.0001,0.5,796.5,0.33735705209656924,0.6544978955980226,0,0.28122187640620305,804.5,2361.0,2546.0,1593.0,Toffoli-weight scalarization sensitivity; raw logical counts/depth unchanged; not a native-gate claim
primary,n8_d25_s42,8,random_fixed_density,0.4,27,0.21875,1.0,0.0,0.0,0.0,0.0,0.1217548999093255,0,0.21875,8.0,633.0,710.0,1593.0,Toffoli-weight scalarization sensitivity; raw logical counts/depth unchanged; not a native-gate claim
primary,n8_d25_s42,8,random_fixed_density,0.4,27,0.21875,1.0,0.0,0.1,159.3,0.2516587677725119,0.1217548999093255,0,0.21875,167.3,633.0,710.0,1593.0,Toffoli-weight scalarization sensitivity; raw logical counts/depth unchanged; not a native-gate claim
primary,n8_d25_s42,8,random_fixed_density,0.4,27,0.21875,1.0,0.0,0.25,398.25,0.6291469194312796,0.1217548999093255,1,0.9877929687500001,1116.25,633.0,710.0,1593.0,Toffoli-weight scalarization sensitivity; raw logical counts/depth unchanged; not a native-gate claim
primary,n8_d25_s42,8,random_fixed_density,0.4,27,0.21875,1.0,0.0,0.5,796.5,1.2582938388625593,0.1217548999093255,1,0.9877929687500001,1514.5,633.0,710.0,1593.0,Toffoli-weight scalarization sensitivity; raw logical counts/depth unchanged; not a native-gate claim
primary,n8_d25_s42,8,random_fixed_density,0.4,27,0.21875,1.0,0.0001,0.0,0.0,0.0,0.12617842815822972,0,0.21872812609371353,8.0,633.0,710.0,1593.0,Toffoli-weight scalarization sensitivity; raw logical counts/depth unchanged; not a native-gate claim
primary,n8_d25_s42,8,random_fixed_density,0.4,27,0.21875,1.0,0.0001,0.1,159.3,0.2516587677725119,0.12617842815822972,0,0.21872812609371353,167.3,633.0,710.0,1593.0,Toffoli-weight scalarization sensitivity; raw logical counts/depth unchanged; not a native-gate claim
primary,n8_d25_s42,8,random_fixed_density,0.4,27,0.21875,1.0,0.0001,0.25,398.25,0.6291469194312796,0.12617842815822972,1,0.9617678775195395,1116.25,633.0,710.0,1593.0,Toffoli-weight scalarization sensitivity; raw logical counts/depth unchanged; not a native-gate claim
primary,n8_d25_s42,8,random_fixed_density,0.4,27,0.21875,1.0,0.0001,0.5,796.5,1.2582938388625593,0.12617842815822972,1,0.9617678775195395,1514.5,633.0,710.0,1593.0,Toffoli-weight scalarization sensitivity; raw logical counts/depth unchanged; not a native-gate claim
primary,n8_d25_s42,8,random_fixed_density,0.4,27,0.21875,4.0,0.0,0.0,0.0,0.0,0.2310329915602985,0,0.21875,8.0,1209.0,1322.0,1593.0,Toffoli-weight scalarization sensitivity; raw logical counts/depth unchanged; not a native-gate claim
primary,n8_d25_s42,8,random_fixed_density,0.4,27,0.21875,4.0,0.0,0.1,159.3,0.13176178660049628,0.2310329915602985,0,0.21875,167.3,1209.0,1322.0,1593.0,Toffoli-weight scalarization sensitivity; raw logical counts/depth unchanged; not a native-gate claim
primary,n8_d25_s42,8,random_fixed_density,0.4,27,0.21875,4.0,0.0,0.25,398.25,0.3294044665012407,0.2310329915602985,1,0.9877929687500001,1728.25,1209.0,1322.0,1593.0,Toffoli-weight scalarization sensitivity; raw logical counts/depth unchanged; not a native-gate claim
primary,n8_d25_s42,8,random_fixed_density,0.4,27,0.21875,4.0,0.0,0.5,796.5,0.6588089330024814,0.2310329915602985,1,0.9877929687500001,2126.5,1209.0,1322.0,1593.0,Toffoli-weight scalarization sensitivity; raw logical counts/depth unchanged; not a native-gate claim
primary,n8_d25_s42,8,random_fixed_density,0.4,27,0.21875,4.0,0.0001,0.0,0.0,0.0,0.2392694765533286,0,0.21872812609371353,8.0,1209.0,1322.0,1593.0,Toffoli-weight scalarization sensitivity; raw logical counts/depth unchanged; not a native-gate claim
primary,n8_d25_s42,8,random_fixed_density,0.4,27,0.21875,4.0,0.0001,0.1,159.3,0.13176178660049628,0.2392694765533286,0,0.21872812609371353,167.3,1209.0,1322.0,1593.0,Toffoli-weight scalarization sensitivity; raw logical counts/depth unchanged; not a native-gate claim
primary,n8_d25_s42,8,random_fixed_density,0.4,27,0.21875,4.0,0.0001,0.25,398.25,0.3294044665012407,0.2392694765533286,1,0.9617678775195395,1728.25,1209.0,1322.0,1593.0,Toffoli-weight scalarization sensitivity; raw logical counts/depth unchanged; not a native-gate claim
primary,n8_d25_s42,8,random_fixed_density,0.4,27,0.21875,4.0,0.0001,0.5,796.5,0.6588089330024814,0.2392694765533286,1,0.9617678775195395,2126.5,1209.0,1322.0,1593.0,Toffoli-weight scalarization sensitivity; raw logical counts/depth unchanged; not a native-gate claim
primary,n8_d25_s42,8,random_fixed_density,0.4,27,0.21875,6.0,0.0,0.0,0.0,0.0,0.3038850526609472,0,0.21875,8.0,1593.0,1730.0,1593.0,Toffoli-weight scalarization sensitivity; raw logical counts/depth unchanged; not a native-gate claim
primary,n8_d25_s42,8,random_fixed_density,0.4,27,0.21875,6.0,0.0,0.1,159.3,0.1,0.3038850526609472,0,0.21875,167.3,1593.0,1730.0,1593.0,Toffoli-weight scalarization sensitivity; raw logical counts/depth unchanged; not a native-gate claim
primary,n8_d25_s42,8,random_fixed_density,0.4,27,0.21875,6.0,0.0,0.25,398.25,0.25,0.3038850526609472,0,0.21875,406.25,1593.0,1730.0,1593.0,Toffoli-weight scalarization sensitivity; raw logical counts/depth unchanged; not a native-gate claim
primary,n8_d25_s42,8,random_fixed_density,0.4,27,0.21875,6.0,0.0,0.5,796.5,0.5,0.3038850526609472,1,0.9877929687500001,2534.5,1593.0,1730.0,1593.0,Toffoli-weight scalarization sensitivity; raw logical counts/depth unchanged; not a native-gate claim
primary,n8_d25_s42,8,random_fixed_density,0.4,27,0.21875,6.0,0.0001,0.0,0.0,0.0,0.31466350881672783,0,0.21872812609371353,8.0,1593.0,1730.0,1593.0,Toffoli-weight scalarization sensitivity; raw logical counts/depth unchanged; not a native-gate claim
primary,n8_d25_s42,8,random_fixed_density,0.4,27,0.21875,6.0,0.0001,0.1,159.3,0.1,0.31466350881672783,0,0.21872812609371353,167.3,1593.0,1730.0,1593.0,Toffoli-weight scalarization sensitivity; raw logical counts/depth unchanged; not a native-gate claim
primary,n8_d25_s42,8,random_fixed_density,0.4,27,0.21875,6.0,0.0001,0.25,398.25,0.25,0.31466350881672783,0,0.21872812609371353,406.25,1593.0,1730.0,1593.0,Toffoli-weight scalarization sensitivity; raw logical counts/depth unchanged; not a native-gate claim
primary,n8_d25_s42,8,random_fixed_density,0.4,27,0.21875,6.0,0.0001,0.5,796.5,0.5,0.31466350881672783,1,0.9617678775195395,2534.5,1593.0,1730.0,1593.0,Toffoli-weight scalarization sensitivity; raw logical counts/depth unchanged; not a native-gate claim
primary,n8_d25_s42,8,random_fixed_density,0.4,27,0.21875,10.0,0.0,0.0,0.0,0.0,0.4495891748622445,0,0.21875,8.0,2361.0,2546.0,1593.0,Toffoli-weight scalarization sensitivity; raw logical counts/depth unchanged; not a native-gate claim
primary,n8_d25_s42,8,random_fixed_density,0.4,27,0.21875,10.0,0.0,0.1,159.3,0.06747141041931386,0.4495891748622445,0,0.21875,167.3,2361.0,2546.0,1593.0,Toffoli-weight scalarization sensitivity; raw logical counts/depth unchanged; not a native-gate claim
primary,n8_d25_s42,8,random_fixed_density,0.4,27,0.21875,10.0,0.0,0.25,398.25,0.16867852604828462,0.4495891748622445,0,0.21875,406.25,2361.0,2546.0,1593.0,Toffoli-weight scalarization sensitivity; raw logical counts/depth unchanged; not a native-gate claim
primary,n8_d25_s42,8,random_fixed_density,0.4,27,0.21875,10.0,0.0,0.5,796.5,0.33735705209656924,0.4495891748622445,1,0.9877929687500001,3350.5,2361.0,2546.0,1593.0,Toffoli-weight scalarization sensitivity; raw logical counts/depth unchanged; not a native-gate claim
primary,n8_d25_s42,8,random_fixed_density,0.4,27,0.21875,10.0,0.0001,0.0,0.0,0.0,0.4654515733435264,0,0.21872812609371353,8.0,2361.0,2546.0,1593.0,Toffoli-weight scalarization sensitivity; raw logical counts/depth unchanged; not a native-gate claim
primary,n8_d25_s42,8,random_fixed_density,0.4,27,0.21875,10.0,0.0001,0.1,159.3,0.06747141041931386,0.4654515733435264,0,0.21872812609371353,167.3,2361.0,2546.0,1593.0,Toffoli-weight scalarization sensitivity; raw logical counts/depth unchanged; not a native-gate claim
primary,n8_d25_s42,8,random_fixed_density,0.4,27,0.21875,10.0,0.0001,0.25,398.25,0.16867852604828462,0.4654515733435264,0,0.21872812609371353,406.25,2361.0,2546.0,1593.0,Toffoli-weight scalarization sensitivity; raw logical counts/depth unchanged; not a native-gate claim
primary,n8_d25_s42,8,random_fixed_density,0.4,27,0.21875,10.0,0.0001,0.5,796.5,0.33735705209656924,0.4654515733435264,1,0.9617678775195395,3350.5,2361.0,2546.0,1593.0,Toffoli-weight scalarization sensitivity; raw logical counts/depth unchanged; not a native-gate claim
primary,n8_d25_s42,8,random_fixed_density,0.55,30,0.0625,1.0,0.0,0.0,0.0,0.0,0.060836143698667244,0,0.0625,8.0,633.0,710.0,1593.0,Toffoli-weight scalarization sensitivity; raw logical counts/depth unchanged; not a native-gate claim
primary,n8_d25_s42,8,random_fixed_density,0.55,30,0.0625,1.0,0.0,0.1,159.3,0.2516587677725119,0.060836143698667244,2,0.908447265625,1587.3,633.0,710.0,1593.0,Toffoli-weight scalarization sensitivity; raw logical counts/depth unchanged; not a native-gate claim
primary,n8_d25_s42,8,random_fixed_density,0.55,30,0.0625,1.0,0.0,0.25,398.25,0.6291469194312796,0.060836143698667244,2,0.908447265625,1826.25,633.0,710.0,1593.0,Toffoli-weight scalarization sensitivity; raw logical counts/depth unchanged; not a native-gate claim
primary,n8_d25_s42,8,random_fixed_density,0.55,30,0.0625,1.0,0.0,0.5,796.5,1.2582938388625593,0.060836143698667244,2,0.908447265625,2224.5,633.0,710.0,1593.0,Toffoli-weight scalarization sensitivity; raw logical counts/depth unchanged; not a native-gate claim
primary,n8_d25_s42,8,random_fixed_density,0.55,30,0.0625,1.0,0.0001,0.0,0.0,0.0,0.0647161959344323,0,0.062493750312489584,8.0,633.0,710.0,1593.0,Toffoli-weight scalarization sensitivity; raw logical counts/depth unchanged; not a native-gate claim
primary,n8_d25_s42,8,random_fixed_density,0.55,30,0.0625,1.0,0.0001,0.1,159.3,0.2516587677725119,0.0647161959344323,2,0.8612948019102318,1587.3,633.0,710.0,1593.0,Toffoli-weight scalarization sensitivity; raw logical counts/depth unchanged; not a native-gate claim
primary,n8_d25_s42,8,random_fixed_density,0.55,30,0.0625,1.0,0.0001,0.25,398.25,0.6291469194312796,0.0647161959344323,2,0.8612948019102318,1826.25,633.0,710.0,1593.0,Toffoli-weight scalarization sensitivity; raw logical counts/depth unchanged; not a native-gate claim
primary,n8_d25_s42,8,random_fixed_density,0.55,30,0.0625,1.0,0.0001,0.5,796.5,1.2582938388625593,0.0647161959344323,2,0.8612948019102318,2224.5,633.0,710.0,1593.0,Toffoli-weight scalarization sensitivity; raw logical counts/depth unchanged; not a native-gate claim
primary,n8_d25_s42,8,random_fixed_density,0.55,30,0.0625,4.0,0.0,0.0,0.0,0.0,0.11760398351735453,0,0.0625,8.0,1209.0,1322.0,1593.0,Toffoli-weight scalarization sensitivity; raw logical counts/depth unchanged; not a native-gate claim
primary,n8_d25_s42,8,random_fixed_density,0.55,30,0.0625,4.0,0.0,0.1,159.3,0.13176178660049628,0.11760398351735453,0,0.0625,167.3,1209.0,1322.0,1593.0,Toffoli-weight scalarization sensitivity; raw logical counts/depth unchanged; not a native-gate claim
primary,n8_d25_s42,8,random_fixed_density,0.55,30,0.0625,4.0,0.0,0.25,398.25,0.3294044665012407,0.11760398351735453,2,0.908447265625,3050.25,1209.0,1322.0,1593.0,Toffoli-weight scalarization sensitivity; raw logical counts/depth unchanged; not a native-gate claim
primary,n8_d25_s42,8,random_fixed_density,0.55,30,0.0625,4.0,0.0,0.5,796.5,0.6588089330024814,0.11760398351735453,2,0.908447265625,3448.5,1209.0,1322.0,1593.0,Toffoli-weight scalarization sensitivity; raw logical counts/depth unchanged; not a native-gate claim
primary,n8_d25_s42,8,random_fixed_density,0.55,30,0.0625,4.0,0.0001,0.0,0.0,0.0,0.12482853148310298,0,0.062493750312489584,8.0,1209.0,1322.0,1593.0,Toffoli-weight scalarization sensitivity; raw logical counts/depth unchanged; not a native-gate claim
primary,n8_d25_s42,8,random_fixed_density,0.55,30,0.0625,4.0,0.0001,0.1,159.3,0.13176178660049628,0.12482853148310298,0,0.062493750312489584,167.3,1209.0,1322.0,1593.0,Toffoli-weight scalarization sensitivity; raw logical counts/depth unchanged; not a native-gate claim
primary,n8_d25_s42,8,random_fixed_density,0.55,30,0.0625,4.0,0.0001,0.25,398.25,0.3294044665012407,0.12482853148310298,2,0.8612948019102318,3050.25,1209.0,1322.0,1593.0,Toffoli-weight scalarization sensitivity; raw logical counts/depth unchanged; not a native-gate claim
primary,n8_d25_s42,8,random_fixed_density,0.55,30,0.0625,4.0,0.0001,0.5,796.5,0.6588089330024814,0.12482853148310298,2,0.8612948019102318,3448.5,1209.0,1322.0,1593.0,Toffoli-weight scalarization sensitivity; raw logical counts/depth unchanged; not a native-gate claim
primary,n8_d25_s42,8,random_fixed_density,0.55,30,0.0625,6.0,0.0,0.0,0.0,0.0,0.15544921006314602,0,0.0625,8.0,1593.0,1730.0,1593.0,Toffoli-weight scalarization sensitivity; raw logical counts/depth unchanged; not a native-gate claim
primary,n8_d25_s42,8,random_fixed_density,0.55,30,0.0625,6.0,0.0,0.1,159.3,0.1,0.15544921006314602,0,0.0625,167.3,1593.0,1730.0,1593.0,Toffoli-weight scalarization sensitivity; raw logical counts/depth unchanged; not a native-gate claim
primary,n8_d25_s42,8,random_fixed_density,0.55,30,0.0625,6.0,0.0,0.25,398.25,0.25,0.15544921006314602,2,0.908447265625,3866.25,1593.0,1730.0,1593.0,Toffoli-weight scalarization sensitivity; raw logical counts/depth unchanged; not a native-gate claim
primary,n8_d25_s42,8,random_fixed_density,0.55,30,0.0625,6.0,0.0,0.5,796.5,0.5,0.15544921006314602,2,0.908447265625,4264.5,1593.0,1730.0,1593.0,Toffoli-weight scalarization sensitivity; raw logical counts/depth unchanged; not a native-gate claim
primary,n8_d25_s42,8,random_fixed_density,0.55,30,0.0625,6.0,0.0001,0.0,0.0,0.0,0.16490342184888343,0,0.062493750312489584,8.0,1593.0,1730.0,1593.0,Toffoli-weight scalarization sensitivity; raw logical counts/depth unchanged; not a native-gate claim
primary,n8_d25_s42,8,random_fixed_density,0.55,30,0.0625,6.0,0.0001,0.1,159.3,0.1,0.16490342184888343,0,0.062493750312489584,167.3,1593.0,1730.0,1593.0,Toffoli-weight scalarization sensitivity; raw logical counts/depth unchanged; not a native-gate claim
primary,n8_d25_s42,8,random_fixed_density,0.55,30,0.0625,6.0,0.0001,0.25,398.25,0.25,0.16490342184888343,2,0.8612948019102318,3866.25,1593.0,1730.0,1593.0,Toffoli-weight scalarization sensitivity; raw logical counts/depth unchanged; not a native-gate claim
primary,n8_d25_s42,8,random_fixed_density,0.55,30,0.0625,6.0,0.0001,0.5,796.5,0.5,0.16490342184888343,2,0.8612948019102318,4264.5,1593.0,1730.0,1593.0,Toffoli-weight scalarization sensitivity; raw logical counts/depth unchanged; not a native-gate claim
primary,n8_d25_s42,8,random_fixed_density,0.55,30,0.0625,10.0,0.0,0.0,0.0,0.0,0.23113966315472903,0,0.0625,8.0,2361.0,2546.0,1593.0,Toffoli-weight scalarization sensitivity; raw logical counts/depth unchanged; not a native-gate claim
primary,n8_d25_s42,8,random_fixed_density,0.55,30,0.0625,10.0,0.0,0.1,159.3,0.06747141041931386,0.23113966315472903,0,0.0625,167.3,2361.0,2546.0,1593.0,Toffoli-weight scalarization sensitivity; raw logical counts/depth unchanged; not a native-gate claim
primary,n8_d25_s42,8,random_fixed_density,0.55,30,0.0625,10.0,0.0,0.25,398.25,0.16867852604828462,0.23113966315472903,2,0.908447265625,5498.25,2361.0,2546.0,1593.0,Toffoli-weight scalarization sensitivity; raw logical counts/depth unchanged; not a native-gate claim
primary,n8_d25_s42,8,random_fixed_density,0.55,30,0.0625,10.0,0.0,0.5,796.5,0.33735705209656924,0.23113966315472903,2,0.908447265625,5896.5,2361.0,2546.0,1593.0,Toffoli-weight scalarization sensitivity; raw logical counts/depth unchanged; not a native-gate claim
primary,n8_d25_s42,8,random_fixed_density,0.55,30,0.0625,10.0,0.0001,0.0,0.0,0.0,0.24505320258044436,0,0.062493750312489584,8.0,2361.0,2546.0,1593.0,Toffoli-weight scalarization sensitivity; raw logical counts/depth unchanged; not a native-gate claim
primary,n8_d25_s42,8,random_fixed_density,0.55,30,0.0625,10.0,0.0001,0.1,159.3,0.06747141041931386,0.24505320258044436,0,0.062493750312489584,167.3,2361.0,2546.0,1593.0,Toffoli-weight scalarization sensitivity; raw logical counts/depth unchanged; not a native-gate claim
primary,n8_d25_s42,8,random_fixed_density,0.55,30,0.0625,10.0,0.0001,0.25,398.25,0.16867852604828462,0.24505320258044436,2,0.8612948019102318,5498.25,2361.0,2546.0,1593.0,Toffoli-weight scalarization sensitivity; raw logical counts/depth unchanged; not a native-gate claim
primary,n8_d25_s42,8,random_fixed_density,0.55,30,0.0625,10.0,0.0001,0.5,796.5,0.33735705209656924,0.24505320258044436,2,0.8612948019102318,5896.5,2361.0,2546.0,1593.0,Toffoli-weight scalarization sensitivity; raw logical counts/depth unchanged; not a native-gate claim
primary,n8_d50_s17,8,random_fixed_density,0.25,48,0.1953125,1.0,0.0,0.0,0.0,0.0,0.10412584982009587,0,0.19531250000000003,8.0,1373.0,1450.0,3473.0,Toffoli-weight scalarization sensitivity; raw logical counts/depth unchanged; not a native-gate claim
primary,n8_d50_s17,8,random_fixed_density,0.25,48,0.1953125,1.0,0.0,0.1,347.3,0.2529497450837582,0.10412584982009587,0,0.19531250000000003,355.3,1373.0,1450.0,3473.0,Toffoli-weight scalarization sensitivity; raw logical counts/depth unchanged; not a native-gate claim
primary,n8_d50_s17,8,random_fixed_density,0.25,48,0.1953125,1.0,0.0,0.25,868.25,0.6323743627093955,0.10412584982009587,1,0.9614944458007814,2326.25,1373.0,1450.0,3473.0,Toffoli-weight scalarization sensitivity; raw logical counts/depth unchanged; not a native-gate claim
primary,n8_d50_s17,8,random_fixed_density,0.25,48,0.1953125,1.0,0.0,0.5,1736.5,1.264748725418791,0.10412584982009587,1,0.9614944458007814,3194.5,1373.0,1450.0,3473.0,Toffoli-weight scalarization sensitivity; raw logical counts/depth unchanged; not a native-gate claim
primary,n8_d50_s17,8,random_fixed_density,0.25,48,0.1953125,1.0,0.0001,0.0,0.0,0.0,0.11178784423356071,0,0.19529296972652999,8.0,1373.0,1450.0,3473.0,Toffoli-weight scalarization sensitivity; raw logical counts/depth unchanged; not a native-gate claim
primary,n8_d50_s17,8,random_fixed_density,0.25,48,0.1953125,1.0,0.0001,0.1,347.3,0.2529497450837582,0.11178784423356071,0,0.19529296972652999,355.3,1373.0,1450.0,3473.0,Toffoli-weight scalarization sensitivity; raw logical counts/depth unchanged; not a native-gate claim
primary,n8_d50_s17,8,random_fixed_density,0.25,48,0.1953125,1.0,0.0001,0.25,868.25,0.6323743627093955,0.11178784423356071,1,0.9099492133189758,2326.25,1373.0,1450.0,3473.0,Toffoli-weight scalarization sensitivity; raw logical counts/depth unchanged; not a native-gate claim
primary,n8_d50_s17,8,random_fixed_density,0.25,48,0.1953125,1.0,0.0001,0.5,1736.5,1.264748725418791,0.11178784423356071,1,0.9099492133189758,3194.5,1373.0,1450.0,3473.0,Toffoli-weight scalarization sensitivity; raw logical counts/depth unchanged; not a native-gate claim
primary,n8_d50_s17,8,random_fixed_density,0.25,48,0.1953125,4.0,0.0,0.0,0.0,0.0,0.199251654410592,0,0.19531250000000003,8.0,2633.0,2746.0,3473.0,Toffoli-weight scalarization sensitivity; raw logical counts/depth unchanged; not a native-gate claim
primary,n8_d50_s17,8,random_fixed_density,0.25,48,0.1953125,4.0,0.0,0.1,347.3,0.13190277250284846,0.199251654410592,0,0.19531250000000003,355.3,2633.0,2746.0,3473.0,Toffoli-weight scalarization sensitivity; raw logical counts/depth unchanged; not a native-gate claim
primary,n8_d50_s17,8,random_fixed_density,0.25,48,0.1953125,4.0,0.0,0.25,868.25,0.32975693125712113,0.199251654410592,1,0.9614944458007814,3622.25,2633.0,2746.0,3473.0,Toffoli-weight scalarization sensitivity; raw logical counts/depth unchanged; not a native-gate claim
primary,n8_d50_s17,8,random_fixed_density,0.25,48,0.1953125,4.0,0.0,0.5,1736.5,0.6595138625142423,0.199251654410592,1,0.9614944458007814,4490.5,2633.0,2746.0,3473.0,Toffoli-weight scalarization sensitivity; raw logical counts/depth unchanged; not a native-gate claim
primary,n8_d50_s17,8,random_fixed_density,0.25,48,0.1953125,4.0,0.0001,0.0,0.0,0.0,0.2137618865894709,0,0.19529296972652999,8.0,2633.0,2746.0,3473.0,Toffoli-weight scalarization sensitivity; raw logical counts/depth unchanged; not a native-gate claim
primary,n8_d50_s17,8,random_fixed_density,0.25,48,0.1953125,4.0,0.0001,0.1,347.3,0.13190277250284846,0.2137618865894709,0,0.19529296972652999,355.3,2633.0,2746.0,3473.0,Toffoli-weight scalarization sensitivity; raw logical counts/depth unchanged; not a native-gate claim
primary,n8_d50_s17,8,random_fixed_density,0.25,48,0.1953125,4.0,0.0001,0.25,868.25,0.32975693125712113,0.2137618865894709,1,0.9099492133189758,3622.25,2633.0,2746.0,3473.0,Toffoli-weight scalarization sensitivity; raw logical counts/depth unchanged; not a native-gate claim
primary,n8_d50_s17,8,random_fixed_density,0.25,48,0.1953125,4.0,0.0001,0.5,1736.5,0.6595138625142423,0.2137618865894709,1,0.9099492133189758,4490.5,2633.0,2746.0,3473.0,Toffoli-weight scalarization sensitivity; raw logical counts/depth unchanged; not a native-gate claim
primary,n8_d50_s17,8,random_fixed_density,0.25,48,0.1953125,6.0,0.0,0.0,0.0,0.0,0.2626688574709228,0,0.19531250000000003,8.0,3473.0,3610.0,3473.0,Toffoli-weight scalarization sensitivity; raw logical counts/depth unchanged; not a native-gate claim
primary,n8_d50_s17,8,random_fixed_density,0.25,48,0.1953125,6.0,0.0,0.1,347.3,0.1,0.2626688574709228,0,0.19531250000000003,355.3,3473.0,3610.0,3473.0,Toffoli-weight scalarization sensitivity; raw logical counts/depth unchanged; not a native-gate claim
primary,n8_d50_s17,8,random_fixed_density,0.25,48,0.1953125,6.0,0.0,0.25,868.25,0.25,0.2626688574709228,0,0.19531250000000003,876.25,3473.0,3610.0,3473.0,Toffoli-weight scalarization sensitivity; raw logical counts/depth unchanged; not a native-gate claim
primary,n8_d50_s17,8,random_fixed_density,0.25,48,0.1953125,6.0,0.0,0.5,1736.5,0.5,0.2626688574709228,1,0.9614944458007814,5354.5,3473.0,3610.0,3473.0,Toffoli-weight scalarization sensitivity; raw logical counts/depth unchanged; not a native-gate claim
primary,n8_d50_s17,8,random_fixed_density,0.25,48,0.1953125,6.0,0.0001,0.0,0.0,0.0,0.2817445814934111,0,0.19529296972652999,8.0,3473.0,3610.0,3473.0,Toffoli-weight scalarization sensitivity; raw logical counts/depth unchanged; not a native-gate claim
primary,n8_d50_s17,8,random_fixed_density,0.25,48,0.1953125,6.0,0.0001,0.1,347.3,0.1,0.2817445814934111,0,0.19529296972652999,355.3,3473.0,3610.0,3473.0,Toffoli-weight scalarization sensitivity; raw logical counts/depth unchanged; not a native-gate claim
primary,n8_d50_s17,8,random_fixed_density,0.25,48,0.1953125,6.0,0.0001,0.25,868.25,0.25,0.2817445814934111,0,0.19529296972652999,876.25,3473.0,3610.0,3473.0,Toffoli-weight scalarization sensitivity; raw logical counts/depth unchanged; not a native-gate claim
primary,n8_d50_s17,8,random_fixed_density,0.25,48,0.1953125,6.0,0.0001,0.5,1736.5,0.5,0.2817445814934111,1,0.9099492133189758,5354.5,3473.0,3610.0,3473.0,Toffoli-weight scalarization sensitivity; raw logical counts/depth unchanged; not a native-gate claim
primary,n8_d50_s17,8,random_fixed_density,0.25,48,0.1953125,10.0,0.0,0.0,0.0,0.0,0.38950326359158427,0,0.19531250000000003,8.0,5153.0,5338.0,3473.0,Toffoli-weight scalarization sensitivity; raw logical counts/depth unchanged; not a native-gate claim
primary,n8_d50_s17,8,random_fixed_density,0.25,48,0.1953125,10.0,0.0,0.1,347.3,0.06739763244711819,0.38950326359158427,0,0.19531250000000003,355.3,5153.0,5338.0,3473.0,Toffoli-weight scalarization sensitivity; raw logical counts/depth unchanged; not a native-gate claim
primary,n8_d50_s17,8,random_fixed_density,0.25,48,0.1953125,10.0,0.0,0.25,868.25,0.16849408111779546,0.38950326359158427,0,0.19531250000000003,876.25,5153.0,5338.0,3473.0,Toffoli-weight scalarization sensitivity; raw logical counts/depth unchanged; not a native-gate claim
primary,n8_d50_s17,8,random_fixed_density,0.25,48,0.1953125,10.0,0.0,0.5,1736.5,0.3369881622355909,0.38950326359158427,1,0.9614944458007814,7082.5,5153.0,5338.0,3473.0,Toffoli-weight scalarization sensitivity; raw logical counts/depth unchanged; not a native-gate claim
primary,n8_d50_s17,8,random_fixed_density,0.25,48,0.1953125,10.0,0.0001,0.0,0.0,0.0,0.41770997130129134,0,0.19529296972652999,8.0,5153.0,5338.0,3473.0,Toffoli-weight scalarization sensitivity; raw logical counts/depth unchanged; not a native-gate claim
primary,n8_d50_s17,8,random_fixed_density,0.25,48,0.1953125,10.0,0.0001,0.1,347.3,0.06739763244711819,0.41770997130129134,0,0.19529296972652999,355.3,5153.0,5338.0,3473.0,Toffoli-weight scalarization sensitivity; raw logical counts/depth unchanged; not a native-gate claim
primary,n8_d50_s17,8,random_fixed_density,0.25,48,0.1953125,10.0,0.0001,0.25,868.25,0.16849408111779546,0.41770997130129134,0,0.19529296972652999,876.25,5153.0,5338.0,3473.0,Toffoli-weight scalarization sensitivity; raw logical counts/depth unchanged; not a native-gate claim
primary,n8_d50_s17,8,random_fixed_density,0.25,48,0.1953125,10.0,0.0001,0.5,1736.5,0.3369881622355909,0.41770997130129134,1,0.9099492133189758,7082.5,5153.0,5338.0,3473.0,Toffoli-weight scalarization sensitivity; raw logical counts/depth unchanged; not a native-gate claim
primary,n8_d50_s17,8,random_fixed_density,0.4,54,0.0625,1.0,0.0,0.0,0.0,0.0,0.059388670963678156,0,0.0625,8.0,1373.0,1450.0,3473.0,Toffoli-weight scalarization sensitivity; raw logical counts/depth unchanged; not a native-gate claim
primary,n8_d50_s17,8,random_fixed_density,0.4,54,0.0625,1.0,0.0,0.1,347.3,0.2529497450837582,0.059388670963678156,2,0.908447265625,3255.3,1373.0,1450.0,3473.0,Toffoli-weight scalarization sensitivity; raw logical counts/depth unchanged; not a native-gate claim
primary,n8_d50_s17,8,random_fixed_density,0.4,54,0.0625,1.0,0.0,0.25,868.25,0.6323743627093955,0.059388670963678156,2,0.908447265625,3776.25,1373.0,1450.0,3473.0,Toffoli-weight scalarization sensitivity; raw logical counts/depth unchanged; not a native-gate claim
primary,n8_d50_s17,8,random_fixed_density,0.4,54,0.0625,1.0,0.0,0.5,1736.5,1.264748725418791,0.059388670963678156,2,0.908447265625,4644.5,1373.0,1450.0,3473.0,Toffoli-weight scalarization sensitivity; raw logical counts/depth unchanged; not a native-gate claim
primary,n8_d50_s17,8,random_fixed_density,0.4,54,0.0625,1.0,0.0001,0.0,0.0,0.0,0.06549782326677898,0,0.062493750312489584,8.0,1373.0,1450.0,3473.0,Toffoli-weight scalarization sensitivity; raw logical counts/depth unchanged; not a native-gate claim
primary,n8_d50_s17,8,random_fixed_density,0.4,54,0.0625,1.0,0.0001,0.1,347.3,0.2529497450837582,0.06549782326677898,2,0.8137366929255557,3255.3,1373.0,1450.0,3473.0,Toffoli-weight scalarization sensitivity; raw logical counts/depth unchanged; not a native-gate claim
primary,n8_d50_s17,8,random_fixed_density,0.4,54,0.0625,1.0,0.0001,0.25,868.25,0.6323743627093955,0.06549782326677898,2,0.8137366929255557,3776.25,1373.0,1450.0,3473.0,Toffoli-weight scalarization sensitivity; raw logical counts/depth unchanged; not a native-gate claim
primary,n8_d50_s17,8,random_fixed_density,0.4,54,0.0625,1.0,0.0001,0.5,1736.5,1.264748725418791,0.06549782326677898,2,0.8137366929255557,4644.5,1373.0,1450.0,3473.0,Toffoli-weight scalarization sensitivity; raw logical counts/depth unchanged; not a native-gate claim
primary,n8_d50_s17,8,random_fixed_density,0.4,54,0.0625,4.0,0.0,0.0,0.0,0.0,0.11452869362457614,0,0.0625,8.0,2633.0,2746.0,3473.0,Toffoli-weight scalarization sensitivity; raw logical counts/depth unchanged; not a native-gate claim
primary,n8_d50_s17,8,random_fixed_density,0.4,54,0.0625,4.0,0.0,0.1,347.3,0.13190277250284846,0.11452869362457614,0,0.0625,355.3,2633.0,2746.0,3473.0,Toffoli-weight scalarization sensitivity; raw logical counts/depth unchanged; not a native-gate claim
primary,n8_d50_s17,8,random_fixed_density,0.4,54,0.0625,4.0,0.0,0.25,868.25,0.32975693125712113,0.11452869362457614,2,0.908447265625,6368.25,2633.0,2746.0,3473.0,Toffoli-weight scalarization sensitivity; raw logical counts/depth unchanged; not a native-gate claim
primary,n8_d50_s17,8,random_fixed_density,0.4,54,0.0625,4.0,0.0,0.5,1736.5,0.6595138625142423,0.11452869362457614,2,0.908447265625,7236.5,2633.0,2746.0,3473.0,Toffoli-weight scalarization sensitivity; raw logical counts/depth unchanged; not a native-gate claim
primary,n8_d50_s17,8,random_fixed_density,0.4,54,0.0625,4.0,0.0001,0.0,0.0,0.0,0.12609816412410363,0,0.062493750312489584,8.0,2633.0,2746.0,3473.0,Toffoli-weight scalarization sensitivity; raw logical counts/depth unchanged; not a native-gate claim
primary,n8_d50_s17,8,random_fixed_density,0.4,54,0.0625,4.0,0.0001,0.1,347.3,0.13190277250284846,0.12609816412410363,0,0.062493750312489584,355.3,2633.0,2746.0,3473.0,Toffoli-weight scalarization sensitivity; raw logical counts/depth unchanged; not a native-gate claim
primary,n8_d50_s17,8,random_fixed_density,0.4,54,0.0625,4.0,0.0001,0.25,868.25,0.32975693125712113,0.12609816412410363,2,0.8137366929255557,6368.25,2633.0,2746.0,3473.0,Toffoli-weight scalarization sensitivity; raw logical counts/depth unchanged; not a native-gate claim
primary,n8_d50_s17,8,random_fixed_density,0.4,54,0.0625,4.0,0.0001,0.5,1736.5,0.6595138625142423,0.12609816412410363,2,0.8137366929255557,7236.5,2633.0,2746.0,3473.0,Toffoli-weight scalarization sensitivity; raw logical counts/depth unchanged; not a native-gate claim
primary,n8_d50_s17,8,random_fixed_density,0.4,54,0.0625,6.0,0.0,0.0,0.0,0.0,0.15128870873184147,0,0.0625,8.0,3473.0,3610.0,3473.0,Toffoli-weight scalarization sensitivity; raw logical counts/depth unchanged; not a native-gate claim
primary,n8_d50_s17,8,random_fixed_density,0.4,54,0.0625,6.0,0.0,0.1,347.3,0.1,0.15128870873184147,0,0.0625,355.3,3473.0,3610.0,3473.0,Toffoli-weight scalarization sensitivity; raw logical counts/depth unchanged; not a native-gate claim
primary,n8_d50_s17,8,random_fixed_density,0.4,54,0.0625,6.0,0.0,0.25,868.25,0.25,0.15128870873184147,2,0.908447265625,8096.25,3473.0,3610.0,3473.0,Toffoli-weight scalarization sensitivity; raw logical counts/depth unchanged; not a native-gate claim
primary,n8_d50_s17,8,random_fixed_density,0.4,54,0.0625,6.0,0.0,0.5,1736.5,0.5,0.15128870873184147,2,0.908447265625,8964.5,3473.0,3610.0,3473.0,Toffoli-weight scalarization sensitivity; raw logical counts/depth unchanged; not a native-gate claim
primary,n8_d50_s17,8,random_fixed_density,0.4,54,0.0625,6.0,0.0001,0.0,0.0,0.0,0.1664983913623201,0,0.062493750312489584,8.0,3473.0,3610.0,3473.0,Toffoli-weight scalarization sensitivity; raw logical counts/depth unchanged; not a native-gate claim
primary,n8_d50_s17,8,random_fixed_density,0.4,54,0.0625,6.0,0.0001,0.1,347.3,0.1,0.1664983913623201,0,0.062493750312489584,355.3,3473.0,3610.0,3473.0,Toffoli-weight scalarization sensitivity; raw logical counts/depth unchanged; not a native-gate claim
primary,n8_d50_s17,8,random_fixed_density,0.4,54,0.0625,6.0,0.0001,0.25,868.25,0.25,0.1664983913623201,2,0.8137366929255557,8096.25,3473.0,3610.0,3473.0,Toffoli-weight scalarization sensitivity; raw logical counts/depth unchanged; not a native-gate claim
primary,n8_d50_s17,8,random_fixed_density,0.4,54,0.0625,6.0,0.0001,0.5,1736.5,0.5,0.1664983913623201,2,0.8137366929255557,8964.5,3473.0,3610.0,3473.0,Toffoli-weight scalarization sensitivity; raw logical counts/depth unchanged; not a native-gate claim
primary,n8_d50_s17,8,random_fixed_density,0.4,54,0.0625,10.0,0.0,0.0,0.0,0.0,0.22480873894637213,0,0.0625,8.0,5153.0,5338.0,3473.0,Toffoli-weight scalarization sensitivity; raw logical counts/depth unchanged; not a native-gate claim
primary,n8_d50_s17,8,random_fixed_density,0.4,54,0.0625,10.0,0.0,0.1,347.3,0.06739763244711819,0.22480873894637213,0,0.0625,355.3,5153.0,5338.0,3473.0,Toffoli-weight scalarization sensitivity; raw logical counts/depth unchanged; not a native-gate claim
primary,n8_d50_s17,8,random_fixed_density,0.4,54,0.0625,10.0,0.0,0.25,868.25,0.16849408111779546,0.22480873894637213,2,0.908447265625,11552.25,5153.0,5338.0,3473.0,Toffoli-weight scalarization sensitivity; raw logical counts/depth unchanged; not a native-gate claim
primary,n8_d50_s17,8,random_fixed_density,0.4,54,0.0625,10.0,0.0,0.5,1736.5,0.3369881622355909,0.22480873894637213,2,0.908447265625,12420.5,5153.0,5338.0,3473.0,Toffoli-weight scalarization sensitivity; raw logical counts/depth unchanged; not a native-gate claim
primary,n8_d50_s17,8,random_fixed_density,0.4,54,0.0625,10.0,0.0001,0.0,0.0,0.0,0.24729884583875295,0,0.062493750312489584,8.0,5153.0,5338.0,3473.0,Toffoli-weight scalarization sensitivity; raw logical counts/depth unchanged; not a native-gate claim
primary,n8_d50_s17,8,random_fixed_density,0.4,54,0.0625,10.0,0.0001,0.1,347.3,0.06739763244711819,0.24729884583875295,0,0.062493750312489584,355.3,5153.0,5338.0,3473.0,Toffoli-weight scalarization sensitivity; raw logical counts/depth unchanged; not a native-gate claim
primary,n8_d50_s17,8,random_fixed_density,0.4,54,0.0625,10.0,0.0001,0.25,868.25,0.16849408111779546,0.24729884583875295,1,0.4473173867370537,6214.25,5153.0,5338.0,3473.0,Toffoli-weight scalarization sensitivity; raw logical counts/depth unchanged; not a native-gate claim
primary,n8_d50_s17,8,random_fixed_density,0.4,54,0.0625,10.0,0.0001,0.5,1736.5,0.3369881622355909,0.24729884583875295,2,0.8137366929255557,12420.5,5153.0,5338.0,3473.0,Toffoli-weight scalarization sensitivity; raw logical counts/depth unchanged; not a native-gate claim
primary,n8_d50_s42,8,random_fixed_density,0.25,49,0.1875,1.0,0.0,0.0,0.0,0.0,0.10046734146935701,0,0.18749999999999997,8.0,1373.0,1450.0,3473.0,Toffoli-weight scalarization sensitivity; raw logical counts/depth unchanged; not a native-gate claim
primary,n8_d50_s42,8,random_fixed_density,0.25,49,0.1875,1.0,0.0,0.1,347.3,0.2529497450837582,0.10046734146935701,0,0.18749999999999997,355.3,1373.0,1450.0,3473.0,Toffoli-weight scalarization sensitivity; raw logical counts/depth unchanged; not a native-gate claim
primary,n8_d50_s42,8,random_fixed_density,0.25,49,0.1875,1.0,0.0,0.25,868.25,0.6323743627093955,0.10046734146935701,1,0.94921875,2326.25,1373.0,1450.0,3473.0,Toffoli-weight scalarization sensitivity; raw logical counts/depth unchanged; not a native-gate claim
primary,n8_d50_s42,8,random_fixed_density,0.25,49,0.1875,1.0,0.0,0.5,1736.5,1.264748725418791,0.10046734146935701,1,0.94921875,3194.5,1373.0,1450.0,3473.0,Toffoli-weight scalarization sensitivity; raw logical counts/depth unchanged; not a native-gate claim
primary,n8_d50_s42,8,random_fixed_density,0.25,49,0.1875,1.0,0.0001,0.0,0.0,0.0,0.1078106007844087,0,0.18748125093746873,8.0,1373.0,1450.0,3473.0,Toffoli-weight scalarization sensitivity; raw logical counts/depth unchanged; not a native-gate claim
primary,n8_d50_s42,8,random_fixed_density,0.25,49,0.1875,1.0,0.0001,0.1,347.3,0.2529497450837582,0.1078106007844087,0,0.18748125093746873,355.3,1373.0,1450.0,3473.0,Toffoli-weight scalarization sensitivity; raw logical counts/depth unchanged; not a native-gate claim
primary,n8_d50_s42,8,random_fixed_density,0.25,49,0.1875,1.0,0.0001,0.25,868.25,0.6323743627093955,0.1078106007844087,1,0.8983316113810251,2326.25,1373.0,1450.0,3473.0,Toffoli-weight scalarization sensitivity; raw logical counts/depth unchanged; not a native-gate claim
primary,n8_d50_s42,8,random_fixed_density,0.25,49,0.1875,1.0,0.0001,0.5,1736.5,1.264748725418791,0.1078106007844087,1,0.8983316113810251,3194.5,1373.0,1450.0,3473.0,Toffoli-weight scalarization sensitivity; raw logical counts/depth unchanged; not a native-gate claim
primary,n8_d50_s42,8,random_fixed_density,0.25,49,0.1875,4.0,0.0,0.0,0.0,0.0,0.19232319652705482,0,0.18749999999999997,8.0,2633.0,2746.0,3473.0,Toffoli-weight scalarization sensitivity; raw logical counts/depth unchanged; not a native-gate claim
primary,n8_d50_s42,8,random_fixed_density,0.25,49,0.1875,4.0,0.0,0.1,347.3,0.13190277250284846,0.19232319652705482,0,0.18749999999999997,355.3,2633.0,2746.0,3473.0,Toffoli-weight scalarization sensitivity; raw logical counts/depth unchanged; not a native-gate claim
primary,n8_d50_s42,8,random_fixed_density,0.25,49,0.1875,4.0,0.0,0.25,868.25,0.32975693125712113,0.19232319652705482,1,0.94921875,3622.25,2633.0,2746.0,3473.0,Toffoli-weight scalarization sensitivity; raw logical counts/depth unchanged; not a native-gate claim
primary,n8_d50_s42,8,random_fixed_density,0.25,49,0.1875,4.0,0.0,0.5,1736.5,0.6595138625142423,0.19232319652705482,1,0.94921875,4490.5,2633.0,2746.0,3473.0,Toffoli-weight scalarization sensitivity; raw logical counts/depth unchanged; not a native-gate claim
primary,n8_d50_s42,8,random_fixed_density,0.25,49,0.1875,4.0,0.0001,0.0,0.0,0.0,0.20622981037473204,0,0.18748125093746873,8.0,2633.0,2746.0,3473.0,Toffoli-weight scalarization sensitivity; raw logical counts/depth unchanged; not a native-gate claim
primary,n8_d50_s42,8,random_fixed_density,0.25,49,0.1875,4.0,0.0001,0.1,347.3,0.13190277250284846,0.20622981037473204,0,0.18748125093746873,355.3,2633.0,2746.0,3473.0,Toffoli-weight scalarization sensitivity; raw logical counts/depth unchanged; not a native-gate claim
primary,n8_d50_s42,8,random_fixed_density,0.25,49,0.1875,4.0,0.0001,0.25,868.25,0.32975693125712113,0.20622981037473204,1,0.8983316113810251,3622.25,2633.0,2746.0,3473.0,Toffoli-weight scalarization sensitivity; raw logical counts/depth unchanged; not a native-gate claim
primary,n8_d50_s42,8,random_fixed_density,0.25,49,0.1875,4.0,0.0001,0.5,1736.5,0.6595138625142423,0.20622981037473204,1,0.8983316113810251,4490.5,2633.0,2746.0,3473.0,Toffoli-weight scalarization sensitivity; raw logical counts/depth unchanged; not a native-gate claim
primary,n8_d50_s42,8,random_fixed_density,0.25,49,0.1875,6.0,0.0,0.0,0.0,0.0,0.2535604332321867,0,0.18749999999999997,8.0,3473.0,3610.0,3473.0,Toffoli-weight scalarization sensitivity; raw logical counts/depth unchanged; not a native-gate claim
primary,n8_d50_s42,8,random_fixed_density,0.25,49,0.1875,6.0,0.0,0.1,347.3,0.1,0.2535604332321867,0,0.18749999999999997,355.3,3473.0,3610.0,3473.0,Toffoli-weight scalarization sensitivity; raw logical counts/depth unchanged; not a native-gate claim
primary,n8_d50_s42,8,random_fixed_density,0.25,49,0.1875,6.0,0.0,0.25,868.25,0.25,0.2535604332321867,0,0.18749999999999997,876.25,3473.0,3610.0,3473.0,Toffoli-weight scalarization sensitivity; raw logical counts/depth unchanged; not a native-gate claim
primary,n8_d50_s42,8,random_fixed_density,0.25,49,0.1875,6.0,0.0,0.5,1736.5,0.5,0.2535604332321867,1,0.94921875,5354.5,3473.0,3610.0,3473.0,Toffoli-weight scalarization sensitivity; raw logical counts/depth unchanged; not a native-gate claim
primary,n8_d50_s42,8,random_fixed_density,0.25,49,0.1875,6.0,0.0001,0.0,0.0,0.0,0.271842616768281,0,0.18748125093746873,8.0,3473.0,3610.0,3473.0,Toffoli-weight scalarization sensitivity; raw logical counts/depth unchanged; not a native-gate claim
primary,n8_d50_s42,8,random_fixed_density,0.25,49,0.1875,6.0,0.0001,0.1,347.3,0.1,0.271842616768281,0,0.18748125093746873,355.3,3473.0,3610.0,3473.0,Toffoli-weight scalarization sensitivity; raw logical counts/depth unchanged; not a native-gate claim
primary,n8_d50_s42,8,random_fixed_density,0.25,49,0.1875,6.0,0.0001,0.25,868.25,0.25,0.271842616768281,0,0.18748125093746873,876.25,3473.0,3610.0,3473.0,Toffoli-weight scalarization sensitivity; raw logical counts/depth unchanged; not a native-gate claim
primary,n8_d50_s42,8,random_fixed_density,0.25,49,0.1875,6.0,0.0001,0.5,1736.5,0.5,0.271842616768281,1,0.8983316113810251,5354.5,3473.0,3610.0,3473.0,Toffoli-weight scalarization sensitivity; raw logical counts/depth unchanged; not a native-gate claim
primary,n8_d50_s42,8,random_fixed_density,0.25,49,0.1875,10.0,0.0,0.0,0.0,0.0,0.3760349066424505,0,0.18749999999999997,8.0,5153.0,5338.0,3473.0,Toffoli-weight scalarization sensitivity; raw logical counts/depth unchanged; not a native-gate claim
primary,n8_d50_s42,8,random_fixed_density,0.25,49,0.1875,10.0,0.0,0.1,347.3,0.06739763244711819,0.3760349066424505,0,0.18749999999999997,355.3,5153.0,5338.0,3473.0,Toffoli-weight scalarization sensitivity; raw logical counts/depth unchanged; not a native-gate claim
primary,n8_d50_s42,8,random_fixed_density,0.25,49,0.1875,10.0,0.0,0.25,868.25,0.16849408111779546,0.3760349066424505,0,0.18749999999999997,876.25,5153.0,5338.0,3473.0,Toffoli-weight scalarization sensitivity; raw logical counts/depth unchanged; not a native-gate claim
primary,n8_d50_s42,8,random_fixed_density,0.25,49,0.1875,10.0,0.0,0.5,1736.5,0.3369881622355909,0.3760349066424505,1,0.94921875,7082.5,5153.0,5338.0,3473.0,Toffoli-weight scalarization sensitivity; raw logical counts/depth unchanged; not a native-gate claim
primary,n8_d50_s42,8,random_fixed_density,0.25,49,0.1875,10.0,0.0001,0.0,0.0,0.0,0.40306822955537885,0,0.18748125093746873,8.0,5153.0,5338.0,3473.0,Toffoli-weight scalarization sensitivity; raw logical counts/depth unchanged; not a native-gate claim
primary,n8_d50_s42,8,random_fixed_density,0.25,49,0.1875,10.0,0.0001,0.1,347.3,0.06739763244711819,0.40306822955537885,0,0.18748125093746873,355.3,5153.0,5338.0,3473.0,Toffoli-weight scalarization sensitivity; raw logical counts/depth unchanged; not a native-gate claim
primary,n8_d50_s42,8,random_fixed_density,0.25,49,0.1875,10.0,0.0001,0.25,868.25,0.16849408111779546,0.40306822955537885,0,0.18748125093746873,876.25,5153.0,5338.0,3473.0,Toffoli-weight scalarization sensitivity; raw logical counts/depth unchanged; not a native-gate claim
primary,n8_d50_s42,8,random_fixed_density,0.25,49,0.1875,10.0,0.0001,0.5,1736.5,0.3369881622355909,0.40306822955537885,1,0.8983316113810251,7082.5,5153.0,5338.0,3473.0,Toffoli-weight scalarization sensitivity; raw logical counts/depth unchanged; not a native-gate claim
primary,n8_d50_s42,8,random_fixed_density,0.4,54,0.046875,1.0,0.0,0.0,0.0,0.0,0.05057627242821694,0,0.04687499999999999,8.0,1373.0,1450.0,3473.0,Toffoli-weight scalarization sensitivity; raw logical counts/depth unchanged; not a native-gate claim
primary,n8_d50_s42,8,random_fixed_density,0.4,54,0.046875,1.0,0.0,0.1,347.3,0.2529497450837582,0.05057627242821694,2,0.7870681285858153,3255.3,1373.0,1450.0,3473.0,Toffoli-weight scalarization sensitivity; raw logical counts/depth unchanged; not a native-gate claim
primary,n8_d50_s42,8,random_fixed_density,0.4,54,0.046875,1.0,0.0,0.25,868.25,0.6323743627093955,0.05057627242821694,2,0.7870681285858153,3776.25,1373.0,1450.0,3473.0,Toffoli-weight scalarization sensitivity; raw logical counts/depth unchanged; not a native-gate claim
primary,n8_d50_s42,8,random_fixed_density,0.4,54,0.046875,1.0,0.0,0.5,1736.5,1.264748725418791,0.05057627242821694,2,0.7870681285858153,4644.5,1373.0,1450.0,3473.0,Toffoli-weight scalarization sensitivity; raw logical counts/depth unchanged; not a native-gate claim
primary,n8_d50_s42,8,random_fixed_density,0.4,54,0.046875,1.0,0.0001,0.0,0.0,0.0,0.057162919171749815,0,0.04687031273436718,8.0,1373.0,1450.0,3473.0,Toffoli-weight scalarization sensitivity; raw logical counts/depth unchanged; not a native-gate claim
primary,n8_d50_s42,8,random_fixed_density,0.4,54,0.046875,1.0,0.0001,0.1,347.3,0.2529497450837582,0.057162919171749815,2,0.7050119916667864,3255.3,1373.0,1450.0,3473.0,Toffoli-weight scalarization sensitivity; raw logical counts/depth unchanged; not a native-gate claim
primary,n8_d50_s42,8,random_fixed_density,0.4,54,0.046875,1.0,0.0001,0.25,868.25,0.6323743627093955,0.057162919171749815,2,0.7050119916667864,3776.25,1373.0,1450.0,3473.0,Toffoli-weight scalarization sensitivity; raw logical counts/depth unchanged; not a native-gate claim
primary,n8_d50_s42,8,random_fixed_density,0.4,54,0.046875,1.0,0.0001,0.5,1736.5,1.264748725418791,0.057162919171749815,2,0.7050119916667864,4644.5,1373.0,1450.0,3473.0,Toffoli-weight scalarization sensitivity; raw logical counts/depth unchanged; not a native-gate claim
primary,n8_d50_s42,8,random_fixed_density,0.4,54,0.046875,4.0,0.0,0.0,0.0,0.0,0.09783983405328199,0,0.04687499999999999,8.0,2633.0,2746.0,3473.0,Toffoli-weight scalarization sensitivity; raw logical counts/depth unchanged; not a native-gate claim
primary,n8_d50_s42,8,random_fixed_density,0.4,54,0.046875,4.0,0.0,0.1,347.3,0.13190277250284846,0.09783983405328199,2,0.7870681285858153,5847.3,2633.0,2746.0,3473.0,Toffoli-weight scalarization sensitivity; raw logical counts/depth unchanged; not a native-gate claim
primary,n8_d50_s42,8,random_fixed_density,0.4,54,0.046875,4.0,0.0,0.25,868.25,0.32975693125712113,0.09783983405328199,2,0.7870681285858153,6368.25,2633.0,2746.0,3473.0,Toffoli-weight scalarization sensitivity; raw logical counts/depth unchanged; not a native-gate claim
primary,n8_d50_s42,8,random_fixed_density,0.4,54,0.046875,4.0,0.0,0.5,1736.5,0.6595138625142423,0.09783983405328199,2,0.7870681285858153,7236.5,2633.0,2746.0,3473.0,Toffoli-weight scalarization sensitivity; raw logical counts/depth unchanged; not a native-gate claim
primary,n8_d50_s42,8,random_fixed_density,0.4,54,0.046875,4.0,0.0001,0.0,0.0,0.0,0.11031358023103457,0,0.04687031273436718,8.0,2633.0,2746.0,3473.0,Toffoli-weight scalarization sensitivity; raw logical counts/depth unchanged; not a native-gate claim
primary,n8_d50_s42,8,random_fixed_density,0.4,54,0.046875,4.0,0.0001,0.1,347.3,0.13190277250284846,0.11031358023103457,0,0.04687031273436718,355.3,2633.0,2746.0,3473.0,Toffoli-weight scalarization sensitivity; raw logical counts/depth unchanged; not a native-gate claim
primary,n8_d50_s42,8,random_fixed_density,0.4,54,0.046875,4.0,0.0001,0.25,868.25,0.32975693125712113,0.11031358023103457,2,0.7050119916667864,6368.25,2633.0,2746.0,3473.0,Toffoli-weight scalarization sensitivity; raw logical counts/depth unchanged; not a native-gate claim
primary,n8_d50_s42,8,random_fixed_density,0.4,54,0.046875,4.0,0.0001,0.5,1736.5,0.6595138625142423,0.11031358023103457,2,0.7050119916667864,7236.5,2633.0,2746.0,3473.0,Toffoli-weight scalarization sensitivity; raw logical counts/depth unchanged; not a native-gate claim
primary,n8_d50_s42,8,random_fixed_density,0.4,54,0.046875,6.0,0.0,0.0,0.0,0.0,0.1293488751366587,0,0.04687499999999999,8.0,3473.0,3610.0,3473.0,Toffoli-weight scalarization sensitivity; raw logical counts/depth unchanged; not a native-gate claim
primary,n8_d50_s42,8,random_fixed_density,0.4,54,0.046875,6.0,0.0,0.1,347.3,0.1,0.1293488751366587,0,0.04687499999999999,355.3,3473.0,3610.0,3473.0,Toffoli-weight scalarization sensitivity; raw logical counts/depth unchanged; not a native-gate claim
primary,n8_d50_s42,8,random_fixed_density,0.4,54,0.046875,6.0,0.0,0.25,868.25,0.25,0.1293488751366587,2,0.7870681285858153,8096.25,3473.0,3610.0,3473.0,Toffoli-weight scalarization sensitivity; raw logical counts/depth unchanged; not a native-gate claim
primary,n8_d50_s42,8,random_fixed_density,0.4,54,0.046875,6.0,0.0,0.5,1736.5,0.5,0.1293488751366587,2,0.7870681285858153,8964.5,3473.0,3610.0,3473.0,Toffoli-weight scalarization sensitivity; raw logical counts/depth unchanged; not a native-gate claim
primary,n8_d50_s42,8,random_fixed_density,0.4,54,0.046875,6.0,0.0001,0.0,0.0,0.0,0.14574735427055774,0,0.04687031273436718,8.0,3473.0,3610.0,3473.0,Toffoli-weight scalarization sensitivity; raw logical counts/depth unchanged; not a native-gate claim
primary,n8_d50_s42,8,random_fixed_density,0.4,54,0.046875,6.0,0.0001,0.1,347.3,0.1,0.14574735427055774,0,0.04687031273436718,355.3,3473.0,3610.0,3473.0,Toffoli-weight scalarization sensitivity; raw logical counts/depth unchanged; not a native-gate claim
primary,n8_d50_s42,8,random_fixed_density,0.4,54,0.046875,6.0,0.0001,0.25,868.25,0.25,0.14574735427055774,2,0.7050119916667864,8096.25,3473.0,3610.0,3473.0,Toffoli-weight scalarization sensitivity; raw logical counts/depth unchanged; not a native-gate claim
primary,n8_d50_s42,8,random_fixed_density,0.4,54,0.046875,6.0,0.0001,0.5,1736.5,0.5,0.14574735427055774,2,0.7050119916667864,8964.5,3473.0,3610.0,3473.0,Toffoli-weight scalarization sensitivity; raw logical counts/depth unchanged; not a native-gate claim
primary,n8_d50_s42,8,random_fixed_density,0.4,54,0.046875,10.0,0.0,0.0,0.0,0.0,0.1923669573034121,0,0.04687499999999999,8.0,5153.0,5338.0,3473.0,Toffoli-weight scalarization sensitivity; raw logical counts/depth unchanged; not a native-gate claim
primary,n8_d50_s42,8,random_fixed_density,0.4,54,0.046875,10.0,0.0,0.1,347.3,0.06739763244711819,0.1923669573034121,0,0.04687499999999999,355.3,5153.0,5338.0,3473.0,Toffoli-weight scalarization sensitivity; raw logical counts/depth unchanged; not a native-gate claim
primary,n8_d50_s42,8,random_fixed_density,0.4,54,0.046875,10.0,0.0,0.25,868.25,0.16849408111779546,0.1923669573034121,2,0.7870681285858153,11552.25,5153.0,5338.0,3473.0,Toffoli-weight scalarization sensitivity; raw logical counts/depth unchanged; not a native-gate claim
primary,n8_d50_s42,8,random_fixed_density,0.4,54,0.046875,10.0,0.0,0.5,1736.5,0.3369881622355909,0.1923669573034121,2,0.7870681285858153,12420.5,5153.0,5338.0,3473.0,Toffoli-weight scalarization sensitivity; raw logical counts/depth unchanged; not a native-gate claim
primary,n8_d50_s42,8,random_fixed_density,0.4,54,0.046875,10.0,0.0001,0.0,0.0,0.0,0.21661490234960412,0,0.04687031273436718,8.0,5153.0,5338.0,3473.0,Toffoli-weight scalarization sensitivity; raw logical counts/depth unchanged; not a native-gate claim
primary,n8_d50_s42,8,random_fixed_density,0.4,54,0.046875,10.0,0.0001,0.1,347.3,0.06739763244711819,0.21661490234960412,0,0.04687031273436718,355.3,5153.0,5338.0,3473.0,Toffoli-weight scalarization sensitivity; raw logical counts/depth unchanged; not a native-gate claim
primary,n8_d50_s42,8,random_fixed_density,0.4,54,0.046875,10.0,0.0001,0.25,868.25,0.16849408111779546,0.21661490234960412,2,0.7050119916667864,11552.25,5153.0,5338.0,3473.0,Toffoli-weight scalarization sensitivity; raw logical counts/depth unchanged; not a native-gate claim
primary,n8_d50_s42,8,random_fixed_density,0.4,54,0.046875,10.0,0.0001,0.5,1736.5,0.3369881622355909,0.21661490234960412,2,0.7050119916667864,12420.5,5153.0,5338.0,3473.0,Toffoli-weight scalarization sensitivity; raw logical counts/depth unchanged; not a native-gate claim
primary,n8_d50_s42,8,random_fixed_density,0.55,60,0.015625,1.0,0.0,0.0,0.0,0.0,0.030283576989587384,0,0.015625,8.0,1373.0,1450.0,3473.0,Toffoli-weight scalarization sensitivity; raw logical counts/depth unchanged; not a native-gate claim
primary,n8_d50_s42,8,random_fixed_density,0.55,60,0.015625,1.0,0.0,0.1,347.3,0.2529497450837582,0.030283576989587384,4,0.8163770193968958,6155.3,1373.0,1450.0,3473.0,Toffoli-weight scalarization sensitivity; raw logical counts/depth unchanged; not a native-gate claim
primary,n8_d50_s42,8,random_fixed_density,0.55,60,0.015625,1.0,0.0,0.25,868.25,0.6323743627093955,0.030283576989587384,4,0.8163770193968958,6676.25,1373.0,1450.0,3473.0,Toffoli-weight scalarization sensitivity; raw logical counts/depth unchanged; not a native-gate claim
primary,n8_d50_s42,8,random_fixed_density,0.55,60,0.015625,1.0,0.0,0.5,1736.5,1.264748725418791,0.030283576989587384,4,0.8163770193968958,7544.5,1373.0,1450.0,3473.0,Toffoli-weight scalarization sensitivity; raw logical counts/depth unchanged; not a native-gate claim
primary,n8_d50_s42,8,random_fixed_density,0.55,60,0.015625,1.0,0.0001,0.0,0.0,0.0,0.03798164407677298,0,0.015623437578122396,8.0,1373.0,1450.0,3473.0,Toffoli-weight scalarization sensitivity; raw logical counts/depth unchanged; not a native-gate claim
primary,n8_d50_s42,8,random_fixed_density,0.55,60,0.015625,1.0,0.0001,0.1,347.3,0.2529497450837582,0.03798164407677298,3,0.5013773657126739,4705.3,1373.0,1450.0,3473.0,Toffoli-weight scalarization sensitivity; raw logical counts/depth unchanged; not a native-gate claim
primary,n8_d50_s42,8,random_fixed_density,0.55,60,0.015625,1.0,0.0001,0.25,868.25,0.6323743627093955,0.03798164407677298,4,0.655092391775839,6676.25,1373.0,1450.0,3473.0,Toffoli-weight scalarization sensitivity; raw logical counts/depth unchanged; not a native-gate claim
primary,n8_d50_s42,8,random_fixed_density,0.55,60,0.015625,1.0,0.0001,0.5,1736.5,1.264748725418791,0.03798164407677298,4,0.655092391775839,7544.5,1373.0,1450.0,3473.0,Toffoli-weight scalarization sensitivity; raw logical counts/depth unchanged; not a native-gate claim
primary,n8_d50_s42,8,random_fixed_density,0.55,60,0.015625,4.0,0.0,0.0,0.0,0.0,0.059409667381229055,0,0.015625,8.0,2633.0,2746.0,3473.0,Toffoli-weight scalarization sensitivity; raw logical counts/depth unchanged; not a native-gate claim
primary,n8_d50_s42,8,random_fixed_density,0.55,60,0.015625,4.0,0.0,0.1,347.3,0.13190277250284846,0.059409667381229055,4,0.8163770193968958,11339.3,2633.0,2746.0,3473.0,Toffoli-weight scalarization sensitivity; raw logical counts/depth unchanged; not a native-gate claim
primary,n8_d50_s42,8,random_fixed_density,0.55,60,0.015625,4.0,0.0,0.25,868.25,0.32975693125712113,0.059409667381229055,4,0.8163770193968958,11860.25,2633.0,2746.0,3473.0,Toffoli-weight scalarization sensitivity; raw logical counts/depth unchanged; not a native-gate claim
primary,n8_d50_s42,8,random_fixed_density,0.55,60,0.015625,4.0,0.0,0.5,1736.5,0.6595138625142423,0.059409667381229055,4,0.8163770193968958,12728.5,2633.0,2746.0,3473.0,Toffoli-weight scalarization sensitivity; raw logical counts/depth unchanged; not a native-gate claim
primary,n8_d50_s42,8,random_fixed_density,0.55,60,0.015625,4.0,0.0001,0.0,0.0,0.0,0.07398821374082329,0,0.015623437578122396,8.0,2633.0,2746.0,3473.0,Toffoli-weight scalarization sensitivity; raw logical counts/depth unchanged; not a native-gate claim
primary,n8_d50_s42,8,random_fixed_density,0.55,60,0.015625,4.0,0.0001,0.1,347.3,0.13190277250284846,0.07398821374082329,3,0.5013773657126739,8593.3,2633.0,2746.0,3473.0,Toffoli-weight scalarization sensitivity; raw logical counts/depth unchanged; not a native-gate claim
primary,n8_d50_s42,8,random_fixed_density,0.55,60,0.015625,4.0,0.0001,0.25,868.25,0.32975693125712113,0.07398821374082329,4,0.655092391775839,11860.25,2633.0,2746.0,3473.0,Toffoli-weight scalarization sensitivity; raw logical counts/depth unchanged; not a native-gate claim
primary,n8_d50_s42,8,random_fixed_density,0.55,60,0.015625,4.0,0.0001,0.5,1736.5,0.6595138625142423,0.07398821374082329,4,0.655092391775839,12728.5,2633.0,2746.0,3473.0,Toffoli-weight scalarization sensitivity; raw logical counts/depth unchanged; not a native-gate claim
primary,n8_d50_s42,8,random_fixed_density,0.55,60,0.015625,6.0,0.0,0.0,0.0,0.0,0.07882706097565684,0,0.015625,8.0,3473.0,3610.0,3473.0,Toffoli-weight scalarization sensitivity; raw logical counts/depth unchanged; not a native-gate claim
primary,n8_d50_s42,8,random_fixed_density,0.55,60,0.015625,6.0,0.0,0.1,347.3,0.1,0.07882706097565684,4,0.8163770193968958,14795.3,3473.0,3610.0,3473.0,Toffoli-weight scalarization sensitivity; raw logical counts/depth unchanged; not a native-gate claim
primary,n8_d50_s42,8,random_fixed_density,0.55,60,0.015625,6.0,0.0,0.25,868.25,0.25,0.07882706097565684,4,0.8163770193968958,15316.25,3473.0,3610.0,3473.0,Toffoli-weight scalarization sensitivity; raw logical counts/depth unchanged; not a native-gate claim
primary,n8_d50_s42,8,random_fixed_density,0.55,60,0.015625,6.0,0.0,0.5,1736.5,0.5,0.07882706097565684,4,0.8163770193968958,16184.5,3473.0,3610.0,3473.0,Toffoli-weight scalarization sensitivity; raw logical counts/depth unchanged; not a native-gate claim
primary,n8_d50_s42,8,random_fixed_density,0.55,60,0.015625,6.0,0.0001,0.0,0.0,0.0,0.09799259351685685,0,0.015623437578122396,8.0,3473.0,3610.0,3473.0,Toffoli-weight scalarization sensitivity; raw logical counts/depth unchanged; not a native-gate claim
primary,n8_d50_s42,8,random_fixed_density,0.55,60,0.015625,6.0,0.0001,0.1,347.3,0.1,0.09799259351685685,3,0.5013773657126739,11185.3,3473.0,3610.0,3473.0,Toffoli-weight scalarization sensitivity; raw logical counts/depth unchanged; not a native-gate claim
primary,n8_d50_s42,8,random_fixed_density,0.55,60,0.015625,6.0,0.0001,0.25,868.25,0.25,0.09799259351685685,3,0.5013773657126739,11706.25,3473.0,3610.0,3473.0,Toffoli-weight scalarization sensitivity; raw logical counts/depth unchanged; not a native-gate claim
primary,n8_d50_s42,8,random_fixed_density,0.55,60,0.015625,6.0,0.0001,0.5,1736.5,0.5,0.09799259351685685,4,0.655092391775839,16184.5,3473.0,3610.0,3473.0,Toffoli-weight scalarization sensitivity; raw logical counts/depth unchanged; not a native-gate claim
primary,n8_d50_s42,8,random_fixed_density,0.55,60,0.015625,10.0,0.0,0.0,0.0,0.0,0.11766184816451239,0,0.015625,8.0,5153.0,5338.0,3473.0,Toffoli-weight scalarization sensitivity; raw logical counts/depth unchanged; not a native-gate claim
primary,n8_d50_s42,8,random_fixed_density,0.55,60,0.015625,10.0,0.0,0.1,347.3,0.06739763244711819,0.11766184816451239,0,0.015625,355.3,5153.0,5338.0,3473.0,Toffoli-weight scalarization sensitivity; raw logical counts/depth unchanged; not a native-gate claim
primary,n8_d50_s42,8,random_fixed_density,0.55,60,0.015625,10.0,0.0,0.25,868.25,0.16849408111779546,0.11766184816451239,4,0.8163770193968958,22228.25,5153.0,5338.0,3473.0,Toffoli-weight scalarization sensitivity; raw logical counts/depth unchanged; not a native-gate claim
primary,n8_d50_s42,8,random_fixed_density,0.55,60,0.015625,10.0,0.0,0.5,1736.5,0.3369881622355909,0.11766184816451239,4,0.8163770193968958,23096.5,5153.0,5338.0,3473.0,Toffoli-weight scalarization sensitivity; raw logical counts/depth unchanged; not a native-gate claim
primary,n8_d50_s42,8,random_fixed_density,0.55,60,0.015625,10.0,0.0001,0.0,0.0,0.0,0.14600135306892398,0,0.015623437578122396,8.0,5153.0,5338.0,3473.0,Toffoli-weight scalarization sensitivity; raw logical counts/depth unchanged; not a native-gate claim
primary,n8_d50_s42,8,random_fixed_density,0.55,60,0.015625,10.0,0.0001,0.1,347.3,0.06739763244711819,0.14600135306892398,0,0.015623437578122396,355.3,5153.0,5338.0,3473.0,Toffoli-weight scalarization sensitivity; raw logical counts/depth unchanged; not a native-gate claim
primary,n8_d50_s42,8,random_fixed_density,0.55,60,0.015625,10.0,0.0001,0.25,868.25,0.16849408111779546,0.14600135306892398,3,0.5013773657126739,16890.25,5153.0,5338.0,3473.0,Toffoli-weight scalarization sensitivity; raw logical counts/depth unchanged; not a native-gate claim
primary,n8_d50_s42,8,random_fixed_density,0.55,60,0.015625,10.0,0.0001,0.5,1736.5,0.3369881622355909,0.14600135306892398,4,0.655092391775839,23096.5,5153.0,5338.0,3473.0,Toffoli-weight scalarization sensitivity; raw logical counts/depth unchanged; not a native-gate claim
primary,n8_d75_s17,8,random_fixed_density,0.25,71,0.21875,1.0,0.0,0.0,0.0,0.0,0.11528873193381725,0,0.21875,8.0,2017.0,2094.0,5097.0,Toffoli-weight scalarization sensitivity; raw logical counts/depth unchanged; not a native-gate claim
primary,n8_d75_s17,8,random_fixed_density,0.25,71,0.21875,1.0,0.0,0.1,509.70000000000005,0.2527020327218642,0.11528873193381725,0,0.21875,517.7,2017.0,2094.0,5097.0,Toffoli-weight scalarization sensitivity; raw logical counts/depth unchanged; not a native-gate claim
primary,n8_d75_s17,8,random_fixed_density,0.25,71,0.21875,1.0,0.0,0.25,1274.25,0.6317550818046603,0.11528873193381725,1,0.9877929687500001,3376.25,2017.0,2094.0,5097.0,Toffoli-weight scalarization sensitivity; raw logical counts/depth unchanged; not a native-gate claim
primary,n8_d75_s17,8,random_fixed_density,0.25,71,0.21875,1.0,0.0,0.5,2548.5,1.2635101636093207,0.11528873193381725,1,0.9877929687500001,4650.5,2017.0,2094.0,5097.0,Toffoli-weight scalarization sensitivity; raw logical counts/depth unchanged; not a native-gate claim
primary,n8_d75_s17,8,random_fixed_density,0.25,71,0.21875,1.0,0.0001,0.0,0.0,0.0,0.12812742180335385,0,0.21872812609371353,8.0,2017.0,2094.0,5097.0,Toffoli-weight scalarization sensitivity; raw logical counts/depth unchanged; not a native-gate claim
primary,n8_d75_s17,8,random_fixed_density,0.25,71,0.21875,1.0,0.0001,0.1,509.70000000000005,0.2527020327218642,0.12812742180335385,0,0.21872812609371353,517.7,2017.0,2094.0,5097.0,Toffoli-weight scalarization sensitivity; raw logical counts/depth unchanged; not a native-gate claim
primary,n8_d75_s17,8,random_fixed_density,0.25,71,0.21875,1.0,0.0001,0.25,1274.25,0.6317550818046603,0.12812742180335385,1,0.9115743229770683,3376.25,2017.0,2094.0,5097.0,Toffoli-weight scalarization sensitivity; raw logical counts/depth unchanged; not a native-gate claim
primary,n8_d75_s17,8,random_fixed_density,0.25,71,0.21875,1.0,0.0001,0.5,2548.5,1.2635101636093207,0.12812742180335385,1,0.9115743229770683,4650.5,2017.0,2094.0,5097.0,Toffoli-weight scalarization sensitivity; raw logical counts/depth unchanged; not a native-gate claim
primary,n8_d75_s17,8,random_fixed_density,0.25,71,0.21875,4.0,0.0,0.0,0.0,0.0,0.22042770257013924,0,0.21875,8.0,3865.0,3978.0,5097.0,Toffoli-weight scalarization sensitivity; raw logical counts/depth unchanged; not a native-gate claim
primary,n8_d75_s17,8,random_fixed_density,0.25,71,0.21875,4.0,0.0,0.1,509.70000000000005,0.13187580853816303,0.22042770257013924,0,0.21875,517.7,3865.0,3978.0,5097.0,Toffoli-weight scalarization sensitivity; raw logical counts/depth unchanged; not a native-gate claim
primary,n8_d75_s17,8,random_fixed_density,0.25,71,0.21875,4.0,0.0,0.25,1274.25,0.3296895213454075,0.22042770257013924,1,0.9877929687500001,5260.25,3865.0,3978.0,5097.0,Toffoli-weight scalarization sensitivity; raw logical counts/depth unchanged; not a native-gate claim
primary,n8_d75_s17,8,random_fixed_density,0.25,71,0.21875,4.0,0.0,0.5,2548.5,0.659379042690815,0.22042770257013924,1,0.9877929687500001,6534.5,3865.0,3978.0,5097.0,Toffoli-weight scalarization sensitivity; raw logical counts/depth unchanged; not a native-gate claim
primary,n8_d75_s17,8,random_fixed_density,0.25,71,0.21875,4.0,0.0001,0.0,0.0,0.0,0.2448175346145598,0,0.21872812609371353,8.0,3865.0,3978.0,5097.0,Toffoli-weight scalarization sensitivity; raw logical counts/depth unchanged; not a native-gate claim
primary,n8_d75_s17,8,random_fixed_density,0.25,71,0.21875,4.0,0.0001,0.1,509.70000000000005,0.13187580853816303,0.2448175346145598,0,0.21872812609371353,517.7,3865.0,3978.0,5097.0,Toffoli-weight scalarization sensitivity; raw logical counts/depth unchanged; not a native-gate claim
primary,n8_d75_s17,8,random_fixed_density,0.25,71,0.21875,4.0,0.0001,0.25,1274.25,0.3296895213454075,0.2448175346145598,1,0.9115743229770683,5260.25,3865.0,3978.0,5097.0,Toffoli-weight scalarization sensitivity; raw logical counts/depth unchanged; not a native-gate claim
primary,n8_d75_s17,8,random_fixed_density,0.25,71,0.21875,4.0,0.0001,0.5,2548.5,0.659379042690815,0.2448175346145598,1,0.9115743229770683,6534.5,3865.0,3978.0,5097.0,Toffoli-weight scalarization sensitivity; raw logical counts/depth unchanged; not a native-gate claim
primary,n8_d75_s17,8,random_fixed_density,0.25,71,0.21875,6.0,0.0,0.0,0.0,0.0,0.29052034966102064,0,0.21875,8.0,5097.0,5234.0,5097.0,Toffoli-weight scalarization sensitivity; raw logical counts/depth unchanged; not a native-gate claim
primary,n8_d75_s17,8,random_fixed_density,0.25,71,0.21875,6.0,0.0,0.1,509.70000000000005,0.1,0.29052034966102064,0,0.21875,517.7,5097.0,5234.0,5097.0,Toffoli-weight scalarization sensitivity; raw logical counts/depth unchanged; not a native-gate claim
primary,n8_d75_s17,8,random_fixed_density,0.25,71,0.21875,6.0,0.0,0.25,1274.25,0.25,0.29052034966102064,0,0.21875,1282.25,5097.0,5234.0,5097.0,Toffoli-weight scalarization sensitivity; raw logical counts/depth unchanged; not a native-gate claim
primary,n8_d75_s17,8,random_fixed_density,0.25,71,0.21875,6.0,0.0,0.5,2548.5,0.5,0.29052034966102064,1,0.9877929687500001,7790.5,5097.0,5234.0,5097.0,Toffoli-weight scalarization sensitivity; raw logical counts/depth unchanged; not a native-gate claim
primary,n8_d75_s17,8,random_fixed_density,0.25,71,0.21875,6.0,0.0001,0.0,0.0,0.0,0.32261094315536376,0,0.21872812609371353,8.0,5097.0,5234.0,5097.0,Toffoli-weight scalarization sensitivity; raw logical counts/depth unchanged; not a native-gate claim
primary,n8_d75_s17,8,random_fixed_density,0.25,71,0.21875,6.0,0.0001,0.1,509.70000000000005,0.1,0.32261094315536376,0,0.21872812609371353,517.7,5097.0,5234.0,5097.0,Toffoli-weight scalarization sensitivity; raw logical counts/depth unchanged; not a native-gate claim
primary,n8_d75_s17,8,random_fixed_density,0.25,71,0.21875,6.0,0.0001,0.25,1274.25,0.25,0.32261094315536376,0,0.21872812609371353,1282.25,5097.0,5234.0,5097.0,Toffoli-weight scalarization sensitivity; raw logical counts/depth unchanged; not a native-gate claim
primary,n8_d75_s17,8,random_fixed_density,0.25,71,0.21875,6.0,0.0001,0.5,2548.5,0.5,0.32261094315536376,1,0.9115743229770683,7790.5,5097.0,5234.0,5097.0,Toffoli-weight scalarization sensitivity; raw logical counts/depth unchanged; not a native-gate claim
primary,n8_d75_s17,8,random_fixed_density,0.25,71,0.21875,10.0,0.0,0.0,0.0,0.0,0.43070564384278326,0,0.21875,8.0,7561.0,7746.0,5097.0,Toffoli-weight scalarization sensitivity; raw logical counts/depth unchanged; not a native-gate claim
primary,n8_d75_s17,8,random_fixed_density,0.25,71,0.21875,10.0,0.0,0.1,509.70000000000005,0.06741171802671606,0.43070564384278326,0,0.21875,517.7,7561.0,7746.0,5097.0,Toffoli-weight scalarization sensitivity; raw logical counts/depth unchanged; not a native-gate claim
primary,n8_d75_s17,8,random_fixed_density,0.25,71,0.21875,10.0,0.0,0.25,1274.25,0.1685292950667901,0.43070564384278326,0,0.21875,1282.25,7561.0,7746.0,5097.0,Toffoli-weight scalarization sensitivity; raw logical counts/depth unchanged; not a native-gate claim
primary,n8_d75_s17,8,random_fixed_density,0.25,71,0.21875,10.0,0.0,0.5,2548.5,0.3370585901335802,0.43070564384278326,1,0.9877929687500001,10302.5,7561.0,7746.0,5097.0,Toffoli-weight scalarization sensitivity; raw logical counts/depth unchanged; not a native-gate claim
primary,n8_d75_s17,8,random_fixed_density,0.25,71,0.21875,10.0,0.0001,0.0,0.0,0.0,0.4781977602369716,0,0.21872812609371353,8.0,7561.0,7746.0,5097.0,Toffoli-weight scalarization sensitivity; raw logical counts/depth unchanged; not a native-gate claim
primary,n8_d75_s17,8,random_fixed_density,0.25,71,0.21875,10.0,0.0001,0.1,509.70000000000005,0.06741171802671606,0.4781977602369716,0,0.21872812609371353,517.7,7561.0,7746.0,5097.0,Toffoli-weight scalarization sensitivity; raw logical counts/depth unchanged; not a native-gate claim
primary,n8_d75_s17,8,random_fixed_density,0.25,71,0.21875,10.0,0.0001,0.25,1274.25,0.1685292950667901,0.4781977602369716,0,0.21872812609371353,1282.25,7561.0,7746.0,5097.0,Toffoli-weight scalarization sensitivity; raw logical counts/depth unchanged; not a native-gate claim
primary,n8_d75_s17,8,random_fixed_density,0.25,71,0.21875,10.0,0.0001,0.5,2548.5,0.3370585901335802,0.4781977602369716,1,0.9115743229770683,10302.5,7561.0,7746.0,5097.0,Toffoli-weight scalarization sensitivity; raw logical counts/depth unchanged; not a native-gate claim
primary,n8_d75_s17,8,random_fixed_density,0.4,77,0.078125,1.0,0.0,0.0,0.0,0.0,0.0644520778996692,0,0.07812500000000001,8.0,2017.0,2094.0,5097.0,Toffoli-weight scalarization sensitivity; raw logical counts/depth unchanged; not a native-gate claim
primary,n8_d75_s17,8,random_fixed_density,0.4,77,0.078125,1.0,0.0,0.1,509.70000000000005,0.2527020327218642,0.0644520778996692,1,0.5642700195312501,2611.7,2017.0,2094.0,5097.0,Toffoli-weight scalarization sensitivity; raw logical counts/depth unchanged; not a native-gate claim
primary,n8_d75_s17,8,random_fixed_density,0.4,77,0.078125,1.0,0.0,0.25,1274.25,0.6317550818046603,0.0644520778996692,2,0.9763538837432862,5470.25,2017.0,2094.0,5097.0,Toffoli-weight scalarization sensitivity; raw logical counts/depth unchanged; not a native-gate claim
primary,n8_d75_s17,8,random_fixed_density,0.4,77,0.078125,1.0,0.0,0.5,2548.5,1.2635101636093207,0.0644520778996692,2,0.9763538837432862,6744.5,2017.0,2094.0,5097.0,Toffoli-weight scalarization sensitivity; raw logical counts/depth unchanged; not a native-gate claim
primary,n8_d75_s17,8,random_fixed_density,0.4,77,0.078125,1.0,0.0001,0.0,0.0,0.0,0.07093813428279906,0,0.07811718789061199,8.0,2017.0,2094.0,5097.0,Toffoli-weight scalarization sensitivity; raw logical counts/depth unchanged; not a native-gate claim
primary,n8_d75_s17,8,random_fixed_density,0.4,77,0.078125,1.0,0.0001,0.1,509.70000000000005,0.2527020327218642,0.07093813428279906,1,0.5207306361791274,2611.7,2017.0,2094.0,5097.0,Toffoli-weight scalarization sensitivity; raw logical counts/depth unchanged; not a native-gate claim
primary,n8_d75_s17,8,random_fixed_density,0.4,77,0.078125,1.0,0.0001,0.25,1274.25,0.6317550818046603,0.07093813428279906,1,0.5207306361791274,3376.25,2017.0,2094.0,5097.0,Toffoli-weight scalarization sensitivity; raw logical counts/depth unchanged; not a native-gate claim
primary,n8_d75_s17,8,random_fixed_density,0.4,77,0.078125,1.0,0.0001,0.5,2548.5,1.2635101636093207,0.07093813428279906,2,0.8315780048978535,6744.5,2017.0,2094.0,5097.0,Toffoli-weight scalarization sensitivity; raw logical counts/depth unchanged; not a native-gate claim
primary,n8_d75_s17,8,random_fixed_density,0.4,77,0.078125,4.0,0.0,0.0,0.0,0.0,0.12385262628177203,0,0.07812500000000001,8.0,3865.0,3978.0,5097.0,Toffoli-weight scalarization sensitivity; raw logical counts/depth unchanged; not a native-gate claim
primary,n8_d75_s17,8,random_fixed_density,0.4,77,0.078125,4.0,0.0,0.1,509.70000000000005,0.13187580853816303,0.12385262628177203,0,0.07812500000000001,517.7,3865.0,3978.0,5097.0,Toffoli-weight scalarization sensitivity; raw logical counts/depth unchanged; not a native-gate claim
primary,n8_d75_s17,8,random_fixed_density,0.4,77,0.078125,4.0,0.0,0.25,1274.25,0.3296895213454075,0.12385262628177203,1,0.5642700195312501,5260.25,3865.0,3978.0,5097.0,Toffoli-weight scalarization sensitivity; raw logical counts/depth unchanged; not a native-gate claim
primary,n8_d75_s17,8,random_fixed_density,0.4,77,0.078125,4.0,0.0,0.5,2548.5,0.659379042690815,0.12385262628177203,2,0.9763538837432862,10512.5,3865.0,3978.0,5097.0,Toffoli-weight scalarization sensitivity; raw logical counts/depth unchanged; not a native-gate claim
primary,n8_d75_s17,8,random_fixed_density,0.4,77,0.078125,4.0,0.0001,0.0,0.0,0.0,0.1361742749408411,0,0.07811718789061199,8.0,3865.0,3978.0,5097.0,Toffoli-weight scalarization sensitivity; raw logical counts/depth unchanged; not a native-gate claim
primary,n8_d75_s17,8,random_fixed_density,0.4,77,0.078125,4.0,0.0001,0.1,509.70000000000005,0.13187580853816303,0.1361742749408411,0,0.07811718789061199,517.7,3865.0,3978.0,5097.0,Toffoli-weight scalarization sensitivity; raw logical counts/depth unchanged; not a native-gate claim
primary,n8_d75_s17,8,random_fixed_density,0.4,77,0.078125,4.0,0.0001,0.25,1274.25,0.3296895213454075,0.1361742749408411,1,0.5207306361791274,5260.25,3865.0,3978.0,5097.0,Toffoli-weight scalarization sensitivity; raw logical counts/depth unchanged; not a native-gate claim
primary,n8_d75_s17,8,random_fixed_density,0.4,77,0.078125,4.0,0.0001,0.5,2548.5,0.659379042690815,0.1361742749408411,1,0.5207306361791274,6534.5,3865.0,3978.0,5097.0,Toffoli-weight scalarization sensitivity; raw logical counts/depth unchanged; not a native-gate claim
primary,n8_d75_s17,8,random_fixed_density,0.4,77,0.078125,6.0,0.0,0.0,0.0,0.0,0.16345299186984058,0,0.07812500000000001,8.0,5097.0,5234.0,5097.0,Toffoli-weight scalarization sensitivity; raw logical counts/depth unchanged; not a native-gate claim
primary,n8_d75_s17,8,random_fixed_density,0.4,77,0.078125,6.0,0.0,0.1,509.70000000000005,0.1,0.16345299186984058,0,0.07812500000000001,517.7,5097.0,5234.0,5097.0,Toffoli-weight scalarization sensitivity; raw logical counts/depth unchanged; not a native-gate claim
primary,n8_d75_s17,8,random_fixed_density,0.4,77,0.078125,6.0,0.0,0.25,1274.25,0.25,0.16345299186984058,1,0.5642700195312501,6516.25,5097.0,5234.0,5097.0,Toffoli-weight scalarization sensitivity; raw logical counts/depth unchanged; not a native-gate claim
primary,n8_d75_s17,8,random_fixed_density,0.4,77,0.078125,6.0,0.0,0.5,2548.5,0.5,0.16345299186984058,2,0.9763538837432862,13024.5,5097.0,5234.0,5097.0,Toffoli-weight scalarization sensitivity; raw logical counts/depth unchanged; not a native-gate claim
primary,n8_d75_s17,8,random_fixed_density,0.4,77,0.078125,6.0,0.0001,0.0,0.0,0.0,0.17966503537953576,0,0.07811718789061199,8.0,5097.0,5234.0,5097.0,Toffoli-weight scalarization sensitivity; raw logical counts/depth unchanged; not a native-gate claim
primary,n8_d75_s17,8,random_fixed_density,0.4,77,0.078125,6.0,0.0001,0.1,509.70000000000005,0.1,0.17966503537953576,0,0.07811718789061199,517.7,5097.0,5234.0,5097.0,Toffoli-weight scalarization sensitivity; raw logical counts/depth unchanged; not a native-gate claim
primary,n8_d75_s17,8,random_fixed_density,0.4,77,0.078125,6.0,0.0001,0.25,1274.25,0.25,0.17966503537953576,1,0.5207306361791274,6516.25,5097.0,5234.0,5097.0,Toffoli-weight scalarization sensitivity; raw logical counts/depth unchanged; not a native-gate claim
primary,n8_d75_s17,8,random_fixed_density,0.4,77,0.078125,6.0,0.0001,0.5,2548.5,0.5,0.17966503537953576,1,0.5207306361791274,7790.5,5097.0,5234.0,5097.0,Toffoli-weight scalarization sensitivity; raw logical counts/depth unchanged; not a native-gate claim
primary,n8_d75_s17,8,random_fixed_density,0.4,77,0.078125,10.0,0.0,0.0,0.0,0.0,0.2426537230459777,0,0.07812500000000001,8.0,7561.0,7746.0,5097.0,Toffoli-weight scalarization sensitivity; raw logical counts/depth unchanged; not a native-gate claim
primary,n8_d75_s17,8,random_fixed_density,0.4,77,0.078125,10.0,0.0,0.1,509.70000000000005,0.06741171802671606,0.2426537230459777,0,0.07812500000000001,517.7,7561.0,7746.0,5097.0,Toffoli-weight scalarization sensitivity; raw logical counts/depth unchanged; not a native-gate claim
primary,n8_d75_s17,8,random_fixed_density,0.4,77,0.078125,10.0,0.0,0.25,1274.25,0.1685292950667901,0.2426537230459777,1,0.5642700195312501,9028.25,7561.0,7746.0,5097.0,Toffoli-weight scalarization sensitivity; raw logical counts/depth unchanged; not a native-gate claim
primary,n8_d75_s17,8,random_fixed_density,0.4,77,0.078125,10.0,0.0,0.5,2548.5,0.3370585901335802,0.2426537230459777,1,0.5642700195312501,10302.5,7561.0,7746.0,5097.0,Toffoli-weight scalarization sensitivity; raw logical counts/depth unchanged; not a native-gate claim
primary,n8_d75_s17,8,random_fixed_density,0.4,77,0.078125,10.0,0.0001,0.0,0.0,0.0,0.2666465562569251,0,0.07811718789061199,8.0,7561.0,7746.0,5097.0,Toffoli-weight scalarization sensitivity; raw logical counts/depth unchanged; not a native-gate claim
primary,n8_d75_s17,8,random_fixed_density,0.4,77,0.078125,10.0,0.0001,0.1,509.70000000000005,0.06741171802671606,0.2666465562569251,0,0.07811718789061199,517.7,7561.0,7746.0,5097.0,Toffoli-weight scalarization sensitivity; raw logical counts/depth unchanged; not a native-gate claim
primary,n8_d75_s17,8,random_fixed_density,0.4,77,0.078125,10.0,0.0001,0.25,1274.25,0.1685292950667901,0.2666465562569251,0,0.07811718789061199,1282.25,7561.0,7746.0,5097.0,Toffoli-weight scalarization sensitivity; raw logical counts/depth unchanged; not a native-gate claim
primary,n8_d75_s17,8,random_fixed_density,0.4,77,0.078125,10.0,0.0001,0.5,2548.5,0.3370585901335802,0.2666465562569251,1,0.5207306361791274,10302.5,7561.0,7746.0,5097.0,Toffoli-weight scalarization sensitivity; raw logical counts/depth unchanged; not a native-gate claim
primary,n8_d75_s17,8,random_fixed_density,0.55,84,0.015625,1.0,0.0,0.0,0.0,0.0,0.03049639245274078,0,0.015625,8.0,2017.0,2094.0,5097.0,Toffoli-weight scalarization sensitivity; raw logical counts/depth unchanged; not a native-gate claim
primary,n8_d75_s17,8,random_fixed_density,0.55,84,0.015625,1.0,0.0,0.1,509.70000000000005,0.2527020327218642,0.03049639245274078,4,0.8163770193968958,8893.7,2017.0,2094.0,5097.0,Toffoli-weight scalarization sensitivity; raw logical counts/depth unchanged; not a native-gate claim
primary,n8_d75_s17,8,random_fixed_density,0.55,84,0.015625,1.0,0.0,0.25,1274.25,0.6317550818046603,0.03049639245274078,4,0.8163770193968958,9658.25,2017.0,2094.0,5097.0,Toffoli-weight scalarization sensitivity; raw logical counts/depth unchanged; not a native-gate claim
primary,n8_d75_s17,8,random_fixed_density,0.55,84,0.015625,1.0,0.0,0.5,2548.5,1.2635101636093207,0.03049639245274078,4,0.8163770193968958,10932.5,2017.0,2094.0,5097.0,Toffoli-weight scalarization sensitivity; raw logical counts/depth unchanged; not a native-gate claim
primary,n8_d75_s17,8,random_fixed_density,0.55,84,0.015625,1.0,0.0001,0.0,0.0,0.0,0.04129266054185451,0,0.015623437578122396,8.0,2017.0,2094.0,5097.0,Toffoli-weight scalarization sensitivity; raw logical counts/depth unchanged; not a native-gate claim
primary,n8_d75_s17,8,random_fixed_density,0.55,84,0.015625,1.0,0.0001,0.1,509.70000000000005,0.2527020327218642,0.04129266054185451,3,0.4648705791915449,6799.7,2017.0,2094.0,5097.0,Toffoli-weight scalarization sensitivity; raw logical counts/depth unchanged; not a native-gate claim
primary,n8_d75_s17,8,random_fixed_density,0.55,84,0.015625,1.0,0.0001,0.25,1274.25,0.6317550818046603,0.04129266054185451,3,0.4648705791915449,7564.25,2017.0,2094.0,5097.0,Toffoli-weight scalarization sensitivity; raw logical counts/depth unchanged; not a native-gate claim
primary,n8_d75_s17,8,random_fixed_density,0.55,84,0.015625,1.0,0.0001,0.5,2548.5,1.2635101636093207,0.04129266054185451,4,0.5922780962928752,10932.5,2017.0,2094.0,5097.0,Toffoli-weight scalarization sensitivity; raw logical counts/depth unchanged; not a native-gate claim
primary,n8_d75_s17,8,random_fixed_density,0.55,84,0.015625,4.0,0.0,0.0,0.0,0.0,0.05934655335537219,0,0.015625,8.0,3865.0,3978.0,5097.0,Toffoli-weight scalarization sensitivity; raw logical counts/depth unchanged; not a native-gate claim
primary,n8_d75_s17,8,random_fixed_density,0.55,84,0.015625,4.0,0.0,0.1,509.70000000000005,0.13187580853816303,0.05934655335537219,4,0.8163770193968958,16429.7,3865.0,3978.0,5097.0,Toffoli-weight scalarization sensitivity; raw logical counts/depth unchanged; not a native-gate claim
primary,n8_d75_s17,8,random_fixed_density,0.55,84,0.015625,4.0,0.0,0.25,1274.25,0.3296895213454075,0.05934655335537219,4,0.8163770193968958,17194.25,3865.0,3978.0,5097.0,Toffoli-weight scalarization sensitivity; raw logical counts/depth unchanged; not a native-gate claim
primary,n8_d75_s17,8,random_fixed_density,0.55,84,0.015625,4.0,0.0,0.5,2548.5,0.659379042690815,0.05934655335537219,4,0.8163770193968958,18468.5,3865.0,3978.0,5097.0,Toffoli-weight scalarization sensitivity; raw logical counts/depth unchanged; not a native-gate claim
primary,n8_d75_s17,8,random_fixed_density,0.55,84,0.015625,4.0,0.0001,0.0,0.0,0.0,0.0798563692381298,0,0.015623437578122396,8.0,3865.0,3978.0,5097.0,Toffoli-weight scalarization sensitivity; raw logical counts/depth unchanged; not a native-gate claim
primary,n8_d75_s17,8,random_fixed_density,0.55,84,0.015625,4.0,0.0001,0.1,509.70000000000005,0.13187580853816303,0.0798563692381298,3,0.4648705791915449,12451.7,3865.0,3978.0,5097.0,Toffoli-weight scalarization sensitivity; raw logical counts/depth unchanged; not a native-gate claim
primary,n8_d75_s17,8,random_fixed_density,0.55,84,0.015625,4.0,0.0001,0.25,1274.25,0.3296895213454075,0.0798563692381298,3,0.4648705791915449,13216.25,3865.0,3978.0,5097.0,Toffoli-weight scalarization sensitivity; raw logical counts/depth unchanged; not a native-gate claim
primary,n8_d75_s17,8,random_fixed_density,0.55,84,0.015625,4.0,0.0001,0.5,2548.5,0.659379042690815,0.0798563692381298,3,0.4648705791915449,14490.5,3865.0,3978.0,5097.0,Toffoli-weight scalarization sensitivity; raw logical counts/depth unchanged; not a native-gate claim
primary,n8_d75_s17,8,random_fixed_density,0.55,84,0.015625,6.0,0.0,0.0,0.0,0.0,0.07857999395712646,0,0.015625,8.0,5097.0,5234.0,5097.0,Toffoli-weight scalarization sensitivity; raw logical counts/depth unchanged; not a native-gate claim
primary,n8_d75_s17,8,random_fixed_density,0.55,84,0.015625,6.0,0.0,0.1,509.70000000000005,0.1,0.07857999395712646,4,0.8163770193968958,21453.7,5097.0,5234.0,5097.0,Toffoli-weight scalarization sensitivity; raw logical counts/depth unchanged; not a native-gate claim
primary,n8_d75_s17,8,random_fixed_density,0.55,84,0.015625,6.0,0.0,0.25,1274.25,0.25,0.07857999395712646,4,0.8163770193968958,22218.25,5097.0,5234.0,5097.0,Toffoli-weight scalarization sensitivity; raw logical counts/depth unchanged; not a native-gate claim
primary,n8_d75_s17,8,random_fixed_density,0.55,84,0.015625,6.0,0.0,0.5,2548.5,0.5,0.07857999395712646,4,0.8163770193968958,23492.5,5097.0,5234.0,5097.0,Toffoli-weight scalarization sensitivity; raw logical counts/depth unchanged; not a native-gate claim
primary,n8_d75_s17,8,random_fixed_density,0.55,84,0.015625,6.0,0.0001,0.0,0.0,0.0,0.10556550836898,0,0.015623437578122396,8.0,5097.0,5234.0,5097.0,Toffoli-weight scalarization sensitivity; raw logical counts/depth unchanged; not a native-gate claim
primary,n8_d75_s17,8,random_fixed_density,0.55,84,0.015625,6.0,0.0001,0.1,509.70000000000005,0.1,0.10556550836898,0,0.015623437578122396,517.7,5097.0,5234.0,5097.0,Toffoli-weight scalarization sensitivity; raw logical counts/depth unchanged; not a native-gate claim
primary,n8_d75_s17,8,random_fixed_density,0.55,84,0.015625,6.0,0.0001,0.25,1274.25,0.25,0.10556550836898,3,0.4648705791915449,16984.25,5097.0,5234.0,5097.0,Toffoli-weight scalarization sensitivity; raw logical counts/depth unchanged; not a native-gate claim
primary,n8_d75_s17,8,random_fixed_density,0.55,84,0.015625,6.0,0.0001,0.5,2548.5,0.5,0.10556550836898,3,0.4648705791915449,18258.5,5097.0,5234.0,5097.0,Toffoli-weight scalarization sensitivity; raw logical counts/depth unchanged; not a native-gate claim
primary,n8_d75_s17,8,random_fixed_density,0.55,84,0.015625,10.0,0.0,0.0,0.0,0.0,0.11704687516063501,0,0.015625,8.0,7561.0,7746.0,5097.0,Toffoli-weight scalarization sensitivity; raw logical counts/depth unchanged; not a native-gate claim
primary,n8_d75_s17,8,random_fixed_density,0.55,84,0.015625,10.0,0.0,0.1,509.70000000000005,0.06741171802671606,0.11704687516063501,0,0.015625,517.7,7561.0,7746.0,5097.0,Toffoli-weight scalarization sensitivity; raw logical counts/depth unchanged; not a native-gate claim
primary,n8_d75_s17,8,random_fixed_density,0.55,84,0.015625,10.0,0.0,0.25,1274.25,0.1685292950667901,0.11704687516063501,4,0.8163770193968958,32266.25,7561.0,7746.0,5097.0,Toffoli-weight scalarization sensitivity; raw logical counts/depth unchanged; not a native-gate claim
primary,n8_d75_s17,8,random_fixed_density,0.55,84,0.015625,10.0,0.0,0.5,2548.5,0.3370585901335802,0.11704687516063501,4,0.8163770193968958,33540.5,7561.0,7746.0,5097.0,Toffoli-weight scalarization sensitivity; raw logical counts/depth unchanged; not a native-gate claim
primary,n8_d75_s17,8,random_fixed_density,0.55,84,0.015625,10.0,0.0001,0.0,0.0,0.0,0.15698378663068038,0,0.015623437578122396,8.0,7561.0,7746.0,5097.0,Toffoli-weight scalarization sensitivity; raw logical counts/depth unchanged; not a native-gate claim
primary,n8_d75_s17,8,random_fixed_density,0.55,84,0.015625,10.0,0.0001,0.1,509.70000000000005,0.06741171802671606,0.15698378663068038,0,0.015623437578122396,517.7,7561.0,7746.0,5097.0,Toffoli-weight scalarization sensitivity; raw logical counts/depth unchanged; not a native-gate claim
primary,n8_d75_s17,8,random_fixed_density,0.55,84,0.015625,10.0,0.0001,0.25,1274.25,0.1685292950667901,0.15698378663068038,3,0.4648705791915449,24520.25,7561.0,7746.0,5097.0,Toffoli-weight scalarization sensitivity; raw logical counts/depth unchanged; not a native-gate claim
primary,n8_d75_s17,8,random_fixed_density,0.55,84,0.015625,10.0,0.0001,0.5,2548.5,0.3370585901335802,0.15698378663068038,3,0.4648705791915449,25794.5,7561.0,7746.0,5097.0,Toffoli-weight scalarization sensitivity; raw logical counts/depth unchanged; not a native-gate claim
primary,n8_d75_s42,8,random_fixed_density,0.25,74,0.1640625,1.0,0.0,0.0,0.0,0.0,0.08986488039446176,0,0.1640625,8.0,2017.0,2094.0,5097.0,Toffoli-weight scalarization sensitivity; raw logical counts/depth unchanged; not a native-gate claim
primary,n8_d75_s42,8,random_fixed_density,0.25,74,0.1640625,1.0,0.0,0.1,509.70000000000005,0.2527020327218642,0.08986488039446176,1,0.9012222290039062,2611.7,2017.0,2094.0,5097.0,Toffoli-weight scalarization sensitivity; raw logical counts/depth unchanged; not a native-gate claim
primary,n8_d75_s42,8,random_fixed_density,0.25,74,0.1640625,1.0,0.0,0.25,1274.25,0.6317550818046603,0.08986488039446176,1,0.9012222290039062,3376.25,2017.0,2094.0,5097.0,Toffoli-weight scalarization sensitivity; raw logical counts/depth unchanged; not a native-gate claim
primary,n8_d75_s42,8,random_fixed_density,0.25,74,0.1640625,1.0,0.0,0.5,2548.5,1.2635101636093207,0.08986488039446176,1,0.9012222290039062,4650.5,2017.0,2094.0,5097.0,Toffoli-weight scalarization sensitivity; raw logical counts/depth unchanged; not a native-gate claim
primary,n8_d75_s42,8,random_fixed_density,0.25,74,0.1640625,1.0,0.0001,0.0,0.0,0.0,0.09937603329547008,0,0.16404609457028516,8.0,2017.0,2094.0,5097.0,Toffoli-weight scalarization sensitivity; raw logical counts/depth unchanged; not a native-gate claim
primary,n8_d75_s42,8,random_fixed_density,0.25,74,0.1640625,1.0,0.0001,0.1,509.70000000000005,0.2527020327218642,0.09937603329547008,1,0.83168342886235,2611.7,2017.0,2094.0,5097.0,Toffoli-weight scalarization sensitivity; raw logical counts/depth unchanged; not a native-gate claim
primary,n8_d75_s42,8,random_fixed_density,0.25,74,0.1640625,1.0,0.0001,0.25,1274.25,0.6317550818046603,0.09937603329547008,1,0.83168342886235,3376.25,2017.0,2094.0,5097.0,Toffoli-weight scalarization sensitivity; raw logical counts/depth unchanged; not a native-gate claim
primary,n8_d75_s42,8,random_fixed_density,0.25,74,0.1640625,1.0,0.0001,0.5,2548.5,1.2635101636093207,0.09937603329547008,1,0.83168342886235,4650.5,2017.0,2094.0,5097.0,Toffoli-weight scalarization sensitivity; raw logical counts/depth unchanged; not a native-gate claim
primary,n8_d75_s42,8,random_fixed_density,0.25,74,0.1640625,4.0,0.0,0.0,0.0,0.0,0.17212966941657853,0,0.1640625,8.0,3865.0,3978.0,5097.0,Toffoli-weight scalarization sensitivity; raw logical counts/depth unchanged; not a native-gate claim
primary,n8_d75_s42,8,random_fixed_density,0.25,74,0.1640625,4.0,0.0,0.1,509.70000000000005,0.13187580853816303,0.17212966941657853,0,0.1640625,517.7,3865.0,3978.0,5097.0,Toffoli-weight scalarization sensitivity; raw logical counts/depth unchanged; not a native-gate claim
primary,n8_d75_s42,8,random_fixed_density,0.25,74,0.1640625,4.0,0.0,0.25,1274.25,0.3296895213454075,0.17212966941657853,1,0.9012222290039062,5260.25,3865.0,3978.0,5097.0,Toffoli-weight scalarization sensitivity; raw logical counts/depth unchanged; not a native-gate claim
primary,n8_d75_s42,8,random_fixed_density,0.25,74,0.1640625,4.0,0.0,0.5,2548.5,0.659379042690815,0.17212966941657853,1,0.9012222290039062,6534.5,3865.0,3978.0,5097.0,Toffoli-weight scalarization sensitivity; raw logical counts/depth unchanged; not a native-gate claim
primary,n8_d75_s42,8,random_fixed_density,0.25,74,0.1640625,4.0,0.0001,0.0,0.0,0.0,0.19019813466978341,0,0.16404609457028516,8.0,3865.0,3978.0,5097.0,Toffoli-weight scalarization sensitivity; raw logical counts/depth unchanged; not a native-gate claim
primary,n8_d75_s42,8,random_fixed_density,0.25,74,0.1640625,4.0,0.0001,0.1,509.70000000000005,0.13187580853816303,0.19019813466978341,0,0.16404609457028516,517.7,3865.0,3978.0,5097.0,Toffoli-weight scalarization sensitivity; raw logical counts/depth unchanged; not a native-gate claim
primary,n8_d75_s42,8,random_fixed_density,0.25,74,0.1640625,4.0,0.0001,0.25,1274.25,0.3296895213454075,0.19019813466978341,1,0.83168342886235,5260.25,3865.0,3978.0,5097.0,Toffoli-weight scalarization sensitivity; raw logical counts/depth unchanged; not a native-gate claim
primary,n8_d75_s42,8,random_fixed_density,0.25,74,0.1640625,4.0,0.0001,0.5,2548.5,0.659379042690815,0.19019813466978341,1,0.83168342886235,6534.5,3865.0,3978.0,5097.0,Toffoli-weight scalarization sensitivity; raw logical counts/depth unchanged; not a native-gate claim
primary,n8_d75_s42,8,random_fixed_density,0.25,74,0.1640625,6.0,0.0,0.0,0.0,0.0,0.2269728620979897,0,0.1640625,8.0,5097.0,5234.0,5097.0,Toffoli-weight scalarization sensitivity; raw logical counts/depth unchanged; not a native-gate claim
primary,n8_d75_s42,8,random_fixed_density,0.25,74,0.1640625,6.0,0.0,0.1,509.70000000000005,0.1,0.2269728620979897,0,0.1640625,517.7,5097.0,5234.0,5097.0,Toffoli-weight scalarization sensitivity; raw logical counts/depth unchanged; not a native-gate claim
primary,n8_d75_s42,8,random_fixed_density,0.25,74,0.1640625,6.0,0.0,0.25,1274.25,0.25,0.2269728620979897,1,0.9012222290039062,6516.25,5097.0,5234.0,5097.0,Toffoli-weight scalarization sensitivity; raw logical counts/depth unchanged; not a native-gate claim
primary,n8_d75_s42,8,random_fixed_density,0.25,74,0.1640625,6.0,0.0,0.5,2548.5,0.5,0.2269728620979897,1,0.9012222290039062,7790.5,5097.0,5234.0,5097.0,Toffoli-weight scalarization sensitivity; raw logical counts/depth unchanged; not a native-gate claim
primary,n8_d75_s42,8,random_fixed_density,0.25,74,0.1640625,6.0,0.0001,0.0,0.0,0.0,0.25074620225265903,0,0.16404609457028516,8.0,5097.0,5234.0,5097.0,Toffoli-weight scalarization sensitivity; raw logical counts/depth unchanged; not a native-gate claim
primary,n8_d75_s42,8,random_fixed_density,0.25,74,0.1640625,6.0,0.0001,0.1,509.70000000000005,0.1,0.25074620225265903,0,0.16404609457028516,517.7,5097.0,5234.0,5097.0,Toffoli-weight scalarization sensitivity; raw logical counts/depth unchanged; not a native-gate claim
primary,n8_d75_s42,8,random_fixed_density,0.25,74,0.1640625,6.0,0.0001,0.25,1274.25,0.25,0.25074620225265903,0,0.16404609457028516,1282.25,5097.0,5234.0,5097.0,Toffoli-weight scalarization sensitivity; raw logical counts/depth unchanged; not a native-gate claim
primary,n8_d75_s42,8,random_fixed_density,0.25,74,0.1640625,6.0,0.0001,0.5,2548.5,0.5,0.25074620225265903,1,0.83168342886235,7790.5,5097.0,5234.0,5097.0,Toffoli-weight scalarization sensitivity; raw logical counts/depth unchanged; not a native-gate claim
primary,n8_d75_s42,8,random_fixed_density,0.25,74,0.1640625,10.0,0.0,0.0,0.0,0.0,0.33665924746081205,0,0.1640625,8.0,7561.0,7746.0,5097.0,Toffoli-weight scalarization sensitivity; raw logical counts/depth unchanged; not a native-gate claim
primary,n8_d75_s42,8,random_fixed_density,0.25,74,0.1640625,10.0,0.0,0.1,509.70000000000005,0.06741171802671606,0.33665924746081205,0,0.1640625,517.7,7561.0,7746.0,5097.0,Toffoli-weight scalarization sensitivity; raw logical counts/depth unchanged; not a native-gate claim
primary,n8_d75_s42,8,random_fixed_density,0.25,74,0.1640625,10.0,0.0,0.25,1274.25,0.1685292950667901,0.33665924746081205,0,0.1640625,1282.25,7561.0,7746.0,5097.0,Toffoli-weight scalarization sensitivity; raw logical counts/depth unchanged; not a native-gate claim
primary,n8_d75_s42,8,random_fixed_density,0.25,74,0.1640625,10.0,0.0,0.5,2548.5,0.3370585901335802,0.33665924746081205,1,0.9012222290039062,10302.5,7561.0,7746.0,5097.0,Toffoli-weight scalarization sensitivity; raw logical counts/depth unchanged; not a native-gate claim
primary,n8_d75_s42,8,random_fixed_density,0.25,74,0.1640625,10.0,0.0001,0.0,0.0,0.0,0.3718423374184103,0,0.16404609457028516,8.0,7561.0,7746.0,5097.0,Toffoli-weight scalarization sensitivity; raw logical counts/depth unchanged; not a native-gate claim
primary,n8_d75_s42,8,random_fixed_density,0.25,74,0.1640625,10.0,0.0001,0.1,509.70000000000005,0.06741171802671606,0.3718423374184103,0,0.16404609457028516,517.7,7561.0,7746.0,5097.0,Toffoli-weight scalarization sensitivity; raw logical counts/depth unchanged; not a native-gate claim
primary,n8_d75_s42,8,random_fixed_density,0.25,74,0.1640625,10.0,0.0001,0.25,1274.25,0.1685292950667901,0.3718423374184103,0,0.16404609457028516,1282.25,7561.0,7746.0,5097.0,Toffoli-weight scalarization sensitivity; raw logical counts/depth unchanged; not a native-gate claim
primary,n8_d75_s42,8,random_fixed_density,0.25,74,0.1640625,10.0,0.0001,0.5,2548.5,0.3370585901335802,0.3718423374184103,1,0.83168342886235,10302.5,7561.0,7746.0,5097.0,Toffoli-weight scalarization sensitivity; raw logical counts/depth unchanged; not a native-gate claim
primary,n8_d75_s42,8,random_fixed_density,0.4,81,0.0546875,1.0,0.0,0.0,0.0,0.0,0.05457423733838715,0,0.0546875,8.0,2017.0,2094.0,5097.0,Toffoli-weight scalarization sensitivity; raw logical counts/depth unchanged; not a native-gate claim
primary,n8_d75_s42,8,random_fixed_density,0.4,81,0.0546875,1.0,0.0,0.1,509.70000000000005,0.2527020327218642,0.05457423733838715,2,0.8550346419215202,4705.7,2017.0,2094.0,5097.0,Toffoli-weight scalarization sensitivity; raw logical counts/depth unchanged; not a native-gate claim
primary,n8_d75_s42,8,random_fixed_density,0.4,81,0.0546875,1.0,0.0,0.25,1274.25,0.6317550818046603,0.05457423733838715,2,0.8550346419215202,5470.25,2017.0,2094.0,5097.0,Toffoli-weight scalarization sensitivity; raw logical counts/depth unchanged; not a native-gate claim
primary,n8_d75_s42,8,random_fixed_density,0.4,81,0.0546875,1.0,0.0,0.5,2548.5,1.2635101636093207,0.05457423733838715,2,0.8550346419215202,6744.5,2017.0,2094.0,5097.0,Toffoli-weight scalarization sensitivity; raw logical counts/depth unchanged; not a native-gate claim
primary,n8_d75_s42,8,random_fixed_density,0.4,81,0.0546875,1.0,0.0001,0.0,0.0,0.0,0.06513514175020853,0,0.05468203152342838,8.0,2017.0,2094.0,5097.0,Toffoli-weight scalarization sensitivity; raw logical counts/depth unchanged; not a native-gate claim
primary,n8_d75_s42,8,random_fixed_density,0.4,81,0.0546875,1.0,0.0001,0.1,509.70000000000005,0.2527020327218642,0.06513514175020853,2,0.7282482442960196,4705.7,2017.0,2094.0,5097.0,Toffoli-weight scalarization sensitivity; raw logical counts/depth unchanged; not a native-gate claim
primary,n8_d75_s42,8,random_fixed_density,0.4,81,0.0546875,1.0,0.0001,0.25,1274.25,0.6317550818046603,0.06513514175020853,2,0.7282482442960196,5470.25,2017.0,2094.0,5097.0,Toffoli-weight scalarization sensitivity; raw logical counts/depth unchanged; not a native-gate claim
primary,n8_d75_s42,8,random_fixed_density,0.4,81,0.0546875,1.0,0.0001,0.5,2548.5,1.2635101636093207,0.06513514175020853,2,0.7282482442960196,6744.5,2017.0,2094.0,5097.0,Toffoli-weight scalarization sensitivity; raw logical counts/depth unchanged; not a native-gate claim
primary,n8_d75_s42,8,random_fixed_density,0.4,81,0.0546875,4.0,0.0,0.0,0.0,0.0,0.10508755954214453,0,0.0546875,8.0,3865.0,3978.0,5097.0,Toffoli-weight scalarization sensitivity; raw logical counts/depth unchanged; not a native-gate claim
primary,n8_d75_s42,8,random_fixed_density,0.4,81,0.0546875,4.0,0.0,0.1,509.70000000000005,0.13187580853816303,0.10508755954214453,0,0.0546875,517.7,3865.0,3978.0,5097.0,Toffoli-weight scalarization sensitivity; raw logical counts/depth unchanged; not a native-gate claim
primary,n8_d75_s42,8,random_fixed_density,0.4,81,0.0546875,4.0,0.0,0.25,1274.25,0.3296895213454075,0.10508755954214453,2,0.8550346419215202,9238.25,3865.0,3978.0,5097.0,Toffoli-weight scalarization sensitivity; raw logical counts/depth unchanged; not a native-gate claim
primary,n8_d75_s42,8,random_fixed_density,0.4,81,0.0546875,4.0,0.0,0.5,2548.5,0.659379042690815,0.10508755954214453,2,0.8550346419215202,10512.5,3865.0,3978.0,5097.0,Toffoli-weight scalarization sensitivity; raw logical counts/depth unchanged; not a native-gate claim
primary,n8_d75_s42,8,random_fixed_density,0.4,81,0.0546875,4.0,0.0001,0.0,0.0,0.0,0.12515025187749576,0,0.05468203152342838,8.0,3865.0,3978.0,5097.0,Toffoli-weight scalarization sensitivity; raw logical counts/depth unchanged; not a native-gate claim
primary,n8_d75_s42,8,random_fixed_density,0.4,81,0.0546875,4.0,0.0001,0.1,509.70000000000005,0.13187580853816303,0.12515025187749576,0,0.05468203152342838,517.7,3865.0,3978.0,5097.0,Toffoli-weight scalarization sensitivity; raw logical counts/depth unchanged; not a native-gate claim
primary,n8_d75_s42,8,random_fixed_density,0.4,81,0.0546875,4.0,0.0001,0.25,1274.25,0.3296895213454075,0.12515025187749576,2,0.7282482442960196,9238.25,3865.0,3978.0,5097.0,Toffoli-weight scalarization sensitivity; raw logical counts/depth unchanged; not a native-gate claim
primary,n8_d75_s42,8,random_fixed_density,0.4,81,0.0546875,4.0,0.0001,0.5,2548.5,0.659379042690815,0.12515025187749576,2,0.7282482442960196,10512.5,3865.0,3978.0,5097.0,Toffoli-weight scalarization sensitivity; raw logical counts/depth unchanged; not a native-gate claim
primary,n8_d75_s42,8,random_fixed_density,0.4,81,0.0546875,6.0,0.0,0.0,0.0,0.0,0.13876310767798275,0,0.0546875,8.0,5097.0,5234.0,5097.0,Toffoli-weight scalarization sensitivity; raw logical counts/depth unchanged; not a native-gate claim
primary,n8_d75_s42,8,random_fixed_density,0.4,81,0.0546875,6.0,0.0,0.1,509.70000000000005,0.1,0.13876310767798275,0,0.0546875,517.7,5097.0,5234.0,5097.0,Toffoli-weight scalarization sensitivity; raw logical counts/depth unchanged; not a native-gate claim
primary,n8_d75_s42,8,random_fixed_density,0.4,81,0.0546875,6.0,0.0,0.25,1274.25,0.25,0.13876310767798275,2,0.8550346419215202,11750.25,5097.0,5234.0,5097.0,Toffoli-weight scalarization sensitivity; raw logical counts/depth unchanged; not a native-gate claim
primary,n8_d75_s42,8,random_fixed_density,0.4,81,0.0546875,6.0,0.0,0.5,2548.5,0.5,0.13876310767798275,2,0.8550346419215202,13024.5,5097.0,5234.0,5097.0,Toffoli-weight scalarization sensitivity; raw logical counts/depth unchanged; not a native-gate claim
primary,n8_d75_s42,8,random_fixed_density,0.4,81,0.0546875,6.0,0.0001,0.0,0.0,0.0,0.16516032529568722,0,0.05468203152342838,8.0,5097.0,5234.0,5097.0,Toffoli-weight scalarization sensitivity; raw logical counts/depth unchanged; not a native-gate claim
primary,n8_d75_s42,8,random_fixed_density,0.4,81,0.0546875,6.0,0.0001,0.1,509.70000000000005,0.1,0.16516032529568722,0,0.05468203152342838,517.7,5097.0,5234.0,5097.0,Toffoli-weight scalarization sensitivity; raw logical counts/depth unchanged; not a native-gate claim
primary,n8_d75_s42,8,random_fixed_density,0.4,81,0.0546875,6.0,0.0001,0.25,1274.25,0.25,0.16516032529568722,2,0.7282482442960196,11750.25,5097.0,5234.0,5097.0,Toffoli-weight scalarization sensitivity; raw logical counts/depth unchanged; not a native-gate claim
primary,n8_d75_s42,8,random_fixed_density,0.4,81,0.0546875,6.0,0.0001,0.5,2548.5,0.5,0.16516032529568722,2,0.7282482442960196,13024.5,5097.0,5234.0,5097.0,Toffoli-weight scalarization sensitivity; raw logical counts/depth unchanged; not a native-gate claim
primary,n8_d75_s42,8,random_fixed_density,0.4,81,0.0546875,10.0,0.0,0.0,0.0,0.0,0.20611420394965924,0,0.0546875,8.0,7561.0,7746.0,5097.0,Toffoli-weight scalarization sensitivity; raw logical counts/depth unchanged; not a native-gate claim
primary,n8_d75_s42,8,random_fixed_density,0.4,81,0.0546875,10.0,0.0,0.1,509.70000000000005,0.06741171802671606,0.20611420394965924,0,0.0546875,517.7,7561.0,7746.0,5097.0,Toffoli-weight scalarization sensitivity; raw logical counts/depth unchanged; not a native-gate claim
primary,n8_d75_s42,8,random_fixed_density,0.4,81,0.0546875,10.0,0.0,0.25,1274.25,0.1685292950667901,0.20611420394965924,2,0.8550346419215202,16774.25,7561.0,7746.0,5097.0,Toffoli-weight scalarization sensitivity; raw logical counts/depth unchanged; not a native-gate claim
primary,n8_d75_s42,8,random_fixed_density,0.4,81,0.0546875,10.0,0.0,0.5,2548.5,0.3370585901335802,0.20611420394965924,2,0.8550346419215202,18048.5,7561.0,7746.0,5097.0,Toffoli-weight scalarization sensitivity; raw logical counts/depth unchanged; not a native-gate claim
primary,n8_d75_s42,8,random_fixed_density,0.4,81,0.0546875,10.0,0.0001,0.0,0.0,0.0,0.24518047213207017,0,0.05468203152342838,8.0,7561.0,7746.0,5097.0,Toffoli-weight scalarization sensitivity; raw logical counts/depth unchanged; not a native-gate claim
primary,n8_d75_s42,8,random_fixed_density,0.4,81,0.0546875,10.0,0.0001,0.1,509.70000000000005,0.06741171802671606,0.24518047213207017,0,0.05468203152342838,517.7,7561.0,7746.0,5097.0,Toffoli-weight scalarization sensitivity; raw logical counts/depth unchanged; not a native-gate claim
primary,n8_d75_s42,8,random_fixed_density,0.4,81,0.0546875,10.0,0.0001,0.25,1274.25,0.1685292950667901,0.24518047213207017,2,0.7282482442960196,16774.25,7561.0,7746.0,5097.0,Toffoli-weight scalarization sensitivity; raw logical counts/depth unchanged; not a native-gate claim
primary,n8_d75_s42,8,random_fixed_density,0.4,81,0.0546875,10.0,0.0001,0.5,2548.5,0.3370585901335802,0.24518047213207017,2,0.7282482442960196,18048.5,7561.0,7746.0,5097.0,Toffoli-weight scalarization sensitivity; raw logical counts/depth unchanged; not a native-gate claim
primary,n8_d75_s42,8,random_fixed_density,0.55,88,0.0390625,1.0,0.0,0.0,0.0,0.0,0.046750754976775805,0,0.03906250000000001,8.0,2017.0,2094.0,5097.0,Toffoli-weight scalarization sensitivity; raw logical counts/depth unchanged; not a native-gate claim
primary,n8_d75_s42,8,random_fixed_density,0.55,88,0.0390625,1.0,0.0,0.1,509.70000000000005,0.2527020327218642,0.046750754976775805,2,0.7032984867691994,4705.7,2017.0,2094.0,5097.0,Toffoli-weight scalarization sensitivity; raw logical counts/depth unchanged; not a native-gate claim
primary,n8_d75_s42,8,random_fixed_density,0.55,88,0.0390625,1.0,0.0,0.25,1274.25,0.6317550818046603,0.046750754976775805,2,0.7032984867691994,5470.25,2017.0,2094.0,5097.0,Toffoli-weight scalarization sensitivity; raw logical counts/depth unchanged; not a native-gate claim
primary,n8_d75_s42,8,random_fixed_density,0.55,88,0.0390625,1.0,0.0,0.5,2548.5,1.2635101636093207,0.046750754976775805,3,0.9686036807033815,8838.5,2017.0,2094.0,5097.0,Toffoli-weight scalarization sensitivity; raw logical counts/depth unchanged; not a native-gate claim
primary,n8_d75_s42,8,random_fixed_density,0.55,88,0.0390625,1.0,0.0001,0.0,0.0,0.0,0.05574394066340632,0,0.039058593945305996,8.0,2017.0,2094.0,5097.0,Toffoli-weight scalarization sensitivity; raw logical counts/depth unchanged; not a native-gate claim
primary,n8_d75_s42,8,random_fixed_density,0.55,88,0.0390625,1.0,0.0001,0.1,509.70000000000005,0.2527020327218642,0.05574394066340632,2,0.5990118564725091,4705.7,2017.0,2094.0,5097.0,Toffoli-weight scalarization sensitivity; raw logical counts/depth unchanged; not a native-gate claim
primary,n8_d75_s42,8,random_fixed_density,0.55,88,0.0390625,1.0,0.0001,0.25,1274.25,0.6317550818046603,0.05574394066340632,2,0.5990118564725091,5470.25,2017.0,2094.0,5097.0,Toffoli-weight scalarization sensitivity; raw logical counts/depth unchanged; not a native-gate claim
primary,n8_d75_s42,8,random_fixed_density,0.55,88,0.0390625,1.0,0.0001,0.5,2548.5,1.2635101636093207,0.05574394066340632,2,0.5990118564725091,6744.5,2017.0,2094.0,5097.0,Toffoli-weight scalarization sensitivity; raw logical counts/depth unchanged; not a native-gate claim
primary,n8_d75_s42,8,random_fixed_density,0.55,88,0.0390625,4.0,0.0,0.0,0.0,0.0,0.0902251847405734,0,0.03906250000000001,8.0,3865.0,3978.0,5097.0,Toffoli-weight scalarization sensitivity; raw logical counts/depth unchanged; not a native-gate claim
primary,n8_d75_s42,8,random_fixed_density,0.55,88,0.0390625,4.0,0.0,0.1,509.70000000000005,0.13187580853816303,0.0902251847405734,2,0.7032984867691994,8473.7,3865.0,3978.0,5097.0,Toffoli-weight scalarization sensitivity; raw logical counts/depth unchanged; not a native-gate claim
primary,n8_d75_s42,8,random_fixed_density,0.55,88,0.0390625,4.0,0.0,0.25,1274.25,0.3296895213454075,0.0902251847405734,2,0.7032984867691994,9238.25,3865.0,3978.0,5097.0,Toffoli-weight scalarization sensitivity; raw logical counts/depth unchanged; not a native-gate claim
primary,n8_d75_s42,8,random_fixed_density,0.55,88,0.0390625,4.0,0.0,0.5,2548.5,0.659379042690815,0.0902251847405734,2,0.7032984867691994,10512.5,3865.0,3978.0,5097.0,Toffoli-weight scalarization sensitivity; raw logical counts/depth unchanged; not a native-gate claim
primary,n8_d75_s42,8,random_fixed_density,0.55,88,0.0390625,4.0,0.0001,0.0,0.0,0.0,0.1073096607011351,0,0.039058593945305996,8.0,3865.0,3978.0,5097.0,Toffoli-weight scalarization sensitivity; raw logical counts/depth unchanged; not a native-gate claim
primary,n8_d75_s42,8,random_fixed_density,0.55,88,0.0390625,4.0,0.0001,0.1,509.70000000000005,0.13187580853816303,0.1073096607011351,0,0.039058593945305996,517.7,3865.0,3978.0,5097.0,Toffoli-weight scalarization sensitivity; raw logical counts/depth unchanged; not a native-gate claim
primary,n8_d75_s42,8,random_fixed_density,0.55,88,0.0390625,4.0,0.0001,0.25,1274.25,0.3296895213454075,0.1073096607011351,2,0.5990118564725091,9238.25,3865.0,3978.0,5097.0,Toffoli-weight scalarization sensitivity; raw logical counts/depth unchanged; not a native-gate claim
primary,n8_d75_s42,8,random_fixed_density,0.55,88,0.0390625,4.0,0.0001,0.5,2548.5,0.659379042690815,0.1073096607011351,2,0.5990118564725091,10512.5,3865.0,3978.0,5097.0,Toffoli-weight scalarization sensitivity; raw logical counts/depth unchanged; not a native-gate claim
primary,n8_d75_s42,8,random_fixed_density,0.55,88,0.0390625,6.0,0.0,0.0,0.0,0.0,0.11920813791643846,0,0.03906250000000001,8.0,5097.0,5234.0,5097.0,Toffoli-weight scalarization sensitivity; raw logical counts/depth unchanged; not a native-gate claim
primary,n8_d75_s42,8,random_fixed_density,0.55,88,0.0390625,6.0,0.0,0.1,509.70000000000005,0.1,0.11920813791643846,0,0.03906250000000001,517.7,5097.0,5234.0,5097.0,Toffoli-weight scalarization sensitivity; raw logical counts/depth unchanged; not a native-gate claim
primary,n8_d75_s42,8,random_fixed_density,0.55,88,0.0390625,6.0,0.0,0.25,1274.25,0.25,0.11920813791643846,2,0.7032984867691994,11750.25,5097.0,5234.0,5097.0,Toffoli-weight scalarization sensitivity; raw logical counts/depth unchanged; not a native-gate claim
primary,n8_d75_s42,8,random_fixed_density,0.55,88,0.0390625,6.0,0.0,0.5,2548.5,0.5,0.11920813791643846,2,0.7032984867691994,13024.5,5097.0,5234.0,5097.0,Toffoli-weight scalarization sensitivity; raw logical counts/depth unchanged; not a native-gate claim
primary,n8_d75_s42,8,random_fixed_density,0.55,88,0.0390625,6.0,0.0001,0.0,0.0,0.0,0.14168680739295428,0,0.039058593945305996,8.0,5097.0,5234.0,5097.0,Toffoli-weight scalarization sensitivity; raw logical counts/depth unchanged; not a native-gate claim
primary,n8_d75_s42,8,random_fixed_density,0.55,88,0.0390625,6.0,0.0001,0.1,509.70000000000005,0.1,0.14168680739295428,0,0.039058593945305996,517.7,5097.0,5234.0,5097.0,Toffoli-weight scalarization sensitivity; raw logical counts/depth unchanged; not a native-gate claim
primary,n8_d75_s42,8,random_fixed_density,0.55,88,0.0390625,6.0,0.0001,0.25,1274.25,0.25,0.14168680739295428,2,0.5990118564725091,11750.25,5097.0,5234.0,5097.0,Toffoli-weight scalarization sensitivity; raw logical counts/depth unchanged; not a native-gate claim
primary,n8_d75_s42,8,random_fixed_density,0.55,88,0.0390625,6.0,0.0001,0.5,2548.5,0.5,0.14168680739295428,2,0.5990118564725091,13024.5,5097.0,5234.0,5097.0,Toffoli-weight scalarization sensitivity; raw logical counts/depth unchanged; not a native-gate claim
primary,n8_d75_s42,8,random_fixed_density,0.55,88,0.0390625,10.0,0.0,0.0,0.0,0.0,0.1771740442681686,0,0.03906250000000001,8.0,7561.0,7746.0,5097.0,Toffoli-weight scalarization sensitivity; raw logical counts/depth unchanged; not a native-gate claim
primary,n8_d75_s42,8,random_fixed_density,0.55,88,0.0390625,10.0,0.0,0.1,509.70000000000005,0.06741171802671606,0.1771740442681686,0,0.03906250000000001,517.7,7561.0,7746.0,5097.0,Toffoli-weight scalarization sensitivity; raw logical counts/depth unchanged; not a native-gate claim
primary,n8_d75_s42,8,random_fixed_density,0.55,88,0.0390625,10.0,0.0,0.25,1274.25,0.1685292950667901,0.1771740442681686,2,0.7032984867691994,16774.25,7561.0,7746.0,5097.0,Toffoli-weight scalarization sensitivity; raw logical counts/depth unchanged; not a native-gate claim
primary,n8_d75_s42,8,random_fixed_density,0.55,88,0.0390625,10.0,0.0,0.5,2548.5,0.3370585901335802,0.1771740442681686,2,0.7032984867691994,18048.5,7561.0,7746.0,5097.0,Toffoli-weight scalarization sensitivity; raw logical counts/depth unchanged; not a native-gate claim
primary,n8_d75_s42,8,random_fixed_density,0.55,88,0.0390625,10.0,0.0001,0.0,0.0,0.0,0.21044110077659267,0,0.039058593945305996,8.0,7561.0,7746.0,5097.0,Toffoli-weight scalarization sensitivity; raw logical counts/depth unchanged; not a native-gate claim
primary,n8_d75_s42,8,random_fixed_density,0.55,88,0.0390625,10.0,0.0001,0.1,509.70000000000005,0.06741171802671606,0.21044110077659267,0,0.039058593945305996,517.7,7561.0,7746.0,5097.0,Toffoli-weight scalarization sensitivity; raw logical counts/depth unchanged; not a native-gate claim
primary,n8_d75_s42,8,random_fixed_density,0.55,88,0.0390625,10.0,0.0001,0.25,1274.25,0.1685292950667901,0.21044110077659267,2,0.5990118564725091,16774.25,7561.0,7746.0,5097.0,Toffoli-weight scalarization sensitivity; raw logical counts/depth unchanged; not a native-gate claim
primary,n8_d75_s42,8,random_fixed_density,0.55,88,0.0390625,10.0,0.0001,0.5,2548.5,0.3370585901335802,0.21044110077659267,2,0.5990118564725091,18048.5,7561.0,7746.0,5097.0,Toffoli-weight scalarization sensitivity; raw logical counts/depth unchanged; not a native-gate claim
primary,n10_d25_s17,10,random_fixed_density,0.25,37,0.21484375,1.0,0.0,0.0,0.0,0.0,0.11830747743345679,0,0.21484375,10.0,953.0,1050.0,2393.0,Toffoli-weight scalarization sensitivity; raw logical counts/depth unchanged; not a native-gate claim
primary,n10_d25_s17,10,random_fixed_density,0.25,37,0.21484375,1.0,0.0,0.1,239.3,0.2511017838405037,0.11830747743345679,0,0.21484375,249.3,953.0,1050.0,2393.0,Toffoli-weight scalarization sensitivity; raw logical counts/depth unchanged; not a native-gate claim
primary,n10_d25_s17,10,random_fixed_density,0.25,37,0.21484375,1.0,0.0,0.25,598.25,0.6277544596012592,0.11830747743345679,1,0.9844732284545898,1658.25,953.0,1050.0,2393.0,Toffoli-weight scalarization sensitivity; raw logical counts/depth unchanged; not a native-gate claim
primary,n10_d25_s17,10,random_fixed_density,0.25,37,0.21484375,1.0,0.0,0.5,1196.5,1.2555089192025184,0.11830747743345679,1,0.9844732284545898,2256.5,953.0,1050.0,2393.0,Toffoli-weight scalarization sensitivity; raw logical counts/depth unchanged; not a native-gate claim
primary,n10_d25_s17,10,random_fixed_density,0.25,37,0.21484375,1.0,0.0001,0.0,0.0,0.0,0.12474197413155316,0,0.21482226669918295,10.0,953.0,1050.0,2393.0,Toffoli-weight scalarization sensitivity; raw logical counts/depth unchanged; not a native-gate claim
primary,n10_d25_s17,10,random_fixed_density,0.25,37,0.21484375,1.0,0.0001,0.1,239.3,0.2511017838405037,0.12474197413155316,0,0.21482226669918295,249.3,953.0,1050.0,2393.0,Toffoli-weight scalarization sensitivity; raw logical counts/depth unchanged; not a native-gate claim
primary,n10_d25_s17,10,random_fixed_density,0.25,37,0.21484375,1.0,0.0001,0.25,598.25,0.6277544596012592,0.12474197413155316,1,0.9459660729049801,1658.25,953.0,1050.0,2393.0,Toffoli-weight scalarization sensitivity; raw logical counts/depth unchanged; not a native-gate claim
primary,n10_d25_s17,10,random_fixed_density,0.25,37,0.21484375,1.0,0.0001,0.5,1196.5,1.2555089192025184,0.12474197413155316,1,0.9459660729049801,2256.5,953.0,1050.0,2393.0,Toffoli-weight scalarization sensitivity; raw logical counts/depth unchanged; not a native-gate claim
primary,n10_d25_s17,10,random_fixed_density,0.25,37,0.21484375,4.0,0.0,0.0,0.0,0.0,0.22469560617021483,0,0.21484375,10.0,1817.0,1962.0,2393.0,Toffoli-weight scalarization sensitivity; raw logical counts/depth unchanged; not a native-gate claim
primary,n10_d25_s17,10,random_fixed_density,0.25,37,0.21484375,4.0,0.0,0.1,239.3,0.13170060539350578,0.22469560617021483,0,0.21484375,249.3,1817.0,1962.0,2393.0,Toffoli-weight scalarization sensitivity; raw logical counts/depth unchanged; not a native-gate claim
primary,n10_d25_s17,10,random_fixed_density,0.25,37,0.21484375,4.0,0.0,0.25,598.25,0.32925151348376447,0.22469560617021483,1,0.9844732284545898,2570.25,1817.0,1962.0,2393.0,Toffoli-weight scalarization sensitivity; raw logical counts/depth unchanged; not a native-gate claim
primary,n10_d25_s17,10,random_fixed_density,0.25,37,0.21484375,4.0,0.0,0.5,1196.5,0.6585030269675289,0.22469560617021483,1,0.9844732284545898,3168.5,1817.0,1962.0,2393.0,Toffoli-weight scalarization sensitivity; raw logical counts/depth unchanged; not a native-gate claim
primary,n10_d25_s17,10,random_fixed_density,0.25,37,0.21484375,4.0,0.0001,0.0,0.0,0.0,0.23671892285751486,0,0.21482226669918295,10.0,1817.0,1962.0,2393.0,Toffoli-weight scalarization sensitivity; raw logical counts/depth unchanged; not a native-gate claim
primary,n10_d25_s17,10,random_fixed_density,0.25,37,0.21484375,4.0,0.0001,0.1,239.3,0.13170060539350578,0.23671892285751486,0,0.21482226669918295,249.3,1817.0,1962.0,2393.0,Toffoli-weight scalarization sensitivity; raw logical counts/depth unchanged; not a native-gate claim
primary,n10_d25_s17,10,random_fixed_density,0.25,37,0.21484375,4.0,0.0001,0.25,598.25,0.32925151348376447,0.23671892285751486,1,0.9459660729049801,2570.25,1817.0,1962.0,2393.0,Toffoli-weight scalarization sensitivity; raw logical counts/depth unchanged; not a native-gate claim
primary,n10_d25_s17,10,random_fixed_density,0.25,37,0.21484375,4.0,0.0001,0.5,1196.5,0.6585030269675289,0.23671892285751486,1,0.9459660729049801,3168.5,1817.0,1962.0,2393.0,Toffoli-weight scalarization sensitivity; raw logical counts/depth unchanged; not a native-gate claim
primary,n10_d25_s17,10,random_fixed_density,0.25,37,0.21484375,6.0,0.0,0.0,0.0,0.0,0.2956210253280535,0,0.21484375,10.0,2393.0,2570.0,2393.0,Toffoli-weight scalarization sensitivity; raw logical counts/depth unchanged; not a native-gate claim
primary,n10_d25_s17,10,random_fixed_density,0.25,37,0.21484375,6.0,0.0,0.1,239.3,0.1,0.2956210253280535,0,0.21484375,249.3,2393.0,2570.0,2393.0,Toffoli-weight scalarization sensitivity; raw logical counts/depth unchanged; not a native-gate claim
primary,n10_d25_s17,10,random_fixed_density,0.25,37,0.21484375,6.0,0.0,0.25,598.25,0.25,0.2956210253280535,0,0.21484375,608.25,2393.0,2570.0,2393.0,Toffoli-weight scalarization sensitivity; raw logical counts/depth unchanged; not a native-gate claim
primary,n10_d25_s17,10,random_fixed_density,0.25,37,0.21484375,6.0,0.0,0.5,1196.5,0.5,0.2956210253280535,1,0.9844732284545898,3776.5,2393.0,2570.0,2393.0,Toffoli-weight scalarization sensitivity; raw logical counts/depth unchanged; not a native-gate claim
primary,n10_d25_s17,10,random_fixed_density,0.25,37,0.21484375,6.0,0.0001,0.0,0.0,0.0,0.311370222008156,0,0.21482226669918295,10.0,2393.0,2570.0,2393.0,Toffoli-weight scalarization sensitivity; raw logical counts/depth unchanged; not a native-gate claim
primary,n10_d25_s17,10,random_fixed_density,0.25,37,0.21484375,6.0,0.0001,0.1,239.3,0.1,0.311370222008156,0,0.21482226669918295,249.3,2393.0,2570.0,2393.0,Toffoli-weight scalarization sensitivity; raw logical counts/depth unchanged; not a native-gate claim
primary,n10_d25_s17,10,random_fixed_density,0.25,37,0.21484375,6.0,0.0001,0.25,598.25,0.25,0.311370222008156,0,0.21482226669918295,608.25,2393.0,2570.0,2393.0,Toffoli-weight scalarization sensitivity; raw logical counts/depth unchanged; not a native-gate claim
primary,n10_d25_s17,10,random_fixed_density,0.25,37,0.21484375,6.0,0.0001,0.5,1196.5,0.5,0.311370222008156,1,0.9459660729049801,3776.5,2393.0,2570.0,2393.0,Toffoli-weight scalarization sensitivity; raw logical counts/depth unchanged; not a native-gate claim
primary,n10_d25_s17,10,random_fixed_density,0.25,37,0.21484375,10.0,0.0,0.0,0.0,0.0,0.4374718636437309,0,0.21484375,10.0,3545.0,3786.0,2393.0,Toffoli-weight scalarization sensitivity; raw logical counts/depth unchanged; not a native-gate claim
primary,n10_d25_s17,10,random_fixed_density,0.25,37,0.21484375,10.0,0.0,0.1,239.3,0.06750352609308886,0.4374718636437309,0,0.21484375,249.3,3545.0,3786.0,2393.0,Toffoli-weight scalarization sensitivity; raw logical counts/depth unchanged; not a native-gate claim
primary,n10_d25_s17,10,random_fixed_density,0.25,37,0.21484375,10.0,0.0,0.25,598.25,0.16875881523272215,0.4374718636437309,0,0.21484375,608.25,3545.0,3786.0,2393.0,Toffoli-weight scalarization sensitivity; raw logical counts/depth unchanged; not a native-gate claim
primary,n10_d25_s17,10,random_fixed_density,0.25,37,0.21484375,10.0,0.0,0.5,1196.5,0.3375176304654443,0.4374718636437309,1,0.9844732284545898,4992.5,3545.0,3786.0,2393.0,Toffoli-weight scalarization sensitivity; raw logical counts/depth unchanged; not a native-gate claim
primary,n10_d25_s17,10,random_fixed_density,0.25,37,0.21484375,10.0,0.0001,0.0,0.0,0.0,0.46067282030943835,0,0.21482226669918295,10.0,3545.0,3786.0,2393.0,Toffoli-weight scalarization sensitivity; raw logical counts/depth unchanged; not a native-gate claim
primary,n10_d25_s17,10,random_fixed_density,0.25,37,0.21484375,10.0,0.0001,0.1,239.3,0.06750352609308886,0.46067282030943835,0,0.21482226669918295,249.3,3545.0,3786.0,2393.0,Toffoli-weight scalarization sensitivity; raw logical counts/depth unchanged; not a native-gate claim
primary,n10_d25_s17,10,random_fixed_density,0.25,37,0.21484375,10.0,0.0001,0.25,598.25,0.16875881523272215,0.46067282030943835,0,0.21482226669918295,608.25,3545.0,3786.0,2393.0,Toffoli-weight scalarization sensitivity; raw logical counts/depth unchanged; not a native-gate claim
primary,n10_d25_s17,10,random_fixed_density,0.25,37,0.21484375,10.0,0.0001,0.5,1196.5,0.3375176304654443,0.46067282030943835,1,0.9459660729049801,4992.5,3545.0,3786.0,2393.0,Toffoli-weight scalarization sensitivity; raw logical counts/depth unchanged; not a native-gate claim
primary,n10_d25_s17,10,random_fixed_density,0.4,42,0.0859375,1.0,0.0,0.0,0.0,0.0,0.06827889197063439,0,0.0859375,10.0,953.0,1050.0,2393.0,Toffoli-weight scalarization sensitivity; raw logical counts/depth unchanged; not a native-gate claim
primary,n10_d25_s17,10,random_fixed_density,0.4,42,0.0859375,1.0,0.0,0.1,239.3,0.2511017838405037,0.06827889197063439,1,0.6063461303710939,1299.3,953.0,1050.0,2393.0,Toffoli-weight scalarization sensitivity; raw logical counts/depth unchanged; not a native-gate claim
primary,n10_d25_s17,10,random_fixed_density,0.4,42,0.0859375,1.0,0.0,0.25,598.25,0.6277544596012592,0.06827889197063439,2,0.9930951222777366,2708.25,953.0,1050.0,2393.0,Toffoli-weight scalarization sensitivity; raw logical counts/depth unchanged; not a native-gate claim
primary,n10_d25_s17,10,random_fixed_density,0.4,42,0.0859375,1.0,0.0,0.5,1196.5,1.2555089192025184,0.06827889197063439,2,0.9930951222777366,3306.5,953.0,1050.0,2393.0,Toffoli-weight scalarization sensitivity; raw logical counts/depth unchanged; not a native-gate claim
primary,n10_d25_s17,10,random_fixed_density,0.4,42,0.0859375,1.0,0.0001,0.0,0.0,0.0,0.07172982752976982,0,0.08592890667967318,10.0,953.0,1050.0,2393.0,Toffoli-weight scalarization sensitivity; raw logical counts/depth unchanged; not a native-gate claim
primary,n10_d25_s17,10,random_fixed_density,0.4,42,0.0859375,1.0,0.0001,0.1,239.3,0.2511017838405037,0.07172982752976982,1,0.5826292185402298,1299.3,953.0,1050.0,2393.0,Toffoli-weight scalarization sensitivity; raw logical counts/depth unchanged; not a native-gate claim
primary,n10_d25_s17,10,random_fixed_density,0.4,42,0.0859375,1.0,0.0001,0.25,598.25,0.6277544596012592,0.07172982752976982,1,0.5826292185402298,1658.25,953.0,1050.0,2393.0,Toffoli-weight scalarization sensitivity; raw logical counts/depth unchanged; not a native-gate claim
primary,n10_d25_s17,10,random_fixed_density,0.4,42,0.0859375,1.0,0.0001,0.5,1196.5,1.2555089192025184,0.07172982752976982,2,0.9170174048512119,3306.5,953.0,1050.0,2393.0,Toffoli-weight scalarization sensitivity; raw logical counts/depth unchanged; not a native-gate claim
primary,n10_d25_s17,10,random_fixed_density,0.4,42,0.0859375,4.0,0.0,0.0,0.0,0.0,0.13121362076254092,0,0.0859375,10.0,1817.0,1962.0,2393.0,Toffoli-weight scalarization sensitivity; raw logical counts/depth unchanged; not a native-gate claim
primary,n10_d25_s17,10,random_fixed_density,0.4,42,0.0859375,4.0,0.0,0.1,239.3,0.13170060539350578,0.13121362076254092,0,0.0859375,249.3,1817.0,1962.0,2393.0,Toffoli-weight scalarization sensitivity; raw logical counts/depth unchanged; not a native-gate claim
primary,n10_d25_s17,10,random_fixed_density,0.4,42,0.0859375,4.0,0.0,0.25,598.25,0.32925151348376447,0.13121362076254092,1,0.6063461303710939,2570.25,1817.0,1962.0,2393.0,Toffoli-weight scalarization sensitivity; raw logical counts/depth unchanged; not a native-gate claim
primary,n10_d25_s17,10,random_fixed_density,0.4,42,0.0859375,4.0,0.0,0.5,1196.5,0.6585030269675289,0.13121362076254092,2,0.9930951222777366,5130.5,1817.0,1962.0,2393.0,Toffoli-weight scalarization sensitivity; raw logical counts/depth unchanged; not a native-gate claim
primary,n10_d25_s17,10,random_fixed_density,0.4,42,0.0859375,4.0,0.0001,0.0,0.0,0.0,0.1376619403501826,0,0.08592890667967318,10.0,1817.0,1962.0,2393.0,Toffoli-weight scalarization sensitivity; raw logical counts/depth unchanged; not a native-gate claim
primary,n10_d25_s17,10,random_fixed_density,0.4,42,0.0859375,4.0,0.0001,0.1,239.3,0.13170060539350578,0.1376619403501826,0,0.08592890667967318,249.3,1817.0,1962.0,2393.0,Toffoli-weight scalarization sensitivity; raw logical counts/depth unchanged; not a native-gate claim
primary,n10_d25_s17,10,random_fixed_density,0.4,42,0.0859375,4.0,0.0001,0.25,598.25,0.32925151348376447,0.1376619403501826,1,0.5826292185402298,2570.25,1817.0,1962.0,2393.0,Toffoli-weight scalarization sensitivity; raw logical counts/depth unchanged; not a native-gate claim
primary,n10_d25_s17,10,random_fixed_density,0.4,42,0.0859375,4.0,0.0001,0.5,1196.5,0.6585030269675289,0.1376619403501826,1,0.5826292185402298,3168.5,1817.0,1962.0,2393.0,Toffoli-weight scalarization sensitivity; raw logical counts/depth unchanged; not a native-gate claim
primary,n10_d25_s17,10,random_fixed_density,0.4,42,0.0859375,6.0,0.0,0.0,0.0,0.0,0.17317010662381196,0,0.0859375,10.0,2393.0,2570.0,2393.0,Toffoli-weight scalarization sensitivity; raw logical counts/depth unchanged; not a native-gate claim
primary,n10_d25_s17,10,random_fixed_density,0.4,42,0.0859375,6.0,0.0,0.1,239.3,0.1,0.17317010662381196,0,0.0859375,249.3,2393.0,2570.0,2393.0,Toffoli-weight scalarization sensitivity; raw logical counts/depth unchanged; not a native-gate claim
primary,n10_d25_s17,10,random_fixed_density,0.4,42,0.0859375,6.0,0.0,0.25,598.25,0.25,0.17317010662381196,1,0.6063461303710939,3178.25,2393.0,2570.0,2393.0,Toffoli-weight scalarization sensitivity; raw logical counts/depth unchanged; not a native-gate claim
primary,n10_d25_s17,10,random_fixed_density,0.4,42,0.0859375,6.0,0.0,0.5,1196.5,0.5,0.17317010662381196,1,0.6063461303710939,3776.5,2393.0,2570.0,2393.0,Toffoli-weight scalarization sensitivity; raw logical counts/depth unchanged; not a native-gate claim
primary,n10_d25_s17,10,random_fixed_density,0.4,42,0.0859375,6.0,0.0001,0.0,0.0,0.0,0.18161668223045774,0,0.08592890667967318,10.0,2393.0,2570.0,2393.0,Toffoli-weight scalarization sensitivity; raw logical counts/depth unchanged; not a native-gate claim
primary,n10_d25_s17,10,random_fixed_density,0.4,42,0.0859375,6.0,0.0001,0.1,239.3,0.1,0.18161668223045774,0,0.08592890667967318,249.3,2393.0,2570.0,2393.0,Toffoli-weight scalarization sensitivity; raw logical counts/depth unchanged; not a native-gate claim
primary,n10_d25_s17,10,random_fixed_density,0.4,42,0.0859375,6.0,0.0001,0.25,598.25,0.25,0.18161668223045774,1,0.5826292185402298,3178.25,2393.0,2570.0,2393.0,Toffoli-weight scalarization sensitivity; raw logical counts/depth unchanged; not a native-gate claim
primary,n10_d25_s17,10,random_fixed_density,0.4,42,0.0859375,6.0,0.0001,0.5,1196.5,0.5,0.18161668223045774,1,0.5826292185402298,3776.5,2393.0,2570.0,2393.0,Toffoli-weight scalarization sensitivity; raw logical counts/depth unchanged; not a native-gate claim
primary,n10_d25_s17,10,random_fixed_density,0.4,42,0.0859375,10.0,0.0,0.0,0.0,0.0,0.257083078346354,0,0.0859375,10.0,3545.0,3786.0,2393.0,Toffoli-weight scalarization sensitivity; raw logical counts/depth unchanged; not a native-gate claim
primary,n10_d25_s17,10,random_fixed_density,0.4,42,0.0859375,10.0,0.0,0.1,239.3,0.06750352609308886,0.257083078346354,0,0.0859375,249.3,3545.0,3786.0,2393.0,Toffoli-weight scalarization sensitivity; raw logical counts/depth unchanged; not a native-gate claim
primary,n10_d25_s17,10,random_fixed_density,0.4,42,0.0859375,10.0,0.0,0.25,598.25,0.16875881523272215,0.257083078346354,0,0.0859375,608.25,3545.0,3786.0,2393.0,Toffoli-weight scalarization sensitivity; raw logical counts/depth unchanged; not a native-gate claim
primary,n10_d25_s17,10,random_fixed_density,0.4,42,0.0859375,10.0,0.0,0.5,1196.5,0.3375176304654443,0.257083078346354,1,0.6063461303710939,4992.5,3545.0,3786.0,2393.0,Toffoli-weight scalarization sensitivity; raw logical counts/depth unchanged; not a native-gate claim
primary,n10_d25_s17,10,random_fixed_density,0.4,42,0.0859375,10.0,0.0001,0.0,0.0,0.0,0.2695261659910081,0,0.08592890667967318,10.0,3545.0,3786.0,2393.0,Toffoli-weight scalarization sensitivity; raw logical counts/depth unchanged; not a native-gate claim
primary,n10_d25_s17,10,random_fixed_density,0.4,42,0.0859375,10.0,0.0001,0.1,239.3,0.06750352609308886,0.2695261659910081,0,0.08592890667967318,249.3,3545.0,3786.0,2393.0,Toffoli-weight scalarization sensitivity; raw logical counts/depth unchanged; not a native-gate claim
primary,n10_d25_s17,10,random_fixed_density,0.4,42,0.0859375,10.0,0.0001,0.25,598.25,0.16875881523272215,0.2695261659910081,0,0.08592890667967318,608.25,3545.0,3786.0,2393.0,Toffoli-weight scalarization sensitivity; raw logical counts/depth unchanged; not a native-gate claim
primary,n10_d25_s17,10,random_fixed_density,0.4,42,0.0859375,10.0,0.0001,0.5,1196.5,0.3375176304654443,0.2695261659910081,1,0.5826292185402298,4992.5,3545.0,3786.0,2393.0,Toffoli-weight scalarization sensitivity; raw logical counts/depth unchanged; not a native-gate claim
primary,n10_d25_s17,10,random_fixed_density,0.55,46,0.05078125,1.0,0.0,0.0,0.0,0.0,0.053533549787761536,0,0.05078124999999999,10.0,953.0,1050.0,2393.0,Toffoli-weight scalarization sensitivity; raw logical counts/depth unchanged; not a native-gate claim
primary,n10_d25_s17,10,random_fixed_density,0.55,46,0.05078125,1.0,0.0,0.1,239.3,0.2511017838405037,0.053533549787761536,2,0.8229474939871579,2349.3,953.0,1050.0,2393.0,Toffoli-weight scalarization sensitivity; raw logical counts/depth unchanged; not a native-gate claim
primary,n10_d25_s17,10,random_fixed_density,0.55,46,0.05078125,1.0,0.0,0.25,598.25,0.6277544596012592,0.053533549787761536,2,0.8229474939871579,2708.25,953.0,1050.0,2393.0,Toffoli-weight scalarization sensitivity; raw logical counts/depth unchanged; not a native-gate claim
primary,n10_d25_s17,10,random_fixed_density,0.55,46,0.05078125,1.0,0.0,0.5,1196.5,1.2555089192025184,0.053533549787761536,2,0.8229474939871579,3306.5,953.0,1050.0,2393.0,Toffoli-weight scalarization sensitivity; raw logical counts/depth unchanged; not a native-gate claim
primary,n10_d25_s17,10,random_fixed_density,0.55,46,0.05078125,1.0,0.0001,0.0,0.0,0.0,0.05865763098195365,0,0.05077617212889778,10.0,953.0,1050.0,2393.0,Toffoli-weight scalarization sensitivity; raw logical counts/depth unchanged; not a native-gate claim
primary,n10_d25_s17,10,random_fixed_density,0.55,46,0.05078125,1.0,0.0001,0.1,239.3,0.2511017838405037,0.05865763098195365,2,0.75990422099149,2349.3,953.0,1050.0,2393.0,Toffoli-weight scalarization sensitivity; raw logical counts/depth unchanged; not a native-gate claim
primary,n10_d25_s17,10,random_fixed_density,0.55,46,0.05078125,1.0,0.0001,0.25,598.25,0.6277544596012592,0.05865763098195365,2,0.75990422099149,2708.25,953.0,1050.0,2393.0,Toffoli-weight scalarization sensitivity; raw logical counts/depth unchanged; not a native-gate claim
primary,n10_d25_s17,10,random_fixed_density,0.55,46,0.05078125,1.0,0.0001,0.5,1196.5,1.2555089192025184,0.05865763098195365,2,0.75990422099149,3306.5,953.0,1050.0,2393.0,Toffoli-weight scalarization sensitivity; raw logical counts/depth unchanged; not a native-gate claim
primary,n10_d25_s17,10,random_fixed_density,0.55,46,0.05078125,4.0,0.0,0.0,0.0,0.0,0.10366089565511567,0,0.05078124999999999,10.0,1817.0,1962.0,2393.0,Toffoli-weight scalarization sensitivity; raw logical counts/depth unchanged; not a native-gate claim
primary,n10_d25_s17,10,random_fixed_density,0.55,46,0.05078125,4.0,0.0,0.1,239.3,0.13170060539350578,0.10366089565511567,0,0.05078124999999999,249.3,1817.0,1962.0,2393.0,Toffoli-weight scalarization sensitivity; raw logical counts/depth unchanged; not a native-gate claim
primary,n10_d25_s17,10,random_fixed_density,0.55,46,0.05078125,4.0,0.0,0.25,598.25,0.32925151348376447,0.10366089565511567,2,0.8229474939871579,4532.25,1817.0,1962.0,2393.0,Toffoli-weight scalarization sensitivity; raw logical counts/depth unchanged; not a native-gate claim
primary,n10_d25_s17,10,random_fixed_density,0.55,46,0.05078125,4.0,0.0,0.5,1196.5,0.6585030269675289,0.10366089565511567,2,0.8229474939871579,5130.5,1817.0,1962.0,2393.0,Toffoli-weight scalarization sensitivity; raw logical counts/depth unchanged; not a native-gate claim
primary,n10_d25_s17,10,random_fixed_density,0.55,46,0.05078125,4.0,0.0001,0.0,0.0,0.0,0.11323560737226324,0,0.05077617212889778,10.0,1817.0,1962.0,2393.0,Toffoli-weight scalarization sensitivity; raw logical counts/depth unchanged; not a native-gate claim
primary,n10_d25_s17,10,random_fixed_density,0.55,46,0.05078125,4.0,0.0001,0.1,239.3,0.13170060539350578,0.11323560737226324,0,0.05077617212889778,249.3,1817.0,1962.0,2393.0,Toffoli-weight scalarization sensitivity; raw logical counts/depth unchanged; not a native-gate claim
primary,n10_d25_s17,10,random_fixed_density,0.55,46,0.05078125,4.0,0.0001,0.25,598.25,0.32925151348376447,0.11323560737226324,2,0.75990422099149,4532.25,1817.0,1962.0,2393.0,Toffoli-weight scalarization sensitivity; raw logical counts/depth unchanged; not a native-gate claim
primary,n10_d25_s17,10,random_fixed_density,0.55,46,0.05078125,4.0,0.0001,0.5,1196.5,0.6585030269675289,0.11323560737226324,2,0.75990422099149,5130.5,1817.0,1962.0,2393.0,Toffoli-weight scalarization sensitivity; raw logical counts/depth unchanged; not a native-gate claim
primary,n10_d25_s17,10,random_fixed_density,0.55,46,0.05078125,6.0,0.0,0.0,0.0,0.0,0.13707912623335175,0,0.05078124999999999,10.0,2393.0,2570.0,2393.0,Toffoli-weight scalarization sensitivity; raw logical counts/depth unchanged; not a native-gate claim
primary,n10_d25_s17,10,random_fixed_density,0.55,46,0.05078125,6.0,0.0,0.1,239.3,0.1,0.13707912623335175,0,0.05078124999999999,249.3,2393.0,2570.0,2393.0,Toffoli-weight scalarization sensitivity; raw logical counts/depth unchanged; not a native-gate claim
primary,n10_d25_s17,10,random_fixed_density,0.55,46,0.05078125,6.0,0.0,0.25,598.25,0.25,0.13707912623335175,2,0.8229474939871579,5748.25,2393.0,2570.0,2393.0,Toffoli-weight scalarization sensitivity; raw logical counts/depth unchanged; not a native-gate claim
primary,n10_d25_s17,10,random_fixed_density,0.55,46,0.05078125,6.0,0.0,0.5,1196.5,0.5,0.13707912623335175,2,0.8229474939871579,6346.5,2393.0,2570.0,2393.0,Toffoli-weight scalarization sensitivity; raw logical counts/depth unchanged; not a native-gate claim
primary,n10_d25_s17,10,random_fixed_density,0.55,46,0.05078125,6.0,0.0001,0.0,0.0,0.0,0.14962092496580295,0,0.05077617212889778,10.0,2393.0,2570.0,2393.0,Toffoli-weight scalarization sensitivity; raw logical counts/depth unchanged; not a native-gate claim
primary,n10_d25_s17,10,random_fixed_density,0.55,46,0.05078125,6.0,0.0001,0.1,239.3,0.1,0.14962092496580295,0,0.05077617212889778,249.3,2393.0,2570.0,2393.0,Toffoli-weight scalarization sensitivity; raw logical counts/depth unchanged; not a native-gate claim
primary,n10_d25_s17,10,random_fixed_density,0.55,46,0.05078125,6.0,0.0001,0.25,598.25,0.25,0.14962092496580295,2,0.75990422099149,5748.25,2393.0,2570.0,2393.0,Toffoli-weight scalarization sensitivity; raw logical counts/depth unchanged; not a native-gate claim
primary,n10_d25_s17,10,random_fixed_density,0.55,46,0.05078125,6.0,0.0001,0.5,1196.5,0.5,0.14962092496580295,2,0.75990422099149,6346.5,2393.0,2570.0,2393.0,Toffoli-weight scalarization sensitivity; raw logical counts/depth unchanged; not a native-gate claim
primary,n10_d25_s17,10,random_fixed_density,0.55,46,0.05078125,10.0,0.0,0.0,0.0,0.0,0.20391558738982396,0,0.05078124999999999,10.0,3545.0,3786.0,2393.0,Toffoli-weight scalarization sensitivity; raw logical counts/depth unchanged; not a native-gate claim
primary,n10_d25_s17,10,random_fixed_density,0.55,46,0.05078125,10.0,0.0,0.1,239.3,0.06750352609308886,0.20391558738982396,0,0.05078124999999999,249.3,3545.0,3786.0,2393.0,Toffoli-weight scalarization sensitivity; raw logical counts/depth unchanged; not a native-gate claim
primary,n10_d25_s17,10,random_fixed_density,0.55,46,0.05078125,10.0,0.0,0.25,598.25,0.16875881523272215,0.20391558738982396,2,0.8229474939871579,8180.25,3545.0,3786.0,2393.0,Toffoli-weight scalarization sensitivity; raw logical counts/depth unchanged; not a native-gate claim
primary,n10_d25_s17,10,random_fixed_density,0.55,46,0.05078125,10.0,0.0,0.5,1196.5,0.3375176304654443,0.20391558738982396,2,0.8229474939871579,8778.5,3545.0,3786.0,2393.0,Toffoli-weight scalarization sensitivity; raw logical counts/depth unchanged; not a native-gate claim
primary,n10_d25_s17,10,random_fixed_density,0.55,46,0.05078125,10.0,0.0001,0.0,0.0,0.0,0.2223915601528824,0,0.05077617212889778,10.0,3545.0,3786.0,2393.0,Toffoli-weight scalarization sensitivity; raw logical counts/depth unchanged; not a native-gate claim
primary,n10_d25_s17,10,random_fixed_density,0.55,46,0.05078125,10.0,0.0001,0.1,239.3,0.06750352609308886,0.2223915601528824,0,0.05077617212889778,249.3,3545.0,3786.0,2393.0,Toffoli-weight scalarization sensitivity; raw logical counts/depth unchanged; not a native-gate claim
primary,n10_d25_s17,10,random_fixed_density,0.55,46,0.05078125,10.0,0.0001,0.25,598.25,0.16875881523272215,0.2223915601528824,2,0.75990422099149,8180.25,3545.0,3786.0,2393.0,Toffoli-weight scalarization sensitivity; raw logical counts/depth unchanged; not a native-gate claim
primary,n10_d25_s17,10,random_fixed_density,0.55,46,0.05078125,10.0,0.0001,0.5,1196.5,0.3375176304654443,0.2223915601528824,2,0.75990422099149,8778.5,3545.0,3786.0,2393.0,Toffoli-weight scalarization sensitivity; raw logical counts/depth unchanged; not a native-gate claim
primary,n10_d25_s42,10,random_fixed_density,0.25,35,0.22265625,1.0,0.0,0.0,0.0,0.0,0.12302349164822009,0,0.22265625,10.0,953.0,1050.0,2393.0,Toffoli-weight scalarization sensitivity; raw logical counts/depth unchanged; not a native-gate claim
primary,n10_d25_s42,10,random_fixed_density,0.25,35,0.22265625,1.0,0.0,0.1,239.3,0.2511017838405037,0.12302349164822009,0,0.22265625,249.3,953.0,1050.0,2393.0,Toffoli-weight scalarization sensitivity; raw logical counts/depth unchanged; not a native-gate claim
primary,n10_d25_s42,10,random_fixed_density,0.25,35,0.22265625,1.0,0.0,0.25,598.25,0.6277544596012592,0.12302349164822009,1,0.9907007217407227,1658.25,953.0,1050.0,2393.0,Toffoli-weight scalarization sensitivity; raw logical counts/depth unchanged; not a native-gate claim
primary,n10_d25_s42,10,random_fixed_density,0.25,35,0.22265625,1.0,0.0,0.5,1196.5,1.2555089192025184,0.12302349164822009,1,0.9907007217407227,2256.5,953.0,1050.0,2393.0,Toffoli-weight scalarization sensitivity; raw logical counts/depth unchanged; not a native-gate claim
primary,n10_d25_s42,10,random_fixed_density,0.25,35,0.22265625,1.0,0.0001,0.0,0.0,0.0,0.12976485460286644,0,0.22263398548824415,10.0,953.0,1050.0,2393.0,Toffoli-weight scalarization sensitivity; raw logical counts/depth unchanged; not a native-gate claim
primary,n10_d25_s42,10,random_fixed_density,0.25,35,0.22265625,1.0,0.0001,0.1,239.3,0.2511017838405037,0.12976485460286644,0,0.22263398548824415,249.3,953.0,1050.0,2393.0,Toffoli-weight scalarization sensitivity; raw logical counts/depth unchanged; not a native-gate claim
primary,n10_d25_s42,10,random_fixed_density,0.25,35,0.22265625,1.0,0.0001,0.25,598.25,0.6277544596012592,0.12976485460286644,1,0.9519499810475842,1658.25,953.0,1050.0,2393.0,Toffoli-weight scalarization sensitivity; raw logical counts/depth unchanged; not a native-gate claim
primary,n10_d25_s42,10,random_fixed_density,0.25,35,0.22265625,1.0,0.0001,0.5,1196.5,1.2555089192025184,0.12976485460286644,1,0.9519499810475842,2256.5,953.0,1050.0,2393.0,Toffoli-weight scalarization sensitivity; raw logical counts/depth unchanged; not a native-gate claim
primary,n10_d25_s42,10,random_fixed_density,0.25,35,0.22265625,4.0,0.0,0.0,0.0,0.0,0.23350781558865824,0,0.22265625,10.0,1817.0,1962.0,2393.0,Toffoli-weight scalarization sensitivity; raw logical counts/depth unchanged; not a native-gate claim
primary,n10_d25_s42,10,random_fixed_density,0.25,35,0.22265625,4.0,0.0,0.1,239.3,0.13170060539350578,0.23350781558865824,0,0.22265625,249.3,1817.0,1962.0,2393.0,Toffoli-weight scalarization sensitivity; raw logical counts/depth unchanged; not a native-gate claim
primary,n10_d25_s42,10,random_fixed_density,0.25,35,0.22265625,4.0,0.0,0.25,598.25,0.32925151348376447,0.23350781558865824,1,0.9907007217407227,2570.25,1817.0,1962.0,2393.0,Toffoli-weight scalarization sensitivity; raw logical counts/depth unchanged; not a native-gate claim
primary,n10_d25_s42,10,random_fixed_density,0.25,35,0.22265625,4.0,0.0,0.5,1196.5,0.6585030269675289,0.23350781558865824,1,0.9907007217407227,3168.5,1817.0,1962.0,2393.0,Toffoli-weight scalarization sensitivity; raw logical counts/depth unchanged; not a native-gate claim
primary,n10_d25_s42,10,random_fixed_density,0.25,35,0.22265625,4.0,0.0001,0.0,0.0,0.0,0.24610453379534025,0,0.22263398548824415,10.0,1817.0,1962.0,2393.0,Toffoli-weight scalarization sensitivity; raw logical counts/depth unchanged; not a native-gate claim
primary,n10_d25_s42,10,random_fixed_density,0.25,35,0.22265625,4.0,0.0001,0.1,239.3,0.13170060539350578,0.24610453379534025,0,0.22263398548824415,249.3,1817.0,1962.0,2393.0,Toffoli-weight scalarization sensitivity; raw logical counts/depth unchanged; not a native-gate claim
primary,n10_d25_s42,10,random_fixed_density,0.25,35,0.22265625,4.0,0.0001,0.25,598.25,0.32925151348376447,0.24610453379534025,1,0.9519499810475842,2570.25,1817.0,1962.0,2393.0,Toffoli-weight scalarization sensitivity; raw logical counts/depth unchanged; not a native-gate claim
primary,n10_d25_s42,10,random_fixed_density,0.25,35,0.22265625,4.0,0.0001,0.5,1196.5,0.6585030269675289,0.24610453379534025,1,0.9519499810475842,3168.5,1817.0,1962.0,2393.0,Toffoli-weight scalarization sensitivity; raw logical counts/depth unchanged; not a native-gate claim
primary,n10_d25_s42,10,random_fixed_density,0.25,35,0.22265625,6.0,0.0,0.0,0.0,0.0,0.30716403154895033,0,0.22265625,10.0,2393.0,2570.0,2393.0,Toffoli-weight scalarization sensitivity; raw logical counts/depth unchanged; not a native-gate claim
primary,n10_d25_s42,10,random_fixed_density,0.25,35,0.22265625,6.0,0.0,0.1,239.3,0.1,0.30716403154895033,0,0.22265625,249.3,2393.0,2570.0,2393.0,Toffoli-weight scalarization sensitivity; raw logical counts/depth unchanged; not a native-gate claim
primary,n10_d25_s42,10,random_fixed_density,0.25,35,0.22265625,6.0,0.0,0.25,598.25,0.25,0.30716403154895033,0,0.22265625,608.25,2393.0,2570.0,2393.0,Toffoli-weight scalarization sensitivity; raw logical counts/depth unchanged; not a native-gate claim
primary,n10_d25_s42,10,random_fixed_density,0.25,35,0.22265625,6.0,0.0,0.5,1196.5,0.5,0.30716403154895033,1,0.9907007217407227,3776.5,2393.0,2570.0,2393.0,Toffoli-weight scalarization sensitivity; raw logical counts/depth unchanged; not a native-gate claim
primary,n10_d25_s42,10,random_fixed_density,0.25,35,0.22265625,6.0,0.0001,0.0,0.0,0.0,0.32366431992365613,0,0.22263398548824415,10.0,2393.0,2570.0,2393.0,Toffoli-weight scalarization sensitivity; raw logical counts/depth unchanged; not a native-gate claim
primary,n10_d25_s42,10,random_fixed_density,0.25,35,0.22265625,6.0,0.0001,0.1,239.3,0.1,0.32366431992365613,0,0.22263398548824415,249.3,2393.0,2570.0,2393.0,Toffoli-weight scalarization sensitivity; raw logical counts/depth unchanged; not a native-gate claim
primary,n10_d25_s42,10,random_fixed_density,0.25,35,0.22265625,6.0,0.0001,0.25,598.25,0.25,0.32366431992365613,0,0.22263398548824415,608.25,2393.0,2570.0,2393.0,Toffoli-weight scalarization sensitivity; raw logical counts/depth unchanged; not a native-gate claim
primary,n10_d25_s42,10,random_fixed_density,0.25,35,0.22265625,6.0,0.0001,0.5,1196.5,0.5,0.32366431992365613,1,0.9519499810475842,3776.5,2393.0,2570.0,2393.0,Toffoli-weight scalarization sensitivity; raw logical counts/depth unchanged; not a native-gate claim
primary,n10_d25_s42,10,random_fixed_density,0.25,35,0.22265625,10.0,0.0,0.0,0.0,0.0,0.45447646346953446,0,0.22265625,10.0,3545.0,3786.0,2393.0,Toffoli-weight scalarization sensitivity; raw logical counts/depth unchanged; not a native-gate claim
primary,n10_d25_s42,10,random_fixed_density,0.25,35,0.22265625,10.0,0.0,0.1,239.3,0.06750352609308886,0.45447646346953446,0,0.22265625,249.3,3545.0,3786.0,2393.0,Toffoli-weight scalarization sensitivity; raw logical counts/depth unchanged; not a native-gate claim
primary,n10_d25_s42,10,random_fixed_density,0.25,35,0.22265625,10.0,0.0,0.25,598.25,0.16875881523272215,0.45447646346953446,0,0.22265625,608.25,3545.0,3786.0,2393.0,Toffoli-weight scalarization sensitivity; raw logical counts/depth unchanged; not a native-gate claim
primary,n10_d25_s42,10,random_fixed_density,0.25,35,0.22265625,10.0,0.0,0.5,1196.5,0.3375176304654443,0.45447646346953446,1,0.9907007217407227,4992.5,3545.0,3786.0,2393.0,Toffoli-weight scalarization sensitivity; raw logical counts/depth unchanged; not a native-gate claim
primary,n10_d25_s42,10,random_fixed_density,0.25,35,0.22265625,10.0,0.0001,0.0,0.0,0.0,0.4787838921802879,0,0.22263398548824415,10.0,3545.0,3786.0,2393.0,Toffoli-weight scalarization sensitivity; raw logical counts/depth unchanged; not a native-gate claim
primary,n10_d25_s42,10,random_fixed_density,0.25,35,0.22265625,10.0,0.0001,0.1,239.3,0.06750352609308886,0.4787838921802879,0,0.22263398548824415,249.3,3545.0,3786.0,2393.0,Toffoli-weight scalarization sensitivity; raw logical counts/depth unchanged; not a native-gate claim
primary,n10_d25_s42,10,random_fixed_density,0.25,35,0.22265625,10.0,0.0001,0.25,598.25,0.16875881523272215,0.4787838921802879,0,0.22263398548824415,608.25,3545.0,3786.0,2393.0,Toffoli-weight scalarization sensitivity; raw logical counts/depth unchanged; not a native-gate claim
primary,n10_d25_s42,10,random_fixed_density,0.25,35,0.22265625,10.0,0.0001,0.5,1196.5,0.3375176304654443,0.4787838921802879,1,0.9519499810475842,4992.5,3545.0,3786.0,2393.0,Toffoli-weight scalarization sensitivity; raw logical counts/depth unchanged; not a native-gate claim
primary,n10_d25_s42,10,random_fixed_density,0.4,39,0.125,1.0,0.0,0.0,0.0,0.0,0.07939824488090264,0,0.12500000000000003,10.0,953.0,1050.0,2393.0,Toffoli-weight scalarization sensitivity; raw logical counts/depth unchanged; not a native-gate claim
primary,n10_d25_s42,10,random_fixed_density,0.4,39,0.125,1.0,0.0,0.1,239.3,0.2511017838405037,0.07939824488090264,1,0.7812500000000001,1299.3,953.0,1050.0,2393.0,Toffoli-weight scalarization sensitivity; raw logical counts/depth unchanged; not a native-gate claim
primary,n10_d25_s42,10,random_fixed_density,0.4,39,0.125,1.0,0.0,0.25,598.25,0.6277544596012592,0.07939824488090264,1,0.7812500000000001,1658.25,953.0,1050.0,2393.0,Toffoli-weight scalarization sensitivity; raw logical counts/depth unchanged; not a native-gate claim
primary,n10_d25_s42,10,random_fixed_density,0.4,39,0.125,1.0,0.0,0.5,1196.5,1.2555089192025184,0.07939824488090264,1,0.7812500000000001,2256.5,953.0,1050.0,2393.0,Toffoli-weight scalarization sensitivity; raw logical counts/depth unchanged; not a native-gate claim
primary,n10_d25_s42,10,random_fixed_density,0.4,39,0.125,1.0,0.0001,0.0,0.0,0.0,0.08346955349626742,0,0.1249875006249792,10.0,953.0,1050.0,2393.0,Toffoli-weight scalarization sensitivity; raw logical counts/depth unchanged; not a native-gate claim
primary,n10_d25_s42,10,random_fixed_density,0.4,39,0.125,1.0,0.0001,0.1,239.3,0.2511017838405037,0.08346955349626742,1,0.7506918147658953,1299.3,953.0,1050.0,2393.0,Toffoli-weight scalarization sensitivity; raw logical counts/depth unchanged; not a native-gate claim
primary,n10_d25_s42,10,random_fixed_density,0.4,39,0.125,1.0,0.0001,0.25,598.25,0.6277544596012592,0.08346955349626742,1,0.7506918147658953,1658.25,953.0,1050.0,2393.0,Toffoli-weight scalarization sensitivity; raw logical counts/depth unchanged; not a native-gate claim
primary,n10_d25_s42,10,random_fixed_density,0.4,39,0.125,1.0,0.0001,0.5,1196.5,1.2555089192025184,0.08346955349626742,1,0.7506918147658953,2256.5,953.0,1050.0,2393.0,Toffoli-weight scalarization sensitivity; raw logical counts/depth unchanged; not a native-gate claim
primary,n10_d25_s42,10,random_fixed_density,0.4,39,0.125,4.0,0.0,0.0,0.0,0.0,0.15199092591487076,0,0.12500000000000003,10.0,1817.0,1962.0,2393.0,Toffoli-weight scalarization sensitivity; raw logical counts/depth unchanged; not a native-gate claim
primary,n10_d25_s42,10,random_fixed_density,0.4,39,0.125,4.0,0.0,0.1,239.3,0.13170060539350578,0.15199092591487076,0,0.12500000000000003,249.3,1817.0,1962.0,2393.0,Toffoli-weight scalarization sensitivity; raw logical counts/depth unchanged; not a native-gate claim
primary,n10_d25_s42,10,random_fixed_density,0.4,39,0.125,4.0,0.0,0.25,598.25,0.32925151348376447,0.15199092591487076,1,0.7812500000000001,2570.25,1817.0,1962.0,2393.0,Toffoli-weight scalarization sensitivity; raw logical counts/depth unchanged; not a native-gate claim
primary,n10_d25_s42,10,random_fixed_density,0.4,39,0.125,4.0,0.0,0.5,1196.5,0.6585030269675289,0.15199092591487076,1,0.7812500000000001,3168.5,1817.0,1962.0,2393.0,Toffoli-weight scalarization sensitivity; raw logical counts/depth unchanged; not a native-gate claim
primary,n10_d25_s42,10,random_fixed_density,0.4,39,0.125,4.0,0.0001,0.0,0.0,0.0,0.15959845687043805,0,0.1249875006249792,10.0,1817.0,1962.0,2393.0,Toffoli-weight scalarization sensitivity; raw logical counts/depth unchanged; not a native-gate claim
primary,n10_d25_s42,10,random_fixed_density,0.4,39,0.125,4.0,0.0001,0.1,239.3,0.13170060539350578,0.15959845687043805,0,0.1249875006249792,249.3,1817.0,1962.0,2393.0,Toffoli-weight scalarization sensitivity; raw logical counts/depth unchanged; not a native-gate claim
primary,n10_d25_s42,10,random_fixed_density,0.4,39,0.125,4.0,0.0001,0.25,598.25,0.32925151348376447,0.15959845687043805,1,0.7506918147658953,2570.25,1817.0,1962.0,2393.0,Toffoli-weight scalarization sensitivity; raw logical counts/depth unchanged; not a native-gate claim
primary,n10_d25_s42,10,random_fixed_density,0.4,39,0.125,4.0,0.0001,0.5,1196.5,0.6585030269675289,0.15959845687043805,1,0.7506918147658953,3168.5,1817.0,1962.0,2393.0,Toffoli-weight scalarization sensitivity; raw logical counts/depth unchanged; not a native-gate claim
primary,n10_d25_s42,10,random_fixed_density,0.4,39,0.125,6.0,0.0,0.0,0.0,0.0,0.20038604660418283,0,0.12500000000000003,10.0,2393.0,2570.0,2393.0,Toffoli-weight scalarization sensitivity; raw logical counts/depth unchanged; not a native-gate claim
primary,n10_d25_s42,10,random_fixed_density,0.4,39,0.125,6.0,0.0,0.1,239.3,0.1,0.20038604660418283,0,0.12500000000000003,249.3,2393.0,2570.0,2393.0,Toffoli-weight scalarization sensitivity; raw logical counts/depth unchanged; not a native-gate claim
primary,n10_d25_s42,10,random_fixed_density,0.4,39,0.125,6.0,0.0,0.25,598.25,0.25,0.20038604660418283,1,0.7812500000000001,3178.25,2393.0,2570.0,2393.0,Toffoli-weight scalarization sensitivity; raw logical counts/depth unchanged; not a native-gate claim
primary,n10_d25_s42,10,random_fixed_density,0.4,39,0.125,6.0,0.0,0.5,1196.5,0.5,0.20038604660418283,1,0.7812500000000001,3776.5,2393.0,2570.0,2393.0,Toffoli-weight scalarization sensitivity; raw logical counts/depth unchanged; not a native-gate claim
primary,n10_d25_s42,10,random_fixed_density,0.4,39,0.125,6.0,0.0001,0.0,0.0,0.0,0.21035105911988516,0,0.1249875006249792,10.0,2393.0,2570.0,2393.0,Toffoli-weight scalarization sensitivity; raw logical counts/depth unchanged; not a native-gate claim
primary,n10_d25_s42,10,random_fixed_density,0.4,39,0.125,6.0,0.0001,0.1,239.3,0.1,0.21035105911988516,0,0.1249875006249792,249.3,2393.0,2570.0,2393.0,Toffoli-weight scalarization sensitivity; raw logical counts/depth unchanged; not a native-gate claim
primary,n10_d25_s42,10,random_fixed_density,0.4,39,0.125,6.0,0.0001,0.25,598.25,0.25,0.21035105911988516,1,0.7506918147658953,3178.25,2393.0,2570.0,2393.0,Toffoli-weight scalarization sensitivity; raw logical counts/depth unchanged; not a native-gate claim
primary,n10_d25_s42,10,random_fixed_density,0.4,39,0.125,6.0,0.0001,0.5,1196.5,0.5,0.21035105911988516,1,0.7506918147658953,3776.5,2393.0,2570.0,2393.0,Toffoli-weight scalarization sensitivity; raw logical counts/depth unchanged; not a native-gate claim
primary,n10_d25_s42,10,random_fixed_density,0.4,39,0.125,10.0,0.0,0.0,0.0,0.0,0.29717628798280704,0,0.12500000000000003,10.0,3545.0,3786.0,2393.0,Toffoli-weight scalarization sensitivity; raw logical counts/depth unchanged; not a native-gate claim
primary,n10_d25_s42,10,random_fixed_density,0.4,39,0.125,10.0,0.0,0.1,239.3,0.06750352609308886,0.29717628798280704,0,0.12500000000000003,249.3,3545.0,3786.0,2393.0,Toffoli-weight scalarization sensitivity; raw logical counts/depth unchanged; not a native-gate claim
primary,n10_d25_s42,10,random_fixed_density,0.4,39,0.125,10.0,0.0,0.25,598.25,0.16875881523272215,0.29717628798280704,0,0.12500000000000003,608.25,3545.0,3786.0,2393.0,Toffoli-weight scalarization sensitivity; raw logical counts/depth unchanged; not a native-gate claim
primary,n10_d25_s42,10,random_fixed_density,0.4,39,0.125,10.0,0.0,0.5,1196.5,0.3375176304654443,0.29717628798280704,1,0.7812500000000001,4992.5,3545.0,3786.0,2393.0,Toffoli-weight scalarization sensitivity; raw logical counts/depth unchanged; not a native-gate claim
primary,n10_d25_s42,10,random_fixed_density,0.4,39,0.125,10.0,0.0001,0.0,0.0,0.0,0.31185626361877944,0,0.1249875006249792,10.0,3545.0,3786.0,2393.0,Toffoli-weight scalarization sensitivity; raw logical counts/depth unchanged; not a native-gate claim
primary,n10_d25_s42,10,random_fixed_density,0.4,39,0.125,10.0,0.0001,0.1,239.3,0.06750352609308886,0.31185626361877944,0,0.1249875006249792,249.3,3545.0,3786.0,2393.0,Toffoli-weight scalarization sensitivity; raw logical counts/depth unchanged; not a native-gate claim
primary,n10_d25_s42,10,random_fixed_density,0.4,39,0.125,10.0,0.0001,0.25,598.25,0.16875881523272215,0.31185626361877944,0,0.1249875006249792,608.25,3545.0,3786.0,2393.0,Toffoli-weight scalarization sensitivity; raw logical counts/depth unchanged; not a native-gate claim
primary,n10_d25_s42,10,random_fixed_density,0.4,39,0.125,10.0,0.0001,0.5,1196.5,0.3375176304654443,0.31185626361877944,1,0.7506918147658953,4992.5,3545.0,3786.0,2393.0,Toffoli-weight scalarization sensitivity; raw logical counts/depth unchanged; not a native-gate claim
primary,n10_d25_s42,10,random_fixed_density,0.55,43,0.0390625,1.0,0.0,0.0,0.0,0.0,0.04742881239145406,0,0.03906250000000001,10.0,953.0,1050.0,2393.0,Toffoli-weight scalarization sensitivity; raw logical counts/depth unchanged; not a native-gate claim
primary,n10_d25_s42,10,random_fixed_density,0.55,43,0.0390625,1.0,0.0,0.1,239.3,0.2511017838405037,0.04742881239145406,2,0.7032984867691994,2349.3,953.0,1050.0,2393.0,Toffoli-weight scalarization sensitivity; raw logical counts/depth unchanged; not a native-gate claim
primary,n10_d25_s42,10,random_fixed_density,0.55,43,0.0390625,1.0,0.0,0.25,598.25,0.6277544596012592,0.04742881239145406,2,0.7032984867691994,2708.25,953.0,1050.0,2393.0,Toffoli-weight scalarization sensitivity; raw logical counts/depth unchanged; not a native-gate claim
primary,n10_d25_s42,10,random_fixed_density,0.55,43,0.0390625,1.0,0.0,0.5,1196.5,1.2555089192025184,0.04742881239145406,3,0.9686036807033815,4356.5,953.0,1050.0,2393.0,Toffoli-weight scalarization sensitivity; raw logical counts/depth unchanged; not a native-gate claim
primary,n10_d25_s42,10,random_fixed_density,0.55,43,0.0390625,1.0,0.0001,0.0,0.0,0.0,0.0519783306765433,0,0.039058593945305996,10.0,953.0,1050.0,2393.0,Toffoli-weight scalarization sensitivity; raw logical counts/depth unchanged; not a native-gate claim
primary,n10_d25_s42,10,random_fixed_density,0.55,43,0.0390625,1.0,0.0001,0.1,239.3,0.2511017838405037,0.0519783306765433,2,0.6494211266425973,2349.3,953.0,1050.0,2393.0,Toffoli-weight scalarization sensitivity; raw logical counts/depth unchanged; not a native-gate claim
primary,n10_d25_s42,10,random_fixed_density,0.55,43,0.0390625,1.0,0.0001,0.25,598.25,0.6277544596012592,0.0519783306765433,2,0.6494211266425973,2708.25,953.0,1050.0,2393.0,Toffoli-weight scalarization sensitivity; raw logical counts/depth unchanged; not a native-gate claim
primary,n10_d25_s42,10,random_fixed_density,0.55,43,0.0390625,1.0,0.0001,0.5,1196.5,1.2555089192025184,0.0519783306765433,3,0.8595040440972365,4356.5,953.0,1050.0,2393.0,Toffoli-weight scalarization sensitivity; raw logical counts/depth unchanged; not a native-gate claim
primary,n10_d25_s42,10,random_fixed_density,0.55,43,0.0390625,4.0,0.0,0.0,0.0,0.0,0.09225375777744399,0,0.03906250000000001,10.0,1817.0,1962.0,2393.0,Toffoli-weight scalarization sensitivity; raw logical counts/depth unchanged; not a native-gate claim
primary,n10_d25_s42,10,random_fixed_density,0.55,43,0.0390625,4.0,0.0,0.1,239.3,0.13170060539350578,0.09225375777744399,2,0.7032984867691994,4173.3,1817.0,1962.0,2393.0,Toffoli-weight scalarization sensitivity; raw logical counts/depth unchanged; not a native-gate claim
primary,n10_d25_s42,10,random_fixed_density,0.55,43,0.0390625,4.0,0.0,0.25,598.25,0.32925151348376447,0.09225375777744399,2,0.7032984867691994,4532.25,1817.0,1962.0,2393.0,Toffoli-weight scalarization sensitivity; raw logical counts/depth unchanged; not a native-gate claim
primary,n10_d25_s42,10,random_fixed_density,0.55,43,0.0390625,4.0,0.0,0.5,1196.5,0.6585030269675289,0.09225375777744399,2,0.7032984867691994,5130.5,1817.0,1962.0,2393.0,Toffoli-weight scalarization sensitivity; raw logical counts/depth unchanged; not a native-gate claim
primary,n10_d25_s42,10,random_fixed_density,0.55,43,0.0390625,4.0,0.0001,0.0,0.0,0.0,0.10075485765872502,0,0.039058593945305996,10.0,1817.0,1962.0,2393.0,Toffoli-weight scalarization sensitivity; raw logical counts/depth unchanged; not a native-gate claim
primary,n10_d25_s42,10,random_fixed_density,0.55,43,0.0390625,4.0,0.0001,0.1,239.3,0.13170060539350578,0.10075485765872502,0,0.039058593945305996,249.3,1817.0,1962.0,2393.0,Toffoli-weight scalarization sensitivity; raw logical counts/depth unchanged; not a native-gate claim
primary,n10_d25_s42,10,random_fixed_density,0.55,43,0.0390625,4.0,0.0001,0.25,598.25,0.32925151348376447,0.10075485765872502,2,0.6494211266425973,4532.25,1817.0,1962.0,2393.0,Toffoli-weight scalarization sensitivity; raw logical counts/depth unchanged; not a native-gate claim
primary,n10_d25_s42,10,random_fixed_density,0.55,43,0.0390625,4.0,0.0001,0.5,1196.5,0.6585030269675289,0.10075485765872502,2,0.6494211266425973,5130.5,1817.0,1962.0,2393.0,Toffoli-weight scalarization sensitivity; raw logical counts/depth unchanged; not a native-gate claim
primary,n10_d25_s42,10,random_fixed_density,0.55,43,0.0390625,6.0,0.0,0.0,0.0,0.0,0.12213705470143726,0,0.03906250000000001,10.0,2393.0,2570.0,2393.0,Toffoli-weight scalarization sensitivity; raw logical counts/depth unchanged; not a native-gate claim
primary,n10_d25_s42,10,random_fixed_density,0.55,43,0.0390625,6.0,0.0,0.1,239.3,0.1,0.12213705470143726,0,0.03906250000000001,249.3,2393.0,2570.0,2393.0,Toffoli-weight scalarization sensitivity; raw logical counts/depth unchanged; not a native-gate claim
primary,n10_d25_s42,10,random_fixed_density,0.55,43,0.0390625,6.0,0.0,0.25,598.25,0.25,0.12213705470143726,2,0.7032984867691994,5748.25,2393.0,2570.0,2393.0,Toffoli-weight scalarization sensitivity; raw logical counts/depth unchanged; not a native-gate claim
primary,n10_d25_s42,10,random_fixed_density,0.55,43,0.0390625,6.0,0.0,0.5,1196.5,0.5,0.12213705470143726,2,0.7032984867691994,6346.5,2393.0,2570.0,2393.0,Toffoli-weight scalarization sensitivity; raw logical counts/depth unchanged; not a native-gate claim
primary,n10_d25_s42,10,random_fixed_density,0.55,43,0.0390625,6.0,0.0001,0.0,0.0,0.0,0.13327254231351285,0,0.039058593945305996,10.0,2393.0,2570.0,2393.0,Toffoli-weight scalarization sensitivity; raw logical counts/depth unchanged; not a native-gate claim
primary,n10_d25_s42,10,random_fixed_density,0.55,43,0.0390625,6.0,0.0001,0.1,239.3,0.1,0.13327254231351285,0,0.039058593945305996,249.3,2393.0,2570.0,2393.0,Toffoli-weight scalarization sensitivity; raw logical counts/depth unchanged; not a native-gate claim
primary,n10_d25_s42,10,random_fixed_density,0.55,43,0.0390625,6.0,0.0001,0.25,598.25,0.25,0.13327254231351285,2,0.6494211266425973,5748.25,2393.0,2570.0,2393.0,Toffoli-weight scalarization sensitivity; raw logical counts/depth unchanged; not a native-gate claim
primary,n10_d25_s42,10,random_fixed_density,0.55,43,0.0390625,6.0,0.0001,0.5,1196.5,0.5,0.13327254231351285,2,0.6494211266425973,6346.5,2393.0,2570.0,2393.0,Toffoli-weight scalarization sensitivity; raw logical counts/depth unchanged; not a native-gate claim
primary,n10_d25_s42,10,random_fixed_density,0.55,43,0.0390625,10.0,0.0,0.0,0.0,0.0,0.18190364854942384,0,0.03906250000000001,10.0,3545.0,3786.0,2393.0,Toffoli-weight scalarization sensitivity; raw logical counts/depth unchanged; not a native-gate claim
primary,n10_d25_s42,10,random_fixed_density,0.55,43,0.0390625,10.0,0.0,0.1,239.3,0.06750352609308886,0.18190364854942384,0,0.03906250000000001,249.3,3545.0,3786.0,2393.0,Toffoli-weight scalarization sensitivity; raw logical counts/depth unchanged; not a native-gate claim
primary,n10_d25_s42,10,random_fixed_density,0.55,43,0.0390625,10.0,0.0,0.25,598.25,0.16875881523272215,0.18190364854942384,2,0.7032984867691994,8180.25,3545.0,3786.0,2393.0,Toffoli-weight scalarization sensitivity; raw logical counts/depth unchanged; not a native-gate claim
primary,n10_d25_s42,10,random_fixed_density,0.55,43,0.0390625,10.0,0.0,0.5,1196.5,0.3375176304654443,0.18190364854942384,2,0.7032984867691994,8778.5,3545.0,3786.0,2393.0,Toffoli-weight scalarization sensitivity; raw logical counts/depth unchanged; not a native-gate claim
primary,n10_d25_s42,10,random_fixed_density,0.55,43,0.0390625,10.0,0.0001,0.0,0.0,0.0,0.19830791162308845,0,0.039058593945305996,10.0,3545.0,3786.0,2393.0,Toffoli-weight scalarization sensitivity; raw logical counts/depth unchanged; not a native-gate claim
primary,n10_d25_s42,10,random_fixed_density,0.55,43,0.0390625,10.0,0.0001,0.1,239.3,0.06750352609308886,0.19830791162308845,0,0.039058593945305996,249.3,3545.0,3786.0,2393.0,Toffoli-weight scalarization sensitivity; raw logical counts/depth unchanged; not a native-gate claim
primary,n10_d25_s42,10,random_fixed_density,0.55,43,0.0390625,10.0,0.0001,0.25,598.25,0.16875881523272215,0.19830791162308845,2,0.6494211266425973,8180.25,3545.0,3786.0,2393.0,Toffoli-weight scalarization sensitivity; raw logical counts/depth unchanged; not a native-gate claim
primary,n10_d25_s42,10,random_fixed_density,0.55,43,0.0390625,10.0,0.0001,0.5,1196.5,0.3375176304654443,0.19830791162308845,2,0.6494211266425973,8778.5,3545.0,3786.0,2393.0,Toffoli-weight scalarization sensitivity; raw logical counts/depth unchanged; not a native-gate claim
primary,n10_d50_s17,10,random_fixed_density,0.25,56,0.158203125,1.0,0.0,0.0,0.0,0.0,0.08804515452033151,0,0.158203125,10.0,2109.0,2206.0,5329.0,Toffoli-weight scalarization sensitivity; raw logical counts/depth unchanged; not a native-gate claim
primary,n10_d50_s17,10,random_fixed_density,0.25,56,0.158203125,1.0,0.0,0.1,532.9,0.2526789947842579,0.08804515452033151,1,0.8865033388137815,2748.9,2109.0,2206.0,5329.0,Toffoli-weight scalarization sensitivity; raw logical counts/depth unchanged; not a native-gate claim
primary,n10_d50_s17,10,random_fixed_density,0.25,56,0.158203125,1.0,0.0,0.25,1332.25,0.6316974869606449,0.08804515452033151,1,0.8865033388137815,3548.25,2109.0,2206.0,5329.0,Toffoli-weight scalarization sensitivity; raw logical counts/depth unchanged; not a native-gate claim
primary,n10_d50_s17,10,random_fixed_density,0.25,56,0.158203125,1.0,0.0,0.5,2664.5,1.2633949739212897,0.08804515452033151,1,0.8865033388137815,4880.5,2109.0,2206.0,5329.0,Toffoli-weight scalarization sensitivity; raw logical counts/depth unchanged; not a native-gate claim
primary,n10_d50_s17,10,random_fixed_density,0.25,56,0.158203125,1.0,0.0001,0.0,0.0,0.0,0.09784740759115997,0,0.15818730547848925,10.0,2109.0,2206.0,5329.0,Toffoli-weight scalarization sensitivity; raw logical counts/depth unchanged; not a native-gate claim
primary,n10_d50_s17,10,random_fixed_density,0.25,56,0.158203125,1.0,0.0001,0.1,532.9,0.2526789947842579,0.09784740759115997,1,0.8148343913494576,2748.9,2109.0,2206.0,5329.0,Toffoli-weight scalarization sensitivity; raw logical counts/depth unchanged; not a native-gate claim
primary,n10_d50_s17,10,random_fixed_density,0.25,56,0.158203125,1.0,0.0001,0.25,1332.25,0.6316974869606449,0.09784740759115997,1,0.8148343913494576,3548.25,2109.0,2206.0,5329.0,Toffoli-weight scalarization sensitivity; raw logical counts/depth unchanged; not a native-gate claim
primary,n10_d50_s17,10,random_fixed_density,0.25,56,0.158203125,1.0,0.0001,0.5,2664.5,1.2633949739212897,0.09784740759115997,1,0.8148343913494576,4880.5,2109.0,2206.0,5329.0,Toffoli-weight scalarization sensitivity; raw logical counts/depth unchanged; not a native-gate claim
primary,n10_d50_s17,10,random_fixed_density,0.25,56,0.158203125,4.0,0.0,0.0,0.0,0.0,0.16875454926617442,0,0.158203125,10.0,4041.0,4186.0,5329.0,Toffoli-weight scalarization sensitivity; raw logical counts/depth unchanged; not a native-gate claim
primary,n10_d50_s17,10,random_fixed_density,0.25,56,0.158203125,4.0,0.0,0.1,532.9,0.13187329868844344,0.16875454926617442,0,0.158203125,542.9,4041.0,4186.0,5329.0,Toffoli-weight scalarization sensitivity; raw logical counts/depth unchanged; not a native-gate claim
primary,n10_d50_s17,10,random_fixed_density,0.25,56,0.158203125,4.0,0.0,0.25,1332.25,0.32968324672110866,0.16875454926617442,1,0.8865033388137815,5528.25,4041.0,4186.0,5329.0,Toffoli-weight scalarization sensitivity; raw logical counts/depth unchanged; not a native-gate claim
primary,n10_d50_s17,10,random_fixed_density,0.25,56,0.158203125,4.0,0.0,0.5,2664.5,0.6593664934422173,0.16875454926617442,1,0.8865033388137815,6860.5,4041.0,4186.0,5329.0,Toffoli-weight scalarization sensitivity; raw logical counts/depth unchanged; not a native-gate claim
primary,n10_d50_s17,10,random_fixed_density,0.25,56,0.158203125,4.0,0.0001,0.0,0.0,0.0,0.18735483546494494,0,0.15818730547848925,10.0,4041.0,4186.0,5329.0,Toffoli-weight scalarization sensitivity; raw logical counts/depth unchanged; not a native-gate claim
primary,n10_d50_s17,10,random_fixed_density,0.25,56,0.158203125,4.0,0.0001,0.1,532.9,0.13187329868844344,0.18735483546494494,0,0.15818730547848925,542.9,4041.0,4186.0,5329.0,Toffoli-weight scalarization sensitivity; raw logical counts/depth unchanged; not a native-gate claim
primary,n10_d50_s17,10,random_fixed_density,0.25,56,0.158203125,4.0,0.0001,0.25,1332.25,0.32968324672110866,0.18735483546494494,1,0.8148343913494576,5528.25,4041.0,4186.0,5329.0,Toffoli-weight scalarization sensitivity; raw logical counts/depth unchanged; not a native-gate claim
primary,n10_d50_s17,10,random_fixed_density,0.25,56,0.158203125,4.0,0.0001,0.5,2664.5,0.6593664934422173,0.18735483546494494,1,0.8148343913494576,6860.5,4041.0,4186.0,5329.0,Toffoli-weight scalarization sensitivity; raw logical counts/depth unchanged; not a native-gate claim
primary,n10_d50_s17,10,random_fixed_density,0.25,56,0.158203125,6.0,0.0,0.0,0.0,0.0,0.22256081243006967,0,0.158203125,10.0,5329.0,5506.0,5329.0,Toffoli-weight scalarization sensitivity; raw logical counts/depth unchanged; not a native-gate claim
primary,n10_d50_s17,10,random_fixed_density,0.25,56,0.158203125,6.0,0.0,0.1,532.9,0.09999999999999999,0.22256081243006967,0,0.158203125,542.9,5329.0,5506.0,5329.0,Toffoli-weight scalarization sensitivity; raw logical counts/depth unchanged; not a native-gate claim
primary,n10_d50_s17,10,random_fixed_density,0.25,56,0.158203125,6.0,0.0,0.25,1332.25,0.25,0.22256081243006967,1,0.8865033388137815,6848.25,5329.0,5506.0,5329.0,Toffoli-weight scalarization sensitivity; raw logical counts/depth unchanged; not a native-gate claim
primary,n10_d50_s17,10,random_fixed_density,0.25,56,0.158203125,6.0,0.0,0.5,2664.5,0.5,0.22256081243006967,1,0.8865033388137815,8180.5,5329.0,5506.0,5329.0,Toffoli-weight scalarization sensitivity; raw logical counts/depth unchanged; not a native-gate claim
primary,n10_d50_s17,10,random_fixed_density,0.25,56,0.158203125,6.0,0.0001,0.0,0.0,0.0,0.24702645404746826,0,0.15818730547848925,10.0,5329.0,5506.0,5329.0,Toffoli-weight scalarization sensitivity; raw logical counts/depth unchanged; not a native-gate claim
primary,n10_d50_s17,10,random_fixed_density,0.25,56,0.158203125,6.0,0.0001,0.1,532.9,0.09999999999999999,0.24702645404746826,0,0.15818730547848925,542.9,5329.0,5506.0,5329.0,Toffoli-weight scalarization sensitivity; raw logical counts/depth unchanged; not a native-gate claim
primary,n10_d50_s17,10,random_fixed_density,0.25,56,0.158203125,6.0,0.0001,0.25,1332.25,0.25,0.24702645404746826,1,0.8148343913494576,6848.25,5329.0,5506.0,5329.0,Toffoli-weight scalarization sensitivity; raw logical counts/depth unchanged; not a native-gate claim
primary,n10_d50_s17,10,random_fixed_density,0.25,56,0.158203125,6.0,0.0001,0.5,2664.5,0.5,0.24702645404746826,1,0.8148343913494576,8180.5,5329.0,5506.0,5329.0,Toffoli-weight scalarization sensitivity; raw logical counts/depth unchanged; not a native-gate claim
primary,n10_d50_s17,10,random_fixed_density,0.25,56,0.158203125,10.0,0.0,0.0,0.0,0.0,0.3301733387578602,0,0.158203125,10.0,7905.0,8146.0,5329.0,Toffoli-weight scalarization sensitivity; raw logical counts/depth unchanged; not a native-gate claim
primary,n10_d50_s17,10,random_fixed_density,0.25,56,0.158203125,10.0,0.0,0.1,532.9,0.06741302972802024,0.3301733387578602,0,0.158203125,542.9,7905.0,8146.0,5329.0,Toffoli-weight scalarization sensitivity; raw logical counts/depth unchanged; not a native-gate claim
primary,n10_d50_s17,10,random_fixed_density,0.25,56,0.158203125,10.0,0.0,0.25,1332.25,0.1685325743200506,0.3301733387578602,0,0.158203125,1342.25,7905.0,8146.0,5329.0,Toffoli-weight scalarization sensitivity; raw logical counts/depth unchanged; not a native-gate claim
primary,n10_d50_s17,10,random_fixed_density,0.25,56,0.158203125,10.0,0.0,0.5,2664.5,0.3370651486401012,0.3301733387578602,1,0.8865033388137815,10820.5,7905.0,8146.0,5329.0,Toffoli-weight scalarization sensitivity; raw logical counts/depth unchanged; not a native-gate claim
primary,n10_d50_s17,10,random_fixed_density,0.25,56,0.158203125,10.0,0.0001,0.0,0.0,0.0,0.36636969121251495,0,0.15818730547848925,10.0,7905.0,8146.0,5329.0,Toffoli-weight scalarization sensitivity; raw logical counts/depth unchanged; not a native-gate claim
primary,n10_d50_s17,10,random_fixed_density,0.25,56,0.158203125,10.0,0.0001,0.1,532.9,0.06741302972802024,0.36636969121251495,0,0.15818730547848925,542.9,7905.0,8146.0,5329.0,Toffoli-weight scalarization sensitivity; raw logical counts/depth unchanged; not a native-gate claim
primary,n10_d50_s17,10,random_fixed_density,0.25,56,0.158203125,10.0,0.0001,0.25,1332.25,0.1685325743200506,0.36636969121251495,0,0.15818730547848925,1342.25,7905.0,8146.0,5329.0,Toffoli-weight scalarization sensitivity; raw logical counts/depth unchanged; not a native-gate claim
primary,n10_d50_s17,10,random_fixed_density,0.25,56,0.158203125,10.0,0.0001,0.5,2664.5,0.3370651486401012,0.36636969121251495,1,0.8148343913494576,10820.5,7905.0,8146.0,5329.0,Toffoli-weight scalarization sensitivity; raw logical counts/depth unchanged; not a native-gate claim
primary,n10_d50_s17,10,random_fixed_density,0.4,63,0.02734375,1.0,0.0,0.0,0.0,0.0,0.03977560463972409,0,0.027343750000000003,10.0,2109.0,2206.0,5329.0,Toffoli-weight scalarization sensitivity; raw logical counts/depth unchanged; not a native-gate claim
primary,n10_d50_s17,10,random_fixed_density,0.4,63,0.02734375,1.0,0.0,0.1,532.9,0.2526789947842579,0.03977560463972409,3,0.842614590269875,7160.9,2109.0,2206.0,5329.0,Toffoli-weight scalarization sensitivity; raw logical counts/depth unchanged; not a native-gate claim
primary,n10_d50_s17,10,random_fixed_density,0.4,63,0.02734375,1.0,0.0,0.25,1332.25,0.6316974869606449,0.03977560463972409,3,0.842614590269875,7960.25,2109.0,2206.0,5329.0,Toffoli-weight scalarization sensitivity; raw logical counts/depth unchanged; not a native-gate claim
primary,n10_d50_s17,10,random_fixed_density,0.4,63,0.02734375,1.0,0.0,0.5,2664.5,1.2633949739212897,0.03977560463972409,3,0.842614590269875,9292.5,2109.0,2206.0,5329.0,Toffoli-weight scalarization sensitivity; raw logical counts/depth unchanged; not a native-gate claim
primary,n10_d50_s17,10,random_fixed_density,0.4,63,0.02734375,1.0,0.0001,0.0,0.0,0.0,0.05036794509513905,0,0.027341015761714195,10.0,2109.0,2206.0,5329.0,Toffoli-weight scalarization sensitivity; raw logical counts/depth unchanged; not a native-gate claim
primary,n10_d50_s17,10,random_fixed_density,0.4,63,0.02734375,1.0,0.0001,0.1,532.9,0.2526789947842579,0.05036794509513905,2,0.46061648661615007,4954.9,2109.0,2206.0,5329.0,Toffoli-weight scalarization sensitivity; raw logical counts/depth unchanged; not a native-gate claim
primary,n10_d50_s17,10,random_fixed_density,0.4,63,0.02734375,1.0,0.0001,0.25,1332.25,0.6316974869606449,0.05036794509513905,3,0.6544594744952436,7960.25,2109.0,2206.0,5329.0,Toffoli-weight scalarization sensitivity; raw logical counts/depth unchanged; not a native-gate claim
primary,n10_d50_s17,10,random_fixed_density,0.4,63,0.02734375,1.0,0.0001,0.5,2664.5,1.2633949739212897,0.05036794509513905,3,0.6544594744952436,9292.5,2109.0,2206.0,5329.0,Toffoli-weight scalarization sensitivity; raw logical counts/depth unchanged; not a native-gate claim
primary,n10_d50_s17,10,random_fixed_density,0.4,63,0.02734375,4.0,0.0,0.0,0.0,0.0,0.07716056204939167,0,0.027343750000000003,10.0,4041.0,4186.0,5329.0,Toffoli-weight scalarization sensitivity; raw logical counts/depth unchanged; not a native-gate claim
primary,n10_d50_s17,10,random_fixed_density,0.4,63,0.02734375,4.0,0.0,0.1,532.9,0.13187329868844344,0.07716056204939167,3,0.842614590269875,13100.9,4041.0,4186.0,5329.0,Toffoli-weight scalarization sensitivity; raw logical counts/depth unchanged; not a native-gate claim
primary,n10_d50_s17,10,random_fixed_density,0.4,63,0.02734375,4.0,0.0,0.25,1332.25,0.32968324672110866,0.07716056204939167,3,0.842614590269875,13900.25,4041.0,4186.0,5329.0,Toffoli-weight scalarization sensitivity; raw logical counts/depth unchanged; not a native-gate claim
primary,n10_d50_s17,10,random_fixed_density,0.4,63,0.02734375,4.0,0.0,0.5,2664.5,0.6593664934422173,0.07716056204939167,3,0.842614590269875,15232.5,4041.0,4186.0,5329.0,Toffoli-weight scalarization sensitivity; raw logical counts/depth unchanged; not a native-gate claim
primary,n10_d50_s17,10,random_fixed_density,0.4,63,0.02734375,4.0,0.0001,0.0,0.0,0.0,0.09726008024810745,0,0.027341015761714195,10.0,4041.0,4186.0,5329.0,Toffoli-weight scalarization sensitivity; raw logical counts/depth unchanged; not a native-gate claim
primary,n10_d50_s17,10,random_fixed_density,0.4,63,0.02734375,4.0,0.0001,0.1,532.9,0.13187329868844344,0.09726008024810745,2,0.46061648661615007,8914.9,4041.0,4186.0,5329.0,Toffoli-weight scalarization sensitivity; raw logical counts/depth unchanged; not a native-gate claim
primary,n10_d50_s17,10,random_fixed_density,0.4,63,0.02734375,4.0,0.0001,0.25,1332.25,0.32968324672110866,0.09726008024810745,2,0.46061648661615007,9714.25,4041.0,4186.0,5329.0,Toffoli-weight scalarization sensitivity; raw logical counts/depth unchanged; not a native-gate claim
primary,n10_d50_s17,10,random_fixed_density,0.4,63,0.02734375,4.0,0.0001,0.5,2664.5,0.6593664934422173,0.09726008024810745,3,0.6544594744952436,15232.5,4041.0,4186.0,5329.0,Toffoli-weight scalarization sensitivity; raw logical counts/depth unchanged; not a native-gate claim
primary,n10_d50_s17,10,random_fixed_density,0.4,63,0.02734375,6.0,0.0,0.0,0.0,0.0,0.10208386698917007,0,0.027343750000000003,10.0,5329.0,5506.0,5329.0,Toffoli-weight scalarization sensitivity; raw logical counts/depth unchanged; not a native-gate claim
primary,n10_d50_s17,10,random_fixed_density,0.4,63,0.02734375,6.0,0.0,0.1,532.9,0.09999999999999999,0.10208386698917007,0,0.027343750000000003,542.9,5329.0,5506.0,5329.0,Toffoli-weight scalarization sensitivity; raw logical counts/depth unchanged; not a native-gate claim
primary,n10_d50_s17,10,random_fixed_density,0.4,63,0.02734375,6.0,0.0,0.25,1332.25,0.25,0.10208386698917007,3,0.842614590269875,17860.25,5329.0,5506.0,5329.0,Toffoli-weight scalarization sensitivity; raw logical counts/depth unchanged; not a native-gate claim
primary,n10_d50_s17,10,random_fixed_density,0.4,63,0.02734375,6.0,0.0,0.5,2664.5,0.5,0.10208386698917007,3,0.842614590269875,19192.5,5329.0,5506.0,5329.0,Toffoli-weight scalarization sensitivity; raw logical counts/depth unchanged; not a native-gate claim
primary,n10_d50_s17,10,random_fixed_density,0.4,63,0.02734375,6.0,0.0001,0.0,0.0,0.0,0.12852150368341975,0,0.027341015761714195,10.0,5329.0,5506.0,5329.0,Toffoli-weight scalarization sensitivity; raw logical counts/depth unchanged; not a native-gate claim
primary,n10_d50_s17,10,random_fixed_density,0.4,63,0.02734375,6.0,0.0001,0.1,532.9,0.09999999999999999,0.12852150368341975,0,0.027341015761714195,542.9,5329.0,5506.0,5329.0,Toffoli-weight scalarization sensitivity; raw logical counts/depth unchanged; not a native-gate claim
primary,n10_d50_s17,10,random_fixed_density,0.4,63,0.02734375,6.0,0.0001,0.25,1332.25,0.25,0.12852150368341975,2,0.46061648661615007,12354.25,5329.0,5506.0,5329.0,Toffoli-weight scalarization sensitivity; raw logical counts/depth unchanged; not a native-gate claim
primary,n10_d50_s17,10,random_fixed_density,0.4,63,0.02734375,6.0,0.0001,0.5,2664.5,0.5,0.12852150368341975,3,0.6544594744952436,19192.5,5329.0,5506.0,5329.0,Toffoli-weight scalarization sensitivity; raw logical counts/depth unchanged; not a native-gate claim
primary,n10_d50_s17,10,random_fixed_density,0.4,63,0.02734375,10.0,0.0,0.0,0.0,0.0,0.15193047686872685,0,0.027343750000000003,10.0,7905.0,8146.0,5329.0,Toffoli-weight scalarization sensitivity; raw logical counts/depth unchanged; not a native-gate claim
primary,n10_d50_s17,10,random_fixed_density,0.4,63,0.02734375,10.0,0.0,0.1,532.9,0.06741302972802024,0.15193047686872685,0,0.027343750000000003,542.9,7905.0,8146.0,5329.0,Toffoli-weight scalarization sensitivity; raw logical counts/depth unchanged; not a native-gate claim
primary,n10_d50_s17,10,random_fixed_density,0.4,63,0.02734375,10.0,0.0,0.25,1332.25,0.1685325743200506,0.15193047686872685,3,0.842614590269875,25780.25,7905.0,8146.0,5329.0,Toffoli-weight scalarization sensitivity; raw logical counts/depth unchanged; not a native-gate claim
primary,n10_d50_s17,10,random_fixed_density,0.4,63,0.02734375,10.0,0.0,0.5,2664.5,0.3370651486401012,0.15193047686872685,3,0.842614590269875,27112.5,7905.0,8146.0,5329.0,Toffoli-weight scalarization sensitivity; raw logical counts/depth unchanged; not a native-gate claim
primary,n10_d50_s17,10,random_fixed_density,0.4,63,0.02734375,10.0,0.0001,0.0,0.0,0.0,0.19104435055404423,0,0.027341015761714195,10.0,7905.0,8146.0,5329.0,Toffoli-weight scalarization sensitivity; raw logical counts/depth unchanged; not a native-gate claim
primary,n10_d50_s17,10,random_fixed_density,0.4,63,0.02734375,10.0,0.0001,0.1,532.9,0.06741302972802024,0.19104435055404423,0,0.027341015761714195,542.9,7905.0,8146.0,5329.0,Toffoli-weight scalarization sensitivity; raw logical counts/depth unchanged; not a native-gate claim
primary,n10_d50_s17,10,random_fixed_density,0.4,63,0.02734375,10.0,0.0001,0.25,1332.25,0.1685325743200506,0.19104435055404423,2,0.46061648661615007,17634.25,7905.0,8146.0,5329.0,Toffoli-weight scalarization sensitivity; raw logical counts/depth unchanged; not a native-gate claim
primary,n10_d50_s17,10,random_fixed_density,0.4,63,0.02734375,10.0,0.0001,0.5,2664.5,0.3370651486401012,0.19104435055404423,2,0.46061648661615007,18966.5,7905.0,8146.0,5329.0,Toffoli-weight scalarization sensitivity; raw logical counts/depth unchanged; not a native-gate claim
primary,n10_d50_s17,10,random_fixed_density,0.55,69,0.00390625,1.0,0.0,0.0,0.0,0.0,0.01510975165769186,0,0.003906249999999999,10.0,2109.0,2206.0,5329.0,Toffoli-weight scalarization sensitivity; raw logical counts/depth unchanged; not a native-gate claim
primary,n10_d50_s17,10,random_fixed_density,0.55,69,0.00390625,1.0,0.0,0.1,532.9,0.2526789947842579,0.01510975165769186,9,0.8606760445971724,20396.9,2109.0,2206.0,5329.0,Toffoli-weight scalarization sensitivity; raw logical counts/depth unchanged; not a native-gate claim
primary,n10_d50_s17,10,random_fixed_density,0.55,69,0.00390625,1.0,0.0,0.25,1332.25,0.6316974869606449,0.01510975165769186,9,0.8606760445971724,21196.25,2109.0,2206.0,5329.0,Toffoli-weight scalarization sensitivity; raw logical counts/depth unchanged; not a native-gate claim
primary,n10_d50_s17,10,random_fixed_density,0.55,69,0.00390625,1.0,0.0,0.5,2664.5,1.2633949739212897,0.01510975165769186,9,0.8606760445971724,22528.5,2109.0,2206.0,5329.0,Toffoli-weight scalarization sensitivity; raw logical counts/depth unchanged; not a native-gate claim
primary,n10_d50_s17,10,random_fixed_density,0.55,69,0.00390625,1.0,0.0001,0.0,0.0,0.0,0.028978015889606676,0,0.003905859394530598,10.0,2109.0,2206.0,5329.0,Toffoli-weight scalarization sensitivity; raw logical counts/depth unchanged; not a native-gate claim
primary,n10_d50_s17,10,random_fixed_density,0.55,69,0.00390625,1.0,0.0001,0.1,532.9,0.2526789947842579,0.028978015889606676,6,0.31832469821399106,13778.9,2109.0,2206.0,5329.0,Toffoli-weight scalarization sensitivity; raw logical counts/depth unchanged; not a native-gate claim
primary,n10_d50_s17,10,random_fixed_density,0.55,69,0.00390625,1.0,0.0001,0.25,1332.25,0.6316974869606449,0.028978015889606676,6,0.31832469821399106,14578.25,2109.0,2206.0,5329.0,Toffoli-weight scalarization sensitivity; raw logical counts/depth unchanged; not a native-gate claim
primary,n10_d50_s17,10,random_fixed_density,0.55,69,0.00390625,1.0,0.0001,0.5,2664.5,1.2633949739212897,0.028978015889606676,6,0.31832469821399106,15910.5,2109.0,2206.0,5329.0,Toffoli-weight scalarization sensitivity; raw logical counts/depth unchanged; not a native-gate claim
primary,n10_d50_s17,10,random_fixed_density,0.55,69,0.00390625,4.0,0.0,0.0,0.0,0.0,0.030355820171428433,0,0.003906249999999999,10.0,4041.0,4186.0,5329.0,Toffoli-weight scalarization sensitivity; raw logical counts/depth unchanged; not a native-gate claim
primary,n10_d50_s17,10,random_fixed_density,0.55,69,0.00390625,4.0,0.0,0.1,532.9,0.13187329868844344,0.030355820171428433,9,0.8606760445971724,38216.9,4041.0,4186.0,5329.0,Toffoli-weight scalarization sensitivity; raw logical counts/depth unchanged; not a native-gate claim
primary,n10_d50_s17,10,random_fixed_density,0.55,69,0.00390625,4.0,0.0,0.25,1332.25,0.32968324672110866,0.030355820171428433,9,0.8606760445971724,39016.25,4041.0,4186.0,5329.0,Toffoli-weight scalarization sensitivity; raw logical counts/depth unchanged; not a native-gate claim
primary,n10_d50_s17,10,random_fixed_density,0.55,69,0.00390625,4.0,0.0,0.5,2664.5,0.6593664934422173,0.030355820171428433,9,0.8606760445971724,40348.5,4041.0,4186.0,5329.0,Toffoli-weight scalarization sensitivity; raw logical counts/depth unchanged; not a native-gate claim
primary,n10_d50_s17,10,random_fixed_density,0.55,69,0.00390625,4.0,0.0001,0.0,0.0,0.0,0.05667157451177087,0,0.003905859394530598,10.0,4041.0,4186.0,5329.0,Toffoli-weight scalarization sensitivity; raw logical counts/depth unchanged; not a native-gate claim
primary,n10_d50_s17,10,random_fixed_density,0.55,69,0.00390625,4.0,0.0001,0.1,532.9,0.13187329868844344,0.05667157451177087,6,0.31832469821399106,25658.9,4041.0,4186.0,5329.0,Toffoli-weight scalarization sensitivity; raw logical counts/depth unchanged; not a native-gate claim
primary,n10_d50_s17,10,random_fixed_density,0.55,69,0.00390625,4.0,0.0001,0.25,1332.25,0.32968324672110866,0.05667157451177087,6,0.31832469821399106,26458.25,4041.0,4186.0,5329.0,Toffoli-weight scalarization sensitivity; raw logical counts/depth unchanged; not a native-gate claim
primary,n10_d50_s17,10,random_fixed_density,0.55,69,0.00390625,4.0,0.0001,0.5,2664.5,0.6593664934422173,0.05667157451177087,6,0.31832469821399106,27790.5,4041.0,4186.0,5329.0,Toffoli-weight scalarization sensitivity; raw logical counts/depth unchanged; not a native-gate claim
primary,n10_d50_s17,10,random_fixed_density,0.55,69,0.00390625,6.0,0.0,0.0,0.0,0.0,0.04051986584725282,0,0.003906249999999999,10.0,5329.0,5506.0,5329.0,Toffoli-weight scalarization sensitivity; raw logical counts/depth unchanged; not a native-gate claim
primary,n10_d50_s17,10,random_fixed_density,0.55,69,0.00390625,6.0,0.0,0.1,532.9,0.09999999999999999,0.04051986584725282,9,0.8606760445971724,50096.9,5329.0,5506.0,5329.0,Toffoli-weight scalarization sensitivity; raw logical counts/depth unchanged; not a native-gate claim
primary,n10_d50_s17,10,random_fixed_density,0.55,69,0.00390625,6.0,0.0,0.25,1332.25,0.25,0.04051986584725282,9,0.8606760445971724,50896.25,5329.0,5506.0,5329.0,Toffoli-weight scalarization sensitivity; raw logical counts/depth unchanged; not a native-gate claim
primary,n10_d50_s17,10,random_fixed_density,0.55,69,0.00390625,6.0,0.0,0.5,2664.5,0.5,0.04051986584725282,9,0.8606760445971724,52228.5,5329.0,5506.0,5329.0,Toffoli-weight scalarization sensitivity; raw logical counts/depth unchanged; not a native-gate claim
primary,n10_d50_s17,10,random_fixed_density,0.55,69,0.00390625,6.0,0.0001,0.0,0.0,0.0,0.075133946926547,0,0.003905859394530598,10.0,5329.0,5506.0,5329.0,Toffoli-weight scalarization sensitivity; raw logical counts/depth unchanged; not a native-gate claim
primary,n10_d50_s17,10,random_fixed_density,0.55,69,0.00390625,6.0,0.0001,0.1,532.9,0.09999999999999999,0.075133946926547,6,0.31832469821399106,33578.9,5329.0,5506.0,5329.0,Toffoli-weight scalarization sensitivity; raw logical counts/depth unchanged; not a native-gate claim
primary,n10_d50_s17,10,random_fixed_density,0.55,69,0.00390625,6.0,0.0001,0.25,1332.25,0.25,0.075133946926547,6,0.31832469821399106,34378.25,5329.0,5506.0,5329.0,Toffoli-weight scalarization sensitivity; raw logical counts/depth unchanged; not a native-gate claim
primary,n10_d50_s17,10,random_fixed_density,0.55,69,0.00390625,6.0,0.0001,0.5,2664.5,0.5,0.075133946926547,6,0.31832469821399106,35710.5,5329.0,5506.0,5329.0,Toffoli-weight scalarization sensitivity; raw logical counts/depth unchanged; not a native-gate claim
primary,n10_d50_s17,10,random_fixed_density,0.55,69,0.00390625,10.0,0.0,0.0,0.0,0.0,0.06084795719890158,0,0.003906249999999999,10.0,7905.0,8146.0,5329.0,Toffoli-weight scalarization sensitivity; raw logical counts/depth unchanged; not a native-gate claim
primary,n10_d50_s17,10,random_fixed_density,0.55,69,0.00390625,10.0,0.0,0.1,532.9,0.06741302972802024,0.06084795719890158,9,0.8606760445971724,73856.9,7905.0,8146.0,5329.0,Toffoli-weight scalarization sensitivity; raw logical counts/depth unchanged; not a native-gate claim
primary,n10_d50_s17,10,random_fixed_density,0.55,69,0.00390625,10.0,0.0,0.25,1332.25,0.1685325743200506,0.06084795719890158,9,0.8606760445971724,74656.25,7905.0,8146.0,5329.0,Toffoli-weight scalarization sensitivity; raw logical counts/depth unchanged; not a native-gate claim
primary,n10_d50_s17,10,random_fixed_density,0.55,69,0.00390625,10.0,0.0,0.5,2664.5,0.3370651486401012,0.06084795719890158,9,0.8606760445971724,75988.5,7905.0,8146.0,5329.0,Toffoli-weight scalarization sensitivity; raw logical counts/depth unchanged; not a native-gate claim
primary,n10_d50_s17,10,random_fixed_density,0.55,69,0.00390625,10.0,0.0001,0.0,0.0,0.0,0.11205869175609924,0,0.003905859394530598,10.0,7905.0,8146.0,5329.0,Toffoli-weight scalarization sensitivity; raw logical counts/depth unchanged; not a native-gate claim
primary,n10_d50_s17,10,random_fixed_density,0.55,69,0.00390625,10.0,0.0001,0.1,532.9,0.06741302972802024,0.11205869175609924,0,0.003905859394530598,542.9,7905.0,8146.0,5329.0,Toffoli-weight scalarization sensitivity; raw logical counts/depth unchanged; not a native-gate claim
primary,n10_d50_s17,10,random_fixed_density,0.55,69,0.00390625,10.0,0.0001,0.25,1332.25,0.1685325743200506,0.11205869175609924,6,0.31832469821399106,50218.25,7905.0,8146.0,5329.0,Toffoli-weight scalarization sensitivity; raw logical counts/depth unchanged; not a native-gate claim
primary,n10_d50_s17,10,random_fixed_density,0.55,69,0.00390625,10.0,0.0001,0.5,2664.5,0.3370651486401012,0.11205869175609924,6,0.31832469821399106,51550.5,7905.0,8146.0,5329.0,Toffoli-weight scalarization sensitivity; raw logical counts/depth unchanged; not a native-gate claim
primary,n10_d50_s42,10,random_fixed_density,0.25,67,0.140625,1.0,0.0,0.0,0.0,0.0,0.08189747054857566,0,0.140625,10.0,2109.0,2206.0,5329.0,Toffoli-weight scalarization sensitivity; raw logical counts/depth unchanged; not a native-gate claim
primary,n10_d50_s42,10,random_fixed_density,0.25,67,0.140625,1.0,0.0,0.1,532.9,0.2526789947842579,0.08189747054857566,1,0.83551025390625,2748.9,2109.0,2206.0,5329.0,Toffoli-weight scalarization sensitivity; raw logical counts/depth unchanged; not a native-gate claim
primary,n10_d50_s42,10,random_fixed_density,0.25,67,0.140625,1.0,0.0,0.25,1332.25,0.6316974869606449,0.08189747054857566,1,0.83551025390625,3548.25,2109.0,2206.0,5329.0,Toffoli-weight scalarization sensitivity; raw logical counts/depth unchanged; not a native-gate claim
primary,n10_d50_s42,10,random_fixed_density,0.25,67,0.140625,1.0,0.0,0.5,2664.5,1.2633949739212897,0.08189747054857566,1,0.83551025390625,4880.5,2109.0,2206.0,5329.0,Toffoli-weight scalarization sensitivity; raw logical counts/depth unchanged; not a native-gate claim
primary,n10_d50_s42,10,random_fixed_density,0.25,67,0.140625,1.0,0.0001,0.0,0.0,0.0,0.09090617343238395,0,0.14061093820310155,10.0,2109.0,2206.0,5329.0,Toffoli-weight scalarization sensitivity; raw logical counts/depth unchanged; not a native-gate claim
primary,n10_d50_s42,10,random_fixed_density,0.25,67,0.140625,1.0,0.0001,0.1,532.9,0.2526789947842579,0.09090617343238395,1,0.7679638185219955,2748.9,2109.0,2206.0,5329.0,Toffoli-weight scalarization sensitivity; raw logical counts/depth unchanged; not a native-gate claim
primary,n10_d50_s42,10,random_fixed_density,0.25,67,0.140625,1.0,0.0001,0.25,1332.25,0.6316974869606449,0.09090617343238395,1,0.7679638185219955,3548.25,2109.0,2206.0,5329.0,Toffoli-weight scalarization sensitivity; raw logical counts/depth unchanged; not a native-gate claim
primary,n10_d50_s42,10,random_fixed_density,0.25,67,0.140625,1.0,0.0001,0.5,2664.5,1.2633949739212897,0.09090617343238395,1,0.7679638185219955,4880.5,2109.0,2206.0,5329.0,Toffoli-weight scalarization sensitivity; raw logical counts/depth unchanged; not a native-gate claim
primary,n10_d50_s42,10,random_fixed_density,0.25,67,0.140625,4.0,0.0,0.0,0.0,0.0,0.15708899844760232,0,0.140625,10.0,4041.0,4186.0,5329.0,Toffoli-weight scalarization sensitivity; raw logical counts/depth unchanged; not a native-gate claim
primary,n10_d50_s42,10,random_fixed_density,0.25,67,0.140625,4.0,0.0,0.1,532.9,0.13187329868844344,0.15708899844760232,0,0.140625,542.9,4041.0,4186.0,5329.0,Toffoli-weight scalarization sensitivity; raw logical counts/depth unchanged; not a native-gate claim
primary,n10_d50_s42,10,random_fixed_density,0.25,67,0.140625,4.0,0.0,0.25,1332.25,0.32968324672110866,0.15708899844760232,1,0.83551025390625,5528.25,4041.0,4186.0,5329.0,Toffoli-weight scalarization sensitivity; raw logical counts/depth unchanged; not a native-gate claim
primary,n10_d50_s42,10,random_fixed_density,0.25,67,0.140625,4.0,0.0,0.5,2664.5,0.6593664934422173,0.15708899844760232,1,0.83551025390625,6860.5,4041.0,4186.0,5329.0,Toffoli-weight scalarization sensitivity; raw logical counts/depth unchanged; not a native-gate claim
primary,n10_d50_s42,10,random_fixed_density,0.25,67,0.140625,4.0,0.0001,0.0,0.0,0.0,0.17418348179829204,0,0.14061093820310155,10.0,4041.0,4186.0,5329.0,Toffoli-weight scalarization sensitivity; raw logical counts/depth unchanged; not a native-gate claim
primary,n10_d50_s42,10,random_fixed_density,0.25,67,0.140625,4.0,0.0001,0.1,532.9,0.13187329868844344,0.17418348179829204,0,0.14061093820310155,542.9,4041.0,4186.0,5329.0,Toffoli-weight scalarization sensitivity; raw logical counts/depth unchanged; not a native-gate claim
primary,n10_d50_s42,10,random_fixed_density,0.25,67,0.140625,4.0,0.0001,0.25,1332.25,0.32968324672110866,0.17418348179829204,1,0.7679638185219955,5528.25,4041.0,4186.0,5329.0,Toffoli-weight scalarization sensitivity; raw logical counts/depth unchanged; not a native-gate claim
primary,n10_d50_s42,10,random_fixed_density,0.25,67,0.140625,4.0,0.0001,0.5,2664.5,0.6593664934422173,0.17418348179829204,1,0.7679638185219955,6860.5,4041.0,4186.0,5329.0,Toffoli-weight scalarization sensitivity; raw logical counts/depth unchanged; not a native-gate claim
primary,n10_d50_s42,10,random_fixed_density,0.25,67,0.140625,6.0,0.0,0.0,0.0,0.0,0.20721668371362006,0,0.140625,10.0,5329.0,5506.0,5329.0,Toffoli-weight scalarization sensitivity; raw logical counts/depth unchanged; not a native-gate claim
primary,n10_d50_s42,10,random_fixed_density,0.25,67,0.140625,6.0,0.0,0.1,532.9,0.09999999999999999,0.20721668371362006,0,0.140625,542.9,5329.0,5506.0,5329.0,Toffoli-weight scalarization sensitivity; raw logical counts/depth unchanged; not a native-gate claim
primary,n10_d50_s42,10,random_fixed_density,0.25,67,0.140625,6.0,0.0,0.25,1332.25,0.25,0.20721668371362006,1,0.83551025390625,6848.25,5329.0,5506.0,5329.0,Toffoli-weight scalarization sensitivity; raw logical counts/depth unchanged; not a native-gate claim
primary,n10_d50_s42,10,random_fixed_density,0.25,67,0.140625,6.0,0.0,0.5,2664.5,0.5,0.20721668371362006,1,0.83551025390625,8180.5,5329.0,5506.0,5329.0,Toffoli-weight scalarization sensitivity; raw logical counts/depth unchanged; not a native-gate claim
primary,n10_d50_s42,10,random_fixed_density,0.25,67,0.140625,6.0,0.0001,0.0,0.0,0.0,0.22970168737556412,0,0.14061093820310155,10.0,5329.0,5506.0,5329.0,Toffoli-weight scalarization sensitivity; raw logical counts/depth unchanged; not a native-gate claim
primary,n10_d50_s42,10,random_fixed_density,0.25,67,0.140625,6.0,0.0001,0.1,532.9,0.09999999999999999,0.22970168737556412,0,0.14061093820310155,542.9,5329.0,5506.0,5329.0,Toffoli-weight scalarization sensitivity; raw logical counts/depth unchanged; not a native-gate claim
primary,n10_d50_s42,10,random_fixed_density,0.25,67,0.140625,6.0,0.0001,0.25,1332.25,0.25,0.22970168737556412,1,0.7679638185219955,6848.25,5329.0,5506.0,5329.0,Toffoli-weight scalarization sensitivity; raw logical counts/depth unchanged; not a native-gate claim
primary,n10_d50_s42,10,random_fixed_density,0.25,67,0.140625,6.0,0.0001,0.5,2664.5,0.5,0.22970168737556412,1,0.7679638185219955,8180.5,5329.0,5506.0,5329.0,Toffoli-weight scalarization sensitivity; raw logical counts/depth unchanged; not a native-gate claim
primary,n10_d50_s42,10,random_fixed_density,0.25,67,0.140625,10.0,0.0,0.0,0.0,0.0,0.3074720542456556,0,0.140625,10.0,7905.0,8146.0,5329.0,Toffoli-weight scalarization sensitivity; raw logical counts/depth unchanged; not a native-gate claim
primary,n10_d50_s42,10,random_fixed_density,0.25,67,0.140625,10.0,0.0,0.1,532.9,0.06741302972802024,0.3074720542456556,0,0.140625,542.9,7905.0,8146.0,5329.0,Toffoli-weight scalarization sensitivity; raw logical counts/depth unchanged; not a native-gate claim
primary,n10_d50_s42,10,random_fixed_density,0.25,67,0.140625,10.0,0.0,0.25,1332.25,0.1685325743200506,0.3074720542456556,0,0.140625,1342.25,7905.0,8146.0,5329.0,Toffoli-weight scalarization sensitivity; raw logical counts/depth unchanged; not a native-gate claim
primary,n10_d50_s42,10,random_fixed_density,0.25,67,0.140625,10.0,0.0,0.5,2664.5,0.3370651486401012,0.3074720542456556,1,0.83551025390625,10820.5,7905.0,8146.0,5329.0,Toffoli-weight scalarization sensitivity; raw logical counts/depth unchanged; not a native-gate claim
primary,n10_d50_s42,10,random_fixed_density,0.25,67,0.140625,10.0,0.0001,0.0,0.0,0.0,0.34073809853010817,0,0.14061093820310155,10.0,7905.0,8146.0,5329.0,Toffoli-weight scalarization sensitivity; raw logical counts/depth unchanged; not a native-gate claim
primary,n10_d50_s42,10,random_fixed_density,0.25,67,0.140625,10.0,0.0001,0.1,532.9,0.06741302972802024,0.34073809853010817,0,0.14061093820310155,542.9,7905.0,8146.0,5329.0,Toffoli-weight scalarization sensitivity; raw logical counts/depth unchanged; not a native-gate claim
primary,n10_d50_s42,10,random_fixed_density,0.25,67,0.140625,10.0,0.0001,0.25,1332.25,0.1685325743200506,0.34073809853010817,0,0.14061093820310155,1342.25,7905.0,8146.0,5329.0,Toffoli-weight scalarization sensitivity; raw logical counts/depth unchanged; not a native-gate claim
primary,n10_d50_s42,10,random_fixed_density,0.25,67,0.140625,10.0,0.0001,0.5,2664.5,0.3370651486401012,0.34073809853010817,1,0.7679638185219955,10820.5,7905.0,8146.0,5329.0,Toffoli-weight scalarization sensitivity; raw logical counts/depth unchanged; not a native-gate claim
primary,n10_d50_s42,10,random_fixed_density,0.4,75,0.046875,1.0,0.0,0.0,0.0,0.0,0.05055421868370122,0,0.04687499999999999,10.0,2109.0,2206.0,5329.0,Toffoli-weight scalarization sensitivity; raw logical counts/depth unchanged; not a native-gate claim
primary,n10_d50_s42,10,random_fixed_density,0.4,75,0.046875,1.0,0.0,0.1,532.9,0.2526789947842579,0.05055421868370122,2,0.7870681285858153,4954.9,2109.0,2206.0,5329.0,Toffoli-weight scalarization sensitivity; raw logical counts/depth unchanged; not a native-gate claim
primary,n10_d50_s42,10,random_fixed_density,0.4,75,0.046875,1.0,0.0,0.25,1332.25,0.6316974869606449,0.05055421868370122,2,0.7870681285858153,5754.25,2109.0,2206.0,5329.0,Toffoli-weight scalarization sensitivity; raw logical counts/depth unchanged; not a native-gate claim
primary,n10_d50_s42,10,random_fixed_density,0.4,75,0.046875,1.0,0.0,0.5,2664.5,1.2633949739212897,0.05055421868370122,2,0.7870681285858153,7086.5,2109.0,2206.0,5329.0,Toffoli-weight scalarization sensitivity; raw logical counts/depth unchanged; not a native-gate claim
primary,n10_d50_s42,10,random_fixed_density,0.4,75,0.046875,1.0,0.0001,0.0,0.0,0.0,0.06089968021867859,0,0.04687031273436718,10.0,2109.0,2206.0,5329.0,Toffoli-weight scalarization sensitivity; raw logical counts/depth unchanged; not a native-gate claim
primary,n10_d50_s42,10,random_fixed_density,0.4,75,0.046875,1.0,0.0001,0.1,532.9,0.2526789947842579,0.06089968021867859,2,0.6650184682827909,4954.9,2109.0,2206.0,5329.0,Toffoli-weight scalarization sensitivity; raw logical counts/depth unchanged; not a native-gate claim
primary,n10_d50_s42,10,random_fixed_density,0.4,75,0.046875,1.0,0.0001,0.25,1332.25,0.6316974869606449,0.06089968021867859,2,0.6650184682827909,5754.25,2109.0,2206.0,5329.0,Toffoli-weight scalarization sensitivity; raw logical counts/depth unchanged; not a native-gate claim
primary,n10_d50_s42,10,random_fixed_density,0.4,75,0.046875,1.0,0.0001,0.5,2664.5,1.2633949739212897,0.06089968021867859,2,0.6650184682827909,7086.5,2109.0,2206.0,5329.0,Toffoli-weight scalarization sensitivity; raw logical counts/depth unchanged; not a native-gate claim
primary,n10_d50_s42,10,random_fixed_density,0.4,75,0.046875,4.0,0.0,0.0,0.0,0.0,0.09761354409294935,0,0.04687499999999999,10.0,4041.0,4186.0,5329.0,Toffoli-weight scalarization sensitivity; raw logical counts/depth unchanged; not a native-gate claim
primary,n10_d50_s42,10,random_fixed_density,0.4,75,0.046875,4.0,0.0,0.1,532.9,0.13187329868844344,0.09761354409294935,2,0.7870681285858153,8914.9,4041.0,4186.0,5329.0,Toffoli-weight scalarization sensitivity; raw logical counts/depth unchanged; not a native-gate claim
primary,n10_d50_s42,10,random_fixed_density,0.4,75,0.046875,4.0,0.0,0.25,1332.25,0.32968324672110866,0.09761354409294935,2,0.7870681285858153,9714.25,4041.0,4186.0,5329.0,Toffoli-weight scalarization sensitivity; raw logical counts/depth unchanged; not a native-gate claim
primary,n10_d50_s42,10,random_fixed_density,0.4,75,0.046875,4.0,0.0,0.5,2664.5,0.6593664934422173,0.09761354409294935,2,0.7870681285858153,11046.5,4041.0,4186.0,5329.0,Toffoli-weight scalarization sensitivity; raw logical counts/depth unchanged; not a native-gate claim
primary,n10_d50_s42,10,random_fixed_density,0.4,75,0.046875,4.0,0.0001,0.0,0.0,0.0,0.11724459667020018,0,0.04687031273436718,10.0,4041.0,4186.0,5329.0,Toffoli-weight scalarization sensitivity; raw logical counts/depth unchanged; not a native-gate claim
primary,n10_d50_s42,10,random_fixed_density,0.4,75,0.046875,4.0,0.0001,0.1,532.9,0.13187329868844344,0.11724459667020018,0,0.04687031273436718,542.9,4041.0,4186.0,5329.0,Toffoli-weight scalarization sensitivity; raw logical counts/depth unchanged; not a native-gate claim
primary,n10_d50_s42,10,random_fixed_density,0.4,75,0.046875,4.0,0.0001,0.25,1332.25,0.32968324672110866,0.11724459667020018,2,0.6650184682827909,9714.25,4041.0,4186.0,5329.0,Toffoli-weight scalarization sensitivity; raw logical counts/depth unchanged; not a native-gate claim
primary,n10_d50_s42,10,random_fixed_density,0.4,75,0.046875,4.0,0.0001,0.5,2664.5,0.6593664934422173,0.11724459667020018,2,0.6650184682827909,11046.5,4041.0,4186.0,5329.0,Toffoli-weight scalarization sensitivity; raw logical counts/depth unchanged; not a native-gate claim
primary,n10_d50_s42,10,random_fixed_density,0.4,75,0.046875,6.0,0.0,0.0,0.0,0.0,0.12898642769911478,0,0.04687499999999999,10.0,5329.0,5506.0,5329.0,Toffoli-weight scalarization sensitivity; raw logical counts/depth unchanged; not a native-gate claim
primary,n10_d50_s42,10,random_fixed_density,0.4,75,0.046875,6.0,0.0,0.1,532.9,0.09999999999999999,0.12898642769911478,0,0.04687499999999999,542.9,5329.0,5506.0,5329.0,Toffoli-weight scalarization sensitivity; raw logical counts/depth unchanged; not a native-gate claim
primary,n10_d50_s42,10,random_fixed_density,0.4,75,0.046875,6.0,0.0,0.25,1332.25,0.25,0.12898642769911478,2,0.7870681285858153,12354.25,5329.0,5506.0,5329.0,Toffoli-weight scalarization sensitivity; raw logical counts/depth unchanged; not a native-gate claim
primary,n10_d50_s42,10,random_fixed_density,0.4,75,0.046875,6.0,0.0,0.5,2664.5,0.5,0.12898642769911478,2,0.7870681285858153,13686.5,5329.0,5506.0,5329.0,Toffoli-weight scalarization sensitivity; raw logical counts/depth unchanged; not a native-gate claim
primary,n10_d50_s42,10,random_fixed_density,0.4,75,0.046875,6.0,0.0001,0.0,0.0,0.0,0.1548078743045479,0,0.04687031273436718,10.0,5329.0,5506.0,5329.0,Toffoli-weight scalarization sensitivity; raw logical counts/depth unchanged; not a native-gate claim
primary,n10_d50_s42,10,random_fixed_density,0.4,75,0.046875,6.0,0.0001,0.1,532.9,0.09999999999999999,0.1548078743045479,0,0.04687031273436718,542.9,5329.0,5506.0,5329.0,Toffoli-weight scalarization sensitivity; raw logical counts/depth unchanged; not a native-gate claim
primary,n10_d50_s42,10,random_fixed_density,0.4,75,0.046875,6.0,0.0001,0.25,1332.25,0.25,0.1548078743045479,2,0.6650184682827909,12354.25,5329.0,5506.0,5329.0,Toffoli-weight scalarization sensitivity; raw logical counts/depth unchanged; not a native-gate claim
primary,n10_d50_s42,10,random_fixed_density,0.4,75,0.046875,6.0,0.0001,0.5,2664.5,0.5,0.1548078743045479,2,0.6650184682827909,13686.5,5329.0,5506.0,5329.0,Toffoli-weight scalarization sensitivity; raw logical counts/depth unchanged; not a native-gate claim
primary,n10_d50_s42,10,random_fixed_density,0.4,75,0.046875,10.0,0.0,0.0,0.0,0.0,0.19173219491144564,0,0.04687499999999999,10.0,7905.0,8146.0,5329.0,Toffoli-weight scalarization sensitivity; raw logical counts/depth unchanged; not a native-gate claim
primary,n10_d50_s42,10,random_fixed_density,0.4,75,0.046875,10.0,0.0,0.1,532.9,0.06741302972802024,0.19173219491144564,0,0.04687499999999999,542.9,7905.0,8146.0,5329.0,Toffoli-weight scalarization sensitivity; raw logical counts/depth unchanged; not a native-gate claim
primary,n10_d50_s42,10,random_fixed_density,0.4,75,0.046875,10.0,0.0,0.25,1332.25,0.1685325743200506,0.19173219491144564,2,0.7870681285858153,17634.25,7905.0,8146.0,5329.0,Toffoli-weight scalarization sensitivity; raw logical counts/depth unchanged; not a native-gate claim
primary,n10_d50_s42,10,random_fixed_density,0.4,75,0.046875,10.0,0.0,0.5,2664.5,0.3370651486401012,0.19173219491144564,2,0.7870681285858153,18966.5,7905.0,8146.0,5329.0,Toffoli-weight scalarization sensitivity; raw logical counts/depth unchanged; not a native-gate claim
primary,n10_d50_s42,10,random_fixed_density,0.4,75,0.046875,10.0,0.0001,0.0,0.0,0.0,0.22993442957324334,0,0.04687031273436718,10.0,7905.0,8146.0,5329.0,Toffoli-weight scalarization sensitivity; raw logical counts/depth unchanged; not a native-gate claim
primary,n10_d50_s42,10,random_fixed_density,0.4,75,0.046875,10.0,0.0001,0.1,532.9,0.06741302972802024,0.22993442957324334,0,0.04687031273436718,542.9,7905.0,8146.0,5329.0,Toffoli-weight scalarization sensitivity; raw logical counts/depth unchanged; not a native-gate claim
primary,n10_d50_s42,10,random_fixed_density,0.4,75,0.046875,10.0,0.0001,0.25,1332.25,0.1685325743200506,0.22993442957324334,2,0.6650184682827909,17634.25,7905.0,8146.0,5329.0,Toffoli-weight scalarization sensitivity; raw logical counts/depth unchanged; not a native-gate claim
primary,n10_d50_s42,10,random_fixed_density,0.4,75,0.046875,10.0,0.0001,0.5,2664.5,0.3370651486401012,0.22993442957324334,2,0.6650184682827909,18966.5,7905.0,8146.0,5329.0,Toffoli-weight scalarization sensitivity; raw logical counts/depth unchanged; not a native-gate claim
primary,n10_d50_s42,10,random_fixed_density,0.55,83,0.00390625,1.0,0.0,0.0,0.0,0.0,0.01510975165769186,0,0.003906249999999999,10.0,2109.0,2206.0,5329.0,Toffoli-weight scalarization sensitivity; raw logical counts/depth unchanged; not a native-gate claim
primary,n10_d50_s42,10,random_fixed_density,0.55,83,0.00390625,1.0,0.0,0.1,532.9,0.2526789947842579,0.01510975165769186,9,0.8606760445971724,20396.9,2109.0,2206.0,5329.0,Toffoli-weight scalarization sensitivity; raw logical counts/depth unchanged; not a native-gate claim
primary,n10_d50_s42,10,random_fixed_density,0.55,83,0.00390625,1.0,0.0,0.25,1332.25,0.6316974869606449,0.01510975165769186,9,0.8606760445971724,21196.25,2109.0,2206.0,5329.0,Toffoli-weight scalarization sensitivity; raw logical counts/depth unchanged; not a native-gate claim
primary,n10_d50_s42,10,random_fixed_density,0.55,83,0.00390625,1.0,0.0,0.5,2664.5,1.2633949739212897,0.01510975165769186,9,0.8606760445971724,22528.5,2109.0,2206.0,5329.0,Toffoli-weight scalarization sensitivity; raw logical counts/depth unchanged; not a native-gate claim
primary,n10_d50_s42,10,random_fixed_density,0.55,83,0.00390625,1.0,0.0001,0.0,0.0,0.0,0.028978015889606676,0,0.003905859394530598,10.0,2109.0,2206.0,5329.0,Toffoli-weight scalarization sensitivity; raw logical counts/depth unchanged; not a native-gate claim
primary,n10_d50_s42,10,random_fixed_density,0.55,83,0.00390625,1.0,0.0001,0.1,532.9,0.2526789947842579,0.028978015889606676,6,0.31832469821399106,13778.9,2109.0,2206.0,5329.0,Toffoli-weight scalarization sensitivity; raw logical counts/depth unchanged; not a native-gate claim
primary,n10_d50_s42,10,random_fixed_density,0.55,83,0.00390625,1.0,0.0001,0.25,1332.25,0.6316974869606449,0.028978015889606676,6,0.31832469821399106,14578.25,2109.0,2206.0,5329.0,Toffoli-weight scalarization sensitivity; raw logical counts/depth unchanged; not a native-gate claim
primary,n10_d50_s42,10,random_fixed_density,0.55,83,0.00390625,1.0,0.0001,0.5,2664.5,1.2633949739212897,0.028978015889606676,6,0.31832469821399106,15910.5,2109.0,2206.0,5329.0,Toffoli-weight scalarization sensitivity; raw logical counts/depth unchanged; not a native-gate claim
primary,n10_d50_s42,10,random_fixed_density,0.55,83,0.00390625,4.0,0.0,0.0,0.0,0.0,0.030355820171428433,0,0.003906249999999999,10.0,4041.0,4186.0,5329.0,Toffoli-weight scalarization sensitivity; raw logical counts/depth unchanged; not a native-gate claim
primary,n10_d50_s42,10,random_fixed_density,0.55,83,0.00390625,4.0,0.0,0.1,532.9,0.13187329868844344,0.030355820171428433,9,0.8606760445971724,38216.9,4041.0,4186.0,5329.0,Toffoli-weight scalarization sensitivity; raw logical counts/depth unchanged; not a native-gate claim
primary,n10_d50_s42,10,random_fixed_density,0.55,83,0.00390625,4.0,0.0,0.25,1332.25,0.32968324672110866,0.030355820171428433,9,0.8606760445971724,39016.25,4041.0,4186.0,5329.0,Toffoli-weight scalarization sensitivity; raw logical counts/depth unchanged; not a native-gate claim
primary,n10_d50_s42,10,random_fixed_density,0.55,83,0.00390625,4.0,0.0,0.5,2664.5,0.6593664934422173,0.030355820171428433,9,0.8606760445971724,40348.5,4041.0,4186.0,5329.0,Toffoli-weight scalarization sensitivity; raw logical counts/depth unchanged; not a native-gate claim
primary,n10_d50_s42,10,random_fixed_density,0.55,83,0.00390625,4.0,0.0001,0.0,0.0,0.0,0.05667157451177087,0,0.003905859394530598,10.0,4041.0,4186.0,5329.0,Toffoli-weight scalarization sensitivity; raw logical counts/depth unchanged; not a native-gate claim
primary,n10_d50_s42,10,random_fixed_density,0.55,83,0.00390625,4.0,0.0001,0.1,532.9,0.13187329868844344,0.05667157451177087,6,0.31832469821399106,25658.9,4041.0,4186.0,5329.0,Toffoli-weight scalarization sensitivity; raw logical counts/depth unchanged; not a native-gate claim
primary,n10_d50_s42,10,random_fixed_density,0.55,83,0.00390625,4.0,0.0001,0.25,1332.25,0.32968324672110866,0.05667157451177087,6,0.31832469821399106,26458.25,4041.0,4186.0,5329.0,Toffoli-weight scalarization sensitivity; raw logical counts/depth unchanged; not a native-gate claim
primary,n10_d50_s42,10,random_fixed_density,0.55,83,0.00390625,4.0,0.0001,0.5,2664.5,0.6593664934422173,0.05667157451177087,6,0.31832469821399106,27790.5,4041.0,4186.0,5329.0,Toffoli-weight scalarization sensitivity; raw logical counts/depth unchanged; not a native-gate claim
primary,n10_d50_s42,10,random_fixed_density,0.55,83,0.00390625,6.0,0.0,0.0,0.0,0.0,0.04051986584725282,0,0.003906249999999999,10.0,5329.0,5506.0,5329.0,Toffoli-weight scalarization sensitivity; raw logical counts/depth unchanged; not a native-gate claim
primary,n10_d50_s42,10,random_fixed_density,0.55,83,0.00390625,6.0,0.0,0.1,532.9,0.09999999999999999,0.04051986584725282,9,0.8606760445971724,50096.9,5329.0,5506.0,5329.0,Toffoli-weight scalarization sensitivity; raw logical counts/depth unchanged; not a native-gate claim
primary,n10_d50_s42,10,random_fixed_density,0.55,83,0.00390625,6.0,0.0,0.25,1332.25,0.25,0.04051986584725282,9,0.8606760445971724,50896.25,5329.0,5506.0,5329.0,Toffoli-weight scalarization sensitivity; raw logical counts/depth unchanged; not a native-gate claim
primary,n10_d50_s42,10,random_fixed_density,0.55,83,0.00390625,6.0,0.0,0.5,2664.5,0.5,0.04051986584725282,9,0.8606760445971724,52228.5,5329.0,5506.0,5329.0,Toffoli-weight scalarization sensitivity; raw logical counts/depth unchanged; not a native-gate claim
primary,n10_d50_s42,10,random_fixed_density,0.55,83,0.00390625,6.0,0.0001,0.0,0.0,0.0,0.075133946926547,0,0.003905859394530598,10.0,5329.0,5506.0,5329.0,Toffoli-weight scalarization sensitivity; raw logical counts/depth unchanged; not a native-gate claim
primary,n10_d50_s42,10,random_fixed_density,0.55,83,0.00390625,6.0,0.0001,0.1,532.9,0.09999999999999999,0.075133946926547,6,0.31832469821399106,33578.9,5329.0,5506.0,5329.0,Toffoli-weight scalarization sensitivity; raw logical counts/depth unchanged; not a native-gate claim
primary,n10_d50_s42,10,random_fixed_density,0.55,83,0.00390625,6.0,0.0001,0.25,1332.25,0.25,0.075133946926547,6,0.31832469821399106,34378.25,5329.0,5506.0,5329.0,Toffoli-weight scalarization sensitivity; raw logical counts/depth unchanged; not a native-gate claim
primary,n10_d50_s42,10,random_fixed_density,0.55,83,0.00390625,6.0,0.0001,0.5,2664.5,0.5,0.075133946926547,6,0.31832469821399106,35710.5,5329.0,5506.0,5329.0,Toffoli-weight scalarization sensitivity; raw logical counts/depth unchanged; not a native-gate claim
primary,n10_d50_s42,10,random_fixed_density,0.55,83,0.00390625,10.0,0.0,0.0,0.0,0.0,0.06084795719890158,0,0.003906249999999999,10.0,7905.0,8146.0,5329.0,Toffoli-weight scalarization sensitivity; raw logical counts/depth unchanged; not a native-gate claim
primary,n10_d50_s42,10,random_fixed_density,0.55,83,0.00390625,10.0,0.0,0.1,532.9,0.06741302972802024,0.06084795719890158,9,0.8606760445971724,73856.9,7905.0,8146.0,5329.0,Toffoli-weight scalarization sensitivity; raw logical counts/depth unchanged; not a native-gate claim
primary,n10_d50_s42,10,random_fixed_density,0.55,83,0.00390625,10.0,0.0,0.25,1332.25,0.1685325743200506,0.06084795719890158,9,0.8606760445971724,74656.25,7905.0,8146.0,5329.0,Toffoli-weight scalarization sensitivity; raw logical counts/depth unchanged; not a native-gate claim
primary,n10_d50_s42,10,random_fixed_density,0.55,83,0.00390625,10.0,0.0,0.5,2664.5,0.3370651486401012,0.06084795719890158,9,0.8606760445971724,75988.5,7905.0,8146.0,5329.0,Toffoli-weight scalarization sensitivity; raw logical counts/depth unchanged; not a native-gate claim
primary,n10_d50_s42,10,random_fixed_density,0.55,83,0.00390625,10.0,0.0001,0.0,0.0,0.0,0.11205869175609924,0,0.003905859394530598,10.0,7905.0,8146.0,5329.0,Toffoli-weight scalarization sensitivity; raw logical counts/depth unchanged; not a native-gate claim
primary,n10_d50_s42,10,random_fixed_density,0.55,83,0.00390625,10.0,0.0001,0.1,532.9,0.06741302972802024,0.11205869175609924,0,0.003905859394530598,542.9,7905.0,8146.0,5329.0,Toffoli-weight scalarization sensitivity; raw logical counts/depth unchanged; not a native-gate claim
primary,n10_d50_s42,10,random_fixed_density,0.55,83,0.00390625,10.0,0.0001,0.25,1332.25,0.1685325743200506,0.11205869175609924,6,0.31832469821399106,50218.25,7905.0,8146.0,5329.0,Toffoli-weight scalarization sensitivity; raw logical counts/depth unchanged; not a native-gate claim
primary,n10_d50_s42,10,random_fixed_density,0.55,83,0.00390625,10.0,0.0001,0.5,2664.5,0.3370651486401012,0.11205869175609924,6,0.31832469821399106,51550.5,7905.0,8146.0,5329.0,Toffoli-weight scalarization sensitivity; raw logical counts/depth unchanged; not a native-gate claim
primary,n10_d75_s17,10,random_fixed_density,0.25,101,0.09765625,1.0,0.0,0.0,0.0,0.0,0.0684636623791134,0,0.09765625,10.0,3633.0,3730.0,9233.0,Toffoli-weight scalarization sensitivity; raw logical counts/depth unchanged; not a native-gate claim
primary,n10_d75_s17,10,random_fixed_density,0.25,101,0.09765625,1.0,0.0,0.1,923.3000000000001,0.2541425818882466,0.0684636623791134,1,0.6649255752563477,4663.3,3633.0,3730.0,9233.0,Toffoli-weight scalarization sensitivity; raw logical counts/depth unchanged; not a native-gate claim
primary,n10_d75_s17,10,random_fixed_density,0.25,101,0.09765625,1.0,0.0,0.25,2308.25,0.6353564547206165,0.0684636623791134,1,0.6649255752563477,6048.25,3633.0,3730.0,9233.0,Toffoli-weight scalarization sensitivity; raw logical counts/depth unchanged; not a native-gate claim
primary,n10_d75_s17,10,random_fixed_density,0.25,101,0.09765625,1.0,0.0,0.5,4616.5,1.270712909441233,0.0684636623791134,2,0.9996643348131329,12086.5,3633.0,3730.0,9233.0,Toffoli-weight scalarization sensitivity; raw logical counts/depth unchanged; not a native-gate claim
primary,n10_d75_s17,10,random_fixed_density,0.25,101,0.09765625,1.0,0.0001,0.0,0.0,0.0,0.08117768464000599,0,0.09764648486326498,10.0,3633.0,3730.0,9233.0,Toffoli-weight scalarization sensitivity; raw logical counts/depth unchanged; not a native-gate claim
primary,n10_d75_s17,10,random_fixed_density,0.25,101,0.09765625,1.0,0.0001,0.1,923.3000000000001,0.2541425818882466,0.08117768464000599,1,0.577192086980034,4663.3,3633.0,3730.0,9233.0,Toffoli-weight scalarization sensitivity; raw logical counts/depth unchanged; not a native-gate claim
primary,n10_d75_s17,10,random_fixed_density,0.25,101,0.09765625,1.0,0.0001,0.25,2308.25,0.6353564547206165,0.08117768464000599,1,0.577192086980034,6048.25,3633.0,3730.0,9233.0,Toffoli-weight scalarization sensitivity; raw logical counts/depth unchanged; not a native-gate claim
primary,n10_d75_s17,10,random_fixed_density,0.25,101,0.09765625,1.0,0.0001,0.5,4616.5,1.270712909441233,0.08117768464000599,1,0.577192086980034,8356.5,3633.0,3730.0,9233.0,Toffoli-weight scalarization sensitivity; raw logical counts/depth unchanged; not a native-gate claim
primary,n10_d75_s17,10,random_fixed_density,0.25,101,0.09765625,4.0,0.0,0.0,0.0,0.0,0.13200663003869947,0,0.09765625,10.0,6993.0,7138.0,9233.0,Toffoli-weight scalarization sensitivity; raw logical counts/depth unchanged; not a native-gate claim
primary,n10_d75_s17,10,random_fixed_density,0.25,101,0.09765625,4.0,0.0,0.1,923.3000000000001,0.13203203203203204,0.13200663003869947,0,0.09765625,933.3000000000001,6993.0,7138.0,9233.0,Toffoli-weight scalarization sensitivity; raw logical counts/depth unchanged; not a native-gate claim
primary,n10_d75_s17,10,random_fixed_density,0.25,101,0.09765625,4.0,0.0,0.25,2308.25,0.3300800800800801,0.13200663003869947,1,0.6649255752563477,9456.25,6993.0,7138.0,9233.0,Toffoli-weight scalarization sensitivity; raw logical counts/depth unchanged; not a native-gate claim
primary,n10_d75_s17,10,random_fixed_density,0.25,101,0.09765625,4.0,0.0,0.5,4616.5,0.6601601601601602,0.13200663003869947,1,0.6649255752563477,11764.5,6993.0,7138.0,9233.0,Toffoli-weight scalarization sensitivity; raw logical counts/depth unchanged; not a native-gate claim
primary,n10_d75_s17,10,random_fixed_density,0.25,101,0.09765625,4.0,0.0001,0.0,0.0,0.0,0.15633711017227894,0,0.09764648486326498,10.0,6993.0,7138.0,9233.0,Toffoli-weight scalarization sensitivity; raw logical counts/depth unchanged; not a native-gate claim
primary,n10_d75_s17,10,random_fixed_density,0.25,101,0.09765625,4.0,0.0001,0.1,923.3000000000001,0.13203203203203204,0.15633711017227894,0,0.09764648486326498,933.3000000000001,6993.0,7138.0,9233.0,Toffoli-weight scalarization sensitivity; raw logical counts/depth unchanged; not a native-gate claim
primary,n10_d75_s17,10,random_fixed_density,0.25,101,0.09765625,4.0,0.0001,0.25,2308.25,0.3300800800800801,0.15633711017227894,1,0.577192086980034,9456.25,6993.0,7138.0,9233.0,Toffoli-weight scalarization sensitivity; raw logical counts/depth unchanged; not a native-gate claim
primary,n10_d75_s17,10,random_fixed_density,0.25,101,0.09765625,4.0,0.0001,0.5,4616.5,0.6601601601601602,0.15633711017227894,1,0.577192086980034,11764.5,6993.0,7138.0,9233.0,Toffoli-weight scalarization sensitivity; raw logical counts/depth unchanged; not a native-gate claim
primary,n10_d75_s17,10,random_fixed_density,0.25,101,0.09765625,6.0,0.0,0.0,0.0,0.0,0.17436860847842353,0,0.09765625,10.0,9233.0,9410.0,9233.0,Toffoli-weight scalarization sensitivity; raw logical counts/depth unchanged; not a native-gate claim
primary,n10_d75_s17,10,random_fixed_density,0.25,101,0.09765625,6.0,0.0,0.1,923.3000000000001,0.1,0.17436860847842353,0,0.09765625,933.3000000000001,9233.0,9410.0,9233.0,Toffoli-weight scalarization sensitivity; raw logical counts/depth unchanged; not a native-gate claim
primary,n10_d75_s17,10,random_fixed_density,0.25,101,0.09765625,6.0,0.0,0.25,2308.25,0.25,0.17436860847842353,1,0.6649255752563477,11728.25,9233.0,9410.0,9233.0,Toffoli-weight scalarization sensitivity; raw logical counts/depth unchanged; not a native-gate claim
primary,n10_d75_s17,10,random_fixed_density,0.25,101,0.09765625,6.0,0.0,0.5,4616.5,0.5,0.17436860847842353,1,0.6649255752563477,14036.5,9233.0,9410.0,9233.0,Toffoli-weight scalarization sensitivity; raw logical counts/depth unchanged; not a native-gate claim
primary,n10_d75_s17,10,random_fixed_density,0.25,101,0.09765625,6.0,0.0001,0.0,0.0,0.0,0.2064433938604609,0,0.09764648486326498,10.0,9233.0,9410.0,9233.0,Toffoli-weight scalarization sensitivity; raw logical counts/depth unchanged; not a native-gate claim
primary,n10_d75_s17,10,random_fixed_density,0.25,101,0.09765625,6.0,0.0001,0.1,923.3000000000001,0.1,0.2064433938604609,0,0.09764648486326498,933.3000000000001,9233.0,9410.0,9233.0,Toffoli-weight scalarization sensitivity; raw logical counts/depth unchanged; not a native-gate claim
primary,n10_d75_s17,10,random_fixed_density,0.25,101,0.09765625,6.0,0.0001,0.25,2308.25,0.25,0.2064433938604609,1,0.577192086980034,11728.25,9233.0,9410.0,9233.0,Toffoli-weight scalarization sensitivity; raw logical counts/depth unchanged; not a native-gate claim
primary,n10_d75_s17,10,random_fixed_density,0.25,101,0.09765625,6.0,0.0001,0.5,4616.5,0.5,0.2064433938604609,1,0.577192086980034,14036.5,9233.0,9410.0,9233.0,Toffoli-weight scalarization sensitivity; raw logical counts/depth unchanged; not a native-gate claim
primary,n10_d75_s17,10,random_fixed_density,0.25,101,0.09765625,10.0,0.0,0.0,0.0,0.0,0.2590925653578716,0,0.09765625,10.0,13713.0,13954.0,9233.0,Toffoli-weight scalarization sensitivity; raw logical counts/depth unchanged; not a native-gate claim
primary,n10_d75_s17,10,random_fixed_density,0.25,101,0.09765625,10.0,0.0,0.1,923.3000000000001,0.06733027054619704,0.2590925653578716,0,0.09765625,933.3000000000001,13713.0,13954.0,9233.0,Toffoli-weight scalarization sensitivity; raw logical counts/depth unchanged; not a native-gate claim
primary,n10_d75_s17,10,random_fixed_density,0.25,101,0.09765625,10.0,0.0,0.25,2308.25,0.1683256763654926,0.2590925653578716,0,0.09765625,2318.25,13713.0,13954.0,9233.0,Toffoli-weight scalarization sensitivity; raw logical counts/depth unchanged; not a native-gate claim
primary,n10_d75_s17,10,random_fixed_density,0.25,101,0.09765625,10.0,0.0,0.5,4616.5,0.3366513527309852,0.2590925653578716,1,0.6649255752563477,18580.5,13713.0,13954.0,9233.0,Toffoli-weight scalarization sensitivity; raw logical counts/depth unchanged; not a native-gate claim
primary,n10_d75_s17,10,random_fixed_density,0.25,101,0.09765625,10.0,0.0001,0.0,0.0,0.0,0.3066559612368248,0,0.09764648486326498,10.0,13713.0,13954.0,9233.0,Toffoli-weight scalarization sensitivity; raw logical counts/depth unchanged; not a native-gate claim
primary,n10_d75_s17,10,random_fixed_density,0.25,101,0.09765625,10.0,0.0001,0.1,923.3000000000001,0.06733027054619704,0.3066559612368248,0,0.09764648486326498,933.3000000000001,13713.0,13954.0,9233.0,Toffoli-weight scalarization sensitivity; raw logical counts/depth unchanged; not a native-gate claim
primary,n10_d75_s17,10,random_fixed_density,0.25,101,0.09765625,10.0,0.0001,0.25,2308.25,0.1683256763654926,0.3066559612368248,0,0.09764648486326498,2318.25,13713.0,13954.0,9233.0,Toffoli-weight scalarization sensitivity; raw logical counts/depth unchanged; not a native-gate claim
primary,n10_d75_s17,10,random_fixed_density,0.25,101,0.09765625,10.0,0.0001,0.5,4616.5,0.3366513527309852,0.3066559612368248,1,0.577192086980034,18580.5,13713.0,13954.0,9233.0,Toffoli-weight scalarization sensitivity; raw logical counts/depth unchanged; not a native-gate claim
primary,n10_d75_s17,10,random_fixed_density,0.4,113,0.005859375,1.0,0.0,0.0,0.0,0.0,0.01895836995829942,0,0.005859374999999999,10.0,3633.0,3730.0,9233.0,Toffoli-weight scalarization sensitivity; raw logical counts/depth unchanged; not a native-gate claim
primary,n10_d75_s17,10,random_fixed_density,0.4,113,0.005859375,1.0,0.0,0.1,923.3000000000001,0.2541425818882466,0.01895836995829942,7,0.8326325428624705,27043.3,3633.0,3730.0,9233.0,Toffoli-weight scalarization sensitivity; raw logical counts/depth unchanged; not a native-gate claim
primary,n10_d75_s17,10,random_fixed_density,0.4,113,0.005859375,1.0,0.0,0.25,2308.25,0.6353564547206165,0.01895836995829942,7,0.8326325428624705,28428.25,3633.0,3730.0,9233.0,Toffoli-weight scalarization sensitivity; raw logical counts/depth unchanged; not a native-gate claim
primary,n10_d75_s17,10,random_fixed_density,0.4,113,0.005859375,1.0,0.0,0.5,4616.5,1.270712909441233,0.01895836995829942,7,0.8326325428624705,30736.5,3633.0,3730.0,9233.0,Toffoli-weight scalarization sensitivity; raw logical counts/depth unchanged; not a native-gate claim
primary,n10_d75_s17,10,random_fixed_density,0.4,113,0.005859375,1.0,0.0001,0.0,0.0,0.0,0.04117461076116261,0,0.005858789091795898,10.0,3633.0,3730.0,9233.0,Toffoli-weight scalarization sensitivity; raw logical counts/depth unchanged; not a native-gate claim
primary,n10_d75_s17,10,random_fixed_density,0.4,113,0.005859375,1.0,0.0001,0.1,923.3000000000001,0.2541425818882466,0.04117461076116261,4,0.22990013740021362,15853.3,3633.0,3730.0,9233.0,Toffoli-weight scalarization sensitivity; raw logical counts/depth unchanged; not a native-gate claim
primary,n10_d75_s17,10,random_fixed_density,0.4,113,0.005859375,1.0,0.0001,0.25,2308.25,0.6353564547206165,0.04117461076116261,4,0.22990013740021362,17238.25,3633.0,3730.0,9233.0,Toffoli-weight scalarization sensitivity; raw logical counts/depth unchanged; not a native-gate claim
primary,n10_d75_s17,10,random_fixed_density,0.4,113,0.005859375,1.0,0.0001,0.5,4616.5,1.270712909441233,0.04117461076116261,5,0.27479503077549633,23276.5,3633.0,3730.0,9233.0,Toffoli-weight scalarization sensitivity; raw logical counts/depth unchanged; not a native-gate claim
primary,n10_d75_s17,10,random_fixed_density,0.4,113,0.005859375,4.0,0.0,0.0,0.0,0.0,0.037269692424820075,0,0.005859374999999999,10.0,6993.0,7138.0,9233.0,Toffoli-weight scalarization sensitivity; raw logical counts/depth unchanged; not a native-gate claim
primary,n10_d75_s17,10,random_fixed_density,0.4,113,0.005859375,4.0,0.0,0.1,923.3000000000001,0.13203203203203204,0.037269692424820075,7,0.8326325428624705,50899.3,6993.0,7138.0,9233.0,Toffoli-weight scalarization sensitivity; raw logical counts/depth unchanged; not a native-gate claim
primary,n10_d75_s17,10,random_fixed_density,0.4,113,0.005859375,4.0,0.0,0.25,2308.25,0.3300800800800801,0.037269692424820075,7,0.8326325428624705,52284.25,6993.0,7138.0,9233.0,Toffoli-weight scalarization sensitivity; raw logical counts/depth unchanged; not a native-gate claim
primary,n10_d75_s17,10,random_fixed_density,0.4,113,0.005859375,4.0,0.0,0.5,4616.5,0.6601601601601602,0.037269692424820075,7,0.8326325428624705,54592.5,6993.0,7138.0,9233.0,Toffoli-weight scalarization sensitivity; raw logical counts/depth unchanged; not a native-gate claim
primary,n10_d75_s17,10,random_fixed_density,0.4,113,0.005859375,4.0,0.0001,0.0,0.0,0.0,0.07978431088348965,0,0.005858789091795898,10.0,6993.0,7138.0,9233.0,Toffoli-weight scalarization sensitivity; raw logical counts/depth unchanged; not a native-gate claim
primary,n10_d75_s17,10,random_fixed_density,0.4,113,0.005859375,4.0,0.0001,0.1,923.3000000000001,0.13203203203203204,0.07978431088348965,4,0.22990013740021362,29485.3,6993.0,7138.0,9233.0,Toffoli-weight scalarization sensitivity; raw logical counts/depth unchanged; not a native-gate claim
primary,n10_d75_s17,10,random_fixed_density,0.4,113,0.005859375,4.0,0.0001,0.25,2308.25,0.3300800800800801,0.07978431088348965,4,0.22990013740021362,30870.25,6993.0,7138.0,9233.0,Toffoli-weight scalarization sensitivity; raw logical counts/depth unchanged; not a native-gate claim
primary,n10_d75_s17,10,random_fixed_density,0.4,113,0.005859375,4.0,0.0001,0.5,4616.5,0.6601601601601602,0.07978431088348965,4,0.22990013740021362,33178.5,6993.0,7138.0,9233.0,Toffoli-weight scalarization sensitivity; raw logical counts/depth unchanged; not a native-gate claim
primary,n10_d75_s17,10,random_fixed_density,0.4,113,0.005859375,6.0,0.0,0.0,0.0,0.0,0.04947724073583385,0,0.005859374999999999,10.0,9233.0,9410.0,9233.0,Toffoli-weight scalarization sensitivity; raw logical counts/depth unchanged; not a native-gate claim
primary,n10_d75_s17,10,random_fixed_density,0.4,113,0.005859375,6.0,0.0,0.1,923.3000000000001,0.1,0.04947724073583385,7,0.8326325428624705,66803.3,9233.0,9410.0,9233.0,Toffoli-weight scalarization sensitivity; raw logical counts/depth unchanged; not a native-gate claim
primary,n10_d75_s17,10,random_fixed_density,0.4,113,0.005859375,6.0,0.0,0.25,2308.25,0.25,0.04947724073583385,7,0.8326325428624705,68188.25,9233.0,9410.0,9233.0,Toffoli-weight scalarization sensitivity; raw logical counts/depth unchanged; not a native-gate claim
primary,n10_d75_s17,10,random_fixed_density,0.4,113,0.005859375,6.0,0.0,0.5,4616.5,0.5,0.04947724073583385,7,0.8326325428624705,70496.5,9233.0,9410.0,9233.0,Toffoli-weight scalarization sensitivity; raw logical counts/depth unchanged; not a native-gate claim
primary,n10_d75_s17,10,random_fixed_density,0.4,113,0.005859375,6.0,0.0001,0.0,0.0,0.0,0.10552411096504101,0,0.005858789091795898,10.0,9233.0,9410.0,9233.0,Toffoli-weight scalarization sensitivity; raw logical counts/depth unchanged; not a native-gate claim
primary,n10_d75_s17,10,random_fixed_density,0.4,113,0.005859375,6.0,0.0001,0.1,923.3000000000001,0.1,0.10552411096504101,0,0.005858789091795898,933.3000000000001,9233.0,9410.0,9233.0,Toffoli-weight scalarization sensitivity; raw logical counts/depth unchanged; not a native-gate claim
primary,n10_d75_s17,10,random_fixed_density,0.4,113,0.005859375,6.0,0.0001,0.25,2308.25,0.25,0.10552411096504101,4,0.22990013740021362,39958.25,9233.0,9410.0,9233.0,Toffoli-weight scalarization sensitivity; raw logical counts/depth unchanged; not a native-gate claim
primary,n10_d75_s17,10,random_fixed_density,0.4,113,0.005859375,6.0,0.0001,0.5,4616.5,0.5,0.10552411096504101,4,0.22990013740021362,42266.5,9233.0,9410.0,9233.0,Toffoli-weight scalarization sensitivity; raw logical counts/depth unchanged; not a native-gate claim
primary,n10_d75_s17,10,random_fixed_density,0.4,113,0.005859375,10.0,0.0,0.0,0.0,0.0,0.0738923373578614,0,0.005859374999999999,10.0,13713.0,13954.0,9233.0,Toffoli-weight scalarization sensitivity; raw logical counts/depth unchanged; not a native-gate claim
primary,n10_d75_s17,10,random_fixed_density,0.4,113,0.005859375,10.0,0.0,0.1,923.3000000000001,0.06733027054619704,0.0738923373578614,7,0.8326325428624705,98611.3,13713.0,13954.0,9233.0,Toffoli-weight scalarization sensitivity; raw logical counts/depth unchanged; not a native-gate claim
primary,n10_d75_s17,10,random_fixed_density,0.4,113,0.005859375,10.0,0.0,0.25,2308.25,0.1683256763654926,0.0738923373578614,7,0.8326325428624705,99996.25,13713.0,13954.0,9233.0,Toffoli-weight scalarization sensitivity; raw logical counts/depth unchanged; not a native-gate claim
primary,n10_d75_s17,10,random_fixed_density,0.4,113,0.005859375,10.0,0.0,0.5,4616.5,0.3366513527309852,0.0738923373578614,7,0.8326325428624705,102304.5,13713.0,13954.0,9233.0,Toffoli-weight scalarization sensitivity; raw logical counts/depth unchanged; not a native-gate claim
primary,n10_d75_s17,10,random_fixed_density,0.4,113,0.005859375,10.0,0.0001,0.0,0.0,0.0,0.15700371112814368,0,0.005858789091795898,10.0,13713.0,13954.0,9233.0,Toffoli-weight scalarization sensitivity; raw logical counts/depth unchanged; not a native-gate claim
primary,n10_d75_s17,10,random_fixed_density,0.4,113,0.005859375,10.0,0.0001,0.1,923.3000000000001,0.06733027054619704,0.15700371112814368,0,0.005858789091795898,933.3000000000001,13713.0,13954.0,9233.0,Toffoli-weight scalarization sensitivity; raw logical counts/depth unchanged; not a native-gate claim
primary,n10_d75_s17,10,random_fixed_density,0.4,113,0.005859375,10.0,0.0001,0.25,2308.25,0.1683256763654926,0.15700371112814368,4,0.22990013740021362,58134.25,13713.0,13954.0,9233.0,Toffoli-weight scalarization sensitivity; raw logical counts/depth unchanged; not a native-gate claim
primary,n10_d75_s17,10,random_fixed_density,0.4,113,0.005859375,10.0,0.0001,0.5,4616.5,0.3366513527309852,0.15700371112814368,4,0.22990013740021362,60442.5,13713.0,13954.0,9233.0,Toffoli-weight scalarization sensitivity; raw logical counts/depth unchanged; not a native-gate claim
primary,n10_d75_s42,10,random_fixed_density,0.25,106,0.17578125,1.0,0.0,0.0,0.0,0.0,0.09340247864888522,0,0.17578125000000003,10.0,3633.0,3730.0,9233.0,Toffoli-weight scalarization sensitivity; raw logical counts/depth unchanged; not a native-gate claim
primary,n10_d75_s42,10,random_fixed_density,0.25,106,0.17578125,1.0,0.0,0.1,923.3000000000001,0.2541425818882466,0.09340247864888522,1,0.9273576736450198,4663.3,3633.0,3730.0,9233.0,Toffoli-weight scalarization sensitivity; raw logical counts/depth unchanged; not a native-gate claim
primary,n10_d75_s42,10,random_fixed_density,0.25,106,0.17578125,1.0,0.0,0.25,2308.25,0.6353564547206165,0.09340247864888522,1,0.9273576736450198,6048.25,3633.0,3730.0,9233.0,Toffoli-weight scalarization sensitivity; raw logical counts/depth unchanged; not a native-gate claim
primary,n10_d75_s42,10,random_fixed_density,0.25,106,0.17578125,1.0,0.0,0.5,4616.5,1.270712909441233,0.09340247864888522,1,0.9273576736450198,8356.5,3633.0,3730.0,9233.0,Toffoli-weight scalarization sensitivity; raw logical counts/depth unchanged; not a native-gate claim
primary,n10_d75_s42,10,random_fixed_density,0.25,106,0.17578125,1.0,0.0001,0.0,0.0,0.0,0.11176209571409339,0,0.17576367275387697,10.0,3633.0,3730.0,9233.0,Toffoli-weight scalarization sensitivity; raw logical counts/depth unchanged; not a native-gate claim
primary,n10_d75_s42,10,random_fixed_density,0.25,106,0.17578125,1.0,0.0001,0.1,923.3000000000001,0.2541425818882466,0.11176209571409339,0,0.17576367275387697,933.3000000000001,3633.0,3730.0,9233.0,Toffoli-weight scalarization sensitivity; raw logical counts/depth unchanged; not a native-gate claim
primary,n10_d75_s42,10,random_fixed_density,0.25,106,0.17578125,1.0,0.0001,0.25,2308.25,0.6353564547206165,0.11176209571409339,1,0.8049976282259244,6048.25,3633.0,3730.0,9233.0,Toffoli-weight scalarization sensitivity; raw logical counts/depth unchanged; not a native-gate claim
primary,n10_d75_s42,10,random_fixed_density,0.25,106,0.17578125,1.0,0.0001,0.5,4616.5,1.270712909441233,0.11176209571409339,1,0.8049976282259244,8356.5,3633.0,3730.0,9233.0,Toffoli-weight scalarization sensitivity; raw logical counts/depth unchanged; not a native-gate claim
primary,n10_d75_s42,10,random_fixed_density,0.25,106,0.17578125,4.0,0.0,0.0,0.0,0.0,0.17973136744717969,0,0.17578125000000003,10.0,6993.0,7138.0,9233.0,Toffoli-weight scalarization sensitivity; raw logical counts/depth unchanged; not a native-gate claim
primary,n10_d75_s42,10,random_fixed_density,0.25,106,0.17578125,4.0,0.0,0.1,923.3000000000001,0.13203203203203204,0.17973136744717969,0,0.17578125000000003,933.3000000000001,6993.0,7138.0,9233.0,Toffoli-weight scalarization sensitivity; raw logical counts/depth unchanged; not a native-gate claim
primary,n10_d75_s42,10,random_fixed_density,0.25,106,0.17578125,4.0,0.0,0.25,2308.25,0.3300800800800801,0.17973136744717969,1,0.9273576736450198,9456.25,6993.0,7138.0,9233.0,Toffoli-weight scalarization sensitivity; raw logical counts/depth unchanged; not a native-gate claim
primary,n10_d75_s42,10,random_fixed_density,0.25,106,0.17578125,4.0,0.0,0.5,4616.5,0.6601601601601602,0.17973136744717969,1,0.9273576736450198,11764.5,6993.0,7138.0,9233.0,Toffoli-weight scalarization sensitivity; raw logical counts/depth unchanged; not a native-gate claim
primary,n10_d75_s42,10,random_fixed_density,0.25,106,0.17578125,4.0,0.0001,0.0,0.0,0.0,0.21486566948778452,0,0.17576367275387697,10.0,6993.0,7138.0,9233.0,Toffoli-weight scalarization sensitivity; raw logical counts/depth unchanged; not a native-gate claim
primary,n10_d75_s42,10,random_fixed_density,0.25,106,0.17578125,4.0,0.0001,0.1,923.3000000000001,0.13203203203203204,0.21486566948778452,0,0.17576367275387697,933.3000000000001,6993.0,7138.0,9233.0,Toffoli-weight scalarization sensitivity; raw logical counts/depth unchanged; not a native-gate claim
primary,n10_d75_s42,10,random_fixed_density,0.25,106,0.17578125,4.0,0.0001,0.25,2308.25,0.3300800800800801,0.21486566948778452,1,0.8049976282259244,9456.25,6993.0,7138.0,9233.0,Toffoli-weight scalarization sensitivity; raw logical counts/depth unchanged; not a native-gate claim
primary,n10_d75_s42,10,random_fixed_density,0.25,106,0.17578125,4.0,0.0001,0.5,4616.5,0.6601601601601602,0.21486566948778452,1,0.8049976282259244,11764.5,6993.0,7138.0,9233.0,Toffoli-weight scalarization sensitivity; raw logical counts/depth unchanged; not a native-gate claim
primary,n10_d75_s42,10,random_fixed_density,0.25,106,0.17578125,6.0,0.0,0.0,0.0,0.0,0.237283959979376,0,0.17578125000000003,10.0,9233.0,9410.0,9233.0,Toffoli-weight scalarization sensitivity; raw logical counts/depth unchanged; not a native-gate claim
primary,n10_d75_s42,10,random_fixed_density,0.25,106,0.17578125,6.0,0.0,0.1,923.3000000000001,0.1,0.237283959979376,0,0.17578125000000003,933.3000000000001,9233.0,9410.0,9233.0,Toffoli-weight scalarization sensitivity; raw logical counts/depth unchanged; not a native-gate claim
primary,n10_d75_s42,10,random_fixed_density,0.25,106,0.17578125,6.0,0.0,0.25,2308.25,0.25,0.237283959979376,1,0.9273576736450198,11728.25,9233.0,9410.0,9233.0,Toffoli-weight scalarization sensitivity; raw logical counts/depth unchanged; not a native-gate claim
primary,n10_d75_s42,10,random_fixed_density,0.25,106,0.17578125,6.0,0.0,0.5,4616.5,0.5,0.237283959979376,1,0.9273576736450198,14036.5,9233.0,9410.0,9233.0,Toffoli-weight scalarization sensitivity; raw logical counts/depth unchanged; not a native-gate claim
primary,n10_d75_s42,10,random_fixed_density,0.25,106,0.17578125,6.0,0.0001,0.0,0.0,0.0,0.283601385336912,0,0.17576367275387697,10.0,9233.0,9410.0,9233.0,Toffoli-weight scalarization sensitivity; raw logical counts/depth unchanged; not a native-gate claim
primary,n10_d75_s42,10,random_fixed_density,0.25,106,0.17578125,6.0,0.0001,0.1,923.3000000000001,0.1,0.283601385336912,0,0.17576367275387697,933.3000000000001,9233.0,9410.0,9233.0,Toffoli-weight scalarization sensitivity; raw logical counts/depth unchanged; not a native-gate claim
primary,n10_d75_s42,10,random_fixed_density,0.25,106,0.17578125,6.0,0.0001,0.25,2308.25,0.25,0.283601385336912,0,0.17576367275387697,2318.25,9233.0,9410.0,9233.0,Toffoli-weight scalarization sensitivity; raw logical counts/depth unchanged; not a native-gate claim
primary,n10_d75_s42,10,random_fixed_density,0.25,106,0.17578125,6.0,0.0001,0.5,4616.5,0.5,0.283601385336912,1,0.8049976282259244,14036.5,9233.0,9410.0,9233.0,Toffoli-weight scalarization sensitivity; raw logical counts/depth unchanged; not a native-gate claim
primary,n10_d75_s42,10,random_fixed_density,0.25,106,0.17578125,10.0,0.0,0.0,0.0,0.0,0.35238914504376867,0,0.17578125000000003,10.0,13713.0,13954.0,9233.0,Toffoli-weight scalarization sensitivity; raw logical counts/depth unchanged; not a native-gate claim
primary,n10_d75_s42,10,random_fixed_density,0.25,106,0.17578125,10.0,0.0,0.1,923.3000000000001,0.06733027054619704,0.35238914504376867,0,0.17578125000000003,933.3000000000001,13713.0,13954.0,9233.0,Toffoli-weight scalarization sensitivity; raw logical counts/depth unchanged; not a native-gate claim
primary,n10_d75_s42,10,random_fixed_density,0.25,106,0.17578125,10.0,0.0,0.25,2308.25,0.1683256763654926,0.35238914504376867,0,0.17578125000000003,2318.25,13713.0,13954.0,9233.0,Toffoli-weight scalarization sensitivity; raw logical counts/depth unchanged; not a native-gate claim
primary,n10_d75_s42,10,random_fixed_density,0.25,106,0.17578125,10.0,0.0,0.5,4616.5,0.3366513527309852,0.35238914504376867,1,0.9273576736450198,18580.5,13713.0,13954.0,9233.0,Toffoli-weight scalarization sensitivity; raw logical counts/depth unchanged; not a native-gate claim
primary,n10_d75_s42,10,random_fixed_density,0.25,106,0.17578125,10.0,0.0001,0.0,0.0,0.0,0.4210728170351668,0,0.17576367275387697,10.0,13713.0,13954.0,9233.0,Toffoli-weight scalarization sensitivity; raw logical counts/depth unchanged; not a native-gate claim
primary,n10_d75_s42,10,random_fixed_density,0.25,106,0.17578125,10.0,0.0001,0.1,923.3000000000001,0.06733027054619704,0.4210728170351668,0,0.17576367275387697,933.3000000000001,13713.0,13954.0,9233.0,Toffoli-weight scalarization sensitivity; raw logical counts/depth unchanged; not a native-gate claim
primary,n10_d75_s42,10,random_fixed_density,0.25,106,0.17578125,10.0,0.0001,0.25,2308.25,0.1683256763654926,0.4210728170351668,0,0.17576367275387697,2318.25,13713.0,13954.0,9233.0,Toffoli-weight scalarization sensitivity; raw logical counts/depth unchanged; not a native-gate claim
primary,n10_d75_s42,10,random_fixed_density,0.25,106,0.17578125,10.0,0.0001,0.5,4616.5,0.3366513527309852,0.4210728170351668,1,0.8049976282259244,18580.5,13713.0,13954.0,9233.0,Toffoli-weight scalarization sensitivity; raw logical counts/depth unchanged; not a native-gate claim
primary,n10_d75_s42,10,random_fixed_density,0.4,115,0.05859375,1.0,0.0,0.0,0.0,0.0,0.05630888824425962,0,0.05859375000000001,10.0,3633.0,3730.0,9233.0,Toffoli-weight scalarization sensitivity; raw logical counts/depth unchanged; not a native-gate claim
primary,n10_d75_s42,10,random_fixed_density,0.4,115,0.05859375,1.0,0.0,0.1,923.3000000000001,0.2541425818882466,0.05630888824425962,2,0.8834841137286277,8393.3,3633.0,3730.0,9233.0,Toffoli-weight scalarization sensitivity; raw logical counts/depth unchanged; not a native-gate claim
primary,n10_d75_s42,10,random_fixed_density,0.4,115,0.05859375,1.0,0.0,0.25,2308.25,0.6353564547206165,0.05630888824425962,2,0.8834841137286277,9778.25,3633.0,3730.0,9233.0,Toffoli-weight scalarization sensitivity; raw logical counts/depth unchanged; not a native-gate claim
primary,n10_d75_s42,10,random_fixed_density,0.4,115,0.05859375,1.0,0.0,0.5,4616.5,1.270712909441233,0.05630888824425962,2,0.8834841137286277,12086.5,3633.0,3730.0,9233.0,Toffoli-weight scalarization sensitivity; raw logical counts/depth unchanged; not a native-gate claim
primary,n10_d75_s42,10,random_fixed_density,0.4,115,0.05859375,1.0,0.0001,0.0,0.0,0.0,0.07054380011065248,0,0.05858789091795899,10.0,3633.0,3730.0,9233.0,Toffoli-weight scalarization sensitivity; raw logical counts/depth unchanged; not a native-gate claim
primary,n10_d75_s42,10,random_fixed_density,0.4,115,0.05859375,1.0,0.0001,0.1,923.3000000000001,0.2541425818882466,0.07054380011065248,1,0.38903189557884793,4663.3,3633.0,3730.0,9233.0,Toffoli-weight scalarization sensitivity; raw logical counts/depth unchanged; not a native-gate claim
primary,n10_d75_s42,10,random_fixed_density,0.4,115,0.05859375,1.0,0.0001,0.25,2308.25,0.6353564547206165,0.07054380011065248,2,0.6657893375591459,9778.25,3633.0,3730.0,9233.0,Toffoli-weight scalarization sensitivity; raw logical counts/depth unchanged; not a native-gate claim
primary,n10_d75_s42,10,random_fixed_density,0.4,115,0.05859375,1.0,0.0001,0.5,4616.5,1.270712909441233,0.07054380011065248,2,0.6657893375591459,12086.5,3633.0,3730.0,9233.0,Toffoli-weight scalarization sensitivity; raw logical counts/depth unchanged; not a native-gate claim
primary,n10_d75_s42,10,random_fixed_density,0.4,115,0.05859375,4.0,0.0,0.0,0.0,0.0,0.1087463679007407,0,0.05859375000000001,10.0,6993.0,7138.0,9233.0,Toffoli-weight scalarization sensitivity; raw logical counts/depth unchanged; not a native-gate claim
primary,n10_d75_s42,10,random_fixed_density,0.4,115,0.05859375,4.0,0.0,0.1,923.3000000000001,0.13203203203203204,0.1087463679007407,0,0.05859375000000001,933.3000000000001,6993.0,7138.0,9233.0,Toffoli-weight scalarization sensitivity; raw logical counts/depth unchanged; not a native-gate claim
primary,n10_d75_s42,10,random_fixed_density,0.4,115,0.05859375,4.0,0.0,0.25,2308.25,0.3300800800800801,0.1087463679007407,2,0.8834841137286277,16594.25,6993.0,7138.0,9233.0,Toffoli-weight scalarization sensitivity; raw logical counts/depth unchanged; not a native-gate claim
primary,n10_d75_s42,10,random_fixed_density,0.4,115,0.05859375,4.0,0.0,0.5,4616.5,0.6601601601601602,0.1087463679007407,2,0.8834841137286277,18902.5,6993.0,7138.0,9233.0,Toffoli-weight scalarization sensitivity; raw logical counts/depth unchanged; not a native-gate claim
primary,n10_d75_s42,10,random_fixed_density,0.4,115,0.05859375,4.0,0.0001,0.0,0.0,0.0,0.13598733329010051,0,0.05858789091795899,10.0,6993.0,7138.0,9233.0,Toffoli-weight scalarization sensitivity; raw logical counts/depth unchanged; not a native-gate claim
primary,n10_d75_s42,10,random_fixed_density,0.4,115,0.05859375,4.0,0.0001,0.1,923.3000000000001,0.13203203203203204,0.13598733329010051,0,0.05858789091795899,933.3000000000001,6993.0,7138.0,9233.0,Toffoli-weight scalarization sensitivity; raw logical counts/depth unchanged; not a native-gate claim
primary,n10_d75_s42,10,random_fixed_density,0.4,115,0.05859375,4.0,0.0001,0.25,2308.25,0.3300800800800801,0.13598733329010051,1,0.38903189557884793,9456.25,6993.0,7138.0,9233.0,Toffoli-weight scalarization sensitivity; raw logical counts/depth unchanged; not a native-gate claim
primary,n10_d75_s42,10,random_fixed_density,0.4,115,0.05859375,4.0,0.0001,0.5,4616.5,0.6601601601601602,0.13598733329010051,2,0.6657893375591459,18902.5,6993.0,7138.0,9233.0,Toffoli-weight scalarization sensitivity; raw logical counts/depth unchanged; not a native-gate claim
primary,n10_d75_s42,10,random_fixed_density,0.4,115,0.05859375,6.0,0.0,0.0,0.0,0.0,0.1437046876717281,0,0.05859375000000001,10.0,9233.0,9410.0,9233.0,Toffoli-weight scalarization sensitivity; raw logical counts/depth unchanged; not a native-gate claim
primary,n10_d75_s42,10,random_fixed_density,0.4,115,0.05859375,6.0,0.0,0.1,923.3000000000001,0.1,0.1437046876717281,0,0.05859375000000001,933.3000000000001,9233.0,9410.0,9233.0,Toffoli-weight scalarization sensitivity; raw logical counts/depth unchanged; not a native-gate claim
primary,n10_d75_s42,10,random_fixed_density,0.4,115,0.05859375,6.0,0.0,0.25,2308.25,0.25,0.1437046876717281,2,0.8834841137286277,21138.25,9233.0,9410.0,9233.0,Toffoli-weight scalarization sensitivity; raw logical counts/depth unchanged; not a native-gate claim
primary,n10_d75_s42,10,random_fixed_density,0.4,115,0.05859375,6.0,0.0,0.5,4616.5,0.5,0.1437046876717281,2,0.8834841137286277,23446.5,9233.0,9410.0,9233.0,Toffoli-weight scalarization sensitivity; raw logical counts/depth unchanged; not a native-gate claim
primary,n10_d75_s42,10,random_fixed_density,0.4,115,0.05859375,6.0,0.0001,0.0,0.0,0.0,0.17961635540973253,0,0.05858789091795899,10.0,9233.0,9410.0,9233.0,Toffoli-weight scalarization sensitivity; raw logical counts/depth unchanged; not a native-gate claim
primary,n10_d75_s42,10,random_fixed_density,0.4,115,0.05859375,6.0,0.0001,0.1,923.3000000000001,0.1,0.17961635540973253,0,0.05858789091795899,933.3000000000001,9233.0,9410.0,9233.0,Toffoli-weight scalarization sensitivity; raw logical counts/depth unchanged; not a native-gate claim
primary,n10_d75_s42,10,random_fixed_density,0.4,115,0.05859375,6.0,0.0001,0.25,2308.25,0.25,0.17961635540973253,1,0.38903189557884793,11728.25,9233.0,9410.0,9233.0,Toffoli-weight scalarization sensitivity; raw logical counts/depth unchanged; not a native-gate claim
primary,n10_d75_s42,10,random_fixed_density,0.4,115,0.05859375,6.0,0.0001,0.5,4616.5,0.5,0.17961635540973253,2,0.6657893375591459,23446.5,9233.0,9410.0,9233.0,Toffoli-weight scalarization sensitivity; raw logical counts/depth unchanged; not a native-gate claim
primary,n10_d75_s42,10,random_fixed_density,0.4,115,0.05859375,10.0,0.0,0.0,0.0,0.0,0.21362132721370283,0,0.05859375000000001,10.0,13713.0,13954.0,9233.0,Toffoli-weight scalarization sensitivity; raw logical counts/depth unchanged; not a native-gate claim
primary,n10_d75_s42,10,random_fixed_density,0.4,115,0.05859375,10.0,0.0,0.1,923.3000000000001,0.06733027054619704,0.21362132721370283,0,0.05859375000000001,933.3000000000001,13713.0,13954.0,9233.0,Toffoli-weight scalarization sensitivity; raw logical counts/depth unchanged; not a native-gate claim
primary,n10_d75_s42,10,random_fixed_density,0.4,115,0.05859375,10.0,0.0,0.25,2308.25,0.1683256763654926,0.21362132721370283,2,0.8834841137286277,30226.25,13713.0,13954.0,9233.0,Toffoli-weight scalarization sensitivity; raw logical counts/depth unchanged; not a native-gate claim
primary,n10_d75_s42,10,random_fixed_density,0.4,115,0.05859375,10.0,0.0,0.5,4616.5,0.3366513527309852,0.21362132721370283,2,0.8834841137286277,32534.5,13713.0,13954.0,9233.0,Toffoli-weight scalarization sensitivity; raw logical counts/depth unchanged; not a native-gate claim
primary,n10_d75_s42,10,random_fixed_density,0.4,115,0.05859375,10.0,0.0001,0.0,0.0,0.0,0.2668743996489966,0,0.05858789091795899,10.0,13713.0,13954.0,9233.0,Toffoli-weight scalarization sensitivity; raw logical counts/depth unchanged; not a native-gate claim
primary,n10_d75_s42,10,random_fixed_density,0.4,115,0.05859375,10.0,0.0001,0.1,923.3000000000001,0.06733027054619704,0.2668743996489966,0,0.05858789091795899,933.3000000000001,13713.0,13954.0,9233.0,Toffoli-weight scalarization sensitivity; raw logical counts/depth unchanged; not a native-gate claim
primary,n10_d75_s42,10,random_fixed_density,0.4,115,0.05859375,10.0,0.0001,0.25,2308.25,0.1683256763654926,0.2668743996489966,0,0.05858789091795899,2318.25,13713.0,13954.0,9233.0,Toffoli-weight scalarization sensitivity; raw logical counts/depth unchanged; not a native-gate claim
primary,n10_d75_s42,10,random_fixed_density,0.4,115,0.05859375,10.0,0.0001,0.5,4616.5,0.3366513527309852,0.2668743996489966,1,0.38903189557884793,18580.5,13713.0,13954.0,9233.0,Toffoli-weight scalarization sensitivity; raw logical counts/depth unchanged; not a native-gate claim
primary,n10_d75_s42,10,random_fixed_density,0.55,124,0.009765625,1.0,0.0,0.0,0.0,0.0,0.024357676624509775,0,0.009765625000000002,10.0,3633.0,3730.0,9233.0,Toffoli-weight scalarization sensitivity; raw logical counts/depth unchanged; not a native-gate claim
primary,n10_d75_s42,10,random_fixed_density,0.55,124,0.009765625,1.0,0.0,0.1,923.3000000000001,0.2541425818882466,0.024357676624509775,5,0.785130573365116,19583.3,3633.0,3730.0,9233.0,Toffoli-weight scalarization sensitivity; raw logical counts/depth unchanged; not a native-gate claim
primary,n10_d75_s42,10,random_fixed_density,0.55,124,0.009765625,1.0,0.0,0.25,2308.25,0.6353564547206165,0.024357676624509775,5,0.785130573365116,20968.25,3633.0,3730.0,9233.0,Toffoli-weight scalarization sensitivity; raw logical counts/depth unchanged; not a native-gate claim
primary,n10_d75_s42,10,random_fixed_density,0.55,124,0.009765625,1.0,0.0,0.5,4616.5,1.270712909441233,0.024357676624509775,6,0.9214780651098886,27006.5,3633.0,3730.0,9233.0,Toffoli-weight scalarization sensitivity; raw logical counts/depth unchanged; not a native-gate claim
primary,n10_d75_s42,10,random_fixed_density,0.55,124,0.009765625,1.0,0.0001,0.0,0.0,0.0,0.04493530128709057,0,0.009764648486326499,10.0,3633.0,3730.0,9233.0,Toffoli-weight scalarization sensitivity; raw logical counts/depth unchanged; not a native-gate claim
primary,n10_d75_s42,10,random_fixed_density,0.55,124,0.009765625,1.0,0.0001,0.1,923.3000000000001,0.2541425818882466,0.04493530128709057,3,0.2669300896582864,12123.3,3633.0,3730.0,9233.0,Toffoli-weight scalarization sensitivity; raw logical counts/depth unchanged; not a native-gate claim
primary,n10_d75_s42,10,random_fixed_density,0.55,124,0.009765625,1.0,0.0001,0.25,2308.25,0.6353564547206165,0.04493530128709057,4,0.3434278594392117,17238.25,3633.0,3730.0,9233.0,Toffoli-weight scalarization sensitivity; raw logical counts/depth unchanged; not a native-gate claim
primary,n10_d75_s42,10,random_fixed_density,0.55,124,0.009765625,1.0,0.0001,0.5,4616.5,1.270712909441233,0.04493530128709057,4,0.3434278594392117,19546.5,3633.0,3730.0,9233.0,Toffoli-weight scalarization sensitivity; raw logical counts/depth unchanged; not a native-gate claim
primary,n10_d75_s42,10,random_fixed_density,0.55,124,0.009765625,4.0,0.0,0.0,0.0,0.0,0.04760219939088161,0,0.009765625000000002,10.0,6993.0,7138.0,9233.0,Toffoli-weight scalarization sensitivity; raw logical counts/depth unchanged; not a native-gate claim
primary,n10_d75_s42,10,random_fixed_density,0.55,124,0.009765625,4.0,0.0,0.1,923.3000000000001,0.13203203203203204,0.04760219939088161,5,0.785130573365116,36623.3,6993.0,7138.0,9233.0,Toffoli-weight scalarization sensitivity; raw logical counts/depth unchanged; not a native-gate claim
primary,n10_d75_s42,10,random_fixed_density,0.55,124,0.009765625,4.0,0.0,0.25,2308.25,0.3300800800800801,0.04760219939088161,5,0.785130573365116,38008.25,6993.0,7138.0,9233.0,Toffoli-weight scalarization sensitivity; raw logical counts/depth unchanged; not a native-gate claim
primary,n10_d75_s42,10,random_fixed_density,0.55,124,0.009765625,4.0,0.0,0.5,4616.5,0.6601601601601602,0.04760219939088161,5,0.785130573365116,40316.5,6993.0,7138.0,9233.0,Toffoli-weight scalarization sensitivity; raw logical counts/depth unchanged; not a native-gate claim
primary,n10_d75_s42,10,random_fixed_density,0.55,124,0.009765625,4.0,0.0001,0.0,0.0,0.0,0.08698104251192765,0,0.009764648486326499,10.0,6993.0,7138.0,9233.0,Toffoli-weight scalarization sensitivity; raw logical counts/depth unchanged; not a native-gate claim
primary,n10_d75_s42,10,random_fixed_density,0.55,124,0.009765625,4.0,0.0001,0.1,923.3000000000001,0.13203203203203204,0.08698104251192765,3,0.2669300896582864,22347.3,6993.0,7138.0,9233.0,Toffoli-weight scalarization sensitivity; raw logical counts/depth unchanged; not a native-gate claim
primary,n10_d75_s42,10,random_fixed_density,0.55,124,0.009765625,4.0,0.0001,0.25,2308.25,0.3300800800800801,0.08698104251192765,3,0.2669300896582864,23732.25,6993.0,7138.0,9233.0,Toffoli-weight scalarization sensitivity; raw logical counts/depth unchanged; not a native-gate claim
primary,n10_d75_s42,10,random_fixed_density,0.55,124,0.009765625,4.0,0.0001,0.5,4616.5,0.6601601601601602,0.08698104251192765,4,0.3434278594392117,33178.5,6993.0,7138.0,9233.0,Toffoli-weight scalarization sensitivity; raw logical counts/depth unchanged; not a native-gate claim
primary,n10_d75_s42,10,random_fixed_density,0.55,124,0.009765625,6.0,0.0,0.0,0.0,0.0,0.06309854790179616,0,0.009765625000000002,10.0,9233.0,9410.0,9233.0,Toffoli-weight scalarization sensitivity; raw logical counts/depth unchanged; not a native-gate claim
primary,n10_d75_s42,10,random_fixed_density,0.55,124,0.009765625,6.0,0.0,0.1,923.3000000000001,0.1,0.06309854790179616,5,0.785130573365116,47983.3,9233.0,9410.0,9233.0,Toffoli-weight scalarization sensitivity; raw logical counts/depth unchanged; not a native-gate claim
primary,n10_d75_s42,10,random_fixed_density,0.55,124,0.009765625,6.0,0.0,0.25,2308.25,0.25,0.06309854790179616,5,0.785130573365116,49368.25,9233.0,9410.0,9233.0,Toffoli-weight scalarization sensitivity; raw logical counts/depth unchanged; not a native-gate claim
primary,n10_d75_s42,10,random_fixed_density,0.55,124,0.009765625,6.0,0.0,0.5,4616.5,0.5,0.06309854790179616,5,0.785130573365116,51676.5,9233.0,9410.0,9233.0,Toffoli-weight scalarization sensitivity; raw logical counts/depth unchanged; not a native-gate claim
primary,n10_d75_s42,10,random_fixed_density,0.55,124,0.009765625,6.0,0.0001,0.0,0.0,0.0,0.11501153666181901,0,0.009764648486326499,10.0,9233.0,9410.0,9233.0,Toffoli-weight scalarization sensitivity; raw logical counts/depth unchanged; not a native-gate claim
primary,n10_d75_s42,10,random_fixed_density,0.55,124,0.009765625,6.0,0.0001,0.1,923.3000000000001,0.1,0.11501153666181901,0,0.009764648486326499,933.3000000000001,9233.0,9410.0,9233.0,Toffoli-weight scalarization sensitivity; raw logical counts/depth unchanged; not a native-gate claim
primary,n10_d75_s42,10,random_fixed_density,0.55,124,0.009765625,6.0,0.0001,0.25,2308.25,0.25,0.11501153666181901,3,0.2669300896582864,30548.25,9233.0,9410.0,9233.0,Toffoli-weight scalarization sensitivity; raw logical counts/depth unchanged; not a native-gate claim
primary,n10_d75_s42,10,random_fixed_density,0.55,124,0.009765625,6.0,0.0001,0.5,4616.5,0.5,0.11501153666181901,4,0.3434278594392117,42266.5,9233.0,9410.0,9233.0,Toffoli-weight scalarization sensitivity; raw logical counts/depth unchanged; not a native-gate claim
primary,n10_d75_s42,10,random_fixed_density,0.55,124,0.009765625,10.0,0.0,0.0,0.0,0.0,0.09409124492362526,0,0.009765625000000002,10.0,13713.0,13954.0,9233.0,Toffoli-weight scalarization sensitivity; raw logical counts/depth unchanged; not a native-gate claim
primary,n10_d75_s42,10,random_fixed_density,0.55,124,0.009765625,10.0,0.0,0.1,923.3000000000001,0.06733027054619704,0.09409124492362526,5,0.785130573365116,70703.3,13713.0,13954.0,9233.0,Toffoli-weight scalarization sensitivity; raw logical counts/depth unchanged; not a native-gate claim
primary,n10_d75_s42,10,random_fixed_density,0.55,124,0.009765625,10.0,0.0,0.25,2308.25,0.1683256763654926,0.09409124492362526,5,0.785130573365116,72088.25,13713.0,13954.0,9233.0,Toffoli-weight scalarization sensitivity; raw logical counts/depth unchanged; not a native-gate claim
primary,n10_d75_s42,10,random_fixed_density,0.55,124,0.009765625,10.0,0.0,0.5,4616.5,0.3366513527309852,0.09409124492362526,5,0.785130573365116,74396.5,13713.0,13954.0,9233.0,Toffoli-weight scalarization sensitivity; raw logical counts/depth unchanged; not a native-gate claim
primary,n10_d75_s42,10,random_fixed_density,0.55,124,0.009765625,10.0,0.0001,0.0,0.0,0.0,0.1710725249616018,0,0.009764648486326499,10.0,13713.0,13954.0,9233.0,Toffoli-weight scalarization sensitivity; raw logical counts/depth unchanged; not a native-gate claim
primary,n10_d75_s42,10,random_fixed_density,0.55,124,0.009765625,10.0,0.0001,0.1,923.3000000000001,0.06733027054619704,0.1710725249616018,0,0.009764648486326499,933.3000000000001,13713.0,13954.0,9233.0,Toffoli-weight scalarization sensitivity; raw logical counts/depth unchanged; not a native-gate claim
primary,n10_d75_s42,10,random_fixed_density,0.55,124,0.009765625,10.0,0.0001,0.25,2308.25,0.1683256763654926,0.1710725249616018,3,0.2669300896582864,44180.25,13713.0,13954.0,9233.0,Toffoli-weight scalarization sensitivity; raw logical counts/depth unchanged; not a native-gate claim
primary,n10_d75_s42,10,random_fixed_density,0.55,124,0.009765625,10.0,0.0001,0.5,4616.5,0.3366513527309852,0.1710725249616018,3,0.2669300896582864,46488.5,13713.0,13954.0,9233.0,Toffoli-weight scalarization sensitivity; raw logical counts/depth unchanged; not a native-gate claim
primary,n12_d25_s17,12,random_fixed_density,0.25,55,0.1884765625,1.0,0.0,0.0,0.0,0.0,0.10207027790446149,0,0.18847656249999997,12.0,1557.0,1674.0,3937.0,Toffoli-weight scalarization sensitivity; raw logical counts/depth unchanged; not a native-gate claim
primary,n12_d25_s17,12,random_fixed_density,0.25,55,0.1884765625,1.0,0.0,0.1,393.70000000000005,0.2528580603725113,0.10207027790446149,0,0.18847656249999997,405.70000000000005,1557.0,1674.0,3937.0,Toffoli-weight scalarization sensitivity; raw logical counts/depth unchanged; not a native-gate claim
primary,n12_d25_s17,12,random_fixed_density,0.25,55,0.1884765625,1.0,0.0,0.25,984.25,0.6321451509312781,0.10207027790446149,1,0.9508524090051652,2670.25,1557.0,1674.0,3937.0,Toffoli-weight scalarization sensitivity; raw logical counts/depth unchanged; not a native-gate claim
primary,n12_d25_s17,12,random_fixed_density,0.25,55,0.1884765625,1.0,0.0,0.5,1968.5,1.2642903018625562,0.10207027790446149,1,0.9508524090051652,3654.5,1557.0,1674.0,3937.0,Toffoli-weight scalarization sensitivity; raw logical counts/depth unchanged; not a native-gate claim
primary,n12_d25_s17,12,random_fixed_density,0.25,55,0.1884765625,1.0,0.0001,0.0,0.0,0.0,0.11073497495387324,0,0.18845771578610138,12.0,1557.0,1674.0,3937.0,Toffoli-weight scalarization sensitivity; raw logical counts/depth unchanged; not a native-gate claim
primary,n12_d25_s17,12,random_fixed_density,0.25,55,0.1884765625,1.0,0.0001,0.1,393.70000000000005,0.2528580603725113,0.11073497495387324,0,0.18845771578610138,405.70000000000005,1557.0,1674.0,3937.0,Toffoli-weight scalarization sensitivity; raw logical counts/depth unchanged; not a native-gate claim
primary,n12_d25_s17,12,random_fixed_density,0.25,55,0.1884765625,1.0,0.0001,0.25,984.25,0.6321451509312781,0.11073497495387324,1,0.8927073886744371,2670.25,1557.0,1674.0,3937.0,Toffoli-weight scalarization sensitivity; raw logical counts/depth unchanged; not a native-gate claim
primary,n12_d25_s17,12,random_fixed_density,0.25,55,0.1884765625,1.0,0.0001,0.5,1968.5,1.2642903018625562,0.11073497495387324,1,0.8927073886744371,3654.5,1557.0,1674.0,3937.0,Toffoli-weight scalarization sensitivity; raw logical counts/depth unchanged; not a native-gate claim
primary,n12_d25_s17,12,random_fixed_density,0.25,55,0.1884765625,4.0,0.0,0.0,0.0,0.0,0.1955087525715492,0,0.18847656249999997,12.0,2985.0,3162.0,3937.0,Toffoli-weight scalarization sensitivity; raw logical counts/depth unchanged; not a native-gate claim
primary,n12_d25_s17,12,random_fixed_density,0.25,55,0.1884765625,4.0,0.0,0.1,393.70000000000005,0.131892797319933,0.1955087525715492,0,0.18847656249999997,405.70000000000005,2985.0,3162.0,3937.0,Toffoli-weight scalarization sensitivity; raw logical counts/depth unchanged; not a native-gate claim
primary,n12_d25_s17,12,random_fixed_density,0.25,55,0.1884765625,4.0,0.0,0.25,984.25,0.3297319932998325,0.1955087525715492,1,0.9508524090051652,4158.25,2985.0,3162.0,3937.0,Toffoli-weight scalarization sensitivity; raw logical counts/depth unchanged; not a native-gate claim
primary,n12_d25_s17,12,random_fixed_density,0.25,55,0.1884765625,4.0,0.0,0.5,1968.5,0.659463986599665,0.1955087525715492,1,0.9508524090051652,5142.5,2985.0,3162.0,3937.0,Toffoli-weight scalarization sensitivity; raw logical counts/depth unchanged; not a native-gate claim
primary,n12_d25_s17,12,random_fixed_density,0.25,55,0.1884765625,4.0,0.0001,0.0,0.0,0.0,0.21187540255377146,0,0.18845771578610138,12.0,2985.0,3162.0,3937.0,Toffoli-weight scalarization sensitivity; raw logical counts/depth unchanged; not a native-gate claim
primary,n12_d25_s17,12,random_fixed_density,0.25,55,0.1884765625,4.0,0.0001,0.1,393.70000000000005,0.131892797319933,0.21187540255377146,0,0.18845771578610138,405.70000000000005,2985.0,3162.0,3937.0,Toffoli-weight scalarization sensitivity; raw logical counts/depth unchanged; not a native-gate claim
primary,n12_d25_s17,12,random_fixed_density,0.25,55,0.1884765625,4.0,0.0001,0.25,984.25,0.3297319932998325,0.21187540255377146,1,0.8927073886744371,4158.25,2985.0,3162.0,3937.0,Toffoli-weight scalarization sensitivity; raw logical counts/depth unchanged; not a native-gate claim
primary,n12_d25_s17,12,random_fixed_density,0.25,55,0.1884765625,4.0,0.0001,0.5,1968.5,0.659463986599665,0.21187540255377146,1,0.8927073886744371,5142.5,2985.0,3162.0,3937.0,Toffoli-weight scalarization sensitivity; raw logical counts/depth unchanged; not a native-gate claim
primary,n12_d25_s17,12,random_fixed_density,0.25,55,0.1884765625,6.0,0.0,0.0,0.0,0.0,0.2578010690162743,0,0.18847656249999997,12.0,3937.0,4154.0,3937.0,Toffoli-weight scalarization sensitivity; raw logical counts/depth unchanged; not a native-gate claim
primary,n12_d25_s17,12,random_fixed_density,0.25,55,0.1884765625,6.0,0.0,0.1,393.70000000000005,0.1,0.2578010690162743,0,0.18847656249999997,405.70000000000005,3937.0,4154.0,3937.0,Toffoli-weight scalarization sensitivity; raw logical counts/depth unchanged; not a native-gate claim
primary,n12_d25_s17,12,random_fixed_density,0.25,55,0.1884765625,6.0,0.0,0.25,984.25,0.25,0.2578010690162743,0,0.18847656249999997,996.25,3937.0,4154.0,3937.0,Toffoli-weight scalarization sensitivity; raw logical counts/depth unchanged; not a native-gate claim
primary,n12_d25_s17,12,random_fixed_density,0.25,55,0.1884765625,6.0,0.0,0.5,1968.5,0.5,0.2578010690162743,1,0.9508524090051652,6134.5,3937.0,4154.0,3937.0,Toffoli-weight scalarization sensitivity; raw logical counts/depth unchanged; not a native-gate claim
primary,n12_d25_s17,12,random_fixed_density,0.25,55,0.1884765625,6.0,0.0001,0.0,0.0,0.0,0.2793023542870369,0,0.18845771578610138,12.0,3937.0,4154.0,3937.0,Toffoli-weight scalarization sensitivity; raw logical counts/depth unchanged; not a native-gate claim
primary,n12_d25_s17,12,random_fixed_density,0.25,55,0.1884765625,6.0,0.0001,0.1,393.70000000000005,0.1,0.2793023542870369,0,0.18845771578610138,405.70000000000005,3937.0,4154.0,3937.0,Toffoli-weight scalarization sensitivity; raw logical counts/depth unchanged; not a native-gate claim
primary,n12_d25_s17,12,random_fixed_density,0.25,55,0.1884765625,6.0,0.0001,0.25,984.25,0.25,0.2793023542870369,0,0.18845771578610138,996.25,3937.0,4154.0,3937.0,Toffoli-weight scalarization sensitivity; raw logical counts/depth unchanged; not a native-gate claim
primary,n12_d25_s17,12,random_fixed_density,0.25,55,0.1884765625,6.0,0.0001,0.5,1968.5,0.5,0.2793023542870369,1,0.8927073886744371,6134.5,3937.0,4154.0,3937.0,Toffoli-weight scalarization sensitivity; raw logical counts/depth unchanged; not a native-gate claim
primary,n12_d25_s17,12,random_fixed_density,0.25,55,0.1884765625,10.0,0.0,0.0,0.0,0.0,0.38238570190572463,0,0.18847656249999997,12.0,5841.0,6138.0,3937.0,Toffoli-weight scalarization sensitivity; raw logical counts/depth unchanged; not a native-gate claim
primary,n12_d25_s17,12,random_fixed_density,0.25,55,0.1884765625,10.0,0.0,0.1,393.70000000000005,0.06740284197911317,0.38238570190572463,0,0.18847656249999997,405.70000000000005,5841.0,6138.0,3937.0,Toffoli-weight scalarization sensitivity; raw logical counts/depth unchanged; not a native-gate claim
primary,n12_d25_s17,12,random_fixed_density,0.25,55,0.1884765625,10.0,0.0,0.25,984.25,0.16850710494778293,0.38238570190572463,0,0.18847656249999997,996.25,5841.0,6138.0,3937.0,Toffoli-weight scalarization sensitivity; raw logical counts/depth unchanged; not a native-gate claim
primary,n12_d25_s17,12,random_fixed_density,0.25,55,0.1884765625,10.0,0.0,0.5,1968.5,0.33701420989556585,0.38238570190572463,1,0.9508524090051652,8118.5,5841.0,6138.0,3937.0,Toffoli-weight scalarization sensitivity; raw logical counts/depth unchanged; not a native-gate claim
primary,n12_d25_s17,12,random_fixed_density,0.25,55,0.1884765625,10.0,0.0001,0.0,0.0,0.0,0.4141562577535678,0,0.18845771578610138,12.0,5841.0,6138.0,3937.0,Toffoli-weight scalarization sensitivity; raw logical counts/depth unchanged; not a native-gate claim
primary,n12_d25_s17,12,random_fixed_density,0.25,55,0.1884765625,10.0,0.0001,0.1,393.70000000000005,0.06740284197911317,0.4141562577535678,0,0.18845771578610138,405.70000000000005,5841.0,6138.0,3937.0,Toffoli-weight scalarization sensitivity; raw logical counts/depth unchanged; not a native-gate claim
primary,n12_d25_s17,12,random_fixed_density,0.25,55,0.1884765625,10.0,0.0001,0.25,984.25,0.16850710494778293,0.4141562577535678,0,0.18845771578610138,996.25,5841.0,6138.0,3937.0,Toffoli-weight scalarization sensitivity; raw logical counts/depth unchanged; not a native-gate claim
primary,n12_d25_s17,12,random_fixed_density,0.25,55,0.1884765625,10.0,0.0001,0.5,1968.5,0.33701420989556585,0.4141562577535678,1,0.8927073886744371,8118.5,5841.0,6138.0,3937.0,Toffoli-weight scalarization sensitivity; raw logical counts/depth unchanged; not a native-gate claim
primary,n12_d25_s17,12,random_fixed_density,0.4,61,0.0732421875,1.0,0.0,0.0,0.0,0.0,0.06414472909049407,0,0.07324218750000001,12.0,1557.0,1674.0,3937.0,Toffoli-weight scalarization sensitivity; raw logical counts/depth unchanged; not a native-gate claim
primary,n12_d25_s17,12,random_fixed_density,0.4,61,0.0732421875,1.0,0.0,0.1,393.70000000000005,0.2528580603725113,0.06414472909049407,1,0.536720082163811,2079.7,1557.0,1674.0,3937.0,Toffoli-weight scalarization sensitivity; raw logical counts/depth unchanged; not a native-gate claim
primary,n12_d25_s17,12,random_fixed_density,0.4,61,0.0732421875,1.0,0.0,0.25,984.25,0.6321451509312781,0.06414472909049407,2,0.9603183404749416,4344.25,1557.0,1674.0,3937.0,Toffoli-weight scalarization sensitivity; raw logical counts/depth unchanged; not a native-gate claim
primary,n12_d25_s17,12,random_fixed_density,0.4,61,0.0732421875,1.0,0.0,0.5,1968.5,1.2642903018625562,0.06414472909049407,2,0.9603183404749416,5328.5,1557.0,1674.0,3937.0,Toffoli-weight scalarization sensitivity; raw logical counts/depth unchanged; not a native-gate claim
primary,n12_d25_s17,12,random_fixed_density,0.4,61,0.0732421875,1.0,0.0001,0.0,0.0,0.0,0.06925706864762148,0,0.07323486364744874,12.0,1557.0,1674.0,3937.0,Toffoli-weight scalarization sensitivity; raw logical counts/depth unchanged; not a native-gate claim
primary,n12_d25_s17,12,random_fixed_density,0.4,61,0.0732421875,1.0,0.0001,0.1,393.70000000000005,0.2528580603725113,0.06925706864762148,1,0.5038994258834362,2079.7,1557.0,1674.0,3937.0,Toffoli-weight scalarization sensitivity; raw logical counts/depth unchanged; not a native-gate claim
primary,n12_d25_s17,12,random_fixed_density,0.4,61,0.0732421875,1.0,0.0001,0.25,984.25,0.6321451509312781,0.06925706864762148,2,0.8465462477434733,4344.25,1557.0,1674.0,3937.0,Toffoli-weight scalarization sensitivity; raw logical counts/depth unchanged; not a native-gate claim
primary,n12_d25_s17,12,random_fixed_density,0.4,61,0.0732421875,1.0,0.0001,0.5,1968.5,1.2642903018625562,0.06925706864762148,2,0.8465462477434733,5328.5,1557.0,1674.0,3937.0,Toffoli-weight scalarization sensitivity; raw logical counts/depth unchanged; not a native-gate claim
primary,n12_d25_s17,12,random_fixed_density,0.4,61,0.0732421875,4.0,0.0,0.0,0.0,0.0,0.12387160481183294,0,0.07324218750000001,12.0,2985.0,3162.0,3937.0,Toffoli-weight scalarization sensitivity; raw logical counts/depth unchanged; not a native-gate claim
primary,n12_d25_s17,12,random_fixed_density,0.4,61,0.0732421875,4.0,0.0,0.1,393.70000000000005,0.131892797319933,0.12387160481183294,0,0.07324218750000001,405.70000000000005,2985.0,3162.0,3937.0,Toffoli-weight scalarization sensitivity; raw logical counts/depth unchanged; not a native-gate claim
primary,n12_d25_s17,12,random_fixed_density,0.4,61,0.0732421875,4.0,0.0,0.25,984.25,0.3297319932998325,0.12387160481183294,2,0.9603183404749416,7320.25,2985.0,3162.0,3937.0,Toffoli-weight scalarization sensitivity; raw logical counts/depth unchanged; not a native-gate claim
primary,n12_d25_s17,12,random_fixed_density,0.4,61,0.0732421875,4.0,0.0,0.5,1968.5,0.659463986599665,0.12387160481183294,2,0.9603183404749416,8304.5,2985.0,3162.0,3937.0,Toffoli-weight scalarization sensitivity; raw logical counts/depth unchanged; not a native-gate claim
primary,n12_d25_s17,12,random_fixed_density,0.4,61,0.0732421875,4.0,0.0001,0.0,0.0,0.0,0.13352824619751805,0,0.07323486364744874,12.0,2985.0,3162.0,3937.0,Toffoli-weight scalarization sensitivity; raw logical counts/depth unchanged; not a native-gate claim
primary,n12_d25_s17,12,random_fixed_density,0.4,61,0.0732421875,4.0,0.0001,0.1,393.70000000000005,0.131892797319933,0.13352824619751805,0,0.07323486364744874,405.70000000000005,2985.0,3162.0,3937.0,Toffoli-weight scalarization sensitivity; raw logical counts/depth unchanged; not a native-gate claim
primary,n12_d25_s17,12,random_fixed_density,0.4,61,0.0732421875,4.0,0.0001,0.25,984.25,0.3297319932998325,0.13352824619751805,1,0.5038994258834362,4158.25,2985.0,3162.0,3937.0,Toffoli-weight scalarization sensitivity; raw logical counts/depth unchanged; not a native-gate claim
primary,n12_d25_s17,12,random_fixed_density,0.4,61,0.0732421875,4.0,0.0001,0.5,1968.5,0.659463986599665,0.13352824619751805,2,0.8465462477434733,8304.5,2985.0,3162.0,3937.0,Toffoli-weight scalarization sensitivity; raw logical counts/depth unchanged; not a native-gate claim
primary,n12_d25_s17,12,random_fixed_density,0.4,61,0.0732421875,6.0,0.0,0.0,0.0,0.0,0.1636895219593922,0,0.07324218750000001,12.0,3937.0,4154.0,3937.0,Toffoli-weight scalarization sensitivity; raw logical counts/depth unchanged; not a native-gate claim
primary,n12_d25_s17,12,random_fixed_density,0.4,61,0.0732421875,6.0,0.0,0.1,393.70000000000005,0.1,0.1636895219593922,0,0.07324218750000001,405.70000000000005,3937.0,4154.0,3937.0,Toffoli-weight scalarization sensitivity; raw logical counts/depth unchanged; not a native-gate claim
primary,n12_d25_s17,12,random_fixed_density,0.4,61,0.0732421875,6.0,0.0,0.25,984.25,0.25,0.1636895219593922,1,0.536720082163811,5150.25,3937.0,4154.0,3937.0,Toffoli-weight scalarization sensitivity; raw logical counts/depth unchanged; not a native-gate claim
primary,n12_d25_s17,12,random_fixed_density,0.4,61,0.0732421875,6.0,0.0,0.5,1968.5,0.5,0.1636895219593922,2,0.9603183404749416,10288.5,3937.0,4154.0,3937.0,Toffoli-weight scalarization sensitivity; raw logical counts/depth unchanged; not a native-gate claim
primary,n12_d25_s17,12,random_fixed_density,0.4,61,0.0732421875,6.0,0.0001,0.0,0.0,0.0,0.1763756978974491,0,0.07323486364744874,12.0,3937.0,4154.0,3937.0,Toffoli-weight scalarization sensitivity; raw logical counts/depth unchanged; not a native-gate claim
primary,n12_d25_s17,12,random_fixed_density,0.4,61,0.0732421875,6.0,0.0001,0.1,393.70000000000005,0.1,0.1763756978974491,0,0.07323486364744874,405.70000000000005,3937.0,4154.0,3937.0,Toffoli-weight scalarization sensitivity; raw logical counts/depth unchanged; not a native-gate claim
primary,n12_d25_s17,12,random_fixed_density,0.4,61,0.0732421875,6.0,0.0001,0.25,984.25,0.25,0.1763756978974491,1,0.5038994258834362,5150.25,3937.0,4154.0,3937.0,Toffoli-weight scalarization sensitivity; raw logical counts/depth unchanged; not a native-gate claim
primary,n12_d25_s17,12,random_fixed_density,0.4,61,0.0732421875,6.0,0.0001,0.5,1968.5,0.5,0.1763756978974491,2,0.8465462477434733,10288.5,3937.0,4154.0,3937.0,Toffoli-weight scalarization sensitivity; raw logical counts/depth unchanged; not a native-gate claim
primary,n12_d25_s17,12,random_fixed_density,0.4,61,0.0732421875,10.0,0.0,0.0,0.0,0.0,0.2433253562545107,0,0.07324218750000001,12.0,5841.0,6138.0,3937.0,Toffoli-weight scalarization sensitivity; raw logical counts/depth unchanged; not a native-gate claim
primary,n12_d25_s17,12,random_fixed_density,0.4,61,0.0732421875,10.0,0.0,0.1,393.70000000000005,0.06740284197911317,0.2433253562545107,0,0.07324218750000001,405.70000000000005,5841.0,6138.0,3937.0,Toffoli-weight scalarization sensitivity; raw logical counts/depth unchanged; not a native-gate claim
primary,n12_d25_s17,12,random_fixed_density,0.4,61,0.0732421875,10.0,0.0,0.25,984.25,0.16850710494778293,0.2433253562545107,1,0.536720082163811,7134.25,5841.0,6138.0,3937.0,Toffoli-weight scalarization sensitivity; raw logical counts/depth unchanged; not a native-gate claim
primary,n12_d25_s17,12,random_fixed_density,0.4,61,0.0732421875,10.0,0.0,0.5,1968.5,0.33701420989556585,0.2433253562545107,2,0.9603183404749416,14256.5,5841.0,6138.0,3937.0,Toffoli-weight scalarization sensitivity; raw logical counts/depth unchanged; not a native-gate claim
primary,n12_d25_s17,12,random_fixed_density,0.4,61,0.0732421875,10.0,0.0001,0.0,0.0,0.0,0.26207060129731125,0,0.07323486364744874,12.0,5841.0,6138.0,3937.0,Toffoli-weight scalarization sensitivity; raw logical counts/depth unchanged; not a native-gate claim
primary,n12_d25_s17,12,random_fixed_density,0.4,61,0.0732421875,10.0,0.0001,0.1,393.70000000000005,0.06740284197911317,0.26207060129731125,0,0.07323486364744874,405.70000000000005,5841.0,6138.0,3937.0,Toffoli-weight scalarization sensitivity; raw logical counts/depth unchanged; not a native-gate claim
primary,n12_d25_s17,12,random_fixed_density,0.4,61,0.0732421875,10.0,0.0001,0.25,984.25,0.16850710494778293,0.26207060129731125,0,0.07323486364744874,996.25,5841.0,6138.0,3937.0,Toffoli-weight scalarization sensitivity; raw logical counts/depth unchanged; not a native-gate claim
primary,n12_d25_s17,12,random_fixed_density,0.4,61,0.0732421875,10.0,0.0001,0.5,1968.5,0.33701420989556585,0.26207060129731125,1,0.5038994258834362,8118.5,5841.0,6138.0,3937.0,Toffoli-weight scalarization sensitivity; raw logical counts/depth unchanged; not a native-gate claim
primary,n12_d25_s17,12,random_fixed_density,0.55,68,0.0224609375,1.0,0.0,0.0,0.0,0.0,0.03606085809618631,0,0.022460937499999997,12.0,1557.0,1674.0,3937.0,Toffoli-weight scalarization sensitivity; raw logical counts/depth unchanged; not a native-gate claim
primary,n12_d25_s17,12,random_fixed_density,0.55,68,0.0224609375,1.0,0.0,0.1,393.70000000000005,0.2528580603725113,0.03606085809618631,3,0.7550559703003803,5427.7,1557.0,1674.0,3937.0,Toffoli-weight scalarization sensitivity; raw logical counts/depth unchanged; not a native-gate claim
primary,n12_d25_s17,12,random_fixed_density,0.55,68,0.0224609375,1.0,0.0,0.25,984.25,0.6321451509312781,0.03606085809618631,3,0.7550559703003803,6018.25,1557.0,1674.0,3937.0,Toffoli-weight scalarization sensitivity; raw logical counts/depth unchanged; not a native-gate claim
primary,n12_d25_s17,12,random_fixed_density,0.55,68,0.0224609375,1.0,0.0,0.5,1968.5,1.2642903018625562,0.03606085809618631,4,0.953701133043882,8676.5,1557.0,1674.0,3937.0,Toffoli-weight scalarization sensitivity; raw logical counts/depth unchanged; not a native-gate claim
primary,n12_d25_s17,12,random_fixed_density,0.55,68,0.0224609375,1.0,0.0001,0.0,0.0,0.0,0.04450038681538418,0,0.02245869151855094,12.0,1557.0,1674.0,3937.0,Toffoli-weight scalarization sensitivity; raw logical counts/depth unchanged; not a native-gate claim
primary,n12_d25_s17,12,random_fixed_density,0.55,68,0.0224609375,1.0,0.0001,0.1,393.70000000000005,0.2528580603725113,0.04450038681538418,3,0.6249626446245745,5427.7,1557.0,1674.0,3937.0,Toffoli-weight scalarization sensitivity; raw logical counts/depth unchanged; not a native-gate claim
primary,n12_d25_s17,12,random_fixed_density,0.55,68,0.0224609375,1.0,0.0001,0.25,984.25,0.6321451509312781,0.04450038681538418,3,0.6249626446245745,6018.25,1557.0,1674.0,3937.0,Toffoli-weight scalarization sensitivity; raw logical counts/depth unchanged; not a native-gate claim
primary,n12_d25_s17,12,random_fixed_density,0.55,68,0.0224609375,1.0,0.0001,0.5,1968.5,1.2642903018625562,0.04450038681538418,3,0.6249626446245745,7002.5,1557.0,1674.0,3937.0,Toffoli-weight scalarization sensitivity; raw logical counts/depth unchanged; not a native-gate claim
primary,n12_d25_s17,12,random_fixed_density,0.55,68,0.0224609375,4.0,0.0,0.0,0.0,0.0,0.0708242929336961,0,0.022460937499999997,12.0,2985.0,3162.0,3937.0,Toffoli-weight scalarization sensitivity; raw logical counts/depth unchanged; not a native-gate claim
primary,n12_d25_s17,12,random_fixed_density,0.55,68,0.0224609375,4.0,0.0,0.1,393.70000000000005,0.131892797319933,0.0708242929336961,3,0.7550559703003803,9891.7,2985.0,3162.0,3937.0,Toffoli-weight scalarization sensitivity; raw logical counts/depth unchanged; not a native-gate claim
primary,n12_d25_s17,12,random_fixed_density,0.55,68,0.0224609375,4.0,0.0,0.25,984.25,0.3297319932998325,0.0708242929336961,3,0.7550559703003803,10482.25,2985.0,3162.0,3937.0,Toffoli-weight scalarization sensitivity; raw logical counts/depth unchanged; not a native-gate claim
primary,n12_d25_s17,12,random_fixed_density,0.55,68,0.0224609375,4.0,0.0,0.5,1968.5,0.659463986599665,0.0708242929336961,3,0.7550559703003803,11466.5,2985.0,3162.0,3937.0,Toffoli-weight scalarization sensitivity; raw logical counts/depth unchanged; not a native-gate claim
primary,n12_d25_s17,12,random_fixed_density,0.55,68,0.0224609375,4.0,0.0001,0.0,0.0,0.0,0.08676562495884761,0,0.02245869151855094,12.0,2985.0,3162.0,3937.0,Toffoli-weight scalarization sensitivity; raw logical counts/depth unchanged; not a native-gate claim
primary,n12_d25_s17,12,random_fixed_density,0.55,68,0.0224609375,4.0,0.0001,0.1,393.70000000000005,0.131892797319933,0.08676562495884761,3,0.6249626446245745,9891.7,2985.0,3162.0,3937.0,Toffoli-weight scalarization sensitivity; raw logical counts/depth unchanged; not a native-gate claim
primary,n12_d25_s17,12,random_fixed_density,0.55,68,0.0224609375,4.0,0.0001,0.25,984.25,0.3297319932998325,0.08676562495884761,3,0.6249626446245745,10482.25,2985.0,3162.0,3937.0,Toffoli-weight scalarization sensitivity; raw logical counts/depth unchanged; not a native-gate claim
primary,n12_d25_s17,12,random_fixed_density,0.55,68,0.0224609375,4.0,0.0001,0.5,1968.5,0.659463986599665,0.08676562495884761,3,0.6249626446245745,11466.5,2985.0,3162.0,3937.0,Toffoli-weight scalarization sensitivity; raw logical counts/depth unchanged; not a native-gate claim
primary,n12_d25_s17,12,random_fixed_density,0.55,68,0.0224609375,6.0,0.0,0.0,0.0,0.0,0.09399991615870262,0,0.022460937499999997,12.0,3937.0,4154.0,3937.0,Toffoli-weight scalarization sensitivity; raw logical counts/depth unchanged; not a native-gate claim
primary,n12_d25_s17,12,random_fixed_density,0.55,68,0.0224609375,6.0,0.0,0.1,393.70000000000005,0.1,0.09399991615870262,3,0.7550559703003803,12867.7,3937.0,4154.0,3937.0,Toffoli-weight scalarization sensitivity; raw logical counts/depth unchanged; not a native-gate claim
primary,n12_d25_s17,12,random_fixed_density,0.55,68,0.0224609375,6.0,0.0,0.25,984.25,0.25,0.09399991615870262,3,0.7550559703003803,13458.25,3937.0,4154.0,3937.0,Toffoli-weight scalarization sensitivity; raw logical counts/depth unchanged; not a native-gate claim
primary,n12_d25_s17,12,random_fixed_density,0.55,68,0.0224609375,6.0,0.0,0.5,1968.5,0.5,0.09399991615870262,3,0.7550559703003803,14442.5,3937.0,4154.0,3937.0,Toffoli-weight scalarization sensitivity; raw logical counts/depth unchanged; not a native-gate claim
primary,n12_d25_s17,12,random_fixed_density,0.55,68,0.0224609375,6.0,0.0001,0.0,0.0,0.0,0.11494245038782325,0,0.02245869151855094,12.0,3937.0,4154.0,3937.0,Toffoli-weight scalarization sensitivity; raw logical counts/depth unchanged; not a native-gate claim
primary,n12_d25_s17,12,random_fixed_density,0.55,68,0.0224609375,6.0,0.0001,0.1,393.70000000000005,0.1,0.11494245038782325,0,0.02245869151855094,405.70000000000005,3937.0,4154.0,3937.0,Toffoli-weight scalarization sensitivity; raw logical counts/depth unchanged; not a native-gate claim
primary,n12_d25_s17,12,random_fixed_density,0.55,68,0.0224609375,6.0,0.0001,0.25,984.25,0.25,0.11494245038782325,3,0.6249626446245745,13458.25,3937.0,4154.0,3937.0,Toffoli-weight scalarization sensitivity; raw logical counts/depth unchanged; not a native-gate claim
primary,n12_d25_s17,12,random_fixed_density,0.55,68,0.0224609375,6.0,0.0001,0.5,1968.5,0.5,0.11494245038782325,3,0.6249626446245745,14442.5,3937.0,4154.0,3937.0,Toffoli-weight scalarization sensitivity; raw logical counts/depth unchanged; not a native-gate claim
primary,n12_d25_s17,12,random_fixed_density,0.55,68,0.0224609375,10.0,0.0,0.0,0.0,0.0,0.14035116260871566,0,0.022460937499999997,12.0,5841.0,6138.0,3937.0,Toffoli-weight scalarization sensitivity; raw logical counts/depth unchanged; not a native-gate claim
primary,n12_d25_s17,12,random_fixed_density,0.55,68,0.0224609375,10.0,0.0,0.1,393.70000000000005,0.06740284197911317,0.14035116260871566,0,0.022460937499999997,405.70000000000005,5841.0,6138.0,3937.0,Toffoli-weight scalarization sensitivity; raw logical counts/depth unchanged; not a native-gate claim
primary,n12_d25_s17,12,random_fixed_density,0.55,68,0.0224609375,10.0,0.0,0.25,984.25,0.16850710494778293,0.14035116260871566,3,0.7550559703003803,19410.25,5841.0,6138.0,3937.0,Toffoli-weight scalarization sensitivity; raw logical counts/depth unchanged; not a native-gate claim
primary,n12_d25_s17,12,random_fixed_density,0.55,68,0.0224609375,10.0,0.0,0.5,1968.5,0.33701420989556585,0.14035116260871566,3,0.7550559703003803,20394.5,5841.0,6138.0,3937.0,Toffoli-weight scalarization sensitivity; raw logical counts/depth unchanged; not a native-gate claim
primary,n12_d25_s17,12,random_fixed_density,0.55,68,0.0224609375,10.0,0.0001,0.0,0.0,0.0,0.17129610124577452,0,0.02245869151855094,12.0,5841.0,6138.0,3937.0,Toffoli-weight scalarization sensitivity; raw logical counts/depth unchanged; not a native-gate claim
primary,n12_d25_s17,12,random_fixed_density,0.55,68,0.0224609375,10.0,0.0001,0.1,393.70000000000005,0.06740284197911317,0.17129610124577452,0,0.02245869151855094,405.70000000000005,5841.0,6138.0,3937.0,Toffoli-weight scalarization sensitivity; raw logical counts/depth unchanged; not a native-gate claim
primary,n12_d25_s17,12,random_fixed_density,0.55,68,0.0224609375,10.0,0.0001,0.25,984.25,0.16850710494778293,0.17129610124577452,3,0.6249626446245745,19410.25,5841.0,6138.0,3937.0,Toffoli-weight scalarization sensitivity; raw logical counts/depth unchanged; not a native-gate claim
primary,n12_d25_s17,12,random_fixed_density,0.55,68,0.0224609375,10.0,0.0001,0.5,1968.5,0.33701420989556585,0.17129610124577452,3,0.6249626446245745,20394.5,5841.0,6138.0,3937.0,Toffoli-weight scalarization sensitivity; raw logical counts/depth unchanged; not a native-gate claim
primary,n12_d25_s42,12,random_fixed_density,0.25,41,0.2119140625,1.0,0.0,0.0,0.0,0.0,0.11400280266378691,0,0.21191406249999997,12.0,1557.0,1674.0,3937.0,Toffoli-weight scalarization sensitivity; raw logical counts/depth unchanged; not a native-gate claim
primary,n12_d25_s42,12,random_fixed_density,0.25,41,0.2119140625,1.0,0.0,0.1,393.70000000000005,0.2528580603725113,0.11400280266378691,0,0.21191406249999997,405.70000000000005,1557.0,1674.0,3937.0,Toffoli-weight scalarization sensitivity; raw logical counts/depth unchanged; not a native-gate claim
primary,n12_d25_s42,12,random_fixed_density,0.25,41,0.2119140625,1.0,0.0,0.25,984.25,0.6321451509312781,0.11400280266378691,1,0.9817096143960953,2670.25,1557.0,1674.0,3937.0,Toffoli-weight scalarization sensitivity; raw logical counts/depth unchanged; not a native-gate claim
primary,n12_d25_s42,12,random_fixed_density,0.25,41,0.2119140625,1.0,0.0,0.5,1968.5,1.2642903018625562,0.11400280266378691,1,0.9817096143960953,3654.5,1557.0,1674.0,3937.0,Toffoli-weight scalarization sensitivity; raw logical counts/depth unchanged; not a native-gate claim
primary,n12_d25_s42,12,random_fixed_density,0.25,41,0.2119140625,1.0,0.0001,0.0,0.0,0.0,0.1238864999783044,0,0.21189287215328498,12.0,1557.0,1674.0,3937.0,Toffoli-weight scalarization sensitivity; raw logical counts/depth unchanged; not a native-gate claim
primary,n12_d25_s42,12,random_fixed_density,0.25,41,0.2119140625,1.0,0.0001,0.1,393.70000000000005,0.2528580603725113,0.1238864999783044,0,0.21189287215328498,405.70000000000005,1557.0,1674.0,3937.0,Toffoli-weight scalarization sensitivity; raw logical counts/depth unchanged; not a native-gate claim
primary,n12_d25_s42,12,random_fixed_density,0.25,41,0.2119140625,1.0,0.0001,0.25,984.25,0.6321451509312781,0.1238864999783044,1,0.9216776631202352,2670.25,1557.0,1674.0,3937.0,Toffoli-weight scalarization sensitivity; raw logical counts/depth unchanged; not a native-gate claim
primary,n12_d25_s42,12,random_fixed_density,0.25,41,0.2119140625,1.0,0.0001,0.5,1968.5,1.2642903018625562,0.1238864999783044,1,0.9216776631202352,3654.5,1557.0,1674.0,3937.0,Toffoli-weight scalarization sensitivity; raw logical counts/depth unchanged; not a native-gate claim
primary,n12_d25_s42,12,random_fixed_density,0.25,41,0.2119140625,4.0,0.0,0.0,0.0,0.0,0.21804796600583054,0,0.21191406249999997,12.0,2985.0,3162.0,3937.0,Toffoli-weight scalarization sensitivity; raw logical counts/depth unchanged; not a native-gate claim
primary,n12_d25_s42,12,random_fixed_density,0.25,41,0.2119140625,4.0,0.0,0.1,393.70000000000005,0.131892797319933,0.21804796600583054,0,0.21191406249999997,405.70000000000005,2985.0,3162.0,3937.0,Toffoli-weight scalarization sensitivity; raw logical counts/depth unchanged; not a native-gate claim
primary,n12_d25_s42,12,random_fixed_density,0.25,41,0.2119140625,4.0,0.0,0.25,984.25,0.3297319932998325,0.21804796600583054,1,0.9817096143960953,4158.25,2985.0,3162.0,3937.0,Toffoli-weight scalarization sensitivity; raw logical counts/depth unchanged; not a native-gate claim
primary,n12_d25_s42,12,random_fixed_density,0.25,41,0.2119140625,4.0,0.0,0.5,1968.5,0.659463986599665,0.21804796600583054,1,0.9817096143960953,5142.5,2985.0,3162.0,3937.0,Toffoli-weight scalarization sensitivity; raw logical counts/depth unchanged; not a native-gate claim
primary,n12_d25_s42,12,random_fixed_density,0.25,41,0.2119140625,4.0,0.0001,0.0,0.0,0.0,0.2367171720443636,0,0.21189287215328498,12.0,2985.0,3162.0,3937.0,Toffoli-weight scalarization sensitivity; raw logical counts/depth unchanged; not a native-gate claim
primary,n12_d25_s42,12,random_fixed_density,0.25,41,0.2119140625,4.0,0.0001,0.1,393.70000000000005,0.131892797319933,0.2367171720443636,0,0.21189287215328498,405.70000000000005,2985.0,3162.0,3937.0,Toffoli-weight scalarization sensitivity; raw logical counts/depth unchanged; not a native-gate claim
primary,n12_d25_s42,12,random_fixed_density,0.25,41,0.2119140625,4.0,0.0001,0.25,984.25,0.3297319932998325,0.2367171720443636,1,0.9216776631202352,4158.25,2985.0,3162.0,3937.0,Toffoli-weight scalarization sensitivity; raw logical counts/depth unchanged; not a native-gate claim
primary,n12_d25_s42,12,random_fixed_density,0.25,41,0.2119140625,4.0,0.0001,0.5,1968.5,0.659463986599665,0.2367171720443636,1,0.9216776631202352,5142.5,2985.0,3162.0,3937.0,Toffoli-weight scalarization sensitivity; raw logical counts/depth unchanged; not a native-gate claim
primary,n12_d25_s42,12,random_fixed_density,0.25,41,0.2119140625,6.0,0.0,0.0,0.0,0.0,0.28741140823385963,0,0.21191406249999997,12.0,3937.0,4154.0,3937.0,Toffoli-weight scalarization sensitivity; raw logical counts/depth unchanged; not a native-gate claim
primary,n12_d25_s42,12,random_fixed_density,0.25,41,0.2119140625,6.0,0.0,0.1,393.70000000000005,0.1,0.28741140823385963,0,0.21191406249999997,405.70000000000005,3937.0,4154.0,3937.0,Toffoli-weight scalarization sensitivity; raw logical counts/depth unchanged; not a native-gate claim
primary,n12_d25_s42,12,random_fixed_density,0.25,41,0.2119140625,6.0,0.0,0.25,984.25,0.25,0.28741140823385963,0,0.21191406249999997,996.25,3937.0,4154.0,3937.0,Toffoli-weight scalarization sensitivity; raw logical counts/depth unchanged; not a native-gate claim
primary,n12_d25_s42,12,random_fixed_density,0.25,41,0.2119140625,6.0,0.0,0.5,1968.5,0.5,0.28741140823385963,1,0.9817096143960953,6134.5,3937.0,4154.0,3937.0,Toffoli-weight scalarization sensitivity; raw logical counts/depth unchanged; not a native-gate claim
primary,n12_d25_s42,12,random_fixed_density,0.25,41,0.2119140625,6.0,0.0001,0.0,0.0,0.0,0.3119376200884031,0,0.21189287215328498,12.0,3937.0,4154.0,3937.0,Toffoli-weight scalarization sensitivity; raw logical counts/depth unchanged; not a native-gate claim
primary,n12_d25_s42,12,random_fixed_density,0.25,41,0.2119140625,6.0,0.0001,0.1,393.70000000000005,0.1,0.3119376200884031,0,0.21189287215328498,405.70000000000005,3937.0,4154.0,3937.0,Toffoli-weight scalarization sensitivity; raw logical counts/depth unchanged; not a native-gate claim
primary,n12_d25_s42,12,random_fixed_density,0.25,41,0.2119140625,6.0,0.0001,0.25,984.25,0.25,0.3119376200884031,0,0.21189287215328498,996.25,3937.0,4154.0,3937.0,Toffoli-weight scalarization sensitivity; raw logical counts/depth unchanged; not a native-gate claim
primary,n12_d25_s42,12,random_fixed_density,0.25,41,0.2119140625,6.0,0.0001,0.5,1968.5,0.5,0.3119376200884031,1,0.9216776631202352,6134.5,3937.0,4154.0,3937.0,Toffoli-weight scalarization sensitivity; raw logical counts/depth unchanged; not a native-gate claim
primary,n12_d25_s42,12,random_fixed_density,0.25,41,0.2119140625,10.0,0.0,0.0,0.0,0.0,0.4261382926899178,0,0.21191406249999997,12.0,5841.0,6138.0,3937.0,Toffoli-weight scalarization sensitivity; raw logical counts/depth unchanged; not a native-gate claim
primary,n12_d25_s42,12,random_fixed_density,0.25,41,0.2119140625,10.0,0.0,0.1,393.70000000000005,0.06740284197911317,0.4261382926899178,0,0.21191406249999997,405.70000000000005,5841.0,6138.0,3937.0,Toffoli-weight scalarization sensitivity; raw logical counts/depth unchanged; not a native-gate claim
primary,n12_d25_s42,12,random_fixed_density,0.25,41,0.2119140625,10.0,0.0,0.25,984.25,0.16850710494778293,0.4261382926899178,0,0.21191406249999997,996.25,5841.0,6138.0,3937.0,Toffoli-weight scalarization sensitivity; raw logical counts/depth unchanged; not a native-gate claim
primary,n12_d25_s42,12,random_fixed_density,0.25,41,0.2119140625,10.0,0.0,0.5,1968.5,0.33701420989556585,0.4261382926899178,1,0.9817096143960953,8118.5,5841.0,6138.0,3937.0,Toffoli-weight scalarization sensitivity; raw logical counts/depth unchanged; not a native-gate claim
primary,n12_d25_s42,12,random_fixed_density,0.25,41,0.2119140625,10.0,0.0001,0.0,0.0,0.0,0.462378516176482,0,0.21189287215328498,12.0,5841.0,6138.0,3937.0,Toffoli-weight scalarization sensitivity; raw logical counts/depth unchanged; not a native-gate claim
primary,n12_d25_s42,12,random_fixed_density,0.25,41,0.2119140625,10.0,0.0001,0.1,393.70000000000005,0.06740284197911317,0.462378516176482,0,0.21189287215328498,405.70000000000005,5841.0,6138.0,3937.0,Toffoli-weight scalarization sensitivity; raw logical counts/depth unchanged; not a native-gate claim
primary,n12_d25_s42,12,random_fixed_density,0.25,41,0.2119140625,10.0,0.0001,0.25,984.25,0.16850710494778293,0.462378516176482,0,0.21189287215328498,996.25,5841.0,6138.0,3937.0,Toffoli-weight scalarization sensitivity; raw logical counts/depth unchanged; not a native-gate claim
primary,n12_d25_s42,12,random_fixed_density,0.25,41,0.2119140625,10.0,0.0001,0.5,1968.5,0.33701420989556585,0.462378516176482,1,0.9216776631202352,8118.5,5841.0,6138.0,3937.0,Toffoli-weight scalarization sensitivity; raw logical counts/depth unchanged; not a native-gate claim
primary,n12_d25_s42,12,random_fixed_density,0.4,46,0.09521484375,1.0,0.0,0.0,0.0,0.0,0.06951245117414426,0,0.09521484374999999,12.0,1557.0,1674.0,3937.0,Toffoli-weight scalarization sensitivity; raw logical counts/depth unchanged; not a native-gate claim
primary,n12_d25_s42,12,random_fixed_density,0.4,46,0.09521484375,1.0,0.0,0.1,393.70000000000005,0.2528580603725113,0.06951245117414426,1,0.6531640794128178,2079.7,1557.0,1674.0,3937.0,Toffoli-weight scalarization sensitivity; raw logical counts/depth unchanged; not a native-gate claim
primary,n12_d25_s42,12,random_fixed_density,0.4,46,0.09521484375,1.0,0.0,0.25,984.25,0.6321451509312781,0.06951245117414426,1,0.6531640794128178,2670.25,1557.0,1674.0,3937.0,Toffoli-weight scalarization sensitivity; raw logical counts/depth unchanged; not a native-gate claim
primary,n12_d25_s42,12,random_fixed_density,0.4,46,0.09521484375,1.0,0.0,0.5,1968.5,1.2642903018625562,0.06951245117414426,2,0.9999944543173099,5328.5,1557.0,1674.0,3937.0,Toffoli-weight scalarization sensitivity; raw logical counts/depth unchanged; not a native-gate claim
primary,n12_d25_s42,12,random_fixed_density,0.4,46,0.09521484375,1.0,0.0001,0.0,0.0,0.0,0.07509800876159675,0,0.09520532274168333,12.0,1557.0,1674.0,3937.0,Toffoli-weight scalarization sensitivity; raw logical counts/depth unchanged; not a native-gate claim
primary,n12_d25_s42,12,random_fixed_density,0.4,46,0.09521484375,1.0,0.0001,0.1,393.70000000000005,0.2528580603725113,0.07509800876159675,1,0.6132228242641934,2079.7,1557.0,1674.0,3937.0,Toffoli-weight scalarization sensitivity; raw logical counts/depth unchanged; not a native-gate claim
primary,n12_d25_s42,12,random_fixed_density,0.4,46,0.09521484375,1.0,0.0001,0.25,984.25,0.6321451509312781,0.07509800876159675,1,0.6132228242641934,2670.25,1557.0,1674.0,3937.0,Toffoli-weight scalarization sensitivity; raw logical counts/depth unchanged; not a native-gate claim
primary,n12_d25_s42,12,random_fixed_density,0.4,46,0.09521484375,1.0,0.0001,0.5,1968.5,1.2642903018625562,0.07509800876159675,1,0.6132228242641934,3654.5,1557.0,1674.0,3937.0,Toffoli-weight scalarization sensitivity; raw logical counts/depth unchanged; not a native-gate claim
primary,n12_d25_s42,12,random_fixed_density,0.4,46,0.09521484375,4.0,0.0,0.0,0.0,0.0,0.13401063541428332,0,0.09521484374999999,12.0,2985.0,3162.0,3937.0,Toffoli-weight scalarization sensitivity; raw logical counts/depth unchanged; not a native-gate claim
primary,n12_d25_s42,12,random_fixed_density,0.4,46,0.09521484375,4.0,0.0,0.1,393.70000000000005,0.131892797319933,0.13401063541428332,0,0.09521484374999999,405.70000000000005,2985.0,3162.0,3937.0,Toffoli-weight scalarization sensitivity; raw logical counts/depth unchanged; not a native-gate claim
primary,n12_d25_s42,12,random_fixed_density,0.4,46,0.09521484375,4.0,0.0,0.25,984.25,0.3297319932998325,0.13401063541428332,1,0.6531640794128178,4158.25,2985.0,3162.0,3937.0,Toffoli-weight scalarization sensitivity; raw logical counts/depth unchanged; not a native-gate claim
primary,n12_d25_s42,12,random_fixed_density,0.4,46,0.09521484375,4.0,0.0,0.5,1968.5,0.659463986599665,0.13401063541428332,1,0.6531640794128178,5142.5,2985.0,3162.0,3937.0,Toffoli-weight scalarization sensitivity; raw logical counts/depth unchanged; not a native-gate claim
primary,n12_d25_s42,12,random_fixed_density,0.4,46,0.09521484375,4.0,0.0001,0.0,0.0,0.0,0.14456113307947133,0,0.09520532274168333,12.0,2985.0,3162.0,3937.0,Toffoli-weight scalarization sensitivity; raw logical counts/depth unchanged; not a native-gate claim
primary,n12_d25_s42,12,random_fixed_density,0.4,46,0.09521484375,4.0,0.0001,0.1,393.70000000000005,0.131892797319933,0.14456113307947133,0,0.09520532274168333,405.70000000000005,2985.0,3162.0,3937.0,Toffoli-weight scalarization sensitivity; raw logical counts/depth unchanged; not a native-gate claim
primary,n12_d25_s42,12,random_fixed_density,0.4,46,0.09521484375,4.0,0.0001,0.25,984.25,0.3297319932998325,0.14456113307947133,1,0.6132228242641934,4158.25,2985.0,3162.0,3937.0,Toffoli-weight scalarization sensitivity; raw logical counts/depth unchanged; not a native-gate claim
primary,n12_d25_s42,12,random_fixed_density,0.4,46,0.09521484375,4.0,0.0001,0.5,1968.5,0.659463986599665,0.14456113307947133,1,0.6132228242641934,5142.5,2985.0,3162.0,3937.0,Toffoli-weight scalarization sensitivity; raw logical counts/depth unchanged; not a native-gate claim
primary,n12_d25_s42,12,random_fixed_density,0.4,46,0.09521484375,6.0,0.0,0.0,0.0,0.0,0.17700942490770935,0,0.09521484374999999,12.0,3937.0,4154.0,3937.0,Toffoli-weight scalarization sensitivity; raw logical counts/depth unchanged; not a native-gate claim
primary,n12_d25_s42,12,random_fixed_density,0.4,46,0.09521484375,6.0,0.0,0.1,393.70000000000005,0.1,0.17700942490770935,0,0.09521484374999999,405.70000000000005,3937.0,4154.0,3937.0,Toffoli-weight scalarization sensitivity; raw logical counts/depth unchanged; not a native-gate claim
primary,n12_d25_s42,12,random_fixed_density,0.4,46,0.09521484375,6.0,0.0,0.25,984.25,0.25,0.17700942490770935,1,0.6531640794128178,5150.25,3937.0,4154.0,3937.0,Toffoli-weight scalarization sensitivity; raw logical counts/depth unchanged; not a native-gate claim
primary,n12_d25_s42,12,random_fixed_density,0.4,46,0.09521484375,6.0,0.0,0.5,1968.5,0.5,0.17700942490770935,1,0.6531640794128178,6134.5,3937.0,4154.0,3937.0,Toffoli-weight scalarization sensitivity; raw logical counts/depth unchanged; not a native-gate claim
primary,n12_d25_s42,12,random_fixed_density,0.4,46,0.09521484375,6.0,0.0001,0.0,0.0,0.0,0.1908698826247211,0,0.09520532274168333,12.0,3937.0,4154.0,3937.0,Toffoli-weight scalarization sensitivity; raw logical counts/depth unchanged; not a native-gate claim
primary,n12_d25_s42,12,random_fixed_density,0.4,46,0.09521484375,6.0,0.0001,0.1,393.70000000000005,0.1,0.1908698826247211,0,0.09520532274168333,405.70000000000005,3937.0,4154.0,3937.0,Toffoli-weight scalarization sensitivity; raw logical counts/depth unchanged; not a native-gate claim
primary,n12_d25_s42,12,random_fixed_density,0.4,46,0.09521484375,6.0,0.0001,0.25,984.25,0.25,0.1908698826247211,1,0.6132228242641934,5150.25,3937.0,4154.0,3937.0,Toffoli-weight scalarization sensitivity; raw logical counts/depth unchanged; not a native-gate claim
primary,n12_d25_s42,12,random_fixed_density,0.4,46,0.09521484375,6.0,0.0001,0.5,1968.5,0.5,0.1908698826247211,1,0.6132228242641934,6134.5,3937.0,4154.0,3937.0,Toffoli-weight scalarization sensitivity; raw logical counts/depth unchanged; not a native-gate claim
primary,n12_d25_s42,12,random_fixed_density,0.4,46,0.09521484375,10.0,0.0,0.0,0.0,0.0,0.2630070038945614,0,0.09521484374999999,12.0,5841.0,6138.0,3937.0,Toffoli-weight scalarization sensitivity; raw logical counts/depth unchanged; not a native-gate claim
primary,n12_d25_s42,12,random_fixed_density,0.4,46,0.09521484375,10.0,0.0,0.1,393.70000000000005,0.06740284197911317,0.2630070038945614,0,0.09521484374999999,405.70000000000005,5841.0,6138.0,3937.0,Toffoli-weight scalarization sensitivity; raw logical counts/depth unchanged; not a native-gate claim
primary,n12_d25_s42,12,random_fixed_density,0.4,46,0.09521484375,10.0,0.0,0.25,984.25,0.16850710494778293,0.2630070038945614,0,0.09521484374999999,996.25,5841.0,6138.0,3937.0,Toffoli-weight scalarization sensitivity; raw logical counts/depth unchanged; not a native-gate claim
primary,n12_d25_s42,12,random_fixed_density,0.4,46,0.09521484375,10.0,0.0,0.5,1968.5,0.33701420989556585,0.2630070038945614,1,0.6531640794128178,8118.5,5841.0,6138.0,3937.0,Toffoli-weight scalarization sensitivity; raw logical counts/depth unchanged; not a native-gate claim
primary,n12_d25_s42,12,random_fixed_density,0.4,46,0.09521484375,10.0,0.0001,0.0,0.0,0.0,0.2834873817152206,0,0.09520532274168333,12.0,5841.0,6138.0,3937.0,Toffoli-weight scalarization sensitivity; raw logical counts/depth unchanged; not a native-gate claim
primary,n12_d25_s42,12,random_fixed_density,0.4,46,0.09521484375,10.0,0.0001,0.1,393.70000000000005,0.06740284197911317,0.2834873817152206,0,0.09520532274168333,405.70000000000005,5841.0,6138.0,3937.0,Toffoli-weight scalarization sensitivity; raw logical counts/depth unchanged; not a native-gate claim
primary,n12_d25_s42,12,random_fixed_density,0.4,46,0.09521484375,10.0,0.0001,0.25,984.25,0.16850710494778293,0.2834873817152206,0,0.09520532274168333,996.25,5841.0,6138.0,3937.0,Toffoli-weight scalarization sensitivity; raw logical counts/depth unchanged; not a native-gate claim
primary,n12_d25_s42,12,random_fixed_density,0.4,46,0.09521484375,10.0,0.0001,0.5,1968.5,0.33701420989556585,0.2834873817152206,1,0.6132228242641934,8118.5,5841.0,6138.0,3937.0,Toffoli-weight scalarization sensitivity; raw logical counts/depth unchanged; not a native-gate claim
primary,n12_d25_s42,12,random_fixed_density,0.55,51,0.0341796875,1.0,0.0,0.0,0.0,0.0,0.044745509420786124,0,0.0341796875,12.0,1557.0,1674.0,3937.0,Toffoli-weight scalarization sensitivity; raw logical counts/depth unchanged; not a native-gate claim
primary,n12_d25_s42,12,random_fixed_density,0.55,51,0.0341796875,1.0,0.0,0.1,393.70000000000005,0.2528580603725113,0.044745509420786124,3,0.9292825895962306,5427.7,1557.0,1674.0,3937.0,Toffoli-weight scalarization sensitivity; raw logical counts/depth unchanged; not a native-gate claim
primary,n12_d25_s42,12,random_fixed_density,0.55,51,0.0341796875,1.0,0.0,0.25,984.25,0.6321451509312781,0.044745509420786124,3,0.9292825895962306,6018.25,1557.0,1674.0,3937.0,Toffoli-weight scalarization sensitivity; raw logical counts/depth unchanged; not a native-gate claim
primary,n12_d25_s42,12,random_fixed_density,0.55,51,0.0341796875,1.0,0.0,0.5,1968.5,1.2642903018625562,0.044745509420786124,3,0.9292825895962306,7002.5,1557.0,1674.0,3937.0,Toffoli-weight scalarization sensitivity; raw logical counts/depth unchanged; not a native-gate claim
primary,n12_d25_s42,12,random_fixed_density,0.55,51,0.0341796875,1.0,0.0001,0.0,0.0,0.0,0.051575563691643664,0,0.03417626970214274,12.0,1557.0,1674.0,3937.0,Toffoli-weight scalarization sensitivity; raw logical counts/depth unchanged; not a native-gate claim
primary,n12_d25_s42,12,random_fixed_density,0.55,51,0.0341796875,1.0,0.0001,0.1,393.70000000000005,0.2528580603725113,0.051575563691643664,2,0.5662411747256404,3753.7,1557.0,1674.0,3937.0,Toffoli-weight scalarization sensitivity; raw logical counts/depth unchanged; not a native-gate claim
primary,n12_d25_s42,12,random_fixed_density,0.55,51,0.0341796875,1.0,0.0001,0.25,984.25,0.6321451509312781,0.051575563691643664,2,0.5662411747256404,4344.25,1557.0,1674.0,3937.0,Toffoli-weight scalarization sensitivity; raw logical counts/depth unchanged; not a native-gate claim
primary,n12_d25_s42,12,random_fixed_density,0.55,51,0.0341796875,1.0,0.0001,0.5,1968.5,1.2642903018625562,0.051575563691643664,3,0.7691706676613519,7002.5,1557.0,1674.0,3937.0,Toffoli-weight scalarization sensitivity; raw logical counts/depth unchanged; not a native-gate claim
primary,n12_d25_s42,12,random_fixed_density,0.55,51,0.0341796875,4.0,0.0,0.0,0.0,0.0,0.08722863432460685,0,0.0341796875,12.0,2985.0,3162.0,3937.0,Toffoli-weight scalarization sensitivity; raw logical counts/depth unchanged; not a native-gate claim
primary,n12_d25_s42,12,random_fixed_density,0.55,51,0.0341796875,4.0,0.0,0.1,393.70000000000005,0.131892797319933,0.08722863432460685,2,0.6423414983771638,6729.7,2985.0,3162.0,3937.0,Toffoli-weight scalarization sensitivity; raw logical counts/depth unchanged; not a native-gate claim
primary,n12_d25_s42,12,random_fixed_density,0.55,51,0.0341796875,4.0,0.0,0.25,984.25,0.3297319932998325,0.08722863432460685,3,0.9292825895962306,10482.25,2985.0,3162.0,3937.0,Toffoli-weight scalarization sensitivity; raw logical counts/depth unchanged; not a native-gate claim
primary,n12_d25_s42,12,random_fixed_density,0.55,51,0.0341796875,4.0,0.0,0.5,1968.5,0.659463986599665,0.08722863432460685,3,0.9292825895962306,11466.5,2985.0,3162.0,3937.0,Toffoli-weight scalarization sensitivity; raw logical counts/depth unchanged; not a native-gate claim
primary,n12_d25_s42,12,random_fixed_density,0.55,51,0.0341796875,4.0,0.0001,0.0,0.0,0.0,0.10012984794733777,0,0.03417626970214274,12.0,2985.0,3162.0,3937.0,Toffoli-weight scalarization sensitivity; raw logical counts/depth unchanged; not a native-gate claim
primary,n12_d25_s42,12,random_fixed_density,0.55,51,0.0341796875,4.0,0.0001,0.1,393.70000000000005,0.131892797319933,0.10012984794733777,0,0.03417626970214274,405.70000000000005,2985.0,3162.0,3937.0,Toffoli-weight scalarization sensitivity; raw logical counts/depth unchanged; not a native-gate claim
primary,n12_d25_s42,12,random_fixed_density,0.55,51,0.0341796875,4.0,0.0001,0.25,984.25,0.3297319932998325,0.10012984794733777,2,0.5662411747256404,7320.25,2985.0,3162.0,3937.0,Toffoli-weight scalarization sensitivity; raw logical counts/depth unchanged; not a native-gate claim
primary,n12_d25_s42,12,random_fixed_density,0.55,51,0.0341796875,4.0,0.0001,0.5,1968.5,0.659463986599665,0.10012984794733777,2,0.5662411747256404,8304.5,2985.0,3162.0,3937.0,Toffoli-weight scalarization sensitivity; raw logical counts/depth unchanged; not a native-gate claim
primary,n12_d25_s42,12,random_fixed_density,0.55,51,0.0341796875,6.0,0.0,0.0,0.0,0.0,0.11555071759382066,0,0.0341796875,12.0,3937.0,4154.0,3937.0,Toffoli-weight scalarization sensitivity; raw logical counts/depth unchanged; not a native-gate claim
primary,n12_d25_s42,12,random_fixed_density,0.55,51,0.0341796875,6.0,0.0,0.1,393.70000000000005,0.1,0.11555071759382066,0,0.0341796875,405.70000000000005,3937.0,4154.0,3937.0,Toffoli-weight scalarization sensitivity; raw logical counts/depth unchanged; not a native-gate claim
primary,n12_d25_s42,12,random_fixed_density,0.55,51,0.0341796875,6.0,0.0,0.25,984.25,0.25,0.11555071759382066,3,0.9292825895962306,13458.25,3937.0,4154.0,3937.0,Toffoli-weight scalarization sensitivity; raw logical counts/depth unchanged; not a native-gate claim
primary,n12_d25_s42,12,random_fixed_density,0.55,51,0.0341796875,6.0,0.0,0.5,1968.5,0.5,0.11555071759382066,3,0.9292825895962306,14442.5,3937.0,4154.0,3937.0,Toffoli-weight scalarization sensitivity; raw logical counts/depth unchanged; not a native-gate claim
primary,n12_d25_s42,12,random_fixed_density,0.55,51,0.0341796875,6.0,0.0001,0.0,0.0,0.0,0.13249937078446716,0,0.03417626970214274,12.0,3937.0,4154.0,3937.0,Toffoli-weight scalarization sensitivity; raw logical counts/depth unchanged; not a native-gate claim
primary,n12_d25_s42,12,random_fixed_density,0.55,51,0.0341796875,6.0,0.0001,0.1,393.70000000000005,0.1,0.13249937078446716,0,0.03417626970214274,405.70000000000005,3937.0,4154.0,3937.0,Toffoli-weight scalarization sensitivity; raw logical counts/depth unchanged; not a native-gate claim
primary,n12_d25_s42,12,random_fixed_density,0.55,51,0.0341796875,6.0,0.0001,0.25,984.25,0.25,0.13249937078446716,2,0.5662411747256404,9304.25,3937.0,4154.0,3937.0,Toffoli-weight scalarization sensitivity; raw logical counts/depth unchanged; not a native-gate claim
primary,n12_d25_s42,12,random_fixed_density,0.55,51,0.0341796875,6.0,0.0001,0.5,1968.5,0.5,0.13249937078446716,2,0.5662411747256404,10288.5,3937.0,4154.0,3937.0,Toffoli-weight scalarization sensitivity; raw logical counts/depth unchanged; not a native-gate claim
primary,n12_d25_s42,12,random_fixed_density,0.55,51,0.0341796875,10.0,0.0,0.0,0.0,0.0,0.1721948841322483,0,0.0341796875,12.0,5841.0,6138.0,3937.0,Toffoli-weight scalarization sensitivity; raw logical counts/depth unchanged; not a native-gate claim
primary,n12_d25_s42,12,random_fixed_density,0.55,51,0.0341796875,10.0,0.0,0.1,393.70000000000005,0.06740284197911317,0.1721948841322483,0,0.0341796875,405.70000000000005,5841.0,6138.0,3937.0,Toffoli-weight scalarization sensitivity; raw logical counts/depth unchanged; not a native-gate claim
primary,n12_d25_s42,12,random_fixed_density,0.55,51,0.0341796875,10.0,0.0,0.25,984.25,0.16850710494778293,0.1721948841322483,2,0.6423414983771638,13272.25,5841.0,6138.0,3937.0,Toffoli-weight scalarization sensitivity; raw logical counts/depth unchanged; not a native-gate claim
primary,n12_d25_s42,12,random_fixed_density,0.55,51,0.0341796875,10.0,0.0,0.5,1968.5,0.33701420989556585,0.1721948841322483,3,0.9292825895962306,20394.5,5841.0,6138.0,3937.0,Toffoli-weight scalarization sensitivity; raw logical counts/depth unchanged; not a native-gate claim
primary,n12_d25_s42,12,random_fixed_density,0.55,51,0.0341796875,10.0,0.0001,0.0,0.0,0.0,0.19723841645872597,0,0.03417626970214274,12.0,5841.0,6138.0,3937.0,Toffoli-weight scalarization sensitivity; raw logical counts/depth unchanged; not a native-gate claim
primary,n12_d25_s42,12,random_fixed_density,0.55,51,0.0341796875,10.0,0.0001,0.1,393.70000000000005,0.06740284197911317,0.19723841645872597,0,0.03417626970214274,405.70000000000005,5841.0,6138.0,3937.0,Toffoli-weight scalarization sensitivity; raw logical counts/depth unchanged; not a native-gate claim
primary,n12_d25_s42,12,random_fixed_density,0.55,51,0.0341796875,10.0,0.0001,0.25,984.25,0.16850710494778293,0.19723841645872597,2,0.5662411747256404,13272.25,5841.0,6138.0,3937.0,Toffoli-weight scalarization sensitivity; raw logical counts/depth unchanged; not a native-gate claim
primary,n12_d25_s42,12,random_fixed_density,0.55,51,0.0341796875,10.0,0.0001,0.5,1968.5,0.33701420989556585,0.19723841645872597,2,0.5662411747256404,14256.5,5841.0,6138.0,3937.0,Toffoli-weight scalarization sensitivity; raw logical counts/depth unchanged; not a native-gate claim
primary,n12_d50_s17,12,random_fixed_density,0.25,100,0.10009765625,1.0,0.0,0.0,0.0,0.0,0.06926183455129513,0,0.10009765625,12.0,3529.0,3646.0,8969.0,Toffoli-weight scalarization sensitivity; raw logical counts/depth unchanged; not a native-gate claim
primary,n12_d50_s17,12,random_fixed_density,0.25,100,0.10009765625,1.0,0.0,0.1,896.9000000000001,0.2541513176537263,0.06926183455129513,1,0.6764568481594325,4554.9,3529.0,3646.0,8969.0,Toffoli-weight scalarization sensitivity; raw logical counts/depth unchanged; not a native-gate claim
primary,n12_d50_s17,12,random_fixed_density,0.25,100,0.10009765625,1.0,0.0,0.25,2242.25,0.6353782941343157,0.06926183455129513,1,0.6764568481594325,5900.25,3529.0,3646.0,8969.0,Toffoli-weight scalarization sensitivity; raw logical counts/depth unchanged; not a native-gate claim
primary,n12_d50_s17,12,random_fixed_density,0.25,100,0.10009765625,1.0,0.0,0.5,4484.5,1.2707565882686314,0.06926183455129513,2,0.9984976345842611,11788.5,3529.0,3646.0,8969.0,Toffoli-weight scalarization sensitivity; raw logical counts/depth unchanged; not a native-gate claim
primary,n12_d50_s17,12,random_fixed_density,0.25,100,0.10009765625,1.0,0.0001,0.0,0.0,0.0,0.0818266196005347,0,0.1000876469848466,12.0,3529.0,3646.0,8969.0,Toffoli-weight scalarization sensitivity; raw logical counts/depth unchanged; not a native-gate claim
primary,n12_d50_s17,12,random_fixed_density,0.25,100,0.10009765625,1.0,0.0001,0.1,896.9000000000001,0.2541513176537263,0.0818266196005347,1,0.5893196044681148,4554.9,3529.0,3646.0,8969.0,Toffoli-weight scalarization sensitivity; raw logical counts/depth unchanged; not a native-gate claim
primary,n12_d50_s17,12,random_fixed_density,0.25,100,0.10009765625,1.0,0.0001,0.25,2242.25,0.6353782941343157,0.0818266196005347,1,0.5893196044681148,5900.25,3529.0,3646.0,8969.0,Toffoli-weight scalarization sensitivity; raw logical counts/depth unchanged; not a native-gate claim
primary,n12_d50_s17,12,random_fixed_density,0.25,100,0.10009765625,1.0,0.0001,0.5,4484.5,1.2707565882686314,0.0818266196005347,1,0.5893196044681148,8142.5,3529.0,3646.0,8969.0,Toffoli-weight scalarization sensitivity; raw logical counts/depth unchanged; not a native-gate claim
primary,n12_d50_s17,12,random_fixed_density,0.25,100,0.10009765625,4.0,0.0,0.0,0.0,0.0,0.13362652368737532,0,0.10009765625,12.0,6793.0,6970.0,8969.0,Toffoli-weight scalarization sensitivity; raw logical counts/depth unchanged; not a native-gate claim
primary,n12_d50_s17,12,random_fixed_density,0.25,100,0.10009765625,4.0,0.0,0.1,896.9000000000001,0.13203297512144857,0.13362652368737532,0,0.10009765625,908.9000000000001,6793.0,6970.0,8969.0,Toffoli-weight scalarization sensitivity; raw logical counts/depth unchanged; not a native-gate claim
primary,n12_d50_s17,12,random_fixed_density,0.25,100,0.10009765625,4.0,0.0,0.25,2242.25,0.3300824378036214,0.13362652368737532,1,0.6764568481594325,9224.25,6793.0,6970.0,8969.0,Toffoli-weight scalarization sensitivity; raw logical counts/depth unchanged; not a native-gate claim
primary,n12_d50_s17,12,random_fixed_density,0.25,100,0.10009765625,4.0,0.0,0.5,4484.5,0.6601648756072428,0.13362652368737532,1,0.6764568481594325,11466.5,6793.0,6970.0,8969.0,Toffoli-weight scalarization sensitivity; raw logical counts/depth unchanged; not a native-gate claim
primary,n12_d50_s17,12,random_fixed_density,0.25,100,0.10009765625,4.0,0.0001,0.0,0.0,0.0,0.1576464226981268,0,0.1000876469848466,12.0,6793.0,6970.0,8969.0,Toffoli-weight scalarization sensitivity; raw logical counts/depth unchanged; not a native-gate claim
primary,n12_d50_s17,12,random_fixed_density,0.25,100,0.10009765625,4.0,0.0001,0.1,896.9000000000001,0.13203297512144857,0.1576464226981268,0,0.1000876469848466,908.9000000000001,6793.0,6970.0,8969.0,Toffoli-weight scalarization sensitivity; raw logical counts/depth unchanged; not a native-gate claim
primary,n12_d50_s17,12,random_fixed_density,0.25,100,0.10009765625,4.0,0.0001,0.25,2242.25,0.3300824378036214,0.1576464226981268,1,0.5893196044681148,9224.25,6793.0,6970.0,8969.0,Toffoli-weight scalarization sensitivity; raw logical counts/depth unchanged; not a native-gate claim
primary,n12_d50_s17,12,random_fixed_density,0.25,100,0.10009765625,4.0,0.0001,0.5,4484.5,0.6601648756072428,0.1576464226981268,1,0.5893196044681148,11466.5,6793.0,6970.0,8969.0,Toffoli-weight scalarization sensitivity; raw logical counts/depth unchanged; not a native-gate claim
primary,n12_d50_s17,12,random_fixed_density,0.25,100,0.10009765625,6.0,0.0,0.0,0.0,0.0,0.17653631644476214,0,0.10009765625,12.0,8969.0,9186.0,8969.0,Toffoli-weight scalarization sensitivity; raw logical counts/depth unchanged; not a native-gate claim
primary,n12_d50_s17,12,random_fixed_density,0.25,100,0.10009765625,6.0,0.0,0.1,896.9000000000001,0.1,0.17653631644476214,0,0.10009765625,908.9000000000001,8969.0,9186.0,8969.0,Toffoli-weight scalarization sensitivity; raw logical counts/depth unchanged; not a native-gate claim
primary,n12_d50_s17,12,random_fixed_density,0.25,100,0.10009765625,6.0,0.0,0.25,2242.25,0.25,0.17653631644476214,1,0.6764568481594325,11440.25,8969.0,9186.0,8969.0,Toffoli-weight scalarization sensitivity; raw logical counts/depth unchanged; not a native-gate claim
primary,n12_d50_s17,12,random_fixed_density,0.25,100,0.10009765625,6.0,0.0,0.5,4484.5,0.5,0.17653631644476214,1,0.6764568481594325,13682.5,8969.0,9186.0,8969.0,Toffoli-weight scalarization sensitivity; raw logical counts/depth unchanged; not a native-gate claim
primary,n12_d50_s17,12,random_fixed_density,0.25,100,0.10009765625,6.0,0.0001,0.0,0.0,0.0,0.2081929580965215,0,0.1000876469848466,12.0,8969.0,9186.0,8969.0,Toffoli-weight scalarization sensitivity; raw logical counts/depth unchanged; not a native-gate claim
primary,n12_d50_s17,12,random_fixed_density,0.25,100,0.10009765625,6.0,0.0001,0.1,896.9000000000001,0.1,0.2081929580965215,0,0.1000876469848466,908.9000000000001,8969.0,9186.0,8969.0,Toffoli-weight scalarization sensitivity; raw logical counts/depth unchanged; not a native-gate claim
primary,n12_d50_s17,12,random_fixed_density,0.25,100,0.10009765625,6.0,0.0001,0.25,2242.25,0.25,0.2081929580965215,1,0.5893196044681148,11440.25,8969.0,9186.0,8969.0,Toffoli-weight scalarization sensitivity; raw logical counts/depth unchanged; not a native-gate claim
primary,n12_d50_s17,12,random_fixed_density,0.25,100,0.10009765625,6.0,0.0001,0.5,4484.5,0.5,0.2081929580965215,1,0.5893196044681148,13682.5,8969.0,9186.0,8969.0,Toffoli-weight scalarization sensitivity; raw logical counts/depth unchanged; not a native-gate claim
primary,n12_d50_s17,12,random_fixed_density,0.25,100,0.10009765625,10.0,0.0,0.0,0.0,0.0,0.26235590195953573,0,0.10009765625,12.0,13321.0,13618.0,8969.0,Toffoli-weight scalarization sensitivity; raw logical counts/depth unchanged; not a native-gate claim
primary,n12_d50_s17,12,random_fixed_density,0.25,100,0.10009765625,10.0,0.0,0.1,896.9000000000001,0.06732978004654305,0.26235590195953573,0,0.10009765625,908.9000000000001,13321.0,13618.0,8969.0,Toffoli-weight scalarization sensitivity; raw logical counts/depth unchanged; not a native-gate claim
primary,n12_d50_s17,12,random_fixed_density,0.25,100,0.10009765625,10.0,0.0,0.25,2242.25,0.16832445011635763,0.26235590195953573,0,0.10009765625,2254.25,13321.0,13618.0,8969.0,Toffoli-weight scalarization sensitivity; raw logical counts/depth unchanged; not a native-gate claim
primary,n12_d50_s17,12,random_fixed_density,0.25,100,0.10009765625,10.0,0.0,0.5,4484.5,0.33664890023271526,0.26235590195953573,1,0.6764568481594325,18114.5,13321.0,13618.0,8969.0,Toffoli-weight scalarization sensitivity; raw logical counts/depth unchanged; not a native-gate claim
primary,n12_d50_s17,12,random_fixed_density,0.25,100,0.10009765625,10.0,0.0001,0.0,0.0,0.0,0.30928602889331097,0,0.1000876469848466,12.0,13321.0,13618.0,8969.0,Toffoli-weight scalarization sensitivity; raw logical counts/depth unchanged; not a native-gate claim
primary,n12_d50_s17,12,random_fixed_density,0.25,100,0.10009765625,10.0,0.0001,0.1,896.9000000000001,0.06732978004654305,0.30928602889331097,0,0.1000876469848466,908.9000000000001,13321.0,13618.0,8969.0,Toffoli-weight scalarization sensitivity; raw logical counts/depth unchanged; not a native-gate claim
primary,n12_d50_s17,12,random_fixed_density,0.25,100,0.10009765625,10.0,0.0001,0.25,2242.25,0.16832445011635763,0.30928602889331097,0,0.1000876469848466,2254.25,13321.0,13618.0,8969.0,Toffoli-weight scalarization sensitivity; raw logical counts/depth unchanged; not a native-gate claim
primary,n12_d50_s17,12,random_fixed_density,0.25,100,0.10009765625,10.0,0.0001,0.5,4484.5,0.33664890023271526,0.30928602889331097,1,0.5893196044681148,18114.5,13321.0,13618.0,8969.0,Toffoli-weight scalarization sensitivity; raw logical counts/depth unchanged; not a native-gate claim
primary,n12_d50_s17,12,random_fixed_density,0.4,112,0.0107421875,1.0,0.0,0.0,0.0,0.0,0.025403338909304688,0,0.0107421875,12.0,3529.0,3646.0,8969.0,Toffoli-weight scalarization sensitivity; raw logical counts/depth unchanged; not a native-gate claim
primary,n12_d50_s17,12,random_fixed_density,0.4,112,0.0107421875,1.0,0.0,0.1,896.9000000000001,0.2541513176537263,0.025403338909304688,5,0.8272365119547662,19138.9,3529.0,3646.0,8969.0,Toffoli-weight scalarization sensitivity; raw logical counts/depth unchanged; not a native-gate claim
primary,n12_d50_s17,12,random_fixed_density,0.4,112,0.0107421875,1.0,0.0,0.25,2242.25,0.6353782941343157,0.025403338909304688,5,0.8272365119547662,20484.25,3529.0,3646.0,8969.0,Toffoli-weight scalarization sensitivity; raw logical counts/depth unchanged; not a native-gate claim
primary,n12_d50_s17,12,random_fixed_density,0.4,112,0.0107421875,1.0,0.0,0.5,4484.5,1.2707565882686314,0.025403338909304688,5,0.8272365119547662,22726.5,3529.0,3646.0,8969.0,Toffoli-weight scalarization sensitivity; raw logical counts/depth unchanged; not a native-gate claim
primary,n12_d50_s17,12,random_fixed_density,0.4,112,0.0107421875,1.0,0.0001,0.0,0.0,0.0,0.04523324455009483,0,0.010741113334959147,12.0,3529.0,3646.0,8969.0,Toffoli-weight scalarization sensitivity; raw logical counts/depth unchanged; not a native-gate claim
primary,n12_d50_s17,12,random_fixed_density,0.4,112,0.0107421875,1.0,0.0001,0.1,896.9000000000001,0.2541513176537263,0.04523324455009483,3,0.29201271928835826,11846.9,3529.0,3646.0,8969.0,Toffoli-weight scalarization sensitivity; raw logical counts/depth unchanged; not a native-gate claim
primary,n12_d50_s17,12,random_fixed_density,0.4,112,0.0107421875,1.0,0.0001,0.25,2242.25,0.6353782941343157,0.04523324455009483,4,0.3727333761731782,16838.25,3529.0,3646.0,8969.0,Toffoli-weight scalarization sensitivity; raw logical counts/depth unchanged; not a native-gate claim
primary,n12_d50_s17,12,random_fixed_density,0.4,112,0.0107421875,1.0,0.0001,0.5,4484.5,1.2707565882686314,0.04523324455009483,4,0.3727333761731782,19080.5,3529.0,3646.0,8969.0,Toffoli-weight scalarization sensitivity; raw logical counts/depth unchanged; not a native-gate claim
primary,n12_d50_s17,12,random_fixed_density,0.4,112,0.0107421875,4.0,0.0,0.0,0.0,0.0,0.049782937668540084,0,0.0107421875,12.0,6793.0,6970.0,8969.0,Toffoli-weight scalarization sensitivity; raw logical counts/depth unchanged; not a native-gate claim
primary,n12_d50_s17,12,random_fixed_density,0.4,112,0.0107421875,4.0,0.0,0.1,896.9000000000001,0.13203297512144857,0.049782937668540084,5,0.8272365119547662,35758.9,6793.0,6970.0,8969.0,Toffoli-weight scalarization sensitivity; raw logical counts/depth unchanged; not a native-gate claim
primary,n12_d50_s17,12,random_fixed_density,0.4,112,0.0107421875,4.0,0.0,0.25,2242.25,0.3300824378036214,0.049782937668540084,5,0.8272365119547662,37104.25,6793.0,6970.0,8969.0,Toffoli-weight scalarization sensitivity; raw logical counts/depth unchanged; not a native-gate claim
primary,n12_d50_s17,12,random_fixed_density,0.4,112,0.0107421875,4.0,0.0,0.5,4484.5,0.6601648756072428,0.049782937668540084,5,0.8272365119547662,39346.5,6793.0,6970.0,8969.0,Toffoli-weight scalarization sensitivity; raw logical counts/depth unchanged; not a native-gate claim
primary,n12_d50_s17,12,random_fixed_density,0.4,112,0.0107421875,4.0,0.0001,0.0,0.0,0.0,0.08769145174322666,0,0.010741113334959147,12.0,6793.0,6970.0,8969.0,Toffoli-weight scalarization sensitivity; raw logical counts/depth unchanged; not a native-gate claim
primary,n12_d50_s17,12,random_fixed_density,0.4,112,0.0107421875,4.0,0.0001,0.1,896.9000000000001,0.13203297512144857,0.08769145174322666,3,0.29201271928835826,21818.9,6793.0,6970.0,8969.0,Toffoli-weight scalarization sensitivity; raw logical counts/depth unchanged; not a native-gate claim
primary,n12_d50_s17,12,random_fixed_density,0.4,112,0.0107421875,4.0,0.0001,0.25,2242.25,0.3300824378036214,0.08769145174322666,3,0.29201271928835826,23164.25,6793.0,6970.0,8969.0,Toffoli-weight scalarization sensitivity; raw logical counts/depth unchanged; not a native-gate claim
primary,n12_d50_s17,12,random_fixed_density,0.4,112,0.0107421875,4.0,0.0001,0.5,4484.5,0.6601648756072428,0.08769145174322666,4,0.3727333761731782,32376.5,6793.0,6970.0,8969.0,Toffoli-weight scalarization sensitivity; raw logical counts/depth unchanged; not a native-gate claim
primary,n12_d50_s17,12,random_fixed_density,0.4,112,0.0107421875,6.0,0.0,0.0,0.0,0.0,0.06603600350803034,0,0.0107421875,12.0,8969.0,9186.0,8969.0,Toffoli-weight scalarization sensitivity; raw logical counts/depth unchanged; not a native-gate claim
primary,n12_d50_s17,12,random_fixed_density,0.4,112,0.0107421875,6.0,0.0,0.1,896.9000000000001,0.1,0.06603600350803034,5,0.8272365119547662,46838.9,8969.0,9186.0,8969.0,Toffoli-weight scalarization sensitivity; raw logical counts/depth unchanged; not a native-gate claim
primary,n12_d50_s17,12,random_fixed_density,0.4,112,0.0107421875,6.0,0.0,0.25,2242.25,0.25,0.06603600350803034,5,0.8272365119547662,48184.25,8969.0,9186.0,8969.0,Toffoli-weight scalarization sensitivity; raw logical counts/depth unchanged; not a native-gate claim
primary,n12_d50_s17,12,random_fixed_density,0.4,112,0.0107421875,6.0,0.0,0.5,4484.5,0.5,0.06603600350803034,5,0.8272365119547662,50426.5,8969.0,9186.0,8969.0,Toffoli-weight scalarization sensitivity; raw logical counts/depth unchanged; not a native-gate claim
primary,n12_d50_s17,12,random_fixed_density,0.4,112,0.0107421875,6.0,0.0001,0.0,0.0,0.0,0.11599692320531453,0,0.010741113334959147,12.0,8969.0,9186.0,8969.0,Toffoli-weight scalarization sensitivity; raw logical counts/depth unchanged; not a native-gate claim
primary,n12_d50_s17,12,random_fixed_density,0.4,112,0.0107421875,6.0,0.0001,0.1,896.9000000000001,0.1,0.11599692320531453,0,0.010741113334959147,908.9000000000001,8969.0,9186.0,8969.0,Toffoli-weight scalarization sensitivity; raw logical counts/depth unchanged; not a native-gate claim
primary,n12_d50_s17,12,random_fixed_density,0.4,112,0.0107421875,6.0,0.0001,0.25,2242.25,0.25,0.11599692320531453,3,0.29201271928835826,29812.25,8969.0,9186.0,8969.0,Toffoli-weight scalarization sensitivity; raw logical counts/depth unchanged; not a native-gate claim
primary,n12_d50_s17,12,random_fixed_density,0.4,112,0.0107421875,6.0,0.0001,0.5,4484.5,0.5,0.11599692320531453,3,0.29201271928835826,32054.5,8969.0,9186.0,8969.0,Toffoli-weight scalarization sensitivity; raw logical counts/depth unchanged; not a native-gate claim
primary,n12_d50_s17,12,random_fixed_density,0.4,112,0.0107421875,10.0,0.0,0.0,0.0,0.0,0.09854213518701088,0,0.0107421875,12.0,13321.0,13618.0,8969.0,Toffoli-weight scalarization sensitivity; raw logical counts/depth unchanged; not a native-gate claim
primary,n12_d50_s17,12,random_fixed_density,0.4,112,0.0107421875,10.0,0.0,0.1,896.9000000000001,0.06732978004654305,0.09854213518701088,5,0.8272365119547662,68998.9,13321.0,13618.0,8969.0,Toffoli-weight scalarization sensitivity; raw logical counts/depth unchanged; not a native-gate claim
primary,n12_d50_s17,12,random_fixed_density,0.4,112,0.0107421875,10.0,0.0,0.25,2242.25,0.16832445011635763,0.09854213518701088,5,0.8272365119547662,70344.25,13321.0,13618.0,8969.0,Toffoli-weight scalarization sensitivity; raw logical counts/depth unchanged; not a native-gate claim
primary,n12_d50_s17,12,random_fixed_density,0.4,112,0.0107421875,10.0,0.0,0.5,4484.5,0.33664890023271526,0.09854213518701088,5,0.8272365119547662,72586.5,13321.0,13618.0,8969.0,Toffoli-weight scalarization sensitivity; raw logical counts/depth unchanged; not a native-gate claim
primary,n12_d50_s17,12,random_fixed_density,0.4,112,0.0107421875,10.0,0.0001,0.0,0.0,0.0,0.1726078661294903,0,0.010741113334959147,12.0,13321.0,13618.0,8969.0,Toffoli-weight scalarization sensitivity; raw logical counts/depth unchanged; not a native-gate claim
primary,n12_d50_s17,12,random_fixed_density,0.4,112,0.0107421875,10.0,0.0001,0.1,896.9000000000001,0.06732978004654305,0.1726078661294903,0,0.010741113334959147,908.9000000000001,13321.0,13618.0,8969.0,Toffoli-weight scalarization sensitivity; raw logical counts/depth unchanged; not a native-gate claim
primary,n12_d50_s17,12,random_fixed_density,0.4,112,0.0107421875,10.0,0.0001,0.25,2242.25,0.16832445011635763,0.1726078661294903,3,0.29201271928835826,43108.25,13321.0,13618.0,8969.0,Toffoli-weight scalarization sensitivity; raw logical counts/depth unchanged; not a native-gate claim
primary,n12_d50_s17,12,random_fixed_density,0.4,112,0.0107421875,10.0,0.0001,0.5,4484.5,0.33664890023271526,0.1726078661294903,3,0.29201271928835826,45350.5,13321.0,13618.0,8969.0,Toffoli-weight scalarization sensitivity; raw logical counts/depth unchanged; not a native-gate claim
primary,n12_d50_s42,12,random_fixed_density,0.25,98,0.0859375,1.0,0.0,0.0,0.0,0.0,0.06579116453169005,0,0.0859375,12.0,3529.0,3646.0,8969.0,Toffoli-weight scalarization sensitivity; raw logical counts/depth unchanged; not a native-gate claim
primary,n12_d50_s42,12,random_fixed_density,0.25,98,0.0859375,1.0,0.0,0.1,896.9000000000001,0.2541513176537263,0.06579116453169005,1,0.6063461303710939,4554.9,3529.0,3646.0,8969.0,Toffoli-weight scalarization sensitivity; raw logical counts/depth unchanged; not a native-gate claim
primary,n12_d50_s42,12,random_fixed_density,0.25,98,0.0859375,1.0,0.0,0.25,2242.25,0.6353782941343157,0.06579116453169005,2,0.9930951222777366,9546.25,3529.0,3646.0,8969.0,Toffoli-weight scalarization sensitivity; raw logical counts/depth unchanged; not a native-gate claim
primary,n12_d50_s42,12,random_fixed_density,0.25,98,0.0859375,1.0,0.0,0.5,4484.5,1.2707565882686314,0.06579116453169005,2,0.9930951222777366,11788.5,3529.0,3646.0,8969.0,Toffoli-weight scalarization sensitivity; raw logical counts/depth unchanged; not a native-gate claim
primary,n12_d50_s42,12,random_fixed_density,0.25,98,0.0859375,1.0,0.0001,0.0,0.0,0.0,0.07763602537573,0,0.08592890667967318,12.0,3529.0,3646.0,8969.0,Toffoli-weight scalarization sensitivity; raw logical counts/depth unchanged; not a native-gate claim
primary,n12_d50_s42,12,random_fixed_density,0.25,98,0.0859375,1.0,0.0001,0.1,896.9000000000001,0.2541513176537263,0.07763602537573,1,0.5282401422845029,4554.9,3529.0,3646.0,8969.0,Toffoli-weight scalarization sensitivity; raw logical counts/depth unchanged; not a native-gate claim
primary,n12_d50_s42,12,random_fixed_density,0.25,98,0.0859375,1.0,0.0001,0.25,2242.25,0.6353782941343157,0.07763602537573,1,0.5282401422845029,5900.25,3529.0,3646.0,8969.0,Toffoli-weight scalarization sensitivity; raw logical counts/depth unchanged; not a native-gate claim
primary,n12_d50_s42,12,random_fixed_density,0.25,98,0.0859375,1.0,0.0001,0.5,4484.5,1.2707565882686314,0.07763602537573,1,0.5282401422845029,8142.5,3529.0,3646.0,8969.0,Toffoli-weight scalarization sensitivity; raw logical counts/depth unchanged; not a native-gate claim
primary,n12_d50_s42,12,random_fixed_density,0.25,98,0.0859375,4.0,0.0,0.0,0.0,0.0,0.12699169921215664,0,0.0859375,12.0,6793.0,6970.0,8969.0,Toffoli-weight scalarization sensitivity; raw logical counts/depth unchanged; not a native-gate claim
primary,n12_d50_s42,12,random_fixed_density,0.25,98,0.0859375,4.0,0.0,0.1,896.9000000000001,0.13203297512144857,0.12699169921215664,0,0.0859375,908.9000000000001,6793.0,6970.0,8969.0,Toffoli-weight scalarization sensitivity; raw logical counts/depth unchanged; not a native-gate claim
primary,n12_d50_s42,12,random_fixed_density,0.25,98,0.0859375,4.0,0.0,0.25,2242.25,0.3300824378036214,0.12699169921215664,1,0.6063461303710939,9224.25,6793.0,6970.0,8969.0,Toffoli-weight scalarization sensitivity; raw logical counts/depth unchanged; not a native-gate claim
primary,n12_d50_s42,12,random_fixed_density,0.25,98,0.0859375,4.0,0.0,0.5,4484.5,0.6601648756072428,0.12699169921215664,2,0.9930951222777366,18436.5,6793.0,6970.0,8969.0,Toffoli-weight scalarization sensitivity; raw logical counts/depth unchanged; not a native-gate claim
primary,n12_d50_s42,12,random_fixed_density,0.25,98,0.0859375,4.0,0.0001,0.0,0.0,0.0,0.14963533061176124,0,0.08592890667967318,12.0,6793.0,6970.0,8969.0,Toffoli-weight scalarization sensitivity; raw logical counts/depth unchanged; not a native-gate claim
primary,n12_d50_s42,12,random_fixed_density,0.25,98,0.0859375,4.0,0.0001,0.1,896.9000000000001,0.13203297512144857,0.14963533061176124,0,0.08592890667967318,908.9000000000001,6793.0,6970.0,8969.0,Toffoli-weight scalarization sensitivity; raw logical counts/depth unchanged; not a native-gate claim
primary,n12_d50_s42,12,random_fixed_density,0.25,98,0.0859375,4.0,0.0001,0.25,2242.25,0.3300824378036214,0.14963533061176124,1,0.5282401422845029,9224.25,6793.0,6970.0,8969.0,Toffoli-weight scalarization sensitivity; raw logical counts/depth unchanged; not a native-gate claim
primary,n12_d50_s42,12,random_fixed_density,0.25,98,0.0859375,4.0,0.0001,0.5,4484.5,0.6601648756072428,0.14963533061176124,1,0.5282401422845029,11466.5,6793.0,6970.0,8969.0,Toffoli-weight scalarization sensitivity; raw logical counts/depth unchanged; not a native-gate claim
primary,n12_d50_s42,12,random_fixed_density,0.25,98,0.0859375,6.0,0.0,0.0,0.0,0.0,0.16779205566580105,0,0.0859375,12.0,8969.0,9186.0,8969.0,Toffoli-weight scalarization sensitivity; raw logical counts/depth unchanged; not a native-gate claim
primary,n12_d50_s42,12,random_fixed_density,0.25,98,0.0859375,6.0,0.0,0.1,896.9000000000001,0.1,0.16779205566580105,0,0.0859375,908.9000000000001,8969.0,9186.0,8969.0,Toffoli-weight scalarization sensitivity; raw logical counts/depth unchanged; not a native-gate claim
primary,n12_d50_s42,12,random_fixed_density,0.25,98,0.0859375,6.0,0.0,0.25,2242.25,0.25,0.16779205566580105,1,0.6063461303710939,11440.25,8969.0,9186.0,8969.0,Toffoli-weight scalarization sensitivity; raw logical counts/depth unchanged; not a native-gate claim
primary,n12_d50_s42,12,random_fixed_density,0.25,98,0.0859375,6.0,0.0,0.5,4484.5,0.5,0.16779205566580105,1,0.6063461303710939,13682.5,8969.0,9186.0,8969.0,Toffoli-weight scalarization sensitivity; raw logical counts/depth unchanged; not a native-gate claim
primary,n12_d50_s42,12,random_fixed_density,0.25,98,0.0859375,6.0,0.0001,0.0,0.0,0.0,0.1976348674357821,0,0.08592890667967318,12.0,8969.0,9186.0,8969.0,Toffoli-weight scalarization sensitivity; raw logical counts/depth unchanged; not a native-gate claim
primary,n12_d50_s42,12,random_fixed_density,0.25,98,0.0859375,6.0,0.0001,0.1,896.9000000000001,0.1,0.1976348674357821,0,0.08592890667967318,908.9000000000001,8969.0,9186.0,8969.0,Toffoli-weight scalarization sensitivity; raw logical counts/depth unchanged; not a native-gate claim
primary,n12_d50_s42,12,random_fixed_density,0.25,98,0.0859375,6.0,0.0001,0.25,2242.25,0.25,0.1976348674357821,1,0.5282401422845029,11440.25,8969.0,9186.0,8969.0,Toffoli-weight scalarization sensitivity; raw logical counts/depth unchanged; not a native-gate claim
primary,n12_d50_s42,12,random_fixed_density,0.25,98,0.0859375,6.0,0.0001,0.5,4484.5,0.5,0.1976348674357821,1,0.5282401422845029,13682.5,8969.0,9186.0,8969.0,Toffoli-weight scalarization sensitivity; raw logical counts/depth unchanged; not a native-gate claim
primary,n12_d50_s42,12,random_fixed_density,0.25,98,0.0859375,10.0,0.0,0.0,0.0,0.0,0.2493927685730898,0,0.0859375,12.0,13321.0,13618.0,8969.0,Toffoli-weight scalarization sensitivity; raw logical counts/depth unchanged; not a native-gate claim
primary,n12_d50_s42,12,random_fixed_density,0.25,98,0.0859375,10.0,0.0,0.1,896.9000000000001,0.06732978004654305,0.2493927685730898,0,0.0859375,908.9000000000001,13321.0,13618.0,8969.0,Toffoli-weight scalarization sensitivity; raw logical counts/depth unchanged; not a native-gate claim
primary,n12_d50_s42,12,random_fixed_density,0.25,98,0.0859375,10.0,0.0,0.25,2242.25,0.16832445011635763,0.2493927685730898,1,0.6063461303710939,15872.25,13321.0,13618.0,8969.0,Toffoli-weight scalarization sensitivity; raw logical counts/depth unchanged; not a native-gate claim
primary,n12_d50_s42,12,random_fixed_density,0.25,98,0.0859375,10.0,0.0,0.5,4484.5,0.33664890023271526,0.2493927685730898,1,0.6063461303710939,18114.5,13321.0,13618.0,8969.0,Toffoli-weight scalarization sensitivity; raw logical counts/depth unchanged; not a native-gate claim
primary,n12_d50_s42,12,random_fixed_density,0.25,98,0.0859375,10.0,0.0001,0.0,0.0,0.0,0.2936339410838238,0,0.08592890667967318,12.0,13321.0,13618.0,8969.0,Toffoli-weight scalarization sensitivity; raw logical counts/depth unchanged; not a native-gate claim
primary,n12_d50_s42,12,random_fixed_density,0.25,98,0.0859375,10.0,0.0001,0.1,896.9000000000001,0.06732978004654305,0.2936339410838238,0,0.08592890667967318,908.9000000000001,13321.0,13618.0,8969.0,Toffoli-weight scalarization sensitivity; raw logical counts/depth unchanged; not a native-gate claim
primary,n12_d50_s42,12,random_fixed_density,0.25,98,0.0859375,10.0,0.0001,0.25,2242.25,0.16832445011635763,0.2936339410838238,0,0.08592890667967318,2254.25,13321.0,13618.0,8969.0,Toffoli-weight scalarization sensitivity; raw logical counts/depth unchanged; not a native-gate claim
primary,n12_d50_s42,12,random_fixed_density,0.25,98,0.0859375,10.0,0.0001,0.5,4484.5,0.33664890023271526,0.2936339410838238,1,0.5282401422845029,18114.5,13321.0,13618.0,8969.0,Toffoli-weight scalarization sensitivity; raw logical counts/depth unchanged; not a native-gate claim
primary,n12_d50_s42,12,random_fixed_density,0.4,110,0.015625,1.0,0.0,0.0,0.0,0.0,0.030390928914392153,0,0.015625,12.0,3529.0,3646.0,8969.0,Toffoli-weight scalarization sensitivity; raw logical counts/depth unchanged; not a native-gate claim
primary,n12_d50_s42,12,random_fixed_density,0.4,110,0.015625,1.0,0.0,0.1,896.9000000000001,0.2541513176537263,0.030390928914392153,4,0.8163770193968958,15492.9,3529.0,3646.0,8969.0,Toffoli-weight scalarization sensitivity; raw logical counts/depth unchanged; not a native-gate claim
primary,n12_d50_s42,12,random_fixed_density,0.4,110,0.015625,1.0,0.0,0.25,2242.25,0.6353782941343157,0.030390928914392153,4,0.8163770193968958,16838.25,3529.0,3646.0,8969.0,Toffoli-weight scalarization sensitivity; raw logical counts/depth unchanged; not a native-gate claim
primary,n12_d50_s42,12,random_fixed_density,0.4,110,0.015625,1.0,0.0,0.5,4484.5,1.2707565882686314,0.030390928914392153,4,0.8163770193968958,19080.5,3529.0,3646.0,8969.0,Toffoli-weight scalarization sensitivity; raw logical counts/depth unchanged; not a native-gate claim
primary,n12_d50_s42,12,random_fixed_density,0.4,110,0.015625,1.0,0.0001,0.0,0.0,0.0,0.04940662813070645,0,0.015623437578122396,12.0,3529.0,3646.0,8969.0,Toffoli-weight scalarization sensitivity; raw logical counts/depth unchanged; not a native-gate claim
primary,n12_d50_s42,12,random_fixed_density,0.4,110,0.015625,1.0,0.0001,0.1,896.9000000000001,0.2541513176537263,0.04940662813070645,3,0.3910983420395771,11846.9,3529.0,3646.0,8969.0,Toffoli-weight scalarization sensitivity; raw logical counts/depth unchanged; not a native-gate claim
primary,n12_d50_s42,12,random_fixed_density,0.4,110,0.015625,1.0,0.0001,0.25,2242.25,0.6353782941343157,0.04940662813070645,3,0.3910983420395771,13192.25,3529.0,3646.0,8969.0,Toffoli-weight scalarization sensitivity; raw logical counts/depth unchanged; not a native-gate claim
primary,n12_d50_s42,12,random_fixed_density,0.4,110,0.015625,1.0,0.0001,0.5,4484.5,1.2707565882686314,0.04940662813070645,3,0.3910983420395771,15434.5,3529.0,3646.0,8969.0,Toffoli-weight scalarization sensitivity; raw logical counts/depth unchanged; not a native-gate claim
primary,n12_d50_s42,12,random_fixed_density,0.4,110,0.015625,4.0,0.0,0.0,0.0,0.0,0.059317633865868545,0,0.015625,12.0,6793.0,6970.0,8969.0,Toffoli-weight scalarization sensitivity; raw logical counts/depth unchanged; not a native-gate claim
primary,n12_d50_s42,12,random_fixed_density,0.4,110,0.015625,4.0,0.0,0.1,896.9000000000001,0.13203297512144857,0.059317633865868545,4,0.8163770193968958,28788.9,6793.0,6970.0,8969.0,Toffoli-weight scalarization sensitivity; raw logical counts/depth unchanged; not a native-gate claim
primary,n12_d50_s42,12,random_fixed_density,0.4,110,0.015625,4.0,0.0,0.25,2242.25,0.3300824378036214,0.059317633865868545,4,0.8163770193968958,30134.25,6793.0,6970.0,8969.0,Toffoli-weight scalarization sensitivity; raw logical counts/depth unchanged; not a native-gate claim
primary,n12_d50_s42,12,random_fixed_density,0.4,110,0.015625,4.0,0.0,0.5,4484.5,0.6601648756072428,0.059317633865868545,4,0.8163770193968958,32376.5,6793.0,6970.0,8969.0,Toffoli-weight scalarization sensitivity; raw logical counts/depth unchanged; not a native-gate claim
primary,n12_d50_s42,12,random_fixed_density,0.4,110,0.015625,4.0,0.0001,0.0,0.0,0.0,0.09566964251581662,0,0.015623437578122396,12.0,6793.0,6970.0,8969.0,Toffoli-weight scalarization sensitivity; raw logical counts/depth unchanged; not a native-gate claim
primary,n12_d50_s42,12,random_fixed_density,0.4,110,0.015625,4.0,0.0001,0.1,896.9000000000001,0.13203297512144857,0.09566964251581662,3,0.3910983420395771,21818.9,6793.0,6970.0,8969.0,Toffoli-weight scalarization sensitivity; raw logical counts/depth unchanged; not a native-gate claim
primary,n12_d50_s42,12,random_fixed_density,0.4,110,0.015625,4.0,0.0001,0.25,2242.25,0.3300824378036214,0.09566964251581662,3,0.3910983420395771,23164.25,6793.0,6970.0,8969.0,Toffoli-weight scalarization sensitivity; raw logical counts/depth unchanged; not a native-gate claim
primary,n12_d50_s42,12,random_fixed_density,0.4,110,0.015625,4.0,0.0001,0.5,4484.5,0.6601648756072428,0.09566964251581662,3,0.3910983420395771,25406.5,6793.0,6970.0,8969.0,Toffoli-weight scalarization sensitivity; raw logical counts/depth unchanged; not a native-gate claim
primary,n12_d50_s42,12,random_fixed_density,0.4,110,0.015625,6.0,0.0,0.0,0.0,0.0,0.07860210383351948,0,0.015625,12.0,8969.0,9186.0,8969.0,Toffoli-weight scalarization sensitivity; raw logical counts/depth unchanged; not a native-gate claim
primary,n12_d50_s42,12,random_fixed_density,0.4,110,0.015625,6.0,0.0,0.1,896.9000000000001,0.1,0.07860210383351948,4,0.8163770193968958,37652.9,8969.0,9186.0,8969.0,Toffoli-weight scalarization sensitivity; raw logical counts/depth unchanged; not a native-gate claim
primary,n12_d50_s42,12,random_fixed_density,0.4,110,0.015625,6.0,0.0,0.25,2242.25,0.25,0.07860210383351948,4,0.8163770193968958,38998.25,8969.0,9186.0,8969.0,Toffoli-weight scalarization sensitivity; raw logical counts/depth unchanged; not a native-gate claim
primary,n12_d50_s42,12,random_fixed_density,0.4,110,0.015625,6.0,0.0,0.5,4484.5,0.5,0.07860210383351948,4,0.8163770193968958,41240.5,8969.0,9186.0,8969.0,Toffoli-weight scalarization sensitivity; raw logical counts/depth unchanged; not a native-gate claim
primary,n12_d50_s42,12,random_fixed_density,0.4,110,0.015625,6.0,0.0001,0.0,0.0,0.0,0.12651165210589008,0,0.015623437578122396,12.0,8969.0,9186.0,8969.0,Toffoli-weight scalarization sensitivity; raw logical counts/depth unchanged; not a native-gate claim
primary,n12_d50_s42,12,random_fixed_density,0.4,110,0.015625,6.0,0.0001,0.1,896.9000000000001,0.1,0.12651165210589008,0,0.015623437578122396,908.9000000000001,8969.0,9186.0,8969.0,Toffoli-weight scalarization sensitivity; raw logical counts/depth unchanged; not a native-gate claim
primary,n12_d50_s42,12,random_fixed_density,0.4,110,0.015625,6.0,0.0001,0.25,2242.25,0.25,0.12651165210589008,3,0.3910983420395771,29812.25,8969.0,9186.0,8969.0,Toffoli-weight scalarization sensitivity; raw logical counts/depth unchanged; not a native-gate claim
primary,n12_d50_s42,12,random_fixed_density,0.4,110,0.015625,6.0,0.0001,0.5,4484.5,0.5,0.12651165210589008,3,0.3910983420395771,32054.5,8969.0,9186.0,8969.0,Toffoli-weight scalarization sensitivity; raw logical counts/depth unchanged; not a native-gate claim
primary,n12_d50_s42,12,random_fixed_density,0.4,110,0.015625,10.0,0.0,0.0,0.0,0.0,0.11717104376882134,0,0.015625,12.0,13321.0,13618.0,8969.0,Toffoli-weight scalarization sensitivity; raw logical counts/depth unchanged; not a native-gate claim
primary,n12_d50_s42,12,random_fixed_density,0.4,110,0.015625,10.0,0.0,0.1,896.9000000000001,0.06732978004654305,0.11717104376882134,0,0.015625,908.9000000000001,13321.0,13618.0,8969.0,Toffoli-weight scalarization sensitivity; raw logical counts/depth unchanged; not a native-gate claim
primary,n12_d50_s42,12,random_fixed_density,0.4,110,0.015625,10.0,0.0,0.25,2242.25,0.16832445011635763,0.11717104376882134,4,0.8163770193968958,56726.25,13321.0,13618.0,8969.0,Toffoli-weight scalarization sensitivity; raw logical counts/depth unchanged; not a native-gate claim
primary,n12_d50_s42,12,random_fixed_density,0.4,110,0.015625,10.0,0.0,0.5,4484.5,0.33664890023271526,0.11717104376882134,4,0.8163770193968958,58968.5,13321.0,13618.0,8969.0,Toffoli-weight scalarization sensitivity; raw logical counts/depth unchanged; not a native-gate claim
primary,n12_d50_s42,12,random_fixed_density,0.4,110,0.015625,10.0,0.0001,0.0,0.0,0.0,0.18819567128603695,0,0.015623437578122396,12.0,13321.0,13618.0,8969.0,Toffoli-weight scalarization sensitivity; raw logical counts/depth unchanged; not a native-gate claim
primary,n12_d50_s42,12,random_fixed_density,0.4,110,0.015625,10.0,0.0001,0.1,896.9000000000001,0.06732978004654305,0.18819567128603695,0,0.015623437578122396,908.9000000000001,13321.0,13618.0,8969.0,Toffoli-weight scalarization sensitivity; raw logical counts/depth unchanged; not a native-gate claim
primary,n12_d50_s42,12,random_fixed_density,0.4,110,0.015625,10.0,0.0001,0.25,2242.25,0.16832445011635763,0.18819567128603695,3,0.3910983420395771,43108.25,13321.0,13618.0,8969.0,Toffoli-weight scalarization sensitivity; raw logical counts/depth unchanged; not a native-gate claim
primary,n12_d50_s42,12,random_fixed_density,0.4,110,0.015625,10.0,0.0001,0.5,4484.5,0.33664890023271526,0.18819567128603695,3,0.3910983420395771,45350.5,13321.0,13618.0,8969.0,Toffoli-weight scalarization sensitivity; raw logical counts/depth unchanged; not a native-gate claim
primary,n12_d50_s42,12,random_fixed_density,0.55,121,0.00244140625,1.0,0.0,0.0,0.0,0.0,0.011962242813608723,0,0.0024414062500000004,12.0,3529.0,3646.0,8969.0,Toffoli-weight scalarization sensitivity; raw logical counts/depth unchanged; not a native-gate claim
primary,n12_d50_s42,12,random_fixed_density,0.55,121,0.00244140625,1.0,0.0,0.1,896.9000000000001,0.2541513176537263,0.011962242813608723,11,0.823260987425016,41014.9,3529.0,3646.0,8969.0,Toffoli-weight scalarization sensitivity; raw logical counts/depth unchanged; not a native-gate claim
primary,n12_d50_s42,12,random_fixed_density,0.55,121,0.00244140625,1.0,0.0,0.25,2242.25,0.6353782941343157,0.011962242813608723,11,0.823260987425016,42360.25,3529.0,3646.0,8969.0,Toffoli-weight scalarization sensitivity; raw logical counts/depth unchanged; not a native-gate claim
primary,n12_d50_s42,12,random_fixed_density,0.55,121,0.00244140625,1.0,0.0,0.5,4484.5,1.2707565882686314,0.011962242813608723,12,0.8918931762569695,48248.5,3529.0,3646.0,8969.0,Toffoli-weight scalarization sensitivity; raw logical counts/depth unchanged; not a native-gate claim
primary,n12_d50_s42,12,random_fixed_density,0.55,121,0.00244140625,1.0,0.0001,0.0,0.0,0.0,0.03627395292478611,0,0.0024411621215816247,12.0,3529.0,3646.0,8969.0,Toffoli-weight scalarization sensitivity; raw logical counts/depth unchanged; not a native-gate claim
primary,n12_d50_s42,12,random_fixed_density,0.55,121,0.00244140625,1.0,0.0001,0.1,896.9000000000001,0.2541513176537263,0.03627395292478611,5,0.13436219876927963,19138.9,3529.0,3646.0,8969.0,Toffoli-weight scalarization sensitivity; raw logical counts/depth unchanged; not a native-gate claim
primary,n12_d50_s42,12,random_fixed_density,0.55,121,0.00244140625,1.0,0.0001,0.25,2242.25,0.6353782941343157,0.03627395292478611,5,0.13436219876927963,20484.25,3529.0,3646.0,8969.0,Toffoli-weight scalarization sensitivity; raw logical counts/depth unchanged; not a native-gate claim
primary,n12_d50_s42,12,random_fixed_density,0.55,121,0.00244140625,1.0,0.0001,0.5,4484.5,1.2707565882686314,0.03627395292478611,6,0.15708655526952225,26372.5,3529.0,3646.0,8969.0,Toffoli-weight scalarization sensitivity; raw logical counts/depth unchanged; not a native-gate claim
primary,n12_d50_s42,12,random_fixed_density,0.55,121,0.00244140625,4.0,0.0,0.0,0.0,0.0,0.024087808818567265,0,0.0024414062500000004,12.0,6793.0,6970.0,8969.0,Toffoli-weight scalarization sensitivity; raw logical counts/depth unchanged; not a native-gate claim
primary,n12_d50_s42,12,random_fixed_density,0.55,121,0.00244140625,4.0,0.0,0.1,896.9000000000001,0.13203297512144857,0.024087808818567265,11,0.823260987425016,77578.9,6793.0,6970.0,8969.0,Toffoli-weight scalarization sensitivity; raw logical counts/depth unchanged; not a native-gate claim
primary,n12_d50_s42,12,random_fixed_density,0.55,121,0.00244140625,4.0,0.0,0.25,2242.25,0.3300824378036214,0.024087808818567265,11,0.823260987425016,78924.25,6793.0,6970.0,8969.0,Toffoli-weight scalarization sensitivity; raw logical counts/depth unchanged; not a native-gate claim
primary,n12_d50_s42,12,random_fixed_density,0.55,121,0.00244140625,4.0,0.0,0.5,4484.5,0.6601648756072428,0.024087808818567265,11,0.823260987425016,81166.5,6793.0,6970.0,8969.0,Toffoli-weight scalarization sensitivity; raw logical counts/depth unchanged; not a native-gate claim
primary,n12_d50_s42,12,random_fixed_density,0.55,121,0.00244140625,4.0,0.0001,0.0,0.0,0.0,0.07056411695759808,0,0.0024411621215816247,12.0,6793.0,6970.0,8969.0,Toffoli-weight scalarization sensitivity; raw logical counts/depth unchanged; not a native-gate claim
primary,n12_d50_s42,12,random_fixed_density,0.55,121,0.00244140625,4.0,0.0001,0.1,896.9000000000001,0.13203297512144857,0.07056411695759808,5,0.13436219876927963,35758.9,6793.0,6970.0,8969.0,Toffoli-weight scalarization sensitivity; raw logical counts/depth unchanged; not a native-gate claim
primary,n12_d50_s42,12,random_fixed_density,0.55,121,0.00244140625,4.0,0.0001,0.25,2242.25,0.3300824378036214,0.07056411695759808,5,0.13436219876927963,37104.25,6793.0,6970.0,8969.0,Toffoli-weight scalarization sensitivity; raw logical counts/depth unchanged; not a native-gate claim
primary,n12_d50_s42,12,random_fixed_density,0.55,121,0.00244140625,4.0,0.0001,0.5,4484.5,0.6601648756072428,0.07056411695759808,5,0.13436219876927963,39346.5,6793.0,6970.0,8969.0,Toffoli-weight scalarization sensitivity; raw logical counts/depth unchanged; not a native-gate claim
primary,n12_d50_s42,12,random_fixed_density,0.55,121,0.00244140625,6.0,0.0,0.0,0.0,0.0,0.032171519488539614,0,0.0024414062500000004,12.0,8969.0,9186.0,8969.0,Toffoli-weight scalarization sensitivity; raw logical counts/depth unchanged; not a native-gate claim
primary,n12_d50_s42,12,random_fixed_density,0.55,121,0.00244140625,6.0,0.0,0.1,896.9000000000001,0.1,0.032171519488539614,11,0.823260987425016,101954.9,8969.0,9186.0,8969.0,Toffoli-weight scalarization sensitivity; raw logical counts/depth unchanged; not a native-gate claim
primary,n12_d50_s42,12,random_fixed_density,0.55,121,0.00244140625,6.0,0.0,0.25,2242.25,0.25,0.032171519488539614,11,0.823260987425016,103300.25,8969.0,9186.0,8969.0,Toffoli-weight scalarization sensitivity; raw logical counts/depth unchanged; not a native-gate claim
primary,n12_d50_s42,12,random_fixed_density,0.55,121,0.00244140625,6.0,0.0,0.5,4484.5,0.5,0.032171519488539614,11,0.823260987425016,105542.5,8969.0,9186.0,8969.0,Toffoli-weight scalarization sensitivity; raw logical counts/depth unchanged; not a native-gate claim
primary,n12_d50_s42,12,random_fixed_density,0.55,121,0.00244140625,6.0,0.0001,0.0,0.0,0.0,0.09342422631280606,0,0.0024411621215816247,12.0,8969.0,9186.0,8969.0,Toffoli-weight scalarization sensitivity; raw logical counts/depth unchanged; not a native-gate claim
primary,n12_d50_s42,12,random_fixed_density,0.55,121,0.00244140625,6.0,0.0001,0.1,896.9000000000001,0.1,0.09342422631280606,5,0.13436219876927963,46838.9,8969.0,9186.0,8969.0,Toffoli-weight scalarization sensitivity; raw logical counts/depth unchanged; not a native-gate claim
primary,n12_d50_s42,12,random_fixed_density,0.55,121,0.00244140625,6.0,0.0001,0.25,2242.25,0.25,0.09342422631280606,5,0.13436219876927963,48184.25,8969.0,9186.0,8969.0,Toffoli-weight scalarization sensitivity; raw logical counts/depth unchanged; not a native-gate claim
primary,n12_d50_s42,12,random_fixed_density,0.55,121,0.00244140625,6.0,0.0001,0.5,4484.5,0.5,0.09342422631280606,5,0.13436219876927963,50426.5,8969.0,9186.0,8969.0,Toffoli-weight scalarization sensitivity; raw logical counts/depth unchanged; not a native-gate claim
primary,n12_d50_s42,12,random_fixed_density,0.55,121,0.00244140625,10.0,0.0,0.0,0.0,0.0,0.048338940828484334,0,0.0024414062500000004,12.0,13321.0,13618.0,8969.0,Toffoli-weight scalarization sensitivity; raw logical counts/depth unchanged; not a native-gate claim
primary,n12_d50_s42,12,random_fixed_density,0.55,121,0.00244140625,10.0,0.0,0.1,896.9000000000001,0.06732978004654305,0.048338940828484334,11,0.823260987425016,150706.9,13321.0,13618.0,8969.0,Toffoli-weight scalarization sensitivity; raw logical counts/depth unchanged; not a native-gate claim
primary,n12_d50_s42,12,random_fixed_density,0.55,121,0.00244140625,10.0,0.0,0.25,2242.25,0.16832445011635763,0.048338940828484334,11,0.823260987425016,152052.25,13321.0,13618.0,8969.0,Toffoli-weight scalarization sensitivity; raw logical counts/depth unchanged; not a native-gate claim
primary,n12_d50_s42,12,random_fixed_density,0.55,121,0.00244140625,10.0,0.0,0.5,4484.5,0.33664890023271526,0.048338940828484334,11,0.823260987425016,154294.5,13321.0,13618.0,8969.0,Toffoli-weight scalarization sensitivity; raw logical counts/depth unchanged; not a native-gate claim
primary,n12_d50_s42,12,random_fixed_density,0.55,121,0.00244140625,10.0,0.0001,0.0,0.0,0.0,0.139144445023222,0,0.0024411621215816247,12.0,13321.0,13618.0,8969.0,Toffoli-weight scalarization sensitivity; raw logical counts/depth unchanged; not a native-gate claim
primary,n12_d50_s42,12,random_fixed_density,0.55,121,0.00244140625,10.0,0.0001,0.1,896.9000000000001,0.06732978004654305,0.139144445023222,0,0.0024411621215816247,908.9000000000001,13321.0,13618.0,8969.0,Toffoli-weight scalarization sensitivity; raw logical counts/depth unchanged; not a native-gate claim
primary,n12_d50_s42,12,random_fixed_density,0.55,121,0.00244140625,10.0,0.0001,0.25,2242.25,0.16832445011635763,0.139144445023222,5,0.13436219876927963,70344.25,13321.0,13618.0,8969.0,Toffoli-weight scalarization sensitivity; raw logical counts/depth unchanged; not a native-gate claim
primary,n12_d50_s42,12,random_fixed_density,0.55,121,0.00244140625,10.0,0.0001,0.5,4484.5,0.33664890023271526,0.139144445023222,5,0.13436219876927963,72586.5,13321.0,13618.0,8969.0,Toffoli-weight scalarization sensitivity; raw logical counts/depth unchanged; not a native-gate claim
primary,n12_d75_s17,12,random_fixed_density,0.25,139,0.13916015625,1.0,0.0,0.0,0.0,0.0,0.08005758433730208,0,0.13916015625000003,12.0,5297.0,5414.0,13457.0,Toffoli-weight scalarization sensitivity; raw logical counts/depth unchanged; not a native-gate claim
primary,n12_d75_s17,12,random_fixed_density,0.25,139,0.13916015625,1.0,0.0,0.1,1345.7,0.25404946195959976,0.08005758433730208,1,0.8307868335396051,6771.7,5297.0,5414.0,13457.0,Toffoli-weight scalarization sensitivity; raw logical counts/depth unchanged; not a native-gate claim
primary,n12_d75_s17,12,random_fixed_density,0.25,139,0.13916015625,1.0,0.0,0.25,3364.25,0.6351236548989995,0.08005758433730208,1,0.8307868335396051,8790.25,5297.0,5414.0,13457.0,Toffoli-weight scalarization sensitivity; raw logical counts/depth unchanged; not a native-gate claim
primary,n12_d75_s17,12,random_fixed_density,0.25,139,0.13916015625,1.0,0.0,0.5,6728.5,1.270247309797999,0.08005758433730208,1,0.8307868335396051,12154.5,5297.0,5414.0,13457.0,Toffoli-weight scalarization sensitivity; raw logical counts/depth unchanged; not a native-gate claim
primary,n12_d75_s17,12,random_fixed_density,0.25,139,0.13916015625,1.0,0.0001,0.0,0.0,0.0,0.10334775942941511,0,0.13914624093015263,12.0,5297.0,5414.0,13457.0,Toffoli-weight scalarization sensitivity; raw logical counts/depth unchanged; not a native-gate claim
primary,n12_d75_s17,12,random_fixed_density,0.25,139,0.13916015625,1.0,0.0001,0.1,1345.7,0.25404946195959976,0.10334775942941511,0,0.13914624093015263,1357.7,5297.0,5414.0,13457.0,Toffoli-weight scalarization sensitivity; raw logical counts/depth unchanged; not a native-gate claim
primary,n12_d75_s17,12,random_fixed_density,0.25,139,0.13916015625,1.0,0.0001,0.25,3364.25,0.6351236548989995,0.10334775942941511,1,0.6761894200360528,8790.25,5297.0,5414.0,13457.0,Toffoli-weight scalarization sensitivity; raw logical counts/depth unchanged; not a native-gate claim
primary,n12_d75_s17,12,random_fixed_density,0.25,139,0.13916015625,1.0,0.0001,0.5,6728.5,1.270247309797999,0.10334775942941511,1,0.6761894200360528,12154.5,5297.0,5414.0,13457.0,Toffoli-weight scalarization sensitivity; raw logical counts/depth unchanged; not a native-gate claim
primary,n12_d75_s17,12,random_fixed_density,0.25,139,0.13916015625,4.0,0.0,0.0,0.0,0.0,0.15415895078506234,0,0.13916015625000003,12.0,10193.0,10370.0,13457.0,Toffoli-weight scalarization sensitivity; raw logical counts/depth unchanged; not a native-gate claim
primary,n12_d75_s17,12,random_fixed_density,0.25,139,0.13916015625,4.0,0.0,0.1,1345.7,0.13202197586579026,0.15415895078506234,0,0.13916015625000003,1357.7,10193.0,10370.0,13457.0,Toffoli-weight scalarization sensitivity; raw logical counts/depth unchanged; not a native-gate claim
primary,n12_d75_s17,12,random_fixed_density,0.25,139,0.13916015625,4.0,0.0,0.25,3364.25,0.33005493966447563,0.15415895078506234,1,0.8307868335396051,13746.25,10193.0,10370.0,13457.0,Toffoli-weight scalarization sensitivity; raw logical counts/depth unchanged; not a native-gate claim
primary,n12_d75_s17,12,random_fixed_density,0.25,139,0.13916015625,4.0,0.0,0.5,6728.5,0.6601098793289513,0.15415895078506234,1,0.8307868335396051,17110.5,10193.0,10370.0,13457.0,Toffoli-weight scalarization sensitivity; raw logical counts/depth unchanged; not a native-gate claim
primary,n12_d75_s17,12,random_fixed_density,0.25,139,0.13916015625,4.0,0.0001,0.0,0.0,0.0,0.19876905712145174,0,0.13914624093015263,12.0,10193.0,10370.0,13457.0,Toffoli-weight scalarization sensitivity; raw logical counts/depth unchanged; not a native-gate claim
primary,n12_d75_s17,12,random_fixed_density,0.25,139,0.13916015625,4.0,0.0001,0.1,1345.7,0.13202197586579026,0.19876905712145174,0,0.13914624093015263,1357.7,10193.0,10370.0,13457.0,Toffoli-weight scalarization sensitivity; raw logical counts/depth unchanged; not a native-gate claim
primary,n12_d75_s17,12,random_fixed_density,0.25,139,0.13916015625,4.0,0.0001,0.25,3364.25,0.33005493966447563,0.19876905712145174,1,0.6761894200360528,13746.25,10193.0,10370.0,13457.0,Toffoli-weight scalarization sensitivity; raw logical counts/depth unchanged; not a native-gate claim
primary,n12_d75_s17,12,random_fixed_density,0.25,139,0.13916015625,4.0,0.0001,0.5,6728.5,0.6601098793289513,0.19876905712145174,1,0.6761894200360528,17110.5,10193.0,10370.0,13457.0,Toffoli-weight scalarization sensitivity; raw logical counts/depth unchanged; not a native-gate claim
primary,n12_d75_s17,12,random_fixed_density,0.25,139,0.13916015625,6.0,0.0,0.0,0.0,0.0,0.20355986175023585,0,0.13916015625000003,12.0,13457.0,13674.0,13457.0,Toffoli-weight scalarization sensitivity; raw logical counts/depth unchanged; not a native-gate claim
primary,n12_d75_s17,12,random_fixed_density,0.25,139,0.13916015625,6.0,0.0,0.1,1345.7,0.1,0.20355986175023585,0,0.13916015625000003,1357.7,13457.0,13674.0,13457.0,Toffoli-weight scalarization sensitivity; raw logical counts/depth unchanged; not a native-gate claim
primary,n12_d75_s17,12,random_fixed_density,0.25,139,0.13916015625,6.0,0.0,0.25,3364.25,0.25,0.20355986175023585,1,0.8307868335396051,17050.25,13457.0,13674.0,13457.0,Toffoli-weight scalarization sensitivity; raw logical counts/depth unchanged; not a native-gate claim
primary,n12_d75_s17,12,random_fixed_density,0.25,139,0.13916015625,6.0,0.0,0.5,6728.5,0.5,0.20355986175023585,1,0.8307868335396051,20414.5,13457.0,13674.0,13457.0,Toffoli-weight scalarization sensitivity; raw logical counts/depth unchanged; not a native-gate claim
primary,n12_d75_s17,12,random_fixed_density,0.25,139,0.13916015625,6.0,0.0001,0.0,0.0,0.0,0.2623832555828095,0,0.13914624093015263,12.0,13457.0,13674.0,13457.0,Toffoli-weight scalarization sensitivity; raw logical counts/depth unchanged; not a native-gate claim
primary,n12_d75_s17,12,random_fixed_density,0.25,139,0.13916015625,6.0,0.0001,0.1,1345.7,0.1,0.2623832555828095,0,0.13914624093015263,1357.7,13457.0,13674.0,13457.0,Toffoli-weight scalarization sensitivity; raw logical counts/depth unchanged; not a native-gate claim
primary,n12_d75_s17,12,random_fixed_density,0.25,139,0.13916015625,6.0,0.0001,0.25,3364.25,0.25,0.2623832555828095,0,0.13914624093015263,3376.25,13457.0,13674.0,13457.0,Toffoli-weight scalarization sensitivity; raw logical counts/depth unchanged; not a native-gate claim
primary,n12_d75_s17,12,random_fixed_density,0.25,139,0.13916015625,6.0,0.0001,0.5,6728.5,0.5,0.2623832555828095,1,0.6761894200360528,20414.5,13457.0,13674.0,13457.0,Toffoli-weight scalarization sensitivity; raw logical counts/depth unchanged; not a native-gate claim
primary,n12_d75_s17,12,random_fixed_density,0.25,139,0.13916015625,10.0,0.0,0.0,0.0,0.0,0.30236168368058286,0,0.13916015625000003,12.0,19985.0,20282.0,13457.0,Toffoli-weight scalarization sensitivity; raw logical counts/depth unchanged; not a native-gate claim
primary,n12_d75_s17,12,random_fixed_density,0.25,139,0.13916015625,10.0,0.0,0.1,1345.7,0.06733550162621967,0.30236168368058286,0,0.13916015625000003,1357.7,19985.0,20282.0,13457.0,Toffoli-weight scalarization sensitivity; raw logical counts/depth unchanged; not a native-gate claim
primary,n12_d75_s17,12,random_fixed_density,0.25,139,0.13916015625,10.0,0.0,0.25,3364.25,0.16833875406554916,0.30236168368058286,0,0.13916015625000003,3376.25,19985.0,20282.0,13457.0,Toffoli-weight scalarization sensitivity; raw logical counts/depth unchanged; not a native-gate claim
primary,n12_d75_s17,12,random_fixed_density,0.25,139,0.13916015625,10.0,0.0,0.5,6728.5,0.3366775081310983,0.30236168368058286,1,0.8307868335396051,27022.5,19985.0,20282.0,13457.0,Toffoli-weight scalarization sensitivity; raw logical counts/depth unchanged; not a native-gate claim
primary,n12_d75_s17,12,random_fixed_density,0.25,139,0.13916015625,10.0,0.0001,0.0,0.0,0.0,0.389611652505525,0,0.13914624093015263,12.0,19985.0,20282.0,13457.0,Toffoli-weight scalarization sensitivity; raw logical counts/depth unchanged; not a native-gate claim
primary,n12_d75_s17,12,random_fixed_density,0.25,139,0.13916015625,10.0,0.0001,0.1,1345.7,0.06733550162621967,0.389611652505525,0,0.13914624093015263,1357.7,19985.0,20282.0,13457.0,Toffoli-weight scalarization sensitivity; raw logical counts/depth unchanged; not a native-gate claim
primary,n12_d75_s17,12,random_fixed_density,0.25,139,0.13916015625,10.0,0.0001,0.25,3364.25,0.16833875406554916,0.389611652505525,0,0.13914624093015263,3376.25,19985.0,20282.0,13457.0,Toffoli-weight scalarization sensitivity; raw logical counts/depth unchanged; not a native-gate claim
primary,n12_d75_s17,12,random_fixed_density,0.25,139,0.13916015625,10.0,0.0001,0.5,6728.5,0.3366775081310983,0.389611652505525,1,0.6761894200360528,27022.5,19985.0,20282.0,13457.0,Toffoli-weight scalarization sensitivity; raw logical counts/depth unchanged; not a native-gate claim
primary,n12_d75_s17,12,random_fixed_density,0.4,150,0.0322265625,1.0,0.0,0.0,0.0,0.0,0.04349686786227413,0,0.0322265625,12.0,5297.0,5414.0,13457.0,Toffoli-weight scalarization sensitivity; raw logical counts/depth unchanged; not a native-gate claim
primary,n12_d75_s17,12,random_fixed_density,0.4,150,0.0322265625,1.0,0.0,0.1,1345.7,0.25404946195959976,0.04349686786227413,3,0.908488238425952,17599.7,5297.0,5414.0,13457.0,Toffoli-weight scalarization sensitivity; raw logical counts/depth unchanged; not a native-gate claim
primary,n12_d75_s17,12,random_fixed_density,0.4,150,0.0322265625,1.0,0.0,0.25,3364.25,0.6351236548989995,0.04349686786227413,3,0.908488238425952,19618.25,5297.0,5414.0,13457.0,Toffoli-weight scalarization sensitivity; raw logical counts/depth unchanged; not a native-gate claim
primary,n12_d75_s17,12,random_fixed_density,0.4,150,0.0322265625,1.0,0.0,0.5,6728.5,1.270247309797999,0.04349686786227413,3,0.908488238425952,22982.5,5297.0,5414.0,13457.0,Toffoli-weight scalarization sensitivity; raw logical counts/depth unchanged; not a native-gate claim
primary,n12_d75_s17,12,random_fixed_density,0.4,150,0.0322265625,1.0,0.0001,0.0,0.0,0.0,0.06808416393446322,0,0.03222334000487744,12.0,5297.0,5414.0,13457.0,Toffoli-weight scalarization sensitivity; raw logical counts/depth unchanged; not a native-gate claim
primary,n12_d75_s17,12,random_fixed_density,0.4,150,0.0322265625,1.0,0.0001,0.1,1345.7,0.25404946195959976,0.06808416393446322,2,0.4081241103741471,12185.7,5297.0,5414.0,13457.0,Toffoli-weight scalarization sensitivity; raw logical counts/depth unchanged; not a native-gate claim
primary,n12_d75_s17,12,random_fixed_density,0.4,150,0.0322265625,1.0,0.0001,0.25,3364.25,0.6351236548989995,0.06808416393446322,2,0.4081241103741471,14204.25,5297.0,5414.0,13457.0,Toffoli-weight scalarization sensitivity; raw logical counts/depth unchanged; not a native-gate claim
primary,n12_d75_s17,12,random_fixed_density,0.4,150,0.0322265625,1.0,0.0001,0.5,6728.5,1.270247309797999,0.06808416393446322,2,0.4081241103741471,17568.5,5297.0,5414.0,13457.0,Toffoli-weight scalarization sensitivity; raw logical counts/depth unchanged; not a native-gate claim
primary,n12_d75_s17,12,random_fixed_density,0.4,150,0.0322265625,4.0,0.0,0.0,0.0,0.0,0.08413038967570886,0,0.0322265625,12.0,10193.0,10370.0,13457.0,Toffoli-weight scalarization sensitivity; raw logical counts/depth unchanged; not a native-gate claim
primary,n12_d75_s17,12,random_fixed_density,0.4,150,0.0322265625,4.0,0.0,0.1,1345.7,0.13202197586579026,0.08413038967570886,3,0.908488238425952,32467.7,10193.0,10370.0,13457.0,Toffoli-weight scalarization sensitivity; raw logical counts/depth unchanged; not a native-gate claim
primary,n12_d75_s17,12,random_fixed_density,0.4,150,0.0322265625,4.0,0.0,0.25,3364.25,0.33005493966447563,0.08413038967570886,3,0.908488238425952,34486.25,10193.0,10370.0,13457.0,Toffoli-weight scalarization sensitivity; raw logical counts/depth unchanged; not a native-gate claim
primary,n12_d75_s17,12,random_fixed_density,0.4,150,0.0322265625,4.0,0.0,0.5,6728.5,0.6601098793289513,0.08413038967570886,3,0.908488238425952,37850.5,10193.0,10370.0,13457.0,Toffoli-weight scalarization sensitivity; raw logical counts/depth unchanged; not a native-gate claim
primary,n12_d75_s17,12,random_fixed_density,0.4,150,0.0322265625,4.0,0.0001,0.0,0.0,0.0,0.13122500738324502,0,0.03222334000487744,12.0,10193.0,10370.0,13457.0,Toffoli-weight scalarization sensitivity; raw logical counts/depth unchanged; not a native-gate claim
primary,n12_d75_s17,12,random_fixed_density,0.4,150,0.0322265625,4.0,0.0001,0.1,1345.7,0.13202197586579026,0.13122500738324502,0,0.03222334000487744,1357.7,10193.0,10370.0,13457.0,Toffoli-weight scalarization sensitivity; raw logical counts/depth unchanged; not a native-gate claim
primary,n12_d75_s17,12,random_fixed_density,0.4,150,0.0322265625,4.0,0.0001,0.25,3364.25,0.33005493966447563,0.13122500738324502,2,0.4081241103741471,24116.25,10193.0,10370.0,13457.0,Toffoli-weight scalarization sensitivity; raw logical counts/depth unchanged; not a native-gate claim
primary,n12_d75_s17,12,random_fixed_density,0.4,150,0.0322265625,4.0,0.0001,0.5,6728.5,0.6601098793289513,0.13122500738324502,2,0.4081241103741471,27480.5,10193.0,10370.0,13457.0,Toffoli-weight scalarization sensitivity; raw logical counts/depth unchanged; not a native-gate claim
primary,n12_d75_s17,12,random_fixed_density,0.4,150,0.0322265625,6.0,0.0,0.0,0.0,0.0,0.11121940421799867,0,0.0322265625,12.0,13457.0,13674.0,13457.0,Toffoli-weight scalarization sensitivity; raw logical counts/depth unchanged; not a native-gate claim
primary,n12_d75_s17,12,random_fixed_density,0.4,150,0.0322265625,6.0,0.0,0.1,1345.7,0.1,0.11121940421799867,0,0.0322265625,1357.7,13457.0,13674.0,13457.0,Toffoli-weight scalarization sensitivity; raw logical counts/depth unchanged; not a native-gate claim
primary,n12_d75_s17,12,random_fixed_density,0.4,150,0.0322265625,6.0,0.0,0.25,3364.25,0.25,0.11121940421799867,3,0.908488238425952,44398.25,13457.0,13674.0,13457.0,Toffoli-weight scalarization sensitivity; raw logical counts/depth unchanged; not a native-gate claim
primary,n12_d75_s17,12,random_fixed_density,0.4,150,0.0322265625,6.0,0.0,0.5,6728.5,0.5,0.11121940421799867,3,0.908488238425952,47762.5,13457.0,13674.0,13457.0,Toffoli-weight scalarization sensitivity; raw logical counts/depth unchanged; not a native-gate claim
primary,n12_d75_s17,12,random_fixed_density,0.4,150,0.0322265625,6.0,0.0001,0.0,0.0,0.0,0.1733189030157662,0,0.03222334000487744,12.0,13457.0,13674.0,13457.0,Toffoli-weight scalarization sensitivity; raw logical counts/depth unchanged; not a native-gate claim
primary,n12_d75_s17,12,random_fixed_density,0.4,150,0.0322265625,6.0,0.0001,0.1,1345.7,0.1,0.1733189030157662,0,0.03222334000487744,1357.7,13457.0,13674.0,13457.0,Toffoli-weight scalarization sensitivity; raw logical counts/depth unchanged; not a native-gate claim
primary,n12_d75_s17,12,random_fixed_density,0.4,150,0.0322265625,6.0,0.0001,0.25,3364.25,0.25,0.1733189030157662,2,0.4081241103741471,30724.25,13457.0,13674.0,13457.0,Toffoli-weight scalarization sensitivity; raw logical counts/depth unchanged; not a native-gate claim
primary,n12_d75_s17,12,random_fixed_density,0.4,150,0.0322265625,6.0,0.0001,0.5,6728.5,0.5,0.1733189030157662,2,0.4081241103741471,34088.5,13457.0,13674.0,13457.0,Toffoli-weight scalarization sensitivity; raw logical counts/depth unchanged; not a native-gate claim
primary,n12_d75_s17,12,random_fixed_density,0.4,150,0.0322265625,10.0,0.0,0.0,0.0,0.0,0.1653974333025783,0,0.0322265625,12.0,19985.0,20282.0,13457.0,Toffoli-weight scalarization sensitivity; raw logical counts/depth unchanged; not a native-gate claim
primary,n12_d75_s17,12,random_fixed_density,0.4,150,0.0322265625,10.0,0.0,0.1,1345.7,0.06733550162621967,0.1653974333025783,0,0.0322265625,1357.7,19985.0,20282.0,13457.0,Toffoli-weight scalarization sensitivity; raw logical counts/depth unchanged; not a native-gate claim
primary,n12_d75_s17,12,random_fixed_density,0.4,150,0.0322265625,10.0,0.0,0.25,3364.25,0.16833875406554916,0.1653974333025783,3,0.908488238425952,64222.25,19985.0,20282.0,13457.0,Toffoli-weight scalarization sensitivity; raw logical counts/depth unchanged; not a native-gate claim
primary,n12_d75_s17,12,random_fixed_density,0.4,150,0.0322265625,10.0,0.0,0.5,6728.5,0.3366775081310983,0.1653974333025783,3,0.908488238425952,67586.5,19985.0,20282.0,13457.0,Toffoli-weight scalarization sensitivity; raw logical counts/depth unchanged; not a native-gate claim
primary,n12_d75_s17,12,random_fixed_density,0.4,150,0.0322265625,10.0,0.0001,0.0,0.0,0.0,0.2575066942808086,0,0.03222334000487744,12.0,19985.0,20282.0,13457.0,Toffoli-weight scalarization sensitivity; raw logical counts/depth unchanged; not a native-gate claim
primary,n12_d75_s17,12,random_fixed_density,0.4,150,0.0322265625,10.0,0.0001,0.1,1345.7,0.06733550162621967,0.2575066942808086,0,0.03222334000487744,1357.7,19985.0,20282.0,13457.0,Toffoli-weight scalarization sensitivity; raw logical counts/depth unchanged; not a native-gate claim
primary,n12_d75_s17,12,random_fixed_density,0.4,150,0.0322265625,10.0,0.0001,0.25,3364.25,0.16833875406554916,0.2575066942808086,0,0.03222334000487744,3376.25,19985.0,20282.0,13457.0,Toffoli-weight scalarization sensitivity; raw logical counts/depth unchanged; not a native-gate claim
primary,n12_d75_s17,12,random_fixed_density,0.4,150,0.0322265625,10.0,0.0001,0.5,6728.5,0.3366775081310983,0.2575066942808086,2,0.4081241103741471,47304.5,19985.0,20282.0,13457.0,Toffoli-weight scalarization sensitivity; raw logical counts/depth unchanged; not a native-gate claim
primary,n12_d75_s17,12,random_fixed_density,0.55,161,0.001953125,1.0,0.0,0.0,0.0,0.0,0.010946781702305017,0,0.0019531250000000004,12.0,5297.0,5414.0,13457.0,Toffoli-weight scalarization sensitivity; raw logical counts/depth unchanged; not a native-gate claim
primary,n12_d75_s17,12,random_fixed_density,0.55,161,0.001953125,1.0,0.0,0.1,1345.7,0.25404946195959976,0.010946781702305017,13,0.8643653530373577,71739.7,5297.0,5414.0,13457.0,Toffoli-weight scalarization sensitivity; raw logical counts/depth unchanged; not a native-gate claim
primary,n12_d75_s17,12,random_fixed_density,0.55,161,0.001953125,1.0,0.0,0.25,3364.25,0.6351236548989995,0.010946781702305017,13,0.8643653530373577,73758.25,5297.0,5414.0,13457.0,Toffoli-weight scalarization sensitivity; raw logical counts/depth unchanged; not a native-gate claim
primary,n12_d75_s17,12,random_fixed_density,0.55,161,0.001953125,1.0,0.0,0.5,6728.5,1.270247309797999,0.010946781702305017,13,0.8643653530373577,77122.5,5297.0,5414.0,13457.0,Toffoli-weight scalarization sensitivity; raw logical counts/depth unchanged; not a native-gate claim
primary,n12_d75_s17,12,random_fixed_density,0.55,161,0.001953125,1.0,0.0001,0.0,0.0,0.0,0.048148271454125605,0,0.0019529296972653,12.0,5297.0,5414.0,13457.0,Toffoli-weight scalarization sensitivity; raw logical counts/depth unchanged; not a native-gate claim
primary,n12_d75_s17,12,random_fixed_density,0.55,161,0.001953125,1.0,0.0001,0.1,1345.7,0.25404946195959976,0.048148271454125605,4,0.06590282360885431,23013.7,5297.0,5414.0,13457.0,Toffoli-weight scalarization sensitivity; raw logical counts/depth unchanged; not a native-gate claim
primary,n12_d75_s17,12,random_fixed_density,0.55,161,0.001953125,1.0,0.0001,0.25,3364.25,0.6351236548989995,0.048148271454125605,4,0.06590282360885431,25032.25,5297.0,5414.0,13457.0,Toffoli-weight scalarization sensitivity; raw logical counts/depth unchanged; not a native-gate claim
primary,n12_d75_s17,12,random_fixed_density,0.55,161,0.001953125,1.0,0.0001,0.5,6728.5,1.270247309797999,0.048148271454125605,4,0.06590282360885431,28396.5,5297.0,5414.0,13457.0,Toffoli-weight scalarization sensitivity; raw logical counts/depth unchanged; not a native-gate claim
primary,n12_d75_s17,12,random_fixed_density,0.55,161,0.001953125,4.0,0.0,0.0,0.0,0.0,0.021783807947064658,0,0.0019531250000000004,12.0,10193.0,10370.0,13457.0,Toffoli-weight scalarization sensitivity; raw logical counts/depth unchanged; not a native-gate claim
primary,n12_d75_s17,12,random_fixed_density,0.55,161,0.001953125,4.0,0.0,0.1,1345.7,0.13202197586579026,0.021783807947064658,13,0.8643653530373577,136167.7,10193.0,10370.0,13457.0,Toffoli-weight scalarization sensitivity; raw logical counts/depth unchanged; not a native-gate claim
primary,n12_d75_s17,12,random_fixed_density,0.55,161,0.001953125,4.0,0.0,0.25,3364.25,0.33005493966447563,0.021783807947064658,13,0.8643653530373577,138186.25,10193.0,10370.0,13457.0,Toffoli-weight scalarization sensitivity; raw logical counts/depth unchanged; not a native-gate claim
primary,n12_d75_s17,12,random_fixed_density,0.55,161,0.001953125,4.0,0.0,0.5,6728.5,0.6601098793289513,0.021783807947064658,13,0.8643653530373577,141550.5,10193.0,10370.0,13457.0,Toffoli-weight scalarization sensitivity; raw logical counts/depth unchanged; not a native-gate claim
primary,n12_d75_s17,12,random_fixed_density,0.55,161,0.001953125,4.0,0.0001,0.0,0.0,0.0,0.09303970907864566,0,0.0019529296972653,12.0,10193.0,10370.0,13457.0,Toffoli-weight scalarization sensitivity; raw logical counts/depth unchanged; not a native-gate claim
primary,n12_d75_s17,12,random_fixed_density,0.55,161,0.001953125,4.0,0.0001,0.1,1345.7,0.13202197586579026,0.09303970907864566,3,0.05001775807213818,32467.7,10193.0,10370.0,13457.0,Toffoli-weight scalarization sensitivity; raw logical counts/depth unchanged; not a native-gate claim
primary,n12_d75_s17,12,random_fixed_density,0.55,161,0.001953125,4.0,0.0001,0.25,3364.25,0.33005493966447563,0.09303970907864566,4,0.06590282360885431,44856.25,10193.0,10370.0,13457.0,Toffoli-weight scalarization sensitivity; raw logical counts/depth unchanged; not a native-gate claim
primary,n12_d75_s17,12,random_fixed_density,0.55,161,0.001953125,4.0,0.0001,0.5,6728.5,0.6601098793289513,0.09303970907864566,4,0.06590282360885431,48220.5,10193.0,10370.0,13457.0,Toffoli-weight scalarization sensitivity; raw logical counts/depth unchanged; not a native-gate claim
primary,n12_d75_s17,12,random_fixed_density,0.55,161,0.001953125,6.0,0.0,0.0,0.0,0.0,0.029008492110237746,0,0.0019531250000000004,12.0,13457.0,13674.0,13457.0,Toffoli-weight scalarization sensitivity; raw logical counts/depth unchanged; not a native-gate claim
primary,n12_d75_s17,12,random_fixed_density,0.55,161,0.001953125,6.0,0.0,0.1,1345.7,0.1,0.029008492110237746,12,0.7984502366243993,165445.7,13457.0,13674.0,13457.0,Toffoli-weight scalarization sensitivity; raw logical counts/depth unchanged; not a native-gate claim
primary,n12_d75_s17,12,random_fixed_density,0.55,161,0.001953125,6.0,0.0,0.25,3364.25,0.25,0.029008492110237746,13,0.8643653530373577,181138.25,13457.0,13674.0,13457.0,Toffoli-weight scalarization sensitivity; raw logical counts/depth unchanged; not a native-gate claim
primary,n12_d75_s17,12,random_fixed_density,0.55,161,0.001953125,6.0,0.0,0.5,6728.5,0.5,0.029008492110237746,13,0.8643653530373577,184502.5,13457.0,13674.0,13457.0,Toffoli-weight scalarization sensitivity; raw logical counts/depth unchanged; not a native-gate claim
primary,n12_d75_s17,12,random_fixed_density,0.55,161,0.001953125,6.0,0.0001,0.0,0.0,0.0,0.122967334161659,0,0.0019529296972653,12.0,13457.0,13674.0,13457.0,Toffoli-weight scalarization sensitivity; raw logical counts/depth unchanged; not a native-gate claim
primary,n12_d75_s17,12,random_fixed_density,0.55,161,0.001953125,6.0,0.0001,0.1,1345.7,0.1,0.122967334161659,0,0.0019529296972653,1357.7,13457.0,13674.0,13457.0,Toffoli-weight scalarization sensitivity; raw logical counts/depth unchanged; not a native-gate claim
primary,n12_d75_s17,12,random_fixed_density,0.55,161,0.001953125,6.0,0.0001,0.25,3364.25,0.25,0.122967334161659,4,0.06590282360885431,58072.25,13457.0,13674.0,13457.0,Toffoli-weight scalarization sensitivity; raw logical counts/depth unchanged; not a native-gate claim
primary,n12_d75_s17,12,random_fixed_density,0.55,161,0.001953125,6.0,0.0001,0.5,6728.5,0.5,0.122967334161659,4,0.06590282360885431,61436.5,13457.0,13674.0,13457.0,Toffoli-weight scalarization sensitivity; raw logical counts/depth unchanged; not a native-gate claim
primary,n12_d75_s17,12,random_fixed_density,0.55,161,0.001953125,10.0,0.0,0.0,0.0,0.0,0.04345786043658392,0,0.0019531250000000004,12.0,19985.0,20282.0,13457.0,Toffoli-weight scalarization sensitivity; raw logical counts/depth unchanged; not a native-gate claim
primary,n12_d75_s17,12,random_fixed_density,0.55,161,0.001953125,10.0,0.0,0.1,1345.7,0.06733550162621967,0.04345786043658392,12,0.7984502366243993,244741.7,19985.0,20282.0,13457.0,Toffoli-weight scalarization sensitivity; raw logical counts/depth unchanged; not a native-gate claim
primary,n12_d75_s17,12,random_fixed_density,0.55,161,0.001953125,10.0,0.0,0.25,3364.25,0.16833875406554916,0.04345786043658392,13,0.8643653530373577,267042.25,19985.0,20282.0,13457.0,Toffoli-weight scalarization sensitivity; raw logical counts/depth unchanged; not a native-gate claim
primary,n12_d75_s17,12,random_fixed_density,0.55,161,0.001953125,10.0,0.0,0.5,6728.5,0.3366775081310983,0.04345786043658392,13,0.8643653530373577,270406.5,19985.0,20282.0,13457.0,Toffoli-weight scalarization sensitivity; raw logical counts/depth unchanged; not a native-gate claim
primary,n12_d75_s17,12,random_fixed_density,0.55,161,0.001953125,10.0,0.0001,0.0,0.0,0.0,0.18282258432768575,0,0.0019529296972653,12.0,19985.0,20282.0,13457.0,Toffoli-weight scalarization sensitivity; raw logical counts/depth unchanged; not a native-gate claim
primary,n12_d75_s17,12,random_fixed_density,0.55,161,0.001953125,10.0,0.0001,0.1,1345.7,0.06733550162621967,0.18282258432768575,0,0.0019529296972653,1357.7,19985.0,20282.0,13457.0,Toffoli-weight scalarization sensitivity; raw logical counts/depth unchanged; not a native-gate claim
primary,n12_d75_s17,12,random_fixed_density,0.55,161,0.001953125,10.0,0.0001,0.25,3364.25,0.16833875406554916,0.18282258432768575,4,0.06590282360885431,84504.25,19985.0,20282.0,13457.0,Toffoli-weight scalarization sensitivity; raw logical counts/depth unchanged; not a native-gate claim
primary,n12_d75_s17,12,random_fixed_density,0.55,161,0.001953125,10.0,0.0001,0.5,6728.5,0.3366775081310983,0.18282258432768575,4,0.06590282360885431,87868.5,19985.0,20282.0,13457.0,Toffoli-weight scalarization sensitivity; raw logical counts/depth unchanged; not a native-gate claim
primary,n12_d75_s42,12,random_fixed_density,0.25,148,0.08935546875,1.0,0.0,0.0,0.0,0.0,0.0663494140733262,0,0.08935546875000001,12.0,5297.0,5414.0,13457.0,Toffoli-weight scalarization sensitivity; raw logical counts/depth unchanged; not a native-gate claim
primary,n12_d75_s42,12,random_fixed_density,0.25,148,0.08935546875,1.0,0.0,0.1,1345.7,0.25404946195959976,0.0663494140733262,1,0.6239888202399017,6771.7,5297.0,5414.0,13457.0,Toffoli-weight scalarization sensitivity; raw logical counts/depth unchanged; not a native-gate claim
primary,n12_d75_s42,12,random_fixed_density,0.25,148,0.08935546875,1.0,0.0,0.25,3364.25,0.6351236548989995,0.0663494140733262,1,0.6239888202399017,8790.25,5297.0,5414.0,13457.0,Toffoli-weight scalarization sensitivity; raw logical counts/depth unchanged; not a native-gate claim
primary,n12_d75_s42,12,random_fixed_density,0.25,148,0.08935546875,1.0,0.0,0.5,6728.5,1.270247309797999,0.0663494140733262,2,0.997196526268617,17568.5,5297.0,5414.0,13457.0,Toffoli-weight scalarization sensitivity; raw logical counts/depth unchanged; not a native-gate claim
primary,n12_d75_s42,12,random_fixed_density,0.25,148,0.08935546875,1.0,0.0001,0.0,0.0,0.0,0.08499463820854256,0,0.08934653364988747,12.0,5297.0,5414.0,13457.0,Toffoli-weight scalarization sensitivity; raw logical counts/depth unchanged; not a native-gate claim
primary,n12_d75_s42,12,random_fixed_density,0.25,148,0.08935546875,1.0,0.0001,0.1,1345.7,0.25404946195959976,0.08499463820854256,1,0.5078735259553021,6771.7,5297.0,5414.0,13457.0,Toffoli-weight scalarization sensitivity; raw logical counts/depth unchanged; not a native-gate claim
primary,n12_d75_s42,12,random_fixed_density,0.25,148,0.08935546875,1.0,0.0001,0.25,3364.25,0.6351236548989995,0.08499463820854256,1,0.5078735259553021,8790.25,5297.0,5414.0,13457.0,Toffoli-weight scalarization sensitivity; raw logical counts/depth unchanged; not a native-gate claim
primary,n12_d75_s42,12,random_fixed_density,0.25,148,0.08935546875,1.0,0.0001,0.5,6728.5,1.270247309797999,0.08499463820854256,1,0.5078735259553021,12154.5,5297.0,5414.0,13457.0,Toffoli-weight scalarization sensitivity; raw logical counts/depth unchanged; not a native-gate claim
primary,n12_d75_s42,12,random_fixed_density,0.25,148,0.08935546875,4.0,0.0,0.0,0.0,0.0,0.12790225968099328,0,0.08935546875000001,12.0,10193.0,10370.0,13457.0,Toffoli-weight scalarization sensitivity; raw logical counts/depth unchanged; not a native-gate claim
primary,n12_d75_s42,12,random_fixed_density,0.25,148,0.08935546875,4.0,0.0,0.1,1345.7,0.13202197586579026,0.12790225968099328,0,0.08935546875000001,1357.7,10193.0,10370.0,13457.0,Toffoli-weight scalarization sensitivity; raw logical counts/depth unchanged; not a native-gate claim
primary,n12_d75_s42,12,random_fixed_density,0.25,148,0.08935546875,4.0,0.0,0.25,3364.25,0.33005493966447563,0.12790225968099328,1,0.6239888202399017,13746.25,10193.0,10370.0,13457.0,Toffoli-weight scalarization sensitivity; raw logical counts/depth unchanged; not a native-gate claim
primary,n12_d75_s42,12,random_fixed_density,0.25,148,0.08935546875,4.0,0.0,0.5,6728.5,0.6601098793289513,0.12790225968099328,1,0.6239888202399017,17110.5,10193.0,10370.0,13457.0,Toffoli-weight scalarization sensitivity; raw logical counts/depth unchanged; not a native-gate claim
primary,n12_d75_s42,12,random_fixed_density,0.25,148,0.08935546875,4.0,0.0001,0.0,0.0,0.0,0.16361540602051927,0,0.08934653364988747,12.0,10193.0,10370.0,13457.0,Toffoli-weight scalarization sensitivity; raw logical counts/depth unchanged; not a native-gate claim
primary,n12_d75_s42,12,random_fixed_density,0.25,148,0.08935546875,4.0,0.0001,0.1,1345.7,0.13202197586579026,0.16361540602051927,0,0.08934653364988747,1357.7,10193.0,10370.0,13457.0,Toffoli-weight scalarization sensitivity; raw logical counts/depth unchanged; not a native-gate claim
primary,n12_d75_s42,12,random_fixed_density,0.25,148,0.08935546875,4.0,0.0001,0.25,3364.25,0.33005493966447563,0.16361540602051927,1,0.5078735259553021,13746.25,10193.0,10370.0,13457.0,Toffoli-weight scalarization sensitivity; raw logical counts/depth unchanged; not a native-gate claim
primary,n12_d75_s42,12,random_fixed_density,0.25,148,0.08935546875,4.0,0.0001,0.5,6728.5,0.6601098793289513,0.16361540602051927,1,0.5078735259553021,17110.5,10193.0,10370.0,13457.0,Toffoli-weight scalarization sensitivity; raw logical counts/depth unchanged; not a native-gate claim
primary,n12_d75_s42,12,random_fixed_density,0.25,148,0.08935546875,6.0,0.0,0.0,0.0,0.0,0.1689374900861047,0,0.08935546875000001,12.0,13457.0,13674.0,13457.0,Toffoli-weight scalarization sensitivity; raw logical counts/depth unchanged; not a native-gate claim
primary,n12_d75_s42,12,random_fixed_density,0.25,148,0.08935546875,6.0,0.0,0.1,1345.7,0.1,0.1689374900861047,0,0.08935546875000001,1357.7,13457.0,13674.0,13457.0,Toffoli-weight scalarization sensitivity; raw logical counts/depth unchanged; not a native-gate claim
primary,n12_d75_s42,12,random_fixed_density,0.25,148,0.08935546875,6.0,0.0,0.25,3364.25,0.25,0.1689374900861047,1,0.6239888202399017,17050.25,13457.0,13674.0,13457.0,Toffoli-weight scalarization sensitivity; raw logical counts/depth unchanged; not a native-gate claim
primary,n12_d75_s42,12,random_fixed_density,0.25,148,0.08935546875,6.0,0.0,0.5,6728.5,0.5,0.1689374900861047,1,0.6239888202399017,20414.5,13457.0,13674.0,13457.0,Toffoli-weight scalarization sensitivity; raw logical counts/depth unchanged; not a native-gate claim
primary,n12_d75_s42,12,random_fixed_density,0.25,148,0.08935546875,6.0,0.0001,0.0,0.0,0.0,0.21602925122850378,0,0.08934653364988747,12.0,13457.0,13674.0,13457.0,Toffoli-weight scalarization sensitivity; raw logical counts/depth unchanged; not a native-gate claim
primary,n12_d75_s42,12,random_fixed_density,0.25,148,0.08935546875,6.0,0.0001,0.1,1345.7,0.1,0.21602925122850378,0,0.08934653364988747,1357.7,13457.0,13674.0,13457.0,Toffoli-weight scalarization sensitivity; raw logical counts/depth unchanged; not a native-gate claim
primary,n12_d75_s42,12,random_fixed_density,0.25,148,0.08935546875,6.0,0.0001,0.25,3364.25,0.25,0.21602925122850378,1,0.5078735259553021,17050.25,13457.0,13674.0,13457.0,Toffoli-weight scalarization sensitivity; raw logical counts/depth unchanged; not a native-gate claim
primary,n12_d75_s42,12,random_fixed_density,0.25,148,0.08935546875,6.0,0.0001,0.5,6728.5,0.5,0.21602925122850378,1,0.5078735259553021,20414.5,13457.0,13674.0,13457.0,Toffoli-weight scalarization sensitivity; raw logical counts/depth unchanged; not a native-gate claim
primary,n12_d75_s42,12,random_fixed_density,0.25,148,0.08935546875,10.0,0.0,0.0,0.0,0.0,0.2510079508963275,0,0.08935546875000001,12.0,19985.0,20282.0,13457.0,Toffoli-weight scalarization sensitivity; raw logical counts/depth unchanged; not a native-gate claim
primary,n12_d75_s42,12,random_fixed_density,0.25,148,0.08935546875,10.0,0.0,0.1,1345.7,0.06733550162621967,0.2510079508963275,0,0.08935546875000001,1357.7,19985.0,20282.0,13457.0,Toffoli-weight scalarization sensitivity; raw logical counts/depth unchanged; not a native-gate claim
primary,n12_d75_s42,12,random_fixed_density,0.25,148,0.08935546875,10.0,0.0,0.25,3364.25,0.16833875406554916,0.2510079508963275,0,0.08935546875000001,3376.25,19985.0,20282.0,13457.0,Toffoli-weight scalarization sensitivity; raw logical counts/depth unchanged; not a native-gate claim
primary,n12_d75_s42,12,random_fixed_density,0.25,148,0.08935546875,10.0,0.0,0.5,6728.5,0.3366775081310983,0.2510079508963275,1,0.6239888202399017,27022.5,19985.0,20282.0,13457.0,Toffoli-weight scalarization sensitivity; raw logical counts/depth unchanged; not a native-gate claim
primary,n12_d75_s42,12,random_fixed_density,0.25,148,0.08935546875,10.0,0.0001,0.0,0.0,0.0,0.32085694164447276,0,0.08934653364988747,12.0,19985.0,20282.0,13457.0,Toffoli-weight scalarization sensitivity; raw logical counts/depth unchanged; not a native-gate claim
primary,n12_d75_s42,12,random_fixed_density,0.25,148,0.08935546875,10.0,0.0001,0.1,1345.7,0.06733550162621967,0.32085694164447276,0,0.08934653364988747,1357.7,19985.0,20282.0,13457.0,Toffoli-weight scalarization sensitivity; raw logical counts/depth unchanged; not a native-gate claim
primary,n12_d75_s42,12,random_fixed_density,0.25,148,0.08935546875,10.0,0.0001,0.25,3364.25,0.16833875406554916,0.32085694164447276,0,0.08934653364988747,3376.25,19985.0,20282.0,13457.0,Toffoli-weight scalarization sensitivity; raw logical counts/depth unchanged; not a native-gate claim
primary,n12_d75_s42,12,random_fixed_density,0.25,148,0.08935546875,10.0,0.0001,0.5,6728.5,0.3366775081310983,0.32085694164447276,1,0.5078735259553021,27022.5,19985.0,20282.0,13457.0,Toffoli-weight scalarization sensitivity; raw logical counts/depth unchanged; not a native-gate claim
primary,n12_d75_s42,12,random_fixed_density,0.4,161,0.01318359375,1.0,0.0,0.0,0.0,0.0,0.028300820486596448,0,0.01318359375,12.0,5297.0,5414.0,13457.0,Toffoli-weight scalarization sensitivity; raw logical counts/depth unchanged; not a native-gate claim
primary,n12_d75_s42,12,random_fixed_density,0.4,161,0.01318359375,1.0,0.0,0.1,1345.7,0.25404946195959976,0.028300820486596448,4,0.7399448617527202,23013.7,5297.0,5414.0,13457.0,Toffoli-weight scalarization sensitivity; raw logical counts/depth unchanged; not a native-gate claim
primary,n12_d75_s42,12,random_fixed_density,0.4,161,0.01318359375,1.0,0.0,0.25,3364.25,0.6351236548989995,0.028300820486596448,5,0.9098318013029195,30446.25,5297.0,5414.0,13457.0,Toffoli-weight scalarization sensitivity; raw logical counts/depth unchanged; not a native-gate claim
primary,n12_d75_s42,12,random_fixed_density,0.4,161,0.01318359375,1.0,0.0,0.5,6728.5,1.270247309797999,0.028300820486596448,5,0.9098318013029195,33810.5,5297.0,5414.0,13457.0,Toffoli-weight scalarization sensitivity; raw logical counts/depth unchanged; not a native-gate claim
primary,n12_d75_s42,12,random_fixed_density,0.4,161,0.01318359375,1.0,0.0001,0.0,0.0,0.0,0.05707424702636812,0,0.01318227545654077,12.0,5297.0,5414.0,13457.0,Toffoli-weight scalarization sensitivity; raw logical counts/depth unchanged; not a native-gate claim
primary,n12_d75_s42,12,random_fixed_density,0.4,161,0.01318359375,1.0,0.0001,0.1,1345.7,0.25404946195959976,0.05707424702636812,2,0.1961680053304219,12185.7,5297.0,5414.0,13457.0,Toffoli-weight scalarization sensitivity; raw logical counts/depth unchanged; not a native-gate claim
primary,n12_d75_s42,12,random_fixed_density,0.4,161,0.01318359375,1.0,0.0001,0.25,3364.25,0.6351236548989995,0.05707424702636812,3,0.2804916131986632,19618.25,5297.0,5414.0,13457.0,Toffoli-weight scalarization sensitivity; raw logical counts/depth unchanged; not a native-gate claim
primary,n12_d75_s42,12,random_fixed_density,0.4,161,0.01318359375,1.0,0.0001,0.5,6728.5,1.270247309797999,0.05707424702636812,3,0.2804916131986632,22982.5,5297.0,5414.0,13457.0,Toffoli-weight scalarization sensitivity; raw logical counts/depth unchanged; not a native-gate claim
primary,n12_d75_s42,12,random_fixed_density,0.4,161,0.01318359375,4.0,0.0,0.0,0.0,0.0,0.05502381204627082,0,0.01318359375,12.0,10193.0,10370.0,13457.0,Toffoli-weight scalarization sensitivity; raw logical counts/depth unchanged; not a native-gate claim
primary,n12_d75_s42,12,random_fixed_density,0.4,161,0.01318359375,4.0,0.0,0.1,1345.7,0.13202197586579026,0.05502381204627082,4,0.7399448617527202,42837.7,10193.0,10370.0,13457.0,Toffoli-weight scalarization sensitivity; raw logical counts/depth unchanged; not a native-gate claim
primary,n12_d75_s42,12,random_fixed_density,0.4,161,0.01318359375,4.0,0.0,0.25,3364.25,0.33005493966447563,0.05502381204627082,4,0.7399448617527202,44856.25,10193.0,10370.0,13457.0,Toffoli-weight scalarization sensitivity; raw logical counts/depth unchanged; not a native-gate claim
primary,n12_d75_s42,12,random_fixed_density,0.4,161,0.01318359375,4.0,0.0,0.5,6728.5,0.6601098793289513,0.05502381204627082,5,0.9098318013029195,58590.5,10193.0,10370.0,13457.0,Toffoli-weight scalarization sensitivity; raw logical counts/depth unchanged; not a native-gate claim
primary,n12_d75_s42,12,random_fixed_density,0.4,161,0.01318359375,4.0,0.0001,0.0,0.0,0.0,0.11013656291761034,0,0.01318227545654077,12.0,10193.0,10370.0,13457.0,Toffoli-weight scalarization sensitivity; raw logical counts/depth unchanged; not a native-gate claim
primary,n12_d75_s42,12,random_fixed_density,0.4,161,0.01318359375,4.0,0.0001,0.1,1345.7,0.13202197586579026,0.11013656291761034,0,0.01318227545654077,1357.7,10193.0,10370.0,13457.0,Toffoli-weight scalarization sensitivity; raw logical counts/depth unchanged; not a native-gate claim
primary,n12_d75_s42,12,random_fixed_density,0.4,161,0.01318359375,4.0,0.0001,0.25,3364.25,0.33005493966447563,0.11013656291761034,2,0.1961680053304219,24116.25,10193.0,10370.0,13457.0,Toffoli-weight scalarization sensitivity; raw logical counts/depth unchanged; not a native-gate claim
primary,n12_d75_s42,12,random_fixed_density,0.4,161,0.01318359375,4.0,0.0001,0.5,6728.5,0.6601098793289513,0.11013656291761034,3,0.2804916131986632,37850.5,10193.0,10370.0,13457.0,Toffoli-weight scalarization sensitivity; raw logical counts/depth unchanged; not a native-gate claim
primary,n12_d75_s42,12,random_fixed_density,0.4,161,0.01318359375,6.0,0.0,0.0,0.0,0.0,0.0728391397527204,0,0.01318359375,12.0,13457.0,13674.0,13457.0,Toffoli-weight scalarization sensitivity; raw logical counts/depth unchanged; not a native-gate claim
primary,n12_d75_s42,12,random_fixed_density,0.4,161,0.01318359375,6.0,0.0,0.1,1345.7,0.1,0.0728391397527204,4,0.7399448617527202,56053.7,13457.0,13674.0,13457.0,Toffoli-weight scalarization sensitivity; raw logical counts/depth unchanged; not a native-gate claim
primary,n12_d75_s42,12,random_fixed_density,0.4,161,0.01318359375,6.0,0.0,0.25,3364.25,0.25,0.0728391397527204,4,0.7399448617527202,58072.25,13457.0,13674.0,13457.0,Toffoli-weight scalarization sensitivity; raw logical counts/depth unchanged; not a native-gate claim
primary,n12_d75_s42,12,random_fixed_density,0.4,161,0.01318359375,6.0,0.0,0.5,6728.5,0.5,0.0728391397527204,5,0.9098318013029195,75110.5,13457.0,13674.0,13457.0,Toffoli-weight scalarization sensitivity; raw logical counts/depth unchanged; not a native-gate claim
primary,n12_d75_s42,12,random_fixed_density,0.4,161,0.01318359375,6.0,0.0001,0.0,0.0,0.0,0.14551144017843848,0,0.01318227545654077,12.0,13457.0,13674.0,13457.0,Toffoli-weight scalarization sensitivity; raw logical counts/depth unchanged; not a native-gate claim
primary,n12_d75_s42,12,random_fixed_density,0.4,161,0.01318359375,6.0,0.0001,0.1,1345.7,0.1,0.14551144017843848,0,0.01318227545654077,1357.7,13457.0,13674.0,13457.0,Toffoli-weight scalarization sensitivity; raw logical counts/depth unchanged; not a native-gate claim
primary,n12_d75_s42,12,random_fixed_density,0.4,161,0.01318359375,6.0,0.0001,0.25,3364.25,0.25,0.14551144017843848,2,0.1961680053304219,30724.25,13457.0,13674.0,13457.0,Toffoli-weight scalarization sensitivity; raw logical counts/depth unchanged; not a native-gate claim
primary,n12_d75_s42,12,random_fixed_density,0.4,161,0.01318359375,6.0,0.0001,0.5,6728.5,0.5,0.14551144017843848,3,0.2804916131986632,47762.5,13457.0,13674.0,13457.0,Toffoli-weight scalarization sensitivity; raw logical counts/depth unchanged; not a native-gate claim
primary,n12_d75_s42,12,random_fixed_density,0.4,161,0.01318359375,10.0,0.0,0.0,0.0,0.0,0.10846979516561954,0,0.01318359375,12.0,19985.0,20282.0,13457.0,Toffoli-weight scalarization sensitivity; raw logical counts/depth unchanged; not a native-gate claim
primary,n12_d75_s42,12,random_fixed_density,0.4,161,0.01318359375,10.0,0.0,0.1,1345.7,0.06733550162621967,0.10846979516561954,0,0.01318359375,1357.7,19985.0,20282.0,13457.0,Toffoli-weight scalarization sensitivity; raw logical counts/depth unchanged; not a native-gate claim
primary,n12_d75_s42,12,random_fixed_density,0.4,161,0.01318359375,10.0,0.0,0.25,3364.25,0.16833875406554916,0.10846979516561954,4,0.7399448617527202,84504.25,19985.0,20282.0,13457.0,Toffoli-weight scalarization sensitivity; raw logical counts/depth unchanged; not a native-gate claim
primary,n12_d75_s42,12,random_fixed_density,0.4,161,0.01318359375,10.0,0.0,0.5,6728.5,0.3366775081310983,0.10846979516561954,4,0.7399448617527202,87868.5,19985.0,20282.0,13457.0,Toffoli-weight scalarization sensitivity; raw logical counts/depth unchanged; not a native-gate claim
primary,n12_d75_s42,12,random_fixed_density,0.4,161,0.01318359375,10.0,0.0001,0.0,0.0,0.0,0.2162611947000948,0,0.01318227545654077,12.0,19985.0,20282.0,13457.0,Toffoli-weight scalarization sensitivity; raw logical counts/depth unchanged; not a native-gate claim
primary,n12_d75_s42,12,random_fixed_density,0.4,161,0.01318359375,10.0,0.0001,0.1,1345.7,0.06733550162621967,0.2162611947000948,0,0.01318227545654077,1357.7,19985.0,20282.0,13457.0,Toffoli-weight scalarization sensitivity; raw logical counts/depth unchanged; not a native-gate claim
primary,n12_d75_s42,12,random_fixed_density,0.4,161,0.01318359375,10.0,0.0001,0.25,3364.25,0.16833875406554916,0.2162611947000948,2,0.1961680053304219,43940.25,19985.0,20282.0,13457.0,Toffoli-weight scalarization sensitivity; raw logical counts/depth unchanged; not a native-gate claim
primary,n12_d75_s42,12,random_fixed_density,0.4,161,0.01318359375,10.0,0.0001,0.5,6728.5,0.3366775081310983,0.2162611947000948,3,0.2804916131986632,67586.5,19985.0,20282.0,13457.0,Toffoli-weight scalarization sensitivity; raw logical counts/depth unchanged; not a native-gate claim
primary,n12_d75_s42,12,random_fixed_density,0.55,175,0.00048828125,1.0,0.0,0.0,0.0,0.0,0.005130029938964704,0,0.0004882812500000001,12.0,5297.0,5414.0,13457.0,Toffoli-weight scalarization sensitivity; raw logical counts/depth unchanged; not a native-gate claim
primary,n12_d75_s42,12,random_fixed_density,0.55,175,0.00048828125,1.0,0.0,0.1,1345.7,0.25404946195959976,0.005130029938964704,26,0.8486721595721104,142121.7,5297.0,5414.0,13457.0,Toffoli-weight scalarization sensitivity; raw logical counts/depth unchanged; not a native-gate claim
primary,n12_d75_s42,12,random_fixed_density,0.55,175,0.00048828125,1.0,0.0,0.25,3364.25,0.6351236548989995,0.005130029938964704,26,0.8486721595721104,144140.25,5297.0,5414.0,13457.0,Toffoli-weight scalarization sensitivity; raw logical counts/depth unchanged; not a native-gate claim
primary,n12_d75_s42,12,random_fixed_density,0.55,175,0.00048828125,1.0,0.0,0.5,6728.5,1.270247309797999,0.005130029938964704,26,0.8486721595721104,147504.5,5297.0,5414.0,13457.0,Toffoli-weight scalarization sensitivity; raw logical counts/depth unchanged; not a native-gate claim
primary,n12_d75_s42,12,random_fixed_density,0.55,175,0.00048828125,1.0,0.0001,0.0,0.0,0.0,0.04630068494146449,0,0.000488232424316325,12.0,5297.0,5414.0,13457.0,Toffoli-weight scalarization sensitivity; raw logical counts/depth unchanged; not a native-gate claim
primary,n12_d75_s42,12,random_fixed_density,0.55,175,0.00048828125,1.0,0.0001,0.1,1345.7,0.25404946195959976,0.04630068494146449,4,0.017137089080647976,23013.7,5297.0,5414.0,13457.0,Toffoli-weight scalarization sensitivity; raw logical counts/depth unchanged; not a native-gate claim
primary,n12_d75_s42,12,random_fixed_density,0.55,175,0.00048828125,1.0,0.0001,0.25,3364.25,0.6351236548989995,0.04630068494146449,4,0.017137089080647976,25032.25,5297.0,5414.0,13457.0,Toffoli-weight scalarization sensitivity; raw logical counts/depth unchanged; not a native-gate claim
primary,n12_d75_s42,12,random_fixed_density,0.55,175,0.00048828125,1.0,0.0001,0.5,6728.5,1.270247309797999,0.04630068494146449,5,0.02070247932140625,33810.5,5297.0,5414.0,13457.0,Toffoli-weight scalarization sensitivity; raw logical counts/depth unchanged; not a native-gate claim
primary,n12_d75_s42,12,random_fixed_density,0.55,175,0.00048828125,4.0,0.0,0.0,0.0,0.0,0.010642375404427225,0,0.0004882812500000001,12.0,10193.0,10370.0,13457.0,Toffoli-weight scalarization sensitivity; raw logical counts/depth unchanged; not a native-gate claim
primary,n12_d75_s42,12,random_fixed_density,0.55,175,0.00048828125,4.0,0.0,0.1,1345.7,0.13202197586579026,0.010642375404427225,26,0.8486721595721104,270977.7,10193.0,10370.0,13457.0,Toffoli-weight scalarization sensitivity; raw logical counts/depth unchanged; not a native-gate claim
primary,n12_d75_s42,12,random_fixed_density,0.55,175,0.00048828125,4.0,0.0,0.25,3364.25,0.33005493966447563,0.010642375404427225,26,0.8486721595721104,272996.25,10193.0,10370.0,13457.0,Toffoli-weight scalarization sensitivity; raw logical counts/depth unchanged; not a native-gate claim
primary,n12_d75_s42,12,random_fixed_density,0.55,175,0.00048828125,4.0,0.0,0.5,6728.5,0.6601098793289513,0.010642375404427225,26,0.8486721595721104,276360.5,10193.0,10370.0,13457.0,Toffoli-weight scalarization sensitivity; raw logical counts/depth unchanged; not a native-gate claim
primary,n12_d75_s42,12,random_fixed_density,0.55,175,0.00048828125,4.0,0.0001,0.0,0.0,0.0,0.08950083354552857,0,0.000488232424316325,12.0,10193.0,10370.0,13457.0,Toffoli-weight scalarization sensitivity; raw logical counts/depth unchanged; not a native-gate claim
primary,n12_d75_s42,12,random_fixed_density,0.55,175,0.00048828125,4.0,0.0001,0.1,1345.7,0.13202197586579026,0.08950083354552857,4,0.017137089080647976,42837.7,10193.0,10370.0,13457.0,Toffoli-weight scalarization sensitivity; raw logical counts/depth unchanged; not a native-gate claim
primary,n12_d75_s42,12,random_fixed_density,0.55,175,0.00048828125,4.0,0.0001,0.25,3364.25,0.33005493966447563,0.08950083354552857,4,0.017137089080647976,44856.25,10193.0,10370.0,13457.0,Toffoli-weight scalarization sensitivity; raw logical counts/depth unchanged; not a native-gate claim
primary,n12_d75_s42,12,random_fixed_density,0.55,175,0.00048828125,4.0,0.0001,0.5,6728.5,0.6601098793289513,0.08950083354552857,4,0.017137089080647976,48220.5,10193.0,10370.0,13457.0,Toffoli-weight scalarization sensitivity; raw logical counts/depth unchanged; not a native-gate claim
primary,n12_d75_s42,12,random_fixed_density,0.55,175,0.00048828125,6.0,0.0,0.0,0.0,0.0,0.014317272381402242,0,0.0004882812500000001,12.0,13457.0,13674.0,13457.0,Toffoli-weight scalarization sensitivity; raw logical counts/depth unchanged; not a native-gate claim
primary,n12_d75_s42,12,random_fixed_density,0.55,175,0.00048828125,6.0,0.0,0.1,1345.7,0.1,0.014317272381402242,26,0.8486721595721104,356881.7,13457.0,13674.0,13457.0,Toffoli-weight scalarization sensitivity; raw logical counts/depth unchanged; not a native-gate claim
primary,n12_d75_s42,12,random_fixed_density,0.55,175,0.00048828125,6.0,0.0,0.25,3364.25,0.25,0.014317272381402242,26,0.8486721595721104,358900.25,13457.0,13674.0,13457.0,Toffoli-weight scalarization sensitivity; raw logical counts/depth unchanged; not a native-gate claim
primary,n12_d75_s42,12,random_fixed_density,0.55,175,0.00048828125,6.0,0.0,0.5,6728.5,0.5,0.014317272381402242,26,0.8486721595721104,362264.5,13457.0,13674.0,13457.0,Toffoli-weight scalarization sensitivity; raw logical counts/depth unchanged; not a native-gate claim
primary,n12_d75_s42,12,random_fixed_density,0.55,175,0.00048828125,6.0,0.0001,0.0,0.0,0.0,0.11830093261490464,0,0.000488232424316325,12.0,13457.0,13674.0,13457.0,Toffoli-weight scalarization sensitivity; raw logical counts/depth unchanged; not a native-gate claim
primary,n12_d75_s42,12,random_fixed_density,0.55,175,0.00048828125,6.0,0.0001,0.1,1345.7,0.1,0.11830093261490464,0,0.000488232424316325,1357.7,13457.0,13674.0,13457.0,Toffoli-weight scalarization sensitivity; raw logical counts/depth unchanged; not a native-gate claim
primary,n12_d75_s42,12,random_fixed_density,0.55,175,0.00048828125,6.0,0.0001,0.25,3364.25,0.25,0.11830093261490464,4,0.017137089080647976,58072.25,13457.0,13674.0,13457.0,Toffoli-weight scalarization sensitivity; raw logical counts/depth unchanged; not a native-gate claim
primary,n12_d75_s42,12,random_fixed_density,0.55,175,0.00048828125,6.0,0.0001,0.5,6728.5,0.5,0.11830093261490464,4,0.017137089080647976,61436.5,13457.0,13674.0,13457.0,Toffoli-weight scalarization sensitivity; raw logical counts/depth unchanged; not a native-gate claim
primary,n12_d75_s42,12,random_fixed_density,0.55,175,0.00048828125,10.0,0.0,0.0,0.0,0.0,0.02166706633535227,0,0.0004882812500000001,12.0,19985.0,20282.0,13457.0,Toffoli-weight scalarization sensitivity; raw logical counts/depth unchanged; not a native-gate claim
primary,n12_d75_s42,12,random_fixed_density,0.55,175,0.00048828125,10.0,0.0,0.1,1345.7,0.06733550162621967,0.02166706633535227,26,0.8486721595721104,528689.7,19985.0,20282.0,13457.0,Toffoli-weight scalarization sensitivity; raw logical counts/depth unchanged; not a native-gate claim
primary,n12_d75_s42,12,random_fixed_density,0.55,175,0.00048828125,10.0,0.0,0.25,3364.25,0.16833875406554916,0.02166706633535227,26,0.8486721595721104,530708.25,19985.0,20282.0,13457.0,Toffoli-weight scalarization sensitivity; raw logical counts/depth unchanged; not a native-gate claim
primary,n12_d75_s42,12,random_fixed_density,0.55,175,0.00048828125,10.0,0.0,0.5,6728.5,0.3366775081310983,0.02166706633535227,26,0.8486721595721104,534072.5,19985.0,20282.0,13457.0,Toffoli-weight scalarization sensitivity; raw logical counts/depth unchanged; not a native-gate claim
primary,n12_d75_s42,12,random_fixed_density,0.55,175,0.00048828125,10.0,0.0001,0.0,0.0,0.0,0.1759011307536568,0,0.000488232424316325,12.0,19985.0,20282.0,13457.0,Toffoli-weight scalarization sensitivity; raw logical counts/depth unchanged; not a native-gate claim
primary,n12_d75_s42,12,random_fixed_density,0.55,175,0.00048828125,10.0,0.0001,0.1,1345.7,0.06733550162621967,0.1759011307536568,0,0.000488232424316325,1357.7,19985.0,20282.0,13457.0,Toffoli-weight scalarization sensitivity; raw logical counts/depth unchanged; not a native-gate claim
primary,n12_d75_s42,12,random_fixed_density,0.55,175,0.00048828125,10.0,0.0001,0.25,3364.25,0.16833875406554916,0.1759011307536568,4,0.017137089080647976,84504.25,19985.0,20282.0,13457.0,Toffoli-weight scalarization sensitivity; raw logical counts/depth unchanged; not a native-gate claim
primary,n12_d75_s42,12,random_fixed_density,0.55,175,0.00048828125,10.0,0.0001,0.5,6728.5,0.3366775081310983,0.1759011307536568,4,0.017137089080647976,87868.5,19985.0,20282.0,13457.0,Toffoli-weight scalarization sensitivity; raw logical counts/depth unchanged; not a native-gate claim
