instance_id,n,operational_level,threshold,rho_true_exact_validation,rho_estimate_factor,rho_estimate_used,eps_model,oracle_cost_norm,k_selected_from_rho_est,k_oracle_informed,delta_k,p_target_eff_actual,normalized_cost_actual,resource_score_actual,resource_score_oracle_informed,resource_score_retention,evidence_label
n8_d25_s17,8,0.25,25,0.28125,0.5,0.140625,0.0,1.0,1,1,0,0.9887695312500001,3.0,0.32958984375000006,0.32958984375000006,1.0,estimated-rho stopping robustness; exact rho used only for retrospective regret
n8_d25_s17,8,0.25,25,0.28125,0.75,0.2109375,0.0,1.0,1,1,0,0.9887695312500001,3.0,0.32958984375000006,0.32958984375000006,1.0,estimated-rho stopping robustness; exact rho used only for retrospective regret
n8_d25_s17,8,0.25,25,0.28125,0.9,0.253125,0.0,1.0,1,1,0,0.9887695312500001,3.0,0.32958984375000006,0.32958984375000006,1.0,estimated-rho stopping robustness; exact rho used only for retrospective regret
n8_d25_s17,8,0.25,25,0.28125,1.0,0.28125,0.0,1.0,1,1,0,0.9887695312500001,3.0,0.32958984375000006,0.32958984375000006,1.0,estimated-rho stopping robustness; exact rho used only for retrospective regret
n8_d25_s17,8,0.25,25,0.28125,1.1,0.309375,0.0,1.0,1,1,0,0.9887695312500001,3.0,0.32958984375000006,0.32958984375000006,1.0,estimated-rho stopping robustness; exact rho used only for retrospective regret
n8_d25_s17,8,0.25,25,0.28125,1.25,0.3515625,0.0,1.0,0,1,-1,0.28124999999999994,1.0,0.28124999999999994,0.32958984375000006,0.853333333333333,estimated-rho stopping robustness; exact rho used only for retrospective regret
n8_d25_s17,8,0.25,25,0.28125,1.5,0.421875,0.0,1.0,0,1,-1,0.28124999999999994,1.0,0.28124999999999994,0.32958984375000006,0.853333333333333,estimated-rho stopping robustness; exact rho used only for retrospective regret
n8_d25_s17,8,0.25,25,0.28125,0.5,0.140625,0.0,4.0,0,0,0,0.28124999999999994,1.0,0.28124999999999994,0.28124999999999994,1.0,estimated-rho stopping robustness; exact rho used only for retrospective regret
n8_d25_s17,8,0.25,25,0.28125,0.75,0.2109375,0.0,4.0,0,0,0,0.28124999999999994,1.0,0.28124999999999994,0.28124999999999994,1.0,estimated-rho stopping robustness; exact rho used only for retrospective regret
n8_d25_s17,8,0.25,25,0.28125,0.9,0.253125,0.0,4.0,0,0,0,0.28124999999999994,1.0,0.28124999999999994,0.28124999999999994,1.0,estimated-rho stopping robustness; exact rho used only for retrospective regret
n8_d25_s17,8,0.25,25,0.28125,1.0,0.28125,0.0,4.0,0,0,0,0.28124999999999994,1.0,0.28124999999999994,0.28124999999999994,1.0,estimated-rho stopping robustness; exact rho used only for retrospective regret
n8_d25_s17,8,0.25,25,0.28125,1.1,0.309375,0.0,4.0,0,0,0,0.28124999999999994,1.0,0.28124999999999994,0.28124999999999994,1.0,estimated-rho stopping robustness; exact rho used only for retrospective regret
n8_d25_s17,8,0.25,25,0.28125,1.25,0.3515625,0.0,4.0,0,0,0,0.28124999999999994,1.0,0.28124999999999994,0.28124999999999994,1.0,estimated-rho stopping robustness; exact rho used only for retrospective regret
n8_d25_s17,8,0.25,25,0.28125,1.5,0.421875,0.0,4.0,0,0,0,0.28124999999999994,1.0,0.28124999999999994,0.28124999999999994,1.0,estimated-rho stopping robustness; exact rho used only for retrospective regret
n8_d25_s17,8,0.25,25,0.28125,0.5,0.140625,0.001,1.0,1,1,0,0.9311880764199726,3.0,0.3103960254733242,0.3103960254733242,1.0,estimated-rho stopping robustness; exact rho used only for retrospective regret
n8_d25_s17,8,0.25,25,0.28125,0.75,0.2109375,0.001,1.0,1,1,0,0.9311880764199726,3.0,0.3103960254733242,0.3103960254733242,1.0,estimated-rho stopping robustness; exact rho used only for retrospective regret
n8_d25_s17,8,0.25,25,0.28125,0.9,0.253125,0.001,1.0,1,1,0,0.9311880764199726,3.0,0.3103960254733242,0.3103960254733242,1.0,estimated-rho stopping robustness; exact rho used only for retrospective regret
n8_d25_s17,8,0.25,25,0.28125,1.0,0.28125,0.001,1.0,1,1,0,0.9311880764199726,3.0,0.3103960254733242,0.3103960254733242,1.0,estimated-rho stopping robustness; exact rho used only for retrospective regret
n8_d25_s17,8,0.25,25,0.28125,1.1,0.309375,0.001,1.0,1,1,0,0.9311880764199726,3.0,0.3103960254733242,0.3103960254733242,1.0,estimated-rho stopping robustness; exact rho used only for retrospective regret
n8_d25_s17,8,0.25,25,0.28125,1.25,0.3515625,0.001,1.0,0,1,-1,0.27293780631051784,1.0,0.27293780631051784,0.3103960254733242,0.8793212023070007,estimated-rho stopping robustness; exact rho used only for retrospective regret
n8_d25_s17,8,0.25,25,0.28125,1.5,0.421875,0.001,1.0,0,1,-1,0.27293780631051784,1.0,0.27293780631051784,0.3103960254733242,0.8793212023070007,estimated-rho stopping robustness; exact rho used only for retrospective regret
n8_d25_s17,8,0.25,25,0.28125,0.5,0.140625,0.001,4.0,0,0,0,0.27293780631051784,1.0,0.27293780631051784,0.27293780631051784,1.0,estimated-rho stopping robustness; exact rho used only for retrospective regret
n8_d25_s17,8,0.25,25,0.28125,0.75,0.2109375,0.001,4.0,0,0,0,0.27293780631051784,1.0,0.27293780631051784,0.27293780631051784,1.0,estimated-rho stopping robustness; exact rho used only for retrospective regret
n8_d25_s17,8,0.25,25,0.28125,0.9,0.253125,0.001,4.0,0,0,0,0.27293780631051784,1.0,0.27293780631051784,0.27293780631051784,1.0,estimated-rho stopping robustness; exact rho used only for retrospective regret
n8_d25_s17,8,0.25,25,0.28125,1.0,0.28125,0.001,4.0,0,0,0,0.27293780631051784,1.0,0.27293780631051784,0.27293780631051784,1.0,estimated-rho stopping robustness; exact rho used only for retrospective regret
n8_d25_s17,8,0.25,25,0.28125,1.1,0.309375,0.001,4.0,0,0,0,0.27293780631051784,1.0,0.27293780631051784,0.27293780631051784,1.0,estimated-rho stopping robustness; exact rho used only for retrospective regret
n8_d25_s17,8,0.25,25,0.28125,1.25,0.3515625,0.001,4.0,0,0,0,0.27293780631051784,1.0,0.27293780631051784,0.27293780631051784,1.0,estimated-rho stopping robustness; exact rho used only for retrospective regret
n8_d25_s17,8,0.25,25,0.28125,1.5,0.421875,0.001,4.0,0,0,0,0.27293780631051784,1.0,0.27293780631051784,0.27293780631051784,1.0,estimated-rho stopping robustness; exact rho used only for retrospective regret
n8_d25_s17,8,0.4,28,0.1875,0.5,0.09375,0.0,1.0,1,1,0,0.94921875,3.0,0.31640625,0.31640625,1.0,estimated-rho stopping robustness; exact rho used only for retrospective regret
n8_d25_s17,8,0.4,28,0.1875,0.75,0.140625,0.0,1.0,1,1,0,0.94921875,3.0,0.31640625,0.31640625,1.0,estimated-rho stopping robustness; exact rho used only for retrospective regret
n8_d25_s17,8,0.4,28,0.1875,0.9,0.16875,0.0,1.0,1,1,0,0.94921875,3.0,0.31640625,0.31640625,1.0,estimated-rho stopping robustness; exact rho used only for retrospective regret
n8_d25_s17,8,0.4,28,0.1875,1.0,0.1875,0.0,1.0,1,1,0,0.94921875,3.0,0.31640625,0.31640625,1.0,estimated-rho stopping robustness; exact rho used only for retrospective regret
n8_d25_s17,8,0.4,28,0.1875,1.1,0.20625000000000002,0.0,1.0,1,1,0,0.94921875,3.0,0.31640625,0.31640625,1.0,estimated-rho stopping robustness; exact rho used only for retrospective regret
n8_d25_s17,8,0.4,28,0.1875,1.25,0.234375,0.0,1.0,1,1,0,0.94921875,3.0,0.31640625,0.31640625,1.0,estimated-rho stopping robustness; exact rho used only for retrospective regret
n8_d25_s17,8,0.4,28,0.1875,1.5,0.28125,0.0,1.0,1,1,0,0.94921875,3.0,0.31640625,0.31640625,1.0,estimated-rho stopping robustness; exact rho used only for retrospective regret
n8_d25_s17,8,0.4,28,0.1875,0.5,0.09375,0.0,4.0,1,0,1,0.94921875,6.0,0.158203125,0.18749999999999997,0.8437500000000001,estimated-rho stopping robustness; exact rho used only for retrospective regret
n8_d25_s17,8,0.4,28,0.1875,0.75,0.140625,0.0,4.0,0,0,0,0.18749999999999997,1.0,0.18749999999999997,0.18749999999999997,1.0,estimated-rho stopping robustness; exact rho used only for retrospective regret
n8_d25_s17,8,0.4,28,0.1875,0.9,0.16875,0.0,4.0,0,0,0,0.18749999999999997,1.0,0.18749999999999997,0.18749999999999997,1.0,estimated-rho stopping robustness; exact rho used only for retrospective regret
n8_d25_s17,8,0.4,28,0.1875,1.0,0.1875,0.0,4.0,0,0,0,0.18749999999999997,1.0,0.18749999999999997,0.18749999999999997,1.0,estimated-rho stopping robustness; exact rho used only for retrospective regret
n8_d25_s17,8,0.4,28,0.1875,1.1,0.20625000000000002,0.0,4.0,0,0,0,0.18749999999999997,1.0,0.18749999999999997,0.18749999999999997,1.0,estimated-rho stopping robustness; exact rho used only for retrospective regret
n8_d25_s17,8,0.4,28,0.1875,1.25,0.234375,0.0,4.0,0,0,0,0.18749999999999997,1.0,0.18749999999999997,0.18749999999999997,1.0,estimated-rho stopping robustness; exact rho used only for retrospective regret
n8_d25_s17,8,0.4,28,0.1875,1.5,0.28125,0.0,4.0,0,0,0,0.18749999999999997,1.0,0.18749999999999997,0.18749999999999997,1.0,estimated-rho stopping robustness; exact rho used only for retrospective regret
n8_d25_s17,8,0.4,28,0.1875,0.5,0.09375,0.001,1.0,1,1,0,0.8939405533631736,3.0,0.2979801844543912,0.2979801844543912,1.0,estimated-rho stopping robustness; exact rho used only for retrospective regret
n8_d25_s17,8,0.4,28,0.1875,0.75,0.140625,0.001,1.0,1,1,0,0.8939405533631736,3.0,0.2979801844543912,0.2979801844543912,1.0,estimated-rho stopping robustness; exact rho used only for retrospective regret
n8_d25_s17,8,0.4,28,0.1875,0.9,0.16875,0.001,1.0,1,1,0,0.8939405533631736,3.0,0.2979801844543912,0.2979801844543912,1.0,estimated-rho stopping robustness; exact rho used only for retrospective regret
n8_d25_s17,8,0.4,28,0.1875,1.0,0.1875,0.001,1.0,1,1,0,0.8939405533631736,3.0,0.2979801844543912,0.2979801844543912,1.0,estimated-rho stopping robustness; exact rho used only for retrospective regret
n8_d25_s17,8,0.4,28,0.1875,1.1,0.20625000000000002,0.001,1.0,1,1,0,0.8939405533631736,3.0,0.2979801844543912,0.2979801844543912,1.0,estimated-rho stopping robustness; exact rho used only for retrospective regret
n8_d25_s17,8,0.4,28,0.1875,1.25,0.234375,0.001,1.0,1,1,0,0.8939405533631736,3.0,0.2979801844543912,0.2979801844543912,1.0,estimated-rho stopping robustness; exact rho used only for retrospective regret
n8_d25_s17,8,0.4,28,0.1875,1.5,0.28125,0.001,1.0,1,1,0,0.8939405533631736,3.0,0.2979801844543912,0.2979801844543912,1.0,estimated-rho stopping robustness; exact rho used only for retrospective regret
n8_d25_s17,8,0.4,28,0.1875,0.5,0.09375,0.001,4.0,1,0,1,0.8939405533631736,6.0,0.1489900922271956,0.18195853754034524,0.8188134189315539,estimated-rho stopping robustness; exact rho used only for retrospective regret
n8_d25_s17,8,0.4,28,0.1875,0.75,0.140625,0.001,4.0,0,0,0,0.18195853754034524,1.0,0.18195853754034524,0.18195853754034524,1.0,estimated-rho stopping robustness; exact rho used only for retrospective regret
n8_d25_s17,8,0.4,28,0.1875,0.9,0.16875,0.001,4.0,0,0,0,0.18195853754034524,1.0,0.18195853754034524,0.18195853754034524,1.0,estimated-rho stopping robustness; exact rho used only for retrospective regret
n8_d25_s17,8,0.4,28,0.1875,1.0,0.1875,0.001,4.0,0,0,0,0.18195853754034524,1.0,0.18195853754034524,0.18195853754034524,1.0,estimated-rho stopping robustness; exact rho used only for retrospective regret
n8_d25_s17,8,0.4,28,0.1875,1.1,0.20625000000000002,0.001,4.0,0,0,0,0.18195853754034524,1.0,0.18195853754034524,0.18195853754034524,1.0,estimated-rho stopping robustness; exact rho used only for retrospective regret
n8_d25_s17,8,0.4,28,0.1875,1.25,0.234375,0.001,4.0,0,0,0,0.18195853754034524,1.0,0.18195853754034524,0.18195853754034524,1.0,estimated-rho stopping robustness; exact rho used only for retrospective regret
n8_d25_s17,8,0.4,28,0.1875,1.5,0.28125,0.001,4.0,0,0,0,0.18195853754034524,1.0,0.18195853754034524,0.18195853754034524,1.0,estimated-rho stopping robustness; exact rho used only for retrospective regret
n8_d25_s17,8,0.55,31,0.1328125,0.5,0.06640625,0.0,1.0,2,1,1,0.9158421829342843,5.0,0.18316843658685686,0.2698186238606771,0.6788576487642205,estimated-rho stopping robustness; exact rho used only for retrospective regret
n8_d25_s17,8,0.55,31,0.1328125,0.75,0.099609375,0.0,1.0,1,1,0,0.8094558715820314,3.0,0.2698186238606771,0.2698186238606771,1.0,estimated-rho stopping robustness; exact rho used only for retrospective regret
n8_d25_s17,8,0.55,31,0.1328125,0.9,0.11953125,0.0,1.0,1,1,0,0.8094558715820314,3.0,0.2698186238606771,0.2698186238606771,1.0,estimated-rho stopping robustness; exact rho used only for retrospective regret
n8_d25_s17,8,0.55,31,0.1328125,1.0,0.1328125,0.0,1.0,1,1,0,0.8094558715820314,3.0,0.2698186238606771,0.2698186238606771,1.0,estimated-rho stopping robustness; exact rho used only for retrospective regret
n8_d25_s17,8,0.55,31,0.1328125,1.1,0.14609375000000002,0.0,1.0,1,1,0,0.8094558715820314,3.0,0.2698186238606771,0.2698186238606771,1.0,estimated-rho stopping robustness; exact rho used only for retrospective regret
n8_d25_s17,8,0.55,31,0.1328125,1.25,0.166015625,0.0,1.0,1,1,0,0.8094558715820314,3.0,0.2698186238606771,0.2698186238606771,1.0,estimated-rho stopping robustness; exact rho used only for retrospective regret
n8_d25_s17,8,0.55,31,0.1328125,1.5,0.19921875,0.0,1.0,1,1,0,0.8094558715820314,3.0,0.2698186238606771,0.2698186238606771,1.0,estimated-rho stopping robustness; exact rho used only for retrospective regret
n8_d25_s17,8,0.55,31,0.1328125,0.5,0.06640625,0.0,4.0,2,1,1,0.9158421829342843,11.0,0.08325838026675313,0.13490931193033856,0.6171433170583823,estimated-rho stopping robustness; exact rho used only for retrospective regret
n8_d25_s17,8,0.55,31,0.1328125,0.75,0.099609375,0.0,4.0,1,1,0,0.8094558715820314,6.0,0.13490931193033856,0.13490931193033856,1.0,estimated-rho stopping robustness; exact rho used only for retrospective regret
n8_d25_s17,8,0.55,31,0.1328125,0.9,0.11953125,0.0,4.0,1,1,0,0.8094558715820314,6.0,0.13490931193033856,0.13490931193033856,1.0,estimated-rho stopping robustness; exact rho used only for retrospective regret
n8_d25_s17,8,0.55,31,0.1328125,1.0,0.1328125,0.0,4.0,1,1,0,0.8094558715820314,6.0,0.13490931193033856,0.13490931193033856,1.0,estimated-rho stopping robustness; exact rho used only for retrospective regret
n8_d25_s17,8,0.55,31,0.1328125,1.1,0.14609375000000002,0.0,4.0,0,1,-1,0.1328125,1.0,0.1328125,0.13490931193033856,0.9844576189713186,estimated-rho stopping robustness; exact rho used only for retrospective regret
n8_d25_s17,8,0.55,31,0.1328125,1.25,0.166015625,0.0,4.0,0,1,-1,0.1328125,1.0,0.1328125,0.13490931193033856,0.9844576189713186,estimated-rho stopping robustness; exact rho used only for retrospective regret
n8_d25_s17,8,0.55,31,0.1328125,1.5,0.19921875,0.0,4.0,0,1,-1,0.1328125,1.0,0.1328125,0.13490931193033856,0.9844576189713186,estimated-rho stopping robustness; exact rho used only for retrospective regret
n8_d25_s17,8,0.55,31,0.1328125,0.5,0.06640625,0.001,1.0,2,1,1,0.8370167317705195,5.0,0.1674033463541039,0.2541056104524944,0.6587943731584798,estimated-rho stopping robustness; exact rho used only for retrospective regret
n8_d25_s17,8,0.55,31,0.1328125,0.75,0.099609375,0.001,1.0,1,1,0,0.7623168313574833,3.0,0.2541056104524944,0.2541056104524944,1.0,estimated-rho stopping robustness; exact rho used only for retrospective regret
n8_d25_s17,8,0.55,31,0.1328125,0.9,0.11953125,0.001,1.0,1,1,0,0.7623168313574833,3.0,0.2541056104524944,0.2541056104524944,1.0,estimated-rho stopping robustness; exact rho used only for retrospective regret
n8_d25_s17,8,0.55,31,0.1328125,1.0,0.1328125,0.001,1.0,1,1,0,0.7623168313574833,3.0,0.2541056104524944,0.2541056104524944,1.0,estimated-rho stopping robustness; exact rho used only for retrospective regret
n8_d25_s17,8,0.55,31,0.1328125,1.1,0.14609375000000002,0.001,1.0,1,1,0,0.7623168313574833,3.0,0.2541056104524944,0.2541056104524944,1.0,estimated-rho stopping robustness; exact rho used only for retrospective regret
n8_d25_s17,8,0.55,31,0.1328125,1.25,0.166015625,0.001,1.0,1,1,0,0.7623168313574833,3.0,0.2541056104524944,0.2541056104524944,1.0,estimated-rho stopping robustness; exact rho used only for retrospective regret
n8_d25_s17,8,0.55,31,0.1328125,1.5,0.19921875,0.001,1.0,1,1,0,0.7623168313574833,3.0,0.2541056104524944,0.2541056104524944,1.0,estimated-rho stopping robustness; exact rho used only for retrospective regret
n8_d25_s17,8,0.55,31,0.1328125,0.5,0.06640625,0.001,4.0,1,0,1,0.7623168313574833,6.0,0.1270528052262472,0.12888729742441124,0.9857666951295964,estimated-rho stopping robustness; exact rho used only for retrospective regret
n8_d25_s17,8,0.55,31,0.1328125,0.75,0.099609375,0.001,4.0,1,0,1,0.7623168313574833,6.0,0.1270528052262472,0.12888729742441124,0.9857666951295964,estimated-rho stopping robustness; exact rho used only for retrospective regret
n8_d25_s17,8,0.55,31,0.1328125,0.9,0.11953125,0.001,4.0,1,0,1,0.7623168313574833,6.0,0.1270528052262472,0.12888729742441124,0.9857666951295964,estimated-rho stopping robustness; exact rho used only for retrospective regret
n8_d25_s17,8,0.55,31,0.1328125,1.0,0.1328125,0.001,4.0,0,0,0,0.12888729742441124,1.0,0.12888729742441124,0.12888729742441124,1.0,estimated-rho stopping robustness; exact rho used only for retrospective regret
n8_d25_s17,8,0.55,31,0.1328125,1.1,0.14609375000000002,0.001,4.0,0,0,0,0.12888729742441124,1.0,0.12888729742441124,0.12888729742441124,1.0,estimated-rho stopping robustness; exact rho used only for retrospective regret
n8_d25_s17,8,0.55,31,0.1328125,1.25,0.166015625,0.001,4.0,0,0,0,0.12888729742441124,1.0,0.12888729742441124,0.12888729742441124,1.0,estimated-rho stopping robustness; exact rho used only for retrospective regret
n8_d25_s17,8,0.55,31,0.1328125,1.5,0.19921875,0.001,4.0,0,0,0,0.12888729742441124,1.0,0.12888729742441124,0.12888729742441124,1.0,estimated-rho stopping robustness; exact rho used only for retrospective regret
n8_d25_s42,8,0.25,24,0.28125,0.5,0.140625,0.0,1.0,1,1,0,0.9887695312500001,3.0,0.32958984375000006,0.32958984375000006,1.0,estimated-rho stopping robustness; exact rho used only for retrospective regret
n8_d25_s42,8,0.25,24,0.28125,0.75,0.2109375,0.0,1.0,1,1,0,0.9887695312500001,3.0,0.32958984375000006,0.32958984375000006,1.0,estimated-rho stopping robustness; exact rho used only for retrospective regret
n8_d25_s42,8,0.25,24,0.28125,0.9,0.253125,0.0,1.0,1,1,0,0.9887695312500001,3.0,0.32958984375000006,0.32958984375000006,1.0,estimated-rho stopping robustness; exact rho used only for retrospective regret
n8_d25_s42,8,0.25,24,0.28125,1.0,0.28125,0.0,1.0,1,1,0,0.9887695312500001,3.0,0.32958984375000006,0.32958984375000006,1.0,estimated-rho stopping robustness; exact rho used only for retrospective regret
n8_d25_s42,8,0.25,24,0.28125,1.1,0.309375,0.0,1.0,1,1,0,0.9887695312500001,3.0,0.32958984375000006,0.32958984375000006,1.0,estimated-rho stopping robustness; exact rho used only for retrospective regret
n8_d25_s42,8,0.25,24,0.28125,1.25,0.3515625,0.0,1.0,0,1,-1,0.28124999999999994,1.0,0.28124999999999994,0.32958984375000006,0.853333333333333,estimated-rho stopping robustness; exact rho used only for retrospective regret
n8_d25_s42,8,0.25,24,0.28125,1.5,0.421875,0.0,1.0,0,1,-1,0.28124999999999994,1.0,0.28124999999999994,0.32958984375000006,0.853333333333333,estimated-rho stopping robustness; exact rho used only for retrospective regret
n8_d25_s42,8,0.25,24,0.28125,0.5,0.140625,0.0,4.0,0,0,0,0.28124999999999994,1.0,0.28124999999999994,0.28124999999999994,1.0,estimated-rho stopping robustness; exact rho used only for retrospective regret
n8_d25_s42,8,0.25,24,0.28125,0.75,0.2109375,0.0,4.0,0,0,0,0.28124999999999994,1.0,0.28124999999999994,0.28124999999999994,1.0,estimated-rho stopping robustness; exact rho used only for retrospective regret
n8_d25_s42,8,0.25,24,0.28125,0.9,0.253125,0.0,4.0,0,0,0,0.28124999999999994,1.0,0.28124999999999994,0.28124999999999994,1.0,estimated-rho stopping robustness; exact rho used only for retrospective regret
n8_d25_s42,8,0.25,24,0.28125,1.0,0.28125,0.0,4.0,0,0,0,0.28124999999999994,1.0,0.28124999999999994,0.28124999999999994,1.0,estimated-rho stopping robustness; exact rho used only for retrospective regret
n8_d25_s42,8,0.25,24,0.28125,1.1,0.309375,0.0,4.0,0,0,0,0.28124999999999994,1.0,0.28124999999999994,0.28124999999999994,1.0,estimated-rho stopping robustness; exact rho used only for retrospective regret
n8_d25_s42,8,0.25,24,0.28125,1.25,0.3515625,0.0,4.0,0,0,0,0.28124999999999994,1.0,0.28124999999999994,0.28124999999999994,1.0,estimated-rho stopping robustness; exact rho used only for retrospective regret
n8_d25_s42,8,0.25,24,0.28125,1.5,0.421875,0.0,4.0,0,0,0,0.28124999999999994,1.0,0.28124999999999994,0.28124999999999994,1.0,estimated-rho stopping robustness; exact rho used only for retrospective regret
n8_d25_s42,8,0.25,24,0.28125,0.5,0.140625,0.001,1.0,1,1,0,0.9311880764199726,3.0,0.3103960254733242,0.3103960254733242,1.0,estimated-rho stopping robustness; exact rho used only for retrospective regret
n8_d25_s42,8,0.25,24,0.28125,0.75,0.2109375,0.001,1.0,1,1,0,0.9311880764199726,3.0,0.3103960254733242,0.3103960254733242,1.0,estimated-rho stopping robustness; exact rho used only for retrospective regret
n8_d25_s42,8,0.25,24,0.28125,0.9,0.253125,0.001,1.0,1,1,0,0.9311880764199726,3.0,0.3103960254733242,0.3103960254733242,1.0,estimated-rho stopping robustness; exact rho used only for retrospective regret
n8_d25_s42,8,0.25,24,0.28125,1.0,0.28125,0.001,1.0,1,1,0,0.9311880764199726,3.0,0.3103960254733242,0.3103960254733242,1.0,estimated-rho stopping robustness; exact rho used only for retrospective regret
n8_d25_s42,8,0.25,24,0.28125,1.1,0.309375,0.001,1.0,1,1,0,0.9311880764199726,3.0,0.3103960254733242,0.3103960254733242,1.0,estimated-rho stopping robustness; exact rho used only for retrospective regret
n8_d25_s42,8,0.25,24,0.28125,1.25,0.3515625,0.001,1.0,0,1,-1,0.27293780631051784,1.0,0.27293780631051784,0.3103960254733242,0.8793212023070007,estimated-rho stopping robustness; exact rho used only for retrospective regret
n8_d25_s42,8,0.25,24,0.28125,1.5,0.421875,0.001,1.0,0,1,-1,0.27293780631051784,1.0,0.27293780631051784,0.3103960254733242,0.8793212023070007,estimated-rho stopping robustness; exact rho used only for retrospective regret
n8_d25_s42,8,0.25,24,0.28125,0.5,0.140625,0.001,4.0,0,0,0,0.27293780631051784,1.0,0.27293780631051784,0.27293780631051784,1.0,estimated-rho stopping robustness; exact rho used only for retrospective regret
n8_d25_s42,8,0.25,24,0.28125,0.75,0.2109375,0.001,4.0,0,0,0,0.27293780631051784,1.0,0.27293780631051784,0.27293780631051784,1.0,estimated-rho stopping robustness; exact rho used only for retrospective regret
n8_d25_s42,8,0.25,24,0.28125,0.9,0.253125,0.001,4.0,0,0,0,0.27293780631051784,1.0,0.27293780631051784,0.27293780631051784,1.0,estimated-rho stopping robustness; exact rho used only for retrospective regret
n8_d25_s42,8,0.25,24,0.28125,1.0,0.28125,0.001,4.0,0,0,0,0.27293780631051784,1.0,0.27293780631051784,0.27293780631051784,1.0,estimated-rho stopping robustness; exact rho used only for retrospective regret
n8_d25_s42,8,0.25,24,0.28125,1.1,0.309375,0.001,4.0,0,0,0,0.27293780631051784,1.0,0.27293780631051784,0.27293780631051784,1.0,estimated-rho stopping robustness; exact rho used only for retrospective regret
n8_d25_s42,8,0.25,24,0.28125,1.25,0.3515625,0.001,4.0,0,0,0,0.27293780631051784,1.0,0.27293780631051784,0.27293780631051784,1.0,estimated-rho stopping robustness; exact rho used only for retrospective regret
n8_d25_s42,8,0.25,24,0.28125,1.5,0.421875,0.001,4.0,0,0,0,0.27293780631051784,1.0,0.27293780631051784,0.27293780631051784,1.0,estimated-rho stopping robustness; exact rho used only for retrospective regret
n8_d25_s42,8,0.4,27,0.21875,0.5,0.109375,0.0,1.0,1,1,0,0.9877929687500001,3.0,0.3292643229166667,0.3292643229166667,1.0,estimated-rho stopping robustness; exact rho used only for retrospective regret
n8_d25_s42,8,0.4,27,0.21875,0.75,0.1640625,0.0,1.0,1,1,0,0.9877929687500001,3.0,0.3292643229166667,0.3292643229166667,1.0,estimated-rho stopping robustness; exact rho used only for retrospective regret
n8_d25_s42,8,0.4,27,0.21875,0.9,0.196875,0.0,1.0,1,1,0,0.9877929687500001,3.0,0.3292643229166667,0.3292643229166667,1.0,estimated-rho stopping robustness; exact rho used only for retrospective regret
n8_d25_s42,8,0.4,27,0.21875,1.0,0.21875,0.0,1.0,1,1,0,0.9877929687500001,3.0,0.3292643229166667,0.3292643229166667,1.0,estimated-rho stopping robustness; exact rho used only for retrospective regret
n8_d25_s42,8,0.4,27,0.21875,1.1,0.24062500000000003,0.0,1.0,1,1,0,0.9877929687500001,3.0,0.3292643229166667,0.3292643229166667,1.0,estimated-rho stopping robustness; exact rho used only for retrospective regret
n8_d25_s42,8,0.4,27,0.21875,1.25,0.2734375,0.0,1.0,1,1,0,0.9877929687500001,3.0,0.3292643229166667,0.3292643229166667,1.0,estimated-rho stopping robustness; exact rho used only for retrospective regret
n8_d25_s42,8,0.4,27,0.21875,1.5,0.328125,0.0,1.0,0,1,-1,0.21875,1.0,0.21875,0.3292643229166667,0.6643598615916955,estimated-rho stopping robustness; exact rho used only for retrospective regret
n8_d25_s42,8,0.4,27,0.21875,0.5,0.109375,0.0,4.0,1,0,1,0.9877929687500001,6.0,0.16463216145833334,0.21875,0.7526041666666667,estimated-rho stopping robustness; exact rho used only for retrospective regret
n8_d25_s42,8,0.4,27,0.21875,0.75,0.1640625,0.0,4.0,0,0,0,0.21875,1.0,0.21875,0.21875,1.0,estimated-rho stopping robustness; exact rho used only for retrospective regret
n8_d25_s42,8,0.4,27,0.21875,0.9,0.196875,0.0,4.0,0,0,0,0.21875,1.0,0.21875,0.21875,1.0,estimated-rho stopping robustness; exact rho used only for retrospective regret
n8_d25_s42,8,0.4,27,0.21875,1.0,0.21875,0.0,4.0,0,0,0,0.21875,1.0,0.21875,0.21875,1.0,estimated-rho stopping robustness; exact rho used only for retrospective regret
n8_d25_s42,8,0.4,27,0.21875,1.1,0.24062500000000003,0.0,4.0,0,0,0,0.21875,1.0,0.21875,0.21875,1.0,estimated-rho stopping robustness; exact rho used only for retrospective regret
n8_d25_s42,8,0.4,27,0.21875,1.25,0.2734375,0.0,4.0,0,0,0,0.21875,1.0,0.21875,0.21875,1.0,estimated-rho stopping robustness; exact rho used only for retrospective regret
n8_d25_s42,8,0.4,27,0.21875,1.5,0.328125,0.0,4.0,0,0,0,0.21875,1.0,0.21875,0.21875,1.0,estimated-rho stopping robustness; exact rho used only for retrospective regret
n8_d25_s42,8,0.4,27,0.21875,0.5,0.109375,0.001,1.0,1,1,0,0.9302683844926443,3.0,0.31008946149754807,0.31008946149754807,1.0,estimated-rho stopping robustness; exact rho used only for retrospective regret
n8_d25_s42,8,0.4,27,0.21875,0.75,0.1640625,0.001,1.0,1,1,0,0.9302683844926443,3.0,0.31008946149754807,0.31008946149754807,1.0,estimated-rho stopping robustness; exact rho used only for retrospective regret
n8_d25_s42,8,0.4,27,0.21875,0.9,0.196875,0.001,1.0,1,1,0,0.9302683844926443,3.0,0.31008946149754807,0.31008946149754807,1.0,estimated-rho stopping robustness; exact rho used only for retrospective regret
n8_d25_s42,8,0.4,27,0.21875,1.0,0.21875,0.001,1.0,1,1,0,0.9302683844926443,3.0,0.31008946149754807,0.31008946149754807,1.0,estimated-rho stopping robustness; exact rho used only for retrospective regret
n8_d25_s42,8,0.4,27,0.21875,1.1,0.24062500000000003,0.001,1.0,1,1,0,0.9302683844926443,3.0,0.31008946149754807,0.31008946149754807,1.0,estimated-rho stopping robustness; exact rho used only for retrospective regret
n8_d25_s42,8,0.4,27,0.21875,1.25,0.2734375,0.001,1.0,1,1,0,0.9302683844926443,3.0,0.31008946149754807,0.31008946149754807,1.0,estimated-rho stopping robustness; exact rho used only for retrospective regret
n8_d25_s42,8,0.4,27,0.21875,1.5,0.328125,0.001,1.0,0,1,-1,0.21228496046373616,1.0,0.21228496046373616,0.31008946149754807,0.6845926315538935,estimated-rho stopping robustness; exact rho used only for retrospective regret
n8_d25_s42,8,0.4,27,0.21875,0.5,0.109375,0.001,4.0,1,0,1,0.9302683844926443,6.0,0.15504473074877403,0.21228496046373616,0.7303613520716639,estimated-rho stopping robustness; exact rho used only for retrospective regret
n8_d25_s42,8,0.4,27,0.21875,0.75,0.1640625,0.001,4.0,0,0,0,0.21228496046373616,1.0,0.21228496046373616,0.21228496046373616,1.0,estimated-rho stopping robustness; exact rho used only for retrospective regret
n8_d25_s42,8,0.4,27,0.21875,0.9,0.196875,0.001,4.0,0,0,0,0.21228496046373616,1.0,0.21228496046373616,0.21228496046373616,1.0,estimated-rho stopping robustness; exact rho used only for retrospective regret
n8_d25_s42,8,0.4,27,0.21875,1.0,0.21875,0.001,4.0,0,0,0,0.21228496046373616,1.0,0.21228496046373616,0.21228496046373616,1.0,estimated-rho stopping robustness; exact rho used only for retrospective regret
n8_d25_s42,8,0.4,27,0.21875,1.1,0.24062500000000003,0.001,4.0,0,0,0,0.21228496046373616,1.0,0.21228496046373616,0.21228496046373616,1.0,estimated-rho stopping robustness; exact rho used only for retrospective regret
n8_d25_s42,8,0.4,27,0.21875,1.25,0.2734375,0.001,4.0,0,0,0,0.21228496046373616,1.0,0.21228496046373616,0.21228496046373616,1.0,estimated-rho stopping robustness; exact rho used only for retrospective regret
n8_d25_s42,8,0.4,27,0.21875,1.5,0.328125,0.001,4.0,0,0,0,0.21228496046373616,1.0,0.21228496046373616,0.21228496046373616,1.0,estimated-rho stopping robustness; exact rho used only for retrospective regret
n8_d25_s42,8,0.55,30,0.0625,0.5,0.03125,0.0,1.0,3,2,1,0.9613189697265625,7.0,0.13733128138950892,0.181689453125,0.7558572004453488,estimated-rho stopping robustness; exact rho used only for retrospective regret
n8_d25_s42,8,0.55,30,0.0625,0.75,0.046875,0.0,1.0,2,2,0,0.908447265625,5.0,0.181689453125,0.181689453125,1.0,estimated-rho stopping robustness; exact rho used only for retrospective regret
n8_d25_s42,8,0.55,30,0.0625,0.9,0.05625,0.0,1.0,2,2,0,0.908447265625,5.0,0.181689453125,0.181689453125,1.0,estimated-rho stopping robustness; exact rho used only for retrospective regret
n8_d25_s42,8,0.55,30,0.0625,1.0,0.0625,0.0,1.0,2,2,0,0.908447265625,5.0,0.181689453125,0.181689453125,1.0,estimated-rho stopping robustness; exact rho used only for retrospective regret
n8_d25_s42,8,0.55,30,0.0625,1.1,0.06875,0.0,1.0,2,2,0,0.908447265625,5.0,0.181689453125,0.181689453125,1.0,estimated-rho stopping robustness; exact rho used only for retrospective regret
n8_d25_s42,8,0.55,30,0.0625,1.25,0.078125,0.0,1.0,2,2,0,0.908447265625,5.0,0.181689453125,0.181689453125,1.0,estimated-rho stopping robustness; exact rho used only for retrospective regret
n8_d25_s42,8,0.55,30,0.0625,1.5,0.09375,0.0,1.0,1,2,-1,0.47265625,3.0,0.15755208333333334,0.181689453125,0.8671504075965242,estimated-rho stopping robustness; exact rho used only for retrospective regret
n8_d25_s42,8,0.55,30,0.0625,0.5,0.03125,0.0,4.0,3,2,1,0.9613189697265625,16.0,0.060082435607910156,0.08258611505681818,0.7275125554286482,estimated-rho stopping robustness; exact rho used only for retrospective regret
n8_d25_s42,8,0.55,30,0.0625,0.75,0.046875,0.0,4.0,2,2,0,0.908447265625,11.0,0.08258611505681818,0.08258611505681818,1.0,estimated-rho stopping robustness; exact rho used only for retrospective regret
n8_d25_s42,8,0.55,30,0.0625,0.9,0.05625,0.0,4.0,2,2,0,0.908447265625,11.0,0.08258611505681818,0.08258611505681818,1.0,estimated-rho stopping robustness; exact rho used only for retrospective regret
n8_d25_s42,8,0.55,30,0.0625,1.0,0.0625,0.0,4.0,2,2,0,0.908447265625,11.0,0.08258611505681818,0.08258611505681818,1.0,estimated-rho stopping robustness; exact rho used only for retrospective regret
n8_d25_s42,8,0.55,30,0.0625,1.1,0.06875,0.0,4.0,2,2,0,0.908447265625,11.0,0.08258611505681818,0.08258611505681818,1.0,estimated-rho stopping robustness; exact rho used only for retrospective regret
n8_d25_s42,8,0.55,30,0.0625,1.25,0.078125,0.0,4.0,1,2,-1,0.47265625,6.0,0.07877604166666667,0.08258611505681818,0.9538654483561768,estimated-rho stopping robustness; exact rho used only for retrospective regret
n8_d25_s42,8,0.55,30,0.0625,1.5,0.09375,0.0,4.0,1,2,-1,0.47265625,6.0,0.07877604166666667,0.08258611505681818,0.9538654483561768,estimated-rho stopping robustness; exact rho used only for retrospective regret
n8_d25_s42,8,0.55,30,0.0625,0.5,0.03125,0.001,1.0,3,2,1,0.8526134404543707,7.0,0.1218019200649101,0.1660516572458125,0.7335182441726682,estimated-rho stopping robustness; exact rho used only for retrospective regret
n8_d25_s42,8,0.55,30,0.0625,0.75,0.046875,0.001,1.0,2,2,0,0.8302582862290625,5.0,0.1660516572458125,0.1660516572458125,1.0,estimated-rho stopping robustness; exact rho used only for retrospective regret
n8_d25_s42,8,0.55,30,0.0625,0.9,0.05625,0.001,1.0,2,2,0,0.8302582862290625,5.0,0.1660516572458125,0.1660516572458125,1.0,estimated-rho stopping robustness; exact rho used only for retrospective regret
n8_d25_s42,8,0.55,30,0.0625,1.0,0.0625,0.001,1.0,2,2,0,0.8302582862290625,5.0,0.1660516572458125,0.1660516572458125,1.0,estimated-rho stopping robustness; exact rho used only for retrospective regret
n8_d25_s42,8,0.55,30,0.0625,1.1,0.06875,0.001,1.0,2,2,0,0.8302582862290625,5.0,0.1660516572458125,0.1660516572458125,1.0,estimated-rho stopping robustness; exact rho used only for retrospective regret
n8_d25_s42,8,0.55,30,0.0625,1.25,0.078125,0.001,1.0,2,2,0,0.8302582862290625,5.0,0.1660516572458125,0.1660516572458125,1.0,estimated-rho stopping robustness; exact rho used only for retrospective regret
n8_d25_s42,8,0.55,30,0.0625,1.5,0.09375,0.001,1.0,1,2,-1,0.4451308928269301,3.0,0.14837696427564337,0.1660516572458125,0.8935590691274787,estimated-rho stopping robustness; exact rho used only for retrospective regret
n8_d25_s42,8,0.55,30,0.0625,0.5,0.03125,0.001,4.0,2,2,0,0.8302582862290625,11.0,0.07547802602082386,0.07547802602082386,1.0,estimated-rho stopping robustness; exact rho used only for retrospective regret
n8_d25_s42,8,0.55,30,0.0625,0.75,0.046875,0.001,4.0,2,2,0,0.8302582862290625,11.0,0.07547802602082386,0.07547802602082386,1.0,estimated-rho stopping robustness; exact rho used only for retrospective regret
n8_d25_s42,8,0.55,30,0.0625,0.9,0.05625,0.001,4.0,2,2,0,0.8302582862290625,11.0,0.07547802602082386,0.07547802602082386,1.0,estimated-rho stopping robustness; exact rho used only for retrospective regret
n8_d25_s42,8,0.55,30,0.0625,1.0,0.0625,0.001,4.0,2,2,0,0.8302582862290625,11.0,0.07547802602082386,0.07547802602082386,1.0,estimated-rho stopping robustness; exact rho used only for retrospective regret
n8_d25_s42,8,0.55,30,0.0625,1.1,0.06875,0.001,4.0,1,2,-1,0.4451308928269301,6.0,0.07418848213782168,0.07547802602082386,0.9829149760402266,estimated-rho stopping robustness; exact rho used only for retrospective regret
n8_d25_s42,8,0.55,30,0.0625,1.25,0.078125,0.001,4.0,1,2,-1,0.4451308928269301,6.0,0.07418848213782168,0.07547802602082386,0.9829149760402266,estimated-rho stopping robustness; exact rho used only for retrospective regret
n8_d25_s42,8,0.55,30,0.0625,1.5,0.09375,0.001,4.0,1,2,-1,0.4451308928269301,6.0,0.07418848213782168,0.07547802602082386,0.9829149760402266,estimated-rho stopping robustness; exact rho used only for retrospective regret
n8_d50_s17,8,0.25,48,0.1953125,0.5,0.09765625,0.0,1.0,1,1,0,0.9614944458007814,3.0,0.32049814860026044,0.32049814860026044,1.0,estimated-rho stopping robustness; exact rho used only for retrospective regret
n8_d50_s17,8,0.25,48,0.1953125,0.75,0.146484375,0.0,1.0,1,1,0,0.9614944458007814,3.0,0.32049814860026044,0.32049814860026044,1.0,estimated-rho stopping robustness; exact rho used only for retrospective regret
n8_d50_s17,8,0.25,48,0.1953125,0.9,0.17578125,0.0,1.0,1,1,0,0.9614944458007814,3.0,0.32049814860026044,0.32049814860026044,1.0,estimated-rho stopping robustness; exact rho used only for retrospective regret
n8_d50_s17,8,0.25,48,0.1953125,1.0,0.1953125,0.0,1.0,1,1,0,0.9614944458007814,3.0,0.32049814860026044,0.32049814860026044,1.0,estimated-rho stopping robustness; exact rho used only for retrospective regret
n8_d50_s17,8,0.25,48,0.1953125,1.1,0.21484375000000003,0.0,1.0,1,1,0,0.9614944458007814,3.0,0.32049814860026044,0.32049814860026044,1.0,estimated-rho stopping robustness; exact rho used only for retrospective regret
n8_d50_s17,8,0.25,48,0.1953125,1.25,0.244140625,0.0,1.0,1,1,0,0.9614944458007814,3.0,0.32049814860026044,0.32049814860026044,1.0,estimated-rho stopping robustness; exact rho used only for retrospective regret
n8_d50_s17,8,0.25,48,0.1953125,1.5,0.29296875,0.0,1.0,1,1,0,0.9614944458007814,3.0,0.32049814860026044,0.32049814860026044,1.0,estimated-rho stopping robustness; exact rho used only for retrospective regret
n8_d50_s17,8,0.25,48,0.1953125,0.5,0.09765625,0.0,4.0,1,0,1,0.9614944458007814,6.0,0.16024907430013022,0.19531250000000003,0.8204752604166666,estimated-rho stopping robustness; exact rho used only for retrospective regret
n8_d50_s17,8,0.25,48,0.1953125,0.75,0.146484375,0.0,4.0,0,0,0,0.19531250000000003,1.0,0.19531250000000003,0.19531250000000003,1.0,estimated-rho stopping robustness; exact rho used only for retrospective regret
n8_d50_s17,8,0.25,48,0.1953125,0.9,0.17578125,0.0,4.0,0,0,0,0.19531250000000003,1.0,0.19531250000000003,0.19531250000000003,1.0,estimated-rho stopping robustness; exact rho used only for retrospective regret
n8_d50_s17,8,0.25,48,0.1953125,1.0,0.1953125,0.0,4.0,0,0,0,0.19531250000000003,1.0,0.19531250000000003,0.19531250000000003,1.0,estimated-rho stopping robustness; exact rho used only for retrospective regret
n8_d50_s17,8,0.25,48,0.1953125,1.1,0.21484375000000003,0.0,4.0,0,0,0,0.19531250000000003,1.0,0.19531250000000003,0.19531250000000003,1.0,estimated-rho stopping robustness; exact rho used only for retrospective regret
n8_d50_s17,8,0.25,48,0.1953125,1.25,0.244140625,0.0,4.0,0,0,0,0.19531250000000003,1.0,0.19531250000000003,0.19531250000000003,1.0,estimated-rho stopping robustness; exact rho used only for retrospective regret
n8_d50_s17,8,0.25,48,0.1953125,1.5,0.29296875,0.0,4.0,0,0,0,0.19531250000000003,1.0,0.19531250000000003,0.19531250000000003,1.0,estimated-rho stopping robustness; exact rho used only for retrospective regret
n8_d50_s17,8,0.25,48,0.1953125,0.5,0.09765625,0.001,1.0,1,1,0,0.9055013682934185,3.0,0.30183378943113953,0.30183378943113953,1.0,estimated-rho stopping robustness; exact rho used only for retrospective regret
n8_d50_s17,8,0.25,48,0.1953125,0.75,0.146484375,0.001,1.0,1,1,0,0.9055013682934185,3.0,0.30183378943113953,0.30183378943113953,1.0,estimated-rho stopping robustness; exact rho used only for retrospective regret
n8_d50_s17,8,0.25,48,0.1953125,0.9,0.17578125,0.001,1.0,1,1,0,0.9055013682934185,3.0,0.30183378943113953,0.30183378943113953,1.0,estimated-rho stopping robustness; exact rho used only for retrospective regret
n8_d50_s17,8,0.25,48,0.1953125,1.0,0.1953125,0.001,1.0,1,1,0,0.9055013682934185,3.0,0.30183378943113953,0.30183378943113953,1.0,estimated-rho stopping robustness; exact rho used only for retrospective regret
n8_d50_s17,8,0.25,48,0.1953125,1.1,0.21484375000000003,0.001,1.0,1,1,0,0.9055013682934185,3.0,0.30183378943113953,0.30183378943113953,1.0,estimated-rho stopping robustness; exact rho used only for retrospective regret
n8_d50_s17,8,0.25,48,0.1953125,1.25,0.244140625,0.001,1.0,1,1,0,0.9055013682934185,3.0,0.30183378943113953,0.30183378943113953,1.0,estimated-rho stopping robustness; exact rho used only for retrospective regret
n8_d50_s17,8,0.25,48,0.1953125,1.5,0.29296875,0.001,1.0,1,1,0,0.9055013682934185,3.0,0.30183378943113953,0.30183378943113953,1.0,estimated-rho stopping robustness; exact rho used only for retrospective regret
n8_d50_s17,8,0.25,48,0.1953125,0.5,0.09765625,0.001,4.0,1,0,1,0.9055013682934185,6.0,0.15091689471556977,0.18954014327119303,0.7962265518584033,estimated-rho stopping robustness; exact rho used only for retrospective regret
n8_d50_s17,8,0.25,48,0.1953125,0.75,0.146484375,0.001,4.0,0,0,0,0.18954014327119303,1.0,0.18954014327119303,0.18954014327119303,1.0,estimated-rho stopping robustness; exact rho used only for retrospective regret
n8_d50_s17,8,0.25,48,0.1953125,0.9,0.17578125,0.001,4.0,0,0,0,0.18954014327119303,1.0,0.18954014327119303,0.18954014327119303,1.0,estimated-rho stopping robustness; exact rho used only for retrospective regret
n8_d50_s17,8,0.25,48,0.1953125,1.0,0.1953125,0.001,4.0,0,0,0,0.18954014327119303,1.0,0.18954014327119303,0.18954014327119303,1.0,estimated-rho stopping robustness; exact rho used only for retrospective regret
n8_d50_s17,8,0.25,48,0.1953125,1.1,0.21484375000000003,0.001,4.0,0,0,0,0.18954014327119303,1.0,0.18954014327119303,0.18954014327119303,1.0,estimated-rho stopping robustness; exact rho used only for retrospective regret
n8_d50_s17,8,0.25,48,0.1953125,1.25,0.244140625,0.001,4.0,0,0,0,0.18954014327119303,1.0,0.18954014327119303,0.18954014327119303,1.0,estimated-rho stopping robustness; exact rho used only for retrospective regret
n8_d50_s17,8,0.25,48,0.1953125,1.5,0.29296875,0.001,4.0,0,0,0,0.18954014327119303,1.0,0.18954014327119303,0.18954014327119303,1.0,estimated-rho stopping robustness; exact rho used only for retrospective regret
n8_d50_s17,8,0.4,54,0.0625,0.5,0.03125,0.0,1.0,3,2,1,0.9613189697265625,7.0,0.13733128138950892,0.181689453125,0.7558572004453488,estimated-rho stopping robustness; exact rho used only for retrospective regret
n8_d50_s17,8,0.4,54,0.0625,0.75,0.046875,0.0,1.0,2,2,0,0.908447265625,5.0,0.181689453125,0.181689453125,1.0,estimated-rho stopping robustness; exact rho used only for retrospective regret
n8_d50_s17,8,0.4,54,0.0625,0.9,0.05625,0.0,1.0,2,2,0,0.908447265625,5.0,0.181689453125,0.181689453125,1.0,estimated-rho stopping robustness; exact rho used only for retrospective regret
n8_d50_s17,8,0.4,54,0.0625,1.0,0.0625,0.0,1.0,2,2,0,0.908447265625,5.0,0.181689453125,0.181689453125,1.0,estimated-rho stopping robustness; exact rho used only for retrospective regret
n8_d50_s17,8,0.4,54,0.0625,1.1,0.06875,0.0,1.0,2,2,0,0.908447265625,5.0,0.181689453125,0.181689453125,1.0,estimated-rho stopping robustness; exact rho used only for retrospective regret
n8_d50_s17,8,0.4,54,0.0625,1.25,0.078125,0.0,1.0,2,2,0,0.908447265625,5.0,0.181689453125,0.181689453125,1.0,estimated-rho stopping robustness; exact rho used only for retrospective regret
n8_d50_s17,8,0.4,54,0.0625,1.5,0.09375,0.0,1.0,1,2,-1,0.47265625,3.0,0.15755208333333334,0.181689453125,0.8671504075965242,estimated-rho stopping robustness; exact rho used only for retrospective regret
n8_d50_s17,8,0.4,54,0.0625,0.5,0.03125,0.0,4.0,3,2,1,0.9613189697265625,16.0,0.060082435607910156,0.08258611505681818,0.7275125554286482,estimated-rho stopping robustness; exact rho used only for retrospective regret
n8_d50_s17,8,0.4,54,0.0625,0.75,0.046875,0.0,4.0,2,2,0,0.908447265625,11.0,0.08258611505681818,0.08258611505681818,1.0,estimated-rho stopping robustness; exact rho used only for retrospective regret
n8_d50_s17,8,0.4,54,0.0625,0.9,0.05625,0.0,4.0,2,2,0,0.908447265625,11.0,0.08258611505681818,0.08258611505681818,1.0,estimated-rho stopping robustness; exact rho used only for retrospective regret
n8_d50_s17,8,0.4,54,0.0625,1.0,0.0625,0.0,4.0,2,2,0,0.908447265625,11.0,0.08258611505681818,0.08258611505681818,1.0,estimated-rho stopping robustness; exact rho used only for retrospective regret
n8_d50_s17,8,0.4,54,0.0625,1.1,0.06875,0.0,4.0,2,2,0,0.908447265625,11.0,0.08258611505681818,0.08258611505681818,1.0,estimated-rho stopping robustness; exact rho used only for retrospective regret
n8_d50_s17,8,0.4,54,0.0625,1.25,0.078125,0.0,4.0,1,2,-1,0.47265625,6.0,0.07877604166666667,0.08258611505681818,0.9538654483561768,estimated-rho stopping robustness; exact rho used only for retrospective regret
n8_d50_s17,8,0.4,54,0.0625,1.5,0.09375,0.0,4.0,1,2,-1,0.47265625,6.0,0.07877604166666667,0.08258611505681818,0.9538654483561768,estimated-rho stopping robustness; exact rho used only for retrospective regret
n8_d50_s17,8,0.4,54,0.0625,0.5,0.03125,0.001,1.0,3,2,1,0.8526134404543707,7.0,0.1218019200649101,0.1660516572458125,0.7335182441726682,estimated-rho stopping robustness; exact rho used only for retrospective regret
n8_d50_s17,8,0.4,54,0.0625,0.75,0.046875,0.001,1.0,2,2,0,0.8302582862290625,5.0,0.1660516572458125,0.1660516572458125,1.0,estimated-rho stopping robustness; exact rho used only for retrospective regret
n8_d50_s17,8,0.4,54,0.0625,0.9,0.05625,0.001,1.0,2,2,0,0.8302582862290625,5.0,0.1660516572458125,0.1660516572458125,1.0,estimated-rho stopping robustness; exact rho used only for retrospective regret
n8_d50_s17,8,0.4,54,0.0625,1.0,0.0625,0.001,1.0,2,2,0,0.8302582862290625,5.0,0.1660516572458125,0.1660516572458125,1.0,estimated-rho stopping robustness; exact rho used only for retrospective regret
n8_d50_s17,8,0.4,54,0.0625,1.1,0.06875,0.001,1.0,2,2,0,0.8302582862290625,5.0,0.1660516572458125,0.1660516572458125,1.0,estimated-rho stopping robustness; exact rho used only for retrospective regret
n8_d50_s17,8,0.4,54,0.0625,1.25,0.078125,0.001,1.0,2,2,0,0.8302582862290625,5.0,0.1660516572458125,0.1660516572458125,1.0,estimated-rho stopping robustness; exact rho used only for retrospective regret
n8_d50_s17,8,0.4,54,0.0625,1.5,0.09375,0.001,1.0,1,2,-1,0.4451308928269301,3.0,0.14837696427564337,0.1660516572458125,0.8935590691274787,estimated-rho stopping robustness; exact rho used only for retrospective regret
n8_d50_s17,8,0.4,54,0.0625,0.5,0.03125,0.001,4.0,2,2,0,0.8302582862290625,11.0,0.07547802602082386,0.07547802602082386,1.0,estimated-rho stopping robustness; exact rho used only for retrospective regret
n8_d50_s17,8,0.4,54,0.0625,0.75,0.046875,0.001,4.0,2,2,0,0.8302582862290625,11.0,0.07547802602082386,0.07547802602082386,1.0,estimated-rho stopping robustness; exact rho used only for retrospective regret
n8_d50_s17,8,0.4,54,0.0625,0.9,0.05625,0.001,4.0,2,2,0,0.8302582862290625,11.0,0.07547802602082386,0.07547802602082386,1.0,estimated-rho stopping robustness; exact rho used only for retrospective regret
n8_d50_s17,8,0.4,54,0.0625,1.0,0.0625,0.001,4.0,2,2,0,0.8302582862290625,11.0,0.07547802602082386,0.07547802602082386,1.0,estimated-rho stopping robustness; exact rho used only for retrospective regret
n8_d50_s17,8,0.4,54,0.0625,1.1,0.06875,0.001,4.0,1,2,-1,0.4451308928269301,6.0,0.07418848213782168,0.07547802602082386,0.9829149760402266,estimated-rho stopping robustness; exact rho used only for retrospective regret
n8_d50_s17,8,0.4,54,0.0625,1.25,0.078125,0.001,4.0,1,2,-1,0.4451308928269301,6.0,0.07418848213782168,0.07547802602082386,0.9829149760402266,estimated-rho stopping robustness; exact rho used only for retrospective regret
n8_d50_s17,8,0.4,54,0.0625,1.5,0.09375,0.001,4.0,1,2,-1,0.4451308928269301,6.0,0.07418848213782168,0.07547802602082386,0.9829149760402266,estimated-rho stopping robustness; exact rho used only for retrospective regret
n8_d50_s42,8,0.25,49,0.1875,0.5,0.09375,0.0,1.0,1,1,0,0.94921875,3.0,0.31640625,0.31640625,1.0,estimated-rho stopping robustness; exact rho used only for retrospective regret
n8_d50_s42,8,0.25,49,0.1875,0.75,0.140625,0.0,1.0,1,1,0,0.94921875,3.0,0.31640625,0.31640625,1.0,estimated-rho stopping robustness; exact rho used only for retrospective regret
n8_d50_s42,8,0.25,49,0.1875,0.9,0.16875,0.0,1.0,1,1,0,0.94921875,3.0,0.31640625,0.31640625,1.0,estimated-rho stopping robustness; exact rho used only for retrospective regret
n8_d50_s42,8,0.25,49,0.1875,1.0,0.1875,0.0,1.0,1,1,0,0.94921875,3.0,0.31640625,0.31640625,1.0,estimated-rho stopping robustness; exact rho used only for retrospective regret
n8_d50_s42,8,0.25,49,0.1875,1.1,0.20625000000000002,0.0,1.0,1,1,0,0.94921875,3.0,0.31640625,0.31640625,1.0,estimated-rho stopping robustness; exact rho used only for retrospective regret
n8_d50_s42,8,0.25,49,0.1875,1.25,0.234375,0.0,1.0,1,1,0,0.94921875,3.0,0.31640625,0.31640625,1.0,estimated-rho stopping robustness; exact rho used only for retrospective regret
n8_d50_s42,8,0.25,49,0.1875,1.5,0.28125,0.0,1.0,1,1,0,0.94921875,3.0,0.31640625,0.31640625,1.0,estimated-rho stopping robustness; exact rho used only for retrospective regret
n8_d50_s42,8,0.25,49,0.1875,0.5,0.09375,0.0,4.0,1,0,1,0.94921875,6.0,0.158203125,0.18749999999999997,0.8437500000000001,estimated-rho stopping robustness; exact rho used only for retrospective regret
n8_d50_s42,8,0.25,49,0.1875,0.75,0.140625,0.0,4.0,0,0,0,0.18749999999999997,1.0,0.18749999999999997,0.18749999999999997,1.0,estimated-rho stopping robustness; exact rho used only for retrospective regret
n8_d50_s42,8,0.25,49,0.1875,0.9,0.16875,0.0,4.0,0,0,0,0.18749999999999997,1.0,0.18749999999999997,0.18749999999999997,1.0,estimated-rho stopping robustness; exact rho used only for retrospective regret
n8_d50_s42,8,0.25,49,0.1875,1.0,0.1875,0.0,4.0,0,0,0,0.18749999999999997,1.0,0.18749999999999997,0.18749999999999997,1.0,estimated-rho stopping robustness; exact rho used only for retrospective regret
n8_d50_s42,8,0.25,49,0.1875,1.1,0.20625000000000002,0.0,4.0,0,0,0,0.18749999999999997,1.0,0.18749999999999997,0.18749999999999997,1.0,estimated-rho stopping robustness; exact rho used only for retrospective regret
n8_d50_s42,8,0.25,49,0.1875,1.25,0.234375,0.0,4.0,0,0,0,0.18749999999999997,1.0,0.18749999999999997,0.18749999999999997,1.0,estimated-rho stopping robustness; exact rho used only for retrospective regret
n8_d50_s42,8,0.25,49,0.1875,1.5,0.28125,0.0,4.0,0,0,0,0.18749999999999997,1.0,0.18749999999999997,0.18749999999999997,1.0,estimated-rho stopping robustness; exact rho used only for retrospective regret
n8_d50_s42,8,0.25,49,0.1875,0.5,0.09375,0.001,1.0,1,1,0,0.8939405533631736,3.0,0.2979801844543912,0.2979801844543912,1.0,estimated-rho stopping robustness; exact rho used only for retrospective regret
n8_d50_s42,8,0.25,49,0.1875,0.75,0.140625,0.001,1.0,1,1,0,0.8939405533631736,3.0,0.2979801844543912,0.2979801844543912,1.0,estimated-rho stopping robustness; exact rho used only for retrospective regret
n8_d50_s42,8,0.25,49,0.1875,0.9,0.16875,0.001,1.0,1,1,0,0.8939405533631736,3.0,0.2979801844543912,0.2979801844543912,1.0,estimated-rho stopping robustness; exact rho used only for retrospective regret
n8_d50_s42,8,0.25,49,0.1875,1.0,0.1875,0.001,1.0,1,1,0,0.8939405533631736,3.0,0.2979801844543912,0.2979801844543912,1.0,estimated-rho stopping robustness; exact rho used only for retrospective regret
n8_d50_s42,8,0.25,49,0.1875,1.1,0.20625000000000002,0.001,1.0,1,1,0,0.8939405533631736,3.0,0.2979801844543912,0.2979801844543912,1.0,estimated-rho stopping robustness; exact rho used only for retrospective regret
n8_d50_s42,8,0.25,49,0.1875,1.25,0.234375,0.001,1.0,1,1,0,0.8939405533631736,3.0,0.2979801844543912,0.2979801844543912,1.0,estimated-rho stopping robustness; exact rho used only for retrospective regret
n8_d50_s42,8,0.25,49,0.1875,1.5,0.28125,0.001,1.0,1,1,0,0.8939405533631736,3.0,0.2979801844543912,0.2979801844543912,1.0,estimated-rho stopping robustness; exact rho used only for retrospective regret
n8_d50_s42,8,0.25,49,0.1875,0.5,0.09375,0.001,4.0,1,0,1,0.8939405533631736,6.0,0.1489900922271956,0.18195853754034524,0.8188134189315539,estimated-rho stopping robustness; exact rho used only for retrospective regret
n8_d50_s42,8,0.25,49,0.1875,0.75,0.140625,0.001,4.0,0,0,0,0.18195853754034524,1.0,0.18195853754034524,0.18195853754034524,1.0,estimated-rho stopping robustness; exact rho used only for retrospective regret
n8_d50_s42,8,0.25,49,0.1875,0.9,0.16875,0.001,4.0,0,0,0,0.18195853754034524,1.0,0.18195853754034524,0.18195853754034524,1.0,estimated-rho stopping robustness; exact rho used only for retrospective regret
n8_d50_s42,8,0.25,49,0.1875,1.0,0.1875,0.001,4.0,0,0,0,0.18195853754034524,1.0,0.18195853754034524,0.18195853754034524,1.0,estimated-rho stopping robustness; exact rho used only for retrospective regret
n8_d50_s42,8,0.25,49,0.1875,1.1,0.20625000000000002,0.001,4.0,0,0,0,0.18195853754034524,1.0,0.18195853754034524,0.18195853754034524,1.0,estimated-rho stopping robustness; exact rho used only for retrospective regret
n8_d50_s42,8,0.25,49,0.1875,1.25,0.234375,0.001,4.0,0,0,0,0.18195853754034524,1.0,0.18195853754034524,0.18195853754034524,1.0,estimated-rho stopping robustness; exact rho used only for retrospective regret
n8_d50_s42,8,0.25,49,0.1875,1.5,0.28125,0.001,4.0,0,0,0,0.18195853754034524,1.0,0.18195853754034524,0.18195853754034524,1.0,estimated-rho stopping robustness; exact rho used only for retrospective regret
n8_d50_s42,8,0.4,54,0.046875,0.5,0.0234375,0.0,1.0,3,2,1,0.9981388254091145,7.0,0.14259126077273063,0.15741362571716305,0.9058381072356158,estimated-rho stopping robustness; exact rho used only for retrospective regret
n8_d50_s42,8,0.4,54,0.046875,0.75,0.03515625,0.0,1.0,3,2,1,0.9981388254091145,7.0,0.14259126077273063,0.15741362571716305,0.9058381072356158,estimated-rho stopping robustness; exact rho used only for retrospective regret
n8_d50_s42,8,0.4,54,0.046875,0.9,0.0421875,0.0,1.0,2,2,0,0.7870681285858153,5.0,0.15741362571716305,0.15741362571716305,1.0,estimated-rho stopping robustness; exact rho used only for retrospective regret
n8_d50_s42,8,0.4,54,0.046875,1.0,0.046875,0.0,1.0,2,2,0,0.7870681285858153,5.0,0.15741362571716305,0.15741362571716305,1.0,estimated-rho stopping robustness; exact rho used only for retrospective regret
n8_d50_s42,8,0.4,54,0.046875,1.1,0.051562500000000004,0.0,1.0,2,2,0,0.7870681285858153,5.0,0.15741362571716305,0.15741362571716305,1.0,estimated-rho stopping robustness; exact rho used only for retrospective regret
n8_d50_s42,8,0.4,54,0.046875,1.25,0.05859375,0.0,1.0,2,2,0,0.7870681285858153,5.0,0.15741362571716305,0.15741362571716305,1.0,estimated-rho stopping robustness; exact rho used only for retrospective regret
n8_d50_s42,8,0.4,54,0.046875,1.5,0.0703125,0.0,1.0,2,2,0,0.7870681285858153,5.0,0.15741362571716305,0.15741362571716305,1.0,estimated-rho stopping robustness; exact rho used only for retrospective regret
n8_d50_s42,8,0.4,54,0.046875,0.5,0.0234375,0.0,4.0,3,2,1,0.9981388254091145,16.0,0.062383676588069654,0.07155164805325594,0.8718691782142802,estimated-rho stopping robustness; exact rho used only for retrospective regret
n8_d50_s42,8,0.4,54,0.046875,0.75,0.03515625,0.0,4.0,2,2,0,0.7870681285858153,11.0,0.07155164805325594,0.07155164805325594,1.0,estimated-rho stopping robustness; exact rho used only for retrospective regret
n8_d50_s42,8,0.4,54,0.046875,0.9,0.0421875,0.0,4.0,2,2,0,0.7870681285858153,11.0,0.07155164805325594,0.07155164805325594,1.0,estimated-rho stopping robustness; exact rho used only for retrospective regret
n8_d50_s42,8,0.4,54,0.046875,1.0,0.046875,0.0,4.0,2,2,0,0.7870681285858153,11.0,0.07155164805325594,0.07155164805325594,1.0,estimated-rho stopping robustness; exact rho used only for retrospective regret
n8_d50_s42,8,0.4,54,0.046875,1.1,0.051562500000000004,0.0,4.0,2,2,0,0.7870681285858153,11.0,0.07155164805325594,0.07155164805325594,1.0,estimated-rho stopping robustness; exact rho used only for retrospective regret
n8_d50_s42,8,0.4,54,0.046875,1.25,0.05859375,0.0,4.0,2,2,0,0.7870681285858153,11.0,0.07155164805325594,0.07155164805325594,1.0,estimated-rho stopping robustness; exact rho used only for retrospective regret
n8_d50_s42,8,0.4,54,0.046875,1.5,0.0703125,0.0,4.0,1,2,-1,0.37078857421875,6.0,0.061798095703125,0.07155164805325594,0.8636851475053187,estimated-rho stopping robustness; exact rho used only for retrospective regret
n8_d50_s42,8,0.4,54,0.046875,0.5,0.0234375,0.001,1.0,3,2,1,0.8852697229362024,7.0,0.12646710327660035,0.14386522152952833,0.879066545284838,estimated-rho stopping robustness; exact rho used only for retrospective regret
n8_d50_s42,8,0.4,54,0.046875,0.75,0.03515625,0.001,1.0,2,2,0,0.7193261076476416,5.0,0.14386522152952833,0.14386522152952833,1.0,estimated-rho stopping robustness; exact rho used only for retrospective regret
n8_d50_s42,8,0.4,54,0.046875,0.9,0.0421875,0.001,1.0,2,2,0,0.7193261076476416,5.0,0.14386522152952833,0.14386522152952833,1.0,estimated-rho stopping robustness; exact rho used only for retrospective regret
n8_d50_s42,8,0.4,54,0.046875,1.0,0.046875,0.001,1.0,2,2,0,0.7193261076476416,5.0,0.14386522152952833,0.14386522152952833,1.0,estimated-rho stopping robustness; exact rho used only for retrospective regret
n8_d50_s42,8,0.4,54,0.046875,1.1,0.051562500000000004,0.001,1.0,2,2,0,0.7193261076476416,5.0,0.14386522152952833,0.14386522152952833,1.0,estimated-rho stopping robustness; exact rho used only for retrospective regret
n8_d50_s42,8,0.4,54,0.046875,1.25,0.05859375,0.001,1.0,2,2,0,0.7193261076476416,5.0,0.14386522152952833,0.14386522152952833,1.0,estimated-rho stopping robustness; exact rho used only for retrospective regret
n8_d50_s42,8,0.4,54,0.046875,1.5,0.0703125,0.001,1.0,2,2,0,0.7193261076476416,5.0,0.14386522152952833,0.14386522152952833,1.0,estimated-rho stopping robustness; exact rho used only for retrospective regret
n8_d50_s42,8,0.4,54,0.046875,0.5,0.0234375,0.001,4.0,3,2,1,0.8852697229362024,16.0,0.05532935768351265,0.06539328251342197,0.8461015498366564,estimated-rho stopping robustness; exact rho used only for retrospective regret
n8_d50_s42,8,0.4,54,0.046875,0.75,0.03515625,0.001,4.0,2,2,0,0.7193261076476416,11.0,0.06539328251342197,0.06539328251342197,1.0,estimated-rho stopping robustness; exact rho used only for retrospective regret
n8_d50_s42,8,0.4,54,0.046875,0.9,0.0421875,0.001,4.0,2,2,0,0.7193261076476416,11.0,0.06539328251342197,0.06539328251342197,1.0,estimated-rho stopping robustness; exact rho used only for retrospective regret
n8_d50_s42,8,0.4,54,0.046875,1.0,0.046875,0.001,4.0,2,2,0,0.7193261076476416,11.0,0.06539328251342197,0.06539328251342197,1.0,estimated-rho stopping robustness; exact rho used only for retrospective regret
n8_d50_s42,8,0.4,54,0.046875,1.1,0.051562500000000004,0.001,4.0,2,2,0,0.7193261076476416,11.0,0.06539328251342197,0.06539328251342197,1.0,estimated-rho stopping robustness; exact rho used only for retrospective regret
n8_d50_s42,8,0.4,54,0.046875,1.25,0.05859375,0.001,4.0,2,2,0,0.7193261076476416,11.0,0.06539328251342197,0.06539328251342197,1.0,estimated-rho stopping robustness; exact rho used only for retrospective regret
n8_d50_s42,8,0.4,54,0.046875,1.5,0.0703125,0.001,4.0,1,2,-1,0.3491955286574897,6.0,0.05819925477624829,0.06539328251342197,0.8899882761551676,estimated-rho stopping robustness; exact rho used only for retrospective regret
n8_d50_s42,8,0.55,60,0.015625,0.5,0.0078125,0.0,1.0,6,4,2,0.9965856807867991,13.0,0.07666043698359994,0.09070855771076619,0.8451290475595459,estimated-rho stopping robustness; exact rho used only for retrospective regret
n8_d50_s42,8,0.55,60,0.015625,0.75,0.01171875,0.0,1.0,5,4,1,0.9635154816192113,11.0,0.08759231651083739,0.09070855771076619,0.9656455655499974,estimated-rho stopping robustness; exact rho used only for retrospective regret
n8_d50_s42,8,0.55,60,0.015625,0.9,0.0140625,0.0,1.0,4,4,0,0.8163770193968958,9.0,0.09070855771076619,0.09070855771076619,1.0,estimated-rho stopping robustness; exact rho used only for retrospective regret
n8_d50_s42,8,0.55,60,0.015625,1.0,0.015625,0.0,1.0,4,4,0,0.8163770193968958,9.0,0.09070855771076619,0.09070855771076619,1.0,estimated-rho stopping robustness; exact rho used only for retrospective regret
n8_d50_s42,8,0.55,60,0.015625,1.1,0.0171875,0.0,1.0,4,4,0,0.8163770193968958,9.0,0.09070855771076619,0.09070855771076619,1.0,estimated-rho stopping robustness; exact rho used only for retrospective regret
n8_d50_s42,8,0.55,60,0.015625,1.25,0.01953125,0.0,1.0,4,4,0,0.8163770193968958,9.0,0.09070855771076619,0.09070855771076619,1.0,estimated-rho stopping robustness; exact rho used only for retrospective regret
n8_d50_s42,8,0.55,60,0.015625,1.5,0.0234375,0.0,1.0,3,4,-1,0.5913801500573754,7.0,0.08448287857962507,0.09070855771076619,0.9313661324988503,estimated-rho stopping robustness; exact rho used only for retrospective regret
n8_d50_s42,8,0.55,60,0.015625,0.5,0.0078125,0.0,4.0,6,4,2,0.9965856807867991,31.0,0.032147925186670936,0.03887509616175694,0.8269542293324588,estimated-rho stopping robustness; exact rho used only for retrospective regret
n8_d50_s42,8,0.55,60,0.015625,0.75,0.01171875,0.0,4.0,5,4,1,0.9635154816192113,26.0,0.03705828775458505,0.03887509616175694,0.9532654941967922,estimated-rho stopping robustness; exact rho used only for retrospective regret
n8_d50_s42,8,0.55,60,0.015625,0.9,0.0140625,0.0,4.0,4,4,0,0.8163770193968958,21.0,0.03887509616175694,0.03887509616175694,1.0,estimated-rho stopping robustness; exact rho used only for retrospective regret
n8_d50_s42,8,0.55,60,0.015625,1.0,0.015625,0.0,4.0,4,4,0,0.8163770193968958,21.0,0.03887509616175694,0.03887509616175694,1.0,estimated-rho stopping robustness; exact rho used only for retrospective regret
n8_d50_s42,8,0.55,60,0.015625,1.1,0.0171875,0.0,4.0,4,4,0,0.8163770193968958,21.0,0.03887509616175694,0.03887509616175694,1.0,estimated-rho stopping robustness; exact rho used only for retrospective regret
n8_d50_s42,8,0.55,60,0.015625,1.25,0.01953125,0.0,4.0,4,4,0,0.8163770193968958,21.0,0.03887509616175694,0.03887509616175694,1.0,estimated-rho stopping robustness; exact rho used only for retrospective regret
n8_d50_s42,8,0.55,60,0.015625,1.5,0.0234375,0.0,4.0,3,4,-1,0.5913801500573754,16.0,0.036961259378585964,0.03887509616175694,0.9507695935925762,estimated-rho stopping robustness; exact rho used only for retrospective regret
n8_d50_s42,8,0.55,60,0.015625,0.5,0.0078125,0.001,1.0,6,4,2,0.8078166526052531,13.0,0.062139742508096396,0.07807357915166915,0.795912563293416,estimated-rho stopping robustness; exact rho used only for retrospective regret
n8_d50_s42,8,0.55,60,0.015625,0.75,0.01171875,0.001,1.0,4,4,0,0.7026622123650224,9.0,0.07807357915166915,0.07807357915166915,1.0,estimated-rho stopping robustness; exact rho used only for retrospective regret
n8_d50_s42,8,0.55,60,0.015625,0.9,0.0140625,0.001,1.0,4,4,0,0.7026622123650224,9.0,0.07807357915166915,0.07807357915166915,1.0,estimated-rho stopping robustness; exact rho used only for retrospective regret
n8_d50_s42,8,0.55,60,0.015625,1.0,0.015625,0.001,1.0,4,4,0,0.7026622123650224,9.0,0.07807357915166915,0.07807357915166915,1.0,estimated-rho stopping robustness; exact rho used only for retrospective regret
n8_d50_s42,8,0.55,60,0.015625,1.1,0.0171875,0.001,1.0,4,4,0,0.7026622123650224,9.0,0.07807357915166915,0.07807357915166915,1.0,estimated-rho stopping robustness; exact rho used only for retrospective regret
n8_d50_s42,8,0.55,60,0.015625,1.25,0.01953125,0.001,1.0,3,4,-1,0.5245071409547455,7.0,0.07492959156496364,0.07807357915166915,0.9597304540041918,estimated-rho stopping robustness; exact rho used only for retrospective regret
n8_d50_s42,8,0.55,60,0.015625,1.5,0.0234375,0.001,1.0,3,4,-1,0.5245071409547455,7.0,0.07492959156496364,0.07807357915166915,0.9597304540041918,estimated-rho stopping robustness; exact rho used only for retrospective regret
n8_d50_s42,8,0.55,60,0.015625,0.5,0.0078125,0.001,4.0,5,4,1,0.8047957800301122,26.0,0.030953683847312008,0.03346010535071535,0.9250922411291883,estimated-rho stopping robustness; exact rho used only for retrospective regret
n8_d50_s42,8,0.55,60,0.015625,0.75,0.01171875,0.001,4.0,4,4,0,0.7026622123650224,21.0,0.03346010535071535,0.03346010535071535,1.0,estimated-rho stopping robustness; exact rho used only for retrospective regret
n8_d50_s42,8,0.55,60,0.015625,0.9,0.0140625,0.001,4.0,4,4,0,0.7026622123650224,21.0,0.03346010535071535,0.03346010535071535,1.0,estimated-rho stopping robustness; exact rho used only for retrospective regret
n8_d50_s42,8,0.55,60,0.015625,1.0,0.015625,0.001,4.0,4,4,0,0.7026622123650224,21.0,0.03346010535071535,0.03346010535071535,1.0,estimated-rho stopping robustness; exact rho used only for retrospective regret
n8_d50_s42,8,0.55,60,0.015625,1.1,0.0171875,0.001,4.0,4,4,0,0.7026622123650224,21.0,0.03346010535071535,0.03346010535071535,1.0,estimated-rho stopping robustness; exact rho used only for retrospective regret
n8_d50_s42,8,0.55,60,0.015625,1.25,0.01953125,0.001,4.0,3,4,-1,0.5245071409547455,16.0,0.03278169630967159,0.03346010535071535,0.9797248384626125,estimated-rho stopping robustness; exact rho used only for retrospective regret
n8_d50_s42,8,0.55,60,0.015625,1.5,0.0234375,0.001,4.0,3,4,-1,0.5245071409547455,16.0,0.03278169630967159,0.03346010535071535,0.9797248384626125,estimated-rho stopping robustness; exact rho used only for retrospective regret
n8_d75_s17,8,0.25,71,0.21875,0.5,0.109375,0.0,1.0,1,1,0,0.9877929687500001,3.0,0.3292643229166667,0.3292643229166667,1.0,estimated-rho stopping robustness; exact rho used only for retrospective regret
n8_d75_s17,8,0.25,71,0.21875,0.75,0.1640625,0.0,1.0,1,1,0,0.9877929687500001,3.0,0.3292643229166667,0.3292643229166667,1.0,estimated-rho stopping robustness; exact rho used only for retrospective regret
n8_d75_s17,8,0.25,71,0.21875,0.9,0.196875,0.0,1.0,1,1,0,0.9877929687500001,3.0,0.3292643229166667,0.3292643229166667,1.0,estimated-rho stopping robustness; exact rho used only for retrospective regret
n8_d75_s17,8,0.25,71,0.21875,1.0,0.21875,0.0,1.0,1,1,0,0.9877929687500001,3.0,0.3292643229166667,0.3292643229166667,1.0,estimated-rho stopping robustness; exact rho used only for retrospective regret
n8_d75_s17,8,0.25,71,0.21875,1.1,0.24062500000000003,0.0,1.0,1,1,0,0.9877929687500001,3.0,0.3292643229166667,0.3292643229166667,1.0,estimated-rho stopping robustness; exact rho used only for retrospective regret
n8_d75_s17,8,0.25,71,0.21875,1.25,0.2734375,0.0,1.0,1,1,0,0.9877929687500001,3.0,0.3292643229166667,0.3292643229166667,1.0,estimated-rho stopping robustness; exact rho used only for retrospective regret
n8_d75_s17,8,0.25,71,0.21875,1.5,0.328125,0.0,1.0,0,1,-1,0.21875,1.0,0.21875,0.3292643229166667,0.6643598615916955,estimated-rho stopping robustness; exact rho used only for retrospective regret
n8_d75_s17,8,0.25,71,0.21875,0.5,0.109375,0.0,4.0,1,0,1,0.9877929687500001,6.0,0.16463216145833334,0.21875,0.7526041666666667,estimated-rho stopping robustness; exact rho used only for retrospective regret
n8_d75_s17,8,0.25,71,0.21875,0.75,0.1640625,0.0,4.0,0,0,0,0.21875,1.0,0.21875,0.21875,1.0,estimated-rho stopping robustness; exact rho used only for retrospective regret
n8_d75_s17,8,0.25,71,0.21875,0.9,0.196875,0.0,4.0,0,0,0,0.21875,1.0,0.21875,0.21875,1.0,estimated-rho stopping robustness; exact rho used only for retrospective regret
n8_d75_s17,8,0.25,71,0.21875,1.0,0.21875,0.0,4.0,0,0,0,0.21875,1.0,0.21875,0.21875,1.0,estimated-rho stopping robustness; exact rho used only for retrospective regret
n8_d75_s17,8,0.25,71,0.21875,1.1,0.24062500000000003,0.0,4.0,0,0,0,0.21875,1.0,0.21875,0.21875,1.0,estimated-rho stopping robustness; exact rho used only for retrospective regret
n8_d75_s17,8,0.25,71,0.21875,1.25,0.2734375,0.0,4.0,0,0,0,0.21875,1.0,0.21875,0.21875,1.0,estimated-rho stopping robustness; exact rho used only for retrospective regret
n8_d75_s17,8,0.25,71,0.21875,1.5,0.328125,0.0,4.0,0,0,0,0.21875,1.0,0.21875,0.21875,1.0,estimated-rho stopping robustness; exact rho used only for retrospective regret
n8_d75_s17,8,0.25,71,0.21875,0.5,0.109375,0.001,1.0,1,1,0,0.9302683844926443,3.0,0.31008946149754807,0.31008946149754807,1.0,estimated-rho stopping robustness; exact rho used only for retrospective regret
n8_d75_s17,8,0.25,71,0.21875,0.75,0.1640625,0.001,1.0,1,1,0,0.9302683844926443,3.0,0.31008946149754807,0.31008946149754807,1.0,estimated-rho stopping robustness; exact rho used only for retrospective regret
n8_d75_s17,8,0.25,71,0.21875,0.9,0.196875,0.001,1.0,1,1,0,0.9302683844926443,3.0,0.31008946149754807,0.31008946149754807,1.0,estimated-rho stopping robustness; exact rho used only for retrospective regret
n8_d75_s17,8,0.25,71,0.21875,1.0,0.21875,0.001,1.0,1,1,0,0.9302683844926443,3.0,0.31008946149754807,0.31008946149754807,1.0,estimated-rho stopping robustness; exact rho used only for retrospective regret
n8_d75_s17,8,0.25,71,0.21875,1.1,0.24062500000000003,0.001,1.0,1,1,0,0.9302683844926443,3.0,0.31008946149754807,0.31008946149754807,1.0,estimated-rho stopping robustness; exact rho used only for retrospective regret
n8_d75_s17,8,0.25,71,0.21875,1.25,0.2734375,0.001,1.0,1,1,0,0.9302683844926443,3.0,0.31008946149754807,0.31008946149754807,1.0,estimated-rho stopping robustness; exact rho used only for retrospective regret
n8_d75_s17,8,0.25,71,0.21875,1.5,0.328125,0.001,1.0,0,1,-1,0.21228496046373616,1.0,0.21228496046373616,0.31008946149754807,0.6845926315538935,estimated-rho stopping robustness; exact rho used only for retrospective regret
n8_d75_s17,8,0.25,71,0.21875,0.5,0.109375,0.001,4.0,1,0,1,0.9302683844926443,6.0,0.15504473074877403,0.21228496046373616,0.7303613520716639,estimated-rho stopping robustness; exact rho used only for retrospective regret
n8_d75_s17,8,0.25,71,0.21875,0.75,0.1640625,0.001,4.0,0,0,0,0.21228496046373616,1.0,0.21228496046373616,0.21228496046373616,1.0,estimated-rho stopping robustness; exact rho used only for retrospective regret
n8_d75_s17,8,0.25,71,0.21875,0.9,0.196875,0.001,4.0,0,0,0,0.21228496046373616,1.0,0.21228496046373616,0.21228496046373616,1.0,estimated-rho stopping robustness; exact rho used only for retrospective regret
n8_d75_s17,8,0.25,71,0.21875,1.0,0.21875,0.001,4.0,0,0,0,0.21228496046373616,1.0,0.21228496046373616,0.21228496046373616,1.0,estimated-rho stopping robustness; exact rho used only for retrospective regret
n8_d75_s17,8,0.25,71,0.21875,1.1,0.24062500000000003,0.001,4.0,0,0,0,0.21228496046373616,1.0,0.21228496046373616,0.21228496046373616,1.0,estimated-rho stopping robustness; exact rho used only for retrospective regret
n8_d75_s17,8,0.25,71,0.21875,1.25,0.2734375,0.001,4.0,0,0,0,0.21228496046373616,1.0,0.21228496046373616,0.21228496046373616,1.0,estimated-rho stopping robustness; exact rho used only for retrospective regret
n8_d75_s17,8,0.25,71,0.21875,1.5,0.328125,0.001,4.0,0,0,0,0.21228496046373616,1.0,0.21228496046373616,0.21228496046373616,1.0,estimated-rho stopping robustness; exact rho used only for retrospective regret
n8_d75_s17,8,0.4,77,0.078125,0.5,0.0390625,0.0,1.0,2,2,0,0.9763538837432862,5.0,0.19527077674865725,0.19527077674865725,1.0,estimated-rho stopping robustness; exact rho used only for retrospective regret
n8_d75_s17,8,0.4,77,0.078125,0.75,0.05859375,0.0,1.0,2,2,0,0.9763538837432862,5.0,0.19527077674865725,0.19527077674865725,1.0,estimated-rho stopping robustness; exact rho used only for retrospective regret
n8_d75_s17,8,0.4,77,0.078125,0.9,0.0703125,0.0,1.0,2,2,0,0.9763538837432862,5.0,0.19527077674865725,0.19527077674865725,1.0,estimated-rho stopping robustness; exact rho used only for retrospective regret
n8_d75_s17,8,0.4,77,0.078125,1.0,0.078125,0.0,1.0,2,2,0,0.9763538837432862,5.0,0.19527077674865725,0.19527077674865725,1.0,estimated-rho stopping robustness; exact rho used only for retrospective regret
n8_d75_s17,8,0.4,77,0.078125,1.1,0.0859375,0.0,1.0,1,2,-1,0.5642700195312501,3.0,0.1880900065104167,0.19527077674865725,0.9632266007346134,estimated-rho stopping robustness; exact rho used only for retrospective regret
n8_d75_s17,8,0.4,77,0.078125,1.25,0.09765625,0.0,1.0,1,2,-1,0.5642700195312501,3.0,0.1880900065104167,0.19527077674865725,0.9632266007346134,estimated-rho stopping robustness; exact rho used only for retrospective regret
n8_d75_s17,8,0.4,77,0.078125,1.5,0.1171875,0.0,1.0,1,2,-1,0.5642700195312501,3.0,0.1880900065104167,0.19527077674865725,0.9632266007346134,estimated-rho stopping robustness; exact rho used only for retrospective regret
n8_d75_s17,8,0.4,77,0.078125,0.5,0.0390625,0.0,4.0,2,1,1,0.9763538837432862,11.0,0.08875944397666238,0.09404500325520836,0.9437975533457887,estimated-rho stopping robustness; exact rho used only for retrospective regret
n8_d75_s17,8,0.4,77,0.078125,0.75,0.05859375,0.0,4.0,2,1,1,0.9763538837432862,11.0,0.08875944397666238,0.09404500325520836,0.9437975533457887,estimated-rho stopping robustness; exact rho used only for retrospective regret
n8_d75_s17,8,0.4,77,0.078125,0.9,0.0703125,0.0,4.0,1,1,0,0.5642700195312501,6.0,0.09404500325520836,0.09404500325520836,1.0,estimated-rho stopping robustness; exact rho used only for retrospective regret
n8_d75_s17,8,0.4,77,0.078125,1.0,0.078125,0.0,4.0,1,1,0,0.5642700195312501,6.0,0.09404500325520836,0.09404500325520836,1.0,estimated-rho stopping robustness; exact rho used only for retrospective regret
n8_d75_s17,8,0.4,77,0.078125,1.1,0.0859375,0.0,4.0,1,1,0,0.5642700195312501,6.0,0.09404500325520836,0.09404500325520836,1.0,estimated-rho stopping robustness; exact rho used only for retrospective regret
n8_d75_s17,8,0.4,77,0.078125,1.25,0.09765625,0.0,4.0,1,1,0,0.5642700195312501,6.0,0.09404500325520836,0.09404500325520836,1.0,estimated-rho stopping robustness; exact rho used only for retrospective regret
n8_d75_s17,8,0.4,77,0.078125,1.5,0.1171875,0.0,4.0,1,1,0,0.5642700195312501,6.0,0.09404500325520836,0.09404500325520836,1.0,estimated-rho stopping robustness; exact rho used only for retrospective regret
n8_d75_s17,8,0.4,77,0.078125,0.5,0.0390625,0.001,1.0,2,2,0,0.8923202622136686,5.0,0.17846405244273372,0.17846405244273372,1.0,estimated-rho stopping robustness; exact rho used only for retrospective regret
n8_d75_s17,8,0.4,77,0.078125,0.75,0.05859375,0.001,1.0,2,2,0,0.8923202622136686,5.0,0.17846405244273372,0.17846405244273372,1.0,estimated-rho stopping robustness; exact rho used only for retrospective regret
n8_d75_s17,8,0.4,77,0.078125,0.9,0.0703125,0.001,1.0,2,2,0,0.8923202622136686,5.0,0.17846405244273372,0.17846405244273372,1.0,estimated-rho stopping robustness; exact rho used only for retrospective regret
n8_d75_s17,8,0.4,77,0.078125,1.0,0.078125,0.001,1.0,2,2,0,0.8923202622136686,5.0,0.17846405244273372,0.17846405244273372,1.0,estimated-rho stopping robustness; exact rho used only for retrospective regret
n8_d75_s17,8,0.4,77,0.078125,1.1,0.0859375,0.001,1.0,1,2,-1,0.5314094917594226,3.0,0.17713649725314087,0.17846405244273372,0.9925612179516161,estimated-rho stopping robustness; exact rho used only for retrospective regret
n8_d75_s17,8,0.4,77,0.078125,1.25,0.09765625,0.001,1.0,1,2,-1,0.5314094917594226,3.0,0.17713649725314087,0.17846405244273372,0.9925612179516161,estimated-rho stopping robustness; exact rho used only for retrospective regret
n8_d75_s17,8,0.4,77,0.078125,1.5,0.1171875,0.001,1.0,1,2,-1,0.5314094917594226,3.0,0.17713649725314087,0.17846405244273372,0.9925612179516161,estimated-rho stopping robustness; exact rho used only for retrospective regret
n8_d75_s17,8,0.4,77,0.078125,0.5,0.0390625,0.001,4.0,2,1,1,0.8923202622136686,11.0,0.08112002383760623,0.08856824862657044,0.9159041202184307,estimated-rho stopping robustness; exact rho used only for retrospective regret
n8_d75_s17,8,0.4,77,0.078125,0.75,0.05859375,0.001,4.0,2,1,1,0.8923202622136686,11.0,0.08112002383760623,0.08856824862657044,0.9159041202184307,estimated-rho stopping robustness; exact rho used only for retrospective regret
n8_d75_s17,8,0.4,77,0.078125,0.9,0.0703125,0.001,4.0,1,1,0,0.5314094917594226,6.0,0.08856824862657044,0.08856824862657044,1.0,estimated-rho stopping robustness; exact rho used only for retrospective regret
n8_d75_s17,8,0.4,77,0.078125,1.0,0.078125,0.001,4.0,1,1,0,0.5314094917594226,6.0,0.08856824862657044,0.08856824862657044,1.0,estimated-rho stopping robustness; exact rho used only for retrospective regret
n8_d75_s17,8,0.4,77,0.078125,1.1,0.0859375,0.001,4.0,1,1,0,0.5314094917594226,6.0,0.08856824862657044,0.08856824862657044,1.0,estimated-rho stopping robustness; exact rho used only for retrospective regret
n8_d75_s17,8,0.4,77,0.078125,1.25,0.09765625,0.001,4.0,1,1,0,0.5314094917594226,6.0,0.08856824862657044,0.08856824862657044,1.0,estimated-rho stopping robustness; exact rho used only for retrospective regret
n8_d75_s17,8,0.4,77,0.078125,1.5,0.1171875,0.001,4.0,1,1,0,0.5314094917594226,6.0,0.08856824862657044,0.08856824862657044,1.0,estimated-rho stopping robustness; exact rho used only for retrospective regret
n8_d75_s17,8,0.55,84,0.015625,0.5,0.0078125,0.0,1.0,6,4,2,0.9965856807867991,13.0,0.07666043698359994,0.09070855771076619,0.8451290475595459,estimated-rho stopping robustness; exact rho used only for retrospective regret
n8_d75_s17,8,0.55,84,0.015625,0.75,0.01171875,0.0,1.0,5,4,1,0.9635154816192113,11.0,0.08759231651083739,0.09070855771076619,0.9656455655499974,estimated-rho stopping robustness; exact rho used only for retrospective regret
n8_d75_s17,8,0.55,84,0.015625,0.9,0.0140625,0.0,1.0,4,4,0,0.8163770193968958,9.0,0.09070855771076619,0.09070855771076619,1.0,estimated-rho stopping robustness; exact rho used only for retrospective regret
n8_d75_s17,8,0.55,84,0.015625,1.0,0.015625,0.0,1.0,4,4,0,0.8163770193968958,9.0,0.09070855771076619,0.09070855771076619,1.0,estimated-rho stopping robustness; exact rho used only for retrospective regret
n8_d75_s17,8,0.55,84,0.015625,1.1,0.0171875,0.0,1.0,4,4,0,0.8163770193968958,9.0,0.09070855771076619,0.09070855771076619,1.0,estimated-rho stopping robustness; exact rho used only for retrospective regret
n8_d75_s17,8,0.55,84,0.015625,1.25,0.01953125,0.0,1.0,4,4,0,0.8163770193968958,9.0,0.09070855771076619,0.09070855771076619,1.0,estimated-rho stopping robustness; exact rho used only for retrospective regret
n8_d75_s17,8,0.55,84,0.015625,1.5,0.0234375,0.0,1.0,3,4,-1,0.5913801500573754,7.0,0.08448287857962507,0.09070855771076619,0.9313661324988503,estimated-rho stopping robustness; exact rho used only for retrospective regret
n8_d75_s17,8,0.55,84,0.015625,0.5,0.0078125,0.0,4.0,6,4,2,0.9965856807867991,31.0,0.032147925186670936,0.03887509616175694,0.8269542293324588,estimated-rho stopping robustness; exact rho used only for retrospective regret
n8_d75_s17,8,0.55,84,0.015625,0.75,0.01171875,0.0,4.0,5,4,1,0.9635154816192113,26.0,0.03705828775458505,0.03887509616175694,0.9532654941967922,estimated-rho stopping robustness; exact rho used only for retrospective regret
n8_d75_s17,8,0.55,84,0.015625,0.9,0.0140625,0.0,4.0,4,4,0,0.8163770193968958,21.0,0.03887509616175694,0.03887509616175694,1.0,estimated-rho stopping robustness; exact rho used only for retrospective regret
n8_d75_s17,8,0.55,84,0.015625,1.0,0.015625,0.0,4.0,4,4,0,0.8163770193968958,21.0,0.03887509616175694,0.03887509616175694,1.0,estimated-rho stopping robustness; exact rho used only for retrospective regret
n8_d75_s17,8,0.55,84,0.015625,1.1,0.0171875,0.0,4.0,4,4,0,0.8163770193968958,21.0,0.03887509616175694,0.03887509616175694,1.0,estimated-rho stopping robustness; exact rho used only for retrospective regret
n8_d75_s17,8,0.55,84,0.015625,1.25,0.01953125,0.0,4.0,4,4,0,0.8163770193968958,21.0,0.03887509616175694,0.03887509616175694,1.0,estimated-rho stopping robustness; exact rho used only for retrospective regret
n8_d75_s17,8,0.55,84,0.015625,1.5,0.0234375,0.0,4.0,3,4,-1,0.5913801500573754,16.0,0.036961259378585964,0.03887509616175694,0.9507695935925762,estimated-rho stopping robustness; exact rho used only for retrospective regret
n8_d75_s17,8,0.55,84,0.015625,0.5,0.0078125,0.001,1.0,6,4,2,0.8078166526052531,13.0,0.062139742508096396,0.07807357915166915,0.795912563293416,estimated-rho stopping robustness; exact rho used only for retrospective regret
n8_d75_s17,8,0.55,84,0.015625,0.75,0.01171875,0.001,1.0,4,4,0,0.7026622123650224,9.0,0.07807357915166915,0.07807357915166915,1.0,estimated-rho stopping robustness; exact rho used only for retrospective regret
n8_d75_s17,8,0.55,84,0.015625,0.9,0.0140625,0.001,1.0,4,4,0,0.7026622123650224,9.0,0.07807357915166915,0.07807357915166915,1.0,estimated-rho stopping robustness; exact rho used only for retrospective regret
n8_d75_s17,8,0.55,84,0.015625,1.0,0.015625,0.001,1.0,4,4,0,0.7026622123650224,9.0,0.07807357915166915,0.07807357915166915,1.0,estimated-rho stopping robustness; exact rho used only for retrospective regret
n8_d75_s17,8,0.55,84,0.015625,1.1,0.0171875,0.001,1.0,4,4,0,0.7026622123650224,9.0,0.07807357915166915,0.07807357915166915,1.0,estimated-rho stopping robustness; exact rho used only for retrospective regret
n8_d75_s17,8,0.55,84,0.015625,1.25,0.01953125,0.001,1.0,3,4,-1,0.5245071409547455,7.0,0.07492959156496364,0.07807357915166915,0.9597304540041918,estimated-rho stopping robustness; exact rho used only for retrospective regret
n8_d75_s17,8,0.55,84,0.015625,1.5,0.0234375,0.001,1.0,3,4,-1,0.5245071409547455,7.0,0.07492959156496364,0.07807357915166915,0.9597304540041918,estimated-rho stopping robustness; exact rho used only for retrospective regret
n8_d75_s17,8,0.55,84,0.015625,0.5,0.0078125,0.001,4.0,5,4,1,0.8047957800301122,26.0,0.030953683847312008,0.03346010535071535,0.9250922411291883,estimated-rho stopping robustness; exact rho used only for retrospective regret
n8_d75_s17,8,0.55,84,0.015625,0.75,0.01171875,0.001,4.0,4,4,0,0.7026622123650224,21.0,0.03346010535071535,0.03346010535071535,1.0,estimated-rho stopping robustness; exact rho used only for retrospective regret
n8_d75_s17,8,0.55,84,0.015625,0.9,0.0140625,0.001,4.0,4,4,0,0.7026622123650224,21.0,0.03346010535071535,0.03346010535071535,1.0,estimated-rho stopping robustness; exact rho used only for retrospective regret
n8_d75_s17,8,0.55,84,0.015625,1.0,0.015625,0.001,4.0,4,4,0,0.7026622123650224,21.0,0.03346010535071535,0.03346010535071535,1.0,estimated-rho stopping robustness; exact rho used only for retrospective regret
n8_d75_s17,8,0.55,84,0.015625,1.1,0.0171875,0.001,4.0,4,4,0,0.7026622123650224,21.0,0.03346010535071535,0.03346010535071535,1.0,estimated-rho stopping robustness; exact rho used only for retrospective regret
n8_d75_s17,8,0.55,84,0.015625,1.25,0.01953125,0.001,4.0,3,4,-1,0.5245071409547455,16.0,0.03278169630967159,0.03346010535071535,0.9797248384626125,estimated-rho stopping robustness; exact rho used only for retrospective regret
n8_d75_s17,8,0.55,84,0.015625,1.5,0.0234375,0.001,4.0,3,4,-1,0.5245071409547455,16.0,0.03278169630967159,0.03346010535071535,0.9797248384626125,estimated-rho stopping robustness; exact rho used only for retrospective regret
n8_d75_s42,8,0.25,74,0.1640625,0.5,0.08203125,0.0,1.0,2,1,1,0.7579656019806861,5.0,0.1515931203961372,0.30040740966796875,0.5046251041666665,estimated-rho stopping robustness; exact rho used only for retrospective regret
n8_d75_s42,8,0.25,74,0.1640625,0.75,0.123046875,0.0,1.0,1,1,0,0.9012222290039062,3.0,0.30040740966796875,0.30040740966796875,1.0,estimated-rho stopping robustness; exact rho used only for retrospective regret
n8_d75_s42,8,0.25,74,0.1640625,0.9,0.14765625000000002,0.0,1.0,1,1,0,0.9012222290039062,3.0,0.30040740966796875,0.30040740966796875,1.0,estimated-rho stopping robustness; exact rho used only for retrospective regret
n8_d75_s42,8,0.25,74,0.1640625,1.0,0.1640625,0.0,1.0,1,1,0,0.9012222290039062,3.0,0.30040740966796875,0.30040740966796875,1.0,estimated-rho stopping robustness; exact rho used only for retrospective regret
n8_d75_s42,8,0.25,74,0.1640625,1.1,0.18046875,0.0,1.0,1,1,0,0.9012222290039062,3.0,0.30040740966796875,0.30040740966796875,1.0,estimated-rho stopping robustness; exact rho used only for retrospective regret
n8_d75_s42,8,0.25,74,0.1640625,1.25,0.205078125,0.0,1.0,1,1,0,0.9012222290039062,3.0,0.30040740966796875,0.30040740966796875,1.0,estimated-rho stopping robustness; exact rho used only for retrospective regret
n8_d75_s42,8,0.25,74,0.1640625,1.5,0.24609375,0.0,1.0,1,1,0,0.9012222290039062,3.0,0.30040740966796875,0.30040740966796875,1.0,estimated-rho stopping robustness; exact rho used only for retrospective regret
n8_d75_s42,8,0.25,74,0.1640625,0.5,0.08203125,0.0,4.0,1,0,1,0.9012222290039062,6.0,0.15020370483398438,0.1640625,0.91552734375,estimated-rho stopping robustness; exact rho used only for retrospective regret
n8_d75_s42,8,0.25,74,0.1640625,0.75,0.123046875,0.0,4.0,1,0,1,0.9012222290039062,6.0,0.15020370483398438,0.1640625,0.91552734375,estimated-rho stopping robustness; exact rho used only for retrospective regret
n8_d75_s42,8,0.25,74,0.1640625,0.9,0.14765625000000002,0.0,4.0,0,0,0,0.1640625,1.0,0.1640625,0.1640625,1.0,estimated-rho stopping robustness; exact rho used only for retrospective regret
n8_d75_s42,8,0.25,74,0.1640625,1.0,0.1640625,0.0,4.0,0,0,0,0.1640625,1.0,0.1640625,0.1640625,1.0,estimated-rho stopping robustness; exact rho used only for retrospective regret
n8_d75_s42,8,0.25,74,0.1640625,1.1,0.18046875,0.0,4.0,0,0,0,0.1640625,1.0,0.1640625,0.1640625,1.0,estimated-rho stopping robustness; exact rho used only for retrospective regret
n8_d75_s42,8,0.25,74,0.1640625,1.25,0.205078125,0.0,4.0,0,0,0,0.1640625,1.0,0.1640625,0.1640625,1.0,estimated-rho stopping robustness; exact rho used only for retrospective regret
n8_d75_s42,8,0.25,74,0.1640625,1.5,0.24609375,0.0,4.0,0,0,0,0.1640625,1.0,0.1640625,0.1640625,1.0,estimated-rho stopping robustness; exact rho used only for retrospective regret
n8_d75_s42,8,0.25,74,0.1640625,0.5,0.08203125,0.001,1.0,1,1,0,0.8487391321536207,3.0,0.28291304405120693,0.28291304405120693,1.0,estimated-rho stopping robustness; exact rho used only for retrospective regret
n8_d75_s42,8,0.25,74,0.1640625,0.75,0.123046875,0.001,1.0,1,1,0,0.8487391321536207,3.0,0.28291304405120693,0.28291304405120693,1.0,estimated-rho stopping robustness; exact rho used only for retrospective regret
n8_d75_s42,8,0.25,74,0.1640625,0.9,0.14765625000000002,0.001,1.0,1,1,0,0.8487391321536207,3.0,0.28291304405120693,0.28291304405120693,1.0,estimated-rho stopping robustness; exact rho used only for retrospective regret
n8_d75_s42,8,0.25,74,0.1640625,1.0,0.1640625,0.001,1.0,1,1,0,0.8487391321536207,3.0,0.28291304405120693,0.28291304405120693,1.0,estimated-rho stopping robustness; exact rho used only for retrospective regret
n8_d75_s42,8,0.25,74,0.1640625,1.1,0.18046875,0.001,1.0,1,1,0,0.8487391321536207,3.0,0.28291304405120693,0.28291304405120693,1.0,estimated-rho stopping robustness; exact rho used only for retrospective regret
n8_d75_s42,8,0.25,74,0.1640625,1.25,0.205078125,0.001,1.0,1,1,0,0.8487391321536207,3.0,0.28291304405120693,0.28291304405120693,1.0,estimated-rho stopping robustness; exact rho used only for retrospective regret
n8_d75_s42,8,0.25,74,0.1640625,1.5,0.24609375,0.001,1.0,1,1,0,0.8487391321536207,3.0,0.28291304405120693,0.28291304405120693,1.0,estimated-rho stopping robustness; exact rho used only for retrospective regret
n8_d75_s42,8,0.25,74,0.1640625,0.5,0.08203125,0.001,4.0,1,0,1,0.8487391321536207,6.0,0.14145652202560346,0.15921372034780212,0.8884694215837172,estimated-rho stopping robustness; exact rho used only for retrospective regret
n8_d75_s42,8,0.25,74,0.1640625,0.75,0.123046875,0.001,4.0,1,0,1,0.8487391321536207,6.0,0.14145652202560346,0.15921372034780212,0.8884694215837172,estimated-rho stopping robustness; exact rho used only for retrospective regret
n8_d75_s42,8,0.25,74,0.1640625,0.9,0.14765625000000002,0.001,4.0,0,0,0,0.15921372034780212,1.0,0.15921372034780212,0.15921372034780212,1.0,estimated-rho stopping robustness; exact rho used only for retrospective regret
n8_d75_s42,8,0.25,74,0.1640625,1.0,0.1640625,0.001,4.0,0,0,0,0.15921372034780212,1.0,0.15921372034780212,0.15921372034780212,1.0,estimated-rho stopping robustness; exact rho used only for retrospective regret
n8_d75_s42,8,0.25,74,0.1640625,1.1,0.18046875,0.001,4.0,0,0,0,0.15921372034780212,1.0,0.15921372034780212,0.15921372034780212,1.0,estimated-rho stopping robustness; exact rho used only for retrospective regret
n8_d75_s42,8,0.25,74,0.1640625,1.25,0.205078125,0.001,4.0,0,0,0,0.15921372034780212,1.0,0.15921372034780212,0.15921372034780212,1.0,estimated-rho stopping robustness; exact rho used only for retrospective regret
n8_d75_s42,8,0.25,74,0.1640625,1.5,0.24609375,0.001,4.0,0,0,0,0.15921372034780212,1.0,0.15921372034780212,0.15921372034780212,1.0,estimated-rho stopping robustness; exact rho used only for retrospective regret
n8_d75_s42,8,0.4,81,0.0546875,0.5,0.02734375,0.0,1.0,3,2,1,0.9933758959450641,7.0,0.1419108422778663,0.17100692838430404,0.829854343438939,estimated-rho stopping robustness; exact rho used only for retrospective regret
n8_d75_s42,8,0.4,81,0.0546875,0.75,0.041015625,0.0,1.0,2,2,0,0.8550346419215202,5.0,0.17100692838430404,0.17100692838430404,1.0,estimated-rho stopping robustness; exact rho used only for retrospective regret
n8_d75_s42,8,0.4,81,0.0546875,0.9,0.04921875,0.0,1.0,2,2,0,0.8550346419215202,5.0,0.17100692838430404,0.17100692838430404,1.0,estimated-rho stopping robustness; exact rho used only for retrospective regret
n8_d75_s42,8,0.4,81,0.0546875,1.0,0.0546875,0.0,1.0,2,2,0,0.8550346419215202,5.0,0.17100692838430404,0.17100692838430404,1.0,estimated-rho stopping robustness; exact rho used only for retrospective regret
n8_d75_s42,8,0.4,81,0.0546875,1.1,0.06015625000000001,0.0,1.0,2,2,0,0.8550346419215202,5.0,0.17100692838430404,0.17100692838430404,1.0,estimated-rho stopping robustness; exact rho used only for retrospective regret
n8_d75_s42,8,0.4,81,0.0546875,1.25,0.068359375,0.0,1.0,2,2,0,0.8550346419215202,5.0,0.17100692838430404,0.17100692838430404,1.0,estimated-rho stopping robustness; exact rho used only for retrospective regret
n8_d75_s42,8,0.4,81,0.0546875,1.5,0.08203125,0.0,1.0,2,2,0,0.8550346419215202,5.0,0.17100692838430404,0.17100692838430404,1.0,estimated-rho stopping robustness; exact rho used only for retrospective regret
n8_d75_s42,8,0.4,81,0.0546875,0.5,0.02734375,0.0,4.0,3,2,1,0.9933758959450641,16.0,0.06208599349656651,0.07773042199286548,0.7987348055599788,estimated-rho stopping robustness; exact rho used only for retrospective regret
n8_d75_s42,8,0.4,81,0.0546875,0.75,0.041015625,0.0,4.0,2,2,0,0.8550346419215202,11.0,0.07773042199286548,0.07773042199286548,1.0,estimated-rho stopping robustness; exact rho used only for retrospective regret
n8_d75_s42,8,0.4,81,0.0546875,0.9,0.04921875,0.0,4.0,2,2,0,0.8550346419215202,11.0,0.07773042199286548,0.07773042199286548,1.0,estimated-rho stopping robustness; exact rho used only for retrospective regret
n8_d75_s42,8,0.4,81,0.0546875,1.0,0.0546875,0.0,4.0,2,2,0,0.8550346419215202,11.0,0.07773042199286548,0.07773042199286548,1.0,estimated-rho stopping robustness; exact rho used only for retrospective regret
n8_d75_s42,8,0.4,81,0.0546875,1.1,0.06015625000000001,0.0,4.0,2,2,0,0.8550346419215202,11.0,0.07773042199286548,0.07773042199286548,1.0,estimated-rho stopping robustness; exact rho used only for retrospective regret
n8_d75_s42,8,0.4,81,0.0546875,1.25,0.068359375,0.0,4.0,2,2,0,0.8550346419215202,11.0,0.07773042199286548,0.07773042199286548,1.0,estimated-rho stopping robustness; exact rho used only for retrospective regret
n8_d75_s42,8,0.4,81,0.0546875,1.5,0.08203125,0.0,4.0,1,2,-1,0.42302703857421875,6.0,0.07050450642903645,0.07773042199286548,0.9070387709397454,estimated-rho stopping robustness; exact rho used only for retrospective regret
n8_d75_s42,8,0.4,81,0.0546875,0.5,0.02734375,0.001,1.0,3,2,1,0.8810453834558939,7.0,0.12586362620798483,0.15628856474785904,0.805328441086148,estimated-rho stopping robustness; exact rho used only for retrospective regret
n8_d75_s42,8,0.4,81,0.0546875,0.75,0.041015625,0.001,1.0,2,2,0,0.7814428237392952,5.0,0.15628856474785904,0.15628856474785904,1.0,estimated-rho stopping robustness; exact rho used only for retrospective regret
n8_d75_s42,8,0.4,81,0.0546875,0.9,0.04921875,0.001,1.0,2,2,0,0.7814428237392952,5.0,0.15628856474785904,0.15628856474785904,1.0,estimated-rho stopping robustness; exact rho used only for retrospective regret
n8_d75_s42,8,0.4,81,0.0546875,1.0,0.0546875,0.001,1.0,2,2,0,0.7814428237392952,5.0,0.15628856474785904,0.15628856474785904,1.0,estimated-rho stopping robustness; exact rho used only for retrospective regret
n8_d75_s42,8,0.4,81,0.0546875,1.1,0.06015625000000001,0.001,1.0,2,2,0,0.7814428237392952,5.0,0.15628856474785904,0.15628856474785904,1.0,estimated-rho stopping robustness; exact rho used only for retrospective regret
n8_d75_s42,8,0.4,81,0.0546875,1.25,0.068359375,0.001,1.0,2,2,0,0.7814428237392952,5.0,0.15628856474785904,0.15628856474785904,1.0,estimated-rho stopping robustness; exact rho used only for retrospective regret
n8_d75_s42,8,0.4,81,0.0546875,1.5,0.08203125,0.001,1.0,1,2,-1,0.39839186167637514,3.0,0.1327972872254584,0.15628856474785904,0.8496929218058965,estimated-rho stopping robustness; exact rho used only for retrospective regret
n8_d75_s42,8,0.4,81,0.0546875,0.5,0.02734375,0.001,4.0,3,2,1,0.8810453834558939,16.0,0.05506533646599337,0.0710402567035723,0.7751286245454175,estimated-rho stopping robustness; exact rho used only for retrospective regret
n8_d75_s42,8,0.4,81,0.0546875,0.75,0.041015625,0.001,4.0,2,2,0,0.7814428237392952,11.0,0.0710402567035723,0.0710402567035723,1.0,estimated-rho stopping robustness; exact rho used only for retrospective regret
n8_d75_s42,8,0.4,81,0.0546875,0.9,0.04921875,0.001,4.0,2,2,0,0.7814428237392952,11.0,0.0710402567035723,0.0710402567035723,1.0,estimated-rho stopping robustness; exact rho used only for retrospective regret
n8_d75_s42,8,0.4,81,0.0546875,1.0,0.0546875,0.001,4.0,2,2,0,0.7814428237392952,11.0,0.0710402567035723,0.0710402567035723,1.0,estimated-rho stopping robustness; exact rho used only for retrospective regret
n8_d75_s42,8,0.4,81,0.0546875,1.1,0.06015625000000001,0.001,4.0,2,2,0,0.7814428237392952,11.0,0.0710402567035723,0.0710402567035723,1.0,estimated-rho stopping robustness; exact rho used only for retrospective regret
n8_d75_s42,8,0.4,81,0.0546875,1.25,0.068359375,0.001,4.0,1,2,-1,0.39839186167637514,6.0,0.0663986436127292,0.0710402567035723,0.9346622139864862,estimated-rho stopping robustness; exact rho used only for retrospective regret
n8_d75_s42,8,0.4,81,0.0546875,1.5,0.08203125,0.001,4.0,1,2,-1,0.39839186167637514,6.0,0.0663986436127292,0.0710402567035723,0.9346622139864862,estimated-rho stopping robustness; exact rho used only for retrospective regret
n8_d75_s42,8,0.55,88,0.0390625,0.5,0.01953125,0.0,1.0,4,2,2,0.9524720937463728,9.0,0.10583023263848586,0.14065969735383987,0.752384902210205,estimated-rho stopping robustness; exact rho used only for retrospective regret
n8_d75_s42,8,0.55,88,0.0390625,0.75,0.029296875,0.0,1.0,3,2,1,0.9686036807033815,7.0,0.13837195438619737,0.14065969735383987,0.983735618583854,estimated-rho stopping robustness; exact rho used only for retrospective regret
n8_d75_s42,8,0.55,88,0.0390625,0.9,0.03515625,0.0,1.0,3,2,1,0.9686036807033815,7.0,0.13837195438619737,0.14065969735383987,0.983735618583854,estimated-rho stopping robustness; exact rho used only for retrospective regret
n8_d75_s42,8,0.55,88,0.0390625,1.0,0.0390625,0.0,1.0,2,2,0,0.7032984867691994,5.0,0.14065969735383987,0.14065969735383987,1.0,estimated-rho stopping robustness; exact rho used only for retrospective regret
n8_d75_s42,8,0.55,88,0.0390625,1.1,0.04296875,0.0,1.0,2,2,0,0.7032984867691994,5.0,0.14065969735383987,0.14065969735383987,1.0,estimated-rho stopping robustness; exact rho used only for retrospective regret
n8_d75_s42,8,0.55,88,0.0390625,1.25,0.048828125,0.0,1.0,2,2,0,0.7032984867691994,5.0,0.14065969735383987,0.14065969735383987,1.0,estimated-rho stopping robustness; exact rho used only for retrospective regret
n8_d75_s42,8,0.55,88,0.0390625,1.5,0.05859375,0.0,1.0,2,2,0,0.7032984867691994,5.0,0.14065969735383987,0.14065969735383987,1.0,estimated-rho stopping robustness; exact rho used only for retrospective regret
n8_d75_s42,8,0.55,88,0.0390625,0.5,0.01953125,0.0,4.0,4,2,2,0.9524720937463728,21.0,0.04535581398792251,0.06393622606992722,0.7093914792267648,estimated-rho stopping robustness; exact rho used only for retrospective regret
n8_d75_s42,8,0.55,88,0.0390625,0.75,0.029296875,0.0,4.0,3,2,1,0.9686036807033815,16.0,0.060537730043961346,0.06393622606992722,0.9468455328869595,estimated-rho stopping robustness; exact rho used only for retrospective regret
n8_d75_s42,8,0.55,88,0.0390625,0.9,0.03515625,0.0,4.0,2,2,0,0.7032984867691994,11.0,0.06393622606992722,0.06393622606992722,1.0,estimated-rho stopping robustness; exact rho used only for retrospective regret
n8_d75_s42,8,0.55,88,0.0390625,1.0,0.0390625,0.0,4.0,2,2,0,0.7032984867691994,11.0,0.06393622606992722,0.06393622606992722,1.0,estimated-rho stopping robustness; exact rho used only for retrospective regret
n8_d75_s42,8,0.55,88,0.0390625,1.1,0.04296875,0.0,4.0,2,2,0,0.7032984867691994,11.0,0.06393622606992722,0.06393622606992722,1.0,estimated-rho stopping robustness; exact rho used only for retrospective regret
n8_d75_s42,8,0.55,88,0.0390625,1.25,0.048828125,0.0,4.0,2,2,0,0.7032984867691994,11.0,0.06393622606992722,0.06393622606992722,1.0,estimated-rho stopping robustness; exact rho used only for retrospective regret
n8_d75_s42,8,0.55,88,0.0390625,1.5,0.05859375,0.0,4.0,2,2,0,0.7032984867691994,11.0,0.06393622606992722,0.06393622606992722,1.0,estimated-rho stopping robustness; exact rho used only for retrospective regret
n8_d75_s42,8,0.55,88,0.0390625,0.5,0.01953125,0.001,1.0,3,2,1,0.8590743994952893,7.0,0.12272491421361276,0.1285532839224871,0.9546618372472799,estimated-rho stopping robustness; exact rho used only for retrospective regret
n8_d75_s42,8,0.55,88,0.0390625,0.75,0.029296875,0.001,1.0,3,2,1,0.8590743994952893,7.0,0.12272491421361276,0.1285532839224871,0.9546618372472799,estimated-rho stopping robustness; exact rho used only for retrospective regret
n8_d75_s42,8,0.55,88,0.0390625,0.9,0.03515625,0.001,1.0,2,2,0,0.6427664196124355,5.0,0.1285532839224871,0.1285532839224871,1.0,estimated-rho stopping robustness; exact rho used only for retrospective regret
n8_d75_s42,8,0.55,88,0.0390625,1.0,0.0390625,0.001,1.0,2,2,0,0.6427664196124355,5.0,0.1285532839224871,0.1285532839224871,1.0,estimated-rho stopping robustness; exact rho used only for retrospective regret
n8_d75_s42,8,0.55,88,0.0390625,1.1,0.04296875,0.001,1.0,2,2,0,0.6427664196124355,5.0,0.1285532839224871,0.1285532839224871,1.0,estimated-rho stopping robustness; exact rho used only for retrospective regret
n8_d75_s42,8,0.55,88,0.0390625,1.25,0.048828125,0.001,1.0,2,2,0,0.6427664196124355,5.0,0.1285532839224871,0.1285532839224871,1.0,estimated-rho stopping robustness; exact rho used only for retrospective regret
n8_d75_s42,8,0.55,88,0.0390625,1.5,0.05859375,0.001,1.0,2,2,0,0.6427664196124355,5.0,0.1285532839224871,0.1285532839224871,1.0,estimated-rho stopping robustness; exact rho used only for retrospective regret
n8_d75_s42,8,0.55,88,0.0390625,0.5,0.01953125,0.001,4.0,3,2,1,0.8590743994952893,16.0,0.05369214996845558,0.05843331087385777,0.918862018350507,estimated-rho stopping robustness; exact rho used only for retrospective regret
n8_d75_s42,8,0.55,88,0.0390625,0.75,0.029296875,0.001,4.0,3,2,1,0.8590743994952893,16.0,0.05369214996845558,0.05843331087385777,0.918862018350507,estimated-rho stopping robustness; exact rho used only for retrospective regret
n8_d75_s42,8,0.55,88,0.0390625,0.9,0.03515625,0.001,4.0,2,2,0,0.6427664196124355,11.0,0.05843331087385777,0.05843331087385777,1.0,estimated-rho stopping robustness; exact rho used only for retrospective regret
n8_d75_s42,8,0.55,88,0.0390625,1.0,0.0390625,0.001,4.0,2,2,0,0.6427664196124355,11.0,0.05843331087385777,0.05843331087385777,1.0,estimated-rho stopping robustness; exact rho used only for retrospective regret
n8_d75_s42,8,0.55,88,0.0390625,1.1,0.04296875,0.001,4.0,2,2,0,0.6427664196124355,11.0,0.05843331087385777,0.05843331087385777,1.0,estimated-rho stopping robustness; exact rho used only for retrospective regret
n8_d75_s42,8,0.55,88,0.0390625,1.25,0.048828125,0.001,4.0,2,2,0,0.6427664196124355,11.0,0.05843331087385777,0.05843331087385777,1.0,estimated-rho stopping robustness; exact rho used only for retrospective regret
n8_d75_s42,8,0.55,88,0.0390625,1.5,0.05859375,0.001,4.0,2,2,0,0.6427664196124355,11.0,0.05843331087385777,0.05843331087385777,1.0,estimated-rho stopping robustness; exact rho used only for retrospective regret
n10_d25_s17,10,0.25,37,0.21484375,0.5,0.107421875,0.0,1.0,1,1,0,0.9844732284545898,3.0,0.3281577428181966,0.3281577428181966,1.0,estimated-rho stopping robustness; exact rho used only for retrospective regret
n10_d25_s17,10,0.25,37,0.21484375,0.75,0.1611328125,0.0,1.0,1,1,0,0.9844732284545898,3.0,0.3281577428181966,0.3281577428181966,1.0,estimated-rho stopping robustness; exact rho used only for retrospective regret
n10_d25_s17,10,0.25,37,0.21484375,0.9,0.193359375,0.0,1.0,1,1,0,0.9844732284545898,3.0,0.3281577428181966,0.3281577428181966,1.0,estimated-rho stopping robustness; exact rho used only for retrospective regret
n10_d25_s17,10,0.25,37,0.21484375,1.0,0.21484375,0.0,1.0,1,1,0,0.9844732284545898,3.0,0.3281577428181966,0.3281577428181966,1.0,estimated-rho stopping robustness; exact rho used only for retrospective regret
n10_d25_s17,10,0.25,37,0.21484375,1.1,0.23632812500000003,0.0,1.0,1,1,0,0.9844732284545898,3.0,0.3281577428181966,0.3281577428181966,1.0,estimated-rho stopping robustness; exact rho used only for retrospective regret
n10_d25_s17,10,0.25,37,0.21484375,1.25,0.2685546875,0.0,1.0,1,1,0,0.9844732284545898,3.0,0.3281577428181966,0.3281577428181966,1.0,estimated-rho stopping robustness; exact rho used only for retrospective regret
n10_d25_s17,10,0.25,37,0.21484375,1.5,0.322265625,0.0,1.0,0,1,-1,0.21484375,1.0,0.21484375,0.3281577428181966,0.6546965741382067,estimated-rho stopping robustness; exact rho used only for retrospective regret
n10_d25_s17,10,0.25,37,0.21484375,0.5,0.107421875,0.0,4.0,1,0,1,0.9844732284545898,6.0,0.1640788714090983,0.21484375,0.7637125651041666,estimated-rho stopping robustness; exact rho used only for retrospective regret
n10_d25_s17,10,0.25,37,0.21484375,0.75,0.1611328125,0.0,4.0,0,0,0,0.21484375,1.0,0.21484375,0.21484375,1.0,estimated-rho stopping robustness; exact rho used only for retrospective regret
n10_d25_s17,10,0.25,37,0.21484375,0.9,0.193359375,0.0,4.0,0,0,0,0.21484375,1.0,0.21484375,0.21484375,1.0,estimated-rho stopping robustness; exact rho used only for retrospective regret
n10_d25_s17,10,0.25,37,0.21484375,1.0,0.21484375,0.0,4.0,0,0,0,0.21484375,1.0,0.21484375,0.21484375,1.0,estimated-rho stopping robustness; exact rho used only for retrospective regret
n10_d25_s17,10,0.25,37,0.21484375,1.1,0.23632812500000003,0.0,4.0,0,0,0,0.21484375,1.0,0.21484375,0.21484375,1.0,estimated-rho stopping robustness; exact rho used only for retrospective regret
n10_d25_s17,10,0.25,37,0.21484375,1.25,0.2685546875,0.0,4.0,0,0,0,0.21484375,1.0,0.21484375,0.21484375,1.0,estimated-rho stopping robustness; exact rho used only for retrospective regret
n10_d25_s17,10,0.25,37,0.21484375,1.5,0.322265625,0.0,4.0,0,0,0,0.21484375,1.0,0.21484375,0.21484375,1.0,estimated-rho stopping robustness; exact rho used only for retrospective regret
n10_d25_s17,10,0.25,37,0.21484375,0.5,0.107421875,0.001,1.0,1,1,0,0.9271419708217163,3.0,0.3090473236072388,0.3090473236072388,1.0,estimated-rho stopping robustness; exact rho used only for retrospective regret
n10_d25_s17,10,0.25,37,0.21484375,0.75,0.1611328125,0.001,1.0,1,1,0,0.9271419708217163,3.0,0.3090473236072388,0.3090473236072388,1.0,estimated-rho stopping robustness; exact rho used only for retrospective regret
n10_d25_s17,10,0.25,37,0.21484375,0.9,0.193359375,0.001,1.0,1,1,0,0.9271419708217163,3.0,0.3090473236072388,0.3090473236072388,1.0,estimated-rho stopping robustness; exact rho used only for retrospective regret
n10_d25_s17,10,0.25,37,0.21484375,1.0,0.21484375,0.001,1.0,1,1,0,0.9271419708217163,3.0,0.3090473236072388,0.3090473236072388,1.0,estimated-rho stopping robustness; exact rho used only for retrospective regret
n10_d25_s17,10,0.25,37,0.21484375,1.1,0.23632812500000003,0.001,1.0,1,1,0,0.9271419708217163,3.0,0.3090473236072388,0.3090473236072388,1.0,estimated-rho stopping robustness; exact rho used only for retrospective regret
n10_d25_s17,10,0.25,37,0.21484375,1.25,0.2685546875,0.001,1.0,1,1,0,0.9271419708217163,3.0,0.3090473236072388,0.3090473236072388,1.0,estimated-rho stopping robustness; exact rho used only for retrospective regret
n10_d25_s17,10,0.25,37,0.21484375,1.5,0.322265625,0.001,1.0,0,1,-1,0.2084941575983123,1.0,0.2084941575983123,0.3090473236072388,0.6746350531845497,estimated-rho stopping robustness; exact rho used only for retrospective regret
n10_d25_s17,10,0.25,37,0.21484375,0.5,0.107421875,0.001,4.0,1,0,1,0.9271419708217163,6.0,0.1545236618036194,0.2084941575983123,0.7411414477202128,estimated-rho stopping robustness; exact rho used only for retrospective regret
n10_d25_s17,10,0.25,37,0.21484375,0.75,0.1611328125,0.001,4.0,0,0,0,0.2084941575983123,1.0,0.2084941575983123,0.2084941575983123,1.0,estimated-rho stopping robustness; exact rho used only for retrospective regret
n10_d25_s17,10,0.25,37,0.21484375,0.9,0.193359375,0.001,4.0,0,0,0,0.2084941575983123,1.0,0.2084941575983123,0.2084941575983123,1.0,estimated-rho stopping robustness; exact rho used only for retrospective regret
n10_d25_s17,10,0.25,37,0.21484375,1.0,0.21484375,0.001,4.0,0,0,0,0.2084941575983123,1.0,0.2084941575983123,0.2084941575983123,1.0,estimated-rho stopping robustness; exact rho used only for retrospective regret
n10_d25_s17,10,0.25,37,0.21484375,1.1,0.23632812500000003,0.001,4.0,0,0,0,0.2084941575983123,1.0,0.2084941575983123,0.2084941575983123,1.0,estimated-rho stopping robustness; exact rho used only for retrospective regret
n10_d25_s17,10,0.25,37,0.21484375,1.25,0.2685546875,0.001,4.0,0,0,0,0.2084941575983123,1.0,0.2084941575983123,0.2084941575983123,1.0,estimated-rho stopping robustness; exact rho used only for retrospective regret
n10_d25_s17,10,0.25,37,0.21484375,1.5,0.322265625,0.001,4.0,0,0,0,0.2084941575983123,1.0,0.2084941575983123,0.2084941575983123,1.0,estimated-rho stopping robustness; exact rho used only for retrospective regret
n10_d25_s17,10,0.4,42,0.0859375,0.5,0.04296875,0.0,1.0,2,1,1,0.9930951222777366,5.0,0.1986190244555473,0.20211537679036462,0.9827012056660896,estimated-rho stopping robustness; exact rho used only for retrospective regret
n10_d25_s17,10,0.4,42,0.0859375,0.75,0.064453125,0.0,1.0,2,1,1,0.9930951222777366,5.0,0.1986190244555473,0.20211537679036462,0.9827012056660896,estimated-rho stopping robustness; exact rho used only for retrospective regret
n10_d25_s17,10,0.4,42,0.0859375,0.9,0.07734375,0.0,1.0,2,1,1,0.9930951222777366,5.0,0.1986190244555473,0.20211537679036462,0.9827012056660896,estimated-rho stopping robustness; exact rho used only for retrospective regret
n10_d25_s17,10,0.4,42,0.0859375,1.0,0.0859375,0.0,1.0,1,1,0,0.6063461303710939,3.0,0.20211537679036462,0.20211537679036462,1.0,estimated-rho stopping robustness; exact rho used only for retrospective regret
n10_d25_s17,10,0.4,42,0.0859375,1.1,0.09453125000000001,0.0,1.0,1,1,0,0.6063461303710939,3.0,0.20211537679036462,0.20211537679036462,1.0,estimated-rho stopping robustness; exact rho used only for retrospective regret
n10_d25_s17,10,0.4,42,0.0859375,1.25,0.107421875,0.0,1.0,1,1,0,0.6063461303710939,3.0,0.20211537679036462,0.20211537679036462,1.0,estimated-rho stopping robustness; exact rho used only for retrospective regret
n10_d25_s17,10,0.4,42,0.0859375,1.5,0.12890625,0.0,1.0,1,1,0,0.6063461303710939,3.0,0.20211537679036462,0.20211537679036462,1.0,estimated-rho stopping robustness; exact rho used only for retrospective regret
n10_d25_s17,10,0.4,42,0.0859375,0.5,0.04296875,0.0,4.0,2,1,1,0.9930951222777366,11.0,0.0902813747525215,0.10105768839518231,0.8933647324237178,estimated-rho stopping robustness; exact rho used only for retrospective regret
n10_d25_s17,10,0.4,42,0.0859375,0.75,0.064453125,0.0,4.0,2,1,1,0.9930951222777366,11.0,0.0902813747525215,0.10105768839518231,0.8933647324237178,estimated-rho stopping robustness; exact rho used only for retrospective regret
n10_d25_s17,10,0.4,42,0.0859375,0.9,0.07734375,0.0,4.0,1,1,0,0.6063461303710939,6.0,0.10105768839518231,0.10105768839518231,1.0,estimated-rho stopping robustness; exact rho used only for retrospective regret
n10_d25_s17,10,0.4,42,0.0859375,1.0,0.0859375,0.0,4.0,1,1,0,0.6063461303710939,6.0,0.10105768839518231,0.10105768839518231,1.0,estimated-rho stopping robustness; exact rho used only for retrospective regret
n10_d25_s17,10,0.4,42,0.0859375,1.1,0.09453125000000001,0.0,4.0,1,1,0,0.6063461303710939,6.0,0.10105768839518231,0.10105768839518231,1.0,estimated-rho stopping robustness; exact rho used only for retrospective regret
n10_d25_s17,10,0.4,42,0.0859375,1.25,0.107421875,0.0,4.0,1,1,0,0.6063461303710939,6.0,0.10105768839518231,0.10105768839518231,1.0,estimated-rho stopping robustness; exact rho used only for retrospective regret
n10_d25_s17,10,0.4,42,0.0859375,1.5,0.12890625,0.0,4.0,1,1,0,0.6063461303710939,6.0,0.10105768839518231,0.10105768839518231,1.0,estimated-rho stopping robustness; exact rho used only for retrospective regret
n10_d25_s17,10,0.4,42,0.0859375,0.5,0.04296875,0.001,1.0,2,1,1,0.9076206021903671,5.0,0.18152412043807342,0.1903450935531824,0.9536579958513908,estimated-rho stopping robustness; exact rho used only for retrospective regret
n10_d25_s17,10,0.4,42,0.0859375,0.75,0.064453125,0.001,1.0,2,1,1,0.9076206021903671,5.0,0.18152412043807342,0.1903450935531824,0.9536579958513908,estimated-rho stopping robustness; exact rho used only for retrospective regret
n10_d25_s17,10,0.4,42,0.0859375,0.9,0.07734375,0.001,1.0,2,1,1,0.9076206021903671,5.0,0.18152412043807342,0.1903450935531824,0.9536579958513908,estimated-rho stopping robustness; exact rho used only for retrospective regret
n10_d25_s17,10,0.4,42,0.0859375,1.0,0.0859375,0.001,1.0,1,1,0,0.5710352806595472,3.0,0.1903450935531824,0.1903450935531824,1.0,estimated-rho stopping robustness; exact rho used only for retrospective regret
n10_d25_s17,10,0.4,42,0.0859375,1.1,0.09453125000000001,0.001,1.0,1,1,0,0.5710352806595472,3.0,0.1903450935531824,0.1903450935531824,1.0,estimated-rho stopping robustness; exact rho used only for retrospective regret
n10_d25_s17,10,0.4,42,0.0859375,1.25,0.107421875,0.001,1.0,1,1,0,0.5710352806595472,3.0,0.1903450935531824,0.1903450935531824,1.0,estimated-rho stopping robustness; exact rho used only for retrospective regret
n10_d25_s17,10,0.4,42,0.0859375,1.5,0.12890625,0.001,1.0,1,1,0,0.5710352806595472,3.0,0.1903450935531824,0.1903450935531824,1.0,estimated-rho stopping robustness; exact rho used only for retrospective regret
n10_d25_s17,10,0.4,42,0.0859375,0.5,0.04296875,0.001,4.0,2,1,1,0.9076206021903671,11.0,0.08251096383548792,0.0951725467765912,0.8669618144103552,estimated-rho stopping robustness; exact rho used only for retrospective regret
n10_d25_s17,10,0.4,42,0.0859375,0.75,0.064453125,0.001,4.0,2,1,1,0.9076206021903671,11.0,0.08251096383548792,0.0951725467765912,0.8669618144103552,estimated-rho stopping robustness; exact rho used only for retrospective regret
n10_d25_s17,10,0.4,42,0.0859375,0.9,0.07734375,0.001,4.0,1,1,0,0.5710352806595472,6.0,0.0951725467765912,0.0951725467765912,1.0,estimated-rho stopping robustness; exact rho used only for retrospective regret
n10_d25_s17,10,0.4,42,0.0859375,1.0,0.0859375,0.001,4.0,1,1,0,0.5710352806595472,6.0,0.0951725467765912,0.0951725467765912,1.0,estimated-rho stopping robustness; exact rho used only for retrospective regret
n10_d25_s17,10,0.4,42,0.0859375,1.1,0.09453125000000001,0.001,4.0,1,1,0,0.5710352806595472,6.0,0.0951725467765912,0.0951725467765912,1.0,estimated-rho stopping robustness; exact rho used only for retrospective regret
n10_d25_s17,10,0.4,42,0.0859375,1.25,0.107421875,0.001,4.0,1,1,0,0.5710352806595472,6.0,0.0951725467765912,0.0951725467765912,1.0,estimated-rho stopping robustness; exact rho used only for retrospective regret
n10_d25_s17,10,0.4,42,0.0859375,1.5,0.12890625,0.001,4.0,0,1,-1,0.08339766303932492,1.0,0.08339766303932492,0.0951725467765912,0.8762785683889835,estimated-rho stopping robustness; exact rho used only for retrospective regret
n10_d25_s17,10,0.55,46,0.05078125,0.5,0.025390625,0.0,1.0,3,2,1,0.9995880629851968,7.0,0.14279829471217095,0.1645894987974316,0.8676027070713658,estimated-rho stopping robustness; exact rho used only for retrospective regret
n10_d25_s17,10,0.55,46,0.05078125,0.75,0.0380859375,0.0,1.0,2,2,0,0.8229474939871579,5.0,0.1645894987974316,0.1645894987974316,1.0,estimated-rho stopping robustness; exact rho used only for retrospective regret
n10_d25_s17,10,0.55,46,0.05078125,0.9,0.045703125000000004,0.0,1.0,2,2,0,0.8229474939871579,5.0,0.1645894987974316,0.1645894987974316,1.0,estimated-rho stopping robustness; exact rho used only for retrospective regret
n10_d25_s17,10,0.55,46,0.05078125,1.0,0.05078125,0.0,1.0,2,2,0,0.8229474939871579,5.0,0.1645894987974316,0.1645894987974316,1.0,estimated-rho stopping robustness; exact rho used only for retrospective regret
n10_d25_s17,10,0.55,46,0.05078125,1.1,0.055859375,0.0,1.0,2,2,0,0.8229474939871579,5.0,0.1645894987974316,0.1645894987974316,1.0,estimated-rho stopping robustness; exact rho used only for retrospective regret
n10_d25_s17,10,0.55,46,0.05078125,1.25,0.0634765625,0.0,1.0,2,2,0,0.8229474939871579,5.0,0.1645894987974316,0.1645894987974316,1.0,estimated-rho stopping robustness; exact rho used only for retrospective regret
n10_d25_s17,10,0.55,46,0.05078125,1.5,0.076171875,0.0,1.0,2,2,0,0.8229474939871579,5.0,0.1645894987974316,0.1645894987974316,1.0,estimated-rho stopping robustness; exact rho used only for retrospective regret
n10_d25_s17,10,0.55,46,0.05078125,0.5,0.025390625,0.0,4.0,3,2,1,0.9995880629851968,16.0,0.0624742539365748,0.07481340854428709,0.8350676055561896,estimated-rho stopping robustness; exact rho used only for retrospective regret
n10_d25_s17,10,0.55,46,0.05078125,0.75,0.0380859375,0.0,4.0,2,2,0,0.8229474939871579,11.0,0.07481340854428709,0.07481340854428709,1.0,estimated-rho stopping robustness; exact rho used only for retrospective regret
n10_d25_s17,10,0.55,46,0.05078125,0.9,0.045703125000000004,0.0,4.0,2,2,0,0.8229474939871579,11.0,0.07481340854428709,0.07481340854428709,1.0,estimated-rho stopping robustness; exact rho used only for retrospective regret
n10_d25_s17,10,0.55,46,0.05078125,1.0,0.05078125,0.0,4.0,2,2,0,0.8229474939871579,11.0,0.07481340854428709,0.07481340854428709,1.0,estimated-rho stopping robustness; exact rho used only for retrospective regret
n10_d25_s17,10,0.55,46,0.05078125,1.1,0.055859375,0.0,4.0,2,2,0,0.8229474939871579,11.0,0.07481340854428709,0.07481340854428709,1.0,estimated-rho stopping robustness; exact rho used only for retrospective regret
n10_d25_s17,10,0.55,46,0.05078125,1.25,0.0634765625,0.0,4.0,2,2,0,0.8229474939871579,11.0,0.07481340854428709,0.07481340854428709,1.0,estimated-rho stopping robustness; exact rho used only for retrospective regret
n10_d25_s17,10,0.55,46,0.05078125,1.5,0.076171875,0.0,4.0,1,2,-1,0.39723682403564453,6.0,0.0662061373392741,0.07481340854428709,0.8849501530207948,estimated-rho stopping robustness; exact rho used only for retrospective regret
n10_d25_s17,10,0.55,46,0.05078125,0.5,0.025390625,0.001,1.0,3,2,1,0.8865550813600882,7.0,0.12665072590858403,0.15042347571913403,0.8419611719720017,estimated-rho stopping robustness; exact rho used only for retrospective regret
n10_d25_s17,10,0.55,46,0.05078125,0.75,0.0380859375,0.001,1.0,2,2,0,0.7521173785956702,5.0,0.15042347571913403,0.15042347571913403,1.0,estimated-rho stopping robustness; exact rho used only for retrospective regret
n10_d25_s17,10,0.55,46,0.05078125,0.9,0.045703125000000004,0.001,1.0,2,2,0,0.7521173785956702,5.0,0.15042347571913403,0.15042347571913403,1.0,estimated-rho stopping robustness; exact rho used only for retrospective regret
n10_d25_s17,10,0.55,46,0.05078125,1.0,0.05078125,0.001,1.0,2,2,0,0.7521173785956702,5.0,0.15042347571913403,0.15042347571913403,1.0,estimated-rho stopping robustness; exact rho used only for retrospective regret
n10_d25_s17,10,0.55,46,0.05078125,1.1,0.055859375,0.001,1.0,2,2,0,0.7521173785956702,5.0,0.15042347571913403,0.15042347571913403,1.0,estimated-rho stopping robustness; exact rho used only for retrospective regret
n10_d25_s17,10,0.55,46,0.05078125,1.25,0.0634765625,0.001,1.0,2,2,0,0.7521173785956702,5.0,0.15042347571913403,0.15042347571913403,1.0,estimated-rho stopping robustness; exact rho used only for retrospective regret
n10_d25_s17,10,0.55,46,0.05078125,1.5,0.076171875,0.001,1.0,2,2,0,0.7521173785956702,5.0,0.15042347571913403,0.15042347571913403,1.0,estimated-rho stopping robustness; exact rho used only for retrospective regret
n10_d25_s17,10,0.55,46,0.05078125,0.5,0.025390625,0.001,4.0,3,2,1,0.8865550813600882,16.0,0.05540969258500551,0.06837430714506093,0.8103876280230515,estimated-rho stopping robustness; exact rho used only for retrospective regret
n10_d25_s17,10,0.55,46,0.05078125,0.75,0.0380859375,0.001,4.0,2,2,0,0.7521173785956702,11.0,0.06837430714506093,0.06837430714506093,1.0,estimated-rho stopping robustness; exact rho used only for retrospective regret
n10_d25_s17,10,0.55,46,0.05078125,0.9,0.045703125000000004,0.001,4.0,2,2,0,0.7521173785956702,11.0,0.06837430714506093,0.06837430714506093,1.0,estimated-rho stopping robustness; exact rho used only for retrospective regret
n10_d25_s17,10,0.55,46,0.05078125,1.0,0.05078125,0.001,4.0,2,2,0,0.7521173785956702,11.0,0.06837430714506093,0.06837430714506093,1.0,estimated-rho stopping robustness; exact rho used only for retrospective regret
n10_d25_s17,10,0.55,46,0.05078125,1.1,0.055859375,0.001,4.0,2,2,0,0.7521173785956702,11.0,0.06837430714506093,0.06837430714506093,1.0,estimated-rho stopping robustness; exact rho used only for retrospective regret
n10_d25_s17,10,0.55,46,0.05078125,1.25,0.0634765625,0.001,4.0,2,2,0,0.7521173785956702,11.0,0.06837430714506093,0.06837430714506093,1.0,estimated-rho stopping robustness; exact rho used only for retrospective regret
n10_d25_s17,10,0.55,46,0.05078125,1.5,0.076171875,0.001,4.0,1,2,-1,0.37410355231041703,6.0,0.062350592051736174,0.06837430714506093,0.9119008975031364,estimated-rho stopping robustness; exact rho used only for retrospective regret
n10_d25_s42,10,0.25,35,0.22265625,0.5,0.111328125,0.0,1.0,1,1,0,0.9907007217407227,3.0,0.3302335739135742,0.3302335739135742,1.0,estimated-rho stopping robustness; exact rho used only for retrospective regret
n10_d25_s42,10,0.25,35,0.22265625,0.75,0.1669921875,0.0,1.0,1,1,0,0.9907007217407227,3.0,0.3302335739135742,0.3302335739135742,1.0,estimated-rho stopping robustness; exact rho used only for retrospective regret
n10_d25_s42,10,0.25,35,0.22265625,0.9,0.20039062500000002,0.0,1.0,1,1,0,0.9907007217407227,3.0,0.3302335739135742,0.3302335739135742,1.0,estimated-rho stopping robustness; exact rho used only for retrospective regret
n10_d25_s42,10,0.25,35,0.22265625,1.0,0.22265625,0.0,1.0,1,1,0,0.9907007217407227,3.0,0.3302335739135742,0.3302335739135742,1.0,estimated-rho stopping robustness; exact rho used only for retrospective regret
n10_d25_s42,10,0.25,35,0.22265625,1.1,0.244921875,0.0,1.0,1,1,0,0.9907007217407227,3.0,0.3302335739135742,0.3302335739135742,1.0,estimated-rho stopping robustness; exact rho used only for retrospective regret
n10_d25_s42,10,0.25,35,0.22265625,1.25,0.2783203125,0.0,1.0,1,1,0,0.9907007217407227,3.0,0.3302335739135742,0.3302335739135742,1.0,estimated-rho stopping robustness; exact rho used only for retrospective regret
n10_d25_s42,10,0.25,35,0.22265625,1.5,0.333984375,0.0,1.0,0,1,-1,0.22265625,1.0,0.22265625,0.3302335739135742,0.6742386831275721,estimated-rho stopping robustness; exact rho used only for retrospective regret
n10_d25_s42,10,0.25,35,0.22265625,0.5,0.111328125,0.0,4.0,1,0,1,0.9907007217407227,6.0,0.1651167869567871,0.22265625,0.7415771484375,estimated-rho stopping robustness; exact rho used only for retrospective regret
n10_d25_s42,10,0.25,35,0.22265625,0.75,0.1669921875,0.0,4.0,0,0,0,0.22265625,1.0,0.22265625,0.22265625,1.0,estimated-rho stopping robustness; exact rho used only for retrospective regret
n10_d25_s42,10,0.25,35,0.22265625,0.9,0.20039062500000002,0.0,4.0,0,0,0,0.22265625,1.0,0.22265625,0.22265625,1.0,estimated-rho stopping robustness; exact rho used only for retrospective regret
n10_d25_s42,10,0.25,35,0.22265625,1.0,0.22265625,0.0,4.0,0,0,0,0.22265625,1.0,0.22265625,0.22265625,1.0,estimated-rho stopping robustness; exact rho used only for retrospective regret
n10_d25_s42,10,0.25,35,0.22265625,1.1,0.244921875,0.0,4.0,0,0,0,0.22265625,1.0,0.22265625,0.22265625,1.0,estimated-rho stopping robustness; exact rho used only for retrospective regret
n10_d25_s42,10,0.25,35,0.22265625,1.25,0.2783203125,0.0,4.0,0,0,0,0.22265625,1.0,0.22265625,0.22265625,1.0,estimated-rho stopping robustness; exact rho used only for retrospective regret
n10_d25_s42,10,0.25,35,0.22265625,1.5,0.333984375,0.0,4.0,0,0,0,0.22265625,1.0,0.22265625,0.22265625,1.0,estimated-rho stopping robustness; exact rho used only for retrospective regret
n10_d25_s42,10,0.25,35,0.22265625,0.5,0.111328125,0.001,1.0,1,1,0,0.9330068031317302,3.0,0.31100226771057676,0.31100226771057676,1.0,estimated-rho stopping robustness; exact rho used only for retrospective regret
n10_d25_s42,10,0.25,35,0.22265625,0.75,0.1669921875,0.001,1.0,1,1,0,0.9330068031317302,3.0,0.31100226771057676,0.31100226771057676,1.0,estimated-rho stopping robustness; exact rho used only for retrospective regret
n10_d25_s42,10,0.25,35,0.22265625,0.9,0.20039062500000002,0.001,1.0,1,1,0,0.9330068031317302,3.0,0.31100226771057676,0.31100226771057676,1.0,estimated-rho stopping robustness; exact rho used only for retrospective regret
n10_d25_s42,10,0.25,35,0.22265625,1.0,0.22265625,0.001,1.0,1,1,0,0.9330068031317302,3.0,0.31100226771057676,0.31100226771057676,1.0,estimated-rho stopping robustness; exact rho used only for retrospective regret
n10_d25_s42,10,0.25,35,0.22265625,1.1,0.244921875,0.001,1.0,1,1,0,0.9330068031317302,3.0,0.31100226771057676,0.31100226771057676,1.0,estimated-rho stopping robustness; exact rho used only for retrospective regret
n10_d25_s42,10,0.25,35,0.22265625,1.25,0.2783203125,0.001,1.0,1,1,0,0.9330068031317302,3.0,0.31100226771057676,0.31100226771057676,1.0,estimated-rho stopping robustness; exact rho used only for retrospective regret
n10_d25_s42,10,0.25,35,0.22265625,1.5,0.333984375,0.001,1.0,0,1,-1,0.21607576332916,1.0,0.21607576332916,0.31100226771057676,0.694772307995655,estimated-rho stopping robustness; exact rho used only for retrospective regret
n10_d25_s42,10,0.25,35,0.22265625,0.5,0.111328125,0.001,4.0,1,0,1,0.9330068031317302,6.0,0.15550113385528838,0.21607576332916,0.719660231482811,estimated-rho stopping robustness; exact rho used only for retrospective regret
n10_d25_s42,10,0.25,35,0.22265625,0.75,0.1669921875,0.001,4.0,0,0,0,0.21607576332916,1.0,0.21607576332916,0.21607576332916,1.0,estimated-rho stopping robustness; exact rho used only for retrospective regret
n10_d25_s42,10,0.25,35,0.22265625,0.9,0.20039062500000002,0.001,4.0,0,0,0,0.21607576332916,1.0,0.21607576332916,0.21607576332916,1.0,estimated-rho stopping robustness; exact rho used only for retrospective regret
n10_d25_s42,10,0.25,35,0.22265625,1.0,0.22265625,0.001,4.0,0,0,0,0.21607576332916,1.0,0.21607576332916,0.21607576332916,1.0,estimated-rho stopping robustness; exact rho used only for retrospective regret
n10_d25_s42,10,0.25,35,0.22265625,1.1,0.244921875,0.001,4.0,0,0,0,0.21607576332916,1.0,0.21607576332916,0.21607576332916,1.0,estimated-rho stopping robustness; exact rho used only for retrospective regret
n10_d25_s42,10,0.25,35,0.22265625,1.25,0.2783203125,0.001,4.0,0,0,0,0.21607576332916,1.0,0.21607576332916,0.21607576332916,1.0,estimated-rho stopping robustness; exact rho used only for retrospective regret
n10_d25_s42,10,0.25,35,0.22265625,1.5,0.333984375,0.001,4.0,0,0,0,0.21607576332916,1.0,0.21607576332916,0.21607576332916,1.0,estimated-rho stopping robustness; exact rho used only for retrospective regret
n10_d25_s42,10,0.4,39,0.125,0.5,0.0625,0.0,1.0,2,1,1,0.9453124999999999,5.0,0.18906249999999997,0.2604166666666667,0.7259999999999999,estimated-rho stopping robustness; exact rho used only for retrospective regret
n10_d25_s42,10,0.4,39,0.125,0.75,0.09375,0.0,1.0,1,1,0,0.7812500000000001,3.0,0.2604166666666667,0.2604166666666667,1.0,estimated-rho stopping robustness; exact rho used only for retrospective regret
n10_d25_s42,10,0.4,39,0.125,0.9,0.1125,0.0,1.0,1,1,0,0.7812500000000001,3.0,0.2604166666666667,0.2604166666666667,1.0,estimated-rho stopping robustness; exact rho used only for retrospective regret
n10_d25_s42,10,0.4,39,0.125,1.0,0.125,0.0,1.0,1,1,0,0.7812500000000001,3.0,0.2604166666666667,0.2604166666666667,1.0,estimated-rho stopping robustness; exact rho used only for retrospective regret
n10_d25_s42,10,0.4,39,0.125,1.1,0.1375,0.0,1.0,1,1,0,0.7812500000000001,3.0,0.2604166666666667,0.2604166666666667,1.0,estimated-rho stopping robustness; exact rho used only for retrospective regret
n10_d25_s42,10,0.4,39,0.125,1.25,0.15625,0.0,1.0,1,1,0,0.7812500000000001,3.0,0.2604166666666667,0.2604166666666667,1.0,estimated-rho stopping robustness; exact rho used only for retrospective regret
n10_d25_s42,10,0.4,39,0.125,1.5,0.1875,0.0,1.0,1,1,0,0.7812500000000001,3.0,0.2604166666666667,0.2604166666666667,1.0,estimated-rho stopping robustness; exact rho used only for retrospective regret
n10_d25_s42,10,0.4,39,0.125,0.5,0.0625,0.0,4.0,2,1,1,0.9453124999999999,11.0,0.08593749999999999,0.13020833333333334,0.6599999999999998,estimated-rho stopping robustness; exact rho used only for retrospective regret
n10_d25_s42,10,0.4,39,0.125,0.75,0.09375,0.0,4.0,1,1,0,0.7812500000000001,6.0,0.13020833333333334,0.13020833333333334,1.0,estimated-rho stopping robustness; exact rho used only for retrospective regret
n10_d25_s42,10,0.4,39,0.125,0.9,0.1125,0.0,4.0,1,1,0,0.7812500000000001,6.0,0.13020833333333334,0.13020833333333334,1.0,estimated-rho stopping robustness; exact rho used only for retrospective regret
n10_d25_s42,10,0.4,39,0.125,1.0,0.125,0.0,4.0,1,1,0,0.7812500000000001,6.0,0.13020833333333334,0.13020833333333334,1.0,estimated-rho stopping robustness; exact rho used only for retrospective regret
n10_d25_s42,10,0.4,39,0.125,1.1,0.1375,0.0,4.0,1,1,0,0.7812500000000001,6.0,0.13020833333333334,0.13020833333333334,1.0,estimated-rho stopping robustness; exact rho used only for retrospective regret
n10_d25_s42,10,0.4,39,0.125,1.25,0.15625,0.0,4.0,0,1,-1,0.12500000000000003,1.0,0.12500000000000003,0.13020833333333334,0.9600000000000002,estimated-rho stopping robustness; exact rho used only for retrospective regret
n10_d25_s42,10,0.4,39,0.125,1.5,0.1875,0.0,4.0,0,1,-1,0.12500000000000003,1.0,0.12500000000000003,0.13020833333333334,0.9600000000000002,estimated-rho stopping robustness; exact rho used only for retrospective regret
n10_d25_s42,10,0.4,39,0.125,0.5,0.0625,0.001,1.0,2,1,1,0.8639505735767078,5.0,0.17279011471534156,0.24525118062089812,0.7045434573562168,estimated-rho stopping robustness; exact rho used only for retrospective regret
n10_d25_s42,10,0.4,39,0.125,0.75,0.09375,0.001,1.0,1,1,0,0.7357535418626944,3.0,0.24525118062089812,0.24525118062089812,1.0,estimated-rho stopping robustness; exact rho used only for retrospective regret
n10_d25_s42,10,0.4,39,0.125,0.9,0.1125,0.001,1.0,1,1,0,0.7357535418626944,3.0,0.24525118062089812,0.24525118062089812,1.0,estimated-rho stopping robustness; exact rho used only for retrospective regret
n10_d25_s42,10,0.4,39,0.125,1.0,0.125,0.001,1.0,1,1,0,0.7357535418626944,3.0,0.24525118062089812,0.24525118062089812,1.0,estimated-rho stopping robustness; exact rho used only for retrospective regret
n10_d25_s42,10,0.4,39,0.125,1.1,0.1375,0.001,1.0,1,1,0,0.7357535418626944,3.0,0.24525118062089812,0.24525118062089812,1.0,estimated-rho stopping robustness; exact rho used only for retrospective regret
n10_d25_s42,10,0.4,39,0.125,1.25,0.15625,0.001,1.0,1,1,0,0.7357535418626944,3.0,0.24525118062089812,0.24525118062089812,1.0,estimated-rho stopping robustness; exact rho used only for retrospective regret
n10_d25_s42,10,0.4,39,0.125,1.5,0.1875,0.001,1.0,1,1,0,0.7357535418626944,3.0,0.24525118062089812,0.24525118062089812,1.0,estimated-rho stopping robustness; exact rho used only for retrospective regret
n10_d25_s42,10,0.4,39,0.125,0.5,0.0625,0.001,4.0,2,1,1,0.8639505735767078,11.0,0.07854096123424616,0.12262559031044906,0.6404940521420152,estimated-rho stopping robustness; exact rho used only for retrospective regret
n10_d25_s42,10,0.4,39,0.125,0.75,0.09375,0.001,4.0,1,1,0,0.7357535418626944,6.0,0.12262559031044906,0.12262559031044906,1.0,estimated-rho stopping robustness; exact rho used only for retrospective regret
n10_d25_s42,10,0.4,39,0.125,0.9,0.1125,0.001,4.0,1,1,0,0.7357535418626944,6.0,0.12262559031044906,0.12262559031044906,1.0,estimated-rho stopping robustness; exact rho used only for retrospective regret
n10_d25_s42,10,0.4,39,0.125,1.0,0.125,0.001,4.0,1,1,0,0.7357535418626944,6.0,0.12262559031044906,0.12262559031044906,1.0,estimated-rho stopping robustness; exact rho used only for retrospective regret
n10_d25_s42,10,0.4,39,0.125,1.1,0.1375,0.001,4.0,0,1,-1,0.12130569169356355,1.0,0.12130569169356355,0.12262559031044906,0.9892363525953763,estimated-rho stopping robustness; exact rho used only for retrospective regret
n10_d25_s42,10,0.4,39,0.125,1.25,0.15625,0.001,4.0,0,1,-1,0.12130569169356355,1.0,0.12130569169356355,0.12262559031044906,0.9892363525953763,estimated-rho stopping robustness; exact rho used only for retrospective regret
n10_d25_s42,10,0.4,39,0.125,1.5,0.1875,0.001,4.0,0,1,-1,0.12130569169356355,1.0,0.12130569169356355,0.12262559031044906,0.9892363525953763,estimated-rho stopping robustness; exact rho used only for retrospective regret
n10_d25_s42,10,0.55,43,0.0390625,0.5,0.01953125,0.0,1.0,4,2,2,0.9524720937463728,9.0,0.10583023263848586,0.14065969735383987,0.752384902210205,estimated-rho stopping robustness; exact rho used only for retrospective regret
n10_d25_s42,10,0.55,43,0.0390625,0.75,0.029296875,0.0,1.0,3,2,1,0.9686036807033815,7.0,0.13837195438619737,0.14065969735383987,0.983735618583854,estimated-rho stopping robustness; exact rho used only for retrospective regret
n10_d25_s42,10,0.55,43,0.0390625,0.9,0.03515625,0.0,1.0,3,2,1,0.9686036807033815,7.0,0.13837195438619737,0.14065969735383987,0.983735618583854,estimated-rho stopping robustness; exact rho used only for retrospective regret
n10_d25_s42,10,0.55,43,0.0390625,1.0,0.0390625,0.0,1.0,2,2,0,0.7032984867691994,5.0,0.14065969735383987,0.14065969735383987,1.0,estimated-rho stopping robustness; exact rho used only for retrospective regret
n10_d25_s42,10,0.55,43,0.0390625,1.1,0.04296875,0.0,1.0,2,2,0,0.7032984867691994,5.0,0.14065969735383987,0.14065969735383987,1.0,estimated-rho stopping robustness; exact rho used only for retrospective regret
n10_d25_s42,10,0.55,43,0.0390625,1.25,0.048828125,0.0,1.0,2,2,0,0.7032984867691994,5.0,0.14065969735383987,0.14065969735383987,1.0,estimated-rho stopping robustness; exact rho used only for retrospective regret
n10_d25_s42,10,0.55,43,0.0390625,1.5,0.05859375,0.0,1.0,2,2,0,0.7032984867691994,5.0,0.14065969735383987,0.14065969735383987,1.0,estimated-rho stopping robustness; exact rho used only for retrospective regret
n10_d25_s42,10,0.55,43,0.0390625,0.5,0.01953125,0.0,4.0,4,2,2,0.9524720937463728,21.0,0.04535581398792251,0.06393622606992722,0.7093914792267648,estimated-rho stopping robustness; exact rho used only for retrospective regret
n10_d25_s42,10,0.55,43,0.0390625,0.75,0.029296875,0.0,4.0,3,2,1,0.9686036807033815,16.0,0.060537730043961346,0.06393622606992722,0.9468455328869595,estimated-rho stopping robustness; exact rho used only for retrospective regret
n10_d25_s42,10,0.55,43,0.0390625,0.9,0.03515625,0.0,4.0,2,2,0,0.7032984867691994,11.0,0.06393622606992722,0.06393622606992722,1.0,estimated-rho stopping robustness; exact rho used only for retrospective regret
n10_d25_s42,10,0.55,43,0.0390625,1.0,0.0390625,0.0,4.0,2,2,0,0.7032984867691994,11.0,0.06393622606992722,0.06393622606992722,1.0,estimated-rho stopping robustness; exact rho used only for retrospective regret
n10_d25_s42,10,0.55,43,0.0390625,1.1,0.04296875,0.0,4.0,2,2,0,0.7032984867691994,11.0,0.06393622606992722,0.06393622606992722,1.0,estimated-rho stopping robustness; exact rho used only for retrospective regret
n10_d25_s42,10,0.55,43,0.0390625,1.25,0.048828125,0.0,4.0,2,2,0,0.7032984867691994,11.0,0.06393622606992722,0.06393622606992722,1.0,estimated-rho stopping robustness; exact rho used only for retrospective regret
n10_d25_s42,10,0.55,43,0.0390625,1.5,0.05859375,0.0,4.0,2,2,0,0.7032984867691994,11.0,0.06393622606992722,0.06393622606992722,1.0,estimated-rho stopping robustness; exact rho used only for retrospective regret
n10_d25_s42,10,0.55,43,0.0390625,0.5,0.01953125,0.001,1.0,3,2,1,0.8590743994952893,7.0,0.12272491421361276,0.1285532839224871,0.9546618372472799,estimated-rho stopping robustness; exact rho used only for retrospective regret
n10_d25_s42,10,0.55,43,0.0390625,0.75,0.029296875,0.001,1.0,3,2,1,0.8590743994952893,7.0,0.12272491421361276,0.1285532839224871,0.9546618372472799,estimated-rho stopping robustness; exact rho used only for retrospective regret
n10_d25_s42,10,0.55,43,0.0390625,0.9,0.03515625,0.001,1.0,2,2,0,0.6427664196124355,5.0,0.1285532839224871,0.1285532839224871,1.0,estimated-rho stopping robustness; exact rho used only for retrospective regret
n10_d25_s42,10,0.55,43,0.0390625,1.0,0.0390625,0.001,1.0,2,2,0,0.6427664196124355,5.0,0.1285532839224871,0.1285532839224871,1.0,estimated-rho stopping robustness; exact rho used only for retrospective regret
n10_d25_s42,10,0.55,43,0.0390625,1.1,0.04296875,0.001,1.0,2,2,0,0.6427664196124355,5.0,0.1285532839224871,0.1285532839224871,1.0,estimated-rho stopping robustness; exact rho used only for retrospective regret
n10_d25_s42,10,0.55,43,0.0390625,1.25,0.048828125,0.001,1.0,2,2,0,0.6427664196124355,5.0,0.1285532839224871,0.1285532839224871,1.0,estimated-rho stopping robustness; exact rho used only for retrospective regret
n10_d25_s42,10,0.55,43,0.0390625,1.5,0.05859375,0.001,1.0,2,2,0,0.6427664196124355,5.0,0.1285532839224871,0.1285532839224871,1.0,estimated-rho stopping robustness; exact rho used only for retrospective regret
n10_d25_s42,10,0.55,43,0.0390625,0.5,0.01953125,0.001,4.0,3,2,1,0.8590743994952893,16.0,0.05369214996845558,0.05843331087385777,0.918862018350507,estimated-rho stopping robustness; exact rho used only for retrospective regret
n10_d25_s42,10,0.55,43,0.0390625,0.75,0.029296875,0.001,4.0,3,2,1,0.8590743994952893,16.0,0.05369214996845558,0.05843331087385777,0.918862018350507,estimated-rho stopping robustness; exact rho used only for retrospective regret
n10_d25_s42,10,0.55,43,0.0390625,0.9,0.03515625,0.001,4.0,2,2,0,0.6427664196124355,11.0,0.05843331087385777,0.05843331087385777,1.0,estimated-rho stopping robustness; exact rho used only for retrospective regret
n10_d25_s42,10,0.55,43,0.0390625,1.0,0.0390625,0.001,4.0,2,2,0,0.6427664196124355,11.0,0.05843331087385777,0.05843331087385777,1.0,estimated-rho stopping robustness; exact rho used only for retrospective regret
n10_d25_s42,10,0.55,43,0.0390625,1.1,0.04296875,0.001,4.0,2,2,0,0.6427664196124355,11.0,0.05843331087385777,0.05843331087385777,1.0,estimated-rho stopping robustness; exact rho used only for retrospective regret
n10_d25_s42,10,0.55,43,0.0390625,1.25,0.048828125,0.001,4.0,2,2,0,0.6427664196124355,11.0,0.05843331087385777,0.05843331087385777,1.0,estimated-rho stopping robustness; exact rho used only for retrospective regret
n10_d25_s42,10,0.55,43,0.0390625,1.5,0.05859375,0.001,4.0,2,2,0,0.6427664196124355,11.0,0.05843331087385777,0.05843331087385777,1.0,estimated-rho stopping robustness; exact rho used only for retrospective regret
n10_d50_s17,10,0.25,56,0.158203125,0.5,0.0791015625,0.0,1.0,2,1,1,0.791242879939091,5.0,0.15824857598781822,0.2955011129379272,0.5355261589862771,estimated-rho stopping robustness; exact rho used only for retrospective regret
n10_d50_s17,10,0.25,56,0.158203125,0.75,0.11865234375,0.0,1.0,1,1,0,0.8865033388137815,3.0,0.2955011129379272,0.2955011129379272,1.0,estimated-rho stopping robustness; exact rho used only for retrospective regret
n10_d50_s17,10,0.25,56,0.158203125,0.9,0.1423828125,0.0,1.0,1,1,0,0.8865033388137815,3.0,0.2955011129379272,0.2955011129379272,1.0,estimated-rho stopping robustness; exact rho used only for retrospective regret
n10_d50_s17,10,0.25,56,0.158203125,1.0,0.158203125,0.0,1.0,1,1,0,0.8865033388137815,3.0,0.2955011129379272,0.2955011129379272,1.0,estimated-rho stopping robustness; exact rho used only for retrospective regret
n10_d50_s17,10,0.25,56,0.158203125,1.1,0.17402343750000002,0.0,1.0,1,1,0,0.8865033388137815,3.0,0.2955011129379272,0.2955011129379272,1.0,estimated-rho stopping robustness; exact rho used only for retrospective regret
n10_d50_s17,10,0.25,56,0.158203125,1.25,0.19775390625,0.0,1.0,1,1,0,0.8865033388137815,3.0,0.2955011129379272,0.2955011129379272,1.0,estimated-rho stopping robustness; exact rho used only for retrospective regret
n10_d50_s17,10,0.25,56,0.158203125,1.5,0.2373046875,0.0,1.0,1,1,0,0.8865033388137815,3.0,0.2955011129379272,0.2955011129379272,1.0,estimated-rho stopping robustness; exact rho used only for retrospective regret
n10_d50_s17,10,0.25,56,0.158203125,0.5,0.0791015625,0.0,4.0,1,0,1,0.8865033388137815,6.0,0.1477505564689636,0.158203125,0.9339294433593748,estimated-rho stopping robustness; exact rho used only for retrospective regret
n10_d50_s17,10,0.25,56,0.158203125,0.75,0.11865234375,0.0,4.0,1,0,1,0.8865033388137815,6.0,0.1477505564689636,0.158203125,0.9339294433593748,estimated-rho stopping robustness; exact rho used only for retrospective regret
n10_d50_s17,10,0.25,56,0.158203125,0.9,0.1423828125,0.0,4.0,0,0,0,0.158203125,1.0,0.158203125,0.158203125,1.0,estimated-rho stopping robustness; exact rho used only for retrospective regret
n10_d50_s17,10,0.25,56,0.158203125,1.0,0.158203125,0.0,4.0,0,0,0,0.158203125,1.0,0.158203125,0.158203125,1.0,estimated-rho stopping robustness; exact rho used only for retrospective regret
n10_d50_s17,10,0.25,56,0.158203125,1.1,0.17402343750000002,0.0,4.0,0,0,0,0.158203125,1.0,0.158203125,0.158203125,1.0,estimated-rho stopping robustness; exact rho used only for retrospective regret
n10_d50_s17,10,0.25,56,0.158203125,1.25,0.19775390625,0.0,4.0,0,0,0,0.158203125,1.0,0.158203125,0.158203125,1.0,estimated-rho stopping robustness; exact rho used only for retrospective regret
n10_d50_s17,10,0.25,56,0.158203125,1.5,0.2373046875,0.0,4.0,0,0,0,0.158203125,1.0,0.158203125,0.158203125,1.0,estimated-rho stopping robustness; exact rho used only for retrospective regret
n10_d50_s17,10,0.25,56,0.158203125,0.5,0.0791015625,0.001,1.0,2,1,1,0.7231415431001535,5.0,0.1446283086200307,0.2782924677996134,0.5196989690866208,estimated-rho stopping robustness; exact rho used only for retrospective regret
n10_d50_s17,10,0.25,56,0.158203125,0.75,0.11865234375,0.001,1.0,1,1,0,0.8348774033988402,3.0,0.2782924677996134,0.2782924677996134,1.0,estimated-rho stopping robustness; exact rho used only for retrospective regret
n10_d50_s17,10,0.25,56,0.158203125,0.9,0.1423828125,0.001,1.0,1,1,0,0.8348774033988402,3.0,0.2782924677996134,0.2782924677996134,1.0,estimated-rho stopping robustness; exact rho used only for retrospective regret
n10_d50_s17,10,0.25,56,0.158203125,1.0,0.158203125,0.001,1.0,1,1,0,0.8348774033988402,3.0,0.2782924677996134,0.2782924677996134,1.0,estimated-rho stopping robustness; exact rho used only for retrospective regret
n10_d50_s17,10,0.25,56,0.158203125,1.1,0.17402343750000002,0.001,1.0,1,1,0,0.8348774033988402,3.0,0.2782924677996134,0.2782924677996134,1.0,estimated-rho stopping robustness; exact rho used only for retrospective regret
n10_d50_s17,10,0.25,56,0.158203125,1.25,0.19775390625,0.001,1.0,1,1,0,0.8348774033988402,3.0,0.2782924677996134,0.2782924677996134,1.0,estimated-rho stopping robustness; exact rho used only for retrospective regret
n10_d50_s17,10,0.25,56,0.158203125,1.5,0.2373046875,0.001,1.0,1,1,0,0.8348774033988402,3.0,0.2782924677996134,0.2782924677996134,1.0,estimated-rho stopping robustness; exact rho used only for retrospective regret
n10_d50_s17,10,0.25,56,0.158203125,0.5,0.0791015625,0.001,4.0,1,0,1,0.8348774033988402,6.0,0.1391462338998067,0.15352751604966633,0.9063276569575498,estimated-rho stopping robustness; exact rho used only for retrospective regret
n10_d50_s17,10,0.25,56,0.158203125,0.75,0.11865234375,0.001,4.0,1,0,1,0.8348774033988402,6.0,0.1391462338998067,0.15352751604966633,0.9063276569575498,estimated-rho stopping robustness; exact rho used only for retrospective regret
n10_d50_s17,10,0.25,56,0.158203125,0.9,0.1423828125,0.001,4.0,0,0,0,0.15352751604966633,1.0,0.15352751604966633,0.15352751604966633,1.0,estimated-rho stopping robustness; exact rho used only for retrospective regret
n10_d50_s17,10,0.25,56,0.158203125,1.0,0.158203125,0.001,4.0,0,0,0,0.15352751604966633,1.0,0.15352751604966633,0.15352751604966633,1.0,estimated-rho stopping robustness; exact rho used only for retrospective regret
n10_d50_s17,10,0.25,56,0.158203125,1.1,0.17402343750000002,0.001,4.0,0,0,0,0.15352751604966633,1.0,0.15352751604966633,0.15352751604966633,1.0,estimated-rho stopping robustness; exact rho used only for retrospective regret
n10_d50_s17,10,0.25,56,0.158203125,1.25,0.19775390625,0.001,4.0,0,0,0,0.15352751604966633,1.0,0.15352751604966633,0.15352751604966633,1.0,estimated-rho stopping robustness; exact rho used only for retrospective regret
n10_d50_s17,10,0.25,56,0.158203125,1.5,0.2373046875,0.001,4.0,0,0,0,0.15352751604966633,1.0,0.15352751604966633,0.15352751604966633,1.0,estimated-rho stopping robustness; exact rho used only for retrospective regret
n10_d50_s17,10,0.4,63,0.02734375,0.5,0.013671875,0.0,1.0,4,3,1,0.9942813445062867,9.0,0.11047570494514297,0.12037351289569642,0.9177742037060105,estimated-rho stopping robustness; exact rho used only for retrospective regret
n10_d50_s17,10,0.4,63,0.02734375,0.75,0.0205078125,0.0,1.0,4,3,1,0.9942813445062867,9.0,0.11047570494514297,0.12037351289569642,0.9177742037060105,estimated-rho stopping robustness; exact rho used only for retrospective regret
n10_d50_s17,10,0.4,63,0.02734375,0.9,0.024609375,0.0,1.0,3,3,0,0.842614590269875,7.0,0.12037351289569642,0.12037351289569642,1.0,estimated-rho stopping robustness; exact rho used only for retrospective regret
n10_d50_s17,10,0.4,63,0.02734375,1.0,0.02734375,0.0,1.0,3,3,0,0.842614590269875,7.0,0.12037351289569642,0.12037351289569642,1.0,estimated-rho stopping robustness; exact rho used only for retrospective regret
n10_d50_s17,10,0.4,63,0.02734375,1.1,0.030078125000000004,0.0,1.0,3,3,0,0.842614590269875,7.0,0.12037351289569642,0.12037351289569642,1.0,estimated-rho stopping robustness; exact rho used only for retrospective regret
n10_d50_s17,10,0.4,63,0.02734375,1.25,0.0341796875,0.0,1.0,3,3,0,0.842614590269875,7.0,0.12037351289569642,0.12037351289569642,1.0,estimated-rho stopping robustness; exact rho used only for retrospective regret
n10_d50_s17,10,0.4,63,0.02734375,1.5,0.041015625,0.0,1.0,2,3,-1,0.5451526136603206,5.0,0.10903052273206412,0.12037351289569642,0.905768387988635,estimated-rho stopping robustness; exact rho used only for retrospective regret
n10_d50_s17,10,0.4,63,0.02734375,0.5,0.013671875,0.0,4.0,4,3,1,0.9942813445062867,21.0,0.04734673069077556,0.052663411891867185,0.899044117916092,estimated-rho stopping robustness; exact rho used only for retrospective regret
n10_d50_s17,10,0.4,63,0.02734375,0.75,0.0205078125,0.0,4.0,3,3,0,0.842614590269875,16.0,0.052663411891867185,0.052663411891867185,1.0,estimated-rho stopping robustness; exact rho used only for retrospective regret
n10_d50_s17,10,0.4,63,0.02734375,0.9,0.024609375,0.0,4.0,3,3,0,0.842614590269875,16.0,0.052663411891867185,0.052663411891867185,1.0,estimated-rho stopping robustness; exact rho used only for retrospective regret
n10_d50_s17,10,0.4,63,0.02734375,1.0,0.02734375,0.0,4.0,3,3,0,0.842614590269875,16.0,0.052663411891867185,0.052663411891867185,1.0,estimated-rho stopping robustness; exact rho used only for retrospective regret
n10_d50_s17,10,0.4,63,0.02734375,1.1,0.030078125000000004,0.0,4.0,3,3,0,0.842614590269875,16.0,0.052663411891867185,0.052663411891867185,1.0,estimated-rho stopping robustness; exact rho used only for retrospective regret
n10_d50_s17,10,0.4,63,0.02734375,1.25,0.0341796875,0.0,4.0,2,3,-1,0.5451526136603206,11.0,0.049559328514574605,0.052663411891867185,0.9410580654427378,estimated-rho stopping robustness; exact rho used only for retrospective regret
n10_d50_s17,10,0.4,63,0.02734375,1.5,0.041015625,0.0,4.0,2,3,-1,0.5451526136603206,11.0,0.049559328514574605,0.052663411891867185,0.9410580654427378,estimated-rho stopping robustness; exact rho used only for retrospective regret
n10_d50_s17,10,0.4,63,0.02734375,0.5,0.013671875,0.001,1.0,4,3,1,0.8557858840271918,9.0,0.09508732044746576,0.10676172862662946,0.8906498767925367,estimated-rho stopping robustness; exact rho used only for retrospective regret
n10_d50_s17,10,0.4,63,0.02734375,0.75,0.0205078125,0.001,1.0,3,3,0,0.7473321003864062,7.0,0.10676172862662946,0.10676172862662946,1.0,estimated-rho stopping robustness; exact rho used only for retrospective regret
n10_d50_s17,10,0.4,63,0.02734375,0.9,0.024609375,0.001,1.0,3,3,0,0.7473321003864062,7.0,0.10676172862662946,0.10676172862662946,1.0,estimated-rho stopping robustness; exact rho used only for retrospective regret
n10_d50_s17,10,0.4,63,0.02734375,1.0,0.02734375,0.001,1.0,3,3,0,0.7473321003864062,7.0,0.10676172862662946,0.10676172862662946,1.0,estimated-rho stopping robustness; exact rho used only for retrospective regret
n10_d50_s17,10,0.4,63,0.02734375,1.1,0.030078125000000004,0.001,1.0,3,3,0,0.7473321003864062,7.0,0.10676172862662946,0.10676172862662946,1.0,estimated-rho stopping robustness; exact rho used only for retrospective regret
n10_d50_s17,10,0.4,63,0.02734375,1.25,0.0341796875,0.001,1.0,3,3,0,0.7473321003864062,7.0,0.10676172862662946,0.10676172862662946,1.0,estimated-rho stopping robustness; exact rho used only for retrospective regret
n10_d50_s17,10,0.4,63,0.02734375,1.5,0.041015625,0.001,1.0,2,3,-1,0.4982319743562848,5.0,0.09964639487125695,0.10676172862662946,0.9333531421146573,estimated-rho stopping robustness; exact rho used only for retrospective regret
n10_d50_s17,10,0.4,63,0.02734375,0.5,0.013671875,0.001,4.0,4,3,1,0.8557858840271918,21.0,0.04075170876319961,0.046708256274150387,0.8724733486947298,estimated-rho stopping robustness; exact rho used only for retrospective regret
n10_d50_s17,10,0.4,63,0.02734375,0.75,0.0205078125,0.001,4.0,3,3,0,0.7473321003864062,16.0,0.046708256274150387,0.046708256274150387,1.0,estimated-rho stopping robustness; exact rho used only for retrospective regret
n10_d50_s17,10,0.4,63,0.02734375,0.9,0.024609375,0.001,4.0,3,3,0,0.7473321003864062,16.0,0.046708256274150387,0.046708256274150387,1.0,estimated-rho stopping robustness; exact rho used only for retrospective regret
n10_d50_s17,10,0.4,63,0.02734375,1.0,0.02734375,0.001,4.0,3,3,0,0.7473321003864062,16.0,0.046708256274150387,0.046708256274150387,1.0,estimated-rho stopping robustness; exact rho used only for retrospective regret
n10_d50_s17,10,0.4,63,0.02734375,1.1,0.030078125000000004,0.001,4.0,3,3,0,0.7473321003864062,16.0,0.046708256274150387,0.046708256274150387,1.0,estimated-rho stopping robustness; exact rho used only for retrospective regret
n10_d50_s17,10,0.4,63,0.02734375,1.25,0.0341796875,0.001,4.0,2,3,-1,0.4982319743562848,11.0,0.045293815850571344,0.046708256274150387,0.9697175502489945,estimated-rho stopping robustness; exact rho used only for retrospective regret
n10_d50_s17,10,0.4,63,0.02734375,1.5,0.041015625,0.001,4.0,2,3,-1,0.4982319743562848,11.0,0.045293815850571344,0.046708256274150387,0.9697175502489945,estimated-rho stopping robustness; exact rho used only for retrospective regret
n10_d50_s17,10,0.55,69,0.00390625,0.5,0.001953125,0.0,1.0,13,9,4,0.9861862401036727,27.0,0.036525416300136025,0.045298739189324866,0.8063230225344469,estimated-rho stopping robustness; exact rho used only for retrospective regret
n10_d50_s17,10,0.55,69,0.00390625,0.75,0.0029296875,0.0,1.0,10,9,1,0.9351757480633812,21.0,0.04453217847920863,0.045298739189324866,0.9830776590290423,estimated-rho stopping robustness; exact rho used only for retrospective regret
n10_d50_s17,10,0.55,69,0.00390625,0.9,0.003515625,0.0,1.0,9,9,0,0.8606760445971724,19.0,0.045298739189324866,0.045298739189324866,1.0,estimated-rho stopping robustness; exact rho used only for retrospective regret
n10_d50_s17,10,0.55,69,0.00390625,1.0,0.00390625,0.0,1.0,9,9,0,0.8606760445971724,19.0,0.045298739189324866,0.045298739189324866,1.0,estimated-rho stopping robustness; exact rho used only for retrospective regret
n10_d50_s17,10,0.55,69,0.00390625,1.1,0.004296875,0.0,1.0,8,9,-1,0.7637221440185906,17.0,0.04492483200109357,0.045298739189324866,0.9917457484485702,estimated-rho stopping robustness; exact rho used only for retrospective regret
n10_d50_s17,10,0.55,69,0.00390625,1.25,0.0048828125,0.0,1.0,8,9,-1,0.7637221440185906,17.0,0.04492483200109357,0.045298739189324866,0.9917457484485702,estimated-rho stopping robustness; exact rho used only for retrospective regret
n10_d50_s17,10,0.55,69,0.00390625,1.5,0.005859375,0.0,1.0,7,9,-2,0.650349994727914,15.0,0.04335666631519427,0.045298739189324866,0.957127440876141,estimated-rho stopping robustness; exact rho used only for retrospective regret
n10_d50_s17,10,0.55,69,0.00390625,0.5,0.001953125,0.0,4.0,13,9,4,0.9861862401036727,66.0,0.014942215759146556,0.018710348795590703,0.7986070127494284,estimated-rho stopping robustness; exact rho used only for retrospective regret
n10_d50_s17,10,0.55,69,0.00390625,0.75,0.0029296875,0.0,4.0,10,9,1,0.9351757480633812,51.0,0.01833677937379179,0.018710348795590703,0.9800340749453613,estimated-rho stopping robustness; exact rho used only for retrospective regret
n10_d50_s17,10,0.55,69,0.00390625,0.9,0.003515625,0.0,4.0,9,9,0,0.8606760445971724,46.0,0.018710348795590703,0.018710348795590703,1.0,estimated-rho stopping robustness; exact rho used only for retrospective regret
n10_d50_s17,10,0.55,69,0.00390625,1.0,0.00390625,0.0,4.0,9,9,0,0.8606760445971724,46.0,0.018710348795590703,0.018710348795590703,1.0,estimated-rho stopping robustness; exact rho used only for retrospective regret
n10_d50_s17,10,0.55,69,0.00390625,1.1,0.004296875,0.0,4.0,8,9,-1,0.7637221440185906,41.0,0.018627369366307087,0.018710348795590703,0.995565051716023,estimated-rho stopping robustness; exact rho used only for retrospective regret
n10_d50_s17,10,0.55,69,0.00390625,1.25,0.0048828125,0.0,4.0,8,9,-1,0.7637221440185906,41.0,0.018627369366307087,0.018710348795590703,0.995565051716023,estimated-rho stopping robustness; exact rho used only for retrospective regret
n10_d50_s17,10,0.55,69,0.00390625,1.5,0.005859375,0.0,4.0,7,9,-2,0.650349994727914,36.0,0.018065277631330943,0.018710348795590703,0.9655232956206686,estimated-rho stopping robustness; exact rho used only for retrospective regret
n10_d50_s17,10,0.55,69,0.00390625,0.5,0.001953125,0.001,1.0,10,8,2,0.6723200402127204,21.0,0.03201524001012954,0.034294695536162885,0.9335332916535237,estimated-rho stopping robustness; exact rho used only for retrospective regret
n10_d50_s17,10,0.55,69,0.00390625,0.75,0.0029296875,0.001,1.0,9,8,1,0.6376044959418561,19.0,0.033558131365360844,0.034294695536162885,0.9785225044489649,estimated-rho stopping robustness; exact rho used only for retrospective regret
n10_d50_s17,10,0.55,69,0.00390625,0.9,0.003515625,0.001,1.0,8,8,0,0.5830098241147691,17.0,0.034294695536162885,0.034294695536162885,1.0,estimated-rho stopping robustness; exact rho used only for retrospective regret
n10_d50_s17,10,0.55,69,0.00390625,1.0,0.00390625,0.001,1.0,8,8,0,0.5830098241147691,17.0,0.034294695536162885,0.034294695536162885,1.0,estimated-rho stopping robustness; exact rho used only for retrospective regret
n10_d50_s17,10,0.55,69,0.00390625,1.1,0.004296875,0.001,1.0,7,8,-1,0.5115834252974633,15.0,0.03410556168649755,0.034294695536162885,0.9944850407123196,estimated-rho stopping robustness; exact rho used only for retrospective regret
n10_d50_s17,10,0.55,69,0.00390625,1.25,0.0048828125,0.001,1.0,7,8,-1,0.5115834252974633,15.0,0.03410556168649755,0.034294695536162885,0.9944850407123196,estimated-rho stopping robustness; exact rho used only for retrospective regret
n10_d50_s17,10,0.55,69,0.00390625,1.5,0.005859375,0.001,1.0,6,8,-2,0.42767857712159063,13.0,0.0328983520862762,0.034294695536162885,0.9592839817337269,estimated-rho stopping robustness; exact rho used only for retrospective regret
n10_d50_s17,10,0.55,69,0.00390625,0.5,0.001953125,0.001,4.0,10,8,2,0.6723200402127204,51.0,0.01318274588652393,0.014219751807677296,0.9270728536490009,estimated-rho stopping robustness; exact rho used only for retrospective regret
n10_d50_s17,10,0.55,69,0.00390625,0.75,0.0029296875,0.001,4.0,9,8,1,0.6376044959418561,46.0,0.013860967303083827,0.014219751807677296,0.974768581797626,estimated-rho stopping robustness; exact rho used only for retrospective regret
n10_d50_s17,10,0.55,69,0.00390625,0.9,0.003515625,0.001,4.0,8,8,0,0.5830098241147691,41.0,0.014219751807677296,0.014219751807677296,1.0,estimated-rho stopping robustness; exact rho used only for retrospective regret
n10_d50_s17,10,0.55,69,0.00390625,1.0,0.00390625,0.001,4.0,8,8,0,0.5830098241147691,41.0,0.014219751807677296,0.014219751807677296,1.0,estimated-rho stopping robustness; exact rho used only for retrospective regret
n10_d50_s17,10,0.55,69,0.00390625,1.1,0.004296875,0.001,4.0,7,8,-1,0.5115834252974633,36.0,0.014210650702707312,0.014219751807677296,0.9993599673824778,estimated-rho stopping robustness; exact rho used only for retrospective regret
n10_d50_s17,10,0.55,69,0.00390625,1.25,0.0048828125,0.001,4.0,7,8,-1,0.5115834252974633,36.0,0.014210650702707312,0.014219751807677296,0.9993599673824778,estimated-rho stopping robustness; exact rho used only for retrospective regret
n10_d50_s17,10,0.55,69,0.00390625,1.5,0.005859375,0.001,4.0,6,8,-2,0.42767857712159063,31.0,0.013796083132954537,0.014219751807677296,0.9702056209944523,estimated-rho stopping robustness; exact rho used only for retrospective regret
n10_d50_s42,10,0.25,67,0.140625,0.5,0.0703125,0.0,1.0,2,1,1,0.8816549777984619,5.0,0.1763309955596924,0.27850341796875,0.633137635601578,estimated-rho stopping robustness; exact rho used only for retrospective regret
n10_d50_s42,10,0.25,67,0.140625,0.75,0.10546875,0.0,1.0,1,1,0,0.83551025390625,3.0,0.27850341796875,0.27850341796875,1.0,estimated-rho stopping robustness; exact rho used only for retrospective regret
n10_d50_s42,10,0.25,67,0.140625,0.9,0.1265625,0.0,1.0,1,1,0,0.83551025390625,3.0,0.27850341796875,0.27850341796875,1.0,estimated-rho stopping robustness; exact rho used only for retrospective regret
n10_d50_s42,10,0.25,67,0.140625,1.0,0.140625,0.0,1.0,1,1,0,0.83551025390625,3.0,0.27850341796875,0.27850341796875,1.0,estimated-rho stopping robustness; exact rho used only for retrospective regret
n10_d50_s42,10,0.25,67,0.140625,1.1,0.1546875,0.0,1.0,1,1,0,0.83551025390625,3.0,0.27850341796875,0.27850341796875,1.0,estimated-rho stopping robustness; exact rho used only for retrospective regret
n10_d50_s42,10,0.25,67,0.140625,1.25,0.17578125,0.0,1.0,1,1,0,0.83551025390625,3.0,0.27850341796875,0.27850341796875,1.0,estimated-rho stopping robustness; exact rho used only for retrospective regret
n10_d50_s42,10,0.25,67,0.140625,1.5,0.2109375,0.0,1.0,1,1,0,0.83551025390625,3.0,0.27850341796875,0.27850341796875,1.0,estimated-rho stopping robustness; exact rho used only for retrospective regret
n10_d50_s42,10,0.25,67,0.140625,0.5,0.0703125,0.0,4.0,1,0,1,0.83551025390625,6.0,0.139251708984375,0.140625,0.990234375,estimated-rho stopping robustness; exact rho used only for retrospective regret
n10_d50_s42,10,0.25,67,0.140625,0.75,0.10546875,0.0,4.0,1,0,1,0.83551025390625,6.0,0.139251708984375,0.140625,0.990234375,estimated-rho stopping robustness; exact rho used only for retrospective regret
n10_d50_s42,10,0.25,67,0.140625,0.9,0.1265625,0.0,4.0,1,0,1,0.83551025390625,6.0,0.139251708984375,0.140625,0.990234375,estimated-rho stopping robustness; exact rho used only for retrospective regret
n10_d50_s42,10,0.25,67,0.140625,1.0,0.140625,0.0,4.0,0,0,0,0.140625,1.0,0.140625,0.140625,1.0,estimated-rho stopping robustness; exact rho used only for retrospective regret
n10_d50_s42,10,0.25,67,0.140625,1.1,0.1546875,0.0,4.0,0,0,0,0.140625,1.0,0.140625,0.140625,1.0,estimated-rho stopping robustness; exact rho used only for retrospective regret
n10_d50_s42,10,0.25,67,0.140625,1.25,0.17578125,0.0,4.0,0,0,0,0.140625,1.0,0.140625,0.140625,1.0,estimated-rho stopping robustness; exact rho used only for retrospective regret
n10_d50_s42,10,0.25,67,0.140625,1.5,0.2109375,0.0,4.0,0,0,0,0.140625,1.0,0.140625,0.140625,1.0,estimated-rho stopping robustness; exact rho used only for retrospective regret
n10_d50_s42,10,0.25,67,0.140625,0.5,0.0703125,0.001,1.0,2,1,1,0.8057719788596267,5.0,0.16115439577192534,0.26228464152495895,0.6144255905910141,estimated-rho stopping robustness; exact rho used only for retrospective regret
n10_d50_s42,10,0.25,67,0.140625,0.75,0.10546875,0.001,1.0,1,1,0,0.7868539245748768,3.0,0.26228464152495895,0.26228464152495895,1.0,estimated-rho stopping robustness; exact rho used only for retrospective regret
n10_d50_s42,10,0.25,67,0.140625,0.9,0.1265625,0.001,1.0,1,1,0,0.7868539245748768,3.0,0.26228464152495895,0.26228464152495895,1.0,estimated-rho stopping robustness; exact rho used only for retrospective regret
n10_d50_s42,10,0.25,67,0.140625,1.0,0.140625,0.001,1.0,1,1,0,0.7868539245748768,3.0,0.26228464152495895,0.26228464152495895,1.0,estimated-rho stopping robustness; exact rho used only for retrospective regret
n10_d50_s42,10,0.25,67,0.140625,1.1,0.1546875,0.001,1.0,1,1,0,0.7868539245748768,3.0,0.26228464152495895,0.26228464152495895,1.0,estimated-rho stopping robustness; exact rho used only for retrospective regret
n10_d50_s42,10,0.25,67,0.140625,1.25,0.17578125,0.001,1.0,1,1,0,0.7868539245748768,3.0,0.26228464152495895,0.26228464152495895,1.0,estimated-rho stopping robustness; exact rho used only for retrospective regret
n10_d50_s42,10,0.25,67,0.140625,1.5,0.2109375,0.001,1.0,1,1,0,0.7868539245748768,3.0,0.26228464152495895,0.26228464152495895,1.0,estimated-rho stopping robustness; exact rho used only for retrospective regret
n10_d50_s42,10,0.25,67,0.140625,0.5,0.0703125,0.001,4.0,1,0,1,0.7868539245748768,6.0,0.13114232076247948,0.13646890315525895,0.9609685263849488,estimated-rho stopping robustness; exact rho used only for retrospective regret
n10_d50_s42,10,0.25,67,0.140625,0.75,0.10546875,0.001,4.0,1,0,1,0.7868539245748768,6.0,0.13114232076247948,0.13646890315525895,0.9609685263849488,estimated-rho stopping robustness; exact rho used only for retrospective regret
n10_d50_s42,10,0.25,67,0.140625,0.9,0.1265625,0.001,4.0,1,0,1,0.7868539245748768,6.0,0.13114232076247948,0.13646890315525895,0.9609685263849488,estimated-rho stopping robustness; exact rho used only for retrospective regret
n10_d50_s42,10,0.25,67,0.140625,1.0,0.140625,0.001,4.0,0,0,0,0.13646890315525895,1.0,0.13646890315525895,0.13646890315525895,1.0,estimated-rho stopping robustness; exact rho used only for retrospective regret
n10_d50_s42,10,0.25,67,0.140625,1.1,0.1546875,0.001,4.0,0,0,0,0.13646890315525895,1.0,0.13646890315525895,0.13646890315525895,1.0,estimated-rho stopping robustness; exact rho used only for retrospective regret
n10_d50_s42,10,0.25,67,0.140625,1.25,0.17578125,0.001,4.0,0,0,0,0.13646890315525895,1.0,0.13646890315525895,0.13646890315525895,1.0,estimated-rho stopping robustness; exact rho used only for retrospective regret
n10_d50_s42,10,0.25,67,0.140625,1.5,0.2109375,0.001,4.0,0,0,0,0.13646890315525895,1.0,0.13646890315525895,0.13646890315525895,1.0,estimated-rho stopping robustness; exact rho used only for retrospective regret
n10_d50_s42,10,0.4,75,0.046875,0.5,0.0234375,0.0,1.0,3,2,1,0.9981388254091145,7.0,0.14259126077273063,0.15741362571716305,0.9058381072356158,estimated-rho stopping robustness; exact rho used only for retrospective regret
n10_d50_s42,10,0.4,75,0.046875,0.75,0.03515625,0.0,1.0,3,2,1,0.9981388254091145,7.0,0.14259126077273063,0.15741362571716305,0.9058381072356158,estimated-rho stopping robustness; exact rho used only for retrospective regret
n10_d50_s42,10,0.4,75,0.046875,0.9,0.0421875,0.0,1.0,2,2,0,0.7870681285858153,5.0,0.15741362571716305,0.15741362571716305,1.0,estimated-rho stopping robustness; exact rho used only for retrospective regret
n10_d50_s42,10,0.4,75,0.046875,1.0,0.046875,0.0,1.0,2,2,0,0.7870681285858153,5.0,0.15741362571716305,0.15741362571716305,1.0,estimated-rho stopping robustness; exact rho used only for retrospective regret
n10_d50_s42,10,0.4,75,0.046875,1.1,0.051562500000000004,0.0,1.0,2,2,0,0.7870681285858153,5.0,0.15741362571716305,0.15741362571716305,1.0,estimated-rho stopping robustness; exact rho used only for retrospective regret
n10_d50_s42,10,0.4,75,0.046875,1.25,0.05859375,0.0,1.0,2,2,0,0.7870681285858153,5.0,0.15741362571716305,0.15741362571716305,1.0,estimated-rho stopping robustness; exact rho used only for retrospective regret
n10_d50_s42,10,0.4,75,0.046875,1.5,0.0703125,0.0,1.0,2,2,0,0.7870681285858153,5.0,0.15741362571716305,0.15741362571716305,1.0,estimated-rho stopping robustness; exact rho used only for retrospective regret
n10_d50_s42,10,0.4,75,0.046875,0.5,0.0234375,0.0,4.0,3,2,1,0.9981388254091145,16.0,0.062383676588069654,0.07155164805325594,0.8718691782142802,estimated-rho stopping robustness; exact rho used only for retrospective regret
n10_d50_s42,10,0.4,75,0.046875,0.75,0.03515625,0.0,4.0,2,2,0,0.7870681285858153,11.0,0.07155164805325594,0.07155164805325594,1.0,estimated-rho stopping robustness; exact rho used only for retrospective regret
n10_d50_s42,10,0.4,75,0.046875,0.9,0.0421875,0.0,4.0,2,2,0,0.7870681285858153,11.0,0.07155164805325594,0.07155164805325594,1.0,estimated-rho stopping robustness; exact rho used only for retrospective regret
n10_d50_s42,10,0.4,75,0.046875,1.0,0.046875,0.0,4.0,2,2,0,0.7870681285858153,11.0,0.07155164805325594,0.07155164805325594,1.0,estimated-rho stopping robustness; exact rho used only for retrospective regret
n10_d50_s42,10,0.4,75,0.046875,1.1,0.051562500000000004,0.0,4.0,2,2,0,0.7870681285858153,11.0,0.07155164805325594,0.07155164805325594,1.0,estimated-rho stopping robustness; exact rho used only for retrospective regret
n10_d50_s42,10,0.4,75,0.046875,1.25,0.05859375,0.0,4.0,2,2,0,0.7870681285858153,11.0,0.07155164805325594,0.07155164805325594,1.0,estimated-rho stopping robustness; exact rho used only for retrospective regret
n10_d50_s42,10,0.4,75,0.046875,1.5,0.0703125,0.0,4.0,1,2,-1,0.37078857421875,6.0,0.061798095703125,0.07155164805325594,0.8636851475053187,estimated-rho stopping robustness; exact rho used only for retrospective regret
n10_d50_s42,10,0.4,75,0.046875,0.5,0.0234375,0.001,1.0,3,2,1,0.8852697229362024,7.0,0.12646710327660035,0.14386522152952833,0.879066545284838,estimated-rho stopping robustness; exact rho used only for retrospective regret
n10_d50_s42,10,0.4,75,0.046875,0.75,0.03515625,0.001,1.0,2,2,0,0.7193261076476416,5.0,0.14386522152952833,0.14386522152952833,1.0,estimated-rho stopping robustness; exact rho used only for retrospective regret
n10_d50_s42,10,0.4,75,0.046875,0.9,0.0421875,0.001,1.0,2,2,0,0.7193261076476416,5.0,0.14386522152952833,0.14386522152952833,1.0,estimated-rho stopping robustness; exact rho used only for retrospective regret
n10_d50_s42,10,0.4,75,0.046875,1.0,0.046875,0.001,1.0,2,2,0,0.7193261076476416,5.0,0.14386522152952833,0.14386522152952833,1.0,estimated-rho stopping robustness; exact rho used only for retrospective regret
n10_d50_s42,10,0.4,75,0.046875,1.1,0.051562500000000004,0.001,1.0,2,2,0,0.7193261076476416,5.0,0.14386522152952833,0.14386522152952833,1.0,estimated-rho stopping robustness; exact rho used only for retrospective regret
n10_d50_s42,10,0.4,75,0.046875,1.25,0.05859375,0.001,1.0,2,2,0,0.7193261076476416,5.0,0.14386522152952833,0.14386522152952833,1.0,estimated-rho stopping robustness; exact rho used only for retrospective regret
n10_d50_s42,10,0.4,75,0.046875,1.5,0.0703125,0.001,1.0,2,2,0,0.7193261076476416,5.0,0.14386522152952833,0.14386522152952833,1.0,estimated-rho stopping robustness; exact rho used only for retrospective regret
n10_d50_s42,10,0.4,75,0.046875,0.5,0.0234375,0.001,4.0,3,2,1,0.8852697229362024,16.0,0.05532935768351265,0.06539328251342197,0.8461015498366564,estimated-rho stopping robustness; exact rho used only for retrospective regret
n10_d50_s42,10,0.4,75,0.046875,0.75,0.03515625,0.001,4.0,2,2,0,0.7193261076476416,11.0,0.06539328251342197,0.06539328251342197,1.0,estimated-rho stopping robustness; exact rho used only for retrospective regret
n10_d50_s42,10,0.4,75,0.046875,0.9,0.0421875,0.001,4.0,2,2,0,0.7193261076476416,11.0,0.06539328251342197,0.06539328251342197,1.0,estimated-rho stopping robustness; exact rho used only for retrospective regret
n10_d50_s42,10,0.4,75,0.046875,1.0,0.046875,0.001,4.0,2,2,0,0.7193261076476416,11.0,0.06539328251342197,0.06539328251342197,1.0,estimated-rho stopping robustness; exact rho used only for retrospective regret
n10_d50_s42,10,0.4,75,0.046875,1.1,0.051562500000000004,0.001,4.0,2,2,0,0.7193261076476416,11.0,0.06539328251342197,0.06539328251342197,1.0,estimated-rho stopping robustness; exact rho used only for retrospective regret
n10_d50_s42,10,0.4,75,0.046875,1.25,0.05859375,0.001,4.0,2,2,0,0.7193261076476416,11.0,0.06539328251342197,0.06539328251342197,1.0,estimated-rho stopping robustness; exact rho used only for retrospective regret
n10_d50_s42,10,0.4,75,0.046875,1.5,0.0703125,0.001,4.0,1,2,-1,0.3491955286574897,6.0,0.05819925477624829,0.06539328251342197,0.8899882761551676,estimated-rho stopping robustness; exact rho used only for retrospective regret
n10_d50_s42,10,0.55,83,0.00390625,0.5,0.001953125,0.0,1.0,13,9,4,0.9861862401036727,27.0,0.036525416300136025,0.045298739189324866,0.8063230225344469,estimated-rho stopping robustness; exact rho used only for retrospective regret
n10_d50_s42,10,0.55,83,0.00390625,0.75,0.0029296875,0.0,1.0,10,9,1,0.9351757480633812,21.0,0.04453217847920863,0.045298739189324866,0.9830776590290423,estimated-rho stopping robustness; exact rho used only for retrospective regret
n10_d50_s42,10,0.55,83,0.00390625,0.9,0.003515625,0.0,1.0,9,9,0,0.8606760445971724,19.0,0.045298739189324866,0.045298739189324866,1.0,estimated-rho stopping robustness; exact rho used only for retrospective regret
n10_d50_s42,10,0.55,83,0.00390625,1.0,0.00390625,0.0,1.0,9,9,0,0.8606760445971724,19.0,0.045298739189324866,0.045298739189324866,1.0,estimated-rho stopping robustness; exact rho used only for retrospective regret
n10_d50_s42,10,0.55,83,0.00390625,1.1,0.004296875,0.0,1.0,8,9,-1,0.7637221440185906,17.0,0.04492483200109357,0.045298739189324866,0.9917457484485702,estimated-rho stopping robustness; exact rho used only for retrospective regret
n10_d50_s42,10,0.55,83,0.00390625,1.25,0.0048828125,0.0,1.0,8,9,-1,0.7637221440185906,17.0,0.04492483200109357,0.045298739189324866,0.9917457484485702,estimated-rho stopping robustness; exact rho used only for retrospective regret
n10_d50_s42,10,0.55,83,0.00390625,1.5,0.005859375,0.0,1.0,7,9,-2,0.650349994727914,15.0,0.04335666631519427,0.045298739189324866,0.957127440876141,estimated-rho stopping robustness; exact rho used only for retrospective regret
n10_d50_s42,10,0.55,83,0.00390625,0.5,0.001953125,0.0,4.0,13,9,4,0.9861862401036727,66.0,0.014942215759146556,0.018710348795590703,0.7986070127494284,estimated-rho stopping robustness; exact rho used only for retrospective regret
n10_d50_s42,10,0.55,83,0.00390625,0.75,0.0029296875,0.0,4.0,10,9,1,0.9351757480633812,51.0,0.01833677937379179,0.018710348795590703,0.9800340749453613,estimated-rho stopping robustness; exact rho used only for retrospective regret
n10_d50_s42,10,0.55,83,0.00390625,0.9,0.003515625,0.0,4.0,9,9,0,0.8606760445971724,46.0,0.018710348795590703,0.018710348795590703,1.0,estimated-rho stopping robustness; exact rho used only for retrospective regret
n10_d50_s42,10,0.55,83,0.00390625,1.0,0.00390625,0.0,4.0,9,9,0,0.8606760445971724,46.0,0.018710348795590703,0.018710348795590703,1.0,estimated-rho stopping robustness; exact rho used only for retrospective regret
n10_d50_s42,10,0.55,83,0.00390625,1.1,0.004296875,0.0,4.0,8,9,-1,0.7637221440185906,41.0,0.018627369366307087,0.018710348795590703,0.995565051716023,estimated-rho stopping robustness; exact rho used only for retrospective regret
n10_d50_s42,10,0.55,83,0.00390625,1.25,0.0048828125,0.0,4.0,8,9,-1,0.7637221440185906,41.0,0.018627369366307087,0.018710348795590703,0.995565051716023,estimated-rho stopping robustness; exact rho used only for retrospective regret
n10_d50_s42,10,0.55,83,0.00390625,1.5,0.005859375,0.0,4.0,7,9,-2,0.650349994727914,36.0,0.018065277631330943,0.018710348795590703,0.9655232956206686,estimated-rho stopping robustness; exact rho used only for retrospective regret
n10_d50_s42,10,0.55,83,0.00390625,0.5,0.001953125,0.001,1.0,10,8,2,0.6723200402127204,21.0,0.03201524001012954,0.034294695536162885,0.9335332916535237,estimated-rho stopping robustness; exact rho used only for retrospective regret
n10_d50_s42,10,0.55,83,0.00390625,0.75,0.0029296875,0.001,1.0,9,8,1,0.6376044959418561,19.0,0.033558131365360844,0.034294695536162885,0.9785225044489649,estimated-rho stopping robustness; exact rho used only for retrospective regret
n10_d50_s42,10,0.55,83,0.00390625,0.9,0.003515625,0.001,1.0,8,8,0,0.5830098241147691,17.0,0.034294695536162885,0.034294695536162885,1.0,estimated-rho stopping robustness; exact rho used only for retrospective regret
n10_d50_s42,10,0.55,83,0.00390625,1.0,0.00390625,0.001,1.0,8,8,0,0.5830098241147691,17.0,0.034294695536162885,0.034294695536162885,1.0,estimated-rho stopping robustness; exact rho used only for retrospective regret
n10_d50_s42,10,0.55,83,0.00390625,1.1,0.004296875,0.001,1.0,7,8,-1,0.5115834252974633,15.0,0.03410556168649755,0.034294695536162885,0.9944850407123196,estimated-rho stopping robustness; exact rho used only for retrospective regret
n10_d50_s42,10,0.55,83,0.00390625,1.25,0.0048828125,0.001,1.0,7,8,-1,0.5115834252974633,15.0,0.03410556168649755,0.034294695536162885,0.9944850407123196,estimated-rho stopping robustness; exact rho used only for retrospective regret
n10_d50_s42,10,0.55,83,0.00390625,1.5,0.005859375,0.001,1.0,6,8,-2,0.42767857712159063,13.0,0.0328983520862762,0.034294695536162885,0.9592839817337269,estimated-rho stopping robustness; exact rho used only for retrospective regret
n10_d50_s42,10,0.55,83,0.00390625,0.5,0.001953125,0.001,4.0,10,8,2,0.6723200402127204,51.0,0.01318274588652393,0.014219751807677296,0.9270728536490009,estimated-rho stopping robustness; exact rho used only for retrospective regret
n10_d50_s42,10,0.55,83,0.00390625,0.75,0.0029296875,0.001,4.0,9,8,1,0.6376044959418561,46.0,0.013860967303083827,0.014219751807677296,0.974768581797626,estimated-rho stopping robustness; exact rho used only for retrospective regret
n10_d50_s42,10,0.55,83,0.00390625,0.9,0.003515625,0.001,4.0,8,8,0,0.5830098241147691,41.0,0.014219751807677296,0.014219751807677296,1.0,estimated-rho stopping robustness; exact rho used only for retrospective regret
n10_d50_s42,10,0.55,83,0.00390625,1.0,0.00390625,0.001,4.0,8,8,0,0.5830098241147691,41.0,0.014219751807677296,0.014219751807677296,1.0,estimated-rho stopping robustness; exact rho used only for retrospective regret
n10_d50_s42,10,0.55,83,0.00390625,1.1,0.004296875,0.001,4.0,7,8,-1,0.5115834252974633,36.0,0.014210650702707312,0.014219751807677296,0.9993599673824778,estimated-rho stopping robustness; exact rho used only for retrospective regret
n10_d50_s42,10,0.55,83,0.00390625,1.25,0.0048828125,0.001,4.0,7,8,-1,0.5115834252974633,36.0,0.014210650702707312,0.014219751807677296,0.9993599673824778,estimated-rho stopping robustness; exact rho used only for retrospective regret
n10_d50_s42,10,0.55,83,0.00390625,1.5,0.005859375,0.001,4.0,6,8,-2,0.42767857712159063,31.0,0.013796083132954537,0.014219751807677296,0.9702056209944523,estimated-rho stopping robustness; exact rho used only for retrospective regret
n10_d75_s17,10,0.25,101,0.09765625,0.5,0.048828125,0.0,1.0,2,1,1,0.9996643348131329,5.0,0.19993286696262658,0.22164185841878256,0.9020537383550638,estimated-rho stopping robustness; exact rho used only for retrospective regret
n10_d75_s17,10,0.25,101,0.09765625,0.75,0.0732421875,0.0,1.0,2,1,1,0.9996643348131329,5.0,0.19993286696262658,0.22164185841878256,0.9020537383550638,estimated-rho stopping robustness; exact rho used only for retrospective regret
n10_d75_s17,10,0.25,101,0.09765625,0.9,0.087890625,0.0,1.0,1,1,0,0.6649255752563477,3.0,0.22164185841878256,0.22164185841878256,1.0,estimated-rho stopping robustness; exact rho used only for retrospective regret
n10_d75_s17,10,0.25,101,0.09765625,1.0,0.09765625,0.0,1.0,1,1,0,0.6649255752563477,3.0,0.22164185841878256,0.22164185841878256,1.0,estimated-rho stopping robustness; exact rho used only for retrospective regret
n10_d75_s17,10,0.25,101,0.09765625,1.1,0.10742187500000001,0.0,1.0,1,1,0,0.6649255752563477,3.0,0.22164185841878256,0.22164185841878256,1.0,estimated-rho stopping robustness; exact rho used only for retrospective regret
n10_d75_s17,10,0.25,101,0.09765625,1.25,0.1220703125,0.0,1.0,1,1,0,0.6649255752563477,3.0,0.22164185841878256,0.22164185841878256,1.0,estimated-rho stopping robustness; exact rho used only for retrospective regret
n10_d75_s17,10,0.25,101,0.09765625,1.5,0.146484375,0.0,1.0,1,1,0,0.6649255752563477,3.0,0.22164185841878256,0.22164185841878256,1.0,estimated-rho stopping robustness; exact rho used only for retrospective regret
n10_d75_s17,10,0.25,101,0.09765625,0.5,0.048828125,0.0,4.0,2,1,1,0.9996643348131329,11.0,0.09087857589210299,0.11082092920939128,0.820048853050058,estimated-rho stopping robustness; exact rho used only for retrospective regret
n10_d75_s17,10,0.25,101,0.09765625,0.75,0.0732421875,0.0,4.0,1,1,0,0.6649255752563477,6.0,0.11082092920939128,0.11082092920939128,1.0,estimated-rho stopping robustness; exact rho used only for retrospective regret
n10_d75_s17,10,0.25,101,0.09765625,0.9,0.087890625,0.0,4.0,1,1,0,0.6649255752563477,6.0,0.11082092920939128,0.11082092920939128,1.0,estimated-rho stopping robustness; exact rho used only for retrospective regret
n10_d75_s17,10,0.25,101,0.09765625,1.0,0.09765625,0.0,4.0,1,1,0,0.6649255752563477,6.0,0.11082092920939128,0.11082092920939128,1.0,estimated-rho stopping robustness; exact rho used only for retrospective regret
n10_d75_s17,10,0.25,101,0.09765625,1.1,0.10742187500000001,0.0,4.0,1,1,0,0.6649255752563477,6.0,0.11082092920939128,0.11082092920939128,1.0,estimated-rho stopping robustness; exact rho used only for retrospective regret
n10_d75_s17,10,0.25,101,0.09765625,1.25,0.1220703125,0.0,4.0,1,1,0,0.6649255752563477,6.0,0.11082092920939128,0.11082092920939128,1.0,estimated-rho stopping robustness; exact rho used only for retrospective regret
n10_d75_s17,10,0.25,101,0.09765625,1.5,0.146484375,0.0,4.0,0,1,-1,0.09765625,1.0,0.09765625,0.11082092920939128,0.8812076445910574,estimated-rho stopping robustness; exact rho used only for retrospective regret
n10_d75_s17,10,0.25,101,0.09765625,0.5,0.048828125,0.001,1.0,2,1,1,0.9136244103891404,5.0,0.18272488207782808,0.20873444141651085,0.8753940214074063,estimated-rho stopping robustness; exact rho used only for retrospective regret
n10_d75_s17,10,0.25,101,0.09765625,0.75,0.0732421875,0.001,1.0,2,1,1,0.9136244103891404,5.0,0.18272488207782808,0.20873444141651085,0.8753940214074063,estimated-rho stopping robustness; exact rho used only for retrospective regret
n10_d75_s17,10,0.25,101,0.09765625,0.9,0.087890625,0.001,1.0,1,1,0,0.6262033242495325,3.0,0.20873444141651085,0.20873444141651085,1.0,estimated-rho stopping robustness; exact rho used only for retrospective regret
n10_d75_s17,10,0.25,101,0.09765625,1.0,0.09765625,0.001,1.0,1,1,0,0.6262033242495325,3.0,0.20873444141651085,0.20873444141651085,1.0,estimated-rho stopping robustness; exact rho used only for retrospective regret
n10_d75_s17,10,0.25,101,0.09765625,1.1,0.10742187500000001,0.001,1.0,1,1,0,0.6262033242495325,3.0,0.20873444141651085,0.20873444141651085,1.0,estimated-rho stopping robustness; exact rho used only for retrospective regret
n10_d75_s17,10,0.25,101,0.09765625,1.25,0.1220703125,0.001,1.0,1,1,0,0.6262033242495325,3.0,0.20873444141651085,0.20873444141651085,1.0,estimated-rho stopping robustness; exact rho used only for retrospective regret
n10_d75_s17,10,0.25,101,0.09765625,1.5,0.146484375,0.001,1.0,1,1,0,0.6262033242495325,3.0,0.20873444141651085,0.20873444141651085,1.0,estimated-rho stopping robustness; exact rho used only for retrospective regret
n10_d75_s17,10,0.25,101,0.09765625,0.5,0.048828125,0.001,4.0,2,1,1,0.9136244103891404,11.0,0.08305676458083094,0.10436722070825542,0.7958127467340057,estimated-rho stopping robustness; exact rho used only for retrospective regret
n10_d75_s17,10,0.25,101,0.09765625,0.75,0.0732421875,0.001,4.0,1,1,0,0.6262033242495325,6.0,0.10436722070825542,0.10436722070825542,1.0,estimated-rho stopping robustness; exact rho used only for retrospective regret
n10_d75_s17,10,0.25,101,0.09765625,0.9,0.087890625,0.001,4.0,1,1,0,0.6262033242495325,6.0,0.10436722070825542,0.10436722070825542,1.0,estimated-rho stopping robustness; exact rho used only for retrospective regret
n10_d75_s17,10,0.25,101,0.09765625,1.0,0.09765625,0.001,4.0,1,1,0,0.6262033242495325,6.0,0.10436722070825542,0.10436722070825542,1.0,estimated-rho stopping robustness; exact rho used only for retrospective regret
n10_d75_s17,10,0.25,101,0.09765625,1.1,0.10742187500000001,0.001,4.0,1,1,0,0.6262033242495325,6.0,0.10436722070825542,0.10436722070825542,1.0,estimated-rho stopping robustness; exact rho used only for retrospective regret
n10_d75_s17,10,0.25,101,0.09765625,1.25,0.1220703125,0.001,4.0,1,1,0,0.6262033242495325,6.0,0.10436722070825542,0.10436722070825542,1.0,estimated-rho stopping robustness; exact rho used only for retrospective regret
n10_d75_s17,10,0.25,101,0.09765625,1.5,0.146484375,0.001,4.0,0,1,-1,0.0947700716355965,1.0,0.0947700716355965,0.10436722070825542,0.9080444127233543,estimated-rho stopping robustness; exact rho used only for retrospective regret
n10_d75_s17,10,0.4,113,0.005859375,0.5,0.0029296875,0.0,1.0,10,7,3,0.9985372478657798,21.0,0.04754939275551332,0.055508836190831363,0.8566094340736198,estimated-rho stopping robustness; exact rho used only for retrospective regret
n10_d75_s17,10,0.4,113,0.005859375,0.75,0.00439453125,0.0,1.0,8,7,1,0.929761291055471,17.0,0.05469184065032182,0.055508836190831363,0.9852817029400359,estimated-rho stopping robustness; exact rho used only for retrospective regret
n10_d75_s17,10,0.4,113,0.005859375,0.9,0.0052734375,0.0,1.0,8,7,1,0.929761291055471,17.0,0.05469184065032182,0.055508836190831363,0.9852817029400359,estimated-rho stopping robustness; exact rho used only for retrospective regret
n10_d75_s17,10,0.4,113,0.005859375,1.0,0.005859375,0.0,1.0,7,7,0,0.8326325428624705,15.0,0.055508836190831363,0.055508836190831363,1.0,estimated-rho stopping robustness; exact rho used only for retrospective regret
n10_d75_s17,10,0.4,113,0.005859375,1.1,0.0064453125000000005,0.0,1.0,7,7,0,0.8326325428624705,15.0,0.055508836190831363,0.055508836190831363,1.0,estimated-rho stopping robustness; exact rho used only for retrospective regret
n10_d75_s17,10,0.4,113,0.005859375,1.25,0.00732421875,0.0,1.0,6,7,-1,0.7045022142891604,13.0,0.054192478022243105,0.055508836190831363,0.9762856103834927,estimated-rho stopping robustness; exact rho used only for retrospective regret
n10_d75_s17,10,0.4,113,0.005859375,1.5,0.0087890625,0.0,1.0,6,7,-1,0.7045022142891604,13.0,0.054192478022243105,0.055508836190831363,0.9762856103834927,estimated-rho stopping robustness; exact rho used only for retrospective regret
n10_d75_s17,10,0.4,113,0.005859375,0.5,0.0029296875,0.0,4.0,10,7,3,0.9985372478657798,51.0,0.019579161722858427,0.023128681746179734,0.8465316760256949,estimated-rho stopping robustness; exact rho used only for retrospective regret
n10_d75_s17,10,0.4,113,0.005859375,0.75,0.00439453125,0.0,4.0,8,7,1,0.929761291055471,41.0,0.022677104659889535,0.023128681746179734,0.9804754507305723,estimated-rho stopping robustness; exact rho used only for retrospective regret
n10_d75_s17,10,0.4,113,0.005859375,0.9,0.0052734375,0.0,4.0,7,7,0,0.8326325428624705,36.0,0.023128681746179734,0.023128681746179734,1.0,estimated-rho stopping robustness; exact rho used only for retrospective regret
n10_d75_s17,10,0.4,113,0.005859375,1.0,0.005859375,0.0,4.0,7,7,0,0.8326325428624705,36.0,0.023128681746179734,0.023128681746179734,1.0,estimated-rho stopping robustness; exact rho used only for retrospective regret
n10_d75_s17,10,0.4,113,0.005859375,1.1,0.0064453125000000005,0.0,4.0,7,7,0,0.8326325428624705,36.0,0.023128681746179734,0.023128681746179734,1.0,estimated-rho stopping robustness; exact rho used only for retrospective regret
n10_d75_s17,10,0.4,113,0.005859375,1.25,0.00732421875,0.0,4.0,6,7,-1,0.7045022142891604,31.0,0.022725877880295495,0.023128681746179734,0.9825842272246764,estimated-rho stopping robustness; exact rho used only for retrospective regret
n10_d75_s17,10,0.4,113,0.005859375,1.5,0.0087890625,0.0,4.0,6,7,-1,0.7045022142891604,31.0,0.022725877880295495,0.023128681746179734,0.9825842272246764,estimated-rho stopping robustness; exact rho used only for retrospective regret
n10_d75_s17,10,0.4,113,0.005859375,0.5,0.0029296875,0.001,1.0,9,6,3,0.7310660845426278,19.0,0.03847716234434883,0.04392756893491586,0.8759228720660029,estimated-rho stopping robustness; exact rho used only for retrospective regret
n10_d75_s17,10,0.4,113,0.005859375,0.75,0.00439453125,0.001,1.0,7,6,1,0.6549719562463105,15.0,0.04366479708308737,0.04392756893491586,0.9940180652332975,estimated-rho stopping robustness; exact rho used only for retrospective regret
n10_d75_s17,10,0.4,113,0.005859375,0.9,0.0052734375,0.001,1.0,7,6,1,0.6549719562463105,15.0,0.04366479708308737,0.04392756893491586,0.9940180652332975,estimated-rho stopping robustness; exact rho used only for retrospective regret
n10_d75_s17,10,0.4,113,0.005859375,1.0,0.005859375,0.001,1.0,6,6,0,0.5710583961539062,13.0,0.04392756893491586,0.04392756893491586,1.0,estimated-rho stopping robustness; exact rho used only for retrospective regret
n10_d75_s17,10,0.4,113,0.005859375,1.1,0.0064453125000000005,0.001,1.0,6,6,0,0.5710583961539062,13.0,0.04392756893491586,0.04392756893491586,1.0,estimated-rho stopping robustness; exact rho used only for retrospective regret
n10_d75_s17,10,0.4,113,0.005859375,1.25,0.00732421875,0.001,1.0,6,6,0,0.5710583961539062,13.0,0.04392756893491586,0.04392756893491586,1.0,estimated-rho stopping robustness; exact rho used only for retrospective regret
n10_d75_s17,10,0.4,113,0.005859375,1.5,0.0087890625,0.001,1.0,5,6,-1,0.4655062286220465,11.0,0.04231874805654968,0.04392756893491586,0.9633755994840085,estimated-rho stopping robustness; exact rho used only for retrospective regret
n10_d75_s17,10,0.4,113,0.005859375,0.5,0.0029296875,0.001,4.0,9,6,3,0.7310660845426278,46.0,0.015892740968317994,0.018421238585609876,0.862740086366013,estimated-rho stopping robustness; exact rho used only for retrospective regret
n10_d75_s17,10,0.4,113,0.005859375,0.75,0.00439453125,0.001,4.0,7,6,1,0.6549719562463105,36.0,0.018193665451286405,0.018421238585609876,0.9876461545587253,estimated-rho stopping robustness; exact rho used only for retrospective regret
n10_d75_s17,10,0.4,113,0.005859375,0.9,0.0052734375,0.001,4.0,7,6,1,0.6549719562463105,36.0,0.018193665451286405,0.018421238585609876,0.9876461545587253,estimated-rho stopping robustness; exact rho used only for retrospective regret
n10_d75_s17,10,0.4,113,0.005859375,1.0,0.005859375,0.001,4.0,6,6,0,0.5710583961539062,31.0,0.018421238585609876,0.018421238585609876,1.0,estimated-rho stopping robustness; exact rho used only for retrospective regret
n10_d75_s17,10,0.4,113,0.005859375,1.1,0.0064453125000000005,0.001,4.0,6,6,0,0.5710583961539062,31.0,0.018421238585609876,0.018421238585609876,1.0,estimated-rho stopping robustness; exact rho used only for retrospective regret
n10_d75_s17,10,0.4,113,0.005859375,1.25,0.00732421875,0.001,4.0,6,6,0,0.5710583961539062,31.0,0.018421238585609876,0.018421238585609876,1.0,estimated-rho stopping robustness; exact rho used only for retrospective regret
n10_d75_s17,10,0.4,113,0.005859375,1.5,0.0087890625,0.001,4.0,5,6,-1,0.4655062286220465,26.0,0.017904085716232556,0.018421238585609876,0.971926270485346,estimated-rho stopping robustness; exact rho used only for retrospective regret
n10_d75_s42,10,0.25,106,0.17578125,0.5,0.087890625,0.0,1.0,1,1,0,0.9273576736450198,3.0,0.3091192245483399,0.3091192245483399,1.0,estimated-rho stopping robustness; exact rho used only for retrospective regret
n10_d75_s42,10,0.25,106,0.17578125,0.75,0.1318359375,0.0,1.0,1,1,0,0.9273576736450198,3.0,0.3091192245483399,0.3091192245483399,1.0,estimated-rho stopping robustness; exact rho used only for retrospective regret
n10_d75_s42,10,0.25,106,0.17578125,0.9,0.158203125,0.0,1.0,1,1,0,0.9273576736450198,3.0,0.3091192245483399,0.3091192245483399,1.0,estimated-rho stopping robustness; exact rho used only for retrospective regret
n10_d75_s42,10,0.25,106,0.17578125,1.0,0.17578125,0.0,1.0,1,1,0,0.9273576736450198,3.0,0.3091192245483399,0.3091192245483399,1.0,estimated-rho stopping robustness; exact rho used only for retrospective regret
n10_d75_s42,10,0.25,106,0.17578125,1.1,0.19335937500000003,0.0,1.0,1,1,0,0.9273576736450198,3.0,0.3091192245483399,0.3091192245483399,1.0,estimated-rho stopping robustness; exact rho used only for retrospective regret
n10_d75_s42,10,0.25,106,0.17578125,1.25,0.2197265625,0.0,1.0,1,1,0,0.9273576736450198,3.0,0.3091192245483399,0.3091192245483399,1.0,estimated-rho stopping robustness; exact rho used only for retrospective regret
n10_d75_s42,10,0.25,106,0.17578125,1.5,0.263671875,0.0,1.0,1,1,0,0.9273576736450198,3.0,0.3091192245483399,0.3091192245483399,1.0,estimated-rho stopping robustness; exact rho used only for retrospective regret
n10_d75_s42,10,0.25,106,0.17578125,0.5,0.087890625,0.0,4.0,1,0,1,0.9273576736450198,6.0,0.15455961227416995,0.17578125000000003,0.8792724609375,estimated-rho stopping robustness; exact rho used only for retrospective regret
n10_d75_s42,10,0.25,106,0.17578125,0.75,0.1318359375,0.0,4.0,1,0,1,0.9273576736450198,6.0,0.15455961227416995,0.17578125000000003,0.8792724609375,estimated-rho stopping robustness; exact rho used only for retrospective regret
n10_d75_s42,10,0.25,106,0.17578125,0.9,0.158203125,0.0,4.0,0,0,0,0.17578125000000003,1.0,0.17578125000000003,0.17578125000000003,1.0,estimated-rho stopping robustness; exact rho used only for retrospective regret
n10_d75_s42,10,0.25,106,0.17578125,1.0,0.17578125,0.0,4.0,0,0,0,0.17578125000000003,1.0,0.17578125000000003,0.17578125000000003,1.0,estimated-rho stopping robustness; exact rho used only for retrospective regret
n10_d75_s42,10,0.25,106,0.17578125,1.1,0.19335937500000003,0.0,4.0,0,0,0,0.17578125000000003,1.0,0.17578125000000003,0.17578125000000003,1.0,estimated-rho stopping robustness; exact rho used only for retrospective regret
n10_d75_s42,10,0.25,106,0.17578125,1.25,0.2197265625,0.0,4.0,0,0,0,0.17578125000000003,1.0,0.17578125000000003,0.17578125000000003,1.0,estimated-rho stopping robustness; exact rho used only for retrospective regret
n10_d75_s42,10,0.25,106,0.17578125,1.5,0.263671875,0.0,4.0,0,0,0,0.17578125000000003,1.0,0.17578125000000003,0.17578125000000003,1.0,estimated-rho stopping robustness; exact rho used only for retrospective regret
n10_d75_s42,10,0.25,106,0.17578125,0.5,0.087890625,0.001,1.0,1,1,0,0.873352566986076,3.0,0.291117522328692,0.291117522328692,1.0,estimated-rho stopping robustness; exact rho used only for retrospective regret
n10_d75_s42,10,0.25,106,0.17578125,0.75,0.1318359375,0.001,1.0,1,1,0,0.873352566986076,3.0,0.291117522328692,0.291117522328692,1.0,estimated-rho stopping robustness; exact rho used only for retrospective regret
n10_d75_s42,10,0.25,106,0.17578125,0.9,0.158203125,0.001,1.0,1,1,0,0.873352566986076,3.0,0.291117522328692,0.291117522328692,1.0,estimated-rho stopping robustness; exact rho used only for retrospective regret
n10_d75_s42,10,0.25,106,0.17578125,1.0,0.17578125,0.001,1.0,1,1,0,0.873352566986076,3.0,0.291117522328692,0.291117522328692,1.0,estimated-rho stopping robustness; exact rho used only for retrospective regret
n10_d75_s42,10,0.25,106,0.17578125,1.1,0.19335937500000003,0.001,1.0,1,1,0,0.873352566986076,3.0,0.291117522328692,0.291117522328692,1.0,estimated-rho stopping robustness; exact rho used only for retrospective regret
n10_d75_s42,10,0.25,106,0.17578125,1.25,0.2197265625,0.001,1.0,1,1,0,0.873352566986076,3.0,0.291117522328692,0.291117522328692,1.0,estimated-rho stopping robustness; exact rho used only for retrospective regret
n10_d75_s42,10,0.25,106,0.17578125,1.5,0.263671875,0.001,1.0,1,1,0,0.873352566986076,3.0,0.291117522328692,0.291117522328692,1.0,estimated-rho stopping robustness; exact rho used only for retrospective regret
n10_d75_s42,10,0.25,106,0.17578125,0.5,0.087890625,0.001,4.0,1,0,1,0.873352566986076,6.0,0.145558761164346,0.17058612894407374,0.853286032489002,estimated-rho stopping robustness; exact rho used only for retrospective regret
n10_d75_s42,10,0.25,106,0.17578125,0.75,0.1318359375,0.001,4.0,0,0,0,0.17058612894407374,1.0,0.17058612894407374,0.17058612894407374,1.0,estimated-rho stopping robustness; exact rho used only for retrospective regret
n10_d75_s42,10,0.25,106,0.17578125,0.9,0.158203125,0.001,4.0,0,0,0,0.17058612894407374,1.0,0.17058612894407374,0.17058612894407374,1.0,estimated-rho stopping robustness; exact rho used only for retrospective regret
n10_d75_s42,10,0.25,106,0.17578125,1.0,0.17578125,0.001,4.0,0,0,0,0.17058612894407374,1.0,0.17058612894407374,0.17058612894407374,1.0,estimated-rho stopping robustness; exact rho used only for retrospective regret
n10_d75_s42,10,0.25,106,0.17578125,1.1,0.19335937500000003,0.001,4.0,0,0,0,0.17058612894407374,1.0,0.17058612894407374,0.17058612894407374,1.0,estimated-rho stopping robustness; exact rho used only for retrospective regret
n10_d75_s42,10,0.25,106,0.17578125,1.25,0.2197265625,0.001,4.0,0,0,0,0.17058612894407374,1.0,0.17058612894407374,0.17058612894407374,1.0,estimated-rho stopping robustness; exact rho used only for retrospective regret
n10_d75_s42,10,0.25,106,0.17578125,1.5,0.263671875,0.001,4.0,0,0,0,0.17058612894407374,1.0,0.17058612894407374,0.17058612894407374,1.0,estimated-rho stopping robustness; exact rho used only for retrospective regret
n10_d75_s42,10,0.4,115,0.05859375,0.5,0.029296875,0.0,1.0,3,2,1,0.9803523424770333,7.0,0.1400503346395762,0.17669682274572554,0.7926024501363828,estimated-rho stopping robustness; exact rho used only for retrospective regret
n10_d75_s42,10,0.4,115,0.05859375,0.75,0.0439453125,0.0,1.0,2,2,0,0.8834841137286277,5.0,0.17669682274572554,0.17669682274572554,1.0,estimated-rho stopping robustness; exact rho used only for retrospective regret
n10_d75_s42,10,0.4,115,0.05859375,0.9,0.052734375,0.0,1.0,2,2,0,0.8834841137286277,5.0,0.17669682274572554,0.17669682274572554,1.0,estimated-rho stopping robustness; exact rho used only for retrospective regret
n10_d75_s42,10,0.4,115,0.05859375,1.0,0.05859375,0.0,1.0,2,2,0,0.8834841137286277,5.0,0.17669682274572554,0.17669682274572554,1.0,estimated-rho stopping robustness; exact rho used only for retrospective regret
n10_d75_s42,10,0.4,115,0.05859375,1.1,0.064453125,0.0,1.0,2,2,0,0.8834841137286277,5.0,0.17669682274572554,0.17669682274572554,1.0,estimated-rho stopping robustness; exact rho used only for retrospective regret
n10_d75_s42,10,0.4,115,0.05859375,1.25,0.0732421875,0.0,1.0,2,2,0,0.8834841137286277,5.0,0.17669682274572554,0.17669682274572554,1.0,estimated-rho stopping robustness; exact rho used only for retrospective regret
n10_d75_s42,10,0.4,115,0.05859375,1.5,0.087890625,0.0,1.0,1,2,-1,0.44816493988037104,3.0,0.149388313293457,0.17669682274572554,0.8454499122965744,estimated-rho stopping robustness; exact rho used only for retrospective regret
n10_d75_s42,10,0.4,115,0.05859375,0.5,0.029296875,0.0,4.0,3,2,1,0.9803523424770333,16.0,0.06127202140481458,0.08031673761169343,0.7628798582562684,estimated-rho stopping robustness; exact rho used only for retrospective regret
n10_d75_s42,10,0.4,115,0.05859375,0.75,0.0439453125,0.0,4.0,2,2,0,0.8834841137286277,11.0,0.08031673761169343,0.08031673761169343,1.0,estimated-rho stopping robustness; exact rho used only for retrospective regret
n10_d75_s42,10,0.4,115,0.05859375,0.9,0.052734375,0.0,4.0,2,2,0,0.8834841137286277,11.0,0.08031673761169343,0.08031673761169343,1.0,estimated-rho stopping robustness; exact rho used only for retrospective regret
n10_d75_s42,10,0.4,115,0.05859375,1.0,0.05859375,0.0,4.0,2,2,0,0.8834841137286277,11.0,0.08031673761169343,0.08031673761169343,1.0,estimated-rho stopping robustness; exact rho used only for retrospective regret
n10_d75_s42,10,0.4,115,0.05859375,1.1,0.064453125,0.0,4.0,2,2,0,0.8834841137286277,11.0,0.08031673761169343,0.08031673761169343,1.0,estimated-rho stopping robustness; exact rho used only for retrospective regret
n10_d75_s42,10,0.4,115,0.05859375,1.25,0.0732421875,0.0,4.0,1,2,-1,0.44816493988037104,6.0,0.0746941566467285,0.08031673761169343,0.9299949035262317,estimated-rho stopping robustness; exact rho used only for retrospective regret
n10_d75_s42,10,0.4,115,0.05859375,1.5,0.087890625,0.0,4.0,1,2,-1,0.44816493988037104,6.0,0.0746941566467285,0.08031673761169343,0.9299949035262317,estimated-rho stopping robustness; exact rho used only for retrospective regret
n10_d75_s42,10,0.4,115,0.05859375,0.5,0.029296875,0.001,1.0,3,2,1,0.8694945277264187,7.0,0.12421350396091695,0.16148873664566105,0.7691775076144567,estimated-rho stopping robustness; exact rho used only for retrospective regret
n10_d75_s42,10,0.4,115,0.05859375,0.75,0.0439453125,0.001,1.0,2,2,0,0.8074436832283053,5.0,0.16148873664566105,0.16148873664566105,1.0,estimated-rho stopping robustness; exact rho used only for retrospective regret
n10_d75_s42,10,0.4,115,0.05859375,0.9,0.052734375,0.001,1.0,2,2,0,0.8074436832283053,5.0,0.16148873664566105,0.16148873664566105,1.0,estimated-rho stopping robustness; exact rho used only for retrospective regret
n10_d75_s42,10,0.4,115,0.05859375,1.0,0.05859375,0.001,1.0,2,2,0,0.8074436832283053,5.0,0.16148873664566105,0.16148873664566105,1.0,estimated-rho stopping robustness; exact rho used only for retrospective regret
n10_d75_s42,10,0.4,115,0.05859375,1.1,0.064453125,0.001,1.0,2,2,0,0.8074436832283053,5.0,0.16148873664566105,0.16148873664566105,1.0,estimated-rho stopping robustness; exact rho used only for retrospective regret
n10_d75_s42,10,0.4,115,0.05859375,1.25,0.0732421875,0.001,1.0,2,2,0,0.8074436832283053,5.0,0.16148873664566105,0.16148873664566105,1.0,estimated-rho stopping robustness; exact rho used only for retrospective regret
n10_d75_s42,10,0.4,115,0.05859375,1.5,0.087890625,0.001,1.0,1,2,-1,0.4220658455752505,3.0,0.14068861519175016,0.16148873664566105,0.8711976953566083,estimated-rho stopping robustness; exact rho used only for retrospective regret
n10_d75_s42,10,0.4,115,0.05859375,0.5,0.029296875,0.001,4.0,3,2,1,0.8694945277264187,16.0,0.05434340798290117,0.0734039712025732,0.7403333510789146,estimated-rho stopping robustness; exact rho used only for retrospective regret
n10_d75_s42,10,0.4,115,0.05859375,0.75,0.0439453125,0.001,4.0,2,2,0,0.8074436832283053,11.0,0.0734039712025732,0.0734039712025732,1.0,estimated-rho stopping robustness; exact rho used only for retrospective regret
n10_d75_s42,10,0.4,115,0.05859375,0.9,0.052734375,0.001,4.0,2,2,0,0.8074436832283053,11.0,0.0734039712025732,0.0734039712025732,1.0,estimated-rho stopping robustness; exact rho used only for retrospective regret
n10_d75_s42,10,0.4,115,0.05859375,1.0,0.05859375,0.001,4.0,2,2,0,0.8074436832283053,11.0,0.0734039712025732,0.0734039712025732,1.0,estimated-rho stopping robustness; exact rho used only for retrospective regret
n10_d75_s42,10,0.4,115,0.05859375,1.1,0.064453125,0.001,4.0,2,2,0,0.8074436832283053,11.0,0.0734039712025732,0.0734039712025732,1.0,estimated-rho stopping robustness; exact rho used only for retrospective regret
n10_d75_s42,10,0.4,115,0.05859375,1.25,0.0732421875,0.001,4.0,1,2,-1,0.4220658455752505,6.0,0.07034430759587508,0.0734039712025732,0.9583174648922691,estimated-rho stopping robustness; exact rho used only for retrospective regret
n10_d75_s42,10,0.4,115,0.05859375,1.5,0.087890625,0.001,4.0,1,2,-1,0.4220658455752505,6.0,0.07034430759587508,0.0734039712025732,0.9583174648922691,estimated-rho stopping robustness; exact rho used only for retrospective regret
n10_d75_s42,10,0.55,124,0.009765625,0.5,0.0048828125,0.0,1.0,8,5,3,0.9875283299738723,17.0,0.05808990176316896,0.071375506669556,0.8138632490849443,estimated-rho stopping robustness; exact rho used only for retrospective regret
n10_d75_s42,10,0.55,124,0.009765625,0.75,0.00732421875,0.0,1.0,6,5,1,0.9214780651098886,13.0,0.07088292808537605,0.071375506669556,0.993098772854105,estimated-rho stopping robustness; exact rho used only for retrospective regret
n10_d75_s42,10,0.55,124,0.009765625,0.9,0.0087890625,0.0,1.0,6,5,1,0.9214780651098886,13.0,0.07088292808537605,0.071375506669556,0.993098772854105,estimated-rho stopping robustness; exact rho used only for retrospective regret
n10_d75_s42,10,0.55,124,0.009765625,1.0,0.009765625,0.0,1.0,5,5,0,0.785130573365116,11.0,0.071375506669556,0.071375506669556,1.0,estimated-rho stopping robustness; exact rho used only for retrospective regret
n10_d75_s42,10,0.55,124,0.009765625,1.1,0.0107421875,0.0,1.0,5,5,0,0.785130573365116,11.0,0.071375506669556,0.071375506669556,1.0,estimated-rho stopping robustness; exact rho used only for retrospective regret
n10_d75_s42,10,0.55,124,0.009765625,1.25,0.01220703125,0.0,1.0,5,5,0,0.785130573365116,11.0,0.071375506669556,0.071375506669556,1.0,estimated-rho stopping robustness; exact rho used only for retrospective regret
n10_d75_s42,10,0.55,124,0.009765625,1.5,0.0146484375,0.0,1.0,4,5,-1,0.6046665042594691,9.0,0.06718516713994101,0.071375506669556,0.9412916317496025,estimated-rho stopping robustness; exact rho used only for retrospective regret
n10_d75_s42,10,0.55,124,0.009765625,0.5,0.0048828125,0.0,4.0,8,5,3,0.9875283299738723,41.0,0.024086056828631033,0.030197329744812155,0.797622075599879,estimated-rho stopping robustness; exact rho used only for retrospective regret
n10_d75_s42,10,0.55,124,0.009765625,0.75,0.00732421875,0.0,4.0,6,5,1,0.9214780651098886,31.0,0.029725098874512537,0.030197329744812155,0.9843618335034824,estimated-rho stopping robustness; exact rho used only for retrospective regret
n10_d75_s42,10,0.55,124,0.009765625,0.9,0.0087890625,0.0,4.0,6,5,1,0.9214780651098886,31.0,0.029725098874512537,0.030197329744812155,0.9843618335034824,estimated-rho stopping robustness; exact rho used only for retrospective regret
n10_d75_s42,10,0.55,124,0.009765625,1.0,0.009765625,0.0,4.0,5,5,0,0.785130573365116,26.0,0.030197329744812155,0.030197329744812155,1.0,estimated-rho stopping robustness; exact rho used only for retrospective regret
n10_d75_s42,10,0.55,124,0.009765625,1.1,0.0107421875,0.0,4.0,5,5,0,0.785130573365116,26.0,0.030197329744812155,0.030197329744812155,1.0,estimated-rho stopping robustness; exact rho used only for retrospective regret
n10_d75_s42,10,0.55,124,0.009765625,1.25,0.01220703125,0.0,4.0,5,5,0,0.785130573365116,26.0,0.030197329744812155,0.030197329744812155,1.0,estimated-rho stopping robustness; exact rho used only for retrospective regret
n10_d75_s42,10,0.55,124,0.009765625,1.5,0.0146484375,0.0,4.0,4,5,-1,0.6046665042594691,21.0,0.02879364305997472,0.030197329744812155,0.9535161983957013,estimated-rho stopping robustness; exact rho used only for retrospective regret
n10_d75_s42,10,0.55,124,0.009765625,0.5,0.0048828125,0.001,1.0,7,5,2,0.7808168315544447,15.0,0.05205445543696298,0.0596178345454667,0.8731356285217703,estimated-rho stopping robustness; exact rho used only for retrospective regret
n10_d75_s42,10,0.55,124,0.009765625,0.75,0.00732421875,0.001,1.0,6,5,1,0.746935602585166,13.0,0.05745658481424354,0.0596178345454667,0.9637482684887705,estimated-rho stopping robustness; exact rho used only for retrospective regret
n10_d75_s42,10,0.55,124,0.009765625,0.9,0.0087890625,0.001,1.0,5,5,0,0.6557961800001337,11.0,0.0596178345454667,0.0596178345454667,1.0,estimated-rho stopping robustness; exact rho used only for retrospective regret
n10_d75_s42,10,0.55,124,0.009765625,1.0,0.009765625,0.001,1.0,5,5,0,0.6557961800001337,11.0,0.0596178345454667,0.0596178345454667,1.0,estimated-rho stopping robustness; exact rho used only for retrospective regret
n10_d75_s42,10,0.55,124,0.009765625,1.1,0.0107421875,0.001,1.0,5,5,0,0.6557961800001337,11.0,0.0596178345454667,0.0596178345454667,1.0,estimated-rho stopping robustness; exact rho used only for retrospective regret
n10_d75_s42,10,0.55,124,0.009765625,1.25,0.01220703125,0.001,1.0,4,5,-1,0.5204412832931813,9.0,0.05782680925479792,0.0596178345454667,0.9699582297088821,estimated-rho stopping robustness; exact rho used only for retrospective regret
n10_d75_s42,10,0.55,124,0.009765625,1.5,0.0146484375,0.001,1.0,4,5,-1,0.5204412832931813,9.0,0.05782680925479792,0.0596178345454667,0.9699582297088821,estimated-rho stopping robustness; exact rho used only for retrospective regret
n10_d75_s42,10,0.55,124,0.009765625,0.5,0.0048828125,0.001,4.0,7,5,2,0.7808168315544447,36.0,0.02168935643206791,0.025222930000005143,0.859906300816895,estimated-rho stopping robustness; exact rho used only for retrospective regret
n10_d75_s42,10,0.55,124,0.009765625,0.75,0.00732421875,0.001,4.0,6,5,1,0.746935602585166,31.0,0.024094696857586,0.025222930000005143,0.9552695447190745,estimated-rho stopping robustness; exact rho used only for retrospective regret
n10_d75_s42,10,0.55,124,0.009765625,0.9,0.0087890625,0.001,4.0,5,5,0,0.6557961800001337,26.0,0.025222930000005143,0.025222930000005143,1.0,estimated-rho stopping robustness; exact rho used only for retrospective regret
n10_d75_s42,10,0.55,124,0.009765625,1.0,0.009765625,0.001,4.0,5,5,0,0.6557961800001337,26.0,0.025222930000005143,0.025222930000005143,1.0,estimated-rho stopping robustness; exact rho used only for retrospective regret
n10_d75_s42,10,0.55,124,0.009765625,1.1,0.0107421875,0.001,4.0,5,5,0,0.6557961800001337,26.0,0.025222930000005143,0.025222930000005143,1.0,estimated-rho stopping robustness; exact rho used only for retrospective regret
n10_d75_s42,10,0.55,124,0.009765625,1.25,0.01220703125,0.001,4.0,4,5,-1,0.5204412832931813,21.0,0.024782918252056252,0.025222930000005143,0.9825550898349715,estimated-rho stopping robustness; exact rho used only for retrospective regret
n10_d75_s42,10,0.55,124,0.009765625,1.5,0.0146484375,0.001,4.0,4,5,-1,0.5204412832931813,21.0,0.024782918252056252,0.025222930000005143,0.9825550898349715,estimated-rho stopping robustness; exact rho used only for retrospective regret
n12_d25_s17,12,0.25,55,0.1884765625,0.5,0.09423828125,0.0,1.0,1,1,0,0.9508524090051652,3.0,0.31695080300172174,0.31695080300172174,1.0,estimated-rho stopping robustness; exact rho used only for retrospective regret
n12_d25_s17,12,0.25,55,0.1884765625,0.75,0.141357421875,0.0,1.0,1,1,0,0.9508524090051652,3.0,0.31695080300172174,0.31695080300172174,1.0,estimated-rho stopping robustness; exact rho used only for retrospective regret
n12_d25_s17,12,0.25,55,0.1884765625,0.9,0.16962890625000002,0.0,1.0,1,1,0,0.9508524090051652,3.0,0.31695080300172174,0.31695080300172174,1.0,estimated-rho stopping robustness; exact rho used only for retrospective regret
n12_d25_s17,12,0.25,55,0.1884765625,1.0,0.1884765625,0.0,1.0,1,1,0,0.9508524090051652,3.0,0.31695080300172174,0.31695080300172174,1.0,estimated-rho stopping robustness; exact rho used only for retrospective regret
n12_d25_s17,12,0.25,55,0.1884765625,1.1,0.20732421875,0.0,1.0,1,1,0,0.9508524090051652,3.0,0.31695080300172174,0.31695080300172174,1.0,estimated-rho stopping robustness; exact rho used only for retrospective regret
n12_d25_s17,12,0.25,55,0.1884765625,1.25,0.235595703125,0.0,1.0,1,1,0,0.9508524090051652,3.0,0.31695080300172174,0.31695080300172174,1.0,estimated-rho stopping robustness; exact rho used only for retrospective regret
n12_d25_s17,12,0.25,55,0.1884765625,1.5,0.28271484375,0.0,1.0,1,1,0,0.9508524090051652,3.0,0.31695080300172174,0.31695080300172174,1.0,estimated-rho stopping robustness; exact rho used only for retrospective regret
n12_d25_s17,12,0.25,55,0.1884765625,0.5,0.09423828125,0.0,4.0,1,0,1,0.9508524090051652,6.0,0.15847540150086087,0.18847656249999997,0.8408228556315106,estimated-rho stopping robustness; exact rho used only for retrospective regret
n12_d25_s17,12,0.25,55,0.1884765625,0.75,0.141357421875,0.0,4.0,0,0,0,0.18847656249999997,1.0,0.18847656249999997,0.18847656249999997,1.0,estimated-rho stopping robustness; exact rho used only for retrospective regret
n12_d25_s17,12,0.25,55,0.1884765625,0.9,0.16962890625000002,0.0,4.0,0,0,0,0.18847656249999997,1.0,0.18847656249999997,0.18847656249999997,1.0,estimated-rho stopping robustness; exact rho used only for retrospective regret
n12_d25_s17,12,0.25,55,0.1884765625,1.0,0.1884765625,0.0,4.0,0,0,0,0.18847656249999997,1.0,0.18847656249999997,0.18847656249999997,1.0,estimated-rho stopping robustness; exact rho used only for retrospective regret
n12_d25_s17,12,0.25,55,0.1884765625,1.1,0.20732421875,0.0,4.0,0,0,0,0.18847656249999997,1.0,0.18847656249999997,0.18847656249999997,1.0,estimated-rho stopping robustness; exact rho used only for retrospective regret
n12_d25_s17,12,0.25,55,0.1884765625,1.25,0.235595703125,0.0,4.0,0,0,0,0.18847656249999997,1.0,0.18847656249999997,0.18847656249999997,1.0,estimated-rho stopping robustness; exact rho used only for retrospective regret
n12_d25_s17,12,0.25,55,0.1884765625,1.5,0.28271484375,0.0,4.0,0,0,0,0.18847656249999997,1.0,0.18847656249999997,0.18847656249999997,1.0,estimated-rho stopping robustness; exact rho used only for retrospective regret
n12_d25_s17,12,0.25,55,0.1884765625,0.5,0.09423828125,0.001,1.0,1,1,0,0.8954790754742087,3.0,0.2984930251580696,0.2984930251580696,1.0,estimated-rho stopping robustness; exact rho used only for retrospective regret
n12_d25_s17,12,0.25,55,0.1884765625,0.75,0.141357421875,0.001,1.0,1,1,0,0.8954790754742087,3.0,0.2984930251580696,0.2984930251580696,1.0,estimated-rho stopping robustness; exact rho used only for retrospective regret
n12_d25_s17,12,0.25,55,0.1884765625,0.9,0.16962890625000002,0.001,1.0,1,1,0,0.8954790754742087,3.0,0.2984930251580696,0.2984930251580696,1.0,estimated-rho stopping robustness; exact rho used only for retrospective regret
n12_d25_s17,12,0.25,55,0.1884765625,1.0,0.1884765625,0.001,1.0,1,1,0,0.8954790754742087,3.0,0.2984930251580696,0.2984930251580696,1.0,estimated-rho stopping robustness; exact rho used only for retrospective regret
n12_d25_s17,12,0.25,55,0.1884765625,1.1,0.20732421875,0.001,1.0,1,1,0,0.8954790754742087,3.0,0.2984930251580696,0.2984930251580696,1.0,estimated-rho stopping robustness; exact rho used only for retrospective regret
n12_d25_s17,12,0.25,55,0.1884765625,1.25,0.235595703125,0.001,1.0,1,1,0,0.8954790754742087,3.0,0.2984930251580696,0.2984930251580696,1.0,estimated-rho stopping robustness; exact rho used only for retrospective regret
n12_d25_s17,12,0.25,55,0.1884765625,1.5,0.28271484375,0.001,1.0,1,1,0,0.8954790754742087,3.0,0.2984930251580696,0.2984930251580696,1.0,estimated-rho stopping robustness; exact rho used only for retrospective regret
n12_d25_s17,12,0.25,55,0.1884765625,0.5,0.09423828125,0.001,4.0,1,0,1,0.8954790754742087,6.0,0.1492465125790348,0.18290623825670121,0.8159727847531016,estimated-rho stopping robustness; exact rho used only for retrospective regret
n12_d25_s17,12,0.25,55,0.1884765625,0.75,0.141357421875,0.001,4.0,0,0,0,0.18290623825670121,1.0,0.18290623825670121,0.18290623825670121,1.0,estimated-rho stopping robustness; exact rho used only for retrospective regret
n12_d25_s17,12,0.25,55,0.1884765625,0.9,0.16962890625000002,0.001,4.0,0,0,0,0.18290623825670121,1.0,0.18290623825670121,0.18290623825670121,1.0,estimated-rho stopping robustness; exact rho used only for retrospective regret
n12_d25_s17,12,0.25,55,0.1884765625,1.0,0.1884765625,0.001,4.0,0,0,0,0.18290623825670121,1.0,0.18290623825670121,0.18290623825670121,1.0,estimated-rho stopping robustness; exact rho used only for retrospective regret
n12_d25_s17,12,0.25,55,0.1884765625,1.1,0.20732421875,0.001,4.0,0,0,0,0.18290623825670121,1.0,0.18290623825670121,0.18290623825670121,1.0,estimated-rho stopping robustness; exact rho used only for retrospective regret
n12_d25_s17,12,0.25,55,0.1884765625,1.25,0.235595703125,0.001,4.0,0,0,0,0.18290623825670121,1.0,0.18290623825670121,0.18290623825670121,1.0,estimated-rho stopping robustness; exact rho used only for retrospective regret
n12_d25_s17,12,0.25,55,0.1884765625,1.5,0.28271484375,0.001,4.0,0,0,0,0.18290623825670121,1.0,0.18290623825670121,0.18290623825670121,1.0,estimated-rho stopping robustness; exact rho used only for retrospective regret
n12_d25_s17,12,0.4,61,0.0732421875,0.5,0.03662109375,0.0,1.0,3,2,1,0.883990483623353,7.0,0.12628435480333614,0.19206366809498832,0.6575129802315349,estimated-rho stopping robustness; exact rho used only for retrospective regret
n12_d25_s17,12,0.4,61,0.0732421875,0.75,0.054931640625,0.0,1.0,2,2,0,0.9603183404749416,5.0,0.19206366809498832,0.19206366809498832,1.0,estimated-rho stopping robustness; exact rho used only for retrospective regret
n12_d25_s17,12,0.4,61,0.0732421875,0.9,0.06591796875,0.0,1.0,2,2,0,0.9603183404749416,5.0,0.19206366809498832,0.19206366809498832,1.0,estimated-rho stopping robustness; exact rho used only for retrospective regret
n12_d25_s17,12,0.4,61,0.0732421875,1.0,0.0732421875,0.0,1.0,2,2,0,0.9603183404749416,5.0,0.19206366809498832,0.19206366809498832,1.0,estimated-rho stopping robustness; exact rho used only for retrospective regret
n12_d25_s17,12,0.4,61,0.0732421875,1.1,0.08056640625,0.0,1.0,2,2,0,0.9603183404749416,5.0,0.19206366809498832,0.19206366809498832,1.0,estimated-rho stopping robustness; exact rho used only for retrospective regret
n12_d25_s17,12,0.4,61,0.0732421875,1.25,0.091552734375,0.0,1.0,1,2,-1,0.536720082163811,3.0,0.17890669405460366,0.19206366809498832,0.931496809516948,estimated-rho stopping robustness; exact rho used only for retrospective regret
n12_d25_s17,12,0.4,61,0.0732421875,1.5,0.10986328125,0.0,1.0,1,2,-1,0.536720082163811,3.0,0.17890669405460366,0.19206366809498832,0.931496809516948,estimated-rho stopping robustness; exact rho used only for retrospective regret
n12_d25_s17,12,0.4,61,0.0732421875,0.5,0.03662109375,0.0,4.0,2,1,1,0.9603183404749416,11.0,0.08730166731590377,0.08945334702730183,0.975946347644864,estimated-rho stopping robustness; exact rho used only for retrospective regret
n12_d25_s17,12,0.4,61,0.0732421875,0.75,0.054931640625,0.0,4.0,2,1,1,0.9603183404749416,11.0,0.08730166731590377,0.08945334702730183,0.975946347644864,estimated-rho stopping robustness; exact rho used only for retrospective regret
n12_d25_s17,12,0.4,61,0.0732421875,0.9,0.06591796875,0.0,4.0,2,1,1,0.9603183404749416,11.0,0.08730166731590377,0.08945334702730183,0.975946347644864,estimated-rho stopping robustness; exact rho used only for retrospective regret
n12_d25_s17,12,0.4,61,0.0732421875,1.0,0.0732421875,0.0,4.0,1,1,0,0.536720082163811,6.0,0.08945334702730183,0.08945334702730183,1.0,estimated-rho stopping robustness; exact rho used only for retrospective regret
n12_d25_s17,12,0.4,61,0.0732421875,1.1,0.08056640625,0.0,4.0,1,1,0,0.536720082163811,6.0,0.08945334702730183,0.08945334702730183,1.0,estimated-rho stopping robustness; exact rho used only for retrospective regret
n12_d25_s17,12,0.4,61,0.0732421875,1.25,0.091552734375,0.0,4.0,1,1,0,0.536720082163811,6.0,0.08945334702730183,0.08945334702730183,1.0,estimated-rho stopping robustness; exact rho used only for retrospective regret
n12_d25_s17,12,0.4,61,0.0732421875,1.5,0.10986328125,0.0,4.0,1,1,0,0.536720082163811,6.0,0.08945334702730183,0.08945334702730183,1.0,estimated-rho stopping robustness; exact rho used only for retrospective regret
n12_d25_s17,12,0.4,61,0.0732421875,0.5,0.03662109375,0.001,1.0,2,2,0,0.8776648791479622,5.0,0.17553297582959243,0.17553297582959243,1.0,estimated-rho stopping robustness; exact rho used only for retrospective regret
n12_d25_s17,12,0.4,61,0.0732421875,0.75,0.054931640625,0.001,1.0,2,2,0,0.8776648791479622,5.0,0.17553297582959243,0.17553297582959243,1.0,estimated-rho stopping robustness; exact rho used only for retrospective regret
n12_d25_s17,12,0.4,61,0.0732421875,0.9,0.06591796875,0.001,1.0,2,2,0,0.8776648791479622,5.0,0.17553297582959243,0.17553297582959243,1.0,estimated-rho stopping robustness; exact rho used only for retrospective regret
n12_d25_s17,12,0.4,61,0.0732421875,1.0,0.0732421875,0.001,1.0,2,2,0,0.8776648791479622,5.0,0.17553297582959243,0.17553297582959243,1.0,estimated-rho stopping robustness; exact rho used only for retrospective regret
n12_d25_s17,12,0.4,61,0.0732421875,1.1,0.08056640625,0.001,1.0,1,2,-1,0.5054639378443011,3.0,0.1684879792814337,0.17553297582959243,0.9598651107299746,estimated-rho stopping robustness; exact rho used only for retrospective regret
n12_d25_s17,12,0.4,61,0.0732421875,1.25,0.091552734375,0.001,1.0,1,2,-1,0.5054639378443011,3.0,0.1684879792814337,0.17553297582959243,0.9598651107299746,estimated-rho stopping robustness; exact rho used only for retrospective regret
n12_d25_s17,12,0.4,61,0.0732421875,1.5,0.10986328125,0.001,1.0,1,2,-1,0.5054639378443011,3.0,0.1684879792814337,0.17553297582959243,0.9598651107299746,estimated-rho stopping robustness; exact rho used only for retrospective regret
n12_d25_s17,12,0.4,61,0.0732421875,0.5,0.03662109375,0.001,4.0,2,1,1,0.8776648791479622,11.0,0.07978771628617838,0.08424398964071685,0.9471027740549379,estimated-rho stopping robustness; exact rho used only for retrospective regret
n12_d25_s17,12,0.4,61,0.0732421875,0.75,0.054931640625,0.001,4.0,2,1,1,0.8776648791479622,11.0,0.07978771628617838,0.08424398964071685,0.9471027740549379,estimated-rho stopping robustness; exact rho used only for retrospective regret
n12_d25_s17,12,0.4,61,0.0732421875,0.9,0.06591796875,0.001,4.0,1,1,0,0.5054639378443011,6.0,0.08424398964071685,0.08424398964071685,1.0,estimated-rho stopping robustness; exact rho used only for retrospective regret
n12_d25_s17,12,0.4,61,0.0732421875,1.0,0.0732421875,0.001,4.0,1,1,0,0.5054639378443011,6.0,0.08424398964071685,0.08424398964071685,1.0,estimated-rho stopping robustness; exact rho used only for retrospective regret
n12_d25_s17,12,0.4,61,0.0732421875,1.1,0.08056640625,0.001,4.0,1,1,0,0.5054639378443011,6.0,0.08424398964071685,0.08424398964071685,1.0,estimated-rho stopping robustness; exact rho used only for retrospective regret
n12_d25_s17,12,0.4,61,0.0732421875,1.25,0.091552734375,0.001,4.0,1,1,0,0.5054639378443011,6.0,0.08424398964071685,0.08424398964071685,1.0,estimated-rho stopping robustness; exact rho used only for retrospective regret
n12_d25_s17,12,0.4,61,0.0732421875,1.5,0.10986328125,0.001,4.0,1,1,0,0.5054639378443011,6.0,0.08424398964071685,0.08424398964071685,1.0,estimated-rho stopping robustness; exact rho used only for retrospective regret
n12_d25_s17,12,0.55,68,0.0224609375,0.5,0.01123046875,0.0,1.0,5,3,2,0.9929596810097152,11.0,0.09026906190997411,0.10786513861434004,0.8368696602960966,estimated-rho stopping robustness; exact rho used only for retrospective regret
n12_d25_s17,12,0.55,68,0.0224609375,0.75,0.016845703125,0.0,1.0,4,3,1,0.953701133043882,9.0,0.10596679256043134,0.10786513861434004,0.9824007452426681,estimated-rho stopping robustness; exact rho used only for retrospective regret
n12_d25_s17,12,0.55,68,0.0224609375,0.9,0.02021484375,0.0,1.0,4,3,1,0.953701133043882,9.0,0.10596679256043134,0.10786513861434004,0.9824007452426681,estimated-rho stopping robustness; exact rho used only for retrospective regret
n12_d25_s17,12,0.55,68,0.0224609375,1.0,0.0224609375,0.0,1.0,3,3,0,0.7550559703003803,7.0,0.10786513861434004,0.10786513861434004,1.0,estimated-rho stopping robustness; exact rho used only for retrospective regret
n12_d25_s17,12,0.55,68,0.0224609375,1.1,0.02470703125,0.0,1.0,3,3,0,0.7550559703003803,7.0,0.10786513861434004,0.10786513861434004,1.0,estimated-rho stopping robustness; exact rho used only for retrospective regret
n12_d25_s17,12,0.55,68,0.0224609375,1.25,0.028076171875,0.0,1.0,3,3,0,0.7550559703003803,7.0,0.10786513861434004,0.10786513861434004,1.0,estimated-rho stopping robustness; exact rho used only for retrospective regret
n12_d25_s17,12,0.55,68,0.0224609375,1.5,0.03369140625,0.0,1.0,3,3,0,0.7550559703003803,7.0,0.10786513861434004,0.10786513861434004,1.0,estimated-rho stopping robustness; exact rho used only for retrospective regret
n12_d25_s17,12,0.55,68,0.0224609375,0.5,0.01123046875,0.0,4.0,5,3,2,0.9929596810097152,26.0,0.038190756961912126,0.04719099814377377,0.8092805506160055,estimated-rho stopping robustness; exact rho used only for retrospective regret
n12_d25_s17,12,0.55,68,0.0224609375,0.75,0.016845703125,0.0,4.0,4,3,1,0.953701133043882,21.0,0.045414339668756284,0.04719099814377377,0.9623517504417971,estimated-rho stopping robustness; exact rho used only for retrospective regret
n12_d25_s17,12,0.55,68,0.0224609375,0.9,0.02021484375,0.0,4.0,3,3,0,0.7550559703003803,16.0,0.04719099814377377,0.04719099814377377,1.0,estimated-rho stopping robustness; exact rho used only for retrospective regret
n12_d25_s17,12,0.55,68,0.0224609375,1.0,0.0224609375,0.0,4.0,3,3,0,0.7550559703003803,16.0,0.04719099814377377,0.04719099814377377,1.0,estimated-rho stopping robustness; exact rho used only for retrospective regret
n12_d25_s17,12,0.55,68,0.0224609375,1.1,0.02470703125,0.0,4.0,3,3,0,0.7550559703003803,16.0,0.04719099814377377,0.04719099814377377,1.0,estimated-rho stopping robustness; exact rho used only for retrospective regret
n12_d25_s17,12,0.55,68,0.0224609375,1.25,0.028076171875,0.0,4.0,3,3,0,0.7550559703003803,16.0,0.04719099814377377,0.04719099814377377,1.0,estimated-rho stopping robustness; exact rho used only for retrospective regret
n12_d25_s17,12,0.55,68,0.0224609375,1.5,0.03369140625,0.0,4.0,2,3,-1,0.4668088543674002,11.0,0.042437168578854566,0.04719099814377377,0.8992640598438707,estimated-rho stopping robustness; exact rho used only for retrospective regret
n12_d25_s17,12,0.55,68,0.0224609375,0.5,0.01123046875,0.001,1.0,5,3,2,0.829389642679854,11.0,0.07539905842544127,0.0956677958463872,0.7881341652995619,estimated-rho stopping robustness; exact rho used only for retrospective regret
n12_d25_s17,12,0.55,68,0.0224609375,0.75,0.016845703125,0.001,1.0,4,3,1,0.8208581723364845,9.0,0.09120646359294272,0.0956677958463872,0.953366415375473,estimated-rho stopping robustness; exact rho used only for retrospective regret
n12_d25_s17,12,0.55,68,0.0224609375,0.9,0.02021484375,0.001,1.0,3,3,0,0.6696745709247104,7.0,0.0956677958463872,0.0956677958463872,1.0,estimated-rho stopping robustness; exact rho used only for retrospective regret
n12_d25_s17,12,0.55,68,0.0224609375,1.0,0.0224609375,0.001,1.0,3,3,0,0.6696745709247104,7.0,0.0956677958463872,0.0956677958463872,1.0,estimated-rho stopping robustness; exact rho used only for retrospective regret
n12_d25_s17,12,0.55,68,0.0224609375,1.1,0.02470703125,0.001,1.0,3,3,0,0.6696745709247104,7.0,0.0956677958463872,0.0956677958463872,1.0,estimated-rho stopping robustness; exact rho used only for retrospective regret
n12_d25_s17,12,0.55,68,0.0224609375,1.25,0.028076171875,0.001,1.0,3,3,0,0.6696745709247104,7.0,0.0956677958463872,0.0956677958463872,1.0,estimated-rho stopping robustness; exact rho used only for retrospective regret
n12_d25_s17,12,0.55,68,0.0224609375,1.5,0.03369140625,0.001,1.0,3,3,0,0.6696745709247104,7.0,0.0956677958463872,0.0956677958463872,1.0,estimated-rho stopping robustness; exact rho used only for retrospective regret
n12_d25_s17,12,0.55,68,0.0224609375,0.5,0.01123046875,0.001,4.0,4,3,1,0.8208581723364845,21.0,0.03908848439697545,0.0418546606827944,0.9339099579188306,estimated-rho stopping robustness; exact rho used only for retrospective regret
n12_d25_s17,12,0.55,68,0.0224609375,0.75,0.016845703125,0.001,4.0,4,3,1,0.8208581723364845,21.0,0.03908848439697545,0.0418546606827944,0.9339099579188306,estimated-rho stopping robustness; exact rho used only for retrospective regret
n12_d25_s17,12,0.55,68,0.0224609375,0.9,0.02021484375,0.001,4.0,3,3,0,0.6696745709247104,16.0,0.0418546606827944,0.0418546606827944,1.0,estimated-rho stopping robustness; exact rho used only for retrospective regret
n12_d25_s17,12,0.55,68,0.0224609375,1.0,0.0224609375,0.001,4.0,3,3,0,0.6696745709247104,16.0,0.0418546606827944,0.0418546606827944,1.0,estimated-rho stopping robustness; exact rho used only for retrospective regret
n12_d25_s17,12,0.55,68,0.0224609375,1.1,0.02470703125,0.001,4.0,3,3,0,0.6696745709247104,16.0,0.0418546606827944,0.0418546606827944,1.0,estimated-rho stopping robustness; exact rho used only for retrospective regret
n12_d25_s17,12,0.55,68,0.0224609375,1.25,0.028076171875,0.001,4.0,3,3,0,0.6696745709247104,16.0,0.0418546606827944,0.0418546606827944,1.0,estimated-rho stopping robustness; exact rho used only for retrospective regret
n12_d25_s17,12,0.55,68,0.0224609375,1.5,0.03369140625,0.001,4.0,2,3,-1,0.42663116956710223,11.0,0.03878465177882748,0.0418546606827944,0.9266507276875634,estimated-rho stopping robustness; exact rho used only for retrospective regret
n12_d25_s42,12,0.25,41,0.2119140625,0.5,0.10595703125,0.0,1.0,1,1,0,0.9817096143960953,3.0,0.32723653813203174,0.32723653813203174,1.0,estimated-rho stopping robustness; exact rho used only for retrospective regret
n12_d25_s42,12,0.25,41,0.2119140625,0.75,0.158935546875,0.0,1.0,1,1,0,0.9817096143960953,3.0,0.32723653813203174,0.32723653813203174,1.0,estimated-rho stopping robustness; exact rho used only for retrospective regret
n12_d25_s42,12,0.25,41,0.2119140625,0.9,0.19072265625,0.0,1.0,1,1,0,0.9817096143960953,3.0,0.32723653813203174,0.32723653813203174,1.0,estimated-rho stopping robustness; exact rho used only for retrospective regret
n12_d25_s42,12,0.25,41,0.2119140625,1.0,0.2119140625,0.0,1.0,1,1,0,0.9817096143960953,3.0,0.32723653813203174,0.32723653813203174,1.0,estimated-rho stopping robustness; exact rho used only for retrospective regret
n12_d25_s42,12,0.25,41,0.2119140625,1.1,0.23310546875000002,0.0,1.0,1,1,0,0.9817096143960953,3.0,0.32723653813203174,0.32723653813203174,1.0,estimated-rho stopping robustness; exact rho used only for retrospective regret
n12_d25_s42,12,0.25,41,0.2119140625,1.25,0.264892578125,0.0,1.0,1,1,0,0.9817096143960953,3.0,0.32723653813203174,0.32723653813203174,1.0,estimated-rho stopping robustness; exact rho used only for retrospective regret
n12_d25_s42,12,0.25,41,0.2119140625,1.5,0.31787109375,0.0,1.0,0,1,-1,0.21191406249999997,1.0,0.21191406249999997,0.32723653813203174,0.6475867997799744,estimated-rho stopping robustness; exact rho used only for retrospective regret
n12_d25_s42,12,0.25,41,0.2119140625,0.5,0.10595703125,0.0,4.0,1,0,1,0.9817096143960953,6.0,0.16361826906601587,0.21191406249999997,0.7720972696940105,estimated-rho stopping robustness; exact rho used only for retrospective regret
n12_d25_s42,12,0.25,41,0.2119140625,0.75,0.158935546875,0.0,4.0,0,0,0,0.21191406249999997,1.0,0.21191406249999997,0.21191406249999997,1.0,estimated-rho stopping robustness; exact rho used only for retrospective regret
n12_d25_s42,12,0.25,41,0.2119140625,0.9,0.19072265625,0.0,4.0,0,0,0,0.21191406249999997,1.0,0.21191406249999997,0.21191406249999997,1.0,estimated-rho stopping robustness; exact rho used only for retrospective regret
n12_d25_s42,12,0.25,41,0.2119140625,1.0,0.2119140625,0.0,4.0,0,0,0,0.21191406249999997,1.0,0.21191406249999997,0.21191406249999997,1.0,estimated-rho stopping robustness; exact rho used only for retrospective regret
n12_d25_s42,12,0.25,41,0.2119140625,1.1,0.23310546875000002,0.0,4.0,0,0,0,0.21191406249999997,1.0,0.21191406249999997,0.21191406249999997,1.0,estimated-rho stopping robustness; exact rho used only for retrospective regret
n12_d25_s42,12,0.25,41,0.2119140625,1.25,0.264892578125,0.0,4.0,0,0,0,0.21191406249999997,1.0,0.21191406249999997,0.21191406249999997,1.0,estimated-rho stopping robustness; exact rho used only for retrospective regret
n12_d25_s42,12,0.25,41,0.2119140625,1.5,0.31787109375,0.0,4.0,0,0,0,0.21191406249999997,1.0,0.21191406249999997,0.21191406249999997,1.0,estimated-rho stopping robustness; exact rho used only for retrospective regret
n12_d25_s42,12,0.25,41,0.2119140625,0.5,0.10595703125,0.001,1.0,1,1,0,0.9245392971169113,3.0,0.3081797657056371,0.3081797657056371,1.0,estimated-rho stopping robustness; exact rho used only for retrospective regret
n12_d25_s42,12,0.25,41,0.2119140625,0.75,0.158935546875,0.001,1.0,1,1,0,0.9245392971169113,3.0,0.3081797657056371,0.3081797657056371,1.0,estimated-rho stopping robustness; exact rho used only for retrospective regret
n12_d25_s42,12,0.25,41,0.2119140625,0.9,0.19072265625,0.001,1.0,1,1,0,0.9245392971169113,3.0,0.3081797657056371,0.3081797657056371,1.0,estimated-rho stopping robustness; exact rho used only for retrospective regret
n12_d25_s42,12,0.25,41,0.2119140625,1.0,0.2119140625,0.001,1.0,1,1,0,0.9245392971169113,3.0,0.3081797657056371,0.3081797657056371,1.0,estimated-rho stopping robustness; exact rho used only for retrospective regret
n12_d25_s42,12,0.25,41,0.2119140625,1.1,0.23310546875000002,0.001,1.0,1,1,0,0.9245392971169113,3.0,0.3081797657056371,0.3081797657056371,1.0,estimated-rho stopping robustness; exact rho used only for retrospective regret
n12_d25_s42,12,0.25,41,0.2119140625,1.25,0.264892578125,0.001,1.0,1,1,0,0.9245392971169113,3.0,0.3081797657056371,0.3081797657056371,1.0,estimated-rho stopping robustness; exact rho used only for retrospective regret
n12_d25_s42,12,0.25,41,0.2119140625,1.5,0.31787109375,0.001,1.0,0,1,-1,0.20565105544924436,1.0,0.20565105544924436,0.3081797657056371,0.6673087539617228,estimated-rho stopping robustness; exact rho used only for retrospective regret
n12_d25_s42,12,0.25,41,0.2119140625,0.5,0.10595703125,0.001,4.0,1,0,1,0.9245392971169113,6.0,0.15408988285281855,0.20565105544924436,0.7492783468395505,estimated-rho stopping robustness; exact rho used only for retrospective regret
n12_d25_s42,12,0.25,41,0.2119140625,0.75,0.158935546875,0.001,4.0,0,0,0,0.20565105544924436,1.0,0.20565105544924436,0.20565105544924436,1.0,estimated-rho stopping robustness; exact rho used only for retrospective regret
n12_d25_s42,12,0.25,41,0.2119140625,0.9,0.19072265625,0.001,4.0,0,0,0,0.20565105544924436,1.0,0.20565105544924436,0.20565105544924436,1.0,estimated-rho stopping robustness; exact rho used only for retrospective regret
n12_d25_s42,12,0.25,41,0.2119140625,1.0,0.2119140625,0.001,4.0,0,0,0,0.20565105544924436,1.0,0.20565105544924436,0.20565105544924436,1.0,estimated-rho stopping robustness; exact rho used only for retrospective regret
n12_d25_s42,12,0.25,41,0.2119140625,1.1,0.23310546875000002,0.001,4.0,0,0,0,0.20565105544924436,1.0,0.20565105544924436,0.20565105544924436,1.0,estimated-rho stopping robustness; exact rho used only for retrospective regret
n12_d25_s42,12,0.25,41,0.2119140625,1.25,0.264892578125,0.001,4.0,0,0,0,0.20565105544924436,1.0,0.20565105544924436,0.20565105544924436,1.0,estimated-rho stopping robustness; exact rho used only for retrospective regret
n12_d25_s42,12,0.25,41,0.2119140625,1.5,0.31787109375,0.001,4.0,0,0,0,0.20565105544924436,1.0,0.20565105544924436,0.20565105544924436,1.0,estimated-rho stopping robustness; exact rho used only for retrospective regret
n12_d25_s42,12,0.4,46,0.09521484375,0.5,0.047607421875,0.0,1.0,2,1,1,0.9999944543173099,5.0,0.19999889086346198,0.21772135980427262,0.9186002284904761,estimated-rho stopping robustness; exact rho used only for retrospective regret
n12_d25_s42,12,0.4,46,0.09521484375,0.75,0.0714111328125,0.0,1.0,2,1,1,0.9999944543173099,5.0,0.19999889086346198,0.21772135980427262,0.9186002284904761,estimated-rho stopping robustness; exact rho used only for retrospective regret
n12_d25_s42,12,0.4,46,0.09521484375,0.9,0.085693359375,0.0,1.0,1,1,0,0.6531640794128178,3.0,0.21772135980427262,0.21772135980427262,1.0,estimated-rho stopping robustness; exact rho used only for retrospective regret
n12_d25_s42,12,0.4,46,0.09521484375,1.0,0.09521484375,0.0,1.0,1,1,0,0.6531640794128178,3.0,0.21772135980427262,0.21772135980427262,1.0,estimated-rho stopping robustness; exact rho used only for retrospective regret
n12_d25_s42,12,0.4,46,0.09521484375,1.1,0.10473632812500001,0.0,1.0,1,1,0,0.6531640794128178,3.0,0.21772135980427262,0.21772135980427262,1.0,estimated-rho stopping robustness; exact rho used only for retrospective regret
n12_d25_s42,12,0.4,46,0.09521484375,1.25,0.1190185546875,0.0,1.0,1,1,0,0.6531640794128178,3.0,0.21772135980427262,0.21772135980427262,1.0,estimated-rho stopping robustness; exact rho used only for retrospective regret
n12_d25_s42,12,0.4,46,0.09521484375,1.5,0.142822265625,0.0,1.0,1,1,0,0.6531640794128178,3.0,0.21772135980427262,0.21772135980427262,1.0,estimated-rho stopping robustness; exact rho used only for retrospective regret
n12_d25_s42,12,0.4,46,0.09521484375,0.5,0.047607421875,0.0,4.0,2,1,1,0.9999944543173099,11.0,0.09090858675611908,0.10886067990213631,0.8350911168095237,estimated-rho stopping robustness; exact rho used only for retrospective regret
n12_d25_s42,12,0.4,46,0.09521484375,0.75,0.0714111328125,0.0,4.0,1,1,0,0.6531640794128178,6.0,0.10886067990213631,0.10886067990213631,1.0,estimated-rho stopping robustness; exact rho used only for retrospective regret
n12_d25_s42,12,0.4,46,0.09521484375,0.9,0.085693359375,0.0,4.0,1,1,0,0.6531640794128178,6.0,0.10886067990213631,0.10886067990213631,1.0,estimated-rho stopping robustness; exact rho used only for retrospective regret
n12_d25_s42,12,0.4,46,0.09521484375,1.0,0.09521484375,0.0,4.0,1,1,0,0.6531640794128178,6.0,0.10886067990213631,0.10886067990213631,1.0,estimated-rho stopping robustness; exact rho used only for retrospective regret
n12_d25_s42,12,0.4,46,0.09521484375,1.1,0.10473632812500001,0.0,4.0,1,1,0,0.6531640794128178,6.0,0.10886067990213631,0.10886067990213631,1.0,estimated-rho stopping robustness; exact rho used only for retrospective regret
n12_d25_s42,12,0.4,46,0.09521484375,1.25,0.1190185546875,0.0,4.0,1,1,0,0.6531640794128178,6.0,0.10886067990213631,0.10886067990213631,1.0,estimated-rho stopping robustness; exact rho used only for retrospective regret
n12_d25_s42,12,0.4,46,0.09521484375,1.5,0.142822265625,0.0,4.0,0,1,-1,0.09521484374999999,1.0,0.09521484374999999,0.10886067990213631,0.8746486227680769,estimated-rho stopping robustness; exact rho used only for retrospective regret
n12_d25_s42,12,0.4,46,0.09521484375,0.5,0.047607421875,0.001,1.0,2,1,1,0.9139261168988742,5.0,0.18278522337977482,0.20504225486739922,0.8914514888552215,estimated-rho stopping robustness; exact rho used only for retrospective regret
n12_d25_s42,12,0.4,46,0.09521484375,0.75,0.0714111328125,0.001,1.0,2,1,1,0.9139261168988742,5.0,0.18278522337977482,0.20504225486739922,0.8914514888552215,estimated-rho stopping robustness; exact rho used only for retrospective regret
n12_d25_s42,12,0.4,46,0.09521484375,0.9,0.085693359375,0.001,1.0,1,1,0,0.6151267646021976,3.0,0.20504225486739922,0.20504225486739922,1.0,estimated-rho stopping robustness; exact rho used only for retrospective regret
n12_d25_s42,12,0.4,46,0.09521484375,1.0,0.09521484375,0.001,1.0,1,1,0,0.6151267646021976,3.0,0.20504225486739922,0.20504225486739922,1.0,estimated-rho stopping robustness; exact rho used only for retrospective regret
n12_d25_s42,12,0.4,46,0.09521484375,1.1,0.10473632812500001,0.001,1.0,1,1,0,0.6151267646021976,3.0,0.20504225486739922,0.20504225486739922,1.0,estimated-rho stopping robustness; exact rho used only for retrospective regret
n12_d25_s42,12,0.4,46,0.09521484375,1.25,0.1190185546875,0.001,1.0,1,1,0,0.6151267646021976,3.0,0.20504225486739922,0.20504225486739922,1.0,estimated-rho stopping robustness; exact rho used only for retrospective regret
n12_d25_s42,12,0.4,46,0.09521484375,1.5,0.142822265625,0.001,1.0,1,1,0,0.6151267646021976,3.0,0.20504225486739922,0.20504225486739922,1.0,estimated-rho stopping robustness; exact rho used only for retrospective regret
n12_d25_s42,12,0.4,46,0.09521484375,0.5,0.047607421875,0.001,4.0,2,1,1,0.9139261168988742,11.0,0.0830841924453522,0.10252112743369961,0.8104104444138378,estimated-rho stopping robustness; exact rho used only for retrospective regret
n12_d25_s42,12,0.4,46,0.09521484375,0.75,0.0714111328125,0.001,4.0,1,1,0,0.6151267646021976,6.0,0.10252112743369961,0.10252112743369961,1.0,estimated-rho stopping robustness; exact rho used only for retrospective regret
n12_d25_s42,12,0.4,46,0.09521484375,0.9,0.085693359375,0.001,4.0,1,1,0,0.6151267646021976,6.0,0.10252112743369961,0.10252112743369961,1.0,estimated-rho stopping robustness; exact rho used only for retrospective regret
n12_d25_s42,12,0.4,46,0.09521484375,1.0,0.09521484375,0.001,4.0,1,1,0,0.6151267646021976,6.0,0.10252112743369961,0.10252112743369961,1.0,estimated-rho stopping robustness; exact rho used only for retrospective regret
n12_d25_s42,12,0.4,46,0.09521484375,1.1,0.10473632812500001,0.001,4.0,1,1,0,0.6151267646021976,6.0,0.10252112743369961,0.10252112743369961,1.0,estimated-rho stopping robustness; exact rho used only for retrospective regret
n12_d25_s42,12,0.4,46,0.09521484375,1.25,0.1190185546875,0.001,4.0,1,1,0,0.6151267646021976,6.0,0.10252112743369961,0.10252112743369961,1.0,estimated-rho stopping robustness; exact rho used only for retrospective regret
n12_d25_s42,12,0.4,46,0.09521484375,1.5,0.142822265625,0.001,4.0,0,1,-1,0.09240081984470658,1.0,0.09240081984470658,0.10252112743369961,0.901285638947564,estimated-rho stopping robustness; exact rho used only for retrospective regret
n12_d25_s42,12,0.55,51,0.0341796875,0.5,0.01708984375,0.0,1.0,4,3,1,0.9894839219213535,9.0,0.1099426579912615,0.13275465565660435,0.8281642361052067,estimated-rho stopping robustness; exact rho used only for retrospective regret
n12_d25_s42,12,0.55,51,0.0341796875,0.75,0.025634765625,0.0,1.0,3,3,0,0.9292825895962306,7.0,0.13275465565660435,0.13275465565660435,1.0,estimated-rho stopping robustness; exact rho used only for retrospective regret
n12_d25_s42,12,0.55,51,0.0341796875,0.9,0.03076171875,0.0,1.0,3,3,0,0.9292825895962306,7.0,0.13275465565660435,0.13275465565660435,1.0,estimated-rho stopping robustness; exact rho used only for retrospective regret
n12_d25_s42,12,0.55,51,0.0341796875,1.0,0.0341796875,0.0,1.0,3,3,0,0.9292825895962306,7.0,0.13275465565660435,0.13275465565660435,1.0,estimated-rho stopping robustness; exact rho used only for retrospective regret
n12_d25_s42,12,0.55,51,0.0341796875,1.1,0.03759765625,0.0,1.0,2,3,-1,0.6423414983771638,5.0,0.12846829967543277,0.13275465565660435,0.967712198416159,estimated-rho stopping robustness; exact rho used only for retrospective regret
n12_d25_s42,12,0.55,51,0.0341796875,1.25,0.042724609375,0.0,1.0,2,3,-1,0.6423414983771638,5.0,0.12846829967543277,0.13275465565660435,0.967712198416159,estimated-rho stopping robustness; exact rho used only for retrospective regret
n12_d25_s42,12,0.55,51,0.0341796875,1.5,0.05126953125,0.0,1.0,2,3,-1,0.6423414983771638,5.0,0.12846829967543277,0.13275465565660435,0.967712198416159,estimated-rho stopping robustness; exact rho used only for retrospective regret
n12_d25_s42,12,0.55,51,0.0341796875,0.5,0.01708984375,0.0,4.0,4,2,2,0.9894839219213535,21.0,0.04711828199625493,0.058394681670651254,0.8068933787841204,estimated-rho stopping robustness; exact rho used only for retrospective regret
n12_d25_s42,12,0.55,51,0.0341796875,0.75,0.025634765625,0.0,4.0,3,2,1,0.9292825895962306,16.0,0.05808016184976441,0.058394681670651254,0.9946138961308026,estimated-rho stopping robustness; exact rho used only for retrospective regret
n12_d25_s42,12,0.55,51,0.0341796875,0.9,0.03076171875,0.0,4.0,3,2,1,0.9292825895962306,16.0,0.05808016184976441,0.058394681670651254,0.9946138961308026,estimated-rho stopping robustness; exact rho used only for retrospective regret
n12_d25_s42,12,0.55,51,0.0341796875,1.0,0.0341796875,0.0,4.0,2,2,0,0.6423414983771638,11.0,0.058394681670651254,0.058394681670651254,1.0,estimated-rho stopping robustness; exact rho used only for retrospective regret
n12_d25_s42,12,0.55,51,0.0341796875,1.1,0.03759765625,0.0,4.0,2,2,0,0.6423414983771638,11.0,0.058394681670651254,0.058394681670651254,1.0,estimated-rho stopping robustness; exact rho used only for retrospective regret
n12_d25_s42,12,0.55,51,0.0341796875,1.25,0.042724609375,0.0,4.0,2,2,0,0.6423414983771638,11.0,0.058394681670651254,0.058394681670651254,1.0,estimated-rho stopping robustness; exact rho used only for retrospective regret
n12_d25_s42,12,0.55,51,0.0341796875,1.5,0.05126953125,0.0,4.0,2,2,0,0.6423414983771638,11.0,0.058394681670651254,0.058394681670651254,1.0,estimated-rho stopping robustness; exact rho used only for retrospective regret
n12_d25_s42,12,0.55,51,0.0341796875,0.5,0.01708984375,0.001,1.0,4,3,1,0.8516567041420581,9.0,0.0946285226824509,0.11774281717119141,0.8036882839729099,estimated-rho stopping robustness; exact rho used only for retrospective regret
n12_d25_s42,12,0.55,51,0.0341796875,0.75,0.025634765625,0.001,1.0,3,3,0,0.8241997201983399,7.0,0.11774281717119141,0.11774281717119141,1.0,estimated-rho stopping robustness; exact rho used only for retrospective regret
n12_d25_s42,12,0.55,51,0.0341796875,0.9,0.03076171875,0.001,1.0,3,3,0,0.8241997201983399,7.0,0.11774281717119141,0.11774281717119141,1.0,estimated-rho stopping robustness; exact rho used only for retrospective regret
n12_d25_s42,12,0.55,51,0.0341796875,1.0,0.0341796875,0.001,1.0,3,3,0,0.8241997201983399,7.0,0.11774281717119141,0.11774281717119141,1.0,estimated-rho stopping robustness; exact rho used only for retrospective regret
n12_d25_s42,12,0.55,51,0.0341796875,1.1,0.03759765625,0.001,1.0,2,3,-1,0.587055926960738,5.0,0.11741118539214761,0.11774281717119141,0.9971834224200562,estimated-rho stopping robustness; exact rho used only for retrospective regret
n12_d25_s42,12,0.55,51,0.0341796875,1.25,0.042724609375,0.001,1.0,2,3,-1,0.587055926960738,5.0,0.11741118539214761,0.11774281717119141,0.9971834224200562,estimated-rho stopping robustness; exact rho used only for retrospective regret
n12_d25_s42,12,0.55,51,0.0341796875,1.5,0.05126953125,0.001,1.0,2,3,-1,0.587055926960738,5.0,0.11741118539214761,0.11774281717119141,0.9971834224200562,estimated-rho stopping robustness; exact rho used only for retrospective regret
n12_d25_s42,12,0.55,51,0.0341796875,0.5,0.01708984375,0.001,4.0,4,2,2,0.8516567041420581,21.0,0.040555081149621815,0.05336872063279437,0.7599035665228455,estimated-rho stopping robustness; exact rho used only for retrospective regret
n12_d25_s42,12,0.55,51,0.0341796875,0.75,0.025634765625,0.001,4.0,3,2,1,0.8241997201983399,16.0,0.05151248251239624,0.05336872063279437,0.9652186131054172,estimated-rho stopping robustness; exact rho used only for retrospective regret
n12_d25_s42,12,0.55,51,0.0341796875,0.9,0.03076171875,0.001,4.0,2,2,0,0.587055926960738,11.0,0.05336872063279437,0.05336872063279437,1.0,estimated-rho stopping robustness; exact rho used only for retrospective regret
n12_d25_s42,12,0.55,51,0.0341796875,1.0,0.0341796875,0.001,4.0,2,2,0,0.587055926960738,11.0,0.05336872063279437,0.05336872063279437,1.0,estimated-rho stopping robustness; exact rho used only for retrospective regret
n12_d25_s42,12,0.55,51,0.0341796875,1.1,0.03759765625,0.001,4.0,2,2,0,0.587055926960738,11.0,0.05336872063279437,0.05336872063279437,1.0,estimated-rho stopping robustness; exact rho used only for retrospective regret
n12_d25_s42,12,0.55,51,0.0341796875,1.25,0.042724609375,0.001,4.0,2,2,0,0.587055926960738,11.0,0.05336872063279437,0.05336872063279437,1.0,estimated-rho stopping robustness; exact rho used only for retrospective regret
n12_d25_s42,12,0.55,51,0.0341796875,1.5,0.05126953125,0.001,4.0,2,2,0,0.587055926960738,11.0,0.05336872063279437,0.05336872063279437,1.0,estimated-rho stopping robustness; exact rho used only for retrospective regret
n12_d50_s17,12,0.25,100,0.10009765625,0.5,0.050048828125,0.0,1.0,2,1,1,0.9984976345842611,5.0,0.19969952691685222,0.22548561605314418,0.885641977578674,estimated-rho stopping robustness; exact rho used only for retrospective regret
n12_d50_s17,12,0.25,100,0.10009765625,0.75,0.0750732421875,0.0,1.0,2,1,1,0.9984976345842611,5.0,0.19969952691685222,0.22548561605314418,0.885641977578674,estimated-rho stopping robustness; exact rho used only for retrospective regret
n12_d50_s17,12,0.25,100,0.10009765625,0.9,0.090087890625,0.0,1.0,1,1,0,0.6764568481594325,3.0,0.22548561605314418,0.22548561605314418,1.0,estimated-rho stopping robustness; exact rho used only for retrospective regret
n12_d50_s17,12,0.25,100,0.10009765625,1.0,0.10009765625,0.0,1.0,1,1,0,0.6764568481594325,3.0,0.22548561605314418,0.22548561605314418,1.0,estimated-rho stopping robustness; exact rho used only for retrospective regret
n12_d50_s17,12,0.25,100,0.10009765625,1.1,0.11010742187500001,0.0,1.0,1,1,0,0.6764568481594325,3.0,0.22548561605314418,0.22548561605314418,1.0,estimated-rho stopping robustness; exact rho used only for retrospective regret
n12_d50_s17,12,0.25,100,0.10009765625,1.25,0.1251220703125,0.0,1.0,1,1,0,0.6764568481594325,3.0,0.22548561605314418,0.22548561605314418,1.0,estimated-rho stopping robustness; exact rho used only for retrospective regret
n12_d50_s17,12,0.25,100,0.10009765625,1.5,0.150146484375,0.0,1.0,1,1,0,0.6764568481594325,3.0,0.22548561605314418,0.22548561605314418,1.0,estimated-rho stopping robustness; exact rho used only for retrospective regret
n12_d50_s17,12,0.25,100,0.10009765625,0.5,0.050048828125,0.0,4.0,2,1,1,0.9984976345842611,11.0,0.09077251223493282,0.11274280802657209,0.8051290705260673,estimated-rho stopping robustness; exact rho used only for retrospective regret
n12_d50_s17,12,0.25,100,0.10009765625,0.75,0.0750732421875,0.0,4.0,1,1,0,0.6764568481594325,6.0,0.11274280802657209,0.11274280802657209,1.0,estimated-rho stopping robustness; exact rho used only for retrospective regret
n12_d50_s17,12,0.25,100,0.10009765625,0.9,0.090087890625,0.0,4.0,1,1,0,0.6764568481594325,6.0,0.11274280802657209,0.11274280802657209,1.0,estimated-rho stopping robustness; exact rho used only for retrospective regret
n12_d50_s17,12,0.25,100,0.10009765625,1.0,0.10009765625,0.0,4.0,1,1,0,0.6764568481594325,6.0,0.11274280802657209,0.11274280802657209,1.0,estimated-rho stopping robustness; exact rho used only for retrospective regret
n12_d50_s17,12,0.25,100,0.10009765625,1.1,0.11010742187500001,0.0,4.0,1,1,0,0.6764568481594325,6.0,0.11274280802657209,0.11274280802657209,1.0,estimated-rho stopping robustness; exact rho used only for retrospective regret
n12_d50_s17,12,0.25,100,0.10009765625,1.25,0.1251220703125,0.0,4.0,1,1,0,0.6764568481594325,6.0,0.11274280802657209,0.11274280802657209,1.0,estimated-rho stopping robustness; exact rho used only for retrospective regret
n12_d50_s17,12,0.25,100,0.10009765625,1.5,0.150146484375,0.0,4.0,0,1,-1,0.10009765625,1.0,0.10009765625,0.11274280802657209,0.8878407235201045,estimated-rho stopping robustness; exact rho used only for retrospective regret
n12_d50_s17,12,0.25,100,0.10009765625,0.5,0.050048828125,0.001,1.0,2,1,1,0.9125581266661115,5.0,0.1825116253332223,0.2123543560322463,0.8594673014642923,estimated-rho stopping robustness; exact rho used only for retrospective regret
n12_d50_s17,12,0.25,100,0.10009765625,0.75,0.0750732421875,0.001,1.0,2,1,1,0.9125581266661115,5.0,0.1825116253332223,0.2123543560322463,0.8594673014642923,estimated-rho stopping robustness; exact rho used only for retrospective regret
n12_d50_s17,12,0.25,100,0.10009765625,0.9,0.090087890625,0.001,1.0,1,1,0,0.637063068096739,3.0,0.2123543560322463,0.2123543560322463,1.0,estimated-rho stopping robustness; exact rho used only for retrospective regret
n12_d50_s17,12,0.25,100,0.10009765625,1.0,0.10009765625,0.001,1.0,1,1,0,0.637063068096739,3.0,0.2123543560322463,0.2123543560322463,1.0,estimated-rho stopping robustness; exact rho used only for retrospective regret
n12_d50_s17,12,0.25,100,0.10009765625,1.1,0.11010742187500001,0.001,1.0,1,1,0,0.637063068096739,3.0,0.2123543560322463,0.2123543560322463,1.0,estimated-rho stopping robustness; exact rho used only for retrospective regret
n12_d50_s17,12,0.25,100,0.10009765625,1.25,0.1251220703125,0.001,1.0,1,1,0,0.637063068096739,3.0,0.2123543560322463,0.2123543560322463,1.0,estimated-rho stopping robustness; exact rho used only for retrospective regret
n12_d50_s17,12,0.25,100,0.10009765625,1.5,0.150146484375,0.001,1.0,1,1,0,0.637063068096739,3.0,0.2123543560322463,0.2123543560322463,1.0,estimated-rho stopping robustness; exact rho used only for retrospective regret
n12_d50_s17,12,0.25,100,0.10009765625,0.5,0.050048828125,0.001,4.0,2,1,1,0.9125581266661115,11.0,0.08295982969691923,0.10617717801612316,0.7813339104220839,estimated-rho stopping robustness; exact rho used only for retrospective regret
n12_d50_s17,12,0.25,100,0.10009765625,0.75,0.0750732421875,0.001,4.0,1,1,0,0.637063068096739,6.0,0.10617717801612316,0.10617717801612316,1.0,estimated-rho stopping robustness; exact rho used only for retrospective regret
n12_d50_s17,12,0.25,100,0.10009765625,0.9,0.090087890625,0.001,4.0,1,1,0,0.637063068096739,6.0,0.10617717801612316,0.10617717801612316,1.0,estimated-rho stopping robustness; exact rho used only for retrospective regret
n12_d50_s17,12,0.25,100,0.10009765625,1.0,0.10009765625,0.001,4.0,1,1,0,0.637063068096739,6.0,0.10617717801612316,0.10617717801612316,1.0,estimated-rho stopping robustness; exact rho used only for retrospective regret
n12_d50_s17,12,0.25,100,0.10009765625,1.1,0.11010742187500001,0.001,4.0,1,1,0,0.637063068096739,6.0,0.10617717801612316,0.10617717801612316,1.0,estimated-rho stopping robustness; exact rho used only for retrospective regret
n12_d50_s17,12,0.25,100,0.10009765625,1.25,0.1251220703125,0.001,4.0,1,1,0,0.637063068096739,6.0,0.10617717801612316,0.10617717801612316,1.0,estimated-rho stopping robustness; exact rho used only for retrospective regret
n12_d50_s17,12,0.25,100,0.10009765625,1.5,0.150146484375,0.001,4.0,0,1,-1,0.09713932342648642,1.0,0.09713932342648642,0.10617717801612316,0.9148794989798624,estimated-rho stopping robustness; exact rho used only for retrospective regret
n12_d50_s17,12,0.4,112,0.0107421875,0.5,0.00537109375,0.0,1.0,7,5,2,0.9998222818410544,15.0,0.06665481878940363,0.07520331926861511,0.8863281493111028,estimated-rho stopping robustness; exact rho used only for retrospective regret
n12_d50_s17,12,0.4,112,0.0107421875,0.75,0.008056640625,0.0,1.0,6,5,1,0.9519517807219514,13.0,0.07322706005553473,0.07520331926861511,0.9737211172020017,estimated-rho stopping robustness; exact rho used only for retrospective regret
n12_d50_s17,12,0.4,112,0.0107421875,0.9,0.00966796875,0.0,1.0,5,5,0,0.8272365119547662,11.0,0.07520331926861511,0.07520331926861511,1.0,estimated-rho stopping robustness; exact rho used only for retrospective regret
n12_d50_s17,12,0.4,112,0.0107421875,1.0,0.0107421875,0.0,1.0,5,5,0,0.8272365119547662,11.0,0.07520331926861511,0.07520331926861511,1.0,estimated-rho stopping robustness; exact rho used only for retrospective regret
n12_d50_s17,12,0.4,112,0.0107421875,1.1,0.011816406250000001,0.0,1.0,5,5,0,0.8272365119547662,11.0,0.07520331926861511,0.07520331926861511,1.0,estimated-rho stopping robustness; exact rho used only for retrospective regret
n12_d50_s17,12,0.4,112,0.0107421875,1.25,0.013427734375,0.0,1.0,5,5,0,0.8272365119547662,11.0,0.07520331926861511,0.07520331926861511,1.0,estimated-rho stopping robustness; exact rho used only for retrospective regret
n12_d50_s17,12,0.4,112,0.0107421875,1.5,0.01611328125,0.0,1.0,4,5,-1,0.6468816488774011,9.0,0.07187573876415568,0.07520331926861511,0.9557522123116161,estimated-rho stopping robustness; exact rho used only for retrospective regret
n12_d50_s17,12,0.4,112,0.0107421875,0.5,0.00537109375,0.0,4.0,7,5,2,0.9998222818410544,36.0,0.02777284116225151,0.031816788921337165,0.8728989349276012,estimated-rho stopping robustness; exact rho used only for retrospective regret
n12_d50_s17,12,0.4,112,0.0107421875,0.75,0.008056640625,0.0,4.0,6,5,1,0.9519517807219514,31.0,0.030708121958772625,0.031816788921337165,0.9651546557603418,estimated-rho stopping robustness; exact rho used only for retrospective regret
n12_d50_s17,12,0.4,112,0.0107421875,0.9,0.00966796875,0.0,4.0,5,5,0,0.8272365119547662,26.0,0.031816788921337165,0.031816788921337165,1.0,estimated-rho stopping robustness; exact rho used only for retrospective regret
n12_d50_s17,12,0.4,112,0.0107421875,1.0,0.0107421875,0.0,4.0,5,5,0,0.8272365119547662,26.0,0.031816788921337165,0.031816788921337165,1.0,estimated-rho stopping robustness; exact rho used only for retrospective regret
n12_d50_s17,12,0.4,112,0.0107421875,1.1,0.011816406250000001,0.0,4.0,5,5,0,0.8272365119547662,26.0,0.031816788921337165,0.031816788921337165,1.0,estimated-rho stopping robustness; exact rho used only for retrospective regret
n12_d50_s17,12,0.4,112,0.0107421875,1.25,0.013427734375,0.0,4.0,4,5,-1,0.6468816488774011,21.0,0.030803888041781004,0.031816788921337165,0.9681645787052733,estimated-rho stopping robustness; exact rho used only for retrospective regret
n12_d50_s17,12,0.4,112,0.0107421875,1.5,0.01611328125,0.0,4.0,4,5,-1,0.6468816488774011,21.0,0.030803888041781004,0.031816788921337165,0.9681645787052733,estimated-rho stopping robustness; exact rho used only for retrospective regret
n12_d50_s17,12,0.4,112,0.0107421875,0.5,0.00537109375,0.001,1.0,7,5,2,0.7864880630113094,15.0,0.05243253753408729,0.06281509238432553,0.8347124161385611,estimated-rho stopping robustness; exact rho used only for retrospective regret
n12_d50_s17,12,0.4,112,0.0107421875,0.75,0.008056640625,0.001,1.0,5,5,0,0.6909660162275808,11.0,0.06281509238432553,0.06281509238432553,1.0,estimated-rho stopping robustness; exact rho used only for retrospective regret
n12_d50_s17,12,0.4,112,0.0107421875,0.9,0.00966796875,0.001,1.0,5,5,0,0.6909660162275808,11.0,0.06281509238432553,0.06281509238432553,1.0,estimated-rho stopping robustness; exact rho used only for retrospective regret
n12_d50_s17,12,0.4,112,0.0107421875,1.0,0.0107421875,0.001,1.0,5,5,0,0.6909660162275808,11.0,0.06281509238432553,0.06281509238432553,1.0,estimated-rho stopping robustness; exact rho used only for retrospective regret
n12_d50_s17,12,0.4,112,0.0107421875,1.1,0.011816406250000001,0.001,1.0,4,5,-1,0.5567761949917727,9.0,0.06186402166575252,0.06281509238432553,0.984859200512609,estimated-rho stopping robustness; exact rho used only for retrospective regret
n12_d50_s17,12,0.4,112,0.0107421875,1.25,0.013427734375,0.001,1.0,4,5,-1,0.5567761949917727,9.0,0.06186402166575252,0.06281509238432553,0.984859200512609,estimated-rho stopping robustness; exact rho used only for retrospective regret
n12_d50_s17,12,0.4,112,0.0107421875,1.5,0.01611328125,0.001,1.0,4,5,-1,0.5567761949917727,9.0,0.06186402166575252,0.06281509238432553,0.984859200512609,estimated-rho stopping robustness; exact rho used only for retrospective regret
n12_d50_s17,12,0.4,112,0.0107421875,0.5,0.00537109375,0.001,4.0,6,5,1,0.7716371163764798,31.0,0.02489151988311225,0.02657561600875311,0.9366300248661715,estimated-rho stopping robustness; exact rho used only for retrospective regret
n12_d50_s17,12,0.4,112,0.0107421875,0.75,0.008056640625,0.001,4.0,5,5,0,0.6909660162275808,26.0,0.02657561600875311,0.02657561600875311,1.0,estimated-rho stopping robustness; exact rho used only for retrospective regret
n12_d50_s17,12,0.4,112,0.0107421875,0.9,0.00966796875,0.001,4.0,5,5,0,0.6909660162275808,26.0,0.02657561600875311,0.02657561600875311,1.0,estimated-rho stopping robustness; exact rho used only for retrospective regret
n12_d50_s17,12,0.4,112,0.0107421875,1.0,0.0107421875,0.001,4.0,5,5,0,0.6909660162275808,26.0,0.02657561600875311,0.02657561600875311,1.0,estimated-rho stopping robustness; exact rho used only for retrospective regret
n12_d50_s17,12,0.4,112,0.0107421875,1.1,0.011816406250000001,0.001,4.0,4,5,-1,0.5567761949917727,21.0,0.026513152142465364,0.02657561600875311,0.9976495797400454,estimated-rho stopping robustness; exact rho used only for retrospective regret
n12_d50_s17,12,0.4,112,0.0107421875,1.25,0.013427734375,0.001,4.0,4,5,-1,0.5567761949917727,21.0,0.026513152142465364,0.02657561600875311,0.9976495797400454,estimated-rho stopping robustness; exact rho used only for retrospective regret
n12_d50_s17,12,0.4,112,0.0107421875,1.5,0.01611328125,0.001,4.0,4,5,-1,0.5567761949917727,21.0,0.026513152142465364,0.02657561600875311,0.9976495797400454,estimated-rho stopping robustness; exact rho used only for retrospective regret
n12_d50_s42,12,0.25,98,0.0859375,0.5,0.04296875,0.0,1.0,2,1,1,0.9930951222777366,5.0,0.1986190244555473,0.20211537679036462,0.9827012056660896,estimated-rho stopping robustness; exact rho used only for retrospective regret
n12_d50_s42,12,0.25,98,0.0859375,0.75,0.064453125,0.0,1.0,2,1,1,0.9930951222777366,5.0,0.1986190244555473,0.20211537679036462,0.9827012056660896,estimated-rho stopping robustness; exact rho used only for retrospective regret
n12_d50_s42,12,0.25,98,0.0859375,0.9,0.07734375,0.0,1.0,2,1,1,0.9930951222777366,5.0,0.1986190244555473,0.20211537679036462,0.9827012056660896,estimated-rho stopping robustness; exact rho used only for retrospective regret
n12_d50_s42,12,0.25,98,0.0859375,1.0,0.0859375,0.0,1.0,1,1,0,0.6063461303710939,3.0,0.20211537679036462,0.20211537679036462,1.0,estimated-rho stopping robustness; exact rho used only for retrospective regret
n12_d50_s42,12,0.25,98,0.0859375,1.1,0.09453125000000001,0.0,1.0,1,1,0,0.6063461303710939,3.0,0.20211537679036462,0.20211537679036462,1.0,estimated-rho stopping robustness; exact rho used only for retrospective regret
n12_d50_s42,12,0.25,98,0.0859375,1.25,0.107421875,0.0,1.0,1,1,0,0.6063461303710939,3.0,0.20211537679036462,0.20211537679036462,1.0,estimated-rho stopping robustness; exact rho used only for retrospective regret
n12_d50_s42,12,0.25,98,0.0859375,1.5,0.12890625,0.0,1.0,1,1,0,0.6063461303710939,3.0,0.20211537679036462,0.20211537679036462,1.0,estimated-rho stopping robustness; exact rho used only for retrospective regret
n12_d50_s42,12,0.25,98,0.0859375,0.5,0.04296875,0.0,4.0,2,1,1,0.9930951222777366,11.0,0.0902813747525215,0.10105768839518231,0.8933647324237178,estimated-rho stopping robustness; exact rho used only for retrospective regret
n12_d50_s42,12,0.25,98,0.0859375,0.75,0.064453125,0.0,4.0,2,1,1,0.9930951222777366,11.0,0.0902813747525215,0.10105768839518231,0.8933647324237178,estimated-rho stopping robustness; exact rho used only for retrospective regret
n12_d50_s42,12,0.25,98,0.0859375,0.9,0.07734375,0.0,4.0,1,1,0,0.6063461303710939,6.0,0.10105768839518231,0.10105768839518231,1.0,estimated-rho stopping robustness; exact rho used only for retrospective regret
n12_d50_s42,12,0.25,98,0.0859375,1.0,0.0859375,0.0,4.0,1,1,0,0.6063461303710939,6.0,0.10105768839518231,0.10105768839518231,1.0,estimated-rho stopping robustness; exact rho used only for retrospective regret
n12_d50_s42,12,0.25,98,0.0859375,1.1,0.09453125000000001,0.0,4.0,1,1,0,0.6063461303710939,6.0,0.10105768839518231,0.10105768839518231,1.0,estimated-rho stopping robustness; exact rho used only for retrospective regret
n12_d50_s42,12,0.25,98,0.0859375,1.25,0.107421875,0.0,4.0,1,1,0,0.6063461303710939,6.0,0.10105768839518231,0.10105768839518231,1.0,estimated-rho stopping robustness; exact rho used only for retrospective regret
n12_d50_s42,12,0.25,98,0.0859375,1.5,0.12890625,0.0,4.0,1,1,0,0.6063461303710939,6.0,0.10105768839518231,0.10105768839518231,1.0,estimated-rho stopping robustness; exact rho used only for retrospective regret
n12_d50_s42,12,0.25,98,0.0859375,0.5,0.04296875,0.001,1.0,2,1,1,0.9076206021903671,5.0,0.18152412043807342,0.1903450935531824,0.9536579958513908,estimated-rho stopping robustness; exact rho used only for retrospective regret
n12_d50_s42,12,0.25,98,0.0859375,0.75,0.064453125,0.001,1.0,2,1,1,0.9076206021903671,5.0,0.18152412043807342,0.1903450935531824,0.9536579958513908,estimated-rho stopping robustness; exact rho used only for retrospective regret
n12_d50_s42,12,0.25,98,0.0859375,0.9,0.07734375,0.001,1.0,2,1,1,0.9076206021903671,5.0,0.18152412043807342,0.1903450935531824,0.9536579958513908,estimated-rho stopping robustness; exact rho used only for retrospective regret
n12_d50_s42,12,0.25,98,0.0859375,1.0,0.0859375,0.001,1.0,1,1,0,0.5710352806595472,3.0,0.1903450935531824,0.1903450935531824,1.0,estimated-rho stopping robustness; exact rho used only for retrospective regret
n12_d50_s42,12,0.25,98,0.0859375,1.1,0.09453125000000001,0.001,1.0,1,1,0,0.5710352806595472,3.0,0.1903450935531824,0.1903450935531824,1.0,estimated-rho stopping robustness; exact rho used only for retrospective regret
n12_d50_s42,12,0.25,98,0.0859375,1.25,0.107421875,0.001,1.0,1,1,0,0.5710352806595472,3.0,0.1903450935531824,0.1903450935531824,1.0,estimated-rho stopping robustness; exact rho used only for retrospective regret
n12_d50_s42,12,0.25,98,0.0859375,1.5,0.12890625,0.001,1.0,1,1,0,0.5710352806595472,3.0,0.1903450935531824,0.1903450935531824,1.0,estimated-rho stopping robustness; exact rho used only for retrospective regret
n12_d50_s42,12,0.25,98,0.0859375,0.5,0.04296875,0.001,4.0,2,1,1,0.9076206021903671,11.0,0.08251096383548792,0.0951725467765912,0.8669618144103552,estimated-rho stopping robustness; exact rho used only for retrospective regret
n12_d50_s42,12,0.25,98,0.0859375,0.75,0.064453125,0.001,4.0,2,1,1,0.9076206021903671,11.0,0.08251096383548792,0.0951725467765912,0.8669618144103552,estimated-rho stopping robustness; exact rho used only for retrospective regret
n12_d50_s42,12,0.25,98,0.0859375,0.9,0.07734375,0.001,4.0,1,1,0,0.5710352806595472,6.0,0.0951725467765912,0.0951725467765912,1.0,estimated-rho stopping robustness; exact rho used only for retrospective regret
n12_d50_s42,12,0.25,98,0.0859375,1.0,0.0859375,0.001,4.0,1,1,0,0.5710352806595472,6.0,0.0951725467765912,0.0951725467765912,1.0,estimated-rho stopping robustness; exact rho used only for retrospective regret
n12_d50_s42,12,0.25,98,0.0859375,1.1,0.09453125000000001,0.001,4.0,1,1,0,0.5710352806595472,6.0,0.0951725467765912,0.0951725467765912,1.0,estimated-rho stopping robustness; exact rho used only for retrospective regret
n12_d50_s42,12,0.25,98,0.0859375,1.25,0.107421875,0.001,4.0,1,1,0,0.5710352806595472,6.0,0.0951725467765912,0.0951725467765912,1.0,estimated-rho stopping robustness; exact rho used only for retrospective regret
n12_d50_s42,12,0.25,98,0.0859375,1.5,0.12890625,0.001,4.0,0,1,-1,0.08339766303932492,1.0,0.08339766303932492,0.0951725467765912,0.8762785683889835,estimated-rho stopping robustness; exact rho used only for retrospective regret
n12_d50_s42,12,0.4,110,0.015625,0.5,0.0078125,0.0,1.0,6,4,2,0.9965856807867991,13.0,0.07666043698359994,0.09070855771076619,0.8451290475595459,estimated-rho stopping robustness; exact rho used only for retrospective regret
n12_d50_s42,12,0.4,110,0.015625,0.75,0.01171875,0.0,1.0,5,4,1,0.9635154816192113,11.0,0.08759231651083739,0.09070855771076619,0.9656455655499974,estimated-rho stopping robustness; exact rho used only for retrospective regret
n12_d50_s42,12,0.4,110,0.015625,0.9,0.0140625,0.0,1.0,4,4,0,0.8163770193968958,9.0,0.09070855771076619,0.09070855771076619,1.0,estimated-rho stopping robustness; exact rho used only for retrospective regret
n12_d50_s42,12,0.4,110,0.015625,1.0,0.015625,0.0,1.0,4,4,0,0.8163770193968958,9.0,0.09070855771076619,0.09070855771076619,1.0,estimated-rho stopping robustness; exact rho used only for retrospective regret
n12_d50_s42,12,0.4,110,0.015625,1.1,0.0171875,0.0,1.0,4,4,0,0.8163770193968958,9.0,0.09070855771076619,0.09070855771076619,1.0,estimated-rho stopping robustness; exact rho used only for retrospective regret
n12_d50_s42,12,0.4,110,0.015625,1.25,0.01953125,0.0,1.0,4,4,0,0.8163770193968958,9.0,0.09070855771076619,0.09070855771076619,1.0,estimated-rho stopping robustness; exact rho used only for retrospective regret
n12_d50_s42,12,0.4,110,0.015625,1.5,0.0234375,0.0,1.0,3,4,-1,0.5913801500573754,7.0,0.08448287857962507,0.09070855771076619,0.9313661324988503,estimated-rho stopping robustness; exact rho used only for retrospective regret
n12_d50_s42,12,0.4,110,0.015625,0.5,0.0078125,0.0,4.0,6,4,2,0.9965856807867991,31.0,0.032147925186670936,0.03887509616175694,0.8269542293324588,estimated-rho stopping robustness; exact rho used only for retrospective regret
n12_d50_s42,12,0.4,110,0.015625,0.75,0.01171875,0.0,4.0,5,4,1,0.9635154816192113,26.0,0.03705828775458505,0.03887509616175694,0.9532654941967922,estimated-rho stopping robustness; exact rho used only for retrospective regret
n12_d50_s42,12,0.4,110,0.015625,0.9,0.0140625,0.0,4.0,4,4,0,0.8163770193968958,21.0,0.03887509616175694,0.03887509616175694,1.0,estimated-rho stopping robustness; exact rho used only for retrospective regret
n12_d50_s42,12,0.4,110,0.015625,1.0,0.015625,0.0,4.0,4,4,0,0.8163770193968958,21.0,0.03887509616175694,0.03887509616175694,1.0,estimated-rho stopping robustness; exact rho used only for retrospective regret
n12_d50_s42,12,0.4,110,0.015625,1.1,0.0171875,0.0,4.0,4,4,0,0.8163770193968958,21.0,0.03887509616175694,0.03887509616175694,1.0,estimated-rho stopping robustness; exact rho used only for retrospective regret
n12_d50_s42,12,0.4,110,0.015625,1.25,0.01953125,0.0,4.0,4,4,0,0.8163770193968958,21.0,0.03887509616175694,0.03887509616175694,1.0,estimated-rho stopping robustness; exact rho used only for retrospective regret
n12_d50_s42,12,0.4,110,0.015625,1.5,0.0234375,0.0,4.0,3,4,-1,0.5913801500573754,16.0,0.036961259378585964,0.03887509616175694,0.9507695935925762,estimated-rho stopping robustness; exact rho used only for retrospective regret
n12_d50_s42,12,0.4,110,0.015625,0.5,0.0078125,0.001,1.0,6,4,2,0.8078166526052531,13.0,0.062139742508096396,0.07807357915166915,0.795912563293416,estimated-rho stopping robustness; exact rho used only for retrospective regret
n12_d50_s42,12,0.4,110,0.015625,0.75,0.01171875,0.001,1.0,4,4,0,0.7026622123650224,9.0,0.07807357915166915,0.07807357915166915,1.0,estimated-rho stopping robustness; exact rho used only for retrospective regret
n12_d50_s42,12,0.4,110,0.015625,0.9,0.0140625,0.001,1.0,4,4,0,0.7026622123650224,9.0,0.07807357915166915,0.07807357915166915,1.0,estimated-rho stopping robustness; exact rho used only for retrospective regret
n12_d50_s42,12,0.4,110,0.015625,1.0,0.015625,0.001,1.0,4,4,0,0.7026622123650224,9.0,0.07807357915166915,0.07807357915166915,1.0,estimated-rho stopping robustness; exact rho used only for retrospective regret
n12_d50_s42,12,0.4,110,0.015625,1.1,0.0171875,0.001,1.0,4,4,0,0.7026622123650224,9.0,0.07807357915166915,0.07807357915166915,1.0,estimated-rho stopping robustness; exact rho used only for retrospective regret
n12_d50_s42,12,0.4,110,0.015625,1.25,0.01953125,0.001,1.0,3,4,-1,0.5245071409547455,7.0,0.07492959156496364,0.07807357915166915,0.9597304540041918,estimated-rho stopping robustness; exact rho used only for retrospective regret
n12_d50_s42,12,0.4,110,0.015625,1.5,0.0234375,0.001,1.0,3,4,-1,0.5245071409547455,7.0,0.07492959156496364,0.07807357915166915,0.9597304540041918,estimated-rho stopping robustness; exact rho used only for retrospective regret
n12_d50_s42,12,0.4,110,0.015625,0.5,0.0078125,0.001,4.0,5,4,1,0.8047957800301122,26.0,0.030953683847312008,0.03346010535071535,0.9250922411291883,estimated-rho stopping robustness; exact rho used only for retrospective regret
n12_d50_s42,12,0.4,110,0.015625,0.75,0.01171875,0.001,4.0,4,4,0,0.7026622123650224,21.0,0.03346010535071535,0.03346010535071535,1.0,estimated-rho stopping robustness; exact rho used only for retrospective regret
n12_d50_s42,12,0.4,110,0.015625,0.9,0.0140625,0.001,4.0,4,4,0,0.7026622123650224,21.0,0.03346010535071535,0.03346010535071535,1.0,estimated-rho stopping robustness; exact rho used only for retrospective regret
n12_d50_s42,12,0.4,110,0.015625,1.0,0.015625,0.001,4.0,4,4,0,0.7026622123650224,21.0,0.03346010535071535,0.03346010535071535,1.0,estimated-rho stopping robustness; exact rho used only for retrospective regret
n12_d50_s42,12,0.4,110,0.015625,1.1,0.0171875,0.001,4.0,4,4,0,0.7026622123650224,21.0,0.03346010535071535,0.03346010535071535,1.0,estimated-rho stopping robustness; exact rho used only for retrospective regret
n12_d50_s42,12,0.4,110,0.015625,1.25,0.01953125,0.001,4.0,3,4,-1,0.5245071409547455,16.0,0.03278169630967159,0.03346010535071535,0.9797248384626125,estimated-rho stopping robustness; exact rho used only for retrospective regret
n12_d50_s42,12,0.4,110,0.015625,1.5,0.0234375,0.001,4.0,3,4,-1,0.5245071409547455,16.0,0.03278169630967159,0.03346010535071535,0.9797248384626125,estimated-rho stopping robustness; exact rho used only for retrospective regret
n12_d50_s42,12,0.55,121,0.00244140625,0.5,0.001220703125,0.0,1.0,16,11,5,0.9963541898697482,33.0,0.030192551208174188,0.035793955975000694,0.8435097598393804,estimated-rho stopping robustness; exact rho used only for retrospective regret
n12_d50_s42,12,0.55,121,0.00244140625,0.75,0.0018310546875,0.0,1.0,13,11,2,0.9452544117370825,27.0,0.03500942265692898,0.035793955975000694,0.9780819611383652,estimated-rho stopping robustness; exact rho used only for retrospective regret
n12_d50_s42,12,0.55,121,0.00244140625,0.9,0.002197265625,0.0,1.0,12,11,1,0.8918931762569695,25.0,0.03567572705027878,0.035793955975000694,0.9966969584249227,estimated-rho stopping robustness; exact rho used only for retrospective regret
n12_d50_s42,12,0.55,121,0.00244140625,1.0,0.00244140625,0.0,1.0,11,11,0,0.823260987425016,23.0,0.035793955975000694,0.035793955975000694,1.0,estimated-rho stopping robustness; exact rho used only for retrospective regret
n12_d50_s42,12,0.55,121,0.00244140625,1.1,0.002685546875,0.0,1.0,11,11,0,0.823260987425016,23.0,0.035793955975000694,0.035793955975000694,1.0,estimated-rho stopping robustness; exact rho used only for retrospective regret
n12_d50_s42,12,0.55,121,0.00244140625,1.25,0.0030517578125,0.0,1.0,10,11,-1,0.742032244841893,21.0,0.035334868801994906,0.035793955975000694,0.9871741705966666,estimated-rho stopping robustness; exact rho used only for retrospective regret
n12_d50_s42,12,0.55,121,0.00244140625,1.5,0.003662109375,0.0,1.0,9,11,-2,0.6513721996881984,19.0,0.034282747352010444,0.035793955975000694,0.9577803407914534,estimated-rho stopping robustness; exact rho used only for retrospective regret
n12_d50_s42,12,0.55,121,0.00244140625,0.5,0.001220703125,0.0,4.0,16,11,5,0.9963541898697482,81.0,0.012300669010737633,0.014701089061160999,0.836718215879321,estimated-rho stopping robustness; exact rho used only for retrospective regret
n12_d50_s42,12,0.55,121,0.00244140625,0.75,0.0018310546875,0.0,4.0,13,11,2,0.9452544117370825,66.0,0.014322036541470946,0.014701089061160999,0.9742160245330751,estimated-rho stopping robustness; exact rho used only for retrospective regret
n12_d50_s42,12,0.55,121,0.00244140625,0.9,0.002197265625,0.0,4.0,12,11,1,0.8918931762569695,61.0,0.014621199610769992,0.014701089061160999,0.9945657461118259,estimated-rho stopping robustness; exact rho used only for retrospective regret
n12_d50_s42,12,0.55,121,0.00244140625,1.0,0.00244140625,0.0,4.0,11,11,0,0.823260987425016,56.0,0.014701089061160999,0.014701089061160999,1.0,estimated-rho stopping robustness; exact rho used only for retrospective regret
n12_d50_s42,12,0.55,121,0.00244140625,1.1,0.002685546875,0.0,4.0,11,11,0,0.823260987425016,56.0,0.014701089061160999,0.014701089061160999,1.0,estimated-rho stopping robustness; exact rho used only for retrospective regret
n12_d50_s42,12,0.55,121,0.00244140625,1.25,0.0030517578125,0.0,4.0,10,11,-1,0.742032244841893,51.0,0.014549651859644961,0.014701089061160999,0.9896989127209547,estimated-rho stopping robustness; exact rho used only for retrospective regret
n12_d50_s42,12,0.55,121,0.00244140625,1.5,0.003662109375,0.0,4.0,9,11,-2,0.6513721996881984,46.0,0.014160265210613008,0.014701089061160999,0.9632119873365844,estimated-rho stopping robustness; exact rho used only for retrospective regret
n12_d50_s42,12,0.55,121,0.00244140625,0.5,0.001220703125,0.001,1.0,13,10,3,0.6210764051480023,27.0,0.023002829820296382,0.02540307579945747,0.905513568588716,estimated-rho stopping robustness; exact rho used only for retrospective regret
n12_d50_s42,12,0.55,121,0.00244140625,0.75,0.0018310546875,0.001,1.0,11,10,1,0.5743697011042944,23.0,0.024972595700186714,0.02540307579945747,0.983054016660457,estimated-rho stopping robustness; exact rho used only for retrospective regret
n12_d50_s42,12,0.55,121,0.00244140625,0.9,0.002197265625,0.001,1.0,10,10,0,0.5334645917886068,21.0,0.02540307579945747,0.02540307579945747,1.0,estimated-rho stopping robustness; exact rho used only for retrospective regret
n12_d50_s42,12,0.55,121,0.00244140625,1.0,0.00244140625,0.001,1.0,10,10,0,0.5334645917886068,21.0,0.02540307579945747,0.02540307579945747,1.0,estimated-rho stopping robustness; exact rho used only for retrospective regret
n12_d50_s42,12,0.55,121,0.00244140625,1.1,0.002685546875,0.001,1.0,9,10,-1,0.48254839397454774,19.0,0.025397283893397248,0.02540307579945747,0.9997719998119147,estimated-rho stopping robustness; exact rho used only for retrospective regret
n12_d50_s42,12,0.55,121,0.00244140625,1.25,0.0030517578125,0.001,1.0,9,10,-1,0.48254839397454774,19.0,0.025397283893397248,0.02540307579945747,0.9997719998119147,estimated-rho stopping robustness; exact rho used only for retrospective regret
n12_d50_s42,12,0.55,121,0.00244140625,1.5,0.003662109375,0.001,1.0,8,10,-2,0.4235333360775819,17.0,0.024913725651622465,0.02540307579945747,0.9807365788419427,estimated-rho stopping robustness; exact rho used only for retrospective regret
n12_d50_s42,12,0.55,121,0.00244140625,0.5,0.001220703125,0.001,4.0,13,9,4,0.6210764051480023,66.0,0.00941024856284852,0.01049018247770756,0.8970528952042559,estimated-rho stopping robustness; exact rho used only for retrospective regret
n12_d50_s42,12,0.55,121,0.00244140625,0.75,0.0018310546875,0.001,4.0,11,9,2,0.5743697011042944,56.0,0.01025660180543383,0.01049018247770756,0.9777334023721601,estimated-rho stopping robustness; exact rho used only for retrospective regret
n12_d50_s42,12,0.55,121,0.00244140625,0.9,0.002197265625,0.001,4.0,10,9,1,0.5334645917886068,51.0,0.010460090035070722,0.01049018247770756,0.9971313709079145,estimated-rho stopping robustness; exact rho used only for retrospective regret
n12_d50_s42,12,0.55,121,0.00244140625,1.0,0.00244140625,0.001,4.0,9,9,0,0.48254839397454774,46.0,0.01049018247770756,0.01049018247770756,1.0,estimated-rho stopping robustness; exact rho used only for retrospective regret
n12_d50_s42,12,0.55,121,0.00244140625,1.1,0.002685546875,0.001,4.0,9,9,0,0.48254839397454774,46.0,0.01049018247770756,0.01049018247770756,1.0,estimated-rho stopping robustness; exact rho used only for retrospective regret
n12_d50_s42,12,0.55,121,0.00244140625,1.25,0.0030517578125,0.001,4.0,8,9,-1,0.4235333360775819,41.0,0.010330081367745901,0.01049018247770756,0.9847380052442476,estimated-rho stopping robustness; exact rho used only for retrospective regret
n12_d50_s42,12,0.55,121,0.00244140625,1.5,0.003662109375,0.001,4.0,8,9,-1,0.4235333360775819,41.0,0.010330081367745901,0.01049018247770756,0.9847380052442476,estimated-rho stopping robustness; exact rho used only for retrospective regret
n12_d75_s17,12,0.25,139,0.13916015625,0.5,0.069580078125,0.0,1.0,2,1,1,0.8883898503748708,5.0,0.17767797007497416,0.2769289445132017,0.6416012973555529,estimated-rho stopping robustness; exact rho used only for retrospective regret
n12_d75_s17,12,0.25,139,0.13916015625,0.75,0.1043701171875,0.0,1.0,1,1,0,0.8307868335396051,3.0,0.2769289445132017,0.2769289445132017,1.0,estimated-rho stopping robustness; exact rho used only for retrospective regret
n12_d75_s17,12,0.25,139,0.13916015625,0.9,0.125244140625,0.0,1.0,1,1,0,0.8307868335396051,3.0,0.2769289445132017,0.2769289445132017,1.0,estimated-rho stopping robustness; exact rho used only for retrospective regret
n12_d75_s17,12,0.25,139,0.13916015625,1.0,0.13916015625,0.0,1.0,1,1,0,0.8307868335396051,3.0,0.2769289445132017,0.2769289445132017,1.0,estimated-rho stopping robustness; exact rho used only for retrospective regret
n12_d75_s17,12,0.25,139,0.13916015625,1.1,0.153076171875,0.0,1.0,1,1,0,0.8307868335396051,3.0,0.2769289445132017,0.2769289445132017,1.0,estimated-rho stopping robustness; exact rho used only for retrospective regret
n12_d75_s17,12,0.25,139,0.13916015625,1.25,0.1739501953125,0.0,1.0,1,1,0,0.8307868335396051,3.0,0.2769289445132017,0.2769289445132017,1.0,estimated-rho stopping robustness; exact rho used only for retrospective regret
n12_d75_s17,12,0.25,139,0.13916015625,1.5,0.208740234375,0.0,1.0,1,1,0,0.8307868335396051,3.0,0.2769289445132017,0.2769289445132017,1.0,estimated-rho stopping robustness; exact rho used only for retrospective regret
n12_d75_s17,12,0.25,139,0.13916015625,0.5,0.069580078125,0.0,4.0,2,0,2,0.8883898503748708,11.0,0.0807627136704428,0.13916015625000003,0.5803580266563748,estimated-rho stopping robustness; exact rho used only for retrospective regret
n12_d75_s17,12,0.25,139,0.13916015625,0.75,0.1043701171875,0.0,4.0,1,0,1,0.8307868335396051,6.0,0.13846447225660086,0.13916015625000003,0.9950008392333982,estimated-rho stopping robustness; exact rho used only for retrospective regret
n12_d75_s17,12,0.25,139,0.13916015625,0.9,0.125244140625,0.0,4.0,1,0,1,0.8307868335396051,6.0,0.13846447225660086,0.13916015625000003,0.9950008392333982,estimated-rho stopping robustness; exact rho used only for retrospective regret
n12_d75_s17,12,0.25,139,0.13916015625,1.0,0.13916015625,0.0,4.0,0,0,0,0.13916015625000003,1.0,0.13916015625000003,0.13916015625000003,1.0,estimated-rho stopping robustness; exact rho used only for retrospective regret
n12_d75_s17,12,0.25,139,0.13916015625,1.1,0.153076171875,0.0,4.0,0,0,0,0.13916015625000003,1.0,0.13916015625000003,0.13916015625000003,1.0,estimated-rho stopping robustness; exact rho used only for retrospective regret
n12_d75_s17,12,0.25,139,0.13916015625,1.25,0.1739501953125,0.0,4.0,0,0,0,0.13916015625000003,1.0,0.13916015625000003,0.13916015625000003,1.0,estimated-rho stopping robustness; exact rho used only for retrospective regret
n12_d75_s17,12,0.25,139,0.13916015625,1.5,0.208740234375,0.0,4.0,0,0,0,0.13916015625000003,1.0,0.13916015625000003,0.13916015625000003,1.0,estimated-rho stopping robustness; exact rho used only for retrospective regret
n12_d75_s17,12,0.25,139,0.13916015625,0.5,0.069580078125,0.001,1.0,2,1,1,0.8119271889360348,5.0,0.16238543778720696,0.2608018582654537,0.6226391133376247,estimated-rho stopping robustness; exact rho used only for retrospective regret
n12_d75_s17,12,0.25,139,0.13916015625,0.75,0.1043701171875,0.001,1.0,1,1,0,0.7824055747963611,3.0,0.2608018582654537,0.2608018582654537,1.0,estimated-rho stopping robustness; exact rho used only for retrospective regret
n12_d75_s17,12,0.25,139,0.13916015625,0.9,0.125244140625,0.001,1.0,1,1,0,0.7824055747963611,3.0,0.2608018582654537,0.2608018582654537,1.0,estimated-rho stopping robustness; exact rho used only for retrospective regret
n12_d75_s17,12,0.25,139,0.13916015625,1.0,0.13916015625,0.001,1.0,1,1,0,0.7824055747963611,3.0,0.2608018582654537,0.2608018582654537,1.0,estimated-rho stopping robustness; exact rho used only for retrospective regret
n12_d75_s17,12,0.25,139,0.13916015625,1.1,0.153076171875,0.001,1.0,1,1,0,0.7824055747963611,3.0,0.2608018582654537,0.2608018582654537,1.0,estimated-rho stopping robustness; exact rho used only for retrospective regret
n12_d75_s17,12,0.25,139,0.13916015625,1.25,0.1739501953125,0.001,1.0,1,1,0,0.7824055747963611,3.0,0.2608018582654537,0.2608018582654537,1.0,estimated-rho stopping robustness; exact rho used only for retrospective regret
n12_d75_s17,12,0.25,139,0.13916015625,1.5,0.208740234375,0.001,1.0,1,1,0,0.7824055747963611,3.0,0.2608018582654537,0.2608018582654537,1.0,estimated-rho stopping robustness; exact rho used only for retrospective regret
n12_d75_s17,12,0.25,139,0.13916015625,0.5,0.069580078125,0.001,4.0,1,0,1,0.7824055747963611,6.0,0.13040092913272686,0.13504735208072505,0.9655941203110685,estimated-rho stopping robustness; exact rho used only for retrospective regret
n12_d75_s17,12,0.25,139,0.13916015625,0.75,0.1043701171875,0.001,4.0,1,0,1,0.7824055747963611,6.0,0.13040092913272686,0.13504735208072505,0.9655941203110685,estimated-rho stopping robustness; exact rho used only for retrospective regret
n12_d75_s17,12,0.25,139,0.13916015625,0.9,0.125244140625,0.001,4.0,1,0,1,0.7824055747963611,6.0,0.13040092913272686,0.13504735208072505,0.9655941203110685,estimated-rho stopping robustness; exact rho used only for retrospective regret
n12_d75_s17,12,0.25,139,0.13916015625,1.0,0.13916015625,0.001,4.0,0,0,0,0.13504735208072505,1.0,0.13504735208072505,0.13504735208072505,1.0,estimated-rho stopping robustness; exact rho used only for retrospective regret
n12_d75_s17,12,0.25,139,0.13916015625,1.1,0.153076171875,0.001,4.0,0,0,0,0.13504735208072505,1.0,0.13504735208072505,0.13504735208072505,1.0,estimated-rho stopping robustness; exact rho used only for retrospective regret
n12_d75_s17,12,0.25,139,0.13916015625,1.25,0.1739501953125,0.001,4.0,0,0,0,0.13504735208072505,1.0,0.13504735208072505,0.13504735208072505,1.0,estimated-rho stopping robustness; exact rho used only for retrospective regret
n12_d75_s17,12,0.25,139,0.13916015625,1.5,0.208740234375,0.001,4.0,0,0,0,0.13504735208072505,1.0,0.13504735208072505,0.13504735208072505,1.0,estimated-rho stopping robustness; exact rho used only for retrospective regret
n12_d75_s17,12,0.4,150,0.0322265625,0.5,0.01611328125,0.0,1.0,4,3,1,0.9971225010558313,9.0,0.11079138900620349,0.1297840340608503,0.8536596185187004,estimated-rho stopping robustness; exact rho used only for retrospective regret
n12_d75_s17,12,0.4,150,0.0322265625,0.75,0.024169921875,0.0,1.0,3,3,0,0.908488238425952,7.0,0.1297840340608503,0.1297840340608503,1.0,estimated-rho stopping robustness; exact rho used only for retrospective regret
n12_d75_s17,12,0.4,150,0.0322265625,0.9,0.02900390625,0.0,1.0,3,3,0,0.908488238425952,7.0,0.1297840340608503,0.1297840340608503,1.0,estimated-rho stopping robustness; exact rho used only for retrospective regret
n12_d75_s17,12,0.4,150,0.0322265625,1.0,0.0322265625,0.0,1.0,3,3,0,0.908488238425952,7.0,0.1297840340608503,0.1297840340608503,1.0,estimated-rho stopping robustness; exact rho used only for retrospective regret
n12_d75_s17,12,0.4,150,0.0322265625,1.1,0.035449218750000004,0.0,1.0,3,3,0,0.908488238425952,7.0,0.1297840340608503,0.1297840340608503,1.0,estimated-rho stopping robustness; exact rho used only for retrospective regret
n12_d75_s17,12,0.4,150,0.0322265625,1.25,0.040283203125,0.0,1.0,2,3,-1,0.6160150039142991,5.0,0.12320300078285981,0.1297840340608503,0.9492924277965893,estimated-rho stopping robustness; exact rho used only for retrospective regret
n12_d75_s17,12,0.4,150,0.0322265625,1.5,0.04833984375,0.0,1.0,2,3,-1,0.6160150039142991,5.0,0.12320300078285981,0.1297840340608503,0.9492924277965893,estimated-rho stopping robustness; exact rho used only for retrospective regret
n12_d75_s17,12,0.4,150,0.0322265625,0.5,0.01611328125,0.0,4.0,4,3,1,0.9971225010558313,21.0,0.04748202385980149,0.056780514901622,0.8362379936509718,estimated-rho stopping robustness; exact rho used only for retrospective regret
n12_d75_s17,12,0.4,150,0.0322265625,0.75,0.024169921875,0.0,4.0,3,3,0,0.908488238425952,16.0,0.056780514901622,0.056780514901622,1.0,estimated-rho stopping robustness; exact rho used only for retrospective regret
n12_d75_s17,12,0.4,150,0.0322265625,0.9,0.02900390625,0.0,4.0,3,3,0,0.908488238425952,16.0,0.056780514901622,0.056780514901622,1.0,estimated-rho stopping robustness; exact rho used only for retrospective regret
n12_d75_s17,12,0.4,150,0.0322265625,1.0,0.0322265625,0.0,4.0,3,3,0,0.908488238425952,16.0,0.056780514901622,0.056780514901622,1.0,estimated-rho stopping robustness; exact rho used only for retrospective regret
n12_d75_s17,12,0.4,150,0.0322265625,1.1,0.035449218750000004,0.0,4.0,2,3,-1,0.6160150039142991,11.0,0.05600136399220901,0.056780514901622,0.9862778470613915,estimated-rho stopping robustness; exact rho used only for retrospective regret
n12_d75_s17,12,0.4,150,0.0322265625,1.25,0.040283203125,0.0,4.0,2,3,-1,0.6160150039142991,11.0,0.05600136399220901,0.056780514901622,0.9862778470613915,estimated-rho stopping robustness; exact rho used only for retrospective regret
n12_d75_s17,12,0.4,150,0.0322265625,1.5,0.04833984375,0.0,4.0,2,3,-1,0.6160150039142991,11.0,0.05600136399220901,0.056780514901622,0.9862778470613915,estimated-rho stopping robustness; exact rho used only for retrospective regret
n12_d75_s17,12,0.4,150,0.0322265625,0.5,0.01611328125,0.001,1.0,4,3,1,0.8582312901316571,9.0,0.09535903223685079,0.11510811216816377,0.8284301639621962,estimated-rho stopping robustness; exact rho used only for retrospective regret
n12_d75_s17,12,0.4,150,0.0322265625,0.75,0.024169921875,0.001,1.0,3,3,0,0.8057567851771464,7.0,0.11510811216816377,0.11510811216816377,1.0,estimated-rho stopping robustness; exact rho used only for retrospective regret
n12_d75_s17,12,0.4,150,0.0322265625,0.9,0.02900390625,0.001,1.0,3,3,0,0.8057567851771464,7.0,0.11510811216816377,0.11510811216816377,1.0,estimated-rho stopping robustness; exact rho used only for retrospective regret
n12_d75_s17,12,0.4,150,0.0322265625,1.0,0.0322265625,0.001,1.0,3,3,0,0.8057567851771464,7.0,0.11510811216816377,0.11510811216816377,1.0,estimated-rho stopping robustness; exact rho used only for retrospective regret
n12_d75_s17,12,0.4,150,0.0322265625,1.1,0.035449218750000004,0.001,1.0,2,3,-1,0.5629953226722556,5.0,0.11259906453445112,0.11510811216816377,0.978202686270737,estimated-rho stopping robustness; exact rho used only for retrospective regret
n12_d75_s17,12,0.4,150,0.0322265625,1.25,0.040283203125,0.001,1.0,2,3,-1,0.5629953226722556,5.0,0.11259906453445112,0.11510811216816377,0.978202686270737,estimated-rho stopping robustness; exact rho used only for retrospective regret
n12_d75_s17,12,0.4,150,0.0322265625,1.5,0.04833984375,0.001,1.0,2,3,-1,0.5629953226722556,5.0,0.11259906453445112,0.11510811216816377,0.978202686270737,estimated-rho stopping robustness; exact rho used only for retrospective regret
n12_d75_s17,12,0.4,150,0.0322265625,0.5,0.01611328125,0.001,4.0,4,2,2,0.8582312901316571,21.0,0.04086815667293605,0.051181392970205054,0.7984963734130333,estimated-rho stopping robustness; exact rho used only for retrospective regret
n12_d75_s17,12,0.4,150,0.0322265625,0.75,0.024169921875,0.001,4.0,3,2,1,0.8057567851771464,16.0,0.05035979907357165,0.051181392970205054,0.9839474103975309,estimated-rho stopping robustness; exact rho used only for retrospective regret
n12_d75_s17,12,0.4,150,0.0322265625,0.9,0.02900390625,0.001,4.0,3,2,1,0.8057567851771464,16.0,0.05035979907357165,0.051181392970205054,0.9839474103975309,estimated-rho stopping robustness; exact rho used only for retrospective regret
n12_d75_s17,12,0.4,150,0.0322265625,1.0,0.0322265625,0.001,4.0,2,2,0,0.5629953226722556,11.0,0.051181392970205054,0.051181392970205054,1.0,estimated-rho stopping robustness; exact rho used only for retrospective regret
n12_d75_s17,12,0.4,150,0.0322265625,1.1,0.035449218750000004,0.001,4.0,2,2,0,0.5629953226722556,11.0,0.051181392970205054,0.051181392970205054,1.0,estimated-rho stopping robustness; exact rho used only for retrospective regret
n12_d75_s17,12,0.4,150,0.0322265625,1.25,0.040283203125,0.001,4.0,2,2,0,0.5629953226722556,11.0,0.051181392970205054,0.051181392970205054,1.0,estimated-rho stopping robustness; exact rho used only for retrospective regret
n12_d75_s17,12,0.4,150,0.0322265625,1.5,0.04833984375,0.001,4.0,2,2,0,0.5629953226722556,11.0,0.051181392970205054,0.051181392970205054,1.0,estimated-rho stopping robustness; exact rho used only for retrospective regret
n12_d75_s17,12,0.55,161,0.001953125,0.5,0.0009765625,0.0,1.0,18,13,5,0.9957911999355219,37.0,0.026913275673933024,0.03201353159397621,0.840684371073797,estimated-rho stopping robustness; exact rho used only for retrospective regret
n12_d75_s17,12,0.55,161,0.001953125,0.75,0.00146484375,0.0,1.0,15,13,2,0.9604016640102372,31.0,0.030980698839039908,0.03201353159397621,0.9677376189532727,estimated-rho stopping robustness; exact rho used only for retrospective regret
n12_d75_s17,12,0.55,161,0.001953125,0.9,0.0017578125,0.0,1.0,13,13,0,0.8643653530373577,27.0,0.03201353159397621,0.03201353159397621,1.0,estimated-rho stopping robustness; exact rho used only for retrospective regret
n12_d75_s17,12,0.55,161,0.001953125,1.0,0.001953125,0.0,1.0,13,13,0,0.8643653530373577,27.0,0.03201353159397621,0.03201353159397621,1.0,estimated-rho stopping robustness; exact rho used only for retrospective regret
n12_d75_s17,12,0.55,161,0.001953125,1.1,0.0021484375,0.0,1.0,12,13,-1,0.7984502366243993,25.0,0.03193800946497597,0.03201353159397621,0.9976409310301007,estimated-rho stopping robustness; exact rho used only for retrospective regret
n12_d75_s17,12,0.55,161,0.001953125,1.25,0.00244140625,0.0,1.0,11,13,-2,0.7232267662737537,23.0,0.031444642011902335,0.03201353159397621,0.9822297149440107,estimated-rho stopping robustness; exact rho used only for retrospective regret
n12_d75_s17,12,0.55,161,0.001953125,1.5,0.0029296875,0.0,1.0,10,13,-3,0.641041084157612,21.0,0.030525765912267237,0.03201353159397621,0.9535269741377449,estimated-rho stopping robustness; exact rho used only for retrospective regret
n12_d75_s17,12,0.55,161,0.001953125,0.5,0.0009765625,0.0,4.0,18,13,5,0.9957911999355219,91.0,0.010942760438851888,0.013096444742990269,0.8355519878560083,estimated-rho stopping robustness; exact rho used only for retrospective regret
n12_d75_s17,12,0.55,161,0.001953125,0.75,0.00146484375,0.0,4.0,15,13,2,0.9604016640102372,76.0,0.0126368640001347,0.013096444742990269,0.9649079767925907,estimated-rho stopping robustness; exact rho used only for retrospective regret
n12_d75_s17,12,0.55,161,0.001953125,0.9,0.0017578125,0.0,4.0,13,13,0,0.8643653530373577,66.0,0.013096444742990269,0.013096444742990269,1.0,estimated-rho stopping robustness; exact rho used only for retrospective regret
n12_d75_s17,12,0.55,161,0.001953125,1.0,0.001953125,0.0,4.0,13,13,0,0.8643653530373577,66.0,0.013096444742990269,0.013096444742990269,1.0,estimated-rho stopping robustness; exact rho used only for retrospective regret
n12_d75_s17,12,0.55,161,0.001953125,1.1,0.0021484375,0.0,4.0,12,13,-1,0.7984502366243993,61.0,0.013089348141383595,0.013096444742990269,0.9994581276257839,estimated-rho stopping robustness; exact rho used only for retrospective regret
n12_d75_s17,12,0.55,161,0.001953125,1.25,0.00244140625,0.0,4.0,11,13,-2,0.7232267662737537,56.0,0.012914763683459887,0.013096444742990269,0.9861274519080742,estimated-rho stopping robustness; exact rho used only for retrospective regret
n12_d75_s17,12,0.55,161,0.001953125,1.5,0.0029296875,0.0,4.0,10,13,-3,0.641041084157612,51.0,0.012569433022698273,0.013096444742990269,0.9597591765830896,estimated-rho stopping robustness; exact rho used only for retrospective regret
n12_d75_s17,12,0.55,161,0.001953125,0.5,0.0009765625,0.001,1.0,14,10,4,0.5859268962938973,29.0,0.02020437573427232,0.02194569759551619,0.9206531551952286,estimated-rho stopping robustness; exact rho used only for retrospective regret
n12_d75_s17,12,0.55,161,0.001953125,0.75,0.00146484375,0.001,1.0,12,10,2,0.5405962216512358,25.0,0.02162384886604943,0.02194569759551619,0.9853343131123562,estimated-rho stopping robustness; exact rho used only for retrospective regret
n12_d75_s17,12,0.55,161,0.001953125,0.9,0.0017578125,0.001,1.0,11,10,1,0.5045781932101048,23.0,0.021938182313482817,0.02194569759551619,0.9996575510074053,estimated-rho stopping robustness; exact rho used only for retrospective regret
n12_d75_s17,12,0.55,161,0.001953125,1.0,0.001953125,0.001,1.0,10,10,0,0.46085964950583996,21.0,0.02194569759551619,0.02194569759551619,1.0,estimated-rho stopping robustness; exact rho used only for retrospective regret
n12_d75_s17,12,0.55,161,0.001953125,1.1,0.0021484375,0.001,1.0,10,10,0,0.46085964950583996,21.0,0.02194569759551619,0.02194569759551619,1.0,estimated-rho stopping robustness; exact rho used only for retrospective regret
n12_d75_s17,12,0.55,161,0.001953125,1.25,0.00244140625,0.001,1.0,10,10,0,0.46085964950583996,21.0,0.02194569759551619,0.02194569759551619,1.0,estimated-rho stopping robustness; exact rho used only for retrospective regret
n12_d75_s17,12,0.55,161,0.001953125,1.5,0.0029296875,0.001,1.0,9,10,-1,0.41075146045964184,19.0,0.021618497918928517,0.02194569759551619,0.9850904864079362,estimated-rho stopping robustness; exact rho used only for retrospective regret
n12_d75_s17,12,0.55,161,0.001953125,0.5,0.0009765625,0.001,4.0,14,10,4,0.5859268962938973,71.0,0.008252491497097145,0.009036463715800783,0.9132434718536172,estimated-rho stopping robustness; exact rho used only for retrospective regret
n12_d75_s17,12,0.55,161,0.001953125,0.75,0.00146484375,0.001,4.0,12,10,2,0.5405962216512358,61.0,0.008862233141823538,0.009036463715800783,0.9807191641048043,estimated-rho stopping robustness; exact rho used only for retrospective regret
n12_d75_s17,12,0.55,161,0.001953125,0.9,0.0017578125,0.001,4.0,11,10,1,0.5045781932101048,56.0,0.009010324878751872,0.009036463715800783,0.997107404193611,estimated-rho stopping robustness; exact rho used only for retrospective regret
n12_d75_s17,12,0.55,161,0.001953125,1.0,0.001953125,0.001,4.0,10,10,0,0.46085964950583996,51.0,0.009036463715800783,0.009036463715800783,1.0,estimated-rho stopping robustness; exact rho used only for retrospective regret
n12_d75_s17,12,0.55,161,0.001953125,1.1,0.0021484375,0.001,4.0,10,10,0,0.46085964950583996,51.0,0.009036463715800783,0.009036463715800783,1.0,estimated-rho stopping robustness; exact rho used only for retrospective regret
n12_d75_s17,12,0.55,161,0.001953125,1.25,0.00244140625,0.001,4.0,9,10,-1,0.41075146045964184,46.0,0.008929379575209605,0.009036463715800783,0.9881497736328057,estimated-rho stopping robustness; exact rho used only for retrospective regret
n12_d75_s17,12,0.55,161,0.001953125,1.5,0.0029296875,0.001,4.0,9,10,-1,0.41075146045964184,46.0,0.008929379575209605,0.009036463715800783,0.9881497736328057,estimated-rho stopping robustness; exact rho used only for retrospective regret
n12_d75_s42,12,0.25,148,0.08935546875,0.5,0.044677734375,0.0,1.0,2,1,1,0.997196526268617,5.0,0.1994393052537234,0.20799627341330054,0.9588599929260561,estimated-rho stopping robustness; exact rho used only for retrospective regret
n12_d75_s42,12,0.25,148,0.08935546875,0.75,0.0670166015625,0.0,1.0,2,1,1,0.997196526268617,5.0,0.1994393052537234,0.20799627341330054,0.9588599929260561,estimated-rho stopping robustness; exact rho used only for retrospective regret
n12_d75_s42,12,0.25,148,0.08935546875,0.9,0.08041992187500001,0.0,1.0,2,1,1,0.997196526268617,5.0,0.1994393052537234,0.20799627341330054,0.9588599929260561,estimated-rho stopping robustness; exact rho used only for retrospective regret
n12_d75_s42,12,0.25,148,0.08935546875,1.0,0.08935546875,0.0,1.0,1,1,0,0.6239888202399017,3.0,0.20799627341330054,0.20799627341330054,1.0,estimated-rho stopping robustness; exact rho used only for retrospective regret
n12_d75_s42,12,0.25,148,0.08935546875,1.1,0.098291015625,0.0,1.0,1,1,0,0.6239888202399017,3.0,0.20799627341330054,0.20799627341330054,1.0,estimated-rho stopping robustness; exact rho used only for retrospective regret
n12_d75_s42,12,0.25,148,0.08935546875,1.25,0.1116943359375,0.0,1.0,1,1,0,0.6239888202399017,3.0,0.20799627341330054,0.20799627341330054,1.0,estimated-rho stopping robustness; exact rho used only for retrospective regret
n12_d75_s42,12,0.25,148,0.08935546875,1.5,0.134033203125,0.0,1.0,1,1,0,0.6239888202399017,3.0,0.20799627341330054,0.20799627341330054,1.0,estimated-rho stopping robustness; exact rho used only for retrospective regret
n12_d75_s42,12,0.25,148,0.08935546875,0.5,0.044677734375,0.0,4.0,2,1,1,0.997196526268617,11.0,0.09065422966078336,0.10399813670665027,0.871690902660051,estimated-rho stopping robustness; exact rho used only for retrospective regret
n12_d75_s42,12,0.25,148,0.08935546875,0.75,0.0670166015625,0.0,4.0,2,1,1,0.997196526268617,11.0,0.09065422966078336,0.10399813670665027,0.871690902660051,estimated-rho stopping robustness; exact rho used only for retrospective regret
n12_d75_s42,12,0.25,148,0.08935546875,0.9,0.08041992187500001,0.0,4.0,1,1,0,0.6239888202399017,6.0,0.10399813670665027,0.10399813670665027,1.0,estimated-rho stopping robustness; exact rho used only for retrospective regret
n12_d75_s42,12,0.25,148,0.08935546875,1.0,0.08935546875,0.0,4.0,1,1,0,0.6239888202399017,6.0,0.10399813670665027,0.10399813670665027,1.0,estimated-rho stopping robustness; exact rho used only for retrospective regret
n12_d75_s42,12,0.25,148,0.08935546875,1.1,0.098291015625,0.0,4.0,1,1,0,0.6239888202399017,6.0,0.10399813670665027,0.10399813670665027,1.0,estimated-rho stopping robustness; exact rho used only for retrospective regret
n12_d75_s42,12,0.25,148,0.08935546875,1.25,0.1116943359375,0.0,4.0,1,1,0,0.6239888202399017,6.0,0.10399813670665027,0.10399813670665027,1.0,estimated-rho stopping robustness; exact rho used only for retrospective regret
n12_d75_s42,12,0.25,148,0.08935546875,1.5,0.134033203125,0.0,4.0,1,1,0,0.6239888202399017,6.0,0.10399813670665027,0.10399813670665027,1.0,estimated-rho stopping robustness; exact rho used only for retrospective regret
n12_d75_s42,12,0.25,148,0.08935546875,0.5,0.044677734375,0.001,1.0,2,1,1,0.9113690032010285,5.0,0.1822738006402057,0.19588351341833887,0.9305213974334452,estimated-rho stopping robustness; exact rho used only for retrospective regret
n12_d75_s42,12,0.25,148,0.08935546875,0.75,0.0670166015625,0.001,1.0,2,1,1,0.9113690032010285,5.0,0.1822738006402057,0.19588351341833887,0.9305213974334452,estimated-rho stopping robustness; exact rho used only for retrospective regret
n12_d75_s42,12,0.25,148,0.08935546875,0.9,0.08041992187500001,0.001,1.0,1,1,0,0.5876505402550166,3.0,0.19588351341833887,0.19588351341833887,1.0,estimated-rho stopping robustness; exact rho used only for retrospective regret
n12_d75_s42,12,0.25,148,0.08935546875,1.0,0.08935546875,0.001,1.0,1,1,0,0.5876505402550166,3.0,0.19588351341833887,0.19588351341833887,1.0,estimated-rho stopping robustness; exact rho used only for retrospective regret
n12_d75_s42,12,0.25,148,0.08935546875,1.1,0.098291015625,0.001,1.0,1,1,0,0.5876505402550166,3.0,0.19588351341833887,0.19588351341833887,1.0,estimated-rho stopping robustness; exact rho used only for retrospective regret
n12_d75_s42,12,0.25,148,0.08935546875,1.25,0.1116943359375,0.001,1.0,1,1,0,0.5876505402550166,3.0,0.19588351341833887,0.19588351341833887,1.0,estimated-rho stopping robustness; exact rho used only for retrospective regret
n12_d75_s42,12,0.25,148,0.08935546875,1.5,0.134033203125,0.001,1.0,1,1,0,0.5876505402550166,3.0,0.19588351341833887,0.19588351341833887,1.0,estimated-rho stopping robustness; exact rho used only for retrospective regret
n12_d75_s42,12,0.25,148,0.08935546875,0.5,0.044677734375,0.001,4.0,2,1,1,0.9113690032010285,11.0,0.08285172756372987,0.09794175670916944,0.8459285431213138,estimated-rho stopping robustness; exact rho used only for retrospective regret
n12_d75_s42,12,0.25,148,0.08935546875,0.75,0.0670166015625,0.001,4.0,1,1,0,0.5876505402550166,6.0,0.09794175670916944,0.09794175670916944,1.0,estimated-rho stopping robustness; exact rho used only for retrospective regret
n12_d75_s42,12,0.25,148,0.08935546875,0.9,0.08041992187500001,0.001,4.0,1,1,0,0.5876505402550166,6.0,0.09794175670916944,0.09794175670916944,1.0,estimated-rho stopping robustness; exact rho used only for retrospective regret
n12_d75_s42,12,0.25,148,0.08935546875,1.0,0.08935546875,0.001,4.0,1,1,0,0.5876505402550166,6.0,0.09794175670916944,0.09794175670916944,1.0,estimated-rho stopping robustness; exact rho used only for retrospective regret
n12_d75_s42,12,0.25,148,0.08935546875,1.1,0.098291015625,0.001,4.0,1,1,0,0.5876505402550166,6.0,0.09794175670916944,0.09794175670916944,1.0,estimated-rho stopping robustness; exact rho used only for retrospective regret
n12_d75_s42,12,0.25,148,0.08935546875,1.25,0.1116943359375,0.001,4.0,1,1,0,0.5876505402550166,6.0,0.09794175670916944,0.09794175670916944,1.0,estimated-rho stopping robustness; exact rho used only for retrospective regret
n12_d75_s42,12,0.25,148,0.08935546875,1.5,0.134033203125,0.001,4.0,0,1,-1,0.08671461554657081,1.0,0.08671461554657081,0.09794175670916944,0.8853692077840021,estimated-rho stopping robustness; exact rho used only for retrospective regret
n12_d75_s42,12,0.4,161,0.01318359375,0.5,0.006591796875,0.0,1.0,7,5,2,0.9760726991090525,15.0,0.06507151327393683,0.08271198193662904,0.7867241450433662,estimated-rho stopping robustness; exact rho used only for retrospective regret
n12_d75_s42,12,0.4,161,0.01318359375,0.75,0.0098876953125,0.0,1.0,5,5,0,0.9098318013029195,11.0,0.08271198193662904,0.08271198193662904,1.0,estimated-rho stopping robustness; exact rho used only for retrospective regret
n12_d75_s42,12,0.4,161,0.01318359375,0.9,0.011865234375,0.0,1.0,5,5,0,0.9098318013029195,11.0,0.08271198193662904,0.08271198193662904,1.0,estimated-rho stopping robustness; exact rho used only for retrospective regret
n12_d75_s42,12,0.4,161,0.01318359375,1.0,0.01318359375,0.0,1.0,5,5,0,0.9098318013029195,11.0,0.08271198193662904,0.08271198193662904,1.0,estimated-rho stopping robustness; exact rho used only for retrospective regret
n12_d75_s42,12,0.4,161,0.01318359375,1.1,0.014501953125000001,0.0,1.0,4,5,-1,0.7399448617527202,9.0,0.08221609575030225,0.08271198193662904,0.9940046632335964,estimated-rho stopping robustness; exact rho used only for retrospective regret
n12_d75_s42,12,0.4,161,0.01318359375,1.25,0.0164794921875,0.0,1.0,4,5,-1,0.7399448617527202,9.0,0.08221609575030225,0.08271198193662904,0.9940046632335964,estimated-rho stopping robustness; exact rho used only for retrospective regret
n12_d75_s42,12,0.4,161,0.01318359375,1.5,0.019775390625,0.0,1.0,4,5,-1,0.7399448617527202,9.0,0.08221609575030225,0.08271198193662904,0.9940046632335964,estimated-rho stopping robustness; exact rho used only for retrospective regret
n12_d75_s42,12,0.4,161,0.01318359375,0.5,0.006591796875,0.0,4.0,7,4,3,0.9760726991090525,36.0,0.027113130530807012,0.03523546960727239,0.7694840123604035,estimated-rho stopping robustness; exact rho used only for retrospective regret
n12_d75_s42,12,0.4,161,0.01318359375,0.75,0.0098876953125,0.0,4.0,5,4,1,0.9098318013029195,26.0,0.03499353081934306,0.03523546960727239,0.9931336579127246,estimated-rho stopping robustness; exact rho used only for retrospective regret
n12_d75_s42,12,0.4,161,0.01318359375,0.9,0.011865234375,0.0,4.0,5,4,1,0.9098318013029195,26.0,0.03499353081934306,0.03523546960727239,0.9931336579127246,estimated-rho stopping robustness; exact rho used only for retrospective regret
n12_d75_s42,12,0.4,161,0.01318359375,1.0,0.01318359375,0.0,4.0,4,4,0,0.7399448617527202,21.0,0.03523546960727239,0.03523546960727239,1.0,estimated-rho stopping robustness; exact rho used only for retrospective regret
n12_d75_s42,12,0.4,161,0.01318359375,1.1,0.014501953125000001,0.0,4.0,4,4,0,0.7399448617527202,21.0,0.03523546960727239,0.03523546960727239,1.0,estimated-rho stopping robustness; exact rho used only for retrospective regret
n12_d75_s42,12,0.4,161,0.01318359375,1.25,0.0164794921875,0.0,4.0,4,4,0,0.7399448617527202,21.0,0.03523546960727239,0.03523546960727239,1.0,estimated-rho stopping robustness; exact rho used only for retrospective regret
n12_d75_s42,12,0.4,161,0.01318359375,1.5,0.019775390625,0.0,4.0,3,4,-1,0.5201118190254098,16.0,0.032506988689088114,0.03523546960727239,0.9225643662878518,estimated-rho stopping robustness; exact rho used only for retrospective regret
n12_d75_s42,12,0.4,161,0.01318359375,0.5,0.006591796875,0.001,1.0,6,4,2,0.806052717205825,13.0,0.06200405516967885,0.07076404940281145,0.8762084093963034,estimated-rho stopping robustness; exact rho used only for retrospective regret
n12_d75_s42,12,0.4,161,0.01318359375,0.75,0.0098876953125,0.001,1.0,5,4,1,0.759955401022988,11.0,0.06908685463845345,0.07076404940281145,0.9762987734801485,estimated-rho stopping robustness; exact rho used only for retrospective regret
n12_d75_s42,12,0.4,161,0.01318359375,0.9,0.011865234375,0.001,1.0,4,4,0,0.636876444625303,9.0,0.07076404940281145,0.07076404940281145,1.0,estimated-rho stopping robustness; exact rho used only for retrospective regret
n12_d75_s42,12,0.4,161,0.01318359375,1.0,0.01318359375,0.001,1.0,4,4,0,0.636876444625303,9.0,0.07076404940281145,0.07076404940281145,1.0,estimated-rho stopping robustness; exact rho used only for retrospective regret
n12_d75_s42,12,0.4,161,0.01318359375,1.1,0.014501953125000001,0.001,1.0,4,4,0,0.636876444625303,9.0,0.07076404940281145,0.07076404940281145,1.0,estimated-rho stopping robustness; exact rho used only for retrospective regret
n12_d75_s42,12,0.4,161,0.01318359375,1.25,0.0164794921875,0.001,1.0,4,4,0,0.636876444625303,9.0,0.07076404940281145,0.07076404940281145,1.0,estimated-rho stopping robustness; exact rho used only for retrospective regret
n12_d75_s42,12,0.4,161,0.01318359375,1.5,0.019775390625,0.001,1.0,3,4,-1,0.46129780167177165,7.0,0.06589968595311023,0.07076404940281145,0.9312593966745499,estimated-rho stopping robustness; exact rho used only for retrospective regret
n12_d75_s42,12,0.4,161,0.01318359375,0.5,0.006591796875,0.001,4.0,6,4,2,0.806052717205825,31.0,0.026001700555026614,0.030327449744062047,0.8573652177963829,estimated-rho stopping robustness; exact rho used only for retrospective regret
n12_d75_s42,12,0.4,161,0.01318359375,0.75,0.0098876953125,0.001,4.0,5,4,1,0.759955401022988,26.0,0.029229053885499536,0.030327449744062047,0.9637821225380954,estimated-rho stopping robustness; exact rho used only for retrospective regret
n12_d75_s42,12,0.4,161,0.01318359375,0.9,0.011865234375,0.001,4.0,4,4,0,0.636876444625303,21.0,0.030327449744062047,0.030327449744062047,1.0,estimated-rho stopping robustness; exact rho used only for retrospective regret
n12_d75_s42,12,0.4,161,0.01318359375,1.0,0.01318359375,0.001,4.0,4,4,0,0.636876444625303,21.0,0.030327449744062047,0.030327449744062047,1.0,estimated-rho stopping robustness; exact rho used only for retrospective regret
n12_d75_s42,12,0.4,161,0.01318359375,1.1,0.014501953125000001,0.001,4.0,4,4,0,0.636876444625303,21.0,0.030327449744062047,0.030327449744062047,1.0,estimated-rho stopping robustness; exact rho used only for retrospective regret
n12_d75_s42,12,0.4,161,0.01318359375,1.25,0.0164794921875,0.001,4.0,4,4,0,0.636876444625303,21.0,0.030327449744062047,0.030327449744062047,1.0,estimated-rho stopping robustness; exact rho used only for retrospective regret
n12_d75_s42,12,0.4,161,0.01318359375,1.5,0.019775390625,0.001,4.0,3,4,-1,0.46129780167177165,16.0,0.028831112604485728,0.030327449744062047,0.9506606341052698,estimated-rho stopping robustness; exact rho used only for retrospective regret
n12_d75_s42,12,0.55,175,0.00048828125,0.5,0.000244140625,0.0,1.0,37,26,11,0.9925157062470987,75.0,0.013233542749961316,0.016012682256077555,0.8264413505700191,estimated-rho stopping robustness; exact rho used only for retrospective regret
n12_d75_s42,12,0.55,175,0.00048828125,0.75,0.0003662109375,0.0,1.0,30,26,4,0.9511914966820404,61.0,0.015593303224295745,0.016012682256077555,0.9738095701222925,estimated-rho stopping robustness; exact rho used only for retrospective regret
n12_d75_s42,12,0.55,175,0.00048828125,0.9,0.000439453125,0.0,1.0,27,26,1,0.8789477320457696,55.0,0.01598086785537763,0.016012682256077555,0.9980131747953812,estimated-rho stopping robustness; exact rho used only for retrospective regret
n12_d75_s42,12,0.55,175,0.00048828125,1.0,0.00048828125,0.0,1.0,26,26,0,0.8486721595721104,53.0,0.016012682256077555,0.016012682256077555,1.0,estimated-rho stopping robustness; exact rho used only for retrospective regret
n12_d75_s42,12,0.55,175,0.00048828125,1.1,0.000537109375,0.0,1.0,25,26,-1,0.8156739159305277,51.0,0.01599360619471623,0.016012682256077555,0.9988086904457193,estimated-rho stopping robustness; exact rho used only for retrospective regret
n12_d75_s42,12,0.55,175,0.00048828125,1.25,0.0006103515625,0.0,1.0,23,26,-3,0.7425593551398973,47.0,0.015799135215742496,0.016012682256077555,0.9866638807340345,estimated-rho stopping robustness; exact rho used only for retrospective regret
n12_d75_s42,12,0.55,175,0.00048828125,1.5,0.000732421875,0.0,1.0,21,26,-5,0.6618833058571869,43.0,0.01539263501993458,0.016012682256077555,0.9612777405916714,estimated-rho stopping robustness; exact rho used only for retrospective regret
n12_d75_s42,12,0.55,175,0.00048828125,0.5,0.000244140625,0.0,4.0,37,26,11,0.9925157062470987,186.0,0.005336105947565047,0.006478413431848171,0.8236748092260539,estimated-rho stopping robustness; exact rho used only for retrospective regret
n12_d75_s42,12,0.55,175,0.00048828125,0.75,0.0003662109375,0.0,4.0,30,26,4,0.9511914966820404,151.0,0.0062992814349804,0.006478413431848171,0.9723494033296564,estimated-rho stopping robustness; exact rho used only for retrospective regret
n12_d75_s42,12,0.55,175,0.00048828125,0.9,0.000439453125,0.0,4.0,27,26,1,0.8789477320457696,136.0,0.006462850970924776,0.006478413431848171,0.9975977975028749,estimated-rho stopping robustness; exact rho used only for retrospective regret
n12_d75_s42,12,0.55,175,0.00048828125,1.0,0.00048828125,0.0,4.0,26,26,0,0.8486721595721104,131.0,0.006478413431848171,0.006478413431848171,1.0,estimated-rho stopping robustness; exact rho used only for retrospective regret
n12_d75_s42,12,0.55,175,0.00048828125,1.1,0.000537109375,0.0,4.0,25,26,-1,0.8156739159305277,126.0,0.006473602507385141,0.006478413431848171,0.9992573915645181,estimated-rho stopping robustness; exact rho used only for retrospective regret
n12_d75_s42,12,0.55,175,0.00048828125,1.25,0.0006103515625,0.0,4.0,23,26,-3,0.7425593551398973,116.0,0.006401373751206012,0.006478413431848171,0.9881082488092797,estimated-rho stopping robustness; exact rho used only for retrospective regret
n12_d75_s42,12,0.55,175,0.00048828125,1.5,0.000732421875,0.0,4.0,21,26,-5,0.6618833058571869,106.0,0.006244182130728178,0.006478413431848171,0.963844341892646,estimated-rho stopping robustness; exact rho used only for retrospective regret
n12_d75_s42,12,0.55,175,0.00048828125,0.5,0.000244140625,0.001,1.0,22,18,4,0.3526149818592986,45.0,0.007835888485762192,0.008134979868891133,0.9632339123207062,estimated-rho stopping robustness; exact rho used only for retrospective regret
n12_d75_s42,12,0.55,175,0.00048828125,0.75,0.0003662109375,0.001,1.0,19,18,1,0.31620372075212755,39.0,0.008107787711593014,0.008134979868891133,0.9966573786614882,estimated-rho stopping robustness; exact rho used only for retrospective regret
n12_d75_s42,12,0.55,175,0.00048828125,0.9,0.000439453125,0.001,1.0,18,18,0,0.30099425514897193,37.0,0.008134979868891133,0.008134979868891133,1.0,estimated-rho stopping robustness; exact rho used only for retrospective regret
n12_d75_s42,12,0.55,175,0.00048828125,1.0,0.00048828125,0.001,1.0,18,18,0,0.30099425514897193,37.0,0.008134979868891133,0.008134979868891133,1.0,estimated-rho stopping robustness; exact rho used only for retrospective regret
n12_d75_s42,12,0.55,175,0.00048828125,1.1,0.000537109375,0.001,1.0,17,18,-1,0.2844184230113768,35.0,0.00812624065746791,0.008134979868891133,0.9989257242717167,estimated-rho stopping robustness; exact rho used only for retrospective regret
n12_d75_s42,12,0.55,175,0.00048828125,1.25,0.0006103515625,0.001,1.0,16,18,-2,0.266609775678625,33.0,0.008079084111473483,0.008134979868891133,0.9931289618021798,estimated-rho stopping robustness; exact rho used only for retrospective regret
n12_d75_s42,12,0.55,175,0.00048828125,1.5,0.000732421875,0.001,1.0,15,18,-3,0.2477232963395964,31.0,0.00799107407547085,0.008134979868891133,0.9823102459084637,estimated-rho stopping robustness; exact rho used only for retrospective regret
n12_d75_s42,12,0.55,175,0.00048828125,0.5,0.000244140625,0.001,4.0,22,18,4,0.3526149818592986,111.0,0.0031767115482819698,0.00330762917746123,0.9604194962145829,estimated-rho stopping robustness; exact rho used only for retrospective regret
n12_d75_s42,12,0.55,175,0.00048828125,0.75,0.0003662109375,0.001,4.0,19,18,1,0.31620372075212755,96.0,0.003293788757834662,0.00330762917746123,0.995815607226808,estimated-rho stopping robustness; exact rho used only for retrospective regret
n12_d75_s42,12,0.55,175,0.00048828125,0.9,0.000439453125,0.001,4.0,18,18,0,0.30099425514897193,91.0,0.00330762917746123,0.00330762917746123,1.0,estimated-rho stopping robustness; exact rho used only for retrospective regret
n12_d75_s42,12,0.55,175,0.00048828125,1.0,0.00048828125,0.001,4.0,18,18,0,0.30099425514897193,91.0,0.00330762917746123,0.00330762917746123,1.0,estimated-rho stopping robustness; exact rho used only for retrospective regret
n12_d75_s42,12,0.55,175,0.00048828125,1.1,0.000537109375,0.001,4.0,17,18,-1,0.2844184230113768,86.0,0.0033071909652485675,0.00330762917746123,0.9998675147094334,estimated-rho stopping robustness; exact rho used only for retrospective regret
n12_d75_s42,12,0.55,175,0.00048828125,1.25,0.0006103515625,0.001,4.0,16,18,-2,0.266609775678625,81.0,0.00329147871208179,0.00330762917746123,0.9951172079719539,estimated-rho stopping robustness; exact rho used only for retrospective regret
n12_d75_s42,12,0.55,175,0.00048828125,1.5,0.000732421875,0.001,4.0,15,18,-3,0.2477232963395964,76.0,0.0032595170570999523,0.00330762917746123,0.9854541976201195,estimated-rho stopping robustness; exact rho used only for retrospective regret
